track_id,key,explanation
10,F# major,"The chord sequence is dominated by the F# major, B major, and C# major chords, which function as the I, IV, and V chords in the key of F# major. The chroma profile, with strong activations on F#, C#, and A#, is consistent with the tonic triad and the scale degrees of F# major."
141,F major,"The chord sequence primarily utilizes F major, Bb major, G minor, and D minor, which are all diatonic to the key of F major. The frequent return to F major as the tonic, combined with the harmonic context, confirms F major as the key."
153,C major,"The chord sequence is highly chromatic and moves through various major chords (C#, C, A, F, Ab) without a clear functional progression. Given the lack of a strong tonal center and the presence of C major, it is selected as the representative key."
173,E major,"The chord sequence is centered around E major, utilizing B major and F# major, which function as dominant and secondary dominant (V/V) chords, respectively. The occurrence of Ab major, which is enharmonically G# major, functions as a chromatic major III chord, a common feature in E major tonality. The chroma activations, showing strong presence of G# and F#, further support E major."
181,F# major,"The chord sequence relies heavily on chords diatonic to F# major, including F# major, B major, C# major, Ab minor, and Eb minor. The chroma activations also show peak values for notes corresponding to the F# major scale, such as F#, A#, C#, and B, reinforcing this key."
184,Bb major,"The harmonic progression is anchored by frequent returns to the Bb major chord, and the sequence (Bb-F-Fm7-Eb) strongly establishes Bb as the tonic. The chroma data reinforces this, showing strong activations for Bb, F, and Eb, all of which are primary notes in the key of Bb major."
213,D major,"The chord sequence is dominated by the D major chord, with supporting chords G major and B minor, which function as the IV and vi chords in the key of D major. The chroma profile further reinforces this by showing significant activations for D, F#, A, and B, which are all part of the D major scale."
251,A major,"The chord sequence is dominated by A major, D major, and E major, which is a textbook I-IV-V progression in the key of A Major. The chroma activations further support this, with strong presence of A, E, and the leading tone G#."
331,A major,"The chord sequence is heavily centered on an A tonic, with repeated A:maj chords and a sustained A:7 chord. The presence of G# in the chroma data also strongly supports A major as the key."
347,A minor,"The song consists almost entirely of alternating A minor and E minor chords, which functions as a i-v progression in the key of A minor. The chroma profile further supports this with high activations for A and E, consistent with the notes in the A minor scale."
384,Ab major,"The chord sequence is almost entirely composed of Ab major and Eb major, which are the I and V chords in the key of Ab major. The chroma activations support this tonal center with significant peaks at G# (enharmonic to Ab) and D# (enharmonic to Eb)."
411,G major,"The chord sequence is heavily dominated by the G major chord, which persists for the majority of the analyzed duration. The presence of F major and E minor chords is consistent with the G major or G Mixolydian scale, and the chroma activations strongly support G as the tonal center."
532,Eb minor,"The chord progression is anchored by Eb minor and includes chords like Ab major, F# major, and C# major, which function within the Eb minor harmonic context (treating F# and C# as enharmonic equivalents of Gb and Db). The chroma activations are consistent with the notes in the Eb minor scale, confirming this tonal center."
533,C minor,"The frequent repetition of C minor, F minor, and G minor strongly suggests a key center of C minor. The harmonic structure centers around these chords, and the final C major chord acts as a resolution to the minor tonic."
534,Bb major,"The song prominently features Bb major chords and shows high chroma activations for Bb and Ab. Although there are chromatic elements like Ab minor and D major, these function as borrowed or secondary chords within the key of Bb major."
535,Bb major,"The chord progression ending with F major to Bb major indicates a strong V-I cadence in Bb major. This is further supported by the chroma activations, which show significant intensity for A#/Bb and C, both key notes in the Bb major scale."
536,B major,"The chroma activations are heavily weighted towards B, A#, and G#, which are the tonic, leading tone, and major sixth of the B major scale. Additionally, the single identified chord, E:maj/5, functions as the IV chord in the key of B major."
538,Ab major,"The chord progression is dominated by Ab major and Bb major, which are the I and II chords in the key of Ab major. The chroma activations further support this, showing significant weight on notes Ab, Bb, C, and Eb, which correspond to the tonic, second, third, and fifth of the Ab major scale."
540,Ab major,"While the chord sequence begins with a progression suggestive of C major, it modulates and concludes with a cadence in Ab major (Ab:maj, Bb:min, Eb:maj). The chroma activations align well with the Ab major scale, showing significant prominence in C (the major third), C#/Db (the fourth), and G#/Ab (the tonic)."
542,B major,"Due to the absence of chord information, the key was determined by the chroma activations. The strong presence of B and A# suggests B major as the most likely tonic and scale."
546,Ab major,"The chord sequence primarily features Ab major, with the other chords, C# major (IV) and Bb minor (ii), being diatonic to the key of Ab major. The chroma activations corroborate this by showing a strong presence of G#/Ab, which is the tonic."
547,C major,"The chord progression is heavily anchored around C major, which appears for a significant portion of the duration and frames the beginning and end of the sequence. The other chords, such as F major and G major, function within the key of C, while the Ab major chords provide chromatic movement often associated with modal mixture or flat-VI substitutions in a C major tonal center."
549,D major,"The chord sequence consistently features D major as a structural anchor, utilizing D major and G major chords. Although there is an initial unrecognized section and some chromaticism, the harmonic movement is most consistent with a D major key center."
564,C major,"The chord sequence is heavily dominated by C major, which appears for the vast majority of the song's duration. Despite a brief section of C minor, the primary harmonic center and the strong chroma activation for the note C indicate that C major is the correct key."
565,A major,"The chord sequence consists primarily of alternating E and A major chords, which frequently function as a V-I cadence in A major. The inclusion of a D major chord, serving as the IV chord, further establishes A major as the tonic."
566,C major,"The chord sequence is heavily centered on C, with frequent use of C major and F major chords, establishing a strong I-IV harmonic relationship characteristic of the key of C major. The presence of C minor and C minor7 chords indicates modal mixture common in this style, and the chroma profile confirms C as the dominant tonal center."
567,Bb major,"The chord progression is heavily centered around the Bb major chord, which functions as the tonic, and frequently uses the Eb major chord as the subdominant, strongly indicating the key of Bb major. While the chroma profile shows a high value for B, the chord sequence is unambiguously rooted in Bb major."
569,F# major,"The chord progression is dominated by E, B, and F# chords, with the F# chord being held for a significant duration at the end. The chroma activations show a very strong emphasis on F#, suggesting it is the tonic, likely within the F# Mixolydian mode."
570,A major,"The chord sequence is dominated by the A major chord, which suggests A as the tonic. The use of D major (the subdominant) as a secondary chord and the chroma profile, particularly the strong presence of A and the leading tone G#, point clearly to the key of A major."
571,F# major,"The chord sequence is heavily dominated by the F# major chord, which appears consistently throughout the majority of the duration. Other chords, such as F major and A major, appear to be chromatic or non-functional colorations, and the chroma activations show significant activity in the notes corresponding to the F# major scale, confirming this as the tonal center."
572,E major,"The chord sequence primarily consists of E major, A major, and D major chords, with E major appearing most frequently and for the longest durations throughout the song. This strong emphasis on the E major chord establishes it as the tonal center, consistent with the use of the I, IV, and bVII chords in the key of E major."
573,G minor,"The harmony is consistently dominated by alternating G minor and Eb major chords, establishing G as the tonic. The chroma data further supports this with strong activations for G, Bb, and D# (Eb), which are essential components of the G minor scale."
574,Ab major,"The Ab major chord appears repeatedly throughout the sequence, serving as the central tonal anchor. The chroma activations further support this by showing strong peaks for G# (Ab) and its fifth, D# (Eb)."
579,E major,"The chord progression exclusively oscillates between E major and A major, which functions as a I-IV relationship in the key of E major. The chroma profile, which highlights E and A as the most frequent notes, further supports E as the tonic."
580,A major,"The chord sequence is dominated by the tonic A chord (both major and minor) and frequently cycles through C major and G major, which are common borrowed chords in an A Mixolydian or blues-rock context. The presence of the E major chord provides a strong dominant (V) function, reinforcing A as the tonal center."
608,D major,"The chord sequence is heavily dominated by D major chords, which account for the vast majority of the duration. This, along with the prominence of the note A in the chroma activations, strongly points to D major as the tonic key."
610,Bb major,"The chord sequence primarily revolves around Bb major, G minor, and Eb major chords, all of which are diatonic to the key of Bb major. The frequent use of D major acts as a secondary dominant to the vi chord (G minor), which is a common harmonic device in this key."
611,C major,"The harmonic progression is clearly anchored in C major, characterized by the frequent repetition of the C major tonic chord and its dominant, the G major chord. The inclusion of the A minor chord, which functions as the vi chord in the key of C major, provides further confirmation of the tonal center."
612,G major,"The harmonic sequence is dominated by G major and E minor chords, pointing strongly towards G major as the tonal center. This is corroborated by the chroma profile, which shows the highest activations for G, D, and F#, all of which are primary notes in the G major scale."
625,C major,"The chord sequence consists primarily of C major and F major chords, with occasional use of D minor and A minor, which are all diatonic to the C major scale. The chroma analysis strongly supports this as well, showing C as the most prominent pitch class, followed by F and G, which function as the subdominant and dominant chords within the key of C major."
634,E major,"The chord sequence is dominated by the E major chord, which appears frequently and has the longest duration, establishing it as the tonic. The alternating use of A minor functions as the iv chord in E major, and the strong E chroma activation further reinforces E major as the tonal center."
670,C# minor,"The chord sequence centers around C# minor as the primary tonic, reinforced by the recurring use of the VI (A major) and VII (B major) chords. The chroma activations further support this, showing significant presence of the notes C#, E, and B, which define the C# minor tonality."
671,C# minor,"The chord sequence is primarily composed of C# minor, B major, and A major, which function as the i, VII, and VI chords in the key of C# minor. The consistent repetition of these chords establishes C# minor as the clear tonal center."
678,C# minor,"The song is dominated by a repeated alternation between Ab:min7 and C#:min7 chords. These chords function as the v7 and i7 within the key of C# minor, and the chroma activations show significant strength in the notes C# and G#."
679,C# minor,"The harmonic progression is dominated by a repeated cycle between Ab minor 7 and C# minor 7 chords, which function as a v-i cadence in C# minor. The chroma activations further support this, with prominent peaks at C#, E, F#, and G#, all of which are consistent with the C# minor scale."
692,G major,"The harmonic progression is highly chromatic, frequently cycling through major chords, but it consistently emphasizes G major as a cadence point, particularly in the final measures. The chroma activation confirms this, with G having the highest peak, supporting G major as the tonic."
705,D major,"The chord progression is built entirely from the D major scale, featuring frequent occurrences of the ii (E minor), V (A major), I (D major), and vi (B minor) chords. This functional harmony is strongly supported by the chroma activations, which show significant prominence on notes belonging to the D major scale, such as F#, A, E, and D."
706,F minor,"The chord progression consistently centers on F minor, which is the most frequent chord and serves as the clear harmonic tonic. The accompaniment chords, including Bb major, Eb major, Ab major, and C minor, are all diatonic to the F minor scale, confirming the key."
708,G major,"The harmonic progression is dominated by G major, C major, and D major, which function as the tonic, subdominant, and dominant chords in the key of G major. The repeated emphasis on these chords, along with the chroma activations supporting the notes of the G major scale, confirms G major as the key."
805,B major,"The song is centered on B major, which is the most frequent chord and functions as the tonic. The use of A major (bVII) and C major (bII) suggests a rock-oriented progression with chromatic neighbor chords. This analysis is supported by the high chroma activations for B and A# (the leading tone in B major)."
814,C# minor,"The chord sequence is dominated by a repeated progression of C# minor, B major, and F# major, which strongly indicates C# minor as the tonic. This is supported by the chroma profile, where C# is the most prominent pitch, and the other chords fit within or borrow from the C# minor tonality."
1007,D major,"The harmony is centered on D, with D major and D minor chords accounting for the vast majority of the duration. The chroma profile reinforces D as the tonic with strong activations on D and A."
1014,C major,"The chord sequence is overwhelmingly dominated by the C major chord, which accounts for the vast majority of the duration. The chroma activation profile also shows a clear, primary peak at C, confirming it as the tonal center."
1015,F major,"The sequence is heavily centered on F major, which is the most frequent and longest-lasting chord. Other chords such as Bb major, Eb major, and Ab major are common harmonic accompaniments in this context, fitting well within the key of F major."
1016,C# minor,"The harmonic progression is heavily dominated by C# minor and C# major chords, with E major serving as a frequent relative major chord. This concentration around C# and the inclusion of E in both the chords and the chroma activations strongly points to C# minor as the key."
1017,F major,"The chord progression is dominated by F, Bb, and C, which function as the I, IV, and V chords in the key of F major. The chroma activations show strong presence of F, Bb (labeled as A#), and C, which further supports F major as the tonal center."
1042,G major,"The chord sequence is heavily centered on G major, with G:maj appearing for the majority of the duration and D:maj serving as a strong V chord. The chroma activations are also consistent with the G major scale, reinforcing G as the tonic."
1044,D major,"The chord sequence identifies a D major chord, which serves as the primary harmonic indicator. Although the chroma activations are somewhat dispersed, they show significant activity on notes consistent with the D major scale, such as A, B, and C#."
1045,A minor,"In the absence of chord information, the chroma activations provide the best evidence. The highest activations are centered around A, G#, and G, which strongly suggest the tonic (A) along with both the harmonic minor leading tone (G#) and the natural minor seventh (G)."
1046,Ab major,"As the chord data was not provided, the key was inferred from the chroma activations. The prominent G# (Ab) peak strongly suggests this pitch as the tonic, and the chroma profile aligns more closely with the notes of the Ab major scale than other possibilities."
1049,C major,"The chord sequence is heavily dominated by C major, which serves as the tonic, with F major appearing as a functional subdominant. The occasional C minor chord and chromaticism do not shift the tonal center away from C major."
1050,E minor,"The chord sequence oscillates predominantly between E minor and C major. This i-VI progression, with E minor receiving the most duration, strongly identifies the key as E minor."
1073,G minor,"The chord progression is dominated by the interaction between the D7 chord (acting as the dominant) and the G minor chords, which strongly suggests G minor as the home key. While the sequence concludes on a sustained D7, the functional harmonic motion throughout the passage centers on G minor."
1076,B minor,"The chord sequence is heavily dominated by B minor, which appears for the vast majority of the track's duration. The chroma activations confirm this, showing a strong emphasis on B, along with D (the minor third) and F# (the perfect fifth)."
1083,C minor,"The chord sequence is dominated by the C minor chord for the vast majority of the duration, which is the strongest indicator of the tonal center. While the chroma activations are somewhat unusual, the explicit chord recognition of C minor clearly establishes it as the tonic."
1085,A minor,"The chord sequence consists entirely of an oscillation between A minor and D minor chords, strongly suggesting A minor as the tonic. The chroma activations show significant presence of A, C, and D, which are consistent with this analysis, and the progression begins and continues to alternate between these two chords."
1086,E major,"The chord sequence is dominated by an E major chord for the majority of the duration, and the chroma activations show E and B as the most prominent pitches. This strongly indicates E major as the tonal center."
1088,B minor,"The chord sequence consistently rotates between E major, B minor, and A major, which functions as a IV-i-VII progression. This harmonic pattern is characteristic of the B Dorian mode, which indicates B minor as the key."
1091,A minor,"The chord sequence consists of repeated alternations between A minor and D major, which is characteristic of the A Dorian mode. While an A major chord appears late in the sequence, the harmonic structure remains primarily centered around A minor."
1116,B major,"The song predominantly alternates between Eb major (enharmonically D# major) and B major, with the progression frequently returning to and ending on B major, which functions as the tonic. The chroma activations are consistent with this, showing strong peaks for B, F#, and A#, all of which are primary notes in the B major scale."
1133,G minor,"The song predominantly alternates between G minor and Eb major chords, establishing G minor as the clear tonal center. The inclusion of D major chords (functioning as the dominant) and the frequent occurrences of G minor chords further confirm G minor as the key."
1156,E major,"The harmonic progression is primarily composed of E major and A major, which firmly establishes E as the tonic. The additional use of D major and G major is characteristic of blues-influenced rock in the key of E major."
1157,E major,"The chord sequence is heavily centered on E major and B major, which are the tonic and dominant chords in the key of E major. The chroma profile further supports this with significant activations for B, F#, and E, aligning well with the E major scale."
1159,G major,"The chord sequence primarily oscillates between G major and C major, with G major acting as the stable tonal center. The chroma activations show high values for G and B, consistent with the G major triad, and the inclusion of A major serves as a common secondary dominant (V/V) in the key of G major."
1160,E major,"The song features a highly chromatic, repetitive chord progression that centers around E major, which is the most frequent chord throughout the sequence. The presence of D# in the chroma activations further supports E major as the tonal center, despite the non-functional and chromatic nature of the progression."
1161,E minor,"The chord sequence is dominated by E minor, which appears for the majority of the duration. The chroma activation data also strongly supports E as the tonal center, with high values for both E and its perfect fifth, B."
1162,E major,"The chord sequence revolves around E major, B major, and C# minor, which are central to the key of E major, often following a I-vi-II-V-I harmonic pattern. The chroma activations reinforce this analysis, showing high peaks on the notes E, B, and F#, all of which are essential components of the E major scale."
1163,E minor,"The chord sequence relies heavily on E minor, D major, and C major, which is a classic diatonic progression in the key of E minor (i-VII-VI). While the occasional A major chord introduces a chromatic element, it functions well within this harmonic context, and the consistent resolution and prominent chroma activations of E, G, B, and D reinforce E minor as the tonic."
1165,C major,"The song is centered on C major, which is the most frequent and long-lasting chord throughout the sequence. The surrounding chords, such as A minor, D minor, and F major, are diatonic to C major, while the occasional Eb major and D major chords function as chromatic embellishments within the progression."
1167,C minor,"The song alternates between C minor and Eb major, which are closely related chords (the latter being the relative major). Given the high chroma activation for C and the frequent use of C minor as a chord, C minor is the most likely tonal center."
1168,A minor,"The chord sequence consistently alternates between A minor and C major, which are relative keys. The chroma profile is dominated by A, C, and E, the notes of the A minor triad, supporting A minor as the tonic."
1170,C major,"The chord sequence is overwhelmingly dominated by the C major chord, which appears for the vast majority of the track. The brief G major chord towards the end suggests a standard tonic-dominant relationship, confirming C major as the tonal center."
1171,D major,"The chord progression frequently centers around the D major chord, making it the clear tonic. The inclusion of chords like C major and E major, combined with the high chroma activation for C and E, suggests a D mixolydian tonality within the key of D major."
1172,A major,"The chord progression is dominated by A major, G major, and D major chords, which are characteristic of A major or A Mixolydian tonality. The prolonged use of the A major chord and the chroma data, with A as the most significant activation, reinforce A major as the tonic."
1173,D major,"The sequence is defined by the frequent alternation between D major and F# minor chords, which function as the I and iii chords in the key of D major. The significant duration of the D major chord suggests it is the tonal center of the passage."
1174,F# minor,"The chord sequence consists almost entirely of an F# minor chord, and the chroma features show a significant peak at F#, strongly indicating F# minor as the key."
1175,A major,"The chroma activations show strong peaks at A and G#, which are central to the A major scale. While the chord sequence includes an A minor chord, this is frequently used as a modal borrowing, and the presence of D major and C# major is consistent with the key of A major."
1177,C# minor,"The chord sequence consists almost exclusively of C# minor and E major chords, which are the tonic and relative major in the key of C# minor. The high chroma activations for C#, G#, and E strongly support the C# minor triad as the harmonic center."
1179,D major,"The chord sequence consists primarily of D, G, and A major chords, which represent the I, IV, and V chords in the key of D major. This identification is further supported by the chroma activations, which show the highest levels for the notes D, A, and G, all of which are prominent in the key of D major."
1181,D major,"The chord sequence consists almost entirely of D major, G major, and A major, which correspond to the I, IV, and V chords in the key of D major. This is strongly reinforced by the chroma activations, which show the highest peaks at D, G, A, and C#."
1182,A major,"The chord sequence is dominated by frequent A major and E major chords, establishing A as the tonic. The inclusion of G major and E minor chords is consistent with the use of the Mixolydian mode or blues-inflected rock harmony common in the key of A major."
1183,E major,"The chord sequence is dominated by E major, with frequent appearances of A major and B major, which are the I, IV, and V chords in the key of E major. The chroma profile further supports this with high activations for the tonic E and dominant B."
1186,A minor,"The chord sequence is dominated by A:min, D:min, F:maj, and G:maj, which clearly establish A minor as the tonic. The progression utilizes chords diatonic to A natural minor, and the chroma activations, showing strong presence of A, D, F, and G, provide additional confirmation."
1187,A minor,"The chord sequence is heavily anchored around A minor, which appears most frequently and acts as the tonal center. The sequence of chords (Am, B7, C, Dm, Em, Am, F) is consistent with the A minor scale and its related harmonies."
1189,F# minor,"The song is dominated by the F# minor chord, alternating frequently with its relative major, A major. This harmonic pattern, combined with the high chroma activations for F# and A, strongly points to F# minor as the tonal center."
1190,E minor,"The chord sequence is dominated by E major and ends with a long duration of E minor, establishing E as the tonal center. The chroma vector strongly supports this with a prominent E pitch activation."
1191,F major,"The chord sequence is dominated by F major, with C major serving as a functional dominant, which strongly indicates the key of F major. The chroma profile further supports this, showing high activations for F, C, and E, which are core notes within the F major scale."
1192,C minor,"The harmony is centered on C minor, as indicated by the frequent appearance of C minor chords, their long duration, and the usage of G major (the dominant) and Ab major (the submediant). The chroma activations support this, with strong peaks at C, G, and B, which are the tonic, dominant, and leading tone of the C minor scale, respectively."
1193,Ab major,"The chord progression is centered around the frequent use of Ab major and Eb major, which function as the I and V chords in the key of Ab major. The presence of the C# minor chord as a borrowed minor iv chord is also common in this key, further supporting Ab major as the tonic."
1194,A minor,"The chord progression is dominated by repeated alternations between A minor and E minor, which function as the i and v chords in the key of A minor. The chroma activations are also consistent with this, showing significant concentrations on the notes A, C, and E."
1198,D minor,"The harmony is centered on D, with D minor and D major chords appearing frequently alongside C major. Given the prominence of D minor chords throughout the track, D minor is the most suitable key."
1199,Eb minor,"The chord sequence is dominated by Eb minor, which acts as the tonic, and features chords that fit perfectly within the Eb minor scale, such as Bb minor (v), F# major (III), C# major (VII), and Ab major (IV). The chroma activations strongly support this as well, showing high intensity for the notes within the Eb minor scale while showing low intensity for notes outside of it."
1219,C major,"The song is dominated by a single C major chord for nearly its entire duration. This is strongly supported by the chroma activations, which show significant peaks at C and G, representing the root and fifth of the C major triad."
1231,E major,"The chord sequence is heavily dominated by E major and E7 chords, establishing E as the clear tonic. This harmonic analysis is strongly supported by the chroma activations, which show the highest values for the notes E, G#, and B, which form the E major triad."
1232,F# major,"The chord sequence consists primarily of oscillations between F# major and C# major, with occasional B major chords, which is characteristic of a I-IV-V progression in the key of F# major. The chroma activations reinforce this analysis, with prominent peaks at C# and F#."
1235,F# major,"The chord sequence consists almost entirely of an F# major chord, which strongly indicates F# major as the tonal center. The chroma activations support this, with a significantly high peak at F#."
1275,F major,"The chord sequence was unavailable, so the key was determined from the chroma activations. F has the highest activation, suggesting it serves as the tonic, and the overall distribution of the remaining pitches is consistent with the F major scale."
1277,Eb major,"The chord progression is centered on Eb major, frequently utilizing the I (Eb), IV (Ab), and V (Bb) chords, along with the ii (F minor) chord. The chroma activations show strong prominence for Eb (D#), Ab (G#), and Bb (A#), which aligns perfectly with the Eb major scale."
1354,F# minor,"The chord sequence consistently revolves around F# as the tonic, utilizing chords such as D, E, A, B, and C# that are diatonic to the F# minor scale. The mixture of major and minor qualities on the tonic, along with the overall harmonic context, strongly points to F# minor."
1381,A minor,"The chord sequence is dominated by repeated patterns of A minor, G major, and C major, which establishes A minor as the tonal center (functioning as the i-VII-III progression). The piece frequently resolves to and rests on the A minor chord, particularly in the latter half of the provided sequence."
1417,E major,"The chord sequence is dominated by an E major chord for the entire duration, making it the clear tonic. The chroma data aligns with this, showing strong activations for E and B, which are primary components of the E major triad."
1418,A major,"The chord sequence is heavily centered on A major, which is the most frequent and long-lasting chord. The chroma activations reinforce this with high values for A and E, which are the tonic and dominant notes of A major."
1419,E major,"The song predominantly alternates between E major and D major chords throughout, establishing E as the tonal center. This I-bVII progression is a classic rock trope that strongly implies the key of E major."
1420,E major,"The chord sequence is heavily dominated by the E major chord, which sustains for the majority of the duration. Additionally, the chroma activations show a strong prominence of E and B, further supporting E major as the tonal center."
1450,Bb major,"The chord sequence consists entirely of Bb major chords, which strongly suggests Bb as the tonic. This is further supported by the chroma activations, which show prominence on notes consistent with the Bb major scale, specifically A# (Bb) and F."
1451,A major,"The chord sequence is heavily anchored by the tonic A major chord, supported by typical diatonic progressions like the IV (D major), V (E major), and vi (F# minor) chords. The chroma analysis also shows high activation for A, confirming it as the tonal center."
1474,B minor,"The progression is centered around B minor, frequently utilizing the i (Bmin), VI (Gmaj), and V (F#maj) chords. The inclusion of E major suggests a B Dorian mode or secondary dominant usage, which is common in this context."
1475,Eb major,"The chord progression frequently centers on the Eb major chord, which acts as the tonic throughout the piece. The use of Bb major as the dominant chord and C minor as the ii chord confirms the key of Eb major, despite some chromatic elements like the B major chord."
1476,G minor,"The chord sequence spends the majority of its duration on a G minor chord, which is heavily supported by the functional harmony including the V (D major), VI (Eb major), and iv (C minor) chords. This is further corroborated by the chroma activations, which show the strongest peaks at G and D."
1499,C major,"The chord sequence is dominated by the I, IV, and V chords (C major, F major, and G major) in the key of C major. Other chords such as A minor and D minor are common diatonic chords in this key, and the chroma activations strongly support a C major tonality."
1526,Bb minor,"The progression frequently returns to Bb minor as the tonic chord, and the presence of C# major (the relative major), Eb major, F# major, and Ab major supports the harmonic context of the Bb minor scale. The chroma activations are consistent with this, with A# (enharmonic to Bb) and G# (Ab) showing high values."
1529,C# minor,"The chord sequence is overwhelmingly dominated by the C# minor chord. The chroma activations further support this, with strong peaks at C# and G#, which are the primary notes of the C# minor triad."
1530,B minor,"The song is centered around a B minor chord, with the progression Bm-D-E appearing frequently, which is characteristic of the B Dorian mode or B minor. Although there is a temporary modulation to A major, the harmony consistently returns to the B tonal center, making B minor the most appropriate key label."
1531,Eb minor,"The chord sequence consists entirely of an oscillation between Eb minor and F# major. Eb minor acts as the tonic, while F# major functions as the relative major (the III chord). The chroma data, dominated by F# and D# (enharmonic to Eb), confirms this harmonic center."
1534,E minor,"The chord sequence consists primarily of E minor, C major, B minor, and G major. These chords fit well within the key of E minor, where E minor functions as the tonic and the other chords serve as common diatonic or related harmonic structures, supported by the prominent role of E minor throughout the sequence."
1535,C major,"The song is centered around C major, evidenced by the frequent return to C major and G major chords throughout the progression. Although the piece utilizes modal interchange, specifically incorporating chords like C minor, Bb major, and Eb major, the strong grounding in C major and the high chroma activations for C and G confirm this key."
1536,E minor,"The chord sequence oscillates between C major and E minor, with a B7 chord appearing towards the end, which strongly functions as the dominant (V) in E minor. This harmonic progression, combined with the prominence of E, B, and F# in the chroma activations, confirms E minor as the tonic."
1540,A major,"The song is centered around A major, with the prominent use of A major, F# major, and E major chords establishing a clear tonal anchor. Although the progression introduces chromatic chords like F major and E minor in the latter half, the primary harmonic focus remains within the key of A major."
1541,F# minor,"The chord progression is dominated by F#m, C#m, and Bm, which strongly suggests F# minor as the tonal center. The chroma activations, with prominent peaks at C#, E, B, and F#, are consistent with the F# minor scale."
1542,A minor,"The chord progression frequently uses A minor, E minor, F major, and B minor, which are characteristic chords in the A minor key (or A Dorian mode). The song centers around the A minor chord, as it is used at the beginning and end of the sequence, confirming it as the tonic."
1546,A major,"The chord sequence consists primarily of A major, E major, and D major, which correspond to the I, V, and IV chords in the key of A major. The chroma activations also support this, as they show high values for the notes present in the A major scale, particularly A, E, B, and C#."
1590,D major,"The chord progression is dominated by the D major chord, supported by frequent appearances of the G major (IV) and B minor (vi) chords, which are diatonic to the D major key. The chroma activations show significant presence of D, A, and C#, which are all members of the D major scale."
1592,D major,"The chord sequence is heavily anchored by D major and D minor chords, with the presence of an A major chord functioning as a dominant leading into D major. The chroma profile further supports a D-centered key with strong activations for D, F, and A, which are consistent with the D major tonality."
1593,C# minor,"The chord progression predominantly alternates between C# minor and B major, which correspond to the i and VII chords in the key of C# minor. The prominent usage of C# minor and B major, supported by the chroma activations with high C# and B values, identifies C# minor as the key."
1595,B major,"The chord sequence consists almost entirely of a single sustained B major chord, which serves as a clear tonal center. The chroma activations are consistent with this, as B is the most prominent pitch class."
1596,G major,"The chord sequence is heavily centered around G major, B minor, and D major chords, all of which are diatonic to the G major scale. This harmonic focus is supported by the chroma profile, which highlights high activations for G, B, D, and F#."
1599,A major,"The chord sequence is dominated by E major and A major, with occasional occurrences of D major. These chords function as the V, I, and IV triads respectively, strongly suggesting that A major is the tonic key."
1601,C# minor,"The song is dominated by the C# minor and A major chords throughout the progression, and the presence of Ab major chords strongly reinforces C# minor as the tonal center. The chroma activations confirm this with significant emphasis on C#, G#, and A."
1603,Eb minor,"The progression frequently centers on Eb chords (both major and minor) and utilizes the Bb chord as a dominant, which is characteristic of the key of Eb minor. The presence of F# (as Gb) and other chords like G major and B major reflects common chromatic mediant relationships often found in rock music."
1604,E minor,"The chord progression is centered around E minor, which has the longest cumulative duration. The presence of C major, G major, and F major chords within an E minor context is consistent with E minor or E Phrygian, and the chroma activations show high prominence for E and B, confirming E minor as the tonic."
1605,G major,"The chord sequence consisting of C, G, D, and E minor/major strongly suggests the key of G major, where these chords function as the IV, I, V, and vi chords, respectively. The chroma activations, which show prominence in G, C, D, and E, are consistent with the G major scale."
1610,D major,"The chord sequence is primarily based around the D major, E major, and G major chords, which are characteristic of the key of D major. While there is a brief section featuring C# major and F major, the progression remains centered around the tonic D."
1611,C major,"The chord progression frequently cycles through C, F, G, and E minor, all of which are diatonic chords within the key of C major. The consistent use of C as a central chord, along with high chroma activations for the C major triad components (C, E, and G), supports C major as the key."
1612,E major,"The chord sequence consists entirely of an oscillation between E major and A major, which are the tonic and subdominant chords in the key of E major. This analysis is strongly supported by the chroma activations, which show significant peaks at E, A, and B, the primary notes associated with the E major tonality."
1614,D major,"The harmony is heavily dominated by the D major chord, which spans almost the entire duration. The G major chord functions as a subdominant, and the strong chroma activation at D further confirms D major as the tonal center."
1615,C major,"The chord sequence consists predominantly of C major and F major chords, which strongly suggests a I-IV relationship in the key of C major. The chroma activations also show a clear emphasis on C, confirming C major as the tonal center."
1616,A minor,"The song is strongly centered around the A minor chord, which appears for the majority of the duration. While there are occurrences of C major and A major, these function as harmonic variations within the established A minor tonal center."
1617,A major,"The chord progression consistently revolves around A major, D major, and C# major/minor, with A major serving as the primary resolution point. The high chroma activation for A and the very low activation for F# strongly support A major as the tonic rather than its relative minor, F# minor."
1618,C major,"The chord sequence is composed primarily of C major, F major, G major, and E minor, which are all diatonic chords within the C major scale. The frequent recurrence of the C major chord and the high chroma activations for C and E further confirm C major as the tonal center."
1619,A minor,"The chord sequence spends significant time on A major and D major before transitioning into a section with C major and E minor, eventually resolving to A minor. Given the final A minor chord and the prevalence of A as the highest chroma activation, A minor is the most appropriate key."
1643,Eb major,"The chord sequence is heavily centered on Eb major and Ab major, which correspond to the I and IV chords in the key of Eb major. The chroma activations support this with strong values for the tonic (Eb) and dominant (Bb) pitches."
1708,B major,"The chord sequence prominently features repeated B major chords, and the chroma profile is strongly centered on B, suggesting it is the tonic. The use of F# major as a dominant chord and the overall progression further support B major as the key."
1727,D major,"The chord sequence is heavily centered on the D major chord, which appears for the majority of the duration. While there is some modal interchange with D minor and F major, the consistent return to and duration of the D major chord strongly indicates D major as the tonic."
1841,C# major,"The chord sequence, consisting of C# major, Eb minor (enharmonic to D# minor), Ab major (enharmonic to G# major), and F# major, follows a standard I-ii-V-IV progression in the key of C# major. The chroma profile, with prominent activations at G#, D#, and C#, further supports this tonal center."
1844,C major,"The chord sequence consists primarily of C major and G major, which strongly suggests a I-V harmonic relationship in the key of C major. This is further supported by the chroma activations, where C and G are the most prominent pitches."
1886,E major,"The chord sequence is composed of E, A, and B chords, which represent the I, IV, and V chords in the key of E major. The chroma activations showing high values for B, E, and A provide further confirmation that the tonal center is E major."
1887,C major,"The song is dominated by C major, F major, and G major chords, which is a characteristic I-IV-V progression in the key of C major. The high chroma activations for notes like C, E, F, G, and B also strongly align with the C major scale."
1892,E minor,"The chord progression is centered on E minor, featuring frequent occurrences of E:min, A:min, D:maj, and C:maj, which are all characteristic of the E minor key. The dominance of the E:min chord and the high chroma activations for E and A provide strong evidence for this key center."
1893,D major,"The chord sequence heavily features a repeating progression of D major, C major, and G major chords, with D major having the longest total duration and acting as the harmonic anchor. The use of the C major chord within the context of a D major tonic is highly characteristic of the D mixolydian mode."
1894,C major,"The chord progression consistently uses C, Am, F, G, and Dm, which are all diatonic chords within the C major scale. The frequent repetition of these chords, combined with the chroma activations supporting the C major scale notes, confirms C major as the key."
1895,A minor,"The song is overwhelmingly dominated by the A minor chord, which accounts for the vast majority of the 60-second duration. The other chords present, including E minor, G major, and D major, fit well within the A minor tonality."
1896,C# major,"The chord sequence is heavily centered on C# major, with frequent appearances of the tonic C# major chord. The use of F# major and B major as supporting chords, combined with the presence of the Eb minor chord (which is enharmonic to the ii chord, D# minor, in the key of C# major), strongly points to C# major. This is further corroborated by the chroma activations, which show the strongest peaks at C# and G#."
1898,C minor,"The chord sequence is dominated by a C minor chord for nearly the entire 60-second duration, which is a definitive indicator of the song's key."
1899,A minor,"The harmony centers on the A minor scale, utilizing chords such as A minor, E minor, C major, and G major throughout the sequence. The high chroma activation for A and the consistent use of the A minor harmonic collection strongly identify A minor as the tonic, while the prolonged A major chord at the end functions as a Picardy third."
1900,D major,"The chord sequence is dominated by D major, G major, and A major chords, which effectively outlines a I-IV-V harmonic progression in the key of D major. This is corroborated by the chroma profile, which shows strong peaks on D and A, confirming D major as the tonal center."
1901,C major,"The harmony is centered around C major and Cmaj7 chords, which serve as the tonic. G major functions as the dominant (V) chord, and the chroma activations strongly align with the C major scale, with prominent peaks on C, G, and B."
1913,D major,"The chord sequence consists primarily of G, D, and A chords, which function as the IV, I, and V chords respectively in the key of D major. This I-IV-V progression is a standard functional harmonic pattern that strongly establishes D as the tonic."
1914,C major,"The chord progression frequently alternates between F and C major, functioning as a IV-I progression in the key of C. The inclusion of D7 acts as a secondary dominant (V/V) in C, and the chroma activations, specifically the presence of B rather than Bb, further support C major as the home key."
1920,C major,"The chord sequence consists primarily of C major, G major, A minor, and E minor, which are all diatonic chords within the key of C major. The frequent use of C major and G major throughout the progression strongly establishes C as the tonic."
1923,G major,"The chord sequence heavily relies on G, C, and D chords, which function as the I, IV, and V chords in the key of G major. The high chroma activations for G and D further support this conclusion."
1940,G major,"The chord sequence is heavily centered around the G major chord, which appears for the majority of the duration. E minor serves as the relative minor (vi chord), and the presence of A major typically functions as a secondary dominant (V/V) within the key of G major."
1941,E major,"The song is dominated almost entirely by an E major chord, which constitutes the primary harmonic content throughout the clip. This is further corroborated by the chroma activations, which display a distinct peak at E, indicating it as the tonal center."
1942,F# major,"The song consists of a repetitive, non-functional oscillation between F# major and F major chords. I have selected F# major as the key because it has the longest total duration and the highest chroma activation value among the two alternating chords."
1944,E major,"The chord sequence consists almost exclusively of an E major chord, which strongly suggests E major as the key. This is further supported by the chroma activations, which show the highest intensity at the pitch E."
2070,A major,"The chord sequence is dominated by A major, D major, and E major, which correspond to the I, IV, and V chords in the key of A major. This functional harmonic progression, along with the consistent recurrence of the A major chord, strongly indicates that the key is A major."
2099,C# major,"The chord sequence is dominated by C# major and its dominant, Ab major, which strongly indicates C# major as the tonic. This is further corroborated by the chroma activations showing significant concentrations on C#, G#, C, and F, all of which belong to the tonic and dominant chords of the key."
2126,A major,"The chord sequence is heavily centered on A major, alternating frequently with G major, which is characteristic of the A mixolydian mode. The chroma activations, which show strong peaks at A, G, and E, further support an A tonal center."
2127,G major,"The chord sequence consists primarily of repetitions of G major and E minor, which strongly implies G major as the tonic. The chroma data further supports this with G being the most prominent pitch class."
3429,D major,"The chord progression is anchored by a long-duration D major chord, which acts as the tonic. While there is significant chromaticism, such as the C major, F major, and B major chords, these are common modal interchanges often found in the key of D major."
3465,A minor,"The chord progression is dominated by A minor, C major, and G major, which strongly outlines the key of A minor (i-III-VII). The chroma activations support this, with high prominence for A, E, C, and G, all of which are primary notes in the A minor scale."
3542,C major,"The chord sequence is dominated by the I (C), IV (F), and V (G) chords in C major, with occasional use of the vi (A minor) chord. The chroma activations further support this, showing high values for the notes C, E, and G, which form the tonic triad of the key."
3545,G major,"The chord sequence is heavily dominated by G major and C major, with G major appearing most frequently and establishing the tonal center. The chroma activations support this analysis, showing a strong emphasis on G."
3581,E major,"The chord sequence is heavily anchored by the E major chord, which appears most frequently and for the longest duration. The recurring progression of E-D-C, combined with the high activation of E in the chroma data, strongly supports E major as the tonal center, despite the occasional use of E minor and other chords."
3612,B major,"The chord sequence is dominated by B major and A major chords, which is characteristic of the B Mixolydian mode. The chroma activations strongly support this with high values for B, A, E, and A#, all of which are primary notes in the B major/Mixolydian harmonic space."
3619,E major,"The chord progression is dominated by frequent repetitions of A major, B major, and E major chords, which form a strong IV-V-I cadence in the key of E major. This is corroborated by the chroma activations, which show significant weight on E, A, and B, the tonic, subdominant, and dominant of the key."
3694,E minor,"The chord progression prominently features E:min, C:maj, and B:maj, which function as a i-VI-V cadence in the key of E minor. The high chroma activation for E further supports E minor as the tonic."
3700,C# minor,"The chord sequence is heavily centered around the C# minor chord, which accounts for the vast majority of the song's duration. The appearance of other chords, including F# minor and B major, is consistent with the harmonic vocabulary of the C# minor key."
3702,E major,"The chord sequence is heavily dominated by E major, which occurs for the vast majority of the duration. The frequent appearance of B major and C# minor chords further confirms E major as the tonic, functioning as the I, V, and vi chords respectively."
3741,D major,"The chord sequence consists primarily of D major, G major, and A major chords, which correspond to the I, IV, and V chords in the key of D major. The chroma data also aligns well with these pitches, confirming D major as the tonal center."
3853,D major,"The chord sequence consists primarily of D major, G major, and A major, which function as the I, IV, and V chords in the key of D major. The chroma activations further support this, as the highest values correspond to notes within the D major scale, such as A, B, C#, and G."
3863,E minor,"The chord sequence is heavily centered on E minor, with frequent occurrences of the E minor chord and its subdominant chords (A minor and A major). The consistent return to E minor as a structural anchor strongly indicates that it is the tonal center of the piece."
3941,E major,"The chord sequence is dominated by E major, A major, and B major, which function as the I, IV, and V chords in the key of E major. The presence of secondary chords like C# minor and F# minor, along with the high chroma activations for the notes E, B, and A, strongly confirms E major as the tonal center."
3956,B minor,"The chord progression is dominated by B minor, F# minor, and A major chords, all of which are diatonic within the key of B minor. The chroma activations show strong peaks on B and F#, which strongly support B minor as the tonic and dominant."
4195,E major,"The song predominantly alternates between E major and B major, which strongly establishes E major as the tonic. Although there is a shift to a C-D-G progression later in the segment, the sustained E and B chords make E major the clear tonal center."
4198,Bb major,"The chord sequence is heavily dominated by Bb:maj, which appears for over 80% of the sample duration. This is strongly supported by the chroma activation data, which shows a prominent peak at A# (the enharmonic equivalent of Bb)."
4203,E minor,"The chord sequence is dominated by E minor, G major, and D major. This progression functions as a i-VII-III, which is a common sequence in the key of E minor."
4206,C major,"The chord sequence contains all the diatonic chords of the C major scale, including C major (I), F major (IV), G major (V), A minor (vi), and E minor (iii). The ending section explicitly reinforces C major with a repeating G-F-C progression, and the high C and E chroma activations further confirm this tonal center."
4211,G major,"The chord sequence consists of G major, C major, D major, and E minor chords, all of which are diatonic to the G major scale. The consistent return to G major as a focal point confirms the key."
4224,A minor,"The harmonic sequence prominently features A minor, F major, and E7 chords, which constitute a classic i-VI-V7 progression in the key of A minor. This is further supported by the chroma activations, which show significant weight on the notes A and C, both fundamental to the A minor scale."
4345,G major,"The chord sequence is dominated by G major and C major chords, which function as the I and IV chords in the key of G major. The prevalence of these chords throughout the progression strongly points to G major as the tonic."
4350,D major,"The chord sequence is composed primarily of D major, G major, and A major chords, representing the I, IV, and V chords in the key of D major. The addition of B minor chords at the end confirms this tonality, as B minor is the vi chord in D major."
4400,A major,"The chord sequence is dominated by an A major chord for nearly the entire duration, and the chroma vector shows a very strong peak at A, confirming it as the tonic."
4401,E major,"The chord progression consists of an alternating pattern between E major and A major chords throughout the sample. This corresponds to a I-IV progression in the key of E major, which is also supported by the high chroma activation for the note E."
4402,C major,"The chord sequence consists of heavily chromatic, descending major chord pairs (G-F# and C#-C). Given that the C major chord has the longest total duration among the identified chords, it is the most likely tonal center."
4403,E minor,"The chord sequence is dominated by E minor and E minor 7 chords, which provide a clear indication of the tonic. The chroma activations corroborate this with high values for E and B, the root and fifth of the E minor triad."
4684,Bb major,"The chord sequence consists of Bb major and C# major, with Bb major having the longest total duration. The prominent chroma activation for A# (the enharmonic equivalent of Bb) further supports Bb major as the tonic."
4686,F# major,"The chord sequence is dominated by the F# major chord, which appears for the vast majority of the track. This is further supported by the chroma analysis, which shows F# as the most prominent pitch class."
4717,C major,"The chord sequence is dominated by C major, which accounts for the vast majority of the total duration. The other chords present, including D minor, G major, F major, and E minor, are all diatonic chords within the key of C major."
4776,A major,"The chord sequence is heavily anchored by the A major chord, which appears frequently throughout the duration. The chroma analysis also highlights A and B as the most prominent notes, further supporting A major as the tonal center."
4798,D major,"The chord progression consistently oscillates between D major and C major, which is characteristic of the D Mixolydian mode where C major functions as the bVII chord. The strong emphasis on D in both the chords and the chroma activations indicates D as the tonic."
4856,G# minor,"Since there is no chord information provided, the key was identified by analyzing the chroma activations. The strongest peak is at G#, and other significant activations like D#, C#, and A# align with the notes of the G# minor scale."
4858,D minor,"Since the chord recognizer returned no information, the key was determined from the chroma activations. The most prominent chroma values include F, E, A, G, and D, which strongly correspond to the notes found in the key of D minor (or its relative major, F major)."
4886,A major,"The chord sequence relies heavily on A major and E major chords, indicating a strong tonic-dominant harmonic relationship in A major. The chroma activations confirm this with prominent values for the notes E, A, and C#, which are central to the A major key."
4926,Bb minor,"Due to the absence of chord data, the key was inferred from the chroma activations. The most prominent peaks in the chroma data correspond to Bb (A#), Db (C#), F, Gb (F#), and Ab (G#), which strongly align with the Bb minor scale."
4928,G major,"Since the chord data is unavailable, the key was determined using the chroma activations. The distribution shows a strong peak at G, with significant presence of other notes within the G major scale (such as C, D, and B), making G major the most probable key."
4929,C# major,"Due to the absence of chord data, the key was identified using the chroma activations, which show strong prominence at C# and G#, the tonic and dominant of C# major. The significant presence of F over E provides further evidence for a major tonality."
4971,G major,"The chord sequence did not provide any usable information. However, the chroma activations showed a clear preference for G, D, F#, B, and A, which are all prominent notes in the G major scale, suggesting G major as the most likely key."
4989,G minor,"The chord sequence provided no information as it only contained N labels, but the chroma activations show prominent peaks at G, D, Eb, and Bb, which are characteristic of the G minor scale."
4994,G major,"The chord sequence, consisting of D major and E minor chords, strongly aligns with the V and vi chords in the key of G major. Additionally, the chroma profile is dominated by G and F#, both of which are prominent notes in the G major scale, further supporting this conclusion."
5007,C# major,"The chord sequence is dominated by the C# major chord, which functions as the tonic. The frequent use of F# major (the IV chord) and Ab major (the V chord) further reinforces the key of C# major. Additionally, the chroma activations strongly align with the C# major scale."
5012,G major,"Since the chord recognition model failed to identify any chords, the key was determined by analyzing the chroma activations. The most prominent pitches, particularly G, A, E, and D, are all consistent with the G major scale, making it the most likely key."
5021,A major,"The chord sequence, which includes E7, A, and D chords, strongly suggests the key of A major, where these function as the V7, I, and IV chords respectively. The chroma activations further support this, as they show high values for A, E, F#, and C#, all of which belong to the A major scale."
5023,B minor,"The chroma activations show significant strength in B, C#, D, F#, and A#, which are characteristic of the B minor scale, especially with the inclusion of A# as the leading tone in the harmonic minor. Given the absence of specific chord labels, these pitch class intensities strongly point to B minor as the most likely key."
5045,Bb major,"The harmonic sequence is heavily weighted toward the Bb major chord, which accounts for over half of the track's duration. The frequent oscillation between A major and Bb major, combined with the use of D minor and D major, reinforces Bb as the tonal center."
5049,A major,"The harmony frequently alternates between A major and D major, suggesting a key center of A. The progression including B minor, C# minor, and F# major (a secondary dominant resolving to B minor) fits perfectly within the A major scale, which is also strongly supported by the highest chroma activations of A, F#, and D."
5050,Bb major,"The chord sequence relies heavily on Eb major, Bb major, F major, G minor, and C minor, all of which are diatonic to the Bb major scale. The recurring chord progression patterns strongly center around Bb as the tonic, and the chroma activations are consistent with this key."
5051,Ab major,"The chord sequence primarily oscillates between Ab major and C# major (which is enharmonically equivalent to the IV chord, Db major), suggesting a tonic of Ab major. The chroma activations confirm this, showing significant weight on G#/Ab, C, and C#/Db, which are all characteristic notes of the Ab major scale."
5052,C major,"The chord sequence consists primarily of C, F, Am, and G, which are the I, IV, vi, and V chords in the key of C major. This harmonic progression, combined with the strong chroma activations for C, E, G, and A, clearly supports C major as the tonal center."
5054,F major,"The chord sequence primarily oscillates between F major and C major, with the frequent use of Bb major. This progression represents the I, V, and IV chords in the key of F major, and the chroma profile, with strong activations for F, C, A, and Bb, supports this tonal center."
5055,F major,"The chord sequence consists primarily of F major, C major, Bb major, and D minor, which correspond to the I, V, IV, and vi chords in the key of F major. This harmonic progression, combined with the high activations for F, A, C, E, and G in the chroma data, strongly confirms F major as the tonic key."
5056,G major,"As the chord sequence provided no usable information, the key was inferred from the chroma activations. The most prominent pitches—D, B, C, and G—are all members of the G major scale, providing strong evidence for G major as the tonic."
5058,Ab minor,"The song is strongly centered around the Ab minor chord, which accounts for the majority of the duration. The frequent use of C# major (functionally Db major) and F# major (functionally Gb major) is consistent with an i-IV-VII progression in the key of Ab minor, and the chroma activations reflect this by highlighting the tonic (Ab/G#) and the fifth (Eb/D#)."
5059,C major,"The chord sequence relies heavily on C major, D minor, and G major, which function as the I, ii, and V chords in the key of C major. The inclusion of F major and A minor further supports this conclusion, as they are common chords within the C major diatonic scale."
5060,D major,"The chord progression is dominated by repeated D major and G major chords, with the D major chord serving as the final and most prominent tonal center. The chroma analysis strongly supports this, showing high activations for D, G, and A, which are the primary notes associated with the D major scale."
5061,B major,"The chord sequence primarily alternates between E major and B major, with B major functioning as the clear tonic given its prominence and long duration at the end of the sequence. The chroma activations support this, with strong peaks at B, F#, and A#, all of which are primary notes in the B major scale."
5064,D major,"The chord sequence consists almost entirely of a D major chord, which strongly indicates the tonic is D. This is further supported by the chroma analysis, which shows the highest activation for the note D."
5078,D major,"The chord sequence is dominated by the D major chord, which appears for the longest total duration. The consistent alternation between E minor and A major functions as a ii-V progression in the key of D major, supporting this tonal center."
5095,C major,"The chord sequence consists primarily of chords diatonic to the C major scale, specifically C, G, F, and A minor. The frequent use of C major as the tonic and the recurring progressions strongly support C major as the key."
5153,A major,"The chord progression consistently uses D major, A major, and E major chords, which correspond to the IV-I-V chords in the key of A major. The chroma activations showing significant weight on D, E, and A further reinforce this tonal center."
5178,E major,"The chord sequence is heavily centered on E major, A major, and B major, which correspond to the tonic, subdominant, and dominant chords in the key of E major. The high chroma activations for E, G#, and B further confirm E major as the tonal center."
5179,D major,"The chord sequence consists primarily of D major, A major, and G major, which correspond to the I, V, and IV chords in the key of D major. This harmonic progression strongly suggests D major, and the chroma activations, which show high values for the tonic and dominant, further support this analysis."
5181,E major,"The chord sequence is dominated by E major, A major, and B major, which are the I, IV, and V chords in the key of E major. The inclusion of C# minor (the vi chord) and the high activation for E in the chroma confirm E major as the tonic."
5192,E major,"The chord sequence heavily features E major and A major, which function as the I and IV chords in the key of E major. The chroma activations align with this, showing strong presence for the scale degrees E, B, A, G#, and C#."
5195,G major,"The chord progression is centered on G major, with frequent use of C major and D major, establishing a clear I-IV-V relationship. The inclusion of A major chords acts as a secondary dominant (V/V) to D, which is common in the key of G major."
5240,Eb major,"The chord progression is dominated by Eb major, Bb major, and Ab major, which function as the I, V, and IV chords in the key of Eb major. The chroma activations support this, showing the highest concentrations on notes consistent with the Eb major scale."
5376,E minor,"The chord sequence is dominated by the E minor chord, which appears for the majority of the duration. Other chords present, such as A minor, D major, and G major, are consistent with the key of E minor, which is the relative minor of G major."
5562,A major,"The progression strongly centers on A major and D major chords for the majority of the duration, frequently using the A-D-G-A pattern. While the later section pivots towards E major, A major remains the most fitting tonic for the overall piece."
5566,A major,"The chord sequence features several chords within the key of A major, such as D, E, and C# major, with A appearing as a significant focal point. The chroma analysis shows strong activation for A and its leading tone, G#, providing further evidence for A major as the primary key center despite the chromatic shifts."
5601,G major,"The chord progression is dominated by chords native to the G major scale, such as G, C, D, E minor, and A minor. The frequent use of secondary dominants like F# major and B major to tonicize E minor is characteristic of functional harmony within the key of G major. The chroma profile further supports this with strong peaks on G, B, and D."
5619,G major,"The chord sequence is dominated by G major and C major, with additional chords like B major, E minor, A minor, and D major, all of which fit comfortably within the functional harmony of the key of G major."
5990,C major,"The chord progression is dominated by C major and A minor chords, which belong to the C major scale. The chroma profile further supports C major, showing a significantly high activation for the tonic note C."
6460,A major,"The chord progression is dominated by B minor, A major, and E major, which function as the ii, I, and V chords in A major. The inclusion of F# minor as the vi chord further supports A major as the tonal center."
6603,G minor,"The chord sequence identifies a G minor chord, which acts as the primary harmonic anchor despite the majority of the clip being labeled as 'N'. The chroma activations, while distributed, show prominent D and F values which are consistent with components of a G minor harmony."
6607,Ab minor,"The chord sequence consistently oscillates between Ab minor and F# major. Given the prominence of the Ab minor chord as the foundational element of this repetitive harmonic vamp, it is the most appropriate key signature."
6669,C major,"The harmony is consistently C major throughout the track, which is a definitive indicator of the key. The chroma activations align well with this, displaying strong peaks for the notes of the C major triad."
6670,E major,"The song features a recurring sequence of E major, A major, G major, and C major. Given that E major acts as a consistent anchor in this modal-leaning progression and aligns with the highest chroma activation, E major is identified as the tonic."
7011,E major,"The chord sequence consists primarily of an E major chord, which persists for the majority of the sample. This is strongly supported by the chroma profile, which shows the highest activation for the pitch class E."
7012,E minor,"The chord progression consistently revolves around E minor as the tonic chord, with frequent support from A minor, G major, and D major chords. All of these chords are diatonic to the E minor scale, and the chroma profile further supports this with strong activations for the E, G, A, and D notes."
7014,G major,"The chord sequence is heavily centered on G major, appearing for the majority of the duration, and includes other chords like D, Bm, and C which are common in the key of G major. The chroma activation confirms this, with G being the most prominent pitch."
7015,C major,"The chord progression is dominated by the tonic C major chord, supported by functional harmonic movements including D minor (ii), G major (V), and F major (IV). The prevalence of these chords provides clear evidence for the key of C major, despite the presence of a brief chromatic Ab major chord."
7179,A major,"In the absence of harmonic information from the chords, the key was inferred from the chroma activations. The distribution shows a strong emphasis on A, with secondary peaks at G# and F#, which are characteristic notes of the A major scale."
7202,G major,"The chord sequence is heavily dominated by a single G major chord lasting for the majority of the duration, and the chroma profile shows a very strong emphasis on G, confirming G major as the likely key."
7390,A major,"Due to the absence of recognizable chords, the key was inferred from the chroma activations. The most prominent notes were E, D, B, and C#, which strongly align with the A major scale."
7391,D major,"The chord progression is dominated by D, G, E minor, and A7, which are standard diatonic chords in the key of D major (I, IV, ii, V). The chroma activations, showing strong presence of D, A, G, and F#, further reinforce this conclusion."
7456,B minor,"The chord progression is centered on B and frequently uses G, D, A, and E major chords, which are characteristic of the B minor key, specifically in the Dorian mode. The chroma activations, which show high values for B and F#, further reinforce B as the tonic."
7477,A major,"The chord sequence consistently revolves around the A major chord, utilizing a common rock progression (A, G, D). The chroma activations support this as well, with the highest values concentrated on the notes A, D, and C#, all of which are diatonic to the A major scale."
7481,Eb minor,"The chord sequence heavily features Eb minor and B major chords throughout the progression. The chroma activations, particularly the high values for A#, F#, and D#, correspond to the notes found in both Eb minor and B major, with Eb minor functioning as the primary harmonic center."
7482,C# minor,"The chord sequence is dominated by C#7 and C#m7 chords, which strongly establish C# as the tonal center. Given the modal and blues-oriented nature of the progression, C# minor is an appropriate key assignment."
7484,C minor,"The chord sequence is composed almost entirely of a Cmin7 chord, which strongly establishes C minor as the tonal center. The chroma activations support this with C being the most prominent pitch class."
7487,Bb major,"The song is dominated by the Bb major chord, which accounts for the vast majority of the duration. The presence of an Eb major chord suggests a standard I-IV harmonic relationship in the key of Bb major, and the chroma activations support this with high values for the tonic (Bb), subdominant (Eb), and dominant (F) notes."
7488,F minor,"The chord progression is dominated by Fm, Eb, and Db chords, which corresponds to a i-VII-VI progression in F minor. The chroma activations support this, with F, C, C#/Db, and Eb/D# being among the most prominent notes."
7489,Eb minor,"The chord sequence consists primarily of repetitions of Eb minor and F# major, with occasional Bb major chords. Eb minor functions as the tonic, F# major as the relative major (III), and Bb major as the dominant (V) in the harmonic minor scale, strongly confirming the key of Eb minor."
7490,F minor,"The chord sequence contains F minor as a repeated element, and the chroma profile is strongly dominated by the note F. These factors, alongside the presence of other relevant scale degrees in the chroma data, indicate that F minor is the tonic key."
7492,F major,"The chord progression alternates primarily between F major and Bb major, which represents a I-IV relationship. Given that F major appears for a significantly longer duration and more frequently than Bb major, F major is identified as the tonic."
7528,A minor,"The chord sequence is heavily anchored around A minor, which appears as the primary chord throughout the track. The chroma profile aligns with this, showing strong activations for A, C, and E, and the surrounding chords such as F major, C major, and G major are consistent with the A minor key."
7529,G major,"The sequence frequently returns to G major as the primary harmonic anchor throughout the progression. Recurring chords like Eb:aug and B:maj/3 serve as chromatic embellishments, while the chroma activations showing high G and B reinforce the G major tonality."
7713,Bb major,"The chord progression is centered on Bb major, featuring a recurring ii-V (C minor to F major) motif that resolves back to the tonic Bb major. This harmonic structure is characteristic of the key of Bb major, and the chroma activations, showing strong peaks at Bb/A#, C, and F, are consistent with this analysis."
7827,C# major,"The chord progression is dominated by C# major, F# major, Ab major, and Bb minor, which are the primary chords within the C# major scale. Although F major appears frequently, it acts as a chromatic element, and the overall harmonic progression consistently centers around the C# major tonality."
7893,C major,"The chord progression consistently features C, F, and G chords, which are the I, IV, and V triads in C major. The recurring use of E major and A minor functions as a secondary dominant progression (V/vi-vi), which is very common in the key of C major."
7896,A major,"The chord sequence primarily utilizes chords diatonic to A major, such as A major (I), F# minor (vi), B major (II), and E major (V). The frequent alternation between A major and F# minor, along with the standard progression, strongly indicates A major as the tonic."
7898,C major,"The progression oscillates between C major and A minor, which are relative keys. As the song starts and ends on the C major chord and the chroma activations are consistent with the notes of the C major scale, C major is the most likely tonal center."
7901,A major,"The chord sequence is dominated by A major, D major, E major, and F# minor, which represent the I, IV, V, and vi chords in the key of A major. The strong presence of A as a tonal center in both the chord progressions and the chroma activations strongly supports A major as the key."
7934,G minor,"The chord sequence consistently revolves around G:min as the tonic, frequently utilizing the V chord (D:maj/7) and the VI chord (Eb:maj), which is a characteristic harmonic progression for G minor. The chroma data also shows strong activations for G, D, and Bb, confirming this tonal center."
7995,E major,"The chord sequence primarily oscillates between E major and A major, which is a classic I-IV functional progression in the key of E major. This tonal center is reinforced by the high chroma activation for E, suggesting it acts as the tonic."
8017,A major,"The chord sequence heavily features A, E, D, and G major chords, which is characteristic of the A Mixolydian mode or A Major key with modal mixture. The frequent use of A and E chords as structural anchors points to A as the tonic. The chroma distribution, showing high energy at E, A, and B, aligns with this interpretation."
8283,A minor,"The harmonic progression is heavily rooted in A minor, with the A minor chord appearing frequently and the E major chord serving as the dominant. This is corroborated by the chroma activations, which show high prominence for the notes A, E, and C that make up the tonic triad."
8910,Eb minor,"The chord sequence primarily consists of Eb minor, Ab minor, and Bb minor, establishing a clear i-iv-v progression in the key of Eb minor. The chroma activations are consistent with this analysis, showing high values for D# (the enharmonic equivalent of Eb) and A# (the enharmonic equivalent of Bb)."
8913,Eb minor,"The chord progression is dominated by Eb minor, F# major, and Bb minor chords, with Eb minor acting as the tonal center. This is further supported by the chroma activations, which show strong peaks at Eb, F#, and Bb, the notes that constitute the Eb minor triad."
8914,E major,"The chord progression is dominated by E7 and B7 chords, which function as the I and V chords in the key of E major. This pattern is characteristic of a standard blues shuffle based in E."
8915,Ab major,"Although the majority of the track was identified as unknown harmony, the only recognizable chord is Ab major. Furthermore, the chroma activations show prominent peaks for G#, C, and D#, which correspond to the root, third, and fifth of the Ab major triad."
9485,C major,"The chord sequence consistently rotates through C major, G major, and F major, which are the I, V, and IV chords in C major. The chroma data further supports this with significant activations on the C, G, and F notes."
9486,A major,"The chord sequence consists primarily of A, D, and E chords, which correspond to the I, IV, and V triads in the key of A major. The chroma activations support this, showing the highest concentrations on the notes A and E, which are the tonic and dominant of the key."
9487,C major,"The chord sequence relies heavily on C, F, G, and E minor, which are all standard diatonic chords within the key of C major. The chroma activations are also consistent with this conclusion, showing prominent peaks for notes belonging to the C major scale, specifically C, E, F, and G."
9488,E major,"The chord sequence is dominated by E major, which is sustained throughout almost the entire duration. This is further corroborated by high chroma activations for E, B, and G#, which comprise the E major triad."
9489,A major,"The chord sequence alternates primarily between A major and D major chords, which are the tonic (I) and subdominant (IV) in the key of A major. The frequent return to the A major chord strongly suggests it functions as the tonic."
9491,C major,"The chord sequence is dominated by C major, which accounts for the majority of the song's duration. The alternating C minor and Eb major sections function as a modal interchange, common in songs that primarily revolve around a major tonic."
9494,B minor,"The chord sequence consistently revolves around B minor and F#7 chords, which establish a clear tonic-dominant relationship in the key of B minor. The high chroma activations for B and F# further corroborate this harmonic center."
9510,C minor,"The chord sequence begins and ends with an emphasis on C minor and its dominant G7, establishing it as the tonal center. The middle section traverses chords related to the relative major, Eb major, but the persistent reliance on C minor frames the harmonic progression."
9581,Bb major,"The harmonic progression is strongly centered on Bb major and Eb major, which represent the tonic and subdominant of the key of Bb major. Although there are prominent occurrences of G major and D7 chords that suggest a temporary modulation or secondary dominant, the primary tonal center throughout the passage remains Bb major."
9583,Eb major,"The harmony is highly chromatic, but the frequent presence of the Eb7 chord and the functional movement between Ab, Bb7, and Eb chords suggest Eb major as the primary tonal center."
9587,B minor,"The chord progression repeats a cycle of B minor, A major, and G major, which corresponds to the i-VII-VI progression in the B minor scale. The chroma profile, with strong activations on B, A, F#, and G, further reinforces this tonal center."
9655,G major,"The chord progression prominently features G, D, C, and A major chords, which are diatonic to the G major scale. The chroma activations showing high values for G, D, and F# further support G major as the tonic."
9659,C major,"The chord progression is dominated by C major and F major chords, with occasional G major and D major chords, strongly suggesting a I-IV-V framework in the key of C major. This is further supported by the chroma analysis, which shows high activations for the notes C, E, F, and G, all of which are consistent with the C major scale."
9662,Ab major,"The chord sequence consists primarily of Ab major, C# major (enharmonically Db major), and Bb minor chords, which function as the I, IV, and ii chords in the key of Ab major. The prevalence of these chords and the strong harmonic center on Ab indicate Ab major."
9663,Eb major,"The chord sequence consists primarily of Eb major, Bb major, and Ab major, which function as the I, V, and IV chords in the key of Eb major. The chroma activations for Eb and Bb provide strong additional evidence for this tonal center."
9664,Bb major,"The harmonic content is dominated by a single Bb major chord, which strongly indicates that the song is centered in the key of Bb major. The chroma activations corroborate this, with the highest values concentrated on the tonic Bb (labeled as A#) and its fifth, F."
9665,C major,"The chord sequence consists primarily of C major, F major, and D minor, which are the I, IV, and ii chords in the key of C major. The chroma activations are also consistent with this, with prominent values for C, E, and F."
9666,C major,"The song is dominated by an F-C-G progression, which is a classic IV-I-V cadence in C major. While the song begins with chords from A minor, the overall harmonic structure and the chroma data, which heavily favor notes in the C major scale, point toward C major as the key."
9695,A minor,"The chord sequence repeatedly alternates between A minor, F major, and E major chords. The E major chord functions as the dominant (V) in A minor, strongly establishing it as the tonic key."
9699,C major,"The chord sequence primarily consists of 'N' (no chord) labels, but identifies a C major chord, which serves as the most reliable indicator of the key. The chroma activations show strong peaks at C and G, which are consistent with a C major tonal center."
9866,B major,"The harmonic content is largely ambiguous due to the predominance of 'N' labels, but the presence of B major and Bb major chords paired with a peak in the B chroma activation points toward B major as a reasonable key center."
9867,Bb major,"The chord progression is dominated by the recurring Bb:maj chord, which serves as the primary tonal center. Additionally, the chroma data shows significant activation at A# (the enharmonic spelling of Bb) and F, further supporting Bb major as the tonic."
9904,Eb major,"The chord progression frequently cycles through F minor, Bb7, Eb major, and Ab major, which corresponds to a standard ii-V-I-IV progression in the key of Eb major. This tonal center is also supported by the chroma profile showing significant activations for notes common to this key."
9905,F major,"The chord sequence consists almost entirely of alternating F major and Bb major chords, which establishes F major as the tonic and Bb major as the subdominant. This harmonic pattern, supported by the prominent F, C, A, and Bb chroma activations, clearly points to F major."
9906,Bb major,"The chord sequence primarily consists of Bb, Eb, and F major chords, which function as the I, IV, and V chords in the key of Bb major. The consistent use of these chords throughout the sequence strongly indicates Bb major as the tonic."
9907,Eb major,"The chord sequence consists primarily of Eb major, Bb major, and Ab major, which are the I, V, and IV chords of the Eb major scale. The chroma activations further support this, with the highest values corresponding to the tonic (D#/Eb) and dominant (A#/Bb)."
9913,Eb major,"The chord sequence consistently utilizes a cycle-of-fifths progression (C7-F7-Bb7-Eb) and relies heavily on the dominant (Bb7) resolving to the tonic (Eb), which are characteristic of Eb major. The chroma activations show strong peaks at F, Bb, and Eb, consistent with the identified key."
9916,F# major,"The chord progression is highly chromatic, making a traditional functional analysis difficult. However, F# major appears as the most frequent and stable chord, serving as the most plausible harmonic center for this piece."
9985,G major,"The chord sequence heavily alternates between G major and F major, with occasional C major chords, which strongly suggests the G Mixolydian mode or a blues-rock context in G major. The prevalence of these chords supports G as the tonic."
9986,B major,"The song alternates between two distinct harmonic sections, one centered around F major/Bb major/Ab major and another centered around B major/F# major. Given the prominence of the B major section, particularly the long sustained B major chord, it acts as a primary key center, despite the significant presence of the other harmonic sequence."
9987,B minor,"The chord progression is dominated by B minor, supported by common diatonic chords in that key such as A major (the VII chord), G major (the VI chord), and E minor (the iv chord). The chroma data also reinforces this as B is the most prominent pitch class."
9988,E major,"The chord sequence is dominated by E major, A major, and B major, which function as the I, IV, and V chords in the key of E major. The chroma activations, showing strong presence of E, A, B, and F#, further confirm E major as the tonal center."
9989,G major,"The chord sequence is heavily centered around G major, with the prominent use of G, C, and D chords acting as the primary harmonic foundation. The frequent inclusion of the A major and Bb major chords adds a modal flavor common in rock music, but the overall tonal center remains G major."
9990,E minor,"The chord sequence is heavily centered on E:min, with frequent transitions to D:maj and C:maj, which forms a common i-VII-VI progression in E minor. The occasional presence of B:maj and A:maj further reinforces the E minor tonality."
9999,B major,"The chord sequence consistently revolves around a repeating progression of B major, D major, and E major, with B major anchoring the pattern. The high chroma activation for B further supports its role as the tonic, establishing B major as the most likely key."
10000,F major,"The chord sequence is heavily dominated by F major, which accounts for the vast majority of the song's duration. While the repeating F# major and Ab major chords add chromatic flavor, they function as short decorative interruptions to the primary F major tonality, which is further supported by the chroma profile."
10001,B major,"The chord sequence is heavily anchored around B major, which functions as the tonal center throughout the piece, supported by the dominant F# major. The chroma activations strongly corroborate this, showing a prominent peak at B."
10002,F major,"The chord sequence shows a consistent emphasis on the F major chord, which is also supported by the highest chroma activation peak on F. The ending sequence of D minor, F, C, and G chords is consistent with the diatonic and functional relationships found in F major."
10003,G major,"The song frequently centers on the G major chord, which appears as the most consistent harmonic anchor throughout the sequence. The recurring progressions involve chords like A major and Bb major, which are common in rock-influenced harmonic styles, and while there is significant chromaticism including shifts to F# major and Ab major, the overall tonal center remains firmly in G major."
10060,Eb major,"The chord sequence is dominated by an oscillation between Eb major and E major, with Eb major chords having the longest total duration. Additionally, the chroma activations show a significant peak at D#/Eb (0.370), supporting Eb major as the primary tonal center."
10109,F minor,"The chord sequence heavily features F minor, Ab major, and C# major chords, which correspond to the i, III, and VI chords in the key of F minor. The harmonic structure, combined with the prominent chroma activations of C and Ab (the fifth and third of F minor), strongly confirms F minor as the key."
10190,D major,"The chord sequence identifies D major and A major chords, which form a strong I-V relationship in the key of D major. The chroma profile supports this, featuring significant activations for notes D, E, and F#, which are central to the D major scale."
10194,B minor,"The harmony is centered around B minor, utilizing common chords such as the ii (C# minor), III (D major), and VI (G major) within that key. The frequent oscillation between B minor and C# minor, along with the presence of D major and G major, strongly supports B minor as the tonal center."
10381,A minor,"The chord sequence consists almost entirely of an A minor chord, which is a strong indicator for the key of A minor. The chroma activations, featuring significant E and B alongside A and C, are also consistent with the A minor key center."
10382,Eb minor,"The song is dominated by an Eb minor chord for the vast majority of its duration. This, combined with the prominent chroma activations for notes consistent with the Eb minor scale, such as D# and A#, strongly indicates Eb minor as the key."
10383,F# minor,"The chord sequence is dominated by F#:min and B:min, with F#:min appearing most frequently and for the longest duration, suggesting it as the tonal center. The chroma activations show a very strong peak at F#, confirming its role as the tonic in the key of F# minor."
10388,C major,"The chord sequence relies heavily on the I-V-vi-IV progression (C major, G major, A minor, F major), which is characteristic of the key of C major. The chroma activations reinforce this, showing high values for the notes C, E, G, and A, which are all pillars of the C major scale."
10408,A major,"The chord progression alternates between A major and G major, which is a common feature of the mixolydian mode. Given that A major is used more frequently and for longer durations than G major, it functions as the tonic in the key of A major."
10412,A minor,"The chord sequence consistently features A:min as the tonic, supported by its dominant E:maj and subdominant D:min. This ii-V-i type progression in a minor key clearly points to A minor as the tonal center."
10415,C# major,"The chord sequence consists primarily of C# major, Ab major, and F# major, which function as the I, V, and IV chords in the key of C# major. The chroma activations are consistent with this analysis, showing a strong emphasis on the C# tonic and the G# (Ab) dominant."
10433,C major,"The chord sequence is dominated by C major, F major, and G major, which are the I, IV, and V chords in the key of C major. The chroma activations show strong peaks for C and G, confirming C major as the key."
10438,A major,"The chord progression is dominated by A major and E major, representing a clear I-V-I harmonic relationship indicative of A major. This is further corroborated by the chroma activations, which show the highest peaks at A and E."
10439,D major,"The chord progression alternates primarily between D major and A major chords, which corresponds to a I-V relationship in the key of D major. The chroma activations corroborate this, with strong peaks at D, E, A, and C#, all of which are defining notes of the D major scale."
10440,G major,"The chord sequence is strongly anchored by the G major chord, which appears frequently throughout the progression, establishing it as the primary tonal center. The appearance of G minor, Bb major, and C major chords suggests a modal or blues-influenced progression, but G major remains the tonic."
10441,B minor,"The chord progression is heavily dominated by B minor, which appears as the most frequent and longest-lasting chord. The presence of D major and A major provides functional harmonic context compatible with B minor, indicating it serves as the tonic of the piece."
10442,Bb minor,"The chord sequence consists almost entirely of a Bb minor chord for the duration of the track. The chroma analysis supports this with high activations for A# (Bb), C#, and F, confirming Bb minor as the tonic."
10443,C minor,"The chord sequence is heavily grounded in C minor, featuring frequent cadences from G major (the dominant) to C minor. The inclusion of Ab major and Eb major chords is consistent with the C minor scale and its relative major, reinforcing C minor as the tonic key."
10447,G minor,"The chord sequence is dominated by G minor, often alternating with Bb major and C major, which is characteristic of G Dorian or G minor. This is supported by the chroma activations, which are centered on G, D, F, and C."
10518,E major,"The chord sequence oscillates primarily between E major (the I chord) and B7 (the V chord), with an A major (IV chord) also appearing, which strongly indicates the key of E major. This analysis is supported by the chroma activations, which show significant peaks at E, A, and G#, all of which are primary notes in the E major scale."
10575,E major,"The chord progression is dominated by E major and A major, which represent the tonic (I) and subdominant (IV) chords in the key of E major. The presence of F# minor (ii) further supports this tonality, and the chroma peaks at E and B confirm the focus on the E major triad."
10604,G major,"The chord sequence consists primarily of G major, C major, A minor, D major, and B minor chords, all of which are diatonic to the G major scale. The frequent repetition and duration of the G major and C major chords strongly suggest a G major tonal center."
10941,D minor,"The chord sequence is dominated by D minor, A minor, and C major, all of which are diatonic to the D minor scale. The persistent return to D minor as the root chord indicates that D minor is the tonic."
10992,E minor,"The chord sequence is heavily dominated by E minor chords, which function as the tonal center for the majority of the track, interspersed with A minor. The prevalence of E, B, and G in the chroma activations further confirms E minor as the key."
11019,G# minor,"The chord progression is dominated by alternating C# minor and G# minor chords (labeled as Ab minor in the input). This is supported by the chroma data, which shows high activations for G# and D#, the tonic and dominant notes of the G# minor scale."
11135,F minor,"The chord sequence is clearly centered around F minor, which accounts for the vast majority of the duration. This is further supported by the chroma activations, which show the strongest peaks on F and C, corresponding to the tonic and perfect fifth of the F minor scale."
11154,F minor,"The chord sequence is dominated by F minor, which persists for the majority of the track. The movement between F minor and Bb minor is consistent with a i-iv harmonic progression in F minor, and the chroma profile shows a strong peak at F, further confirming this tonic."
11156,F minor,"The chord sequence is overwhelmingly dominated by the F minor chord, which acts as the tonic. The chroma data supports this with strong activations for the notes F, C, and G#, which are the root, fifth, and minor third of the F minor triad."
11205,D minor,"The chord progression is dominated by D minor, incorporating G minor (iv), C major (VII), and Bb major (VI) chords, which are all typical of a D minor tonality. The chroma activations support this analysis, showing significant activity on the notes D, A, F, E, and C, which are all prominent in the D minor scale."
11304,D major,"The song's chord sequence is heavily dominated by D major and G major chords, which correspond to the I and IV chords in the key of D major. This strong harmonic reliance on D as the tonic chord strongly suggests D major as the key."
11305,E major,"The chord sequence consists almost entirely of E major and E7, and the chroma activations are heavily centered on E, making E major the clear tonal center."
11306,D major,"The song is dominated by the D major chord and features a repeating chord progression of C, G, and D, which is characteristic of the D Mixolydian mode. The high prominence of D and A in the chroma activations, along with the C natural, supports D major as the tonic."
11307,E major,"The chord sequence is heavily centered on E major, which acts as the recurring tonal anchor. While there is frequent use of F major and A minor, the persistent return to E major strongly defines it as the tonic."
11308,E major,"The chord sequence is overwhelmingly dominated by E major, which is supported by the chroma profile showing high activation for E and B. Although there is a brief E minor chord at the end, the harmonic evidence clearly points to E major as the tonic."
11309,D minor,"The chord sequence is heavily dominated by the D minor chord, which persists for the vast majority of the duration. This is strongly supported by the chroma profile, which features high activations for D, A, and F, confirming the D minor triad."
11310,A minor,"The song's harmony is dominated by an ongoing oscillation between D minor and A minor chords, indicating A minor as the tonic. The opening E major chord functions as the dominant (V) leading into A minor, and the chroma activations for A, D, and E further corroborate this tonal center."
11434,A major,"The chord sequence consists entirely of an A major chord, which is strongly supported by the chroma activations with A as the dominant pitch class, followed by its chord tones E and G#."
11436,E major,"The chord sequence is dominated by an E major chord, which serves as the primary harmonic center for the vast majority of the duration. The chroma data strongly supports this with high activation for E, confirming E major as the likely key."
11438,B major,"Since the chord sequence provides no information, the analysis is based entirely on the chroma activations. The chroma vector shows a clear, dominant peak at 'B' (0.232), suggesting B is the tonal center of the piece."
11444,G minor,"The chord sequence is heavily anchored by G minor, which appears for the longest duration and functions as the primary tonal center. Other chords like Eb major and C minor are diatonic to G minor, while the occurrences of Bb:min and Ab:maj suggest chromatic embellishment rather than a modulation."
11472,F major,"The chord sequence is dominated by alternations between F major and D minor, which function as the I and vi chords in the key of F major. The chroma activations confirm this, showing strong presence of F, A, D, and C, which align with the F major scale."
11477,G major,"The chord progression consists of G major, B minor, and A minor, all of which are diatonic to the G major scale. The repetitive nature of the chords, combined with chroma activations showing strong emphasis on G, B, and D, confirms G major as the tonal center."
11623,E minor,"The chord progression is heavily dominated by E minor, which makes up the vast majority of the duration. The presence of G major is harmonically consistent as the relative major, and the chroma activations show strong peaks at E and B, which are foundational notes in the E minor scale."
11657,C major,"The chord progression is dominated by C major, supported by the G major (V) and F major (IV) chords, all of which are primary chords in the key of C major. The chroma profile confirms this with high activations on C and G."
11938,A major,"The chord sequence is heavily anchored by the A major chord, which appears with the longest duration. The frequent use of G major, along with the appearance of A minor, C major, and D chords, is indicative of a rock-based progression in the key of A. The high chroma activation of A further supports A as the tonic."
11940,E major,"The song is heavily centered on E, with E major chords appearing most frequently. The use of A major (the IV chord in E major) further supports E as the tonic, and while there are chromatic elements present, E major remains the dominant tonal center."
11954,Eb major,"The chord progression is anchored in Eb major, frequently cycling through Eb, Ab, and Bb chords. Although there is a harmonic shift towards F major and C major in the final seconds, the prevailing key throughout the sequence is clearly Eb major."
11956,G major,"The song is dominated by a G major chord throughout its duration. This is further supported by the chroma activations, where G and its perfect fifth, D, are the most prominent pitches."
11960,Eb major,"The chord sequence consistently revolves around Ab, Bb, and Eb chords, which function as the IV, V, and I chords in the key of Eb major. This tonic-dominant relationship is further corroborated by the chroma activations, which show peak values at G#/Ab, A#/Bb, and D#/Eb."
11999,A minor,"The chord sequence is heavily anchored by A minor and D minor, which function as the tonic and subdominant respectively. The high chroma activation for A further supports A as the tonic, while the presence of chords like A major, Bb major, and Eb major provides chromatic color without shifting the primary tonal center."
12000,F# major,"The chord sequence was uninformative, so the analysis was based on the chroma activations, which show high levels of F#, A#, and C#. These notes correspond to the F# major scale, with F# as the likely tonic, supported by the prominent third (A#) and fifth (C#)."
12003,D major,"The chord progression repeatedly cycles through C major, A major, and D major, with D major serving as the functional tonic. The chroma data further supports D as the primary pitch center, and the use of the C major chord is a common modal interchange (bVII) found in rock music to color the D major tonality."
12008,B minor,"The chord sequence consists primarily of repetitions between B minor and A major, indicating that B minor is the tonal center. The chroma activations support this analysis by showing high values for B, D, A, and C#, which are all notes within the B minor scale."
12013,B minor,"The chord sequence is heavily centered on B minor, which appears for the longest duration. Additionally, the chroma activation data shows B as the most prominent pitch class, strongly supporting B minor as the tonic."
12014,E major,"The chord progression is dominated by E major, B major, and A major, representing a clear I-V-IV progression in the key of E major. The chroma activations align with this analysis, showing significant weights for the notes in the E major scale."
12018,C minor,"The chord sequence consists primarily of C:min7 chords, and the chroma profile shows significant activation for the notes C, D, and D# (enharmonic to Eb), which are consistent with the C minor tonality."
12020,G minor,"The harmonic progression is centered around G minor, highlighted by the frequent use of G minor chords, as well as functional chords like Bb, F, Eb, and D. The chroma activations reinforce this with significant weights on G, D, and A# (Bb)."
12021,G major,"The chord sequence is dominated by G major and D major chords, which act as the tonic and dominant in the key of G major. This harmonic analysis is supported by the chroma activations, which show significant peaks at G, D, and F#, all of which are primary notes in the G major scale."
12100,D minor,"The chord sequence, featuring D minor, C major, G major, and Bb major, aligns well with the D minor scale. The high chroma activation for D and the extended duration of the D minor chord strongly indicate that D minor is the key."
12105,F major,"The chord sequence is heavily dominated by F major and includes the dominant C major chord, which strongly points to the key of F major. The presence of F minor is a common modal interchange element in this context, and the chroma activations (specifically high F and C with very low G#/Ab) confirm the major tonality."
12131,A minor,"The chord sequence containing F major and A minor, combined with the prominent chroma activations for E, A, and C, supports A minor as the key."
12147,D minor,"The chord sequence consists of a repetitive alternation between D minor and F major, which are relative keys. Given that D minor is the first chord presented and the chroma activations indicate a strong prominence of the pitch D, D minor is the most likely tonic."
12176,A major,"The chord progression is centered around the A major chord, which recurs throughout the sequence. The presence of D major and the C major chord (a common bIII modal borrowing in rock music) further supports A as the tonic, and the chroma profile shows a strong emphasis on the A pitch class."
12189,Bb minor,"The chord progression is dominated by Bb minor, Eb minor, and F# major chords, which strongly suggest a tonal center of Bb minor. The F# major chord functions as the VI chord (enharmonically Gb major) in this key, and the chroma activations (showing strong concentrations on A#/Bb, C#/Db, and D#/Eb) align well with the Bb minor scale."
12191,D major,"The chord sequence features a repeating pattern of D major, B minor, G major, and F# major chords, which fits the I-vi-IV-III progression common in D major. The F# major chord acts as a secondary dominant, emphasizing the B minor chord within the key of D major."
12290,G minor,"The chord sequence consists almost exclusively of G minor and G minor 7 chords, which strongly implies a key of G minor. This is consistent with the chroma profile, which highlights the notes G, Bb, and D."
12389,A major,"The chord sequence consists primarily of chords derived from the A major scale, including A major, F# minor, E major, and B minor. The chroma activations support this conclusion, with prominent peaks at A, E, F#, and B, all of which are primary notes in the key of A major."
12390,A minor,"The chord progression is dominated by A:min7, D:min7, and G:7, which are standard functional chords in the key of A minor. The high chroma activation for A further supports A as the tonic."
12491,Bb major,"The chroma profile is heavily dominated by A# (enharmonically Bb) and F, which are primary scale degrees in the key of Bb major. Given the sparsity of the detected chords, the chroma distribution provides the strongest evidence for Bb major as the tonic."
12492,F major,"The chord sequence consists primarily of chords diatonic to the F major scale, including F major, A minor, Bb major, D minor, G minor, and C major. The progression frequently features F major and related chords, strongly suggesting F major as the tonic key."
12494,D minor,"The chord sequence is heavily centered around the D minor chord, which acts as the tonic throughout. The presence of the dominant chords (A, A7) resolving to D minor, along with secondary chords like Bb (VI) and Gm (iv), strongly confirms D minor as the key."
12496,Ab minor,"The sequence is anchored by Ab minor, which appears with the highest frequency and total duration, acting as the tonal center. The alternating Eb major/minor and E major chords provide harmonic movement, but the focus remains on Ab minor."
12497,D minor,"The song is centered around a consistent oscillation between D minor and G minor chords, representing the i and iv chords in D minor. The later introduction of C major and Bb major chords (the VII and VI chords) strongly reinforces this tonal center as all chords used are diatonic to the D minor scale."
12500,G minor,"The chord progression consistently centers around G minor as the tonic, confirmed by the frequent use of its harmonic minor dominant, D major, and other related chords like C minor, Bb major, and Eb major."
12501,A minor,"The chord sequence is dominated by A minor, F major, and D minor, which are all diatonic chords within the key of A minor. The chroma activations also support this, with strong prominence on E, C, and A, which are the primary notes of the A minor triad."
12502,E major,"The chord sequence is dominated by chords diatonic to E major, including E major, A major, B major, F# minor, and C# minor. The frequent appearance of these chords, along with the chroma profile, strongly points to E major as the key."
12503,C major,"The chord sequence consists almost entirely of unrecognized chords, with the exception of a single brief C major chord. Given the lack of other harmonic information, C major is the most plausible key choice."
12504,C minor,"The chord sequence is heavily dominated by C minor, which establishes C as the clear tonic. The presence of a final C major chord and an E natural in the chroma activations suggests a Picardy third or modal interchange, but C minor remains the primary tonal center."
12507,C major,"The provided chord sequence contains no harmonic data, and the chroma activations are relatively uniform across all pitch classes with no clear tonal center. In the absence of meaningful harmonic information, C major is assigned as a neutral default."
12556,Ab major,"The chord sequence is dominated by the Ab major chord and includes other diatonic chords like Eb major, Bb minor, F minor, and C# major (enharmonic to Db major), which all belong to the Ab major scale. The high chroma activations for Ab (G#), Eb (D#), Bb (A#), and C further confirm the key of Ab major."
12590,C major,"The chord sequence is composed primarily of C major, F major, G major, A minor, and D minor, which are all diatonic to the C major scale. The frequency and placement of the C major chord throughout the progression strongly establish it as the tonal center."
12592,A minor,"The chord sequence consists primarily of A minor, C major, and G major chords, which are all diatonic to the A minor scale. The occasional use of E major and E minor functions as the dominant chord in A minor, further establishing A as the tonal center."
12650,B minor,"The chord sequence is heavily anchored by B minor, which appears frequently throughout the progression alongside its relative major chords (D major, A major). The consistent use of these chords, along with the chroma activations highlighting B, D, E, and F#, strongly indicates B minor as the tonal center."
12672,G major,"The chord progression is heavily centered around G, featuring numerous G major and G7 chords alongside common functional progressions like A7-D7-G7. The harmonic movement strongly establishes G as the tonic, consistent with standard G major tonality."
12676,G minor,"The chord sequence heavily features an alternation between G minor and D major, which strongly indicates a G minor tonality. The chroma activations further support this, with high values for G, D, and the leading tone F#, all of which are consistent with the G minor scale."
12851,A minor,"The chord data was completely absent, so the key was determined from the chroma activations. The strong presence of A and G# suggests A minor, with G# acting as the leading tone."
12855,F# major,"The chord sequence consists primarily of F#, B, and C# major chords, which correspond to the I, IV, and V chords in the key of F# major. The frequent repetition of F# as a stable center, combined with the presence of the IV and V chords, strongly supports the identification of F# major as the tonic."
12901,F# minor,"The chord sequence is heavily centered around the F#:min chord, which acts as the tonal anchor throughout the song. The other chords present, including B:maj, E:maj, A:maj, and D:maj, are all consistent with the key of F# minor, and the chroma activations strongly highlight the notes of this scale."
12945,A major,"The chord sequence cycles primarily through D, E, A, and F#, which corresponds to the IV, V, I, and VI chords in the key of A major. This is a common progression in pop music, with the F# major chord often serving as a secondary dominant or a borrowed chord replacing the natural vi (F# minor)."
12946,C minor,"The chord sequence consistently features a repetitive progression of C minor, Ab major, Bb major, and G major, which points strongly to C minor as the tonic. The G major chord acts as the dominant (V) leading back to the C minor (i) tonic, and the chroma activations, highlighting C, G, Ab, and Bb, further support the C minor harmonic context."
12947,C major,"The chord sequence consistently cycles between F major, C major, and G major, which corresponds to the IV-I-V chords in the key of C major. The high activations for G and F in the chroma profile further support this tonal center."
12951,Ab major,"The chord progression consists of C# major (enharmonically Db major), Ab major, Eb major, and F minor, which correspond to the IV, I, V, and vi chords in the key of Ab major. This is a common diatonic progression that strongly suggests Ab major as the tonal center."
12953,Bb major,"The chord sequence is dominated by the I, IV, and V chords (Bb major, Eb major, and F major) in the key of Bb major, supported by the ii chord (D minor). Although some chromatic chords appear later in the sequence, the consistent return to Bb major and the chroma activations, which highlight the Bb major scale notes, confirm this as the tonic key."
13079,C# major,"The harmonic progression prominently features C#, F#, and Ab, which functions as the V chord (G#) in the key of C# major. The chroma activations for C#, F#, and G# are consistent with this analysis, confirming the tonic."
13088,C major,"The chord sequence is dominated by a C major chord throughout the duration of the clip. The chroma activations are consistent with this, displaying the strongest peaks at the notes C, E, and G, which constitute the C major triad."
13090,C# minor,"The chord progression frequently cycles between the tonic (C# minor) and the dominant (Ab7), which is a hallmark of the C# minor key. This tonal center is further confirmed by the high chroma activations for G# and C#."
13177,B major,"Since no chords were recognized, the key was determined by analyzing the chroma activations. The most prominent chroma values (D#, E, A#, B) align strongly with the notes found in the B major scale."
13200,D minor,"The chord progression consistently features D minor, F major, and C major, with D minor being the most frequent and anchoring chord. Given the harmonic content and chroma activations, D minor is the most likely tonic key."
13217,Ab major,"The chord sequence prominently features Ab major, F minor, Bb minor, and C# major (enharmonic to the subdominant Db major), all of which are primary chords in the key of Ab major. The chroma activations reinforce this with significant presence of the tonic, subdominant, and supertonic scale degrees."
13247,A major,"The chord sequence consistently centers around the note A, with the harmony alternating between A minor and A major. Given the frequent return to A major and its status as the clear tonal center, A major is the most appropriate key assignment."
13249,A minor,"The chord sequence is dominated by an A minor chord, which lasts for the majority of the duration, following a shorter A major chord. The chroma activations show a significant peak at A, supporting A as the tonic and minor as the likely modality."
13324,Ab minor,"The chord sequence centers on Ab chords (both minor and major) and frequently uses the dominant chord Eb:7, which resolves to Ab. This tonal center is further supported by the chroma activations, where G#/Ab is the most prominent pitch class."
13328,F minor,"The song is predominantly centered around F minor, which is the most frequent and longest-held chord. The harmonic progression frequently cycles through F minor, Bb major, and Ab major, strongly establishing F minor as the tonic key."
13362,E minor,"The chord sequence is heavily centered around E minor, frequently alternating between E minor and A minor. The presence of B major acting as the dominant (V) chord further reinforces E minor as the clear tonal center."
13380,G minor,"The chord sequence consistently features G minor, Eb major, Bb major, F major, and C minor, all of which are diatonic to the G minor scale. The frequent return to G minor as a stable harmonic center strongly indicates it is the tonic."
13459,D major,"The chord sequence oscillates between D minor and D major, with D major chords having the longest total duration. The chroma activations support D as the tonic, showing high prominence for D and A, as well as both F and F#, reflecting the modal mixture between D minor and D major."
13474,D minor,"The chord progression is heavily centered around D minor, as it is the most frequent and longest-lasting chord in the sequence. The secondary chords, such as E minor 7, C major, and G minor, fit well within the D natural minor key, and the prominent chroma activations for D, A, and F further support this tonality."
13569,E minor,"The chord sequence is dominated by E minor, with supplementary chords like D major and A minor that are consistent with the E minor tonality. The chroma profile further supports this, showing strong activations for E, F#, G, and B, which are the fundamental notes of the E minor scale."
13591,D minor,"The chord progression is heavily centered around the D minor tonic (D:min7) and the dominant (A:7). The frequent inclusion of E:7 chords functions as a secondary dominant (V of V) to the A:7, which is a common harmonic device in D minor."
13597,E minor,"The chord sequence is heavily dominated by E minor (and E minor 7) chords alongside D major, which functions as the VII chord in the key of E minor. The strong chroma activation of E (0.290) further reinforces E as the tonic."
13709,C minor,"The chord sequence is dominated by C minor, which functions as the tonic, along with frequent appearances of Ab major and Bb major, representing the VI-VII-i progression common in C minor. This harmonic pattern is consistent throughout the clip and strongly identifies the key as C minor."
13765,C major,"The chord sequence is heavily dominated by alternating C major and G major chords, which function as the tonic and dominant in the key of C major. The occasional F major chord serves as the subdominant (IV), and the chroma distribution, with strong activations for C and G, further confirms this key."
13776,Ab minor,"The chord progression is dominated by Abmin7 and Ebmin7, which function as i and v chords in the key of Ab minor. The chroma activations reinforce this with significant peaks at Ab (G#) and Eb (D#), which are core notes of the Ab minor scale."
13912,G major,"The chord progression frequently centers around G, A, and D, which function as the I, II, and V chords in G major. The inclusion of the C major chord acts as a modal borrowed chord (iv in G major), and the high chroma activations for G, D, and A further support G major as the tonic."
13914,E major,"The chord sequence is heavily centered around E major, frequently utilizing the ii (F# minor) and V (B major) chords, which are diatonic to the E major scale. The chroma activations further support this, with strong prominence of the tonic (E) and dominant (B) notes."
13927,E major,"The chord sequence is dominated by E major, A major, and B major chords, which establishes a clear I-IV-V progression in the key of E major. While there are frequent E minor chords representing modal mixture, the tonal center remains firmly in E major, which is also supported by the high chroma activations for E, B, and D#."
13938,C major,"The harmony is dominated by alternating C major and G major chords, which represents a clear I-V progression in C major. This is reinforced by the chroma activations, which show high peaks on C, E, and G, consistent with the C major triad."
13939,C major,"The chord sequence consists primarily of C major, F major, and G major, which correspond to the I, IV, and V chords in the key of C major. The consistent use of these chords, along with the chroma activations highlighting C and G, indicates a clear C major tonal center."
13967,E major,"The chord sequence consists almost exclusively of E, A, and B chords, which correspond to the I, IV, and V chords in the key of E major. The chroma activations are also highest for B, E, and A, which further supports the conclusion that the piece is in E major."
13976,A major,"The song transitions through multiple harmonic sections, but the overall chroma profile, featuring prominent A, B, C#, D, E, and G# activations, strongly indicates A major as the prevailing tonal center. The final chord progression also settles into an A major context, confirming this as the most representative key."
13980,E major,"The song prominently features the E, A, and B chords, which correspond to the I, IV, and V chords in the key of E major. This harmonic progression is strongly supported by the chroma profile, which peaks on E and B, confirming E major as the tonic."
13998,A major,"The chord sequence consists primarily of A major, D major, and E major chords, which are the I, IV, and V chords respectively in the key of A major. The chroma activations also strongly align with the notes found in the A major scale."
14006,D major,"The chord sequence consists almost entirely of D major and A major chords, representing the I and V chords in the key of D major. This is further supported by the chroma activations, which show high concentrations of the notes A, D, and C#, all of which belong to the D major scale."
14007,D major,"The chord sequence is dominated by D major, G major, and A major/A7 chords, representing a classic I-IV-V progression in D major. The chroma activations support this analysis, showing D and A as the most prominent pitches."
14010,F major,"The chord sequence is dominated by F, Bb, and C chords, which represent the I, IV, and V chords in the key of F major. The repeated use of A7 functions as a secondary dominant (V/IV) leading to Bb, which is common in F major, and the chroma peaks in F and C further support this tonality."
14012,A major,"The chord sequence is dominated by A major, D major, and E major chords, which correspond to the I, IV, and V chords in the key of A major. The inclusion of B minor, the ii chord, is consistent with this key signature."
14014,E major,"The chord sequence is heavily centered around E major, frequently utilizing the I (E major), IV (A major), and V (B major) chords, along with the vi (C# minor) chord. The chroma activations further support this, with high prominence for E, G#, and B, which are consistent with the E major scale."
14016,E minor,"The chord sequence is dominated by E minor, with a clear harmonic progression involving the dominant (B7) and a chromatic vi7 chord (C7) leading back to the tonic. The chroma data further supports this, showing a peak on B, which is the dominant note of the E minor key."
14019,G major,"The chord sequence is dominated by G major, C major, and D major, which represent the tonic, subdominant, and dominant chords in the key of G major. The inclusion of A major chords functions as a secondary dominant leading to D major, which further reinforces G major as the tonal center."
14020,C major,"The harmony frequently cycles between C major and Bb major, with supporting chords like A minor and G major that align with the C major/mixolydian tonality. The prominence of C and Bb in both the chords and the chroma activations strongly supports C as the tonic."
14032,E major,"The chord sequence primarily alternates between E major and B major, which function as the I and V chords in the key of E major, while the F# major chord serves as the II chord. The chroma activations align with this, showing significant weight on notes found in the E major scale, such as E, F#, and B."
14033,G major,"The chord progression consists almost exclusively of alternating G major and C major chords. Given the frequency of these chords and the ending on a G major chord, G major is the most likely tonic."
14035,A minor,"The chord sequence is dominated by Am, D, C, and G chords. The frequent movement between Am and D is characteristic of the A Dorian mode, while the C-G-Am progression confirms A minor as the tonal center."
14039,A major,"The chord sequence is dominated by the A major chord, which has the longest total duration. The chroma activations are also highest at A, supporting A as the tonic."
14063,C major,"The chord sequence relies heavily on alternating C major and G major chords, which corresponds to a clear I-V relationship in the key of C major. The chroma activations support this, with strong prominence on the C and G notes."
14064,B major,"The chord progression prominently features B major, F# major, and Ab minor (which is enharmonic to G# minor, the relative minor of B major). These chords are consistent with the B major scale, and the repetitive alternating pattern between F# major and Ab minor strongly suggests B major as the tonic."
14067,Eb minor,"The chord sequence is dominated by the Eb minor chord, accompanied by F# major and C# major chords, which are diatonic to the Eb minor scale (or its relative major, Gb major). Because Eb minor is the most frequent and central chord, it is the most appropriate tonic for the key."
14068,Ab minor,"The harmonic progression is heavily centered around the Ab minor chord, which appears throughout the sequence. The presence of E major (the VI chord), C# minor (the iv chord), and Eb major (the V chord) further reinforces the Ab minor tonality."
14130,C# minor,"The chord progression is anchored around C# and features a recurring pattern of F# minor, B major, and Ab major, which are characteristic chords within the C# minor key (i, iv, VII, and V). The frequent use of C# major serves as a strong tonicization, consistent with a Picardy third or secondary dominant resolution within a minor context."
14131,B major,The chord sequence consists of a cycle of fifths progression (Ab:maj - C#:maj - F#:maj - B:maj) that functions as a chain of secondary dominants (V/V/V - V/V - V - I) resolving to B major. This harmonic structure is characteristic of the key of B major.
14132,E major,"The chord sequence consistently features E major, A major, and B major, which correspond to the I, IV, and V chords in the key of E major. The inclusion of the D major chord (bVII) is a common harmonic device in this context, and the chroma activations are highly consistent with the E major/Mixolydian scale."
14152,C minor,"The chord sequence is dominated by a C:min7 chord, with a brief shift to C:7 at the end. The chroma activations support C as the tonal center, and the prevalence of the C:min7 chord establishes the minor quality of the key."
14191,C minor,"The chord sequence oscillates between Cm7 and Eb-based chords, which function primarily as the i and bIII chords in the context of C minor. The frequent return to Cm7 suggests it serves as the tonic, making C minor the most suitable key label."
14229,G minor,"The chord sequence is dominated by a G minor chord, which strongly establishes G as the tonic. The chroma activations for G and D (the root and fifth of the chord) are among the highest, further supporting the identification of G minor."
14240,E minor,"The chord sequence consists almost entirely of an E minor chord, which is the strongest indicator of the key. While the chroma values include a significant G# activation, the dominance of the E minor chord throughout the provided duration strongly supports E minor as the tonic center."
14243,B minor,"The chord sequence is heavily dominated by B minor, which accounts for the vast majority of the duration. This is further supported by the chroma activations, which show significant peaks at B, D, and F#, the notes of the B minor triad."
14244,A major,"The chord sequence consists primarily of A major and D major, which are the I and IV chords in the key of A major. The chroma activations also strongly support this, with a dominant peak on A and significant activation for D and E, which are the other primary scale degrees in A major."
14245,C major,"The chord sequence is dominated by a long duration of C major, followed by a shorter section of C minor. Given the prominence of the C major chord, C major is the most likely key."
14263,C major,"The song spends almost the entire duration on a C major chord, which strongly indicates C major as the tonic. This is further supported by the chroma activations, which show significant peaks at C and E, the primary notes of a C major triad."
14279,D minor,"The chord sequence is heavily centered on D minor (i), frequently alternating with the dominant A/A7 (V) and subdominant G minor (iv) chords, which establishes a strong D minor tonality. This harmonic progression is confirmed by the chroma activations, which show significant peaks at D and A."
14281,D minor,"The chord progression is consistently anchored by D minor and D minor 7 chords throughout, establishing them as the tonal center. The use of A7 as a dominant chord, along with Bb major and G minor as subdominant-related chords, fits well within the harmonic framework of D minor, supported by the strong D and A presence in the chroma activations."
14282,D major,"The chord progression is centered around the D major chord, which appears frequently throughout the sequence as the primary tonal center. The presence of G minor and C minor chords suggests modal interchange, a common practice in D major that involves borrowing chords from the parallel minor key."
14283,G minor,"The chord progression consistently uses G minor, C minor, and D major, which corresponds to the i, iv, and V chords in the key of G minor. The strong presence of D major and G minor establishes G minor as the clear harmonic center."
14284,D major,"The chord sequence heavily features an oscillation between G chords and D chords, with D chords occurring more frequently and for longer total duration. This dominant-subdominant relationship, combined with the structural tendency to return to the D chord, indicates that D major is the tonic key."
14286,G minor,"The chord sequence is dominated by chords that fit within the key of G minor, specifically G minor (i), D major (V), C minor (iv), and F major (VII). The persistent alternation between these chords, particularly the use of D major as a dominant, strongly supports G minor as the tonic."
14287,D minor,"The chord sequence is heavily dominated by D minor, with frequent use of the iv (G minor) and V (A7/A) chords, creating a clear i-iv-V-i progression in D minor. The chroma activations reinforce this with significant peaks on the tonic (D) and dominant (A) notes."
14288,D major,"The chord sequence consists almost exclusively of a D major chord, which strongly points to D major as the tonic. While the chroma activations are slightly dispersed, they are consistent with the presence of the notes of the D major triad."
14289,G major,"The chord progression is dominated by the frequent alternation between G major and D major (or D7), which function as the tonic and dominant chords in the key of G major. This clear I-V relationship provides strong evidence for G major as the tonal center."
14345,F# minor,"The chord progression frequently centers around F# minor and its relative major A, with frequent returns to F#m7 and C#m7. The chroma activations, which show high values for the notes in the F# minor scale including A, C#, and F#, strongly support F# minor as the tonal center."
14347,A minor,"The chord sequence is overwhelmingly dominated by A minor, which indicates it is the tonal center. The presence of D major reinforces this as it functions as the IV chord in the key of A minor."
14364,F# major,"The chord sequence is dominated by an F# major chord lasting 48 seconds, which is supported by high chroma activations for F#. This indicates F# major as the clear tonal center."
14365,F minor,"The chord sequence consists almost entirely of an F minor chord for the majority of the song's duration, which strongly establishes F minor as the tonal center. While there is a significant F# activation in the chroma data, the chord recognition data is more indicative of the underlying harmonic structure."
14372,F minor,"The chord sequence is almost entirely an F minor chord, and the chroma activations show strong peaks on F and C, which correspond to the root and perfect fifth of the F minor triad."
14375,Bb major,"The chord progression consistently uses Bb major7, C minor, Eb major, and G minor chords, which are all diatonic to the Bb major scale. The recurrence of these chords in a I-ii-IV-vi functional sequence strongly supports Bb major as the tonic."
14384,D major,"The chord sequence consists of a repetitive D, Bm, G, A progression, which is a standard I-vi-IV-V chord progression in the key of D major. This harmonic structure is consistent throughout the clip and strongly points to D major as the tonal center."
14386,B minor,"The chord sequence consists almost entirely of a B minor chord, which is a strong indicator of the key. This is further supported by the chroma activations, which show a significant peak at the B pitch class."
14479,E minor,"The song consistently alternates between E minor and C minor chords. Given that E minor is the chord that both begins and concludes the sequence, it is most likely the tonic, with C minor acting as a chromatic mediant. The chroma activations reflect the notes present in both chords, specifically highlighting G and B, which are central to E minor."
14635,C# minor,"The chord sequence contains D major and C# minor. The progression from D major (a Neapolitan chord) to C# minor is a common harmonic movement in the key of C# minor. The chroma activations, while distributed, show prominent D and A, which are consistent with the D major chord and the C# minor scale."
14643,Eb major,"The chord sequence is dominated by an Eb major chord for the entire duration. This is confirmed by the chroma analysis, which shows strong peaks at D#/Eb and A#/Bb, both of which are prominent notes within the Eb major scale and triad."
14651,C major,"The chord progression is built entirely on the diatonic chords of the C major scale, including the tonic (C major), subdominant (F major), dominant (G major), and the relative minor (A minor). This common harmonic structure, combined with the prominence of the tonic chord, indicates that the song is in the key of C major."
14653,Eb major,"The progression is centered around Eb major and Ab major, which are the I and IV chords in the key of Eb major. The frequent use of F major, which acts as a secondary dominant (V/V), further confirms this key, and the chroma activations (particularly the high values for D# and F) are consistent with the notes in the Eb major scale."
14657,E minor,"The progression is centered on E minor, with frequent appearances of chords such as G major, A minor, and B minor, which are all diatonic to the E minor scale. The high chroma values for E, F#, G, and B further support E minor as the tonic."
14661,C major,"The chord sequence is dominated by C major, F major, and G major chords, which function as the I, IV, and V chords in the key of C major. The progression frequently resolves to the C chord, and the overall harmonic structure is consistent with C major, supported by the chroma activations."
14684,E major,"The chord progression prominently features E major, A major, and B major, which function as the I, IV, and V chords in E major. The sequence frequently resolves to the E major chord, and the chroma activations display a high peak for E, supporting this tonality."
14685,E minor,"The chord progression is dominated by E minor, D major, G major, and C major, all of which belong to the E minor scale. E minor functions as the clear tonal center throughout the piece, and the chroma activations strongly support this with prominent E, G, and D notes."
14686,Eb minor,"The chord sequence is dominated by repeated Eb minor and Ab7 chords, clearly establishing Eb minor as the tonal center. The chroma activations, which are highest at A#, D#, and G#, strongly support this analysis by highlighting the primary notes of the Eb minor scale and its functional harmony."
14693,A major,"The chord sequence is dominated by A major, E major, B minor, and D major, which are consistent with the key of A major. The frequent resolution to A major and the presence of these diatonic chords strongly confirm the key of A major."
14737,G major,"The chord progression is dominated by a repeated D-C-G sequence, which functions as a V-IV-I progression in the key of G major. The chroma activations show a significant presence of C natural, which further confirms G major over D major."
14738,G major,"The chord sequence is dominated by a D7 chord, which acts as the dominant (V) chord in the key of G major. The chroma activations further support this, as they show prominent D, F#, C, and A notes, all of which are consistent with the G major scale and the D7 chord."
14739,E minor,"The harmonic content is dominated by E minor, E major, and G major chords, establishing E as the tonal center. The chroma activations show a significantly higher presence of G over G#, which supports E minor as the home key despite the frequent use of E major chords."
14747,F major,"The chord sequence is dominated by F:maj, which lasts for nearly the entire duration of the provided 60-second snippet. This is strongly supported by the chroma data, where F is the most prominent pitch class."
14748,G minor,"The chord sequence oscillates between G minor and C minor, with G minor appearing frequently as a stable anchor. The chroma activations show a strong emphasis on G, D, and Bb (A#), all of which are primary notes in the G minor scale."
14796,F# major,"Despite the lack of significant chord information, the single chord provided is F# major. This aligns with the chroma activations, which show a clear peak at F#, supporting F# major as the most likely key."
14882,D major,"The chord progression consists primarily of D major, B minor, G major, and A major, which are the I, vi, IV, and V chords in the key of D major. These chords are diatonic to D major, and the chroma activations support this tonal center with prominent D, A, and F# values."
14886,C major,"The chord sequence heavily features alternating C major and A minor chords, which are the I and vi chords in the key of C major. The presence of G major (V) and F major (IV) chords further supports a C major tonality, and the chroma data showing high activation for C and A is consistent with this conclusion."
14887,E minor,"The song frequently alternates between E minor and B major, establishing E minor as the tonic. The use of G major and F# major is common in this key, and the consistent resolution to E minor throughout the sequence supports this conclusion."
14891,E major,"The chord sequence is composed primarily of E major and A major, which function as the I and IV chords in E major. The chroma activations support this with prominent peaks at E and B, identifying the tonic and dominant notes of the E major scale."
14895,G major,"The chord progression is dominated by G major, C major, and D major chords, which function as the I, IV, and V chords in the key of G major. The presence of the A major chord suggests a secondary dominant (V/V), and the high chroma activations for G, D, and B further support G major as the tonic."
14896,E major,"The chord sequence consists primarily of E major, A major, and B major, which are the I, IV, and V chords in the key of E major. The frequent alternation between these chords clearly establishes E major as the tonal center, supported by the high chroma activations for E, A, and B."
14897,E major,"The chord sequence consists primarily of E major, A major, B major, and C# minor, which correspond to the I, IV, V, and vi chords in the key of E major. These chords establish a clear and consistent tonal center, and the chroma activations support this conclusion."
14907,C major,"The chord sequence consists entirely of an alternating pattern between C major and F major, which are the I and IV chords in the key of C major. The chroma profile further supports this, showing strong activations for the notes C, F, G, and E, all of which belong to the C major scale."
14908,G major,"The chord sequence consists predominantly of G major, C major, and D major chords, which correspond to the I, IV, and V chords in the key of G major. This harmonic structure, combined with the high frequency and duration of the G major chord, strongly points to G major as the tonic."
14922,D minor,"The chord progression is dominated by D minor and D minor 7, which frequently move to G major, C major, and F major. This progression is characteristic of the D Dorian mode or D minor key, which is further supported by the chroma activations showing strong emphasis on the notes D, C, G, and F."
14934,E major,"The chord sequence relies heavily on a repeating progression of E major, B major, and A major, which represent the I, V, and IV chords in the key of E major. The chroma activations further support this, showing the strongest values for B, F#, and E, which are prominent notes within the E major scale."
14935,B major,"The song's harmonic progression is dominated by B major and E major, which serve as the I and IV chords in the key of B major. The inclusion of C# minor (ii) and the recurring return to B reinforce this tonal center, while the chroma activations align well with the B major scale notes."
14941,D major,"The chord sequence is dominated by D, G, and A major chords, which are the I, IV, and V chords in the key of D major. The inclusion of E major acts as a secondary dominant (V/V), which is common in this key, further solidifying D major as the tonal center."
14942,A major,"The chord progression is dominated by A major, D major, and E major, which function as the I, IV, and V chords in the key of A major. The clear, repeated focus on the A major chord strongly indicates that A major is the tonic."
14952,A major,"The chord sequence consists primarily of A, D, and E chords, which function as the I, IV, and V chords in A major. The frequent return to A major as the tonic and the presence of B major as a secondary dominant further confirm the key."
14953,G major,"The chord sequence is heavily dominated by G major, C major, and D major chords, which function as the I, IV, and V chords in the key of G major. The frequent use of these chords, alongside the A major chord functioning as a secondary dominant, strongly establishes G major as the tonic."
14954,E major,"The chord sequence is centered on E major, frequently utilizing the tonic (E), subdominant (A), and dominant (B/B7) chords. The presence of the minor subdominant (A minor) and the secondary dominant (F# major) are characteristic harmonic elements within the key of E major, which is further supported by the chroma profile."
14957,A major,"The chord sequence consists primarily of A, D, and E major chords, which are the I, IV, and V chords in the key of A major. This is further supported by the chroma activations, which show significant peaks at A and E."
14959,G major,"The chord progression repeatedly uses G major, C major, and D major, which are the I, IV, and V chords in the key of G major. The chroma activations show the highest values at G and D, further confirming the tonal center of G."
14964,A major,"The chord sequence consists primarily of A, D, and E chords, which correspond to the I, IV, and V chords in the key of A major. The chroma activations further support this, as they show high values for notes such as A, E, and G#, which are central to the A major scale."
14967,D minor,"The sequence consists almost entirely of a D minor chord, which establishes it as the tonic. The chroma analysis supports this conclusion, as D and A are the most prominent pitches throughout the clip."
14968,E minor,"The chord progression is dominated by E minor and D major, suggesting a tonal center of E minor. This is supported by the chroma activations, which show significant emphasis on the notes E and B."
14969,G major,"The chord sequence consists primarily of G major, C major, and D major chords, which function as the I, IV, and V chords in the key of G major. This harmonic progression strongly points to G major as the key."
14978,G major,"The chord sequence is heavily centered on G major, which acts as the tonic throughout the progression. This is further supported by the chroma activations, which show G, D, and B as the most prominent pitch classes, consistent with the G major triad."
14979,C minor,"The song is dominated by the chord C minor and its dominant, G major, which strongly indicates C minor as the tonic. This is consistent with the chroma activations, which show significant weight on the notes C, G, and Bb (labeled as A#)."
14990,E minor,"The chord sequence consists entirely of alternating between E minor and E major chords. The high chroma activation for E strongly supports E as the tonic, and the frequency of E minor suggests it as the home key."
14999,E major,"The chord sequence is heavily centered on the E major chord, which appears most frequently and acts as the primary tonal anchor throughout the song. Supported by the frequent use of A major and the chroma activations highlighting E and B, the harmonic structure is consistent with the key of E major, despite the presence of borrowed chords like A minor and D major."
15000,A major,"The chord sequence consists primarily of A, D, and E chords, which correspond to the I, IV, and V chords in the key of A major. The chroma activations strongly support this as well, with the highest values appearing on A and E."
15001,E minor,"The chord sequence is heavily dominated by E minor, which appears frequently and for significant durations throughout the track. The accompanying chords like G major, A minor, and C major are all consistent with the E minor tonality, and the chroma activations peak on E, G, and B, providing further evidence for this key."
15044,F major,"Since the chord recognizer did not provide any information, the key was estimated based on the chroma activations. F was the most prominent pitch, and the chroma distribution aligns sufficiently with the F major scale."
15124,E major,"The chord sequence is heavily dominated by E major, which persists for the vast majority of the clip. The chroma profile strongly correlates with this, showing peak activations for E, G#, and D#, which are essential notes of the E major seventh harmony."
15142,E major,"The chord sequence contains E major and B major chords, which typically function as the I and V chords in the key of E major. The chroma profile further confirms this, as the most prominent notes are E, B, D#, and G#, all of which are diatonic to the E major scale."
15228,A minor,"The chord sequence heavily alternates between E major/7 and A minor, which represents a clear dominant-to-tonic (V-i) relationship. This harmonic structure strongly establishes A minor as the key, with the high E chroma activation further supporting the prominence of the dominant chord."
15307,B minor,"The chord sequence consistently revolves around B minor, utilizing its relative major (D major) and other diatonic chords like G major, A major, and F# minor. The chroma activations align with the B minor scale, particularly with strong readings for F#, G, A, and B."
15438,Bb minor,"The chord progression consistently features the sequence Bbm-Ebm-Ab-Db-F, which is a classic i-iv-VII-III-V progression in the key of Bb minor. The frequent resolution from the dominant (F major) back to the tonic (Bb minor) further reinforces Bb minor as the tonal center."
15441,B minor,"The chord progression consistently revolves around B minor, frequently returning to the B:min chord and utilizing F#:maj as the dominant to resolve back to the tonic. The chroma activations, which show a strong presence of both F# and B, further support B minor as the key."
15446,B minor,"The chord sequence is dominated by the alternation between B minor and F# major, which establishes a clear i-V relationship. The chroma activations, which show significant weight on B and F#, further confirm B minor as the key."
15479,G major,"The chord progression is dominated by G, C, and D chords, which are the I, IV, and V chords in the key of G major. The consistent return to G as the primary tonal center, supported by the presence of B minor and the secondary dominant A major, confirms G major as the key."
15763,D major,"The chord sequence is dominated by a D major chord which acts as the likely tonic. The chroma activations support this, with D and A being the highest values in the distribution, which are the root and fifth of the D major triad."
15893,D minor,"The chord sequence frequently alternates between D minor and F major, while also utilizing the G major chord, which is characteristic of the D minor tonality or the D Dorian mode. The chroma activations, showing strong C and A presence along with the harmonic structure, confirm D minor as the central key."
15953,B minor,"The chord sequence is dominated by B minor, often alternating with E minor, A major, and G major, which points towards B minor as the tonic. The chroma analysis shows a clear peak on B, further supporting B minor as the key."
15954,C# minor,"The chord sequence is overwhelmingly dominated by a C# minor chord, accounting for the majority of the duration. The chroma profile confirms this, showing the highest activations for C# and G#, which are the root and fifth of the C# minor triad."
15956,D minor,"The chord sequence is dominated by D minor, supplemented by common diatonic chords such as Bb major (VI), G minor (iv), C major (VII), and A minor (v) within the D minor scale. The chroma activations are also consistent with this key, showing high prominence for the notes A, Bb, and D."
15957,A minor,"The chord progression is dominated by chords diatonic to A minor, such as Am, F, C, Dm, and Em. The frequent use of the A minor and F major chords as anchors, along with the resolution provided by E7, strongly suggests A minor as the tonic."
15958,A major,"The identifiable chords present, A major, F# minor, and C# minor, are all diatonic to the A major scale. Despite the majority of the recording being marked as non-chordal content, these identified chords strongly suggest A major as the key."
16062,D major,"The chord progression is dominated by D major, B minor, G major, and A major chords, which correspond to the I, vi, IV, and V chords in the key of D major. This harmonic structure is highly characteristic of the D major tonality, which is also supported by the chroma profile."
16115,C major,"The chord sequence is heavily anchored by C major and G major, with frequent use of borrowed chords from the parallel minor, such as Bb major, C minor, and Ab major. This use of modal interchange is common in many musical styles, reinforcing C as the tonal center."
16117,Ab minor,"The harmony is centered around Ab minor and its relative major, B major, which share the same key signature. The chroma activations prominently feature notes from the Ab minor scale, specifically B, D#, E, G#, and A#, supporting Ab minor as the tonic."
16118,A minor,"The chord sequence is heavily centered around A minor, frequently utilizing the A minor tonic and its dominant, E major. While there is a final A major chord, it functions as a secondary dominant or a modal shift, reinforcing A as the tonal center."
16119,F# major,"The chord sequence oscillates primarily between F# major and Eb minor, which is the relative minor key of F# major. The frequent recurrence of F# major as a tonic and the chroma activations, which show peak intensities on F# and associated scale tones like D# and A#, strongly support F# major as the tonal center."
16120,Eb major,"The chord sequence oscillates between G major and Eb major, which form a chromatic mediant relationship. Eb major is chosen as the tonic because it appears at the end of the sequence, has a slightly longer overall duration, and the chroma activations are consistent with the Eb major scale."
16121,F major,"The progression is built primarily on F major, C major, and D minor chords, which are the I, V, and vi chords of the F major scale, respectively. The frequent use of F major as an anchor throughout the sequence strongly suggests it as the tonic."
16122,A minor,"The frequent return to A minor as a chord, combined with the presence of C major and G major, strongly suggests A minor as the tonic. Additionally, the chroma activation peak at G# (the leading tone of A harmonic minor) further reinforces A minor as the key."
16123,F major,"The progression is centered around F, frequently alternating between F minor and F major chords. Given the repeated resolution to and dominance of F major, especially toward the end of the sequence, F major is the most appropriate key, with the other chords like Ab major and Eb major functioning as common borrowings from the parallel minor."
16124,A minor,"Despite the chromaticism in the earlier part of the sequence, the harmonic structure clearly resolves to and settles on A minor. The final section, featuring a clear V-i cadence (E major to A minor) and sustained A minor chords, indicates that A minor is the tonal center."
16126,C major,"Since the chord analysis was inconclusive (N), the key was identified based on the chroma activations. The prominence of C, E, and G, which form a C major triad, suggests C major is the most likely key."
16127,E minor,"The chord progression frequently centers around E minor and E major chords, with E being the most prominent chroma activation. The presence of F and C alongside these chords suggests an E minor tonality with significant chromaticism, consistent with an E minor or E Phrygian context."
16128,G minor,"The harmonic progression is strongly rooted in G minor, frequently utilizing the V-i cadence (D major to G minor) and the secondary dominant V/V (A major to D major). The inclusion of the relative major chord (Bb major) and the VI chord (Eb major) further establishes G minor as the clear tonal center."
16157,F minor,"The chord sequence is heavily centered around F minor, which is the most frequent and sustained chord. The harmonic progression frequently alternates between F minor and F# major, which is consistent with the chroma peaks at F and F#."
16241,Bb minor,"The chord sequence consists entirely of alternating Bb minor and Ab major chords, which points clearly to a Bb minor tonal center (i-VII). The chroma activations strongly support this, as they show high intensity for the notes found within the Bb minor scale and these specific chords."
16242,D minor,"The chord sequence is heavily dominated by the D minor chord, which accounts for the vast majority of the song's duration. This is further supported by the chroma activations, which show significant peaks at D and A. Other chords present, such as C major and A minor, are common in the key of D minor."
16248,B minor,"The chord sequence is dominated by B minor, which is used as the primary tonal center throughout the piece. The inclusion of D major (the relative major) and the occasional use of B major further support B minor as the established key, which is corroborated by the high B activation in the chroma data."
16343,C major,"The song consists almost entirely of a C major chord, strongly suggesting C major as the tonal center. This is further confirmed by the chroma analysis, which shows C and G as the most prominent pitches."
16354,Eb minor,"The chord sequence consists almost exclusively of an Eb minor chord, which is heavily supported by the chroma activations showing high peaks at D# (enharmonic to Eb) and A# (enharmonic to Bb)."
16392,A major,"Due to the lack of chord information, the key was identified by analyzing the chroma activations. The peaks in activation for A, E, and B strongly suggest A major as the tonic, dominant, and supertonic degrees of the scale."
16650,F minor,"The chord progression is dominated by F minor, which appears repeatedly and for significantly longer durations than the other chords. The presence of Ab major and Bb major chords is consistent with the F minor scale, supporting F minor as the tonal center."
16651,F minor,"The chord sequence is dominated by an F minor 7 chord, which strongly points to F minor as the tonal center. Although the chroma peaks are on C and G, these are characteristic notes (the fifth and the second/ninth) within the F minor harmonic context."
16652,G minor,"The harmonic progression is clearly centered around G, featuring a transition from G major chords in the earlier sections to a prolonged G minor tonality towards the end. The use of chords such as Bb major, C major, and F major is consistent with the G minor or G Dorian scale."
16655,E minor,"The chord progression frequently cycles between E minor and A major, with occurrences of B minor and E major, which is characteristic of the E Dorian mode. Given the frequent focus on E minor chords and the high chroma activations for E, B, and A, E minor is the most appropriate key classification."
16657,A minor,"The chord sequence is centered around an A tonal center, with frequent alternations between A minor and D major/dominant 7 chords. This harmonic movement is characteristic of the A Dorian mode, and the high chroma activation for A reinforces this as the tonic."
16673,C minor,"The chord sequence containing C:min, F:maj, and Bb:maj is consistent with the C minor scale, with C:min serving as the tonic. The chroma activations, showing strong presence of C, D, Eb, F, and G, also strongly support this tonal center."
16690,E major,"The harmony is centered around E major, utilizing common chords in that key such as the tonic (E), the vi chord (C# minor), and the secondary dominant V/vi (G# major, labeled here as Ab). The chroma activations support this, with prominent values for the notes E, F#, G#, and D#, which are all members of the E major scale."
16692,G major,"The chord progression frequently cycles through G major, D major, E minor, and C major, which are all diatonic chords in G major. The inclusion of A major, often functioning as a secondary dominant (V/V), further solidifies G major as the key."
16695,Bb major,"The chord sequence is heavily anchored by the Bb major chord, which appears for a majority of the song's duration. While there are brief chromatic interruptions from chords like B major and F# major, the sustained presence of the Bb major chord and the highest chroma activation at A#/Bb strongly point to Bb major as the tonic."
16696,E major,"The progression is dominated by E major, which functions as the tonic, supported by common chords in that key such as A major (IV) and B major (V). The chroma activations also show a strong preference for E, consistent with an E major tonal center."
16697,C# major,"The chord sequence is heavily centered on the C# major chord, with frequent use of B major and A major, which are common chords in the key of C# major via modal interchange. This harmonic consistency, supported by the strong C# chroma activation, points to C# major as the key."
16699,E minor,"While the track begins with A major and E major chords, it shifts into a stable E minor progression (i-III-V-VI) in the second half, ending firmly on E minor. The chroma activations are consistent with E minor, showing strong prominence for E, G, and B, while the low activation of C# argues against the A major key."
16702,C# major,"The chord progression prominently features C# major as both the starting and ending point, with supporting chords like F# major and B major, which are common in the C# major key. While there are appearances of C# minor and other major chords, these function as modal mixture or harmonic color, making C# major the most fitting tonal center."
16703,F# major,"The chord sequence is dominated by an oscillation between F#:maj and C#:maj, which correspond to the tonic and dominant chords in the key of F# major. The presence of the B:maj chord (the IV chord) further supports F# major as the tonal center."
16983,D major,"The chord sequence is heavily centered on D major, which appears multiple times and acts as the harmonic tonic. The presence of the A major chord, which is the dominant in the key of D, further reinforces this, while the other chords (B major and C major) are common chromatic variations often found in this context."
17132,A major,"The chord sequence is heavily dominated by A major and A7 chords, establishing a clear tonic. The presence of D major and E major as the IV and V chords, supported by the prominent A and E chroma activations, further confirms A major as the key."
17133,C# major,"The song is centered around C# major and F# major chords, forming a clear I-IV relationship that establishes C# as the tonic. This is confirmed by the high chroma activations on notes consistent with the C# major scale, such as C# and G#."
17327,B major,"The chord progression is dominated by a repeating sequence of B major, E major, Ab (enharmonically G#) major, and C# major. These chords function well within the key of B major, where the B major is the tonic, E is the subdominant, and the Ab (G#) and C# major chords act as secondary dominants."
17328,D major,"The chord sequence is dominated by the D major and A major chords, functioning as the tonic and dominant in the key of D major. While there are chromatic elements such as Ab major and F# major present, the overall harmonic progression consistently resolves back to D major."
17355,D major,"The chord sequence consists of D major and A major, which are the I and V chords of the D major scale. The chroma activations are also consistent with the D major scale, showing significant presence of its primary notes including D, E, F#, and A."
17364,D major,"The chord sequence consists entirely of an alternating A major and D major progression, which functions as a strong V-I cadence in the key of D major. The chroma profile, with prominent A, D, E, and F# activations, further supports D major as the tonic."
17439,C# major,"The chord sequence is heavily centered on C# major, which appears for the majority of the duration. While there are shifts to other chords like E major, D major, and C major, the recurring presence of C# major strongly indicates it functions as the tonic key."
17524,A major,"The chord progression consistently features A major, D major, and E major, which represent the I, IV, and V chords in the key of A major. The presence of G major is a common variation in rock-oriented chord progressions in this key, and the high chroma activations for A and E further support A major as the tonic."
17571,E minor,"The chord progression is dominated by E minor (i) and G major (III), with B7 (V) frequently appearing to pull the harmony back to E minor. The chroma activations are also consistent with this analysis, showing high peaks on E, G, B, and F#, which correspond to the notes found in the E minor and B7 chords."
17576,C major,"The chord sequence is heavily dominated by C major and G major, which are the I and V chords in the key of C major. The brief inclusion of C minor and Eb major chords represents common modal interchange borrowed from the parallel minor key, which is a frequent occurrence in many popular music styles."
17589,B minor,"The chord sequence consistently revolves around B minor, utilizing chords like B minor, G major, A major, and D major, which are all diatonic to the B minor scale. The high chroma activation for B, along with secondary peaks at A and D, strongly reinforces B minor as the tonic."
17595,C# minor,"The chord sequence is heavily dominated by C# minor and utilizes chords (A major, B major, F# major, E major) that are all diatonic to the C# minor key. The chroma activations corroborate this, with the highest values concentrated on C#, E, and G#, which are the root, minor third, and fifth of the C# minor chord."
17601,D major,"The chord sequence consists primarily of D major, G major, and A major chords, which represent the I, IV, and V chords in the key of D major. This functional progression is strongly supported by the chroma activations."
17602,F# major,"The chord sequence consists primarily of F# major, B major, and C# major chords, which represent a consistent I-IV-V progression in the key of F# major. This is reinforced by the chroma activations, which show significant peaks at F#, C#, and B, consistent with the F# major scale."
17603,D major,"The chord sequence is dominated by D, G, and A chords, which correspond to the I, IV, and V chords in the key of D major. The chroma activations further support this, with strong peaks at D and A, confirming D major as the tonal center."
17831,G major,"The chord sequence is dominated by G major, accompanied by IV, V, and ii chords (C, D, and A minor) that are diatonic to the G major scale. This harmonic progression strongly points to G major as the tonic."
17839,B minor,"The chord sequence is heavily dominated by the B minor chord, and the brief inclusion of E minor suggests a typical i-iv functional harmonic movement in B minor. The chroma activations align with this, showing a prominent peak at B, which confirms B as the tonic."
17845,B minor,"The chord sequence is dominated by B minor, which appears for nearly the entire 60-second duration. The brief inclusion of E minor (the iv chord in B minor) further reinforces B minor as the tonal center."
17992,Eb minor,"The harmony is centered on Eb minor throughout the majority of the track, characterized by frequent oscillations between Eb minor and its dominant, Bb7. Although the song modulates to its relative major, F# major, toward the end, the harmonic foundation remains firmly established in Eb minor."
18101,E major,"The chord sequence consists primarily of E, A, and B chords, which correspond to the I, IV, and V chords in the key of E major. Furthermore, the chroma activations show significant peaks at E and B, which are the root and fifth of the tonic triad, confirming E major as the key."
18104,E major,"The chord sequence is composed primarily of E major, A major, and B major chords, which represent the I, IV, and V chords in the key of E major. This analysis is strongly supported by the chroma activations, which show significant peaks at E and B, confirming E major as the tonic."
18113,A major,"The chord progression is dominated by repeated alternations between A major and E major, which constitutes a standard I-V progression in the key of A major."
18140,A major,"The chord progression frequently cycles between A major, D major, and E major, which function as the I, IV, and V chords in the key of A major. These chords, along with the high chroma activations for A, E, and G#, strongly establish A major as the tonic."
18141,E major,"The chord sequence features a repetitive pattern of E major, A major, B major, and C# minor chords, which corresponds to the I, IV, V, and vi chords in the key of E major. The chroma activations are also consistent with this, showing significant weight on the tonic E, as well as the subdominant A and dominant B notes."
18142,D major,"The chord progression is heavily dominated by the D major chord, which functions as the tonic, with frequent use of A major and C major. The prevalence of these chords is characteristic of a rock-style progression in the key of D major or D mixolydian."
18307,B major,"The chord sequence primarily revolves around chords rooted in B and C#, with B major and B minor appearing frequently throughout the progression. The high chroma activations for B and C# further support a key centered in this area, making B major a suitable harmonic interpretation for this somewhat chromatic piece."
18347,F major,"The harmony is centered around F major, with frequent returns to F major, C major, and A minor chords. While the sequence includes chromatic elements, the overall harmonic foundation and the prominence of these diatonic chords strongly suggest F major."
18383,B major,"The chord sequence relies heavily on B major, E major, and F# major, which correspond to the I, IV, and V chords in the key of B major. The presence of other chords like Ab minor (vi) and C# minor (ii) further supports this conclusion, and the chroma activations also highlight B, F#, and E as the most prominent pitch classes."
18384,A major,"The chord sequence is heavily anchored on the A major chord, with strong support from E major (the dominant) and C# minor (the mediant), which are all diatonic to A major. The frequent inclusion of F# major and B major chords functions as secondary dominants, further reinforcing A major as the tonic."
18394,A major,"The chord sequence oscillates primarily between A major and B major, with F# minor appearing at the end, which are all characteristic of the key of A major (I-II-vi). The prominence of the A and B chroma values further confirms A major as the tonic."
18584,D major,"The chord sequence is dominated by a prolonged D major chord, interspersed with occasional G major chords acting as a subdominant (IV) in the key of D. This analysis is strongly supported by the high chroma activation for D."
18586,C major,"The chord sequence consists almost entirely of a C major chord for the majority of the duration. This harmonic content is strongly supported by the chroma activations, which show the highest peak at C."
18599,C# minor,"Due to the absence of chord data, the key was determined by analyzing the chroma activations. The most prominent notes, C#, E, G#, and A, strongly align with the C# minor scale."
18603,F major,"The chord progression frequently alternates between F and Bb, with a C7 chord appearing near the end, which is characteristic of a I-IV-V progression in F major. The chroma activations are also consistent with this analysis, showing high values for the tonic F and other key-defining notes."
18616,D major,"The chord sequence consists primarily of D major, G major, A major, and B minor chords, which correspond to the I, IV, V, and vi chords in the key of D major. The chroma activations further support this, showing high concentrations of the tonic D and other notes prominent within the D major scale."
18636,C# major,"The chord progression frequently cycles through F# major, C# major, and Ab major, which are the IV, I, and V chords in the key of C# major. The presence of the Bb minor chord, which is the relative minor (vi), further supports this tonal center."
18642,Eb major,"The chord sequence consists predominantly of Eb major, Ab major, and Bb major chords, which represent the I, IV, and V chords in the key of Eb major. The frequent repetition and harmonic movement between these chords strongly support Eb major as the tonal center."
18683,E minor,"The chord progression frequently alternates between E minor and B major, functioning as the i and V chords in the key of E minor. The use of A minor as a iv chord further supports this tonal center."
18691,Ab major,"The chord progression consistently features the ii-V-I sequence of Bb minor, Eb major, and Ab major, which strongly establishes Ab major as the tonic. This harmonic analysis is supported by the chroma activations, showing strong presence at Ab, Bb, and Eb, all of which are primary notes in the Ab major scale."
18694,Ab major,"The chord sequence containing Eb7 followed by Ab chords strongly indicates a dominant-to-tonic progression in the key of Ab major. Additionally, the chroma profile shows a high activation for G# (the enharmonic equivalent of Ab), which supports this tonal center."
18710,A major,"The chord sequence consistently features A major, F major, and E major, where E major functions as the dominant (V) leading to the A major tonic, and F major serves as a common chromatic mediant (bVI) chord. The chroma activations, particularly the high values for A and G# (the leading tone of A major), further support A major as the tonic."
18712,F major,"The chord sequence consistently features F major (I), C7 (V), and G7 (V/V) chords, which are primary harmonic markers for the key of F major. Additionally, the high chroma activations for F, C, and E further support this tonal center."
18713,Eb major,"The harmonic progression is centered around Eb major, characterized by frequent V-I cadences (Bb7 to Eb) and the use of the iv-minor chord (Ab minor). The chord durations strongly prioritize Eb major as the tonic, and the chroma activations align well with the notes of the Eb major scale."
18715,Bb major,"The progression is primarily composed of Bb, Eb, F, and G minor chords, which are all diatonic to the key of Bb major. The chroma activations support this, showing significant emphasis on Bb, F, and G, which are foundational notes in the Bb major scale."
18742,B minor,"The chord sequence centers around B minor, frequently alternating with E major and F# major, which function as the IV and V chords respectively. The chroma analysis strongly supports this as the B note has the highest activation value."
18743,C major,"The chord sequence consists primarily of C major, G major, F major, and A minor, which are all diatonic chords in the key of C major. The frequent resolution to the C major chord and the overall harmonic progression strongly confirm C major as the tonic key."
18744,E major,"The chord sequence consists primarily of an oscillation between E major and A major, which function as the I and IV chords in the key of E major. The chroma profile reinforces this with strong activations for the E major scale notes, including E, G#, B, and C#, confirming E major as the tonal center."
18745,C major,"The sequence is composed of a repetitive C major, A minor, and F major chord progression, which follows a standard I-vi-IV functional harmonic pattern in C major. The chroma activations confirm this, showing significant concentrations on the notes C, E, and G, which define the C major triad."
18746,A minor,"The harmonic progression frequently oscillates between A minor and D minor, establishing A as the consistent tonal center. While there are later sections featuring different chord qualities and transitions, the overall structure and the chroma data both support A minor as the home key."
18747,G major,"The progression centers around G, frequently alternating between G major, G minor, C major, C minor, and Eb major. Given the prominence of G as both a chord and in the chroma activations, G major is the most appropriate key label."
18751,A major,"The chord sequence is heavily dominated by A major, which functions as the tonic, alongside frequent appearances of the IV (D major) and V (E major) chords. This progression is characteristic of the key of A major, and the chroma analysis also shows a strong emphasis on the note A."
18753,B minor,"The harmonic progression is dominated by a repeated alternation between B minor and E minor, accompanied by the dominant F# major chord. This clearly establishes B minor as the tonal center, which is further corroborated by the high chroma activations for B, E, and F#."
18803,F# major,"The chord sequence displays a clear C# major to F# major progression, which functions as a V-I cadence in the key of F# major. The subsequent G major chord acts as a Neapolitan (bII) chord. The chroma activations are consistent with this analysis, showing prominence for the tonic F# and its second scale degree G#."
18823,E major,"The chord sequence consistently oscillates between E major (including Emaj7) and A minor (including Amin7). Given the prominence of E major as the chord to which the sequence frequently returns, E major is identified as the tonic key, with the A minor chords functioning as a borrowed iv chord (common in minor-inflected major keys)."
18887,A minor,"The chord sequence consistently centers on A minor, which appears most frequently and acts as the tonal home. The presence of C major and B minor, combined with chroma activations highlighting A, C, and E, strongly confirms A minor as the key."
18888,E minor,"The chord sequence is heavily dominated by E minor and E minor 7 chords, establishing E as the clear tonic. The chroma analysis supports this with E being the most prominent pitch class."
18891,G major,"The chord sequence consistently alternates between G major and E minor, which function as the I and vi chords in the key of G major. This repetitive harmonic structure, combined with the high activation of G in the chroma data, strongly supports G major as the tonic."
19070,D minor,"The chord sequence contains D minor, F major, C major, and A minor, all of which are diatonic to the D minor scale. The significant duration of the D minor chord, particularly at the end of the sequence, strongly indicates that D minor is the tonal center."
19207,Eb major,"The harmony is primarily composed of Eb major and Ab major chords, which represent the I and IV chords in the key of Eb major. This is supported by the chroma activations, which show strong values for Eb, G, and Bb, the notes that constitute the tonic chord of the key."
19246,F# major,"The progression is strongly anchored by the F# major chord, which appears most frequently throughout the sequence. The presence of C# major (the dominant) and B minor (the minor subdominant) further confirms F# major as the tonal center."
19250,G minor,"The chord progression prominently features a frequent alternation between G minor and D major, which is a classic i-V relationship that establishes G minor as the tonic. Other chords present, such as Bb major and C minor, are consistent with the G minor harmonic context."
19252,G minor,"The harmony centers around G minor, supported by frequent occurrences of the tonic (G minor) and its dominant (D major). While there is significant chromaticism, the consistent recurrence of G minor throughout the sequence establishes it as the primary tonal anchor."
19253,B major,"The chord sequence contains only B major as an identified chord, and the chroma profile is heavily dominated by the note B (0.509), strongly indicating B major as the key."
19254,B major,"The chord progression is heavily dominated by B major, which appears as the tonic chord throughout the vast majority of the sequence. While there are brief occurrences of C major and E minor, these appear to be passing chords or borrowed chords that do not change the underlying tonal center. The high activation of B in the chroma data further supports B as the tonic."
19255,B minor,"The chord sequence is heavily centered around B minor, with F# major frequently acting as the dominant chord. While there are some chromatic elements, the harmonic structure consistently returns to B minor."
19256,D minor,"The chord sequence frequently centers around D minor, with strong functional support from its iv (G minor) and V (A major/A7) chords. The chroma profile further supports this, with prominent peaks at D, A, and F, which are notes in the D minor tonic triad."
19257,D minor,"The chord sequence frequently features D minor, G minor, A major, and Bb major, which are standard chords in the key of D minor. The recurring focus on the D minor chord, combined with the presence of the A major (dominant) chord, strongly indicates D minor as the tonic."
19260,D major,"The song spends a significant portion of its duration on a D major chord, which serves as the primary anchor for the harmonic progression. While there are chromatic elements like the Eb major chord acting as a Neapolitan substitute, the strong emphasis on D major throughout the piece supports D major as the tonal center."
19261,A minor,"The progression is centered around the repetition of E major and A minor, which represents a strong V-i harmonic relationship. The presence of other chords such as F major, C major, and B major further confirms A minor as the tonal center."
19264,D minor,"The chord sequence is dominated by the D minor chord, which lasts for nearly the entire duration, strongly suggesting it as the tonic. The chroma activations support this, with the highest values corresponding to the notes D, F, and A, which constitute the D minor triad."
19297,D major,"The chord sequence is heavily centered on the D major chord, which appears for the vast majority of the duration. The consistent use of D major along with secondary chords like C major and G major supports a key of D major."
19322,D major,"The chord sequence is centered around D major, frequently utilizing the I (D), IV (G), and V (A) chords. The inclusion of the C major chord is a common occurrence of the borrowed bVII chord in D major, and the chroma activations further reinforce the dominance of the D and A notes."
19323,A major,"The chord progression frequently cycles through A major, D major, and B minor, all of which are diatonic to the A major scale. This harmonic pattern, supported by the prominent chroma activations for A, D, B, and F#, strongly indicates that A major is the home key."
19392,Bb major,"The chord sequence is heavily dominated by the Bb major chord, which serves as the primary tonal center. Other chords present, such as Eb major, G minor, and C minor, are largely diatonic to the Bb major scale, and the high activation of the A# (enharmonic to Bb) chroma further confirms this key."
19397,A major,"The chord progression is dominated by A major, D major, and G major chords, which is characteristic of the key of A with a frequent bVII (G major) chord found in Mixolydian-influenced rock. The consistent presence of the A major chord as the most frequent and long-lasting harmonic element strongly indicates that A is the tonic."
19424,C# minor,"The chord sequence is heavily centered on the C# minor chord, which accounts for the vast majority of the duration. The use of A major chords is consistent with the VI chord in the key of C# minor, and the chroma profile displays a strong peak at C#."
19426,A minor,"The chord progression frequently centers around A minor and moves between G major and D minor or D major, which is characteristic of the A minor/A Dorian tonality. The consistent return to A minor as the primary tonal center strongly supports this key."
19440,B minor,"The chord sequence primarily oscillates between B minor and E major, which are both characteristic of the B Dorian mode. The strong dominance of B in the chroma activations further confirms B as the tonal center."
19443,F# minor,"The chord sequence is heavily dominated by F# minor, which accounts for the vast majority of the song's duration. The chord sequence and chroma activations consistently point to F# minor as the tonic, with A major appearing briefly as a relative major."
19539,E minor,"The harmony frequently oscillates between G major and E minor, with E serving as the tonal center throughout the progression. The high chroma values for E, G, and B, combined with the ending of the chord sequence on an E minor chord, support E minor as the tonic."
19637,F major,"The chord progression alternates between F major and D minor, with F major being the dominant chord by total duration and appearing at the start and end of the sequence. The chroma activations support this, with strong F, D, and C peaks which are foundational to the F major scale."
19638,C minor,"The harmony is centered on C, with a frequent use of Ab and F minor, which are characteristic of the C minor key. Although there are numerous C major chords and the piece ends on one, the overall harmonic structure and the chroma activations (which show a stronger D# than E) support C minor as the primary tonal center."
19639,F minor,"The chord sequence consists almost entirely of an F minor chord sustained for 53.2 seconds. This is strongly supported by the chroma profile, which shows a prominent peak on F, indicating that F minor is the tonic."
19649,E minor,"The chord sequence centers around E, with frequent use of the B major chord as a dominant (V) and C major as the submediant (VI), establishing E minor as the tonic. The chroma data, showing high prominence for E, B, and F#, further supports this tonal center."
19658,G major,"The chord sequence is anchored around G major and G minor chords, with G major appearing for the longest duration. The chroma analysis also shows G as the most prominent pitch, strongly pointing toward G major as the key."
19668,B major,"The chord progression consists of Abm, F#, and E, which function as the vi, V, and IV chords in the key of B major. The chroma profile further supports this tonal center with strong activations for B, G# (Ab), and F#."
19670,D major,"The chord sequence is heavily dominated by D major and A major chords, which correspond to the I and V chords in the key of D major. The chroma profile aligns with this, showing significant activation for D, A, and C#, which are the foundational notes of these chords."
19671,B minor,"The chord sequence is heavily centered around B minor, with frequent occurrences of the B minor chord, often approached by the E major chord (the V of B minor) and A major chord. The chroma profile further supports this with a strong emphasis on B as the tonic."
19680,A minor,"The chord sequence consistently revolves around A minor as the tonic, frequently returning to it and utilizing common chords from the A natural minor scale such as Dm, Em, F, C, and G. This tonal center is also strongly supported by the chroma activations, which show the highest emphasis on A, G, B, C, D, and E."
19683,C major,"The chord sequence is dominated by the C major chord, supported by a brief appearance of the G major chord as a dominant, which strongly indicates a tonal center of C. The chroma activations further support this with significant prominence of C and G."
19684,Ab major,"The chord sequence consists entirely of an Ab major chord, and the chroma activations show a strong emphasis on the notes of the Ab major triad (Ab/G# and Eb/D#), confirming Ab major as the key."
19705,F minor,"The chord sequence is heavily dominated by F minor, which appears consistently throughout the song along with its relative major, Ab major. These chords, in addition to the emphasis on F and Ab in the chroma activations, confirm F minor as the tonic."
19707,G major,"The harmonic progression is dominated by G major and D major chords, which correspond to the tonic (I) and dominant (V) chords of the G major scale, providing strong evidence for G major as the key."
19708,C major,"The chord sequence is dominated by a 15.5-second C major chord, which establishes it as the likely tonic. Although there is a brief appearance of C# major and related chroma activity, this is momentary and does not supersede the primary tonal center."
19718,F# major,"The harmony is centered around the F# tonic, with frequent use of the F#, B, and C# major chords, which function as the I, IV, and V chords in F# major. While there is significant modal mixture including minor chords, the sequence is strongly grounded in F# major."
19720,Eb minor,"The chord sequence is heavily anchored by a long duration of Eb minor, which strongly establishes the tonal center. The brief progression of B major to C# major followed by Eb major serves as a cadence within the Eb minor context, with the final Eb major functioning as a potential Picardy third."
19721,F major,"The chord sequence is heavily dominated by the F major chord, which serves as the stable tonal center despite the presence of chromatic chords like G major and C# major. The frequent return to F major throughout the track confirms it as the tonic."
19722,B major,"The chord sequence primarily features B, E, and F# chords, which function as the I, IV, and V chords in the key of B major. The frequent inclusion of the A major chord is a common borrowing from the parallel minor or mixolydian mode, which is frequently used in rock music within the key of B major."
19724,C major,"The chord progression features F major, G major, and D minor, which are all diatonic chords within the C major scale. The high chroma activation for D is consistent with the root of the D minor chord and the fifth of the G major chord, both of which are prominent in the progression."
19726,Ab major,"The chord sequence consists primarily of Ab major, F minor, and C# major (enharmonic to Db major), which represent the I, vi, and IV chords in the key of Ab major. The chroma activations further support this, as they show strong presence of the Ab major scale tones, particularly Ab (G#), C, and Db (C#)."
19741,Bb minor,"The chord progression is centered around Bb minor and its relative major, Db major (represented as C# major), which is supported by the chroma activations with high values for Bb (A#), Db (C#), and Ab (G#). Although the later chords in the sequence, such as G major and D major, indicate harmonic movement or non-functional chromaticism, the initial established tonal center remains the most consistent fit."
19742,Bb minor,"The progression is centered on Bb with both major and minor qualities, characteristic of modal mixture. The presence of Eb minor and Ab major chords strongly supports a Bb minor tonality."
19757,G minor,"The chord sequence is heavily centered on G minor, Bb major, and C major, which are all diatonic to the G Dorian mode. The recurrence of these chords, along with the high chroma activations for G and Bb, strongly support G minor as the tonic."
20013,A minor,"Due to the absence of chord information, the key was determined by analyzing the chroma activations, which show a strong emphasis on A, E, and F. These notes are consistent with the A minor scale, suggesting A minor as the most likely key."
20033,D minor,"In the absence of chord data, the key was identified using the chroma activations. The high values for D and A (the tonic and dominant) combined with a significant A# (the enharmonic equivalent of the Bb scale degree in D minor) suggest D minor as the most likely key."
20044,F major,"Since the chord recognizer did not identify any chords, the key was determined solely by the chroma activations. The chroma profile exhibits the highest activation at F, along with notable peaks at G, A, and C, which are all characteristic of the F major scale."
20052,D major,"The chord sequence primarily utilizes D major, G major, B minor, and E minor7 chords, which are all diatonic to the D major scale. This is further corroborated by the chroma activations, which show strong values for the notes D, E, F#, G, A, and B, all of which belong to the D major scale."
20053,C major,"The chord progression is dominated by C, F, and G, which are the I, IV, and V chords in the key of C major. This harmonic structure is supported by the chroma activations, which show a strong emphasis on C."
20055,B major,"The chord progression is dominated by B major, E major, and F# major, which function as the I, IV, and V chords in the key of B major. The chroma activations also support this, with prominent peaks at B, E, and F#."
20123,D major,"The song is predominantly composed of D major chords, with supporting IV (G major) and V (A major) chords, establishing a strong D major tonality. This is further corroborated by the chroma profile, which highlights D, A, and F# as the most frequent pitches."
20124,G minor,"The song prominently features G minor as the primary tonal center, given the long durations of G minor chords at the beginning and end of the sequence. The surrounding chords, including D minor and Bb major, align well with the G minor scale, and the chroma activations confirm this by showing high values for the G and D notes."
20129,A major,"The chord progression is dominated by the alternation between the tonic (A major) and dominant (E major) chords, which is a clear indication of the A major key. The chroma profile supports this analysis, showing high activations for A, E, B, and G#, which are all notes found in the A major scale."
20152,B major,"The chord sequence prominently features B major and F# major, which correspond to the I and V chords in the key of B major. Additionally, the chroma activations show a significant concentration on F#, which is the dominant note in this key, supporting B major as the tonic."
20206,Ab major,"The chord sequence consistently features the progression Bb:7, Eb:7, and Ab:maj, which functions as a ii-V-I progression in the key of Ab major. The chroma activations are also consistent with the pitches in the Ab major scale, further supporting this as the tonal center."
20210,C major,"The chord sequence consists primarily of C, G, A minor, and F major chords, which are all diatonic to the C major scale. The prominence of C major as a tonal center, along with the standard I-vi-IV progressions, strongly supports C major as the key."
20227,E major,"The chord progression is anchored by frequent returns to E major and A major, which clearly establishes E as the tonal center. The chroma distribution is strongly aligned with the E major scale, showing prominent peaks on E, F#, and B, which are core notes within that key."
20229,G major,"The chord sequence frequently repeats E minor, G major, and C major, which correspond to the vi, I, and IV chords in the key of G major. The high chroma activations for G, C, B, and E are all consistent with this key."
20230,E minor,"The song is dominated by the E minor chord, which accounts for the majority of the duration, while A minor functions as a frequent secondary chord. The chroma activations reinforce this with significant peaks at E and G, confirming the E minor tonal center."
20256,B minor,"The chord sequence is centered around B minor, heavily utilizing B minor, D major, G major, and A major chords. These are all diatonic to the B minor scale, and the frequent emphasis on B minor confirms it as the tonal center."
20263,A major,"The chord sequence consists primarily of the I (A major), vi (F# minor), and IV (D major) chords, which strongly suggests A major as the tonic. The chroma profile reinforces this with prominent activations at A and F#, the root notes of the primary chords in this progression."
20265,Ab major,"The chord progression is dominated by Ab major, with frequent appearances of Eb major (the dominant V chord) and Bb minor (the ii chord). These are all diatonic to the key of Ab major, and the inclusion of C# major (enharmonic to Db major, the IV chord) further confirms this key center."
20266,F# major,"The chord sequence is heavily centered on F# major, which appears frequently and anchors the progression. The presence of chords like B major and Ab minor, which function respectively as the IV and ii chords in the key of F# major, further supports this determination."
20432,E minor,"The chord progression is dominated by the alternation between B major and E minor chords, which strongly functions as a V-i harmonic relationship. This standard cadence is highly characteristic of the key of E minor."
20434,Eb major,"The chord sequence consists of an alternation between Eb major and C minor, which are relative keys sharing the same key signature. Eb major is identified as the key because it is the relative major and the first chord in the recognized sequence."
20565,G major,"The chord sequence is dominated by G major and D major, with additional chords like C major, E minor, and A minor all fitting within the G major scale. The persistent return to G as the primary chord, supported by the chroma activations with high values for G and D, strongly indicates G major as the tonic."
20690,F minor,"The chord sequence is heavily anchored by F minor, which appears most frequently and establishes a clear tonic. C minor functions as a related chord within this key, likely serving as the dominant (v) in the context of F minor."
20761,Eb minor,"The chord sequence is heavily centered around the Eb minor chord, supported by related functional harmonies such as the subdominant (Ab major), dominant (Bb minor), and the relative major chord (F#/Gb major). The chroma profile also confirms this, with significant activations at Eb, Bb, Db, and Ab, which are core notes within the Eb minor scale."
20824,B minor,"The chord progression is heavily centered on the B minor chord, which is the most frequent chord in the sequence. Supporting chords like C# minor, E major, and A major function well within the key of B minor, and the chroma activations, with strong peaks at B and C#, further support this tonality."
20826,C major,"With no useful chord information available, the chroma profile shows the highest activations on C, F, and B, which are notes strongly associated with the C major scale."
20934,A major,"The chord sequence is dominated by A major, D major, and E major chords, which clearly represent the I, IV, and V chords in the key of A major. The chroma activations are also consistent with this analysis, showing prominent activity on the notes belonging to the A major scale."
21011,A minor,"The chord sequence is heavily centered on A minor, which appears with the highest frequency and longest cumulative duration. Although there are chromatic movements involving Eb major and D major, the tonal center remains firmly rooted in A minor."
21014,D major,"The chord sequence is dominated by the D major chord, which comprises the vast majority of the song segment. This tonic is strongly supported by the chroma activations, which show elevated levels for D, F#, and A, consistent with a D major triad."
21064,F minor,"The progression is heavily grounded in F minor, frequently alternating with its relative major, Db major (labeled here as C# major). Strong dominant chords like C7 and Cdim, which resolve effectively to F minor, confirm this as the primary tonal center, despite the presence of temporary modulations."
21065,Bb minor,"The chord progression frequently utilizes Bb minor, F minor, Eb major, and Ab major, which are all consistent with the Bb minor scale. The chroma activations also support this, with strong peaks at A#, C#, F, and G#, corresponding to the notes in the key of Bb minor."
21083,G major,"The harmony is dominated by the alternating G major and C major chords, which frequently occurs as a I-IV progression in G major. The inclusion of A minor and D major chords creates a ii-V-I cadence, further establishing G major as the key."
21084,A major,"The chord progression is dominated by A major, D major, and E major, which function as the I, IV, and V chords in the key of A major. The frequent presence of C# major serves as a standard secondary chord in this context, further solidifying the tonic as A."
21085,F# minor,"The chord sequence is heavily centered around F# minor, which appears frequently throughout the progression. The use of chords like A:maj (the relative major), B:min (the subdominant), and E:maj is consistent with the F# minor key signature, while the recurring alternating pattern of G:maj and B:min at the end is a common harmonic device in this key."
21086,B major,"The chord progression consistently features B major, E major, and F# major chords, which function as the I, IV, and V chords in the key of B major. The supporting chroma activations also align with the notes of the B major scale, with B, F#, E, and G# (Ab) showing the highest values."
21100,Eb major,"The chord sequence shows a clear cadence from Bb7 to Eb major, and the harmonic progression is centered around Eb. The chroma activations, which highlight Bb and Eb, also strongly support an Eb major tonal center."
21189,E major,"The chord sequence is heavily centered around E major and A major, which represent the I and IV chords in the key of E major. The occasional appearance of G# minor (Ab minor) serves as the iii chord, and the chroma profile confirms this with strong activations for E, G#, and B, which are the notes of the E major triad."
21202,D major,"The chord sequence centers on an E minor to A dominant progression, which functions as a ii-V progression in the key of D major. The frequent use of D major and the presence of B minor and E minor chords strongly support D major as the tonal center."
21220,Eb major,"The chord sequence is heavily centered around the Eb major tonic, with frequent use of the Ab major (IV) and Bb major (V) chords, indicating the key of Eb major. While there is a shift toward C major at the very end of the sequence, the majority of the duration and the chroma activations (which highlight Bb and Eb) support Eb major as the primary key."
21260,G minor,"The chord sequence is dominated by G minor and D major, with D major acting as the dominant (V) chord resolving to the tonic (i) G minor. This harmonic relationship strongly supports G minor as the key, which is further consistent with the high chroma activations for G, D, and A."
21298,G major,"The chord sequence is centered around G major, utilizing standard functional harmony including the subdominant (C major) and dominant (D7) chords resolving to the tonic. This progression, along with the inclusion of diatonic chords like E minor and B minor, strongly indicates G major as the tonal center."
21302,Eb major,"The chord sequence consists primarily of Eb major, Ab major, and Bb major chords, which function as the I, IV, and V chords in the key of Eb major. The chroma activations reinforce this with significant presence of Eb, Ab, and Bb notes, confirming the key."
21368,F major,"The chord sequence centers on the F major chord, with the frequent use of G minor, C minor, and D minor chords fitting well within the F major scale (often employing the C minor as a modal interchange chord). The chroma activations, which show strong values for notes F, G, A, Bb, and C, further support F major as the tonal center."
21378,D minor,"The chord sequence heavily features the D minor, G minor, F major, and C major chords, all of which are diatonic to the D minor scale. Frequent returns to the D minor chord confirm it as the tonal center."
21379,F# major,"The chord sequence relies heavily on F# major (I), B major (IV), and C# major (V), which are the primary chords in the key of F# major. The presence of minor chords like Ab minor and Bb minor are likely enharmonic misidentifications for the ii (G# minor) and iii (A# minor) chords of the F# major scale, and the chroma activations strongly align with the notes of this key."
21381,Bb major,"The chord progression centers on the relationship between Bb major and its relative minor, G minor, with frequent returns to the Bb major chord. The use of C major and D major chords as secondary dominants (V/V and V/vi, respectively) is common in the key of Bb major, and the chroma activations strongly support the notes of the Bb major scale."
21553,G major,"The chord sequence consists almost entirely of a G major chord, which is strongly supported by the chroma activations that show significant peaks at G, D, and F#."
21555,A minor,"The chord sequence consists primarily of A minor, F major, C major, and G major chords, which are all diatonic to the A minor scale. The prevalence of A minor as a recurring harmonic anchor, combined with the chroma profile emphasizing A, C, and E, strongly supports A minor as the tonic."
21556,Ab minor,"The chord sequence alternates primarily between Ab minor and E major, establishing Ab minor as the tonic. The chroma activations reinforce this with high prominence on G#, E, and D#, which are core notes of the Ab minor scale."
21557,Bb major,"The chord progression frequently cycles through Bb major, D minor, C major, and G minor, which are strongly consistent with the Bb major scale. The prominence of the Bb major chord as a tonic center and the overall diatonic harmonic structure support Bb major as the key."
21559,C# minor,"The chord sequence consistently revolves around C# minor, A major, E major, and B major, which are chords found in both the keys of E major and C# minor. However, the frequent return to C#m as the home chord, combined with the presence of G#7 (Ab7) as a dominant function, strongly establishes C# minor as the tonic."
21617,A minor,"The chord progression frequently centers on A minor, utilizing C major and D major chords as well as a leading E7 chord. This harmonic structure is characteristic of the A minor scale and Dorian-inflected rock or pop styles."
21820,G minor,"The chord sequence frequently repeats G minor, Eb major, and F major, which represents a standard i-VI-VII chord progression in G minor. The chroma profile further supports this, showing high activations for G, D#, and F, which are central to the key and the primary chords used in the song."
21823,C major,"The progression uses C major, F major, and E minor chords, all of which are diatonic in C major. The chroma distribution shows peaks on C, E, F, and G, which strongly align with the C major scale."
21826,F minor,"The harmony is dominated by repeated F:min and Eb:maj chords, with F:min holding the longest duration, suggesting it is the tonic. This progression (i-VII) is common in F minor, and the chroma activations (showing peaks at F, C, and Eb) align well with this tonal center."
21827,D major,"The chord sequence heavily features the D major, G major, A major, and B minor chords, which are the I, IV, V, and vi chords of the D major scale. The chroma activations support this conclusion with significant weights for the notes D, F#, and A, which are the constituent notes of the D major tonic triad."
21828,B minor,"The harmonic progression prominently features B minor, D major, G major, A major, and F# minor, which are characteristic of the B minor scale. The chroma analysis supports this, showing strong activations for B, A, F#, and E, consistent with the notes of the B minor scale."
21829,C major,"The chord sequence is heavily dominated by C major chords and includes a D minor chord, which is the diatonic ii chord in C major. Additionally, the chroma activations show high concentrations on C, F, and G, which are the primary notes associated with the key of C major."
21831,E minor,"The chord sequence consistently revolves around the E minor chord, frequently incorporating the D major and C major chords, which function as the VII and VI chords in the key of E minor. The repetitive cycle and the emphasis on these specific chords, supported by the chroma profile containing E, F#, G, A, B, C, and D, strongly indicate E minor as the tonic."
21834,F minor,"The chord sequence is dominated by F minor, Eb major, Bb major, and C minor chords, which are all characteristic of the F minor key. The chroma activations strongly support this with prominent peaks at F, C, G# (enharmonic to Ab), D# (enharmonic to Eb), and A# (enharmonic to Bb), all of which align with the F minor scale."
21859,C minor,"The sequence is heavily dominated by C minor, which appears as the primary harmonic center. Frequent usage of Ab major and F minor further supports C minor, and the chroma profile aligns with this, showing significant activation for the tonic and dominant notes."
21860,G minor,"The chord sequence is heavily centered around G minor, featuring Gmin7 and Gmin for a significant portion of the song. The chroma activations support this with a strong G prominence, while chords like D major and F major further reinforce the G minor tonality."
21961,B major,"Since no chords were detected, the key was inferred from the chroma activations, which show a strong emphasis on B, G#, and D#. These pitches are characteristic of B major or its relative minor, G# minor, and given the dominance of the B pitch class, B major is the most likely tonic."
22058,Bb major,"The chord sequence consistently centers around Bb, alternating between major and minor qualities, and utilizes an F7 chord as a strong dominant. These harmonic features, along with the chroma activations, clearly point to Bb major as the tonal center."
22059,A major,"The chord sequence alternates between A major and B major, with A major appearing more frequently and for a longer total duration, suggesting it is the tonic. The chroma profile further supports this, showing strong peaks at A and B, which are consistent with the A major scale."
22060,F# major,"The chord sequence heavily utilizes the I (F# major), V (C# major), and vi (Eb minor) chords, which are pillars of the F# major scale. The inclusion of an F#7 chord explains the significant presence of E in the chroma activations, reinforcing the harmonic analysis of F# major."
22061,Bb major,"The chord progression prominently features Bb major, G minor, and F major, which are the I, vi, and V chords in the key of Bb major. The use of Eb major and the borrowed Ab major chord are also consistent with this key."
22062,E minor,"The chord progression is dominated by the frequent alternation between E minor and A major, strongly establishing E as the tonal center. Although there are some brief chromatic chords, the harmonic structure consistently returns to E minor."
22097,Eb major,"The chord sequence primarily revolves around the I (Eb major) and vi (C minor) chords, with support from the IV (Ab major) and ii (F minor) chords, all of which are diatonic to the key of Eb major. The chroma profile further supports this key, as the strongest activations correspond closely to notes in the Eb major scale."
22195,B major,"The chord sequence consistently features B major as the tonic, supported by common diatonic chords including E major (IV), G# minor (vi), C# minor (ii), and F# major (V). The chroma activation further reinforces this with a prominent B peak, confirming the tonal center of B major."
22284,C major,"The chord sequence consists entirely of C major, G major, and F major chords, which forms a standard I-V-IV harmonic progression in the key of C major. The chroma profile also supports this, showing strong activations for the C major triad notes (C, E, G)."
22285,C major,"The chord sequence consists entirely of C, G, Am, and F chords, which forms the standard I-V-vi-IV progression in the key of C major. The chroma activations, which are highest for C, E, and G, further confirm C major as the tonal center."
22295,F minor,"The chord progression is dominated by F minor, which accounts for the majority of the song's duration. The frequent use of Eb major chords functions well as the subtonic (VII) in the key of F minor, confirming this tonal center despite the brief chromatic presence of E major and F major."
22311,D major,"The song features a persistent oscillation between D major and C minor chords. The high F# chroma activation, which serves as the major third of D major, supports D major as the likely key."
22317,E minor,"The chord progression is heavily centered around the E minor chord, which appears for the vast majority of the duration, with G major and C major providing diatonic harmonic support. The chroma activations reinforce this conclusion, showing the highest peaks at E, G, and B, which are the root, minor third, and perfect fifth of the E minor triad."
22318,F minor,"The chord sequence primarily oscillates between F minor and C minor, suggesting F as the tonic. The occurrence of C major before returning to F minor further confirms F minor as the key, as C major functions as a dominant chord resolving to the tonic."
22319,G major,"The chord sequence consists primarily of G major, D major, and C major, which are the I, V, and IV chords in the key of G major. The frequent return to G major as the tonic, supported by high chroma activations for G, strongly confirms G major as the key."
22322,C# minor,"The harmonic content, while including chromatic chords like C major and Ab major, is centered around the C# minor chord, and the chroma profile shows strong activations for C#, D#, E, and G#, which are consistent with the C# minor scale."
22323,E major,"The chord sequence is dominated by the chords E major, A major, and B major, which correspond to the I, IV, and V degrees in the key of E major. The frequent repetition of the E major chord and its placement at the beginning and end of the sequence strongly indicate that E major is the tonic key."
22328,D major,"The chord sequence consists of parallel major chords moving chromatically downwards: Eb major, D major, and C# major. Given the relatively equal weight of the Eb and D chords and the clear chroma peak at D, D major is the most logical tonal center for this highly chromatic progression."
22453,C major,"The chord sequence consists only of 'N', offering no harmonic information. The chroma activations are relatively evenly distributed with no clear tonic, so C major was chosen as a neutral default."
22556,D major,"The frequent repetition of D, A, and G chords, which correspond to the I, V, and IV chords, strongly suggests the key of D major. This is further supported by the presence of the F# minor (iii) chord and the chroma profile, which shows prominent peaks at D, A, and G."
22562,D major,"The song starts with a progression in C major, but quickly modulates to a sustained D:maj, E:min, A:maj progression. Since this D major sequence spans the vast majority of the provided duration, it is the primary key of the song."
22563,G major,"The progression is centered around G major, C major, and E minor, which are the I, IV, and vi chords of the G major scale. The B major chord functions as a secondary dominant (V/vi) leading to the E minor chord, which further reinforces G major as the tonic."
22576,D minor,"The chord sequence is dominated almost entirely by the D minor chord. This is supported by the chroma activations, which show the strongest peaks at D, A, and F, the root, fifth, and minor third of the D minor triad."
22943,B major,"The chord sequence is primarily composed of B:maj, E:maj, C#:min, and F#:maj, which are the I, IV, ii, and V chords in the key of B major. The prominence of the B chord and the chroma activations, which peak on B and E, strongly support B major as the key."
22954,C major,"The chord sequence primarily revolves around C major, A minor, F major, and G major, all of which are diatonic to C major. The frequent use of the Eb major chord serves as a common borrowed chromatic element frequently found in rock and popular music."
22974,D minor,"The harmonic progression frequently centers on D minor, with multiple resolutions from A major or A7 to D minor, indicative of a V-i cadence. The chroma activations reinforce this, showing high values for D, F, and A, which correspond to the notes of the D minor triad."
22996,F major,"The progression is overwhelmingly dominated by the F major chord, which functions as the tonic. The recurrent A major chord, while chromatic to the key of F major, serves as a harmonic inflection, and the chroma activations strongly emphasize F and A, further supporting F major as the key."
22997,F# major,"The chord sequence is dominated by the repeated F#:7 chord, which acts as the primary harmonic center. The chroma activations show strong peaks at F# and its major third A#, which confirms an F# major tonality."
23011,A minor,"The chord progression prominently features A minor, G major, and D major, which is characteristic of the A Dorian mode. The chroma activations showing a strong presence of F# and G further support an A Dorian interpretation, which falls under the A minor key label."
23014,F# minor,"The chord sequence centers heavily around F# minor, E major, and B minor, establishing a strong F# minor tonality. Although the progression shifts to D major, A major, and E major, this represents a move to the relative major key, and the concluding C# major chord functions as a secondary dominant to resolve back to F# minor."
23015,E major,"The chord sequence follows a consistent I-vi-IV-V pattern (E-C#m-A-B), which is characteristic of the key of E major. The chroma activations further support this, with strong peaks for E, G#, A, C#, and B, all of which are diatonic to E major."
23025,G major,"The chord progression is anchored by frequent uses of G major, D major, B minor, and E minor, which are all diatonic chords within the G major scale. The prominent chroma activations of G, D, E, and A further support G major as the tonic."
23026,D major,"The chord progression is centered around D major, which appears frequently throughout the sequence as the primary tonal anchor. The presence of supporting chords like A major (the V chord) and B minor (the vi chord) is highly consistent with the key of D major, and the strong D chroma activation provides additional evidence for this tonic."
23059,D major,"The chord sequence consists almost entirely of chords diatonic to the D major scale, including the tonic (D major), subdominant (G major), dominant (A major), and relative minor (B minor). The frequent repetition of D major as the arrival point and the chroma activations support this conclusion."
23060,E major,"The chord sequence is heavily centered on E major, featuring frequent alternation with C# minor (its relative minor) as well as the IV (A major) and V (B major) chords. The chroma profile reinforces this with prominent E, G#, and B peaks, which are the notes of the E major triad."
23096,F# minor,"The harmonic progression prominently features F# minor as the tonic, with recurring movements between F# minor, D major, and C#7, which functions as the dominant chord in F# minor. The chroma activations align with this, showing strong presence of F#, A, and C#, which are central to the F# minor scale."
23107,E minor,"The chord progression frequently returns to E minor, which serves as the tonal center. The use of B7 as a dominant chord, along with other chords like C major and A minor, strongly reinforces the E minor key, and this is further supported by the high E and B chroma activations."
23108,E minor,"The song is centered around an E minor chord, which appears frequently and for a significantly long duration. The chroma analysis shows a strong peak at E, further supporting E minor as the tonic. Additionally, chords such as G major, A major, and B major are consistent with the harmonic minor or natural minor scale in the key of E minor."
23172,A minor,"The chord sequence is heavily centered on the A minor chord, which appears frequently throughout the progression. The presence of D major and C major chords alongside A minor is very common in A minor or A Dorian tonality, and the chroma activations support A as the clear tonic with significant weight on the notes A, D, and E."
23173,A major,"The chord progression alternates between A major and E minor, with the A major chord occurring more frequently and serving as the clear tonal center. This sequence is characteristic of the key of A major, often utilizing a Mixolydian mode where E minor functions as the v chord."
23177,E minor,"The chord sequence heavily alternates between E minor and F major, which is characteristic of the Phrygian mode. E minor is consistently emphasized throughout, and the high E activation in the chroma reinforces it as the tonic."
23181,A minor,"The chord sequence frequently cycles through A minor, F major, and E major, which correspond to the i, VI, and V chords in the key of A minor. The presence of the E major chord specifically points to the harmonic minor scale, and the overall harmonic progression is consistent with A minor."
23338,B major,"The chord sequence is heavily centered on B major, which appears for the vast majority of the song. The inclusion of E major and A major chords is characteristic of the key of B major, often seen in blues-influenced progressions. The chroma data further reinforces B as the tonic with the highest activation."
23339,F# major,"The chord progression consistently follows a I-V-vi-IV pattern (F# major, C# major, Eb minor/D# minor, B major), which is characteristic of the key of F# major. The chroma activations show prominent peaks for F#, C#, and B, which are the fundamental scale degrees of this key."
23340,D major,"The song is dominated by a D major chord for the entire duration, which strongly points to D major as the key. This is further supported by the high chroma activation for D."
23341,E major,"The chord sequence consists of a repeating pattern of B major, A major, and E major chords, which function as the V, IV, and I chords respectively, strongly establishing E major as the key."
23342,E minor,"The chord sequence frequently uses E minor and G major, which are primary chords in the key of E minor. The chroma activations show a strong prominence of E, consistent with E minor as the tonic."
23370,Bb major,"The song's chord progression prominently features the tonic (Bb major), dominant (F major), and subdominant (Eb major) chords, which are the primary chords in the key of Bb major. This harmonic structure is supported by the chroma activations, which show significant weight on Bb, F, and Eb."
23371,Eb minor,"The chord sequence features a strong emphasis on Eb minor as the tonic, supported by common functional chords such as the minor fourth (Ab minor) and the dominant seventh (Bb7). The chroma profile also confirms the presence of these pitches, and while the relative major (F# major) is also frequently used, the harmonic center gravitates most clearly towards Eb minor."
23797,C minor,"The chord sequence centers on C minor, which appears most frequently and serves as the primary tonal anchor. The supporting chords, Eb major and Bb major, correspond to the III and VII chords in C minor, confirming the key."
23800,C minor,"The chord sequence is dominated by frequent alternation between C chords and F minor, strongly centering the harmony around C. The recurring use of C minor, along with the appearance of Ab major, supports C minor as the tonal center."
23808,Eb minor,"The chord sequence is heavily dominated by an Eb minor chord, which makes up the vast majority of the segment's duration. The chroma analysis confirms a strong emphasis on D#, which is the enharmonic equivalent of Eb, supporting the assignment of Eb minor as the key."
23851,A major,"The chord sequence consists primarily of chords diatonic to the A major scale, including A major, F# minor, B minor, and C# minor. Given the prominence of the A major chord throughout the progression and its role as the relative major to F# minor, A major is the most likely tonic key."
23856,C minor,"The chord progression is dominated by C minor, which appears most frequently and for the longest durations throughout the song. Bb major and G minor are diatonic chords within the key of C minor, reinforcing the overall harmonic stability in that key."
23857,F major,"The song predominantly alternates between F major and C minor chords, with occasional Eb major chords, forming a progression characteristic of the F Mixolydian mode. F major is chosen as the key because it represents the tonic and modal center of this sequence."
23859,C minor,"The chord sequence consists primarily of a C:min7 chord, which is a strong indicator of C minor. The chroma activations, while relatively evenly distributed, show prominent values for G and C, which are foundational notes in the C minor triad."
23861,F# major,"The sequence starts with a clear C# major to F# major cadence, which establishes F# major as the tonal center. The subsequent oscillation between F# major and G major can be viewed as a Neapolitan (bII) relationship, with F# major remaining the primary key."
23862,C minor,"The chord sequence consistently rotates through C minor, Ab major, and G major, which corresponds to the i-VI-V harmonic progression in the key of C minor."
23888,G major,"The chord sequence consists frequently of G major, C major, D major, and E minor, which are the I, IV, V, and vi chords in the key of G major. These chords strongly establish G major as the tonic."
24014,A major,"The song's chord progression frequently features A major, D major, B minor, and E major, which correspond to the I, IV, ii, and V chords in the key of A major. The prominence of these chords, combined with the most frequent chroma activations (A, B, D, and E), strongly supports A major as the tonic."
24015,F# major,"The chord sequence relies heavily on F# major, C# major, B major, and Ab minor (enharmonically G# minor), which function respectively as the I, V, IV, and ii chords in the key of F# major. The chroma activations reinforce this with significant peaks at F#, G#, A#, B, and C#, which are all notes found in the F# major scale."
24016,C major,"The chord sequence consists of the repeating pattern of A minor, G major, C major, and F major, which are all diatonic to the C major scale. The consistent use of these chords and the overall harmonic progression strongly indicate C major as the key."
24017,C major,"The chord progression consistently uses Am, F, C, and G, which are all diatonic to the key of C major (vi-IV-I-V). The chroma activations also show a strong presence of notes consistent with the C major scale, further confirming this key."
24106,A major,"The chord sequence primarily revolves around A major, B minor, F# minor, and D major, all of which are diatonic to the key of A major. The chroma activations further support this, with prominent values for notes in the A major scale including A, C#, E, and F#."
24227,F minor,"The chord sequence is dominated by the alternation between F minor and Bb major, which is a standard i-IV progression in F minor. The presence of Ab major further supports the key of F minor, as it is the relative major."
24228,D minor,"The chord sequence consistently oscillates between D minor and A major, establishing a clear i-V relationship in the key of D minor. The chroma activations reinforce this with high prominence on the notes A, E, D, and F, which are central to the D minor scale."
24229,C major,"The song is centered around the I (C major) and vi (A minor) chords, which are the primary pillars of the C major key. While the sequence includes non-diatonic chords like D major and D7, they function as secondary dominants (V/V) that do not shift the overall tonality away from C major. The chroma profile further confirms the prominence of the notes C, E, and A, which are central to the C major scale."
24230,A major,"The song strongly centers on the A major chord, which appears frequently throughout the progression, and this is supported by the highest chroma activation peak being on A. While there are non-diatonic chords present such as F major, B major, and D major, they function as chromatic shifts rather than establishing a new tonic, confirming A major as the key."
24238,F major,"The chord sequence is dominated by repeated F major and C major chords, establishing a clear tonal center in F. The presence of other chords such as D minor, A minor, and Bb major fits well within the F major scale, and the chroma activations, which are highest for C, F, G, and E, provide further support for this key."
24240,G major,"The chord sequence heavily features G major, D major, E minor, and B minor, all of which are diatonic to the key of G major. The prevalence of the G-D-E minor progression and the chroma profile, which highlights G, D, A, B, and E, strongly confirm G major as the key."
24241,A major,"The chord sequence heavily features the A major, D major, and G major chords, which is characteristic of the I-IV-bVII progression in the key of A Major. The high prominence of the A pitch in the chroma activations further supports A major as the tonic."
24254,A minor,"The song frequently utilizes A:min, C:maj, G:maj, and F:maj, which are standard chords in the key of A minor. The use of E:maj as a dominant chord resolving to A:min strongly reinforces A minor as the tonic."
24255,E major,"The chord progression is dominated by E major, D major, and C# minor chords, which strongly establish E major as the tonic. The chroma activations corroborate this, with significant weight on E, C#, and B, all of which are consistent with the E major scale."
24256,A major,"The chord progression is anchored by A major and E major, which strongly establish A major as the tonic. The frequent use of chords like C major and D major indicates common modal mixture in this context, and the high chroma activations for A, E, B, and C# are consistent with the A major scale."
24257,A minor,"The chord sequence heavily features A minor harmonic components, including a ii-V progression (D minor-G major) and a strong resolution from E major to A minor at the end. The repetition of C major and E minor chords is also common within the A minor key context, and the chroma profile supports the A natural minor scale."
24258,A major,"The chord progression of A major, C# minor, F# minor, and B7 represents a common I-iii-vi-II7 sequence in the key of A major. The chroma activations corroborate this, with strong values for A, C#, E, and B, all of which are primary notes in the A major scale."
24262,E minor,"The harmonic progression is dominated by the alternation between B major (the dominant chord, V) and E minor (the tonic chord, i), which strongly establishes E minor as the key. The chroma activations further support this, showing significant presence of E, B, and G, which are fundamental to the E minor scale and harmony."
24264,Eb minor,"The chord sequence is dominated by Eb minor, F# major, C# major, Bb minor, and B major, which are all diatonic to the key of Eb minor. The chroma activations reinforce this conclusion, with high peaks at F# and D#, which correspond to the third and first notes of the Eb minor scale."
24270,G major,"The chord sequence features a prominent vi-ii-V-I cadence (Emin-Amin-Dmaj-Gmaj) that strongly anchors the song in G major. Although the sequence explores multiple cycle-of-fifths progressions, the frequent use of D major leading into G major confirms this as the tonic."
24271,F minor,"The chord sequence consistently revolves around F minor (i), Bb minor (iv), and C7 (V), which is a classic ii-v-i progression in the key of F minor. This harmonic structure is supported by the high chroma activations for F and C, reinforcing F minor as the tonal center."
24272,F major,"The chord sequence frequently cycles through D minor, G minor, C major, and F major, which is a standard vi-ii-V-I progression in the key of F major. While the song features some transient modulations, the repeated harmonic pattern firmly establishes F major as the tonal center."
24274,A major,"The chord sequence is heavily centered on the A major chord, with supporting use of the D major and E major chords, which are the IV and V chords in the key of A major. The high chroma activation for A further confirms it as the tonal center, despite the presence of chromatic chords like F major and Eb."
24736,C major,"The chord sequence is heavily dominated by C major and C7 chords, which strongly establish C as the tonic. Additionally, the chroma activations show high prominence for C and G, which are the fundamental notes of the C major triad, supporting this conclusion."
24737,A major,"The chord progression prominently features the primary chords of A major, including A major (I), D major (IV), and E major (V), alongside the diatonic iii (C# minor) and vi (F# minor) chords. The high chroma activations for A and C# further confirm A major as the tonal center."
24856,F major,"The chord recognizer failed to identify any chords, so the key was determined by analyzing the chroma activations. The distribution of chroma values shows high prominence for F, D, A#, and A, which are core notes within the F major scale, suggesting F major as the likely tonality."
24866,A major,"The chord sequence provides an explicit A major chord, which serves as the primary harmonic anchor. The chroma profile, while showing high activations for E, B, and G#, is consistent with the key of A major as these notes are the fifth, second, and seventh scale degrees of that key."
24868,Ab major,"The chord sequence is almost entirely dominated by an Abmaj7 chord, which functions as the tonal center. This is further supported by the chroma activations, which show significant intensity at notes corresponding to the Abmaj7 chord (Ab/G#, C, Eb/D#, and G), all of which are diatonic to the key of Ab major."
24876,C major,"The chord sequence consists almost entirely of a C major chord, which is also strongly supported by the chroma profile showing dominant activity on the C and G notes, consistent with the C major triad."
24877,G major,"The chord progression is dominated by G major and D major, which strongly establish G major as the tonic. The chroma data confirms this, showing high activations for the notes G, D, and the leading tone F#."
24937,D major,"The harmony alternates between D major and G major chords, which is a common progression. The chroma activations show a strong dominance of D and A, which are the root and fifth of the D major chord, strongly supporting D major as the tonal center."
24938,A minor,"The chord sequence consists of A minor, E minor, C major, and F major, all of which are diatonic to the A minor scale. The chroma activations showing prominence of A, C, E, and B further reinforce A minor as the tonal center."
24939,F major,"The chord progression is centered around F major, with frequent occurrences of the tonic, relative minor (D minor), and subdominant (Bb major). The chroma profile, showing strong activations for F, A, and C, supports F major as the tonal center."
24941,B major,"The song is centered around the B major chord, using it as a repeated tonic, along with frequent appearances of C# minor (the ii chord) and A major (the flat VII chord). This harmonic progression, combined with the prominent B and C# chroma activations, strongly supports B major as the key."
24942,D major,"The chord sequence consists primarily of an alternation between D major and C major, which is characteristic of the D mixolydian mode or D major with a prominent bVII chord. The chroma activations are also centered around D, further supporting D as the tonic."
25062,B major,"The chord sequence consists primarily of B major, E major, Ab minor (G# minor), and C# minor, all of which are diatonic to the B major scale. The recurring presence of the B major triad as a resolution point and the consistent use of notes from the B major scale in the chroma activations strongly indicate B major as the tonic."
25085,D major,"The song centers on a chord progression cycling through D, F, A, and C, with D major serving as the clear tonal center, particularly due to the long final duration of the D major chord. While the chroma activations show a preference for F-natural over F-sharp, suggesting modal usage common in rock music, the prominent D-major chord establishes D major as the primary key."
25086,A major,"The chord sequence is heavily dominated by the A major chord, which accounts for the vast majority of the track's duration. Additionally, the chroma profile shows a strong emphasis on the note E, which is the dominant degree of the A major scale, further supporting this conclusion."
25087,Ab major,"The chord sequence is dominated by the Ab major chord, which acts as the tonic. The other chords, F# major and C# major, function as the bVII and IV chords in the key of Ab major. This is consistent with the chroma activations, which show a strong emphasis on G#/Ab."
25090,E minor,"The chord sequence is heavily centered around E minor, with frequent use of subdominant (A minor) and dominant/mediant (B minor, C major, D major) chords typical of the E minor key. The dominance of the E minor chord throughout the piece and the high chroma activation of E further confirm E minor as the tonic."
25636,Ab minor,"The chord sequence is dominated by an Ab minor chord, which accounts for the vast majority of the 60-second clip. The chroma activations confirm this, showing high values for G# (Ab) and D# (Eb), which are the root and fifth of the Ab minor triad."
25637,A minor,"The chord sequence is heavily dominated by A minor and A major chords, with A minor appearing for the majority of the duration. The high chroma values for A and E, combined with the low value for C#, strongly support A minor over A major."
25795,A minor,"The chord sequence consists primarily of A minor and C major, which are relative keys. Given the frequency of A minor as the primary chord, it is the most likely tonic, and this is well-supported by the chroma distribution highlighting A, C, and G."
25796,A minor,"The chord sequence is dominated by an A minor chord, with C major and G major chords providing harmonic support, all of which are diatonic to the A minor scale. This is further supported by the chroma analysis, which shows a strong peak at A."
25798,D minor,"The chord sequence is heavily centered around the D minor chord, which occupies the majority of the harmonic content. The presence of A minor and C major chords, which are both diatonic to the D minor scale, further reinforces D minor as the key."
25799,A minor,"The chord progression is dominated by A minor, which appears for nearly the entire duration of the clip. The chroma activations are also concentrated on A, C, and E, which are the notes of the A minor triad, confirming A minor as the key."
25800,B major,"The chord sequence primarily alternates between B major and Eb minor (which is enharmonic to D# minor). Given the frequent use of B major as the anchor and its strong representation in the chroma data, B major is the most likely tonic, with Eb minor functioning as the iii chord."
25906,F# minor,"The chord progression frequently cycles through F# minor, A major, D major, and E major, which are all diatonic to the key of F# minor (the relative minor of A major). The consistent focus on F#m as a home chord throughout the sequence strongly supports F# minor as the tonal center."
25907,A major,"The chord sequence relies heavily on A, D, and E chords, which function as the I, IV, and V chords in the key of A major. The inclusion of the F# minor chord (the vi chord) and the high prominence of A, E, D, and F# in the chroma activations strongly support the key of A major."
25908,A major,"The chord sequence oscillates primarily between A major and D major, which correspond to the tonic (I) and subdominant (IV) chords in the key of A major. The presence of an E major chord (V) confirms this as an A major progression."
25909,Bb major,"The chord sequence consists of repeated cycles of Bb major, Ab major, and Eb major, which corresponds to an I-bVII-IV progression in the key of Bb major. This harmonic structure is supported by the chroma activations, which show strong prominence for Bb, Ab, and Eb."
26024,G minor,"The song is dominated by the G minor 7th chord, which accounts for nearly all of its duration. The brief appearance of the F7 chord is consistent with the bVII chord in the key of G minor, and the chroma activations support the presence of notes commonly found in the G minor scale."
26169,A minor,"The chord progression frequently uses A minor, C major, F major, G major, and E major, which are all characteristic of the A minor scale. The use of E major as a harmonic minor dominant and the high frequency of the A minor chord, combined with prominent chroma activations for A, C, and E, strongly suggest A minor as the key."
26171,C# minor,"The chord sequence consists almost entirely of an oscillation between C# minor and E major chords, which are relative keys sharing the same key signature. The C# minor chord appears slightly more frequently and for a longer total duration, making C# minor the most likely tonal center."
26173,B major,"The chord progression consistently features B, C#m, F#, and G#m (labeled as Abm), which are the I, ii, V, and vi chords in the key of B major. The chroma activations align with this analysis, showing high values for the notes of the B major scale, particularly B, F#, and C#."
26174,G major,"The chord sequence is dominated by G, C, and D, which function as the I, IV, and V chords in G major. While there are chromatic chords such as F, Eb, and Bb, these are common modal borrowings, and the prominence of G chords along with the high G chroma activation point to G major as the tonal center."
26175,A minor,"The chord progression frequently cycles through F major, C major, E major/minor, and A minor, which are all diatonic to or commonly used in A minor. The strong emphasis on A minor as a tonic, particularly with the frequent use of the E major chord as a dominant, confirms A minor as the key."
26176,C major,"The chord sequence consistently revolves around the C major triad as the tonal center, frequently using the relative minor (Am), the dominant (G), and the borrowed minor iv chord (Fm). The chroma activations, which show strong values for C, G, and E, further reinforce C major as the tonic."
26177,F major,"The progression is centered around F major, evidenced by the frequent use of F major, Bb major, Bb minor, C major, and D minor. The chroma activations reinforce this with high values for F and A, which are key components of the F major triad."
26178,C major,"The chord progression frequently cycles between F major, G major, and C major, which correspond to the IV, V, and I chords in the key of C major. The frequent resolution to the C major chord and the distribution of chroma activations, which are highest for C, F, and G, strongly support C major as the tonal center."
26179,G minor,"The chord progression prominently features G minor, Bb major, Eb major, and D major. The D major chord functions as the dominant (V) to the tonic G minor, and the chroma activations highlight the key notes of G, Bb, D, and Eb, consistent with the G minor scale."
26242,B major,"The chord sequence is overwhelmingly centered on B major, with E major appearing as a frequent IV chord. This harmonic structure is supported by the high chroma activation for B, confirming it as the tonic."
26311,D major,"The chord sequence centers around the progression of F, C, G, and D, where D major acts as the tonic or home chord. This is supported by the chroma activations showing a strong emphasis on D, and the consistent resolution to the D major chord in the repetitive patterns."
26673,D minor,"The chord progression is dominated by D minor, G minor, and A major, forming a classic i-iv-V progression in the key of D minor. The chroma activations, which show strong values for D, A, and E, are consistent with this tonal center."
26679,D minor,"The chord progression is heavily grounded in D minor, evidenced by the frequent return to D minor and the presence of diatonic chords like C major, F major, A minor, and G major. The sequence concludes with an A major chord, which functions as the dominant of D minor, reinforcing the tonicization of D."
26680,A minor,"The chord sequence consists entirely of an A minor chord, which is the tonic of the A minor scale. This is supported by the chroma profile, which shows prominent activations for A and E, the root and fifth of the A minor chord."
26721,B major,"The chord progression is centered on B major, F# major, and C# major, which are all diatonic to the key of B major. The consistent oscillation between F# major and Ab minor (enharmonically G# minor) is characteristic of the relative minor within this key, and the chroma activations strongly align with the notes of the B major scale."
26737,G minor,"The chord progression is heavily centered on G minor, which is the most frequent chord throughout the sequence. The supporting chords, including Bb major, F major, and D major (which provides the leading tone F#), are consistent with the G minor harmonic minor scale."
26894,E major,"The chord sequence consists primarily of the I, IV, and V chords (E, A, and B) in the key of E major, along with the vi chord (C# minor). The frequent return to E major, especially at the end of the sequence, strongly points to E as the tonic."
26901,E major,"The chord sequence primarily alternates between E major and A major, with frequent F# major chords. This harmonic structure is consistent with the key of E major, where E is the tonic (I) and A is the subdominant (IV), while F# major acts as a secondary dominant (V/V). The chroma activations, which are highest for E, B, A, and F#, further reinforce E major as the tonal center."
27127,F minor,"The chord sequence frequently centers on F:min7, with prominent use of Bb chords and the C:7 dominant chord, all of which are characteristic of the F minor key. The progression frequently resolves to F:min7, and the high activations for F, G, and C in the chroma profile align well with the F minor scale."
27177,D minor,"The chord sequence is heavily centered on D minor, which appears most frequently. The supporting chords, including F major (the relative major), G major, C major, and A major (the dominant), are all consistent with the key of D minor."
27179,D minor,"The chord sequence is heavily dominated by the D minor chord, which accounts for the vast majority of the recognizable harmonic content. The chroma activations also show a strong presence of the note A, which is the perfect fifth of D minor, further supporting this conclusion."
27183,Eb minor,"The chord sequence is dominated by the Eb minor chord, which strongly establishes it as the tonic. This is further supported by the chroma activations, which show significant weight on the notes A#, G#, and D#, corresponding to Bb, Ab, and Eb, the primary notes of the Eb minor scale."
27222,D minor,"The chord sequence consistently revolves around D minor, A minor, and G major. Given that D minor is the most frequent and stabilizing chord, it functions as the tonic, suggesting a progression in D Dorian mode."
27223,A minor,"The chord progression is overwhelmingly dominated by the A minor chord, which persists for the majority of the track. Although the piece concludes with a D major-E major-A major cadence, the primary harmonic center and overall tonal stability throughout the 60-second duration remain firmly in A minor."
27224,C major,"The song is heavily dominated by C major chords, which comprise the vast majority of the track's duration. The appearance of F major, Bb major, and G major chords supports the key of C, where these chords act as diatonic or modal functional harmonies."
27230,A minor,"The progression oscillates primarily between A minor and F major, which function as the i and VI chords in the key of A minor. The chroma activations showing strong prominence for E and A further support A minor as the tonic."
27231,A minor,"The chord sequence consists primarily of A minor, C major, and G major, which are all diatonic chords in the key of A minor. The frequent repetition and emphasis on the A minor chord, along with the high activation of the 'A' chroma, strongly indicate that A minor is the tonal center."
27232,D major,"The harmony is almost entirely centered on D, with D major and D7 chords dominating the progression. The inclusion of C major and C7 chords suggests a D Mixolydian approach, which is common in blues-rock. The chroma activations reflect this, showing significant weight on D, C#, and C, all of which are consistent with the key of D major."
27233,G major,"The chord progression relies heavily on G major, C major, and E minor, which are the I, IV, and vi chords in the key of G major. The high chroma activation for D, the dominant of G, further supports G major as the tonal center."
27235,A major,"The chord sequence consists entirely of an alternation between A major and D major chords. The chroma analysis shows high activations for A, C#, and E, which correspond to the notes of the A major tonic triad, confirming A major as the key."
27258,G minor,"The chord sequence is dominated by the G minor chord, which appears for over half the total duration. The frequent use of D major, which functions as the dominant (V) of G minor, alongside supporting chroma activations for G, D, and Bb, clearly indicates that the key is G minor."
27548,B major,"The chord progression prominently features B major, E major, and F# major, which function as the I, IV, and V chords in the key of B major. The chroma activations reinforce this, showing high values for B, F#, and other notes belonging to the B major scale."
27549,G minor,"The harmony is centered around G minor and G7 chords, with the long duration of the Gmin7 chord serving as a strong tonal anchor. C minor functions as the iv chord in the key of G minor, and the high G chroma activation further supports G as the tonic."
27550,E minor,"The chord progression alternates between E minor and C major, which functions as a i-VI relationship in the key of E minor. The chroma activations show strong peaks at E, G, B, and C, further supporting this harmonic analysis."
27607,C major,"The chord sequence consists of the C major, D minor, F major, and G major chords, all of which are diatonic to the key of C major. The progression exhibits standard functional harmony within this key, confirming C major as the most probable tonic."
27844,G major,"The chord sequence consists primarily of G major, C major, and D major, which are the I, IV, and V chords in the key of G major. The high chroma activation for G further supports this conclusion."
27845,C major,"The chord progression consists of D minor, C major, F major, and G major chords, which are all diatonic to the C major scale. The chroma activations show high values for the notes of the C major scale, particularly B natural, and a low value for Bb, confirming C major as the most likely key."
27846,F# major,"The chord sequence is heavily centered around F# major, which acts as the tonic. The chroma activations are also strongly aligned with the F# major scale, with high values for F#, C#, and G#."
27853,C# minor,"The chord progression frequently uses C# minor, E major, B major, and F# major, which all fit naturally within the key of C# minor. The consistent use of E natural rather than E sharp points strongly towards C# minor, and the progression centers around the C# minor triad."
27859,G minor,"The chord sequence is dominated by G minor, which appears frequently and accounts for the majority of the song's duration. The presence of C major and F major chords along with the high chroma activations for G and D strongly point to G minor as the tonic."
27861,Bb major,"The song is dominated by a long Bb major chord. The chroma activations peak at Bb, D, and F, which form the Bb major triad, strongly supporting Bb major as the key."
27862,A minor,"The chord sequence primarily consists of chords diatonic to A minor, such as F major, D minor, C major, and A minor itself. The low chroma activation for C# (0.022) compared to the higher activation for C (0.166) also strongly points towards A minor rather than A major."
27864,G major,"The song's chord progression consists almost exclusively of G major, C major, and D major chords, which function as the I, IV, and V chords in the key of G major. This is further corroborated by the high chroma activations at G, D, and F#, which represent the tonic, dominant, and leading tone of the key."
27865,D major,"The chord progression is dominated by D major, G major, and A major, which are the I, IV, and V chords in the key of D major. The chroma profile further supports this with strong activations for D, G, and A."
27979,Bb minor,"The chord progression is dominated by the Bb minor and F minor chords, which establishes Bb minor as the tonic. The recurrent F# major chord functions as the VI chord (enharmonically Gb major), which is a common harmonic movement in this minor key."
28070,C major,"The chord sequence heavily features C major, G major, and F major, which are the primary chords (I, V, IV) in the key of C major. The inclusion of D minor (ii) and E minor (iii) further supports this key, as these are diatonic chords within the C major scale."
28084,C minor,"The chord sequence is overwhelmingly dominated by a C minor chord for nearly the entire 60-second duration, which strongly establishes C minor as the tonic. The chroma activations further support this, with C being the most prominent pitch."
28252,C minor,"The chord sequence consistently revolves around C minor, utilizing common progressions like i-VI-iv-VII. The chroma activations reflect this, with strong prominence on the notes C, Ab, and Bb, which are defining scale degrees of the C minor key."
28266,E major,"The chord sequence is heavily dominated by the E major chord, which functions as the tonic. The A and D chords function as IV and bVII chords within the key, which is a common progression, and the high chroma activations for E and B further reinforce E major as the tonal center."
28364,C major,"The harmonic progression is dominated by an alternation between C major and F major, establishing a clear tonic of C. While there are later sections containing chromatic chords like Bb major and G minor, these function as borrowed chords or modal interchanges within the established context of C major."
28365,D minor,"The chord sequence primarily revolves around D minor, F major, and Bb major, which are all diatonic chords in the key of D minor. Given the frequent return to and emphasis on the D minor chord, it acts as the tonal center."
28377,G minor,"The chord sequence consists almost exclusively of G minor and C minor, with G minor appearing for significantly more time than C minor. This harmonic pattern, supported by strong chroma activations for the notes G, D, and Bb (A#), clearly establishes G minor as the key."
28388,G minor,"The chord sequence is dominated by the G minor chord, which accounts for the majority of the duration. Additional chords like Bb major, C minor, and Eb major are all diatonic to the G minor scale, and the chroma activations strongly emphasize G, A#, and D, confirming G minor as the tonal center."
28396,Eb minor,"The chord sequence consists entirely of chords diatonic to the Eb minor/F# major key signature, such as Ab minor, B major, and C# sus4. The frequent recurrence of the Eb minor chord and the prominence of the corresponding notes in the chroma activations (particularly G#, C#, B, D#, and F#) strongly indicate that the key is Eb minor."
28398,B major,"The progression is centered around the B major, E major, and Ab minor (G# minor) chords, which are all part of the B major diatonic set. The chroma activations reinforce this, with the highest values concentrated on the notes B, D#, and G#."
28400,B major,"The chord sequence consists primarily of B major (I), E major (IV), C# minor (ii), and Ab minor (the vi chord, enharmonically G# minor), all of which are diatonic to the B major scale. The chroma activations show strong peaks for B, D#, E, and G#, which are central notes of the B major scale."
28427,E major,"The harmony is centered around E major, which is the most frequent and longest-playing chord. The presence of common diatonic chords like A major, B major, and F# minor further supports this key, and the chroma peaks at E, A, and G#/Ab align with the tonic, subdominant, and mediant degrees of the E major scale."
28428,F# major,"The song is centered around the F# major chord, which appears as the primary tonic throughout the progression. The chroma activations corroborate this, showing a dominant F# peak, leading to the conclusion that the key is F# major."
28429,E major,"The chord sequence primarily revolves around E major, A major, and B major, which function as the I, IV, and V chords in the key of E major. The high chroma activations for E, A, and B further support this tonal center."
28430,A major,"The chord sequence is dominated by A, D, and E chords, which function as the I, IV, and V chords in the key of A major, with B minor serving as the ii chord. This analysis is supported by the chroma profile, which shows the highest activations for the notes A, D, and E."
28431,B major,"The chord progression is dominated by B major, E major, and F# major, which correspond to the I, IV, and V chords in the key of B major. The chroma profile further supports this with high activations for B, F#, and E."
28435,F# minor,"The song is centered around F# minor, as evidenced by the frequent occurrence of the F# minor chord as the primary tonal center. Other chords present, such as E major, B major, D major, and C# minor, are common in the key of F# minor, and the chroma activations strongly support this with peaks on F#, C#, A, and E."
28545,A major,"The chord sequence oscillates primarily between A major and D major, with A appearing as the most prominent and stable chord throughout the song. This is supported by the chroma activations, which feature strong peaks in A, E, and C#, confirming the A major tonality."
28548,G major,"The chord progression consistently features C, Am, G, and D, which function effectively as the IV, ii, I, and V chords in the key of G major. The high chroma activations for G, A, C, and D further support G major as the tonic."
28589,B minor,"The chord sequence is overwhelmingly dominated by the B minor chord, which serves as the tonal center for the vast majority of the clip. This is supported by the chroma profile, which shows the highest activation for B."
28599,G major,"The chord progression frequently cycles between G major and C major, representing the I and IV chords in the key of G major. The presence of D major and A minor further confirms this, as they function as the V and ii chords in G major, respectively. The high chroma activation for G also supports G major as the tonic."
28647,A major,"The chord sequence centers on A major, D major, and E major, which are the I, IV, and V chords in the key of A major. The presence of the B major chord leading into E major and then to A major provides a clear V-of-V to V to I cadence, which strongly confirms A major as the tonic."
28777,C major,"The chord progression is highly chromatic and lacks traditional functional harmony, frequently alternating between C major and F# major. Given that C major is the most recurring chord and the chroma profile shows peaks at C and G, C major is the most plausible tonal center."
28783,D major,"The chord sequence consists primarily of D, G, and A chords, which function as the I, IV, and V chords in the key of D major. The frequent return to D major and D7 chords, supported by the chroma activations of D, A, and C#, strongly establishes D as the tonal center."
28810,C major,"The progression is centered on C major, utilizing common chords like C major, D minor, and G major to establish the tonic. The repeated alternation between C major and A minor supports C major as the primary tonal center, despite occasional brief appearances of other chords."
28811,G major,"The chord sequence consists primarily of G major, B minor, D major, and C major chords, all of which are diatonic to the G major scale. The frequent return to the G major chord strongly establishes G as the tonic."
28814,E minor,"The chord sequence consists entirely of E minor, and the chroma profile strongly emphasizes the note E, which confirms E minor as the tonic."
28832,E minor,"The song is centered around the E minor chord, which appears for the majority of the duration. The chroma analysis displays strong activations on E and G, which are consistent with the E minor triad. The surrounding C, D, and Eb chords provide chromatic color but do not shift the tonal center away from E minor."
28833,C major,"The song predominantly features the C major chord, which also functions as the final and most frequent chord, indicating it as the tonic. Other chords like D major and E minor are consistent with the harmonic context of the C major key."
28834,D minor,"The chord progression is dominated by a D minor chord, which accounts for the vast majority of the duration. Additionally, the chroma profile shows strong activations for D and A, consistent with the tonic and fifth of the D minor triad."
28835,E major,"The chord sequence is dominated by E major and E minor, with the E major chord having a significantly longer total duration. Given the strong presence of the E and B tones in the chroma profile and the stability of the E tonic, E major is the most likely key."
29046,F major,"The chord sequence is dominated by an F major chord, which strongly points to F major as the tonic. This is further corroborated by the chroma activations, which show significant weight on the notes F, A, and C, corresponding to the F major triad."
29047,Ab major,"The chord sequence relies heavily on chords such as Ab major, Bb minor, and Eb major, which are the I, ii, and V chords in the key of Ab major. Additionally, the chroma activations strongly align with the notes found in the Ab major scale."
29265,G major,"The chord sequence frequently cycles through G, C, and D major, which are the I, IV, and V chords of G major. Although the presence of chromatic chords like Eb and Bb suggests modal borrowing typical of popular music, the overall tonal center is clearly anchored on G, which is further supported by the chroma activations showing a peak at G."
29267,A minor,"The chord sequence heavily features the progression of A minor, G major, and D major, which is characteristic of the A Dorian mode. The chroma activations confirm A as the central tonic and highlight the presence of F#, which is consistent with the Dorian mode within the key of A minor."
29268,C minor,"The chord sequence consists primarily of C minor, Eb major, Ab major, and Bb major, which form a common i-III-VI-VII progression in C minor. The recurring emphasis on C minor as the starting chord and the chroma activations (C, Eb, G, Ab, Bb) are characteristic of the C minor scale."
29271,C major,"The chord progression is heavily centered on C major, which appears frequently throughout the sequence. The recurring use of E minor as a secondary chord, alongside other functional chords like F major, D minor, and G major, strongly points to C major as the tonal center."
29447,D major,"The chord sequence is heavily dominated by the D major chord, which accounts for the vast majority of the song's duration. Additionally, the chroma activations show high prominence for D, A, and F#, which are the notes of the D major triad."
29448,D major,"The chord progression is heavily centered around the D major chord, with A major and G major chords providing standard functional harmony within the key of D major (I-V-IV). The chroma activations support this, with strong prominence on D, F#, A, and G, which are the fundamental notes defining the D major tonal center."
29449,C major,"The chord sequence is heavily dominated by C major, supplemented by F major and E minor chords, all of which are diatonic to the key of C major. The chroma activations further support this, showing the strongest presence for the notes C, E, F, and G."
29450,A major,"The chord sequence is strongly centered around the A major chord, which appears frequently and for the majority of the duration, establishing it as the tonic. While other chords such as D major and G major are present, they function harmonically within the key of A major."
29451,E major,"The song prominently features E major and related chords like C# major and minor, establishing E major as the initial tonal center. While the latter section shifts to a G major-E minor-D major progression, the consistent use of E as a harmonic anchor throughout the song supports E major as the primary key."
29452,C major,"The chord sequence heavily features C major, E minor, and F major chords, which are all diatonic to the C major scale. The repeated use of the C major chord as a structural anchor, combined with the strong chroma activation for C, clearly points to C major as the key."
29453,G major,"The chord sequence primarily alternates between G major and C major, which functions as a I-IV progression in the key of G major. The occasional inclusion of E minor and A minor chords is also consistent with the diatonic harmony of the G major scale."
29454,G minor,"The chord sequence oscillates between G minor and D minor throughout the song, which strongly establishes G as the tonic. The chroma data further supports this with D and G being the most prominent pitches, alongside F, which is part of the G minor scale."
29455,D minor,"The chord sequence is heavily anchored around D minor, with frequent occurrences of the D minor tonic, the A major dominant chord, and the G minor subdominant chord. This progression, particularly the consistent return to D minor and the use of the A major chord (containing the leading tone C#), strongly indicates the key of D minor."
29456,B major,"The track is almost entirely composed of a B major chord, which acts as the tonic. The chroma data further supports this, showing strong peaks at B and F#, the tonic and dominant notes of the B major scale."
29457,D major,"The chord sequence consists primarily of chords diatonic to D major, including D major, E minor, F# minor, G major, and B minor. These chords rotate throughout the progression, establishing D major as the tonal center."
29458,G minor,"The chord sequence consists primarily of G minor and D/D7 chords, which represent the tonic (i) and dominant (V) functions in G minor. The chroma activations show a strong presence of G and D, which reinforces this tonal center."
29459,B minor,"The harmonic progression is dominated by B minor and D major, which are relative keys. B minor appears significantly more frequently and acts as the structural home throughout the sequence, confirming it as the tonic. This is further supported by the chroma profile, which highlights B, D, and F# as significant pitches."
29461,G major,"The chord sequence consists almost entirely of an alternation between G major/dominant chords and A minor/dominant chords, which is strongly characteristic of the G major tonality. The high chroma activations for G, A, E, and D provide further confirmation that the tonal center is G major."
29467,G minor,"The chord progression frequently cycles between G minor and C minor, with Eb major appearing as a common substitute or relative major. The inclusion of a D major chord, which functions as the dominant (V) in G minor, strongly confirms G minor as the tonic."
29469,D minor,"The chord sequence is dominated by a D minor chord, which accounts for the vast majority of the duration. The additional chords, such as Bb major and G minor, are diatonic to the D minor key, and the strong chroma activations for D and A further support D minor as the tonic."
29470,A major,"The chord sequence is heavily dominated by A major and E major chords, which form a persistent I-V progression that strongly establishes A major as the tonic. The inclusion of D major further supports A major as the key."
29471,E minor,"The chord sequence is dominated almost entirely by an E minor chord, which persists for nearly the full duration of the track. This is strongly supported by the chroma activations, which peak at E and B, the tonic and dominant of E minor."
29472,A major,"The chord sequence is heavily anchored by the A major chord, which suggests it is the tonic. The inclusion of a D minor chord serves as a common borrowed chord (iv) in the key of A major, and the chroma activations strongly emphasize A and E, confirming this tonal center."
29473,G major,"The chord progression of G major, C major, A minor, and F major is consistent with the key of G major, with F major acting as a borrowed bVII chord. This is supported by the chroma activations, which show a higher presence of F# compared to F, aligning with the G major scale."
29474,D minor,"The chord sequence is dominated by a D minor chord, which persists for the majority of the song. The chroma profile further supports this with significant activations for the notes D and A, which are central to the D minor triad."
29475,Eb minor,"The chord sequence identifies Eb minor as the final chord, and the chroma activation profile contains significant peaks at D# and A#, which correspond to the root and fifth of the Eb minor triad."
29476,D minor,"The chord progression is heavily anchored around D minor, with frequent occurrences of D minor chords and supporting chords like Bb major and G minor. The chroma activations also show a strong presence of D and A, further reinforcing the D minor tonality."
29477,C# minor,"The chord sequence primarily oscillates between C# minor and Ab major, with the Ab major chord functioning as the dominant (enharmonic to G# major) for the tonic C# minor. The high chroma activations for C#, G#, and D# are consistent with the notes found in both the C# minor triad and the Ab major dominant chord, supporting C# minor as the key."
29478,D minor,"The chord sequence consists almost entirely of D minor chords, indicating a clear tonal center. The chroma activations further support this, with prominent peaks at D, F, and A, which are the constituent notes of the D minor triad."
29479,Eb major,"The chord progression is dominated by an Eb major chord, which spans almost the entire duration. The chroma analysis shows significant activations for D# (Eb) and A# (Bb), which correspond directly to the root and fifth of the Eb major chord."
29480,D minor,"The chord sequence is heavily centered around the D minor chord, which acts as the primary harmonic anchor throughout the song. The recurring use of G:min and A:aug supports a D minor tonality, and the chroma activations show a strong emphasis on D, F, and A, which are the primary notes of the D minor triad."
29526,C major,"The chord sequence consists almost entirely of C major and F major, identifying the tonic as C major. This is reinforced by the chroma analysis, which shows strong peaks at C and E."
29527,B major,"The chord sequence is centered around B chords, with B:7 and B:maj being the most prominent features. The presence of a C#:min7 chord acting as a ii chord further supports the key of B major, and the anomalous F:maj chord is likely a misidentification of the F#:maj dominant chord."
29528,C major,"The chord progression consistently features C major as a central anchor, frequently alternating with A major, E major, and F major. Given the strong presence of C, E, and A in both the chords and the chroma data, C major is the most logical key."
29529,C major,"The chord sequence is heavily anchored by the C major tonic, frequently alternating with diatonic chords like F major, G major, and D minor. The chroma activations confirm this, displaying high values for the tonic (C), dominant (G), and mediant (E) notes of the C major scale."
29530,C minor,"The song is dominated by a C minor chord for the vast majority of its duration. While the ending shifts to G chords, the overall harmonic center is clearly C minor, which is also supported by the highest chroma activation on C."
29532,C major,"The chord sequence is dominated by C major, which accounts for nearly all of the recognized harmonic material. The brief Bb major chord functions as a common flat VII substitution in the key of C major, and the chroma activations, particularly the prominent G and C, are consistent with a C major tonality."
29584,D major,"The chord sequence consists of a repeating ii-V-I progression (E minor, A major, D major), which is a quintessential cadence in the key of D major. The chroma activations for D, A, and E further confirm this tonal center."
29586,B minor,"The chord sequence consists almost exclusively of F#7 and B minor chords, representing a clear V7-i progression in the key of B minor. The song consistently centers around these two chords, firmly establishing B minor as the tonic."
29605,Eb minor,"The chord sequence consists entirely of Eb minor, which strongly points to that being the tonic. Furthermore, the chroma activations show high values for notes consistent with the Eb minor scale, such as D#/Eb, A#/Bb, G#/Ab, F#/Gb, and C#/Db."
29609,A minor,"The chord sequence is heavily centered on A:min, which appears frequently and for the longest total duration throughout the excerpt. The presence of G:maj and C:maj supports an A minor tonality, and while B:min introduces some harmonic variation, the song consistently returns to A:min."
29610,A minor,"The chord progression centers heavily on A minor, which appears as the tonic throughout most of the duration. The presence of the relative major (C major) and the V chord (E major), combined with the G# chroma activation supporting a harmonic minor scale, strongly indicates the key of A minor."
29611,A major,"The harmonic progression frequently alternates between A and G chords, evolving from A minor to a predominant A major tonality. The final E:maj chord functions as a dominant, which further anchors A major as the tonic."
29625,C# minor,"The chord sequence is heavily centered on C# minor, supported by related chords like E major, B major, and Ab minor (functioning as G# minor, the V chord in C# minor). These chords are all compatible with the C# minor scale, identifying it as the clear tonal center."
29626,B minor,"The chord progression is dominated by an alternation between B minor and D major, which are the tonic and relative major chords in B minor. The chroma activations also support this, showing a strong peak on B and high values for other notes in the B minor scale like D, C#, and E."
29627,B major,"The chord progression is dominated by B major, E major, Ab minor (enharmonically G# minor), Eb minor (enharmonically D# minor), and C# minor. These chords function as the I, IV, vi, iii, and ii chords of the B major scale, and the chroma activations strongly align with the notes of this key."
29739,G major,"The chord sequence primarily revolves around G major, C major, and D major, which are the I, IV, and V chords in the key of G major. The inclusion of A major as a secondary dominant (V/V) leading to D major and B minor as the vi chord strongly supports G major as the tonic."
29818,Bb major,"The chord progression is dominated by Eb, Bb, F, and G minor, all of which are diatonic to the Bb major scale. The consistent use of these chords, alongside the chroma activation profile, strongly points to Bb major as the tonic."
29819,E major,"The chord sequence consists primarily of oscillations between E major and A major, which indicates a I-IV relationship in the key of E major. This is further supported by the chroma activations, which show high values for the tonic (E), third (G#), and other members of the E major scale."
29844,D major,"The chord progression predominantly features D, G, and A major chords, which function as the I, IV, and V chords respectively in the key of D major. The chroma profile shows strong activations for D, G, A, and F#, further confirming the D major tonality."
29846,G major,"The harmonic content is dominated by a single, prolonged G major chord, which strongly indicates G major as the tonic. The chroma activations are also consistent with the G major scale, featuring prominent energy at the tonic (G) and the fifth (D)."
29849,G major,"The progression is centered on G major, which is the most frequent chord in the sequence, often alternating with E minor. The chroma activations confirm this, with high values for the notes G, B, and D, all of which are central to the G major tonic chord."
29851,D major,"The chord sequence consists almost entirely of a D major chord for the vast majority of the duration provided. This is supported by the chroma activations, which show significant peaks at D and F#, the tonic and major third of the D major scale."
29943,Ab major,"The chord sequence prominently features C#maj7 (enharmonically Dbmaj7), Eb7, Abmaj, and Fmin chords, which correspond to the IV-V-I-vi progression in the key of Ab major. This analysis is supported by the chroma profile, which shows strong activation for the notes of the Ab major scale."
30015,D minor,"The chord sequence relies heavily on D minor, which appears frequently alongside Bb major, C major, and F major. These chords are all diatonic to the D minor scale, and the prominence of the D minor chord suggests it as the tonic."
30018,E minor,"The chord progression frequently centers around E minor, often utilizing B major as a dominant to resolve to E minor. The presence of these chords, combined with the strong chroma activations for B, G, and F#, is characteristic of the key of E minor, utilizing the harmonic minor scale."
30023,D minor,"The chord sequence is dominated by D minor, which appears frequently throughout the piece. The progression relies heavily on chords naturally found in the D harmonic minor scale, such as D minor, G minor, Bb major, and the dominant A major, which supports D minor as the clear tonal center. The chroma activations for A and D are also the most prominent, confirming the key."
30025,D minor,"The chord sequence is heavily centered around the D minor chord, which appears frequently throughout the track alongside C major and F major. The chroma profile further supports this, with strong activations for D and A, confirming D minor as the likely tonic."
30026,D minor,"The chord sequence spends the most time on the D minor chord, and the other chords present (F major, C major, G minor) are all diatonic to the D natural minor scale. The chroma activations are also consistent with D minor, with significant peaks on D and A, which are the tonic and dominant scale degrees."
30027,E minor,"The chord sequence centers on the E minor and B major chords, establishing a strong i-V relationship that suggests E minor as the tonal center. While there are repeating secondary sequences involving D minor and A major, the prominence of E and B in both the chord progression and the chroma activations strongly supports E minor as the primary key."
30028,D minor,"The chord sequence consists primarily of repeated alternations between D minor and C major chords, which strongly establishes D minor as the tonic. While the Eb major chord and the associated high D# (Eb) chroma activation are present, they are characteristic of a D Phrygian-influenced harmonic progression."
30030,C major,"The chord sequence primarily uses the chords C major, F major, G major, and A minor, which are the main chords in the key of C major. The frequent resolution to C major and the use of E7 as a secondary dominant to A minor further support C major as the tonal center."
30033,D major,"The chord sequence alternates frequently between D and C chords, strongly suggesting D as the tonal center. This modal harmonic structure is characteristic of the D mixolydian mode, leading to a classification of D major."
30035,F# major,"The chord sequence is dominated by F#, B, and C# chords, which correspond to the I, IV, and V chords in the key of F# major. This is reinforced by the chroma activations, which show strong peaks at F#, B, and C#, confirming the F# major tonality."
30039,A major,"The chord progression is dominated by the A major chord, with recurring E major chords functioning as a dominant. This harmonic structure is characteristic of the key of A major, and the chroma activations support this with high values for the tonic triad notes A, C#, and E."
30040,F# major,"The chord sequence consists primarily of F# major, A major, and B major chords, with F# major acting as the tonal center throughout the song. This is supported by the chroma activation analysis, which shows the highest value at F#, confirming its role as the tonic."
30042,B minor,"The chord sequence is dominated by a B minor chord that persists for nearly the entire duration. The chroma profile supports this, with prominent activations at F#, B, and D, which are the primary notes of the B minor triad."
30044,Bb major,"The chord sequence consists entirely of an alternating pattern between Bb major and F major chords, which function as the tonic (I) and dominant (V) chords in the key of Bb major. The chroma activations are also consistent with this, highlighting the notes Bb, F, A, and D, which are all part of the Bb major scale."
30045,E major,"The chord progression consists primarily of E major, A major, and B major, which correspond to the I, IV, and V chords in the key of E major. The chroma activations are also consistent with this key, showing strong weight on the notes E, G#, A, and B."
30047,C major,"The chord sequence consists entirely of alternating C major and F major chords, which are the I and IV chords in the key of C major. This harmonic structure is supported by the chroma activations, which show strong peaks at C, E, G, F, and A, all of which are notes within the C major scale."
30048,E major,"The chord sequence is heavily anchored by the E major and A major chords, with the E major chord acting as the primary tonic throughout the progression. Although there is some modal mixture present, such as the use of G major and a brief appearance of E minor, the overall harmonic center remains firmly in E major."
30049,F# minor,"The harmonic progression is dominated by a repeated oscillation between F#:min7 and B:7 chords, which strongly establishes F# as the tonal center. The prominence of A and F# in the chroma activations aligns with the F# minor triad, confirming F# minor as the key."
30050,E minor,"The chord sequence consistently features E minor, G major, D major, A minor, and B major, which are standard chords in the key of E minor, with the B major chord functioning as the dominant in the harmonic minor scale. The chroma analysis supports this, showing strong activations for scale degrees of E minor, including the leading tone D#."
30051,E major,"The chord sequence is dominated by E major, A major, and B major, which represent the I, IV, and V chords in E major. The chroma activations further support this, with high peaks on E, B, and G#, which are the notes of the E major triad."
30052,Db major,"The chord sequence repeatedly cycles through the chords Ab (V), C# (I), Bb minor (vi), and F# (IV), which are functional harmonies within the key of Db major."
30053,C minor,"The chord sequence cycles through F minor, Ab major, Bb major, and C minor, which functions as an iv-VI-VII-i progression in the key of C minor. The high chroma activations for C, F, Ab, and Bb are consistent with this tonal center."
30055,C major,"The chord sequence consists entirely of an alternation between C major and G major chords, which are the I and V chords in the key of C major. The chroma activations further support this, showing the highest intensity for the C and G pitch classes."
30056,D minor,"The song is dominated by a long D:min7 chord, which establishes D as the tonic. The subsequent oscillation between G:7 and D:7, combined with high chroma activations for D, F, and G, strongly points to D minor as the key."
30058,C major,"The chord progression is dominated by C7 and Cmin7 chords, which strongly indicates C as the tonic. Given the repetitive, blues-oriented harmonic structure, C major is the most appropriate classification for this sequence."
30117,B minor,"The chord progression frequently centers around B minor and D major, which are relative keys. B minor acts as the primary anchor, and the chroma profile, with strong activations for B, E, A, and F#, strongly supports B minor as the tonic."
30148,Eb major,"The chord sequence consists primarily of Eb, Bb, and Ab chords, which represent the I, V, and IV chords in the key of Eb major. This progression is typical of the key, and the chroma activations, showing peaks at Eb and Bb, align with this tonal center."
30149,Eb major,"The chord sequence consists primarily of Eb, Bb, Ab, and C minor chords, all of which are diatonic to the key of Eb major. The occasional F major chords function as secondary dominants (V/V) within this key."
30362,G major,"The chord progression frequently uses G, C, Am, and Bm, which align with the I, IV, ii, and iii chords of the G major scale. Given the strong presence of G and C in the chroma analysis, G major is the most consistent key."
30363,C major,"The song is dominated by repetitive alternations between C major and G major, which strongly establishes a I-V relationship in the key of C major. While the section involving F# minor and A major represents a harmonic digression, the overall frequency and duration of the C and G chords make C major the most consistent tonal center."
30366,E minor,"The song consistently uses a repeating chord progression of C major, D sus4, and E minor. This progression functions as VI-VII-i in the key of E minor, which is a very common harmonic pattern."
30369,G major,"The chord progression features prominent use of A minor, C major, D major, and G major, which are all diatonic to the key of G major. The final sequence of A minor, D major, and G major functions as a clear ii-V-I cadence, establishing G major as the tonal center."
30370,C minor,"The chord sequence consistently revolves around C minor and its related chords, specifically the dominant G major and the relative major Eb major. The chroma activations reinforce this analysis, with strong representations of the notes C, G, and D#/Eb, which are foundational to the C minor harmony."
30518,Eb minor,"The chord sequence primarily oscillates between Eb minor and B major chords, establishing Eb minor as the clear tonal center. The chroma activations, showing strong presence of Eb (D#), Bb (A#), B, and F#, support this harmonic content."
30519,Eb minor,"The progression is composed primarily of Eb minor, Bb minor, and Ab major chords, which are characteristic of the Eb Dorian mode or the Eb minor scale. The frequent recurrence of Eb minor, along with its placement at the start of the sequence, strongly indicates that Eb is the tonal center."
30520,Ab minor,"The chord sequence centers on Ab minor, with frequent oscillations between Ab minor and Eb minor or major, and occasional F# major chords. The chroma profile confirms this, showing significant activations for G# (Ab), D# (Eb), F#, and A# (Bb), which are all consistent with the Ab minor scale."
30521,Eb minor,"The chord sequence consistently revolves around Eb minor, Ab minor, B major, and C# major, all of which are diatonic to the Eb minor scale. The repetition of these chords with Eb minor as the anchor point strongly suggests Eb minor as the tonic."
30544,D minor,"The chord progression frequently utilizes D minor, F major, G minor, and A major, which are characteristic of the D minor harmonic collection. The presence of the A major chord, acting as the dominant (V) to D minor, and the prominence of D and A in the chroma activations strongly support D minor as the tonal center."
30838,Ab major,"The song is dominated by an Ab major chord for the majority of the provided duration. The chroma analysis shows significant activations at G#, C, and D#, which correspond well to the notes of an Ab major triad."
30839,C# major,"The harmony features chords F# major and D# minor, which function well within the key of C# major (acting as the IV and ii chords, respectively). The strong chroma activation for C# further supports it as the likely tonal center."
30840,E major,"The chord sequence centers on E major and B major, with E major being the most frequent and sustained chord, identifying it as the tonic. The chroma activations reinforce this, showing high prominence for the tonic (E) and the dominant (B)."
30842,B minor,"The progression is heavily centered around B minor and D major, which are relative keys. The inclusion of E minor, F# minor, and G major strongly supports a diatonic B minor context."
30846,B major,"The chord progression is dominated by a B major chord, which acts as the tonic, followed by a brief F# major chord, the dominant (V). The high activity in the chroma profile for B and F# further reinforces B major as the key."
30847,Bb major,"The chord progression is dominated by the Bb major chord and includes other diatonic chords like G minor, D minor, and F major, which all fit the Bb major scale. The chroma profile further supports this, with strong activations for Bb, F, and C, confirming Bb major as the most likely key."
30848,G major,"The chord sequence consists of G major and C major chords, which function as the I and IV chords in G major. Since the sequence starts and concludes on a G major chord, it strongly indicates that G major is the tonic."
30977,F major,"The chord sequence primarily consists of Fmaj7, Dmin, Gmin7, and Bbmaj7, all of which are diatonic to the key of F major. Additionally, the chroma activations show strong peaks at A, Bb, F, and G, which further support F major as the tonal center."
30978,A major,"Since the chord sequence contains no identifiable information, the key was determined from the chroma activations. The high concentration of energy at A, G#, and G suggests a tonal center of A, with the presence of G# as a leading tone supporting A major as the most likely key."
30979,D minor,"The chord sequence is heavily centered around D minor, G minor, F major, and Bb major, which are all diatonic to the D minor scale. The inclusion of A minor and A major chords, particularly at the end, provides a clear dominant function that reinforces D minor as the tonic."
30980,A minor,"The track centers on A minor, which is emphasized by a long-held A minor chord and a frequent recurrence of A-centered harmonies. The chroma profile supports this, highlighting both A and its relative major, C, as the primary tonal centers throughout the progression."
30981,C minor,"The chord sequence is heavily dominated by the repetition of C:min and Bb:maj, which are consistent with the C minor scale. The frequent return to C:min as a primary harmonic center, supported by diatonic chords such as D:min and G:min, strongly indicates C minor as the tonic."
30982,D major,"The chord sequence consistently revolves around the Dmaj7 chord as a tonic. The progression includes typical ii-V-I functional harmony in D major, such as Emin7, A7, and Dmaj7, along with the common minor iv chord (Gmin). The chroma activations support this, with D, F#, and A showing high values."
30983,A major,"The song features a highly chromatic and non-traditional harmonic progression, making a definitive tonal center difficult to establish. However, given the frequent occurrence of the A major chord and the chroma activity emphasizing A, E, and G#, A major is the most plausible key choice."
30984,A major,"The chord sequence frequently cycles between A major, C# minor, and C major. In the key of A major, C# minor functions as the iii chord and C major is a common borrowed chord (bIII), making A major the most plausible tonal center."
30986,G minor,"The chord sequence is clearly centered on G minor, utilizing chords like Bb major, D minor, and A major within that harmonic context. The chroma activations strongly support this, showing the highest concentrations on G, A, and Bb, which are consistent with the G minor scale."
30989,E minor,"The chord sequence includes Am7, G major, and B minor, all of which are compatible with the E minor scale. Additionally, the high chroma activation for E strongly supports E minor as the tonic."
31012,G minor,"The chord sequence is dominated by G chords, particularly G minor, suggesting that G is the tonic. This focus on G, along with the chroma activations showing more activity on A# (Bb) than B, supports G minor as the most appropriate key."
31126,D minor,"The chord progression is dominated by D minor and A7, which represents the i-V7 relationship characteristic of the key of D minor. The sustained use of these chords confirms D minor as the central tonal center."
31152,Ab major,"The chord sequence is heavily anchored by the Ab7, Bbmin7, and Eb7 chords, which act as the I, ii, and V chords in the key of Ab major. The use of C# (enharmonically Db) and Fmin7 further supports this key center, consistent with a standard progression in Ab major."
31160,Bb minor,"The song's chord progression predominantly features Bb:min, F:min, Ab:maj, and C#:maj, which all belong to the key of Bb minor. The frequent resolution to Bb:min throughout the latter part of the sequence identifies it as the tonic."
31201,Eb minor,"The chord progression prominently features Eb:min and Ab:maj, and the chroma activations show high concentrations on notes consistent with the Eb minor scale (Ab/G#, Bb/A#, Eb/D#, Gb/F#). Given the presence of chords like Bb:min, C#:maj, and F#:maj, the song centers strongly around the Eb minor/F# major relative key pair, with Eb minor being the most suitable tonic."
31202,F# major,"The harmony oscillates between F# major and its relative minor, Eb minor. Given that F# major chords appear with greater frequency and duration, it serves as the tonic, supported by chroma activations that align with the notes of the F# major scale."
31206,E major,"The chord sequence consists primarily of E major, F# minor, and A major, which represent the I, ii, and IV chords in the key of E major. The E major chord is the most frequent and longest-held chord, establishing it as the tonic."
31207,A minor,"The chord progression is centered on the A minor chord, which appears frequently and anchors the harmonic structure. The other chords, such as D major, E minor, F major, and C major, all function well within the context of A minor, with the D major chord suggesting the use of the Dorian mode."
31208,Ab major,"The chord sequence is dominated by Ab major, which accounts for the majority of the harmonic duration. The chroma profile further supports this with strong peaks on Ab and Eb, consistent with an Ab major tonality."
31209,B minor,"The chord sequence centers on B:min as the tonic, supported by the frequent use of D:maj (the relative major), C#:dim/hdim7 (the ii chord), and F#:7 (the V chord), which is a characteristic progression in B minor."
31218,Eb major,"The chord sequence primarily consists of diatonic chords from the Eb major scale, including Eb major, C minor, F minor, Bb major, Ab major, and G minor. The chroma activations are consistent with this analysis, showing prominent peaks at Eb, F, G, Bb, and C, which strongly support Eb major as the tonic."
31220,G major,"The chord sequence is dominated by chords belonging to the G major scale, such as G major, E minor, A minor, and B minor. The chord G appears frequently as the tonic, and the chroma data reinforces this with a prominent G peak. The Eb major 7 chords function as a chromatic bVI borrowed chord, which is common in G major."
31221,D minor,"The chord sequence is composed of chords (D minor, G minor, C major, F major) that are all diatonic to the D minor scale. The prevalence of D minor as both the initial and recurring chord, combined with high activations for D and A in the chroma, strongly points to D minor as the tonic."
31222,B minor,"The chord sequence is centered around B minor, featuring frequent occurrences of the B minor triad as well as related chords such as G major, C# diminished, and D major. The high chroma activations for B and F# (the tonic and dominant notes) provide additional evidence for this tonal center."
31223,B minor,"The chord sequence centers on B minor, E minor, and D major, all of which are diatonic to the B minor scale. The high chroma activations for A, F#, D, and B further support a B minor tonal center."
31224,G minor,"The chord sequence is heavily anchored by the G minor chord, which appears for the majority of the duration. The presence of the C7 chord and significant E natural activations in the chroma data suggest a G Dorian mode often found within the key of G minor."
31227,C major,"The chord sequence consists primarily of C major, A minor, D minor, F major, and G major, which are all diatonic chords within the C major key. The chroma activations are also dominated by C and G, confirming C major as the tonal center."
31231,C major,"The chord sequence is composed of C, F, and G major chords, which correspond to the tonic, subdominant, and dominant in the key of C major. The chroma profile strongly emphasizes C, E, and G, which are the notes of the tonic chord, reinforcing this tonal center."
31257,C major,"The song frequently features a C major chord with significant duration, establishing it as the clear tonal center. The accompanying chords, such as F major and G major, are consistent with the C major scale, and the chroma analysis further supports this by highlighting C, E, G, and F as the most prominent pitches."
31345,B minor,"The harmonic progression is dominated by B minor, D major, and F# major chords, which are central to the key of B minor. The high chroma activations for B, F#, and D further confirm this, as these notes form the B minor triad."
31346,C# major,"The chord progression alternates consistently between C# major and F# major, which functions as a I-IV progression in the key of C# major. This analysis is supported by the chroma activations, which show significant peaks at both C# and F#."
31357,G major,"The chord sequence prominently features Gmaj7, which functions as the tonic in the key of G major. The presence of D major as a V chord, along with other chords like Bb and F used as modal borrowings, further supports this tonal center."
31358,B major,"The chord sequence is dominated by Bmaj7, Emaj7, and D#min7 (enharmonically Ebmin7), which are chords I, IV, and iii in the key of B major. The chroma activations reinforce this conclusion, with significant peaks on B and A# (the major seventh of B)."
31359,D minor,"The chord sequence primarily oscillates between D minor and B minor, with secondary usage of F major and E minor. Given that D minor is the most frequently occurring chord and provides a stronger sense of resolution in this harmonic context, it is the most plausible tonic for the piece."
31362,C# minor,"The chord sequence heavily features C# minor, A major, and E major, which are diatonic to the C# minor scale. The chroma activations reinforce this with high values for the tonic (C#), dominant (G#), and other scale degrees like A and E, confirming C# minor as the likely key."
31363,D major,"The chord progression centers around D, utilizing both D minor and D major sections, but concludes firmly with D major chords such as Dmaj7 and D major. The prominence of D, F#, G, and A in the chroma activations further confirms the D major key signature."
31365,F# minor,"The chord sequence, featuring frequent use of B:min, C#:min7, F#:min7, A:maj, and E:maj, is entirely diatonic to the F# minor scale. The high chroma activation for F#, combined with the harmonic function of these chords, strongly indicates F# minor as the tonal center."
31366,A minor,"The chord sequence prominently features A minor, E major, F major, and C major. The frequent E major to A minor progressions strongly indicate a key of A minor, and the high E activation in the chroma data further supports this, as E is the dominant of A minor."
31367,C minor,"The chord sequence centers around C minor, frequently utilizing Bb, Eb, and F major chords, which is characteristic of the C minor or C Dorian scale. The prominence of C in the chroma activations further confirms C as the tonal center."
31426,A minor,"The chord sequence prominently features Amin, Cmaj, Fmaj, Gmaj, and Emin, which are diatonic to both A minor and C major. The frequent repetition of Amin and the concluding A major chord strongly establish A minor as the tonal center."
31427,D major,"The progression features D major, G major, A major, and B minor, all of which are diatonic to the key of D major. The inclusion of F# major acts as a secondary dominant (V/vi) resolving to B minor, and the overall harmonic progression and strong chroma activations for D and F# strongly support the key of D major."
31428,B major,"The chord sequence features E major, F# major, Ab minor, C# minor, and B major, all of which are diatonic to the B major scale. The frequent use of these chords and the functional progression (such as the V chord F# major) strongly establish B major as the tonic."
31433,G major,"The chord sequence relies heavily on a G-A-D progression, but the later inclusion of E:min, C:maj, G:maj, and D:maj clearly points to G major as the tonal center. These chords function well in G major (vi-IV-I-V), and the chroma activations for G, A, D, and F# are all strong indicators of this key."
31435,E minor,"The chord sequence is heavily centered around E minor and G major. The recurring progression involving G major, B major, and E minor strongly establishes E minor as the tonic key."
31436,C major,"The chord progression prominently features C major, F major, G major, E minor, and A minor, which are all diatonic to the C major scale. Although there are instances of A major, the foundational harmony remains firmly rooted in C major, which is also supported by the chroma profile."
31437,E major,"The chord sequence heavily centers around E major, A major, and B major, which are the primary diatonic chords in E major. Despite some sections shifting to G major and E minor, the consistent use of the E major tonic and dominant chords confirms E major as the primary key."
31438,B major,"The chord sequence is heavily anchored by the B major chord, which appears frequently and concludes with a long duration, strongly suggesting it as the tonic. The chroma data further supports this with a prominent peak in the B pitch class (0.236). While chords like C major and E major appear, they function as chromatic elements or neighbors within the established B major tonality."
31439,B major,"The chord sequence is dominated by the B major chord, frequently alternating with the IV (E major) and V (F# major) chords, which strongly implies a B major tonality. The chroma activations align with this, showing high prominence for B, F#, and D# (enharmonic to Eb), which are all constituent notes of the B major scale."
31440,C# minor,"The song predominantly uses C# minor, A major, and B major chords, which are all characteristic of the C# minor scale. The chroma activations for E, B, A, and C# are also consistent with this key center."
31441,C# minor,"The song consistently centers on C# minor, as evidenced by the frequent use of C#:min, A:maj, and B:maj, which function as the i, VI, and VII chords in that key. The chroma activations support this, with prominent peaks at C#, E, and B, which are core notes of the C# minor scale."
31446,D major,"The chord sequence heavily features D major, A major, G major, and B minor, which are the primary chords in the key of D major. While there are some earlier chords like B major, the progression consistently resolves towards D major, and the chroma activations are also consistent with this key."
31458,C minor,"The chord sequence is heavily centered around C minor, which appears most frequently and acts as the harmonic anchor. The frequent inclusion of Eb major and F minor/major chords further supports the key of C minor, as these chords are closely related to this tonic."
31569,A minor,"The chord sequence consists almost exclusively of an oscillation between Am7 and D major. This harmonic pattern is characteristic of the A Dorian mode, which functions within the context of A minor."
31573,A major,"The chord sequence relies heavily on A, D, and E chords, which function as the I, IV, and V chords in the key of A major. The chroma activations further support this, showing significant presence of the notes A, C#, E, and G#, all of which belong to the A major scale."
31577,A major,"The chord sequence primarily consists of 'A:maj', suggesting A as the tonic. This is supported by the chroma profile, which shows a clear peak at A, along with notable values for G# and F#, which are significant notes within the A major scale."
31578,A major,"The chord sequence prominently features the A, D, and E chords, which correspond to the I, IV, and V degrees in the key of A major. The frequent return to A major as the tonic and the presence of supporting chords like Dmaj7 and E major strongly confirm this key center."
31629,C major,"The chord sequence consists of F major and A minor, which are both diatonic to the C major scale. The chroma activations, which show prominent E and F notes, are also consistent with the C major tonality."
31636,A major,"The harmonic content consists almost entirely of an A major chord sustained for the majority of the song. The chroma activations confirm this, showing high values for A, C#, and E, which correspond to the notes of the A major triad."
31866,D major,"The chord sequence is heavily weighted towards the D major chord, which functions as the tonic. Other chords present, including the V chord (A major) and the iii chord (F# minor), are all consistent with the D major diatonic harmony."
31871,C minor,"The chord sequence repeatedly cycles through C minor, Bb major, Ab major, and G7, which represents a standard i-VII-VI-V harmonic progression in the key of C minor."
31991,Bb major,"The chord sequence primarily oscillates between Bb major and Eb major, which function as the I and IV chords in the key of Bb major. The inclusion of G minor, the relative minor chord, further supports Bb major as the tonic."
31992,E minor,"The chord progression is dominated by the alternation between C major and E minor, with E minor appearing frequently as a tonal anchor. The strong chroma activation on E further reinforces E minor as the tonic."
31993,A minor,"The chord sequence revolves around a repeated progression involving A minor, F major, C major, and E/E7, which are standard functional chords in the key of A minor. The recurring E major chord acts as a strong dominant, consistently resolving to A minor, which reinforces this key."
31994,Bb major,"The sequence primarily oscillates between Bb major and G minor chords, which are relative keys. The concluding progression of Eb major and F major functions clearly as a IV-V cadence in the key of Bb major, strongly suggesting it as the tonal center."
31995,E minor,"Since the chord recognizer provided no usable chord data, the key was inferred from the chroma activations. The notes E, G, and B, which represent the tonic, minor third, and dominant of E minor, show the highest activation values."
31999,G major,"The chord sequence heavily features G major and E minor, and includes a clear ii-V-I progression (A minor, D major, G major). This, combined with the significant chroma activations for E and G, points strongly to G major as the key."
32000,A major,"The chord sequence consists primarily of alternating A major and E major chords, which are the I and V chords in the key of A major. The inclusion of F# minor and B major chords, as well as the chroma activations highlighting A, E, C#, and B, further confirm A major as the tonic."
32001,G major,"The chord sequence consists primarily of an alternation between G major and C major, which act as the I and IV chords in the key of G major. The chroma profile further supports this with strong activations for D, G, and B, which are chord tones of G major."
32002,F major,"The chord progression prominently features chords like F major, C major, D minor, G minor, and A minor, which are all diatonic to the F major scale. The presence of a G major chord, acting as a secondary dominant (V/V) to the C major chord, further supports F major as the tonic."
32005,G minor,"The progression is centered around G minor, featuring recurring G minor, Eb major, D minor, and F major chords, all of which are diatonic to the G minor scale. The chroma profile, with strong peaks at D and G, further confirms G minor as the tonic."
32006,E major,"The chord sequence consists almost entirely of E major and A major, which function as the I and IV chords respectively in the key of E major. This is further supported by the chroma activations, which show high peaks for the notes E, G#, B, and A, consistent with the tonic and subdominant of E major."
32007,D minor,"The song's chord progression prominently features D minor, G minor, F major, and Eb major, which are functionally consistent with the key of D minor (i, iv, III, and bII). The chroma activations strongly support this with high emphasis on D, Eb, G, and A, which are central to the D minor harmonic context."
32008,C minor,"The chord sequence is dominated by C minor and F minor chords, establishing C minor as the tonic. The chroma activations reinforce this with a strong peak at C."
32011,B minor,"The progression is characterized by an oscillation between B minor (Bmin, Bmin7, Bmin9) and A major chords, with B minor acting as the tonal center. The chroma activations reinforce this, highlighting the notes B, A, E, and C#, which are consistent with the B minor scale."
32012,C minor,"The chord sequence is heavily dominated by the C minor 7 chord, which functions as the tonic in this progression. The surrounding chords (Eb major 7 and F minor 7) are diatonic chords within the key of C minor, and the chroma activations strongly support this key center by highlighting notes found in the C minor scale."
32013,B minor,"The chord progression is dominated by a B minor chord for the vast majority of the duration, suggesting B minor as the home key. The inclusion of a G major chord corresponds to the VI chord in the key of B minor, and the chroma data shows a very strong peak at B, reinforcing this conclusion."
32068,D minor,"The chord sequence primarily features chords such as D minor, F major, E minor, G minor, and A minor, which are all consistent with the D natural minor scale. The recurrence of D minor as a tonal center, along with the chroma profile, strongly supports D minor as the key."
32177,G minor,"The chord sequence cycles predominantly between Eb major and G minor, establishing G minor as the tonic chord. The chroma activations, which show strong activity on G, D, Bb/A#, and Eb/D#, are highly consistent with the notes found in the G minor scale."
32365,B major,"The chord progression is dominated by Emaj7, F#maj, and Bmaj, which function as the IV, V, and I chords respectively in the key of B major. The chroma analysis strongly supports this, showing significant activations for B, D#, F#, and A#, all of which belong to the B major scale, and very low activation for A natural."
32399,E major,"The chord sequence consists primarily of E major, A major, and B major, which are the I, IV, and V chords in the key of E major. The inclusion of F# minor (ii) and C# minor (vi) chords is fully consistent with the diatonic harmony of the E major scale."
32575,C major,"The chord progression frequently centers around C major, utilizing diatonic chords like F major, D minor, G major, and A minor within the C major scale. The chroma profile further supports this key, showing prominent activations for C, E, and G."
32577,C# minor,"The chord sequence consists of chords like C# minor, F# minor, A major, B major, and E major, which all belong to the C# minor scale. The persistent focus on C# minor throughout the progression, combined with the relative major E major, strongly indicates C# minor as the tonic."
32581,D major,"The chord progression is clearly centered on D major, frequently utilizing the tonic (D), dominant (A, A7), and subdominant (G, G minor) chords. The use of E minor as a ii chord and F# minor as a iii chord, alongside the overall frequency of D chords, confirms D major as the tonal center."
32611,Bb minor,"The chord sequence consists primarily of the Bb minor, F# major, and Ab major chords, which forms a clear i-VI-VII progression in the key of Bb minor. The extended and frequent use of the Bb minor chord establishes it as the tonal center."
32613,F minor,"The chord progression prominently features F minor as the tonic, alongside C minor, Ab major, Eb major, and Db major (represented as C# major). This functional sequence, where F minor acts as the i chord, is characteristic of the key of F minor."
32696,D major,"Since the chord sequence provided no usable information, the key was determined by analyzing the chroma activations. The profile of pitch class energy, particularly the emphasis on C#, D, and B, is highly characteristic of the D major scale."
32697,D major,"The chord sequence is dominated by D major, G major, B minor, and A major, which are all primary chords within the key of D major. This consistent use of chords from the D major scale strongly establishes it as the tonic."
32698,D minor,"The chord progression is dominated by D minor, G minor, A minor, and F major, which are all diatonic chords in the key of D minor, with D minor functioning as the tonic. The chroma activations strongly support this with high peaks at D, A, and E, which are core notes within the D minor scale."
32699,C minor,"As no chord information was available, the key was estimated based on the chroma activations. The distribution of pitches, particularly the prominence of C, D, D#, and G#, suggests a C minor tonality."
32700,C major,"The chord progression is primarily composed of chords belonging to the C major scale, such as F major, G major, C major, A minor, and E minor. The presence of these chords, particularly the frequent use of C major and its diatonic relatives, strongly points to C major as the tonal center."
32701,E major,"The chord sequence is primarily centered around E major as the tonic and A major as the subdominant, which is characteristic of the key of E major. The chroma activations, featuring prominent E, G#, and B notes, provide strong evidence for the E major scale, confirming it as the tonal center."
32702,B major,"The chord sequence consists primarily of B, E, and F# major chords, which correspond to the I, IV, and V chords in the key of B major. This recurring progression firmly establishes B major as the home key."
32703,C major,"The only identifiable chord in the sequence is C major, which provides the strongest evidence for the key. The chroma profile shows relatively high activity in C, E, and B, supporting the conclusion that the song is in C major."
32704,Ab minor,"The chord sequence alternates primarily between Ab minor and Eb major, which function as the tonic and dominant chords in the key of Ab minor. This harmonic analysis is supported by the chroma activations, which show significant peaks at the notes corresponding to Ab, Eb, and Bb."
32705,G major,"The chord progression is heavily centered around G major and C major chords, which are the I and IV chords of the G major scale. The infrequent E minor and E7 chords are also compatible with this key, and the high chroma activation for G further supports this conclusion."
32706,C major,"The chord sequence is dominated by a C major chord, which has the longest duration. Although other chords like C# major and Eb major appear, C major serves as the central tonal point given the harmonic evidence and the chroma profile."
32749,C major,"The chord progression is anchored by the C major chord, which appears most frequently. The presence of E minor, A minor, and D minor are all diatonic to the C major scale, while the F minor chord acts as a borrowed chord from the parallel minor, a common variation in this key."
32751,C# minor,"The harmonic progression is dominated by an alternation between A major and C# minor chords. Given the high frequency of the C# minor chord and the prominence of its constituent notes (C#, E, G#) in the chroma activations, C# minor is the most likely tonic."
32756,G minor,"The chord sequence consists primarily of Gm, Eb, and F chords, which form a repetitive i-VI-bVII harmonic progression characteristic of G minor. The chroma activations support this analysis with high weights for the G and Eb (D#) notes, consistent with the G minor scale."
32759,E major,"The chord sequence is heavily dominated by E major, which functions as the tonic throughout the track. The progression also features A major (the IV chord) and A minor (the iv chord), a combination characteristic of plagal motion within the key of E major."
32771,C major,"The chord sequence is heavily centered on C major, with frequent appearances of Bb and F chords, which are common in C major or C Mixolydian progressions. The prevalence of the C chord, particularly its long duration, strongly supports C major as the tonal center."
32773,F major,"The chord sequence is dominated by F major, D minor, and G major. These chords, particularly the frequent return to and duration of the F major chord, strongly suggest that F major is the tonal center of the piece."
32802,A major,"The chord sequence consists primarily of chords from the A major diatonic set, including A major, D major, F# minor, and B minor. The frequent use of A major and the functional chord progressions support A major as the tonal center."
32803,F major,"The chord sequence heavily features F major and Bb major, which represent a standard I-IV progression in the key of F major. The D minor chord functions as the vi chord, further confirming this key, and the chroma activations show a strong prominence of the F note."
32805,E major,"The chord progression is dominated by an E major chord for the vast majority of the duration, with F# minor acting as the ii chord. This is strongly supported by the chroma profile, which shows a significant peak at E and a secondary peak at B, both of which are prominent tones in the E major scale."
32806,C major,"The chord sequence is dominated by C major, F major, G major, and A minor, which are the I, IV, V, and vi chords of the C major scale. The chroma analysis also highlights C, F, and G as the most prominent notes, further supporting C major as the tonal center."
32831,A minor,"The chord sequence consistently oscillates between A minor and E major, which function as the tonic (i) and dominant (V) chords in the key of A minor. While some progressions like F-G-C appear, suggesting the relative major, the prevalence of the A minor and E major chords confirms A minor as the tonal center."
32844,G major,"The chord sequence consists primarily of G major, D major, E minor, B minor, and C major chords, all of which are diatonic to the G major scale. The frequency of the G major and D major chords, alongside the chroma activations, strongly supports G major as the tonic."
32869,Eb major,"The majority of the chord sequence consists of Eb major, Ab major, and Bb major chords, which strongly establishes Eb major as the tonal center. Although the song modulates to E major at the very end, the bulk of the harmonic activity is clearly centered in Eb major."
32898,A minor,"The chord sequence is characterized by frequent repetitions of A:min and E:maj, which represent the tonic and dominant chords in the key of A minor. The chroma activations support this with a strong emphasis on A, and the progression clearly centers around this tonality."
32899,D major,"The chord sequence heavily features A major and D major, which act as the dominant and tonic chords in the key of D major. The inclusion of G major is also consistent with this key, as are the prominent chroma activations for A, D, and G."
32900,G minor,"The chord sequence is dominated by G minor and F major chords. These harmonic elements, combined with the prominence of the notes G, D, and C in the chroma activations, strongly point to G minor as the tonal center."
33124,G major,"The chord sequence consists primarily of G, C, D, Em, and Am chords, all of which are diatonic to the G major scale. The chroma activations further support this, with prominent notes corresponding exactly to the notes in the G major scale."
33152,B major,"The chord sequence frequently returns to B major as a central chord, often alternating with A major and E major. Given the dominance of major chords and the consistent return to B as a tonal center, B major is the most likely key."
33171,E minor,"The chord sequence is heavily dominated by the E:min chord, which appears for the vast majority of the duration. Supporting chords like A:maj and B:maj are common in the key of E minor, and the chroma profile further reinforces E as the tonic."
33184,Ab major,"The chord sequence consists primarily of Ab major, C# major (IV), and Eb major (V), which are the I, IV, and V chords of the Ab major scale. This harmonic structure is supported by the chroma activations, which show a strong peak at G# (the enharmonic equivalent of Ab)."
33199,G major,"The chord progression is dominated by G major, C major, D major, and A minor, which are the primary chords within the G major scale. The frequent return to the G chord, combined with chroma activations highlighting G, B, and D, confirms G major as the tonic."
33200,Eb minor,"The track is heavily dominated by the Eb minor chord, which makes up the vast majority of the total duration. The chroma analysis also shows a significant peak at D# (the enharmonic equivalent of Eb), confirming that Eb is the tonal center."
33234,G minor,"The chord sequence is heavily dominated by G minor, which functions as the tonic. The frequent use of F# major and F# augmented chords provides chromatic tension typical of the G minor harmonic landscape. This is further corroborated by the chroma activations, which show significant weight on G, Bb (A#), and D, the primary notes of the G minor triad."
33235,D major,"The chord sequence primarily consists of D major, B minor, and A major chords, which correspond to the I, vi, and V chords in the key of D major. The chroma activations reinforce this with significant weights on D, A, C#, and B."
33263,C major,"The chord sequence is heavily dominated by the C major chord for the duration of the track. This is strongly supported by the chroma profile, which shows a significant peak at C, along with secondary peaks at E and G, confirming C major as the tonal center."
33264,C major,"The chord progression is dominated by C major, G major, A minor, and F major, which are standard chords in the key of C major, while the D major chord frequently functions as a secondary dominant (V/V). The chroma activations, which are highest for C, D, E, and G, also strongly support C major as the tonal center."
33276,G major,"The chord sequence oscillates primarily between G major and C major, which correspond to the I and IV chords in G major. The chroma activations showing peaks on G and D further reinforce this tonal center."
33277,A major,"The chord sequence is composed entirely of A, D, and E chords, which correspond to the I, IV, and V chords in the key of A major. This is a standard diatonic progression for this key, supported by the chroma activations which show peaks at A and E."
33279,D major,"The chord D:maj is the dominant harmonic element, appearing for the vast majority of the duration, which strongly suggests D major as the tonic."
33289,C major,"The chord sequence relies heavily on C major, F major, and A minor chords, which are the I, IV, and vi chords of the C major scale. This harmonic pattern clearly establishes C major as the tonal center."
33300,Ab major,"The chord sequence consists of a repeating alternation between Ab major and F minor, which are relative keys sharing the same key signature. Given the frequent focus on the Ab major chord and the strong chroma activity on G# (enharmonic to Ab), Ab major is the most likely key."
33301,D major,"The chord sequence oscillates between D major and A major, which function as the I and V chords in the key of D major. The chroma activations align with this, showing strong emphasis on D, A, C#, and E, which are core notes within the D major scale."
33303,Eb major,"The chord sequence is dominated by the Eb major chord, which functions as the tonic, and includes an Ab major chord, which is the subdominant in this key. The chroma activations align with this interpretation, showing significant energy in the notes Eb, Bb (enharmonic to A#), F, and G, all of which are diatonic to the Eb major scale."
33305,G major,"The chord sequence is dominated by G, C, and D chords, which function as the tonic (I), subdominant (IV), and dominant (V) in the key of G major. This consistent use of standard diatonic chords confirms G major as the key."
33306,B major,"The chord sequence consists primarily of oscillations between B major and E major, representing a I-IV harmonic relationship characteristic of the key of B major. This is supported by the chroma profile, which displays strong peaks on the notes B and F#, the tonic and dominant of the B major scale."
33307,D major,"The chord sequence is heavily anchored by the D major chord, which appears with the longest durations throughout the progression. The accompanying G major and C major chords function well within the key of D major, and the chroma profile supports this, showing strong activations for the notes D, F#, A, and G."
33308,F major,"The song is dominated by an F major chord, which persists for almost the entire duration of the provided clip. The chroma activations align with the notes of the F major scale, particularly with the prominent F and the presence of its chord tones A and C."
33309,C# major,"The chord sequence is dominated by C# major chords, frequently moving between the tonic (C#), subdominant (F#), and dominant (Ab) areas, and includes the relative minor (Bb minor). The chroma activations strongly corroborate this, with C# and G# being the most prominent tones."
33310,C major,"The chord sequence is dominated by C major, F major, and A minor, which are all primary chords in the key of C major. This is further supported by the chroma profile, which shows a very high activation for the tonic note C."
33312,Eb major,"The chord progression frequently utilizes Eb major, Ab major, and Bb major, which correspond to the I, IV, and V chords in the key of Eb major. While the F# major (Gb major) chord occurs, the overall harmonic center remains grounded in Eb major."
33325,C# major,"The chord progression relies on C# major, Bb minor, and Ab major, which are all diatonic to the C# major scale. The frequent use of the C# major chord in the sequence suggests it is the tonic."
33449,A major,"The chord progression is centered on A major, as evidenced by the frequent use of A:maj, A:maj7, and the dominant E:maj/b7 chord. While D:min is used as a borrowed chord, the overall harmonic movement consistently resolves to A, and the chroma profile's emphasis on A and E supports this tonal center."
33454,G major,"The chord sequence is composed almost entirely of a G major chord, which dominates the track. Additionally, the chroma activations strongly align with the G major triad (G, B, and D), confirming G major as the key."
33525,Bb minor,"The chord sequence primarily revolves around Bb minor, Eb minor, F minor, and Ab major, which are chords found in the Bb minor scale. While the sequence begins with a long Bb major chord, the consistent usage of minor chords throughout the rest of the song strongly supports a Bb minor tonality."
33591,Bb major,"The chord sequence consists of ii (C minor), V (F major), I (Bb major), vi (G minor), and iii (D minor) chords, which form a strong diatonic progression in the key of Bb major."
33603,B minor,"The chord sequence consists entirely of B minor and B minor 7 chords, which strongly define B minor as the tonic. The chroma activations are consistent with the notes of a B minor 7 chord (B, D, F#, A), supporting this tonal center."
33615,B major,"The chroma distribution shows a strong prominence of B, G#, F#, and A#, which are characteristic notes within the B major scale, making it the most likely key despite the lack of chord information."
33629,E minor,"The chord sequence is dominated by an E minor chord, which accounts for the vast majority of the song's duration. This is further supported by the chroma activations, which show a strong peak at E."
33850,G minor,"The chord sequence consists primarily of G minor, Bb major, Eb major, and F major, which are all diatonic to the G minor scale. Given the recurring emphasis on G minor throughout the progression, it is the most logical choice for the tonic."
33985,A major,"The chord sequence consists primarily of A major, D major, and E major, which correspond to the I, IV, and V chords in the key of A major. The presence of F# minor as the vi chord further reinforces this key center, and the chroma activations support this analysis."
33994,E major,"The chord sequence consists primarily of the I, IV, and V chords (E major, A major, and B major) of the E major scale, indicating a clear E major tonality. The occasional use of F# major functions as a secondary dominant (V/V) within the key."
34082,A minor,"The chord sequence frequently resolves to or centers around A:min, and the common progression of F:maj to G:maj to A:min strongly suggests the key of A minor. The chroma activations are also heavily weighted toward A, reinforcing A minor as the tonic."
34083,C major,"The chord sequence consists primarily of C major, F major, and G major, which are the I, IV, and V chords in the key of C major. Additionally, the presence of D minor (the ii chord) further supports the interpretation of the song being in C major."
34085,C minor,"The chord progression consistently features C minor as a central anchor, accompanied by chords such as G minor, Bb major, F minor, Ab major, and Eb major, all of which are diatonic to the key of C minor. The chroma profile further supports this, showing strong alignment with the notes that define the C minor scale."
34119,C major,"The chord progression frequently centers around C major, as evidenced by the recurring C major chords and the resolution of many phrases to this chord. While chromatic elements like C minor, D major, and Bb major appear, they function as common modal interchanges or secondary dominants within the key of C major."
34334,Eb major,"The harmonic progression centers around Eb major (I) and Bb major (V), with frequent use of B major (a chromatic bVI chord) and Eb minor (a borrowed iv chord). This pattern of using chromatic mediants and modal borrowing is common in popular music and supports Eb major as the tonal center."
34442,E major,"Although the song spends a significant portion of the time on E minor, it resolves with an E major to B major cadence, which serves as a definitive V-I resolution in E major. The presence of G# in the chroma activations further supports E major, suggesting that the initial E minor section may be modal or use a Picardy third resolution."
34449,E major,"The chord sequence is dominated by an E major chord, and the chroma profile shows strong activations at E, B, and D#, which correspond to the tonic, dominant, and major seventh of E major. Although the sequence includes chromatic elements like an Eb major chord, E major is the most sustained and tonally centered chord present."
34456,E minor,"The chord progression is overwhelmingly centered on E minor, with E minor chords appearing for the majority of the duration. This strong harmonic focus on E suggests E minor as the tonic."
34500,F# major,"The chord sequence is heavily centered around F# major, frequently using the tonic (F#), subdominant (B), and dominant (C#) chords. The Abmin chord is likely a misidentification of the diatonic ii chord, G#min, and the chroma profile supports F# major with strong activity in F# and C#."
34501,A major,"The chord sequence prominently features A:maj, D:maj, E:maj, and F#:min, all of which are diatonic to the A major scale. The persistent alternation between A:maj and D:maj further reinforces A major as the tonal center."
34503,G major,"The chord sequence consists primarily of G major, C major, and E minor chords, which function as the I, IV, and vi chords in the key of G major. The strong emphasis on G major, particularly its final and longest chord, confirms G as the tonic."
34976,C# major,"The chord sequence consists almost entirely of a C# major chord, which strongly establishes C# major as the key. The chroma activations also include significant C# and G# components, which support this harmonic center."
34978,D minor,"Since the chord recognition model returned no usable data, the key was determined by analyzing the chroma distribution. The highest activations were D and A# (enharmonically Bb), which, along with significant presence of A and C, strongly align with the D minor scale."
35084,Ab major,"The chord sequence consists primarily of Ab major, C#:maj (Db major), and F:min, which are all diatonic to the Ab major scale. The chroma profile further supports this, showing strong activations at C, C#, D#, and G#, which correspond to the tonic, subdominant, dominant, and mediant notes of the Ab major scale."
35086,C minor,"The chord sequence is heavily centered on C minor, which accounts for nearly 45 seconds of the song. The chroma data aligns with this, showing significant activations for C and its minor third, Eb (notated as D#)."
35219,F major,"The chord sequence primarily oscillates between Fmaj7 and Bbmaj7, which strongly establishes F major as the tonic. While there are several chromatic chords, the recurrence of diatonic chords from the F major scale (Fmaj7, Bbmaj7, Gmin7, Amin7) and the overall prominence of F in the chroma activations support F major as the key."
35342,F major,"The chord sequence is heavily dominated by F major, with C major serving as the dominant chord. The chroma activations strongly support this with prominent peaks at F, A, C, and Bb, which correspond to the notes in the F major scale."
35525,B minor,"The chord sequence consists primarily of B minor, F# minor, G major, A major, and D major, all of which are diatonic to the B minor scale. The persistent return to B minor as a point of harmonic rest makes it the clear tonal center."
35532,C# minor,"The progression frequently oscillates between C# minor and its Neapolitan chord, D major, which is a characteristic harmonic movement in this piece. The frequency of C# minor, combined with the presence of E major and Ab major (the enharmonic equivalent of the dominant, G# major), supports C# minor as the tonal center."
35534,C major,"The chord progression uses exclusively diatonic chords from the C major scale, including C major, D minor, E minor, F major, G major, and A minor. The frequent occurrence of the C major triad as a resolution point and common functional progressions such as I-ii-V confirm the key of C major."
35537,F minor,"The progression is overwhelmingly dominated by the F minor chord, which appears as the tonic throughout the sequence. The frequent use of Bb minor as a subdominant (iv chord) and the presence of C major as a dominant (V chord) strongly confirm F minor as the tonal center."
35543,E minor,"The chord sequence is consistently anchored around E minor, with frequent use of G major, A major, and D major, which are characteristic chords in the E Dorian mode. The chroma activations, showing strong peaks at E, A, B, G, and D, provide further evidence for E minor."
35544,A minor,"The chord sequence frequently utilizes A minor, C major, D minor, E major, and G major, which are all characteristic of the key of A minor. The recurring cadential movement from E major to A minor strongly confirms this tonic."
35547,E minor,"The progression is composed primarily of E minor, C major, and G major chords, all of which are diatonic to the E minor scale. E minor acts as the tonal center throughout, supported by its high frequency and duration, which is also reinforced by the prominent E, G, and B chroma activations."
35548,E minor,"The chord sequence heavily features the progression A minor, B major, and E minor, which functions as a standard iv-V-i pattern in the key of E minor. Although the harmony shifts to include major chords like E major and A major later in the progression, the consistent return to E as a tonal center supports E minor as the primary key."
35549,A minor,"The chord progression is dominated by A and G major chords, along with frequent use of A minor. These chords, including the occasional C major, fit well within the A minor scale, with G major acting as the subtonic and C major as the mediant. The persistent alternation between A major and minor chords is characteristic of rock and blues-influenced music with A as the tonal center."
35552,A major,The chord progression F#m-D-A-E is a classic vi-IV-I-V sequence in the key of A major. The strong chroma peak on F# is consistent with the prevalence of the F# minor chord in this progression.
35553,D major,"The chord progression predominantly oscillates between D major and B minor, which are the I and vi chords in the key of D major. The inclusion of G major and the F# major chord (functioning as a secondary dominant or leading chord) further supports D major as the tonal center."
35750,B major,"The chord sequence is dominated by B major, which occupies the majority of the duration. This is corroborated by the chroma activations, which show the strongest peaks at B, C#, D#, F#, and A#, all of which are diatonic to the B major scale."
35754,C# major,"The harmonic progression is clearly defined by alternating C# major and F# major chords, which represent the I and IV chords in C# major. The chroma activations are consistent with this analysis, showing a strong emphasis on C# and A# (the root and major third of the C# major triad)."
35773,F minor,"The chord sequence consists primarily of F minor, Bb major, Eb major, and Ab major chords, which are consistent with the key of F minor. Despite some ambiguity in the chroma activations, the repeated focus on F minor as a tonal center strongly supports this key."
36050,A minor,"The chord sequence consists primarily of A minor, E minor, C major, and D minor, all of which are diatonic to the A minor scale. The high activation of E and A in the chroma vector further supports A minor as the tonal center."
36051,E minor,"The chord sequence is heavily centered around E minor, with frequent returns to it as the tonic. The supporting chords, including D major, C major, G major, and the B major dominant chord, all strongly reinforce E minor as the key."
36052,G minor,"The chord sequence prominently features G:min as a recurring tonic, along with chords like Bb:maj and F:maj, which are characteristic of G minor. While there are some chromatic chords like Ab:maj and C:maj, the overall harmonic movement centers on G minor, and the chroma analysis shows G as the most prominent pitch."
36053,B minor,"The chord progression is centered on B minor, frequently utilizing diatonic chords like Bm, Em, D major, G major, and A major. The chroma profile, which shows strong peaks at B, D, and F#, further supports B minor as the key."
36054,Bb minor,"The chord progression is heavily centered around the Bb minor chord, which appears repeatedly throughout the sequence. The presence of chords like Eb minor and F minor further reinforces a Bb minor tonality, and the chroma activations strongly favor notes within the Bb minor scale, particularly Bb (A#) and F."
36056,C minor,"The harmony is centered around C minor, supported by the frequent occurrence of C minor chords and high chroma activations for C and Eb. Although the progression introduces other chords like D major and B minor later, the overall tonal focus remains in C minor."
36057,Bb minor,"The chord sequence is dominated by Bb minor, which appears most frequently and for the longest cumulative duration. While there is a significant alternation with C# minor, Bb minor serves as the primary harmonic anchor."
36121,Eb minor,"The chord progression consistently cycles through F# major, Ab major, and Eb minor/major. The frequent use of Eb as a tonal center, combined with the chroma activations highlighting Eb and its related harmonic notes, supports Eb minor as the key."
36125,E major,"The progression is overwhelmingly centered on E major and B major, which clearly function as the I and V chords in the key of E major. The majority of the sequence duration is spent on the E major chord, establishing it as the clear tonic."
36126,E major,"The chord sequence consists primarily of E major and A major, which are the tonic and subdominant chords in the key of E major. The chroma activations are also heavily weighted towards E, supporting E as the tonal center."
36127,D major,"The chord sequence is overwhelmingly dominated by D major, which accounts for the vast majority of the track's duration. The recurring C major chord functions as a flat-VII, which is common in D mixolydian or rock-influenced harmony, supporting D as the tonic."
36128,B minor,"The chord sequence is heavily dominated by B minor and E minor chords, with B minor serving as the clear tonal center. The chroma activations confirm this by showing a strong emphasis on the note B, consistent with a B minor key."
36130,G major,"The song is dominated by a G major chord, which functions as the tonal center, while the transition to C major suggests a standard I-IV progression in the key of G major. The chroma activations further support this, with G and B appearing as prominent notes."
36131,D major,"The chord sequence consists primarily of D major and D dominant 7th chords, which strongly establish D as the tonic. The chroma data, dominated by D, further supports D major as the tonal center."
36384,B minor,"The song's harmony is consistently centered around the B minor chord, which accounts for the vast majority of the chord sequence's duration. The chroma profile, with strong peaks at B and F#, further supports B minor as the tonic and reaffirms the minor tonality."
36385,E minor,"The progression is dominated by E minor and G major chords, which are the i and III chords in the key of E minor, respectively. The occasional B minor (v chord) and the strong chroma activations for E, G, and B further support E minor as the tonic."
36388,A minor,"The chord sequence primarily alternates between A minor and G major, while the inclusion of D major and B minor chords points strongly to the A Dorian mode. The prevalence of the A minor chord throughout the progression and its position at the start and end strongly suggest A minor as the tonic, which is further supported by the high chroma activation for the note A."
36389,E minor,"The chord sequence consists primarily of E minor, D major, C major, B minor, and G major chords, all of which are diatonic to the key of E minor. The progression consistently revolves around E minor as the tonic, and the chroma activations show a significant peak on E, confirming the key."
36393,Bb minor,"The chord sequence is heavily centered on Bb minor, which appears repeatedly as the primary harmonic anchor throughout the song. The frequent alternation with F# major (enharmonically Gb major, which serves as the VI chord) further reinforces the Bb minor tonality, which is also well-supported by the chroma activations highlighting A# (Bb) and F."
36481,A major,"The chord progression is dominated by A major, D major, and B minor chords, which correspond to the I, IV, and ii chords in the key of A major. The frequent return to and long duration of the A major chord confirms it as the tonic."
36482,D major,"The harmonic progression is dominated by D major, G major, and E minor chords, which function as the I, IV, and ii chords in the key of D major. The frequent repetition of D major as the tonal center and the chord selections strongly support D major as the home key."
36483,C major,"The chord sequence consists primarily of C major, F major, and G major, which function as the I, IV, and V chords in the key of C major. The occasional inclusion of the A minor chord as the vi chord is also consistent with the diatonic harmony of the C major key."
36484,G major,"The chord sequence is dominated by G major and C major, with repeated V-I or I-IV cadential patterns that strongly establish G major as the tonic. This is further supported by the chroma activations, which show G as the most prominent note and include a significant presence of F#, the leading tone in G major."
36485,C major,"The chord sequence relies heavily on the I (C major) and vi (A minor) chords, with occasional usage of IV (F major) and V (G major) chords. These are all diatonic to the key of C major, and the harmonic progression strongly centers around C as the tonic."
36486,D minor,"The harmonic progression is dominated by D minor, F major, and A major/minor chords, which are the i, III, and V chords in the key of D minor. The chroma activations reinforce this with high prominence of A, F, and D, which are the root, third, and fifth of the D minor triad."
36487,G minor,"The harmony frequently alternates between G chords (both major and minor) and Bb major, which is characteristic of a piece centered on G with significant blues or modal influence. The chroma data shows high prominence of G and A#/Bb, further supporting G as the tonic with a minor-inflected sound."
36488,G major,"The chord sequence heavily utilizes chords diatonic to G major, specifically G (I), C (IV), D (V), and A minor (ii). The frequent usage of D major as a structural harmonic element reinforces the G major tonality, and the chroma profile showing high activations for G, A, C, and D aligns well with this key."
36490,F major,"The chord progression frequently oscillates between F major and A minor, with F major having the most cumulative duration. The harmonic sequence, including chords like Bb, C, and G, is diatonic to the F major scale, further cementing it as the likely tonal center."
36572,C major,"The chord sequence consists primarily of C major, G major, and E minor chords, all of which are diatonic to the key of C major. The chroma activations, highlighting C, G, and B, also strongly support C major as the tonal center."
36573,G major,"The chord sequence primarily alternates between G major and C major, which function as the I and IV chords in the key of G major. This harmonic analysis is supported by the chroma activations, which show strong peaks at G, B, and C, all of which are key notes within the G major scale."
36574,G major,"The chord sequence consists entirely of alternating G major and C major chords, which strongly points to G major as the tonic (I-IV progression). The high chroma activations for G and B, the root and third of the G major triad, corroborate this harmonic analysis."
36575,Bb major,"The chord sequence consists almost entirely of alternating Bb major and Eb major chords, which clearly establish the I and IV harmonies of the key of Bb major. The chroma activations also support this, with high values for the tonic (Bb, appearing as A#) and the subdominant (Eb, appearing as D#), as well as the third (D)."
36576,Bb major,"The chord sequence consists almost entirely of Bb major and Eb major chords, which represents a stable I-IV progression in the key of Bb major. The chroma activations confirm this, with significant peaks for Bb (A#), D, and F, corresponding to the tonic triad."
36577,A major,"The progression is centered around the A major, D major, and E major chords, which are the I, IV, and V chords in the key of A major. The inclusion of the B minor chord (ii) and the chroma activations strongly support A major as the tonal center."
36579,E major,"The chord progression alternates between E major and A major, which function as the tonic (I) and subdominant (IV) chords in the key of E major. These two chords provide a strong harmonic foundation that clearly identifies E major as the tonal center."
36580,G major,"The chord sequence consists primarily of G major, C major, and D major chords, which are the I, IV, and V chords in the key of G major. The recurrence of these chords in a G-centric progression strongly indicates G major as the key."
36737,E minor,"The progression repeatedly cycles between E minor and B major, establishing a strong i-V harmonic relationship in the key of E minor. The additional C major chord functions as the VI chord, which is common in this minor key context, and the chroma activations reinforce the prominence of notes found within these chords."
36738,C major,"The chord progression predominantly uses F, C, Am, and Dm chords, which are all diatonic to the C major scale. The frequent return to C major as a structural anchor strongly indicates it as the key."
36747,C major,"Since the chord data was unavailable, the key was determined from the chroma profile. The profile shows a prominent concentration of C, D, E, and B, which are consistent with the C major scale."
36749,F# major,"The chord sequence follows a repeating F#-C#-E-B pattern, which functions as an I-V-bVII-IV progression. This is a classic rock harmonic structure that is firmly rooted in the key of F# major, with the E major chord serving as the characteristic bVII borrowed chord."
36751,D major,"Since the chord data was unavailable (marked as 'N'), the key was determined by analyzing the chroma activations. The most prominent chroma peaks are D, A, and G, which correspond to the tonic, dominant, and subdominant tones in the key of D major."
36757,C major,"The progression is composed almost entirely of C, F, and G chords, which function as the I, IV, and V chords in the key of C major. This harmonic structure is strongly supported by the chroma activations, which show significant emphasis on C and G."
36762,Eb major,"The chord sequence prominently features the Eb major chord, which is supported by the chroma activations showing high intensity for D# (Eb) and A# (Bb), the tonic and dominant notes of the key. Although the progression includes other major chords like F# major and C# major, the prevalence of Eb major and its strong alignment with the chroma data make it the most likely key."
36763,F# major,"The chord sequence primarily features F# major (I), B major (IV), C# major (V), and Eb minor (enharmonically D# minor, the vi chord), all of which are diatonic to the F# major scale. The chroma activations reinforce this analysis, with F#, C#, and D# (the enharmonic equivalent of Eb) showing the highest intensity."
36764,F# major,"The song is heavily dominated by an F# major chord throughout the majority of its duration. Additionally, the chroma distribution shows significant weight on the notes F#, A#, and C#, which are the constituent tones of the F# major triad."
36765,A minor,"Since the chord data is entirely absent, the key was determined by analyzing the chroma activations. The most prominent peaks occur at A, B, and C, which strongly align with the tonal center of A minor."
36768,Eb minor,"The chord sequence primarily oscillates between Eb minor and B major, which functions as the VI chord (enharmonically Cb major) in the key of Eb minor. The occasional use of Ab minor (the iv chord) further confirms the key of Eb minor, consistent with the chordal analysis."
36771,G# minor,"The chroma activations show a strong emphasis on G#, A#, B, C#, and D#, which are the core notes of the G# minor scale. While the only identified chord is B major, it acts as the relative major, reinforcing the likelihood of G# minor as the key."
36772,F# major,"The chord sequence consists entirely of chords found within the F# major scale, including F# major, G# minor, Bb minor (enharmonic A# minor), B major, C#7, and Eb minor (enharmonic D# minor). The chroma analysis confirms this with high peaks at F#, C#, and D#, which are primary notes in the F# major key."
36773,Eb minor,"The chord progression alternates between the i chord (Eb minor) and the VI chord (B major), a standard harmonic motion. The chroma activations reinforce this, showing high values for D# (enharmonic to Eb), F#, and A# (enharmonic to Bb), all of which are essential notes in the Eb minor scale."
36774,C# major,"The chord data is uninformative due to 'N' labels, so the key is identified by the chroma activations. The prominent pitches of C#, D#, F#, and G# are consistent with the C# major scale."
36777,C# minor,"The chord sequence is heavily centered on C# minor, with frequent use of E major and B major chords which are diatonic to the C# minor scale. The prevalence of these chords, combined with the tonal center being clearly established as C#, supports C# minor as the key."
37085,G major,"The chord sequence is heavily dominated by the G major chord, which sustains for the majority of the track's duration. The chroma analysis also confirms this by showing a strong peak in the G activation, consistently pointing to G major as the tonic."
37087,Eb major,"The chord progression consists of a repeating pattern of G minor, C minor, and Eb major, which are all diatonic to the key of Eb major. The Eb major chord has the longest duration, and the chroma activations strongly support the notes of the Eb major scale, pointing to it as the tonal center."
37088,C major,"The chord sequence cycles repeatedly through Fmaj7, Emin7, Dmin7, and Cmaj7, which are all diatonic chords in C major. While the song concludes with an A minor section, the harmonic center established by the main repetitive progression is firmly in C major."
37096,E minor,"The chord progression is dominated by E minor, G major, and C major, which are fundamental chords in the key of E minor. The chroma activations also support this, with strong prominence on E, G, and F#, all of which are primary notes in the E minor scale."
37106,B minor,"The chord sequence consistently features B minor, E minor, and F#7, which establishes a strong i-iv-V harmonic structure characteristic of B minor. The chroma activations, showing prominent B, E, F#, and A# values, further corroborate this key signature."
37107,A major,"The chord sequence consists primarily of alternating A major and E major chords, which are the tonic and dominant chords of the A major scale. The chroma profile further supports this key, with notable activations for the tonic (A) and dominant (E) notes, as well as the leading tone (G#)."
37110,B minor,"The chord sequence, consisting of B minor, F# minor, and G major, strongly suggests the key of B minor. The chroma activations align well with this key, showing high values for B, F#, D, G, and A, which are all part of the B minor scale."
37138,C major,"The chord sequence is heavily centered on C major, which accounts for the vast majority of the duration. Despite the presence of chromatic chords like F# major and F major, the harmonic stability and duration of the C major chord suggest it is the tonic."
37368,Eb major,"The chord sequence consistently features chords diatonic to the key of Eb major, such as Fm7, Bb7, Eb, Gm, Ab, and Cm7. The progression frequently utilizes common harmonic patterns in Eb major, including the ii-V-I (Fm7-Bb7-Eb) and the IV-V-I-vi (Ab-Bb-Eb-Cm) sequences."
37457,D major,"The chord sequence is dominated by the repeating G-A-D pattern, which represents a clear IV-V-I progression in the key of D major. The chroma activations support this tonal center with high values for D, A, and G."
37459,A minor,"The song is dominated by the chord progression Am-G-D, which is characteristic of the A Dorian mode. The repeated use of A minor as the starting point, combined with the presence of E major (the dominant of A), strongly establishes A minor as the tonal center."
37461,D major,"The chord sequence heavily features the progression G-A-D, which represents a IV-V-I cadence in the key of D major, and the inclusion of B minor as a vi chord further supports this key. The chroma activations are consistent with this analysis, showing high values for the tonic (D), the dominant (A), and the subdominant (G)."
37593,F# major,"The chord progression is heavily dominated by the F# major chord, which functions as the tonic, and the C# major chord, which functions as the dominant. This clear I-V-I relationship, supported by the highest chroma activations appearing on the tonic and dominant pitch classes, confirms F# major as the key."
37602,Eb major,"The chord sequence centers heavily on Eb major, which appears as the starting and most frequent chord. The recurring use of C# major (enharmonic to Db major) and C minor are common borrowed chords or secondary functions within the key of Eb major, and the chroma profile supports this tonal center."
37622,Eb major,"The chord progression features Eb major, C minor, Ab major, and Bb major, all of which are diatonic to the key of Eb major. The chroma activations also show high values for notes that belong to the Eb major scale, supporting this conclusion."
37623,E major,"The chord sequence prominently features E major, C# minor, A major, and B major, all of which are diatonic to the key of E major. The long duration of the E major chord and the high chroma activations for E and G# confirm E major as the tonal center."
37624,C minor,"The chord sequence consistently features C minor as the tonal center, supported by frequent appearances of related chords like Eb major, Bb major, and D minor. The occasional use of G major as a dominant chord and the overall distribution of chroma activations further confirm C minor as the most appropriate key."
37625,E major,"The chord progression is dominated by E major, A major, and B major, which correspond to the I, IV, and V chords in the key of E major. The presence of the C# minor chord (the vi chord) and frequent resolutions to E major further confirm this tonal center."
37626,C major,"The chord progression is dominated by the C major scale, frequently utilizing I, ii, IV, V, and vi chords. The inclusion of the E major chord serves as a secondary dominant, further anchoring the music in the key of C major."
37627,C# major,"The chord progression is dominated by C# major, F# major, Ab major, and Bb minor chords, which are the I, IV, V, and vi chords of the C# major scale. The appearance of F minor is likely a misidentified E# minor (the iii chord)."
37628,Bb major,"The chord progression frequently utilizes Bb, Eb, F, and G minor, which are all diatonic to the key of Bb major. The significant presence of the Eb major chord and the chroma activation profile, which is strongest on the notes F, D, and Bb, further support Bb major as the tonal center."
37711,D minor,"The song is predominantly built around a D minor chord, which appears for the vast majority of the 60-second sample. Although there is a brief shift to D major at the end, the harmonic center is clearly defined as D minor, which is supported by the chroma activation peak on D."
37713,D minor,"The chord sequence consists entirely of an alternation between D minor and G minor, which strongly establishes D minor as the tonic. The chroma activations support this, with prominent values for D, F, and A, the notes that constitute the D minor triad."
37743,D major,"The chord progression consistently features a repeating D-C-G pattern, which corresponds to a I-bVII-IV sequence in the key of D major, typical of the Mixolydian mode. The strong presence of the D major chord combined with the chroma activations (supporting D, A, and C) confirms D major as the tonic."
37876,D major,"The chord sequence consists primarily of chords diatonic to the D major scale, such as G, D, A, Bm, and F#m. The chroma activations for D, G, A, and F# are prominent, and the progression ends with a D major chord, strongly supporting D major as the tonic."
37956,C major,"The song frequently uses C, F, and G chords, which function as the I, IV, and V chords respectively in the key of C major. This tonal center is further supported by the chroma activations, which show prominence of notes belonging to the C major scale."
37981,Bb major,"The progression is centered around the Bb, Eb, and C minor chords, all of which are diatonic to the key of Bb major. The recurring use of Ab major and G major (likely functioning as a secondary dominant leading to C minor) is common in the key of Bb major and further supports this conclusion."
37982,G major,"The chord progression frequently cycles through E minor, G major, and C major chords, which are all diatonic to G major. The presence of the D major chord, which functions as the dominant in the key of G major, confirms G major as the likely tonic."
37983,F# minor,"The chord sequence is heavily centered around F# minor, with supporting chords like E major, A major, and D major all belonging to the F# minor scale. The high frequency of the F# minor chord and the distribution of the chroma activations strongly indicate that F# minor is the tonal center."
37984,E major,"The chord sequence heavily features E major as the primary tonal center, with frequent use of the I, IV, V, and ii chords (E, A, B, and F# minor). The chroma profile strongly confirms this, showing significant activations for the notes E, G#, and B, which constitute the E major triad."
37985,C major,"The chord sequence is heavily dominated by C major, supported by functional diatonic chords like G major (V), D minor (ii), and F major (IV). The chroma activations also confirm this with high values for C and G, both of which are prominent members of the C major scale."
38506,E major,"The chord sequence centers on E major, frequently using F# major and Ab minor (enharmonically G# minor). This harmonic pattern is characteristic of E major, where E is the I chord, Ab minor is the iii chord, and F# major functions as a secondary dominant (V/V). The high chroma activations for E and D# further support E major as the tonic."
38508,A major,"The chord sequence consists entirely of A major, F# minor, and D major chords, which correspond to the I, vi, and IV chords of the A major scale. The chroma activations are also consistent with this, showing significant peaks at A, D, and F#."
38510,Ab major,"The chord progression predominantly alternates between Ab major and C# major, with Ab major serving as the tonic and C# major functioning as the subdominant chord (enharmonically Db major). The strong presence of G#/Ab in the chroma activations reinforces Ab as the primary key."
38511,C major,"The chord sequence consists entirely of chords found within the C major scale, such as C major, F major, E minor, and B diminished. The high chroma activations for C, E, and B further support C major as the tonal center."
38514,G major,"The chord progression consists of repeated D major, G major, C major, and A minor chords, which function as the V, I, IV, and ii chords in G major. The chroma activations are consistent with this analysis, showing high peaks on the G, D, C, E, and A notes of the G major scale."
38515,B major,"The harmonic progression alternates between B major and Eb minor (enharmonically D# minor), which serves as the iii chord in B major. This, combined with the prominent use of B major chords and supporting chroma data, strongly indicates B major as the key."
38548,A major,"The chord sequence is composed almost entirely of A, D, and E chords, which represent the I, IV, and V chords in the key of A major. The high chroma activations for the notes A, D, and E further corroborate this analysis."
38555,Bb major,"The chord sequence is dominated by the Bb major chord, complemented by Eb major and Ab major, which are common within the key of Bb major. The Ab major chord frequently functions as a borrowed bVII chord, confirming Bb as the likely tonal center."
38790,F# major,"The chord sequence is sparse, but F# major has the longest duration among the identified chords. F# major and Eb minor are relative keys, and the chroma activations showing high C# and F# activity support an F# major tonality."
38958,Ab minor,"The chord sequence consistently revolves around Ab minor, Eb minor, C# major, and F# major, which are strongly characteristic of the Ab minor scale. The chroma activations further support this, showing significant emphasis on the notes Ab, Bb, Db, and Eb."
38970,C minor,"The chord sequence is dominated by C minor and C minor 7 chords, supported by Ab major 7 and F minor 7, which are common functional chords in the key of C minor. The consistent return to C minor as the root strongly establishes it as the tonic."
38971,G major,"The chord progression is centered around G major, featuring chords such as D major (V), C major (IV), A minor (ii), and E minor 7 (vi7). These chords are all diatonic to the G major scale, making it the most plausible tonal center."
38974,A minor,"The chord sequence is clearly centered around A minor, frequently cycling through A minor, D minor, and E chords (both major and minor). The consistent use of E major and E7 chords as the dominant leading to A minor confirms the key of A minor."
38978,A minor,"The chord sequence consistently revolves around A minor, F major, D minor, and C major, which are all diatonic to the A natural minor scale. The persistent focus on A minor as the central, recurring chord strongly identifies it as the tonic."
38979,A minor,"The chord sequence centers heavily on A minor, supported by the frequent usage of A minor chords, along with related chords like C major and D major. The prominent chroma activation of A, combined with the harmonic movement through minor and major chords, confirms A minor as the most likely tonal center."
38981,A minor,"The chord progression prominently features A minor, E minor, and C major, all of which are diatonic to the A minor scale. The chroma data further supports this by showing strong activations for A, E, B, and C, which are all consistent with the A minor key center."
38983,A minor,"The song predominantly uses a recurring A minor, G major, F major, and E minor/major chord progression, which strongly establishes A minor as the tonic. The chroma data is consistent with this, highlighting the notes A, G, F, and E as the most prominent frequencies."
39055,F minor,"Due to the absence of recognizable chords, the key was determined by analyzing the chroma activations. The prominent energy in F, G, G# (Ab), C, C# (Db), and D# (Eb) strongly suggests the F minor scale."
39290,Eb minor,"The chord sequence is dominated by Eb minor and Ab minor chords, which strongly suggests a key of Eb minor. This is further corroborated by the chroma activations, which show a prominent peak at D# (the enharmonic equivalent of Eb)."
39330,C major,"The chord progression is composed of C major, A minor, G major, and F major chords, which are all diatonic to the C major scale. C major is the most prominent chord by duration and acts as the tonic, and the high chroma activations for C and G further support this as the key."
39332,B minor,"The track prominently features B minor as a recurring chord, particularly at the beginning, and the chroma activations show a strong emphasis on B as a primary tone. While the progression is highly chromatic, B minor provides the most stable harmonic framework for these notes."
39342,Bb major,"The song is overwhelmingly dominated by a Bb major chord, which lasts for nearly the entire 60-second duration. The chroma activations strongly support this, showing prominent values for A# (enharmonic to Bb), F, and D, which are the primary components of the Bb major chord."
39357,A minor,"The chord sequence is dominated by an A minor chord for the vast majority of the duration, and the chroma activations support A as the tonal center. Therefore, A minor is the most likely key."
39361,Ab minor,"The chord sequence is heavily centered around the Ab minor chord, which repeats frequently throughout. All other chords present, including Eb minor, E major (enharmonic to Fb major), B major (enharmonic to Cb major), and Eb major, are consistent with the harmonic minor scale of Ab minor (or its enharmonic G# minor). The chroma activations, which show strong peaks at G# and D#, further confirm this key."
39393,C# major,"The chord sequence consists almost entirely of a C# major chord, which is a strong indicator of the key. The chroma activations align with this, showing C# as the most prominent pitch, further confirming C# major as the tonic."
39514,B major,"The chord progression is centered on B:maj, E:maj, and F#:maj, which correspond to the I, IV, and V chords in the key of B major. The chroma activations show the highest prominence for F#, E, and B, strongly supporting B major as the tonic."
39525,C major,"The chord progression frequently cycles through the I, IV, and V chords (C major, F major, G major) and includes the vi (A minor) and iii (E minor) chords, all of which are diatonic to the C major scale. The chroma activations show strong peaks at C, F, and G, which further confirms that C major is the tonal center."
39526,C major,"The chord sequence consists primarily of C major, F major, and G major chords, which are the I, IV, and V chords in the key of C major. The frequent returns to C major throughout the progression strongly establish it as the tonic, despite the long F major chord at the end."
39527,C# major,"The chord sequence utilizes a clear IV-I-V-vi progression (F#maj, C#maj, Abmaj, Bbmin) in the key of C# major. The frequent usage of C# major throughout the sequence and its role as the final chord provide strong evidence that it is the tonic."
39528,C major,"The chord sequence exclusively identifies the C major chord as the primary harmonic anchor throughout the provided duration. Coupled with the chroma distribution which highlights C and E, C major is the most logical interpretation."
39529,G major,"The chord sequence is dominated by G, C, and D chords, which function as the I, IV, and V chords in the key of G major. The presence of a B minor chord is also consistent with the diatonic harmony of the G major scale."
39539,D major,"The chord sequence contains D, E minor, G, and A7, which are functional chords (I, ii, IV, V) in the key of D major. The prominent ii-V (Em7-A7) progression strongly establishes D major as the key."
39541,Eb major,"The chord sequence is dominated by a persistent Eb major chord, which is a strong indicator of the song's tonic. The chroma data supports this, with high activations for D# (the enharmonic equivalent of Eb) and D, which are key notes in the Eb major scale."
39542,D major,"The chord sequence is dominated by D:maj and D:7, which strongly establish D as the tonic. This is further supported by the chroma activations, which show the highest concentration on D, along with other notes consistent with the D major scale."
39549,B major,"The harmonic structure is dominated by C#min7 and F#maj7 chords, which act as a ii-V progression in the key of B major. The presence of the B major chord and the significant chroma activations for C#, F#, and B further confirm B major as the tonic."
39569,G major,"The chord sequence is heavily centered around the G major chord, which occupies the majority of the duration. This is further corroborated by the chroma activations, where G is the most prominent pitch class, consistent with the G major tonic."
39570,A minor,The chord sequence is dominated by an A minor chord for the vast majority of the duration. The final D major chord is consistent with a IV chord in the key of A minor.
39573,E minor,"The chord sequence is dominated by an E minor chord, which serves as the primary harmonic anchor for the vast majority of the track. Given the strong presence of this chord, E minor is the most accurate determination of the key."
39574,A minor,"The chord sequence is dominated by A minor chords, with a recurring A minor to D major vamp. This harmonic structure is characteristic of A minor, with A serving as the tonal center."
39575,F minor,"The chord sequence oscillates between F minor and Bb minor, which represent the i and iv chords in the key of F minor. The chroma analysis shows significant peaks at F, Bb, and C, confirming F minor as the primary tonal center."
39580,Bb minor,"The chord sequence is dominated by the Bb minor chord, appearing for a significant portion of the track. The chroma analysis supports this, showing strong activations for Bb (A#) and Db (C#), which are key components of the Bb minor triad."
39581,Bb major,"The progression is dominated by the Bb:7 chord, which acts as the tonic, interspersed with Eb:min7, a common minor iv chord used in jazz and blues-influenced progressions. The chroma activations also support a tonal center of Bb, consistent with a Bb major/mixolydian context."
39583,C minor,"The chord sequence consists almost exclusively of C minor, Ab major, G major, and Eb major, which are standard chords in the key of C minor. The recurring i-VI-V progression (C minor to Ab major to G major) strongly establishes C minor as the tonic."
39586,B major,"The chord sequence consists of B major and E major chords, which function as the I and IV chords in the key of B major. This harmonic progression strongly points to B major as the tonic."
39587,C minor,"The chord sequence is dominated by C minor 7, which establishes it as the tonic. The accompanying chords, such as F minor 7 and Bb major, are consistent with the C minor harmonic context, and the chroma activations further reinforce this by highlighting C, G, and Bb."
39588,A major,"The song frequently features the chords A major (I), E major (V), and F# minor (vi), which are the primary chords in the key of A major. Despite the extended duration on F# minor, the harmonic movement and the return to A major suggest it acts as the tonal center."
39811,Eb minor,"The chord sequence is dominated by repeated Eb minor chords, with frequent appearances of Bb minor and F major. The chroma activations, which show strong peaks at Eb (D#), F, and Bb (A#), further confirm Eb minor as the tonal center."
39930,G major,"Because the chord sequence consists only of unknown labels, the key was determined by analyzing the chroma activations. The distribution shows a strong peak at G, which, combined with the presence of surrounding chromatic tones, strongly suggests G major as the tonal center."
39932,B minor,"The chord sequence is overwhelmingly dominated by B minor chords, with E minor chords functioning as a subsidiary harmonic element. This strong and consistent reliance on the B minor triad strongly points to B minor as the key."
39950,A minor,"The chord sequence is dominated by A minor and A minor 7 chords throughout the provided duration. The chroma analysis supports this, showing a strong concentration on A, C, and E, which are the primary notes of the A minor triad."
40234,E major,"Due to the lack of recognized chords, the key was determined based on the chroma activations. The presence of strong E, G#, and B activations strongly suggests an E major tonality."
40238,A minor,"The chord sequence heavily features the A minor chord, supported by typical functional movements like the E major (V) to A minor (i) progression. Although the recurring Ab major chords introduce chromaticism, the harmonic focus and chroma profile, which emphasizes the tonic A and the leading tone G#/Ab, indicate A minor as the most suitable key."
40239,E minor,"The chord sequence consists almost entirely of an alternating pattern between E minor and C major chords, with E minor acting as the clear tonal center. This i-VI harmonic progression strongly establishes E minor as the key."
40240,G minor,"The chord sequence is heavily centered on G, alternating between G major and G minor, with G minor having the longest duration. The chroma activations confirm a strong G tonic and include the Bb (A#) note, which further supports the choice of G minor."
40242,E major,"The chord sequence consists almost entirely of an E major chord, which is supported by the chroma activation peaks at E, B, and G#. Given the lack of other harmonic information, E major is the most likely key."
40243,C major,"The song alternates between G major and A minor chords, which commonly function as the V and vi chords in the key of C major. The chroma analysis further supports this, showing significant presence of the notes of the C major scale, particularly the F natural, rather than F#."
40244,D major,"The chord sequence is dominated by a D major chord, which strongly indicates D major as the tonic. This is further supported by the chroma activations, where the pitch D is the most prominent."
40245,C major,"The chord sequence consists almost entirely of a C major chord, which serves as the clear tonal center. This is further supported by the chroma activations, which show significant prominence of C and G, the primary notes of the C major triad."
40265,Bb minor,"The harmonic progression is heavily centered around the Bb minor chord, which appears frequently throughout the sequence. The presence of the dominant chord (F:7) leading into the tonic and the inclusion of the subdominant minor (Eb:min7) further confirm Bb minor as the tonal center."
40266,G major,"Since the chord data is unavailable, the key was determined by analyzing the chroma activations. The prominence of G as the primary peak, supported by the presence of A, points to G major as the most likely tonal center."
40321,F major,"The chord sequence consists primarily of D minor, C major, and F major, which are all diatonic to the F major scale (the relative major of D minor). Given the significant time spent on F major, particularly at the end, F major is the most likely tonal center."
40369,F major,"The chord sequence is dominated by an F:7 chord, which strongly suggests F major as the key. Given the limited harmonic information provided, this is the most plausible interpretation supported by the chroma activations."
40370,Eb minor,"The chord sequence is dominated by an Eb minor chord, which accounts for the vast majority of the duration. This is further supported by the chroma data, which shows a significant peak at D# (the enharmonic equivalent of Eb) and a secondary peak at A#, which is the perfect fifth of Eb."
40373,F major,"The chord sequence is dominated by F:maj and Bb:min, which represents a common minor iv progression in the key of F major. The chroma activations, with F and C being prominent, further support F major as the tonal center."
40487,Ab minor,"The chord sequence is dominated by Ab minor, E major, B major, and F# major chords, which are all diatonic to the key of G# minor (enharmonically Ab minor). The high chroma activation for G#/Ab further supports this tonal center."
40488,A minor,"The chord progression, which includes F major, E minor, A minor, and G major, fits well within the A minor key (functioning as VI-v-i-VII). The prevalence of these chords and the strong chroma activations for F, E, and A support A minor as the most likely tonal center."
40491,E minor,"The chord sequence consists primarily of E minor, A major, D major, and G major, which forms a common i-IV-VII-III progression typical of E minor or E Dorian. The chroma activations support this with strong representations of E, A, and D."
40492,A major,"The chord sequence relies heavily on A, D, and E, which are the I, IV, and V chords in the key of A major. The long duration of the A major chord at the end suggests that A is the tonic, and the chroma activations are consistent with the A major scale."
40495,C major,"The chord sequence consists entirely of chords found within the C major diatonic scale, including I (C), ii (Dm), iii (Em), IV (F), and V (G). The progression strongly centers on the C major chord, supported by the final resolution sequence that settles clearly on C major."
40496,C# minor,"The chord sequence follows a repeated i-VII-VI-V progression (C#m-B-A-G#), which strongly establishes C# minor as the tonal center. The chroma activations are consistent with this analysis, showing high peaks for the root (C#), the fifth (G#), and the sixth and seventh scale degrees (A and B)."
40497,B minor,"The chord sequence consisting of B minor, G major, and D major fits well within the B minor scale. The high chroma activation for B, along with the prominence of the B minor chord, strongly suggests B minor as the tonic."
40553,F major,"The chord sequence uses C, F, and Bb, which are the V, I, and IV chords in the key of F major. This standard functional progression provides strong evidence for F major as the tonic."
40556,A major,"The chord progression frequently cycles between A major and E7, which is characteristic of the key of A major. Additional chords like F# minor, B7, and the secondary dominant C# major further confirm this tonality, and the chroma profile shows strong activations for A, E, and G#."
40557,G major,"The chord sequence is predominantly centered around G major, featuring long durations of G major along with supporting chords like D major and E minor. While the song transitions to a C major progression towards the end of the snippet, G major remains the primary tonal center for the majority of the sequence."
40569,F major,"The chord sequence relies heavily on F, Bb, and C chords, which are the I, IV, and V chords in the key of F major. The chroma profile further supports this key, showing significant activations for the notes F, A, and C."
40618,F minor,"The chord sequence is heavily dominated by F minor, which lasts for the majority of the clip's duration. This is further supported by the chroma activations, which show a strong peak on F and noticeable activity on C and G# (Ab), the constituent notes of an F minor triad."
40619,C minor,"The chord sequence is heavily centered around C minor, which accounts for the longest duration in the piece. While there are secondary functional movements involving D major and G major, the overall harmonic stability resides in C minor, which is further supported by the high chroma activation for C."
40621,C major,"The chord sequence is heavily anchored by C:7 and C:maj chords, which account for the vast majority of the song's duration. While chromatic chords such as Eb:maj and D:maj appear, they function as passing elements rather than establishing a new tonic. The chroma data further reinforces C as the tonal center."
40623,C major,"The chord sequence is dominated by a single C major chord, which strongly indicates C major as the tonic. This is further supported by the chroma activations, where the peak value is on the C note."
40707,C major,"The chord sequence consists almost entirely of repetitions of the I (C), IV (F), and V (G) chords in the key of C major. The chroma activations support this tonal center, showing high values for the notes C, E, and G."
40708,F# minor,"The chord sequence heavily features F#:min along with chords like D major and C# major, which are common within the F# minor tonality. The chroma analysis also highlights F# as the most prominent note, and the prevalence of A natural over A# in the chroma data further supports F# minor."
40709,E minor,"The chord sequence primarily features E minor, B minor, C major, and G major chords. The high chroma values for E, G, and B further support an E minor tonality, even considering the initial E major chords."
40710,D minor,"The chord sequence is dominated by frequent alternating between D minor and F major chords. Given that D minor is the most frequent chord and serves as the primary harmonic anchor, it is the most likely tonic."
40711,Bb major,"The chord progression features a clear functional movement, especially in the second half with Bb, Gm, Eb, and F, which are all characteristic of the Bb major key. The initial alternation between D minor and C major can be understood as using the iii and II chords within the key of Bb major."
40714,D major,"The chord sequence consists entirely of chords found within the D major scale, including D major (I), G major (IV), A major (V), E minor (ii), and F# minor (iii). The chroma activations also strongly favor the notes found in the D major scale, particularly the root note D, as well as the perfect fifth (A) and subdominant (G)."
40716,G major,"The chord sequence is heavily dominated by G major and features standard diatonic functional harmony, including an A minor to D major to G major progression (ii-V-I). The high chroma activations for D and G further support the identification of G as the tonal center."
40719,A minor,"The chord sequence frequently centers on A minor, which acts as the tonic. Chords such as D minor, C major, and F major are standard diatonic chords in this key, and the recurring use of E major and E7 serves as a strong dominant, confirming A minor as the tonal center."
40764,Eb major,"The chord progression prominently features the tonic Eb major, along with the subdominant (Ab) and dominant (Bb) chords, which establish the key of Eb major. While the appearance of secondary dominants like G7 and C7 introduces harmonic tension and suggests a shift toward F minor, the song consistently returns to the Eb tonal center."
40769,Bb major,"The chord recognition output is largely ambiguous, but the identifiable 'Bb:maj' chord suggests Bb as the tonic. The chroma data shows a strong presence of A#/Bb, which is consistent with a key of Bb major."
40771,F minor,"The chord sequence is heavily dominated by F minor, which persists for more than half the duration of the track. While there is a shift toward F major in the latter portion, the prevailing tonic and harmonic framework indicate F minor as the key."
40773,G minor,"The chord progression is dominated by an alternation between G minor and F major chords. Given that G minor is the recurring chord, it functions as the tonal center, fitting well within the G minor/Dorian harmonic context indicated by both the chords and the chroma activations."
40777,F minor,"The chord sequence is almost entirely dominated by F minor and F minor 7 chords, providing a clear tonal center of F minor. The chroma activations are consistent with this, showing prominent values for F, C, and Ab (labeled as G#), which are the notes of the F minor triad."
40814,F# minor,"The chord progression relies heavily on D major, A major, and F# minor, which are all diatonic to the F# minor scale (the relative minor of A major). Because the chord sequence spends the majority of its time on F# minor, it serves as the most plausible tonic."
40841,Eb minor,"The chord sequence is heavily dominated by an Eb minor chord for the vast majority of the track. The chroma data supports this, showing a strong concentration of energy on the tonic D#/Eb and its relative chord tones."
40842,G minor,"The chord sequence heavily features G, Bb, D, F, and Eb, which align well with the G minor scale (or G Dorian mode). The recurrent use of G major as a tonic and the occasional D major chord acting as a dominant (V) in the minor harmonic context strongly support G minor as the key."
40843,C# minor,"The chord sequence is heavily centered on C# minor, appearing as the primary chord throughout the song along with the iv (F# minor) and VI (A major). The chroma activations reinforce this with significant activity on C# and G#."
40848,C major,"The chord sequence utilizes chords such as C major, F major, D minor, and G major, which are all diatonic to the key of C major. The chroma activations are also concentrated on the notes C, E, G, F, and A, further reinforcing C major as the tonal center."
40849,F major,"The chord progression is dominated by F major, D minor, and C major, which function as the I, vi, and V chords in the key of F major. The prevalence of F major chords, especially at the start and end of the sequence, strongly points to F major as the tonic."
40951,A major,"The chord progression is strongly anchored around A major as the tonic, with frequent use of the dominant (E major) and subdominant (D major). The presence of chords like F# minor and C# minor, combined with high chroma activations for A and E, confirms A major as the tonal center."
40963,D major,"The sequence of G major followed by A major strongly suggests a IV-V progression in the key of D major. This tonal center is also supported by the chroma profile, which exhibits high activations for D, F#, A, B, and C#, all of which are prominent notes within the D major scale."
40984,A major,"The chord sequence is dominated by a repeating pattern of A, C, and D, which is characteristic of blues-influenced rock in the key of A. The constant return to the A chord establishes it as the tonic, despite the modal interchange provided by the C major and D major chords."
40985,Bb major,"The chord sequence repeatedly cycles through Bb major, C minor, and Eb major chords, which function as the I, ii, and IV chords in the key of Bb major. This harmonic progression strongly suggests that Bb major is the tonic key."
40989,C# minor,"The chord progression begins with major chords but shifts into a clear C# minor framework featuring i-VI-VII-V movements (C#m-A-B-Ab). The prevalence of C# minor and related chords in the latter half, supported by the presence of A and E notes in the chroma, strongly identifies C# minor as the tonal center."
41010,Ab minor,"The chord sequence is dominated by repeated Ab minor and F# major chords. The chroma profile further supports this with significant activations for Ab (G#), Eb (D#), and B (Cb), which constitute the Ab minor triad."
41095,E major,"The chord sequence is dominated by E major and E7 chords throughout the duration, clearly establishing E as the tonic. This is supported by the chroma activations, which show high concentrations of E, G#, and B, consistent with an E major harmonic context."
41101,D minor,"The chord sequence consists almost entirely of D minor and D minor 7 chords following a long silence or unrecognizable section. The chroma activations reinforce this, with D being the most prominent pitch."
41104,G minor,"The chord sequence consists almost entirely of a G minor chord, which accounts for the vast majority of the 60-second clip. This is supported by the chroma activations, which show strong peaks at G, D, and A#, the notes that form the G minor triad."
41122,A minor,"The chord progression frequently centers around A chords (A minor, A7, A sus4) and includes E minor and D major, which are common functional harmonies in the key of A minor, specifically utilizing the Dorian mode. The chroma activations confirm this analysis by showing strong emphasis on the notes A and E."
41124,F minor,"The chord sequence is dominated by F minor and Eb major, which are the i and VII chords in the key of F minor. This is further supported by the chroma activations, which show strong values for F, C, and G# (Ab), the notes of an F minor triad."
41125,F# major,"The chord sequence consistently rotates through F# major, Eb minor (which is enharmonic to D# minor), and C# major. This progression functions effectively as a I-vi-V in F# major, making it the most probable key for the track."
41191,Bb minor,"The chord sequence is heavily centered around the Bb minor chord, with frequent usage of related chords such as Ab major, F minor, and Gb major (labeled here as F# major). The prominent chroma activations at Bb, F, and Db further reinforce Bb minor as the tonic."
41192,B minor,"The chord progression frequently cycles through B minor and its dominant F# major, alongside chords like G major (VI) and D major (III), which are standard in the key of B minor. The chroma profile, showing high values for B, C#, F#, and A#, strongly supports B minor as the tonic."
41284,F# major,"The chord sequence is consistently centered around the F# major chord, which serves as the tonic. The frequent presence of B major (IV), Eb minor (vi), and Bb minor (enharmonically A# minor, the iii chord) strongly supports F# major as the tonal center."
41299,C major,"The chord progression frequently uses C, F, and G, which are the primary chords in C major. The recurring C-Bb-A minor sequence is a common harmonic pattern in C major, where the Bb represents a bVII chord, confirming C major as the most likely tonic."
41302,F# minor,"The chord sequence frequently utilizes F# minor, B minor, and C# major chords, strongly suggesting F# minor as the tonic. The chroma activations, which are highest for F#, C#, and A, further reinforce this tonal center, as these are the primary notes within the F# minor scale."
41486,E major,"The chord sequence consists primarily of E, A, and B chords, which function as the I, IV, and V chords in the key of E major, with C# minor acting as the relative minor (vi chord). The chroma activations also strongly support this, showing the highest peaks at E, B, and A."
41487,D major,"The chord sequence consists entirely of chords diatonic to the D major scale (D, A, Bm, and G), following a common I-V-vi-IV progression. The chroma activations are also strongly centered on the notes of the D major scale, confirming the key."
41489,F major,"The progression begins with an Eb major to Ab major vamp, but then modulates through D minor to establish a clear F major cadence (C major to F major to Bb major). Since the final section of the sequence heavily emphasizes the F major tonic and dominant chords, F major is the most likely key."
41515,Eb minor,"The progression predominantly features Eb minor, supplemented by the relative major F# major and the VI chord B major (enharmonically Cb major). The chroma activations strongly support this with high peaks at D# (Eb), A# (Bb), and F# (Gb), which are the essential notes of the Eb minor scale."
41516,G major,"The chord sequence is heavily centered on G major and D major, featuring other diatonic chords like B minor, E minor, and C major. The chroma activations reinforce this with high values for G, D, B, and F#, which are central notes of the G major scale."
41517,Eb minor,"The chord sequence centers on the Eb minor chord, which is the most frequently occurring chord throughout the piece. The chroma activations reflect the chromatic relationship between Eb and E, with significant activity at both notes supporting an analysis centered around Eb minor."
41519,C minor,"The chord sequence is heavily centered on C minor, utilizing related chords like Eb major, F minor, G minor, and Ab major, which are all consistent with the C minor scale. The chroma profile, with strong activations for C, D, and G, provides additional evidence supporting C minor as the tonal center."
41520,E minor,"The harmony is strongly centered in E minor, characterized by the E minor chords and the use of the B major chord as a dominant leading into E minor. While the song contains a significant amount of D major, it functions as the subtonic (bVII) within the key of E minor, and the chroma activations strongly highlight E, B, and A, which are key notes in the E minor scale."
41550,Bb major,"The chord sequence consists of chords diatonic to the key of Bb major, including Bb major (I), F major (V), Eb major (IV), G minor (vi), and D minor (iii). The frequent recurrence of F major and Bb major, along with the chroma profile emphasizing F, A, and Bb, clearly establishes Bb major as the tonic."
41554,D minor,"The chord progression is centered on D minor, as evidenced by the frequent use of D minor chords and their extensions throughout the sequence. The presence of supporting chords such as Bb major, G minor, A minor, F major, and C major is consistent with the D natural minor scale, confirming D minor as the tonic."
41569,G major,"The chord sequence is heavily dominated by G major, D major (the dominant), and occasional appearances of C major and B minor, all of which are diatonic to the G major scale. The high activations of G, D, F#, and B in the chroma data further support G major as the tonic."
41598,C major,"The song centers on the alternation between Fmaj7 and G7, which are the IV and V chords in the key of C major, alongside Am7, the vi chord. The chroma profile further supports C major, with strong activations for notes like C, F, G, A, and B, all consistent with the C major scale."
41599,D minor,"The chord progression relies heavily on D minor, Bb major, and G minor, which are all diatonic to the key of D minor. The strong chroma activations of D, A, and F further reinforce the tonic center of D minor."
41600,D minor,"The chord progression is heavily grounded in D minor, which is the most frequent and longest-lasting chord throughout the sequence. The chroma activations are consistent with this analysis, showing high values for the notes D, F, and A, which constitute the D minor triad."
41601,C major,"The chord sequence consists entirely of diatonic chords from the C major scale, such as Dm, Em7, F, G, Am, Bdim, and C. The progression follows a sequential path through these chords, which strongly points to C major as the tonal center."
41602,C major,"The chord sequence primarily consists of C major, D minor, E minor, and F major, which are all diatonic to the C major scale. This harmonic progression strongly suggests the key of C major, which is also supported by the high chroma activations for the notes C, D, E, and F."
41758,C minor,"The harmonic progression features frequent oscillations between C minor and B half-diminished chords, which function as the tonic and leading-tone chord respectively. Additionally, the G7 chords act as the dominant leading to C minor, and both the chord and chroma data show a strong focus on the G and C notes."
41971,A minor,"The chord sequence is centered on A minor, which is the most frequent chord and acts as the tonic. The use of E major as a dominant chord, along with recurring chords like C major and D minor, strongly supports A minor as the key."
41974,E minor,"The chord sequence is dominated by an E minor chord, and the subsequent chords (A major, D major, B minor) fit within the key of E minor (specifically E Dorian). The chroma activations also support this with high values for E and B, the tonic and dominant notes of the E minor scale."
41975,C major,"The chord sequence heavily utilizes C major, F major, G major, and E minor, which are all diatonic to the C major scale. The frequent alternation between F major (IV) and G major (V), combined with the progression C-Em-F-G, strongly establishes C major as the tonal center."
41976,E major,"The chord progression is centered on E major, which is the most frequent chord and serves as the clear tonic throughout the piece. The combination of E, A, B, and D chords is characteristic of the E major scale, often incorporating the bVII (D major) in a Mixolydian-influenced rock style. This is further supported by the chroma activations, which show strong prominence for E, G#, and D# (the leading tone of E major)."
41980,D minor,"The chord sequence contains a prominent A:maj to D:min cadence, which is a classic V-i progression in D minor. The recurring D:min to G:min chords also establish a strong harmonic center in D minor. The chroma data, featuring A and G, is consistent with this key."
41981,G major,"The chord sequence is composed primarily of G, C, D, and Am, which are the I, IV, V, and ii chords in the key of G major. The frequent use of these chords in a standard progression, along with the chroma activations, strongly points to G major as the tonic."
41982,E major,"The chord progression is dominated by E major, A major, and B major, which represent the I, IV, and V chords in the key of E major. The chroma activations reinforce this with significant presence of the notes E, G#, A, and B."
41988,E minor,"The chord progression consists of E minor, C major, G major, and D major, all of which are diatonic to the E minor scale. The frequent return to the E minor chord and its placement at the start of many phrases strongly suggests that E minor is the tonal center."
42040,Ab major,"The chord sequence is dominated by the Ab major chord, which persists for nearly the entire 60-second duration. Given this heavy focus on the Ab major triad, it is the most logical key assignment."
42044,A major,"The chord sequence is dominated by the tonic (A major), subdominant (D major), and dominant (E major) chords, which is a standard progression for the key of A major. The frequent alternation between the A and D chords strongly emphasizes A as the tonal center."
42047,D major,"The chord sequence is dominated by D major, G major, B minor, and A major, which function clearly as the I, IV, vi, and V chords in the key of D major. The chroma activations further support this, with strong peaks at D, A, and G."
42055,Bb minor,"The chord progression is centered around Bb minor and features frequent Eb minor and Ab major chords, which corresponds to a standard i-iv-VII progression in the key of Bb minor. The chroma activations further support this, showing high activity for F, D# (Eb), and C# (Db), which are all key notes within the Bb minor scale."
42056,C major,"The chord sequence prominently features chords that are diatonic to the key of C major, including the tonic C major, subdominant F major, dominant G major, and vi chord A minor. The frequent return to C major, along with the chroma activations supporting a C-E-G triad, strongly indicates that the song is in the key of C major."
42057,Eb minor,"The chord sequence is dominated by Eb minor, F# major, and Ab minor, which are all consistent with the key of Eb minor. The high chroma activations for Bb, Ab, Gb, and Eb further support this analysis."
42058,A minor,"The chord sequence is dominated by A minor for almost the entire duration of the clip. Additionally, the chroma profile shows strong activations for A, C, and E, which are the root, minor third, and fifth of the A minor chord, confirming the key."
42059,F# major,"The chord sequence relies heavily on F# major and B major, which function as the I and IV chords in the key of F# major. The presence of Ab minor (ii) and Eb minor (vi) also fits perfectly within the F# major scale, and the chroma activations confirm this with prominent peaks at F#, A#, B, and C#."
42060,E minor,"The chord progression consistently features E minor, A minor, and D major, which function as the i, iv, and VII chords in the key of E minor. The chroma activations, particularly the prominence of E and G, strongly support the E minor tonic."
42062,C# minor,"The progression is anchored by C# minor, which acts as the tonic, while Ab minor (functionally G# minor) acts as the v chord in the key. The chroma activations strongly support the C# minor scale, showing high values for C#, D#, E, and G#."
42064,Ab minor,"The chord progression is strongly centered on the Ab minor chord, which appears as the primary harmonic anchor throughout the song. Supporting chords such as C# minor and E major are consistent with the Ab minor (or enharmonic G# minor) scale, and the dominant chroma activation at G#/Ab further reinforces this tonal center."
42065,C major,"The chord sequence primarily consists of C major, F major, G major, and A minor chords, all of which are diatonic to the C major scale. The chroma activations show high values for C, E, G, and A, which further confirm C major as the key."
42312,D major,"The chord sequence primarily utilizes chords found in the D major scale, such as D, G, A, and B minor. The prominence of the D major chord and the chroma activation profile, which features high values for notes within the D major scale (D, E, F#, G, A, B, C#), strongly point to D major as the key."
42348,B minor,"The song predominantly alternates between B minor and G major chords, suggesting a harmonic center of B minor. The chroma activations show a notably higher presence of C# compared to C, which is characteristic of the B minor scale and distinguishes it from G major."
42349,D major,"The chord sequence is heavily dominated by D major chords throughout its duration, establishing a strong tonal center. The chroma activations confirm this, with the highest values corresponding to D, C#, and A, which are key components of the D major scale."
42350,C major,"The chord sequence primarily oscillates between C major and G major, with the introduction of E minor, all of which are diatonic to the C major scale. This harmonic structure, supported by the prominent C, E, G, and B notes in the chroma activations, indicates that the key is C major."
42351,C major,"The chord sequence consists primarily of C major and A minor, which are relative keys. Given that C major appears for the majority of the duration and the chroma activations highlight the C major triad, C major is the most appropriate key."
42432,E minor,"The chord progression centers on E minor, frequently resolving from B dominant chords (B:7) to the E minor tonic. The persistent use of C major and F# minor/diminished chords is consistent with the harmonic vocabulary of the E minor key."
42434,A minor,"The chord sequence primarily alternates between A minor and D major, which is characteristic of the A Dorian mode or A minor key center. The inclusion of F major and C major chords confirms the A minor tonality, while the E major chord serves as a strong V chord in the harmonic minor context."
42657,B minor,"The chord progression relies heavily on B minor, A major, and E major, which fit within the B minor key. The prominent F# major chord, appearing as the final chord, serves as the dominant of B minor, which further confirms it as the tonic."
42740,C minor,"The chord sequence centers heavily on C minor as a tonal anchor, utilizing the i (C minor), VI (Ab major), VII (Bb major), and iv (F minor) chords, which are all diatonic to C minor. The chroma data further supports this, showing strong activations for C, Eb (D#), and Bb (A#), which are key pitches in the C minor scale."
42742,Ab major,"The song's chord sequence includes Ab major, Eb major, Fm, Bbm, and C# major (which is the enharmonic equivalent of the IV chord, Db major), all of which are diatonic to the key of Ab major. The chroma activations showing high prominence for G# (Ab), C# (Db), and D# (Eb) further confirm this analysis, with Ab major acting as the stable tonic."
42744,C major,"The chord sequence consists of D minor, G major, and C major, which functions as a standard ii-V-I progression in the key of C major. Although the D minor chord is held for a significant duration, the harmonic movement consistently resolves to C major."
42745,D minor,"The song is dominated by a D minor 7 chord throughout the entire segment, providing a clear harmonic center. This is further supported by the chroma activations, which show a strong prominence of the note D."
42747,F minor,"The chord progression is dominated by an extended F minor7 chord, with Ab major and Eb major functioning as standard diatonic chords within the key of F minor. The chroma activations for Ab, F, and Eb provide further evidence supporting F minor as the tonic."
42748,D minor,"The chord sequence is heavily centered on D minor, which is the most frequent chord and appears throughout the progression alongside its relative major, F major. The chroma activations confirm this, showing prominent D, C, F, E, and A, which are all notes found in the D minor scale."
42749,E minor,"The chord progression frequently cycles through E minor, C major, and D major, which corresponds to a i-VI-VII progression in E minor. The consistent return to Em, including the final chord, strongly indicates E minor as the tonic."
42750,A minor,"The chord sequence is heavily grounded in A minor, with frequent use of A minor and F major chords establishing a clear tonal center. The chroma activations support this, showing a prominent A peak which aligns with A minor as the tonic."
42756,D major,"The chord sequence is dominated by the D major chord, which accounts for the vast majority of the duration. Additionally, the highest chroma activations correspond exactly to the notes of the D major triad (D, F#, and A)."
42757,A major,"The chord sequence is heavily centered on the A major chord, which appears for the vast majority of the duration. The presence of D major and B minor chords fits perfectly as the IV and ii chords in the key of A major, while the chroma activations of A, B, and E strongly support this tonal center."
42758,C major,"The chord sequence consists almost entirely of a C major chord, which persists for nearly the entire 60-second duration. This is strongly supported by the chroma activations, which show high concentrations on C, E, and G, corresponding to the root, major third, and fifth of the C major triad."
42803,D major,"The chord sequence is dominated by the D major chord, which appears for the vast majority of the track's duration. The brief appearance of an F major chord does not shift the clear tonal center established by the repeated D major chords."
42806,E major,"The chord sequence is composed entirely of E major, A major, and B major chords, which correspond to the I, IV, and V chords in the key of E major respectively. This consistent I-IV-V progression clearly defines E major as the tonic."
42834,D major,"The chord sequence consists entirely of chords diatonic to the D major scale, including D major, F# minor, B minor, G major, A major, and E minor. The frequent use of D major as a tonal anchor and its occurrence at the end of the sequence strongly indicate D major as the key."
42835,E major,"The chord progression is dominated by E major, A major, and B major, which correspond to the I, IV, and V chords in the key of E major. This tonal center is also reinforced by the chroma activations showing high values for E and B."
42836,A major,"The chord progression is dominated by the I (A), IV (D), and V (E) chords of the A major scale. This functional harmonic pattern is highly characteristic of the key of A major."
42837,C major,"The harmonic progression predominantly alternates between C major and A minor, which strongly supports C major as the tonic. The additional chords, such as D major and E minor, serve as the II (secondary dominant) and iii chords within the key of C major, fitting naturally into the diatonic structure."
43153,C minor,"The chord sequence is dominated by C minor and F minor chords, which strongly suggests a tonal center of C minor. The repeated alternation between these two chords functions as a i-iv progression, characteristic of a C minor key context."
43304,A major,"The chord sequence is dominated by A major, E major, and F major, with A major serving as the tonal center. The use of E major as the dominant (V) and F major as a chromatic submediant (bVI) is characteristic of rock and pop music in the key of A major."
43323,G minor,"The chord sequence frequently centers on G minor, prominently using G minor (i), Eb major (VI), and D major (V) chords throughout the progression. The chroma profile shows high values for G, D, and A, providing strong evidence for G minor as the harmonic foundation."
43325,Eb major,"The harmony is primarily centered around Eb major, with functional chords such as Ab major (IV) and Bb major (V) frequently appearing. The chroma activations reinforce this conclusion by highlighting the tones of the Eb major scale."
43402,Ab major,"The harmonic progression is centered around the Ab major chord, which appears for the longest duration, and is supported by the Eb major chord acting as a dominant. This is corroborated by the chroma profile, which features a strong peak at G# (the enharmonic equivalent of Ab)."
43407,F# major,"The chord progression is built around the chords F# major, Eb minor, C# major, and B major, all of which are diatonic to the key of F# major. The chroma activations strongly support this with peaks on F#, C#, D#, and A#, which are the primary notes of the F# major scale."
43408,Eb major,"The track is dominated by the Eb:maj chord, which spans almost the entire duration, with supporting Ab:maj and Bb:maj chords characteristic of the IV and V chords in the key of Eb major. This is further supported by the chroma activations, which show high values for D#/Eb and A#/Bb, reinforcing the key of Eb major."
43411,Ab major,"The harmonic progression is dominated by an oscillation between Ab major and C# major (enharmonically Db major), which function as the I and IV chords in the key of Ab major. The high chroma activation for G# (the enharmonic equivalent of Ab) further supports Ab as the tonic."
43493,E minor,"The chord progression primarily oscillates between E minor and A major, with frequent returns to E minor. This i-IV harmonic pattern, along with the presence of D major, is indicative of the E Dorian mode, establishing E minor as the tonic. The chroma data further supports this with E, A, and B being the most prominent notes."
43497,C minor,"The chord sequence is dominated by Cmin7, with supporting chords Fmin7, Abmaj7, and Bb7, which are all diatonic to the key of C minor. The chroma activations showing peaks at C and G further support C minor as the tonic key."
43499,C major,"The song prominently features an A minor focus early on but concludes with a definitive F-G-C cadence, which is a standard harmonic progression for C major. As A minor is the relative minor of C major, the frequent use of these chords throughout the progression points strongly toward C major."
43502,D minor,"The chord progression consistently uses D minor, Bb major, C major, A minor, and G minor chords, which are all diatonic to the D minor scale. This functional harmonic structure strongly points to D minor as the home key."
44099,A major,"The chord sequence relies heavily on a ii-V-I progression using B minor, E major/minor, and A major chords, which is characteristic of the key of A major. This is further supported by the chroma profile, which shows prominent peaks for the notes A, E, and B."
44100,D minor,"The harmonic progression centers around D, with frequent occurrences of D major and D minor chords, particularly settling into D minor towards the end. The chroma activations show a clear peak at D, supporting the identification of D as the tonic."
44101,G minor,"The song is strongly centered around G, frequently using both G minor and G major chords. The chord sequence, combined with the chroma activations (where F is more prominent than F#), suggests G minor as the most appropriate key."
44102,G major,"The chord sequence is dominated by G major, C major, and A minor, which correspond to the I, IV, and ii chords in the key of G major. The high frequency of G major as the tonic and the significant G chroma activation support this conclusion."
44103,B minor,"The chord sequence is heavily centered around B minor, utilizing the tonic (B minor), dominant (F# minor/major), and submediant (G major) chords. The chroma data, which shows high activations for F# and B, reinforces B minor as the tonal center."
44105,C major,"The chord sequence is heavily anchored by C major, with frequent alternation between C major and G minor, suggesting a tonic of C major with modal interchange. The chroma activations confirm this, showing C and G as the most prominent notes, consistent with a C major tonality."
44106,A major,"The chord progression is anchored by the A major chord, which appears most frequently and acts as the tonic. The consistent movement to B minor and the use of E major as a dominant strengthen the identification of A major, while the recurring G major chords function as borrowed harmonies (bVII), typical of this tonal context."
44107,B minor,"The chord sequence primarily oscillates between B minor and A major, with occasional use of D major and E major/minor. These chords all fit within the B natural or Dorian minor scale. This is further supported by the chroma activations, which show strong peaks at B, A, F#, and E, consistent with the B minor scale."
44108,D major,"The chord sequence heavily features D major and G major chords, which are the I and IV chords in the key of D major. The chroma profile further supports this analysis with high activations for D, G, and A."
44109,C# minor,"The chord sequence consists primarily of C# minor, A major, E major, and Ab (enharmonic to G#) major chords, which form a functional i-VI-III-V progression in the key of C# minor. The chroma activations, which are highest at E and G#, further support C# minor as the tonal center."
44126,C# major,"The harmonic content is heavily centered on the C# major chord, which acts as the tonic. The occurrence of F# major and E major chords fits within the key of C# major, and the chroma activations showing strong peaks at C# and G# further confirm this tonal center."
44195,C# minor,"The chord sequence is dominated by the C# minor chord, which persists for the vast majority of the duration. While there are brief appearances of other chords like E major, C major, and B major, these are transient, and the overall harmonic center remains anchored to C# minor."
44196,D minor,"The chord sequence centers heavily on D minor, utilizing diatonic chords such as Bb major, G minor, F major, and A minor which all belong to the D natural minor scale. D minor is the most prevalent chord, anchoring the harmonic progression, and this is reinforced by the chroma activations showing significant presence for D and F."
44197,B major,"The chord sequence is highly chromatic and lacks standard functional harmony, frequently alternating between various major triads including B, A, and Ab. Given that B major is the most frequent and long-lasting chord, it serves as the most plausible tonal center."
44198,E minor,"The chord sequence is dominated by E minor, which appears for the vast majority of the duration. The presence of B major as a dominant chord and F major as a Neapolitan chord strongly supports E minor as the tonic, and the chroma profile confirms E as the most prominent pitch class."
44207,D major,"The chord sequence is dominated by the D major chord, which appears for the vast majority of the duration. The chroma activation profile also shows a strong peak on D, which reinforces D major as the tonal center."
44277,G minor,"The chord sequence frequently cycles through G minor, D major, and Eb major chords, which is a classic i-V-VI progression in G minor. The prominent chroma activations for D, Eb, and G further reinforce G minor as the tonic."
44278,Eb major,"The song features a sustained Eb major chord and a chroma distribution heavily weighted towards D# (Eb) and A# (Bb), which are the tonic and dominant notes of the Eb major scale. Despite the subsequent chromatic harmonic progression, the harmonic center gravitates towards Eb major."
44279,Bb major,"The chord sequence is overwhelmingly centered on the Bb major chord, which accounts for the vast majority of the song's duration. This is further supported by the chroma activations, which show strong peaks for A# (Bb) and F, both of which are central notes of the Bb major triad."
44282,B major,"The song is heavily anchored by the B major chord, which appears for the vast majority of the clip's duration, acting as a clear tonic. While there are several non-diatonic chords present, they function as chromatic embellishments or modal shifts around the strong, recurring B major tonal center."
44283,E major,"The chord progression is dominated by the E major chord, which appears for significant portions of the sequence. Additionally, the chroma activations show a clear peak at E, reinforcing E major as the most likely tonic."
44285,C# major,"The song is centered around C# major, which is the most frequent chord in the sequence. This is supported by the chroma activations, which show clear peaks at C# and G#, the tonic and dominant of the C# major scale."
44286,C# major,"The harmonic progression is highly chromatic, but the C# major chord is the most frequent and sustained chord throughout the segment, accounting for more than half of the total duration. The chroma analysis also shows a peak in the C# activation, which supports this conclusion."
44401,E minor,"The song is centered around E minor, with frequent use of the i, VI, III, and IV chords (E minor, C major, G major, A major). Although there is a shift toward the relative minor (C# minor) in the second half, the overall harmonic movement consistently anchors back to E minor, culminating in a strong resolution to E major."
44423,C minor,"The harmonic progression frequently centers on C minor, using Ab major and F minor chords which are diatonic to the C natural or harmonic minor scale. The chroma data further supports this with significant activations for C, G, and Ab, confirming C minor as the tonal center."
44799,Eb major,"The progression is consistently anchored by long, recurring Eb major chords, which function as the tonal center. The frequent use of Bb major (the dominant V) and the borrowed Ab minor (the minor iv chord) further reinforces Eb major as the key."
44801,F# minor,"The chord sequence is heavily centered on F# minor and uses supporting chords like C# minor, B minor, and D major, all of which fit well within the key of F# minor. The chroma activations confirm this tonal center with the highest peak on F# and a significant peak on C#."
44821,F minor,"The harmonic progression is clearly centered around F minor, frequently utilizing the VI chord (C#/Db major) and the V chord (C major), which is characteristic of the F harmonic minor scale. The chord sequence and the dominant chroma activation at C#/Db further support F minor as the tonic."
44822,C# minor,"The chord sequence consistently features C# minor, Ab major (the enharmonic equivalent of the V chord G# major), and F# minor, which all strongly align with the C# minor harmonic context. The high chroma activation for C# further supports C# minor as the tonic."
44823,G minor,"The chord sequence consists entirely of a G minor chord for the duration of the track, which is the strongest indicator of the key. While the chroma data shows unexpected emphasis on C and C#, it also reflects the core components of the G minor chord (G, D, and Bb)."
44886,C# major,"The chord sequence consists of alternating C# major and F# major chords, which strongly suggest a relationship between the I and IV chords in C# major. The high chroma activation for C# and the extended duration of the C# major chord at the end of the sequence further support C# major as the tonic."
44896,C# major,"The chord sequence consists almost entirely of an alternating progression between C# major and F# major. Given the frequency and the anchoring position of the C# major chords, C# major is the most appropriate key."
44954,A minor,"The song predominantly alternates between A minor and D minor chords, which clearly establishes A minor as the tonic. The chroma data also confirms this by showing high activations for A and E, the primary notes of the A minor triad."
45012,D minor,"The chord sequence primarily oscillates between D minor and C major, which strongly establishes a tonal center of D. The chroma activations are also concentrated on D, C, G, and A, which are consistent with the notes in the D minor/Dorian scale."
45060,C major,"The chord progression is dominated by the C major chord, supported by A minor (the vi chord) and Gsus4 (the V chord), which are all diatonic to the key of C major. The chroma profile further supports this with high activity on C and G notes."
45099,E major,"The chord sequence is dominated by frequent alternating between E major and B major chords, clearly establishing E major as the tonic. The inclusion of C major and D major chords is characteristic of rock-style progressions utilizing chromaticism or modal interchange relative to the E major tonic."
45100,D minor,"The chord sequence is heavily anchored around D minor, appearing frequently throughout the song. While there is a section featuring a D major chord, the overall harmonic content and the chroma activations point towards D as the tonic, consistent with D minor."
45101,A major,"The chord progression is dominated by A major and E major, which suggests a primary I-V relationship in the key of A major. The occasional use of chords such as A minor, G major, and F major indicates modal mixture, which is a common characteristic in various rock and pop music styles."
45103,Bb minor,"The chord progression frequently cycles through Bb minor, F# major (enharmonically Gb major), and Ab major, which function as the i, VI, and VII chords in the key of Bb minor. The frequent return to Bb minor as the tonal center confirms this as the key."
45141,Bb major,"The harmonic progression primarily alternates between Bb major and G minor, which are relative keys sharing the same key signature. Given that Bb major chords have a longer total duration and the chroma activations strongly support the notes found in the Bb major scale, Bb major is the most appropriate key assignment."
45166,A major,"The chord sequence is heavily anchored by the A major chord, supported by chords such as E7 (the dominant V) and Bm7 (the supertonic ii), which are all diatonic to the A major scale. The chroma activations confirm this, showing a strong emphasis on A, E, and F#, which are characteristic notes of the A major key."
45275,B major,"The chord sequence consistently centers on B major, which is supported by the highest chroma activation for B. The frequent use of Ab minor (enharmonically G# minor, the vi chord) along with other chords like E major (IV) and A major (a common bVII borrowed chord) confirms B major as the tonal center."
45320,F major,"The chord progression predominantly features F major, Bb major, and G minor chords, which function as the I, IV, and ii chords in the key of F major. The chroma profile further supports this, showing strong activations for F, A, and G, which are central notes of the F major scale."
45331,G major,"The chord sequence consistently revolves around the ii-V-I progression (A minor, D, G major), which strongly establishes G major as the home key. The chroma activations reinforce this with high prominence for the notes G, D, and A."
45332,G major,"The chord sequence is heavily centered on G major, frequently using the primary chords C major and D major, which are standard in the key of G major. The presence of an A7 chord acts as a secondary dominant, and the chroma activations are significantly weighted towards G and D, which strongly supports G major as the tonal center."
45334,A major,"The harmonic progression frequently features A major, E major, D major, and F# minor, which are all characteristic of the A major scale. The sequence of A major, E major, G major, and D major is a common variation of a I-V-bVII-IV progression, which strongly supports A major as the tonic."
45513,D major,"The chord sequence consists primarily of alternating D major and G major chords, which represent the I and IV chords in the key of D major. The high chroma activation for D further confirms this as the tonic."
45514,E minor,"The chord progression is dominated by E minor, C major, and A minor, all of which are diatonic to E minor. The chroma activations reinforce this with significant peaks for E, G, and B, which are the primary notes of an E minor triad."
45515,B minor,"The chord sequence is dominated by B minor, which occupies the vast majority of the song's duration. Additionally, the chroma profile shows strong activations for B, F#, and D, which are the notes of the B minor triad, further confirming this key."
45517,C major,"The chord sequence features C major and A minor, which are the tonic and relative minor chords in C major. This is further supported by the chroma activations, which show strong peaks on the notes C, E, and G, which form the C major triad."
45518,D major,"The chord progression is almost entirely a D major chord, which strongly indicates D major as the tonic. This is further supported by the chroma activations, which show significant peaks at D and A, the root and fifth of the D major chord."
45519,E major,"The chord progression is centered around E major and B major, with E major appearing for the majority of the time, establishing it as the tonic. The chroma activations reinforce this analysis with strong values for E, B, and G#, which are characteristic of the E major tonality."
45520,G major,"The chord sequence consists primarily of G, C, and D, which correspond to the I, IV, and V chords in the key of G major. The frequent use of C minor acts as a borrowed minor subdominant, a common harmonic device in major keys, and the chroma activations are dominated by G, B, C, and D, consistent with the G major scale."
45521,D major,"The chord progression is centered around D major, G major, A major, and B minor, all of which are diatonic to the D major scale. The frequency of these chords and the analysis of the chroma activations, which show high values for D, A, G, and B, strongly indicate that the key is D major."
45522,D major,"The chord sequence is dominated by a D major chord throughout the entire duration. This, along with the chroma activations emphasizing the root D and the perfect fifth A, strongly confirms D major as the key."
45523,C major,"The chord sequence is heavily centered around C major, with supporting chords like F major, D minor, and E minor, which are all diatonic to the C major scale. The chroma vector also shows strong activations for C and its related notes, further confirming C major as the key."
45562,E major,"The chord sequence is dominated by E, A, and B chords, which are the I, IV, and V chords in the key of E major, along with the ii chord (F# minor). The chroma activations strongly support this, with the highest values concentrated on the notes E, F#, A, and B, all of which belong to the E major scale."
45563,C# major,"The chord sequence is dominated by C# major, Ab major, and F# major chords, which represent the I, V, and IV chords of the C# major scale. Occasional E major chords are used as chromatic elements, and the chroma activations (highest for C#, F#, and G#/Ab) strongly reinforce this tonal center."
45565,B minor,"The harmonic structure is defined by frequent use of B, A, and G major chords, which function well within the B minor scale as the tonic, VII, and VI degrees, respectively. The inclusion of the E minor (iv) and the dominant F# major (V) chords further confirms B minor as the key."
45566,C major,"The chord recognition provided no information, and the chroma activations are distributed almost uniformly across all 12 pitch classes, indicating a lack of a clear tonal center. Therefore, C major is selected as a neutral default key for this ambiguous data."
45567,E minor,"The chord sequence is centered on E, with extensive use of both E major and E minor chords. The dominance of E minor, combined with D major and A major chords, suggests a blues-based harmonic structure in the key of E minor."
45568,B major,"The chord sequence consistently revolves around B major and Ab minor, which is the relative minor of B major. Given the strong presence of B major as a chord and the highest chroma activation for the note B, B major is the most likely tonic."
46070,C major,"The chord sequence consistently revolves around C major, which acts as the tonic. Frequent use of F major (the IV chord), G minor (a borrowed v chord), and Eb major (the bIII chord) are common harmonic patterns within the key of C major, despite the occasional use of C minor."
46088,D minor,"The chord progression is heavily anchored by a long-duration D minor chord, which serves as the tonic. The additional chords, F major and A minor, and the chroma profile are consistent with the D minor scale."
46091,D major,"The chord sequence consists primarily of D major, A major, E minor, and B minor, which are all diatonic to the key of D major (functioning as the I, V, ii, and vi chords, respectively). The chroma profile corroborates this, showing high activations for notes such as D, A, E, and B, which are all prominent in the D major scale."
46126,B minor,"The chord sequence is dominated by B minor and B minor 7 chords, with an E9 chord acting as a IV chord. This progression, combined with the strong B chroma activation, clearly indicates B minor as the tonic."
46129,E major,"The chord progression consistently alternates between E major and A major, which function as the I and IV chords in the key of E major. The inclusion of the F# minor chord (the ii chord) and the strong E and A chroma activations further confirm E major as the tonal center."
46146,E major,"The chord sequence consists primarily of E major and A major chords, suggesting a I-IV progression in the key of E major. The chroma profile further supports this, showing strong activations for the notes E, G#, and B, which form the tonic triad."
46334,A major,"The chord sequence is dominated by A major, D major, and E7, which function as the I, IV, and V chords in the key of A major. The chroma activations are consistent with this analysis, showing high weights on the notes A, D, and C#, which are central to the A major scale."
46339,A major,"The chord sequence is dominated by A, D, and E chords, which correspond to the I, IV, and V chords in the key of A major. The chroma activations also show prominent A and E notes, consistent with this key."
46362,E major,"The chord sequence is heavily dominated by E major and related chords such as Emaj7, C#min, and Bmaj. The chroma activations reinforce this with significant presence in E, B, F#, and G#, all of which are key notes in the E major scale."
46365,C major,"The chord sequence is dominated by C major and G major, which function as the tonic and dominant chords in C major. Given the high frequency of these chords and the supportive chroma activations, C major is clearly the tonal center."
46508,F# major,"The chord progression frequently features F# major, B major, C# major, and Eb minor (which functions as the relative minor, D# minor), all of which are diatonic to the key of F# major. The high chroma activations for F# and A# (equivalent to Bb) further support F# major as the tonal center."
46514,D minor,"The harmonic center of the song is clearly D, with frequent occurrences of D minor chords throughout the track. The use of Bb and C chords, in addition to the D minor tonic, strongly indicates a D minor tonality, while the inclusion of a D major section likely functions as a harmonic shift or variation."
46546,D major,"The chord sequence is dominated by D major, G major, and A major, which function as the I, IV, and V chords in the key of D major. This common cadence is supported by the high chroma activations for D and A, confirming the tonic and dominant of the key."
46547,D major,"The chord sequence consists of D major, G major, E minor, and A7 chords, which is a classic I-IV-ii-V progression in D major. The chroma activations align with this analysis, with significant prominence on D, A, and G."
46548,G major,"The progression predominantly features the G, C, and D chords, which function as the I, IV, and V in G major, along with the A minor chord as the ii chord. This harmonic movement is typical of the key of G major."
46549,E major,"The chord sequence consists primarily of E major, A major, and B major chords, which are the I, IV, and V chords in the key of E major, respectively. The chroma activations further support this, with strong peaks for E, G#, and B, representing the notes of the E major tonic triad."
46550,F major,"The chord progression is dominated by the F major chord, alternating frequently with C major and occasionally introducing G major as a secondary dominant. The chroma activations showing peaks at F and A provide further evidence for F major as the tonal center."
46551,C major,"The chord sequence is composed entirely of C major, F major, and G major chords, which correspond to the I, IV, and V chords in the key of C major. This harmonic structure is strongly supported by the chroma activations, which show high values for the tonic C and dominant G."
46552,G major,"The chord progression is dominated by G major, C major, D major, and A minor, which are standard chords in the key of G major. The chroma profile, with strong activations for G, A, and B, also strongly supports G major as the tonic."
46553,E major,"The chord sequence is composed almost entirely of E major, B major, and A major chords, which function as the I, V, and IV chords in the key of E major. The chroma activations further support this, with B, E, and A showing the highest prominence."
46728,C major,"The chord sequence is dominated by C major, with a brief appearance of the G major chord acting as the dominant. This is further supported by the chroma activations, which show the highest values at C and G."
46729,C minor,"The chord progression is centered around C minor, frequently utilizing its diatonic chords such as C minor, G minor, Bb major, F minor, Ab major, and Eb major. The chroma analysis also reflects this, with significant activations for the notes of the C minor scale, including C, D, Eb, F, and G."
46735,D minor,"The chord sequence is composed of chords diatonic to the D minor scale, specifically D minor, F major, A minor, Bb major, and C major. The prevalence of the D minor chord and the frequent usage of the Bb major and C major chords in conjunction with D minor strongly indicate that the key is D minor."
46736,D major,"The chord progression predominantly uses chords like D major, E major, F# minor, G major, A major, and B minor, which all belong to the D major scale. The chroma activations further support this, as they show high values for the notes D, E, F#, G, A, B, and C#, which constitute the D major scale."
46737,A major,"The chord sequence consists primarily of alternating A major and D major chords, which are the I and IV chords in the key of A major. The concluding E:sus4 chord acts as the dominant (V) chord, strongly reinforcing A major, and the chroma activations support this by showing high values for A, C#, D, and E."
46738,C minor,"The harmonic progression is strongly dominated by the C minor chord, often alternating with the Ab major chord, which is the VI chord in the key of C minor. The prevalence of C:min chords throughout the piece, supported by the chroma activations with high values at C and D# (the tonic and minor third), clearly indicates a key of C minor."
46757,C major,"The chord sequence consists almost entirely of alternating C major and F major chords, establishing C major as the tonic. This is supported by the high chroma activation for C, confirming it as the tonal center."
46785,C major,"The chord sequence is sparse, containing only a single explicit chord, C major, after an unrecognized duration. Despite the chroma activations showing a strong presence of B and A#/Bb, which may suggest a dominant or bluesy character, C major is the most logical tonic identification."
46786,D major,"The chord sequence consists of D major, G major, and E minor chords, all of which are diatonic to the key of D major (I, IV, and ii respectively). The chroma profile further supports this key center, showing prominent activations for the notes D, A, and G."
46787,E major,"The chord progression A-E-B-F#m is a very common pop sequence that functions as a IV-I-V-ii progression in the key of E major. The chroma profile supports this interpretation, as the notes E, B, F#, and A are all prominent, which correspond to the tonic, dominant, supertonic, and subdominant of E major."
46788,G major,"The chord progression consistently uses E minor, D major, and G major, which corresponds to a vi-V-I progression in the key of G major. The chroma activations reinforce this analysis, as the highest values align with notes diatonic to the G major scale, such as G, F#, and E."
46789,Ab major,"The chord progression is dominated by the IV (Db/C#) and V (Eb) chords, which typically resolve to the I chord (Ab) in the key of Ab major. The presence of the iii chord (C minor) at the end, specifically in a second inversion (C:min/5), strongly reinforces the tonal center of Ab major."
46790,Eb minor,"The chord progression is dominated by Eb minor, Bb minor, and F# major, which function as the i, v, and III chords in the key of Eb minor. The chroma activations, which align with the notes of the Eb minor scale, further support this key choice."
46791,G major,"The chord sequence consists primarily of G major, C major, E minor, and D major, which are standard diatonic chords in the key of G major. The chroma activations further support this, as they show high intensity for the notes G, B, C, D, and E, all of which belong to the G major scale."
46793,A major,"The chord progression frequently centers on D major, A major, and E minor. The use of an E major chord at the end acts as a strong dominant (V) function, which, combined with the prominent A and E chroma activations, indicates that A major is the tonic key."
46796,G major,"The chord progression is heavily centered on G major, which functions as the tonic. Occurrences of D major and B minor further reinforce this key, as they represent the V and iii chords, respectively, and the chroma activations peak at G and D."
46839,C major,"The chord progression is heavily grounded in C major, with the C major chord appearing most frequently and for the longest total duration. The presence of F major and G major supports this tonal center, while the alternating Eb major chord acts as a borrowed chromatic chord, commonly found in many rock and pop progressions."
46841,G major,"The chord sequence predominantly alternates between G major, E minor, C major, and D major, which are the I, vi, IV, and V chords in the key of G major. This repetitive structure is a hallmark of this key, clearly establishing G major as the tonic."
46842,B minor,"The song's chord progression prominently features B minor, G major, A major, and F# major, which function as the i, VI, VII, and V chords respectively within the key of B minor."
46843,E major,"The chord progression features E major, B7, and F# minor, which are the I, V, and ii chords in the key of E major. The chroma activations confirm this, with the highest values centered on the notes E and B."
46844,A minor,"The chord sequence consistently follows the progression A minor, D minor, G major, C major, E major, which is characteristic of the A minor scale. The frequent return to the A minor chord and the V-i cadence (E major to A minor) strongly confirm A minor as the key."
46845,Eb major,"The chord sequence frequently utilizes the F:min, Bb:maj, and Eb:maj progression, which functions as a ii-V-I cadence in the key of Eb major. This tonality is reinforced by the chroma distribution, where the most prominent activations correspond to notes within the Eb major scale."
46847,E minor,"The chord sequence follows a persistent cycle of E minor, C major, D major, and B major, which corresponds to the i-VI-VII-V progression in the key of E minor. The recurring B major chord acts as the harmonic minor dominant, solidifying E minor as the tonic."
46848,A major,"The chord progression consistently features functional harmony within the key of A major, including the ii-V-I cadence (B:min7 to E:maj to A:maj) and diatonic chords such as C#:min, F#:min, and D:maj. While there are some chromatic elements like the C:maj7 and D:min, the overall harmonic foundation firmly centers on A major."
46850,D major,"The chord sequence primarily consists of D major, A major, G major, and E minor, which are all diatonic to the D major scale. The chroma activations show strong peaks at D, F#, A, and C#, which are the notes of the D major chord and the scale itself."
46852,E minor,"The chord sequence heavily features E minor, G major, B minor, and D major, all of which are diatonic to the E minor scale. Given the frequent usage of the E minor chord as the anchor for the progression, it acts as the tonal center."
46853,Bb major,"The chord progression is dominated by chords that are diatonic to the Bb major scale, specifically F7 (V), Gmin7 (vi), Amin7 (vii), Bbmaj7 (I), and Cmin7 (ii). The recurring F7 to Bbmaj7 harmonic movement, along with the resolution to Bbmaj7 at the end, strongly points to Bb major."
46854,A minor,"The chord sequence relies heavily on A minor, D minor, F major, and E major, which are standard chords in the key of A minor. The frequent returns to A minor and the high chroma activations for A and E further confirm this key center."
46855,F minor,"The chord progression frequently alternates between F major/minor chords and Ab major, which are all highly consistent with the key of F minor. The chroma activations, showing strong peaks at F and G# (Ab), provide further support for F minor as the primary tonal center."
46856,C major,"The chord sequence is dominated by the I (C), IV (F), and V (G) chords in C major, along with the vi (A minor) chord. The chroma profile further supports C major, showing the highest activation on C."
47023,A minor,"The chord sequence relies heavily on A:min, C:maj, D:min, and F:maj, which are all diatonic to the A minor scale. The strong frequency of the A:min chord, combined with the high chroma activation for the note 'A', confirms A minor as the key."
47035,C major,"The chord sequence consists of G, C, Dm, and Am, all of which are diatonic to the key of C major. The prevalence of the G chord (V) and the C chord (I), along with the final cadence on the C major chord, strongly indicates C major as the tonic."
47041,E minor,"The chord sequence is dominated by E minor, G major, and B minor chords, which are all native to the E minor scale. The high prevalence of the E minor chord and the supporting chroma activations confirm E minor as the key."
47042,A minor,"The chord progression frequently cycles through A minor, F major, D minor, and E major, which is a classic i-VI-iv-V sequence in the key of A minor. The frequent resolution of E major/E7 to A minor strongly establishes A as the tonic."
47043,F minor,"The chord sequence centers on F minor, with frequent appearances of Ab major, C# major, and the C major dominant. These harmonic relationships are characteristic of the key of F minor."
47044,E minor,"The chord sequence is dominated by E minor, which serves as the primary harmonic center, frequently alternating with D major. The presence of C major and B minor chords further supports the E minor tonality, likely within the E Dorian mode."
47068,C major,"The chord sequence is dominated by a C7 chord, which serves as a strong tonal anchor. The chroma activations, which show significant peaks for C and G along with the presence of Bb (labeled A#) and Eb (labeled D#), are consistent with a C mixolydian or blues-inflected C major tonality."
47069,Ab minor,"The chord sequence is dominated by Ab minor and Ab minor7, indicating that the song is centered in the key of Ab minor. The inclusion of B major, which is the relative major key, further reinforces this tonal center, as do the chroma peaks at G#, D#, and F#."
47070,F major,"The progression is consistently anchored around F major, with frequent returns to the tonic F chord. Supporting chords like D minor, G minor, C major, and Bb major are all standard diatonics within the F major scale, and the chroma profile, showing high values for F and C, further supports this conclusion."
47071,F minor,"The chord sequence is dominated by an Fmin7 to Bb7 vamp, which is highly characteristic of F minor. The chroma activations align well with the F minor scale, confirming this tonality."
47072,D minor,"The chord sequence consistently revolves around the D minor chord, which acts as the tonic. The use of Bb major, C major, and A minor are all standard functional chords within the key of D minor, and the chroma activations strongly support this with a concentration on D, F, and A."
47073,D minor,"The chord sequence is dominated by D minor and D minor 7 chords, which establish D as the tonal center. The supporting chords, such as F major, C major, and Bb major, are common diatonic chords within the D minor scale, confirming the key."
47075,C minor,"The song is anchored by the C minor chord, which occupies the vast majority of the provided segment's duration. While the progression includes C major and other chords like Eb major and F7, the sustained presence of the C minor chord, supported by chroma activations highlighting C, G, and D#/Eb, strongly indicates C minor as the key."
47076,D minor,"The chord sequence centers on D minor, frequently utilizing the diatonic chords D minor, Bb major, and C major. The chroma activations align with this analysis, showing significant peaks at D, A#, and C, which strongly support D minor as the tonal center."
47077,Bb major,"The chord progression is dominated by Bb major, F major, and G minor chords, which are consistent with the key of Bb major (I, V, and vi chords respectively). The chroma analysis also shows strong activations for the notes Bb, F, and A, which are central to the Bb major triad and reinforce this tonal center."
47237,E major,"The chord sequence consists of E major, A major, B7, and C# minor, which are all diatonic chords within the key of E major. The progression frequently revolves around the tonic (E), dominant (B), and subdominant (A) chords, confirming E major as the key."
47238,D major,"The harmony is centered around D, with frequent occurrences of D major, A major, and G major, which form the primary functional chords in D major. The repeated A minor to D major motif suggests a Dorian influence, but the overall tonal center remains strongly anchored to D major."
47240,D major,"The chord sequence is heavily centered on D major, with frequent use of the tonic chord, as well as occurrences of the subdominant (G major) and dominant (A major) chords. Additionally, the chroma activations show high values for D, A, and F#, which are the notes of the D major triad."
47242,G major,"The chord sequence centers heavily around G major, E minor, and C major, which are the I, vi, and IV chords in the key of G major. The recurring A major chord acts as a secondary dominant (V of V), and the presence of Bb major suggests chromatic coloring common in this harmonic context. The chroma profile, with strong activations for G, D, and A, further supports G major as the tonic."
47243,E major,"The chord sequence primarily utilizes E major, A major, and B major, corresponding to the I, IV, and V chords in the key of E major. The chroma activations reinforce this with high values for E, A, G#, and B, which are prominent notes within the E major scale."
47245,F major,"The chord sequence primarily revolves around F major and C major, with F major acting as a strong tonic. The frequent presence of F and C in the chroma activations, along with the chord progression, points to F major, where the C# chords function as a chromatic harmonic embellishment."
47343,C major,"The chord sequence is almost entirely dominated by C major and C7 chords, strongly pointing to C major. The chroma activations support this, as the most prominent pitches are C and G, which correspond to the tonic and dominant of the key."
47347,Eb major,"The chord sequence is heavily centered around the Eb major tonic, with frequent use of its subdominant (Ab major) and dominant (Bb major) chords. Although the sequence shifts toward F major and C major near the end, the primary harmonic foundation throughout the majority of the track is Eb major."
47365,G major,"The chord sequence is clearly centered on G major, featuring the I (G major), IV (C major), V (D major), vi (E minor), and iii (B minor) chords, which are all diatonic to G major. The frequent use of G major as the primary chord throughout the sequence confirms it as the tonal center."
47366,G major,"The chord sequence primarily revolves around G major, E minor, A minor, and D major chords, which corresponds to a classic I-vi-ii-V progression in G major. This is further supported by the chroma activations, which show high concentrations on the notes G, D, E, F#, and A, all of which are members of the G major scale."
47368,C major,"The harmonic progression centers around C major, F major, and D minor chords, which are all diatonic to the C major scale. The frequent recurrence of the C major chord as a primary anchor, supported by the chroma activations, strongly indicates C major as the tonal center."
47369,A major,"The chord sequence prominently features A major, F# minor, and D major chords, which function as the I, vi, and IV chords in the key of A major. The high chroma activations for A and F# further reinforce A major as the tonal center."
47371,Eb major,"The chord sequence consists almost entirely of an Eb major chord, which strongly indicates it is the tonic. The chroma activations are consistent with this, showing significant presence of the notes Eb, Bb, and G, which constitute the Eb major triad."
47454,E major,"The song is centered on the E major chord, which appears most frequently. The repeated chord progression of E-G-A is a hallmark of rock music, often associated with an E Mixolydian or blues-inflected E major tonality, which is further supported by the high chroma activation for E."
47464,Bb major,"The chord sequence is heavily dominated by the Bb:maj chord, which serves as the tonal center. The chroma activations reinforce this conclusion, showing prominent peaks at Bb (A#) and F, which correspond to the root and fifth of the Bb major scale."
47475,D major,"The chord sequence consists almost entirely of chords diatonic to the D major scale, such as D, E minor, A, B minor, G, and F# minor. This strong reliance on the I-ii-IV-V-vi functional relationships confirms the key is D major."
47477,G minor,"The harmonic progression is clearly centered around G minor, featuring frequent use of the tonic (G minor), subdominant (C minor), and dominant (D major) chords. The presence of the Bb major (the relative major) and Eb major chords further reinforces the G minor tonality, which is also supported by the chroma activations."
47478,D major,"The chord sequence consisting of A, Bm, F#m, D, and Em strongly aligns with the D major scale, where these are the V, vi, iii, I, and ii chords respectively. The chroma activations are also consistent with this key, showing prominent peaks at E, F#, A, B, and C#, all of which are notes within the D major scale."
47479,D major,"The chord sequence is heavily dominated by chords derived from the D major scale, including D major (I), F# minor (iii), E minor (ii), and A major (V). The chroma activations also strongly favor the notes within the D major scale, confirming D major as the tonal center."
47480,C major,"The chord sequence primarily oscillates between G7 and C major chords, establishing a strong V-I relationship in the key of C major. While the sequence includes a ii-V-I progression ending on G major, this appears to be a cadence or temporary modulation rather than the primary tonic of the entire piece."
47481,E major,"The chord sequence is almost entirely comprised of an E major chord, which dominates the duration of the clip. This is further supported by the chroma vector, which shows a significantly high activation for the E note."
47482,E major,"The song is centered around the E major chord, which appears most frequently and for the longest durations. The presence of chords like G major and A major in relation to the E tonic is characteristic of E major progressions with blues or mixolydian influence."
47483,A major,"The progression is centered on the A major chord, which appears for a significant duration, and utilizes chords like E major (the dominant) and C# minor (the relative minor). The presence of the G#7 chord as a secondary dominant leading to C# minor, along with the chroma profile highlighting A, C#, and E, strongly confirms A major as the key."
47515,E minor,"The chord sequence consistently features E minor, D major, C major, and B major, which forms a clear i-VII-VI-V harmonic progression in E minor. The high chroma activations for E, G, and B further support the tonal center of E minor."
47559,B major,"The chord progression is centered on the B major chord, which appears frequently throughout the sequence. The presence of E major and F# major chords further reinforces B major, while the occasional D major acts as a common borrowed chord from the parallel minor. The chroma activations further support this, with B being the most prominent pitch class."
47562,C# major,"The chord sequence is dominated by C# major and Bb minor chords, which suggests a key of C# major. The chroma profile further supports this, as the most prominent chroma activations correspond directly to the notes in the C# major scale."
47604,D major,"The chord progression relies heavily on D major, F#7, G major, and A major, which are diatonic or secondary dominant chords commonly found in the key of D major. Despite some brief, non-diatonic chords like D minor and C minor, the harmonic center remains anchored in D major throughout."
47609,F# major,"The chord sequence primarily oscillates between F# major and Eb minor, supported by the subdominant (B major) and dominant (C# major) chords. These chords form a standard I-vi-IV-V progression within the key of F# major."
47612,F major,"The chord sequence is dominated by F major, Bb major, and C major, which represent the I, IV, and V chords in the key of F major. The chroma activations, which show a strong presence of the root F, further confirm this tonal center."
47661,C major,"The progression is consistently centered on the C major chord, which serves as the tonal anchor throughout the song. Although A major and D major chords appear frequently, the overall harmonic context and the prominent C, G, and B chroma activations strongly indicate a C major tonality."
47662,A major,"The chord sequence is dominated by repeated A major and D major chords, strongly establishing A major as the tonic. The chroma analysis shows prominent A, D, and E activations, which are consistent with the notes of the A major scale."
47676,D major,"The chord sequence is heavily dominated by D major, G major, and A major, which function as the I, IV, and V chords in D major. The frequent use of D/F# (labeled as D:maj/3) acts as a typical passing chord within this progression, and the presence of C major is a common bVII chord in a major key context."
47739,A major,"The chord progression consistently features A, D, and E chords, which represent the tonic (I), subdominant (IV), and dominant (V) chords in the key of A major. The chroma activations show high values for A, E, and D, which aligns perfectly with the A major scale."
47740,A minor,"The chord sequence primarily oscillates between A minor and C major, supported by the frequent use of E major as a dominant chord and F major as a submediant, all of which are highly characteristic of the A minor tonality."
47742,A minor,"The harmonic progression is dominated by A minor (i) and E major (V) chords, which creates a strong and consistent sense of A minor. The chroma activations support this, with A and E being the most prominent notes, further confirming the key."
47767,C# major,"The piece is centered around the C# major chord, which appears prominently for a large portion of the duration. The chroma profile, with strong activations for C#, F, and G#, further supports C# major as the tonal center, despite later harmonic movement through related chords."
47771,G major,"The chord progression frequently uses chords from the G major scale, such as G, C, D, A minor, and B minor. The inclusion of a C minor chord (a common minor iv in major keys) and the chroma activations, which highlight G, B, and D, strongly support G major as the tonal center."
47860,B major,"The chord progression relies heavily on B major, E major, C# minor, and F#7 chords, which correspond to the I, IV, ii, and V chords in the key of B major. The chroma activations also support this, showing the highest concentrations on B, D#, and F#, which are the notes of the tonic triad."
47894,F major,"The chord progression is dominated by F major, Bb major, and D minor, which are the I, IV, and vi chords of the F major key. This is also well supported by the chroma activations, which show high values for the notes F, A, and Bb."
47915,D minor,"The chord sequence is dominated by D minor and D major, with D minor being the most prevalent chord by duration. The chroma activations align with the prominence of D as the root, suggesting D minor as the most appropriate key."
47916,C minor,"The chord sequence consistently revolves around C major and C minor, frequently paired with F major and G minor, pointing to C as the tonic. The chroma activations confirm this with significant weight on the note C and its minor third, D#/Eb, supporting a C minor tonality."
47917,C major,"The chord sequence is heavily centered around the C major chord, which appears repeatedly as the foundation. The inclusion of F major, E major, and Ab major suggests a C major tonality with chromatic inflections, common in popular music."
47919,D minor,"The chord sequence is dominated by frequent alternations between Bb major and D minor. The occasional appearance of A major, which serves as the dominant chord (V) for D minor, suggests that the tonic is D minor."
47920,E minor,"The chord sequence is dominated by recurring alternations between E minor and A major, which is characteristic of the E Dorian mode. The chroma activations reinforce this center, with high values for A and E, supporting E minor as the tonic."
47921,Bb major,"The song is centered around the Bb major chord, which accounts for the vast majority of the duration. The prominent A# (Bb) peak in the chroma activations further confirms Bb major as the tonic."
47922,E minor,"The chord progression frequently centers on the E minor chord, including it at both the beginning and the end. The use of chords like F major, G major, C major, and D minor is consistent with the E natural minor scale, which is commonly used in modern harmonic contexts."
47923,F major,"The chord progression is heavily anchored by F major and D minor chords, which share the same key signature of F major. The significant duration of F major, combined with the presence of C major (the dominant) and A minor (the mediant), strongly supports an F major tonal center. The chroma distribution, with high activations for F, C, and A, further reinforces this conclusion."
47924,C major,"The chord progression is dominated by C major, F major, E minor, and G major, all of which are diatonic to the key of C major. The chroma activations, with peaks at C and E, further corroborate this key assignment."
47955,F major,"The chord sequence is heavily anchored by the F:maj chord, which appears repeatedly throughout the sample. The presence of chords like Bb:maj, C:min, and Eb:maj is consistent with an F major tonality, often incorporating bVII chords which are common in rock or blues-influenced contexts."
48002,E major,"The chord sequence revolves around the tonic E major, featuring the A major (IV) and B major (V) chords, alongside the C# minor (vi) and G# minor (iii) chords. This harmonic progression is consistently diatonic to the key of E major, which is further supported by the chroma activations of E, G#, and B."
48003,C major,"The chord sequence consistently centers on C major, which appears frequently throughout the piece. The use of functional chords such as F major (IV), G major (V), and A minor (vi), along with the chromatically colored Ab major, strongly aligns with the key of C major."
48006,C# major,"The chord sequence revolves around a repetitive I-vi-ii-V progression (C# major, Bb minor, Eb minor, Ab major), which is characteristic of the C# major key. The chroma activations of C#, D#, G#, and A# consistently support this tonal center."
48055,E major,"The chord sequence heavily features E major, A major, B major, and C# minor, which are the I, IV, V, and vi chords of the E major scale. This harmonic progression, combined with high chroma activations for E and B, clearly identifies the key as E major."
48056,F major,"The chord sequence is dominated by F, Bb, and C, which function as the I, IV, and V chords in F major. Additionally, the recurring progression of A:maj to D:min serves as a secondary dominant (V/vi) leading into the relative minor, strongly supporting F major as the tonal center."
48057,C minor,"The chord progression frequently centers on C minor, using standard chords from the C minor scale such as Eb major (III), Ab major (VI), and Bb major (VII). The persistent return to C minor as a harmonic anchor, combined with the high C chroma activation, strongly supports C minor as the tonic."
48058,E minor,"The chord progression frequently oscillates between E minor and C major, with G major and A minor also being diatonic to the E minor scale. The high chroma values for B, E, and G further support a tonal center of E minor."
48059,F major,"The chord sequence consists primarily of F major, G minor, Bb major, and C major, which are the I, ii, IV, and V chords in the key of F major. The significant duration of the F major chord, combined with these diatonic relationships, strongly indicates that F major is the tonic key."
48060,E major,"The chord sequence heavily features E major, A major, and B major, which correspond to the I, IV, and V chords in the key of E major. The chroma profile, with its highest activations on E, G# (Ab), A, and B, strongly confirms E major as the tonal center."
48062,G major,"The chord sequence consists primarily of G major, C major, and D major chords, which are the I, IV, and V chords in the key of G major. This repetitive harmonic structure, combined with a chroma profile that highlights the notes of the G major scale, strongly confirms G major as the key."
48063,C major,"The chord progression frequently alternates between C major and A minor, but the functional cadences such as F major to G major to C major, combined with the longer total duration of the C major chords, strongly indicate C major as the tonic. The chroma distribution also reflects the C major triad (C, E, G) quite prominently."
48119,G minor,"The chord sequence is overwhelmingly dominated by the G minor chord, which accounts for nearly the entire duration of the clip. The chroma activations, which show significant peaks for G and D, further reinforce G minor as the tonal center."
48123,C minor,"The chord sequence is heavily anchored by the C minor chord acting as the tonic and the G major chord serving as the dominant, representing a standard i-V harmonic relationship in the key of C minor. The chroma activations show a clear emphasis on C, further supporting C minor as the key."
48125,Ab minor,"The chord progression is dominated by Ab minor, C# minor, and F# major chords, which are all characteristic of the Ab minor scale. The chroma activations showing high intensity for notes such as C#, D#, G#, and A# further confirm the key of Ab minor (enharmonically equivalent to G# minor)."
48139,D major,"The chord progression is dominated by D major, A major, G major, and B minor, which are all diatonic chords within the key of D major. The chroma activations showing high values for D, A, and F# strongly support this analysis."
48140,G major,"The progression is centered around the G major tonic, with frequent use of the I (G), IV (C), V (D), ii (A minor), and iii (B minor) chords. The resolution to G major throughout the sequence strongly confirms G major as the key."
48141,G major,"The chord progression consistently revolves around G major, D major (or D7), A minor, and C major, which are all diatonic to the G major scale. The high activation levels for G and D in the chroma analysis further reinforce G major as the tonal center."
48142,C major,"The chord sequence centers heavily on the C major triad, which appears throughout the track and functions as the primary tonal anchor. The accompanying chords, such as F major, G major, D minor, and A minor, are standard diatonic chords within the key of C major, with E major acting as a secondary dominant (V/vi) to lead to A minor."
48143,A major,"The chord sequence is dominated by A major (I), D major (IV), E major (V), and F# minor (vi), which are all diatonic to the A major scale. The frequent return to A major and the chroma activations, which show A as the most prominent pitch center, strongly confirm A major as the key."
48144,D major,"The chord sequence prominently features the tonic (D major), subdominant (G major), and dominant (A major) chords, which are the primary chords in the key of D major. This is further supported by the chroma activations, which show strong peaks at D, A, and C#, all of which are defining notes of the D major scale."
48145,C major,"The song's chord progression prominently features C major, F major, G major, A minor, and D minor, all of which are diatonic to the C major scale. The high frequency of C major chords, along with the chroma activations identifying C and G as the most prominent notes, strongly indicate that the song is in the key of C major."
48146,G major,"The chord sequence primarily consists of G, C, Em, Am, and D, which are all diatonic to the key of G major. The frequent return to the G major chord and the chroma profile, which highlights G, B, and D, strongly confirm G major as the tonic."
48147,Eb major,"The chord sequence is dominated by Eb major, Ab major, and Bb major, which correspond to the I, IV, and V chords in the key of Eb major. The inclusion of C minor as a vi chord and the overall frequent return to the Eb major tonic clearly establish Eb major as the key."
48148,D major,"The chord progression consists of D major, B minor, G major, and A major, which are all diatonic chords in the key of D major. Given the frequent and sustained use of the D major chord, it functions clearly as the tonic."
48149,G major,"The chord sequence consists primarily of G major, C major, and D major chords, which clearly represent a I-IV-V harmonic progression in the key of G major. The chroma activations support this with prominent values for G, D, and F#, which are all notes within the G major scale."
48173,B minor,"The chord progression is characterized by an alternating pattern between B minor and F# major, which corresponds to a i-V progression, strongly indicating that the key is B minor."
48175,Eb major,"The chord progression heavily centers on Eb major and Ab major chords, which are the I and IV chords in the key of Eb major. The chroma activations are also highly consistent with the notes of the Eb major scale."
48176,A minor,"The chord sequence is dominated by A minor and E minor, which strongly establish A minor as the tonic. The harmonic movement between the tonic (i) and the minor dominant (v), along with the prominence of A and E in the chroma profile, confirms A minor as the key."
48177,A major,"The chord sequence features multiple cadences to A major, including common progressions like D-E-A and C#min-D-E-A. The inclusion of chords such as B minor, C# minor, and D major, combined with the strong chroma activations for A, E, and C#, consistently points toward the key of A major."
48178,Eb minor,"The song is dominated by the Eb minor chord, which sustains for the majority of the duration, strongly suggesting it as the tonic. The alternating pattern between Ab minor and Eb minor further reinforces this tonality."
48180,Bb major,"The chord sequence relies heavily on Bb major, G minor, and F major chords, which are the primary functional chords in the key of Bb major. The consistent presence of Eb major, C minor, and D minor chords further supports this tonal center, and the chroma activations peak at Bb, G, F, and C, confirming the key."
48182,Ab major,"The chord sequence is dominated by repeated Ab major and Ab minor chords, with the Ab major chords appearing for the longest durations. The chroma data strongly supports an Ab tonal center due to the high activation of the G#/Ab pitch class."
48183,C major,"The chord sequence is composed primarily of chords within the C major scale, including I (C), IV (F), V (G), ii (Dm), and vi (Am). The heavy emphasis on these chords, particularly C major and its dominant (G major) and subdominant (F major) functions, strongly indicates C major as the tonal center, which is also supported by the chroma activations."
48184,E minor,"The chord sequence consists primarily of unrecognized segments, with E minor as the only identifiable chord. The chroma activations reinforce this, as E is the most prominent pitch."
48185,C major,"The chord sequence centers on the alternating relationship between C major and G major, which functions as a I-V progression in C major. Although C minor is used periodically, it acts as a modal inflection, and the chroma activations further emphasize the importance of C and G as tonal pillars."
48186,C minor,"The chord sequence consists almost entirely of an alternation between C minor and G major, which function as the tonic (i) and dominant (V) chords in C minor. This harmonic progression, supported by the strong chroma activations for C and G, clearly establishes C minor as the key."
48187,D minor,"The chord sequence exclusively alternates between D minor and C major, which are the i and VII chords in D minor (Dorian mode). The repeated emphasis on D minor as the anchoring chord identifies it as the tonic."
48188,Bb minor,"The chord sequence consists almost entirely of a Bb minor chord, which strongly indicates Bb minor as the key. The chroma activations support this by showing A# (enharmonically Bb) as the most prominent pitch class throughout the segment."
48189,Bb major,"The chord sequence is composed primarily of Bb major, Eb major, and F major, which are the I, IV, and V chords in the key of Bb major. Despite the presence of a brief C# major chord near the end, the frequent repetition of the tonic, subdominant, and dominant chords firmly establishes Bb major as the song's key."
48194,A minor,"The chord progression consistently centers around A minor, G major, F major, and E minor, which strongly suggests the key of A minor. The chroma activations further support this, as the most prominent notes (A, E, D, and C) are all diatonic to the A natural minor scale."
48195,F# minor,"The chord sequence is heavily anchored around F# minor, frequently using the C#:7 dominant chord to reinforce this tonic. The chroma distribution supports this, showing significant activations for notes in the F# minor scale, particularly F#, G#, A, and C#."
48198,D minor,"The chord sequence primarily revolves around D minor and E minor, with additional support from C major and Bb major chords. Given the prominence of D minor as the tonal center, particularly with the extended duration of the D minor7 chord, D minor is the most appropriate key assignment."
48199,C major,"The chord sequence consists primarily of C major, F major, and A minor, which are all diatonic to the C major scale. The frequent alternation between C major and F major, combined with the presence of E minor rather than E major, strongly supports the key of C major."
48202,G minor,"The harmony is heavily centered around the G minor chord, which appears frequently throughout the sequence. The surrounding chords, such as F major, Eb major, C minor, and D major, are common in the key of G minor, and the chroma profile supports this analysis with high activations for G, A, and D."
48203,D minor,"The chord sequence is heavily anchored around D minor, often transitioning to F major and A minor, which are primary chords in the D minor key. The occasional appearance of A major indicates the use of the D harmonic minor scale, further confirming D minor as the tonal center."
48204,C# minor,The chord sequence is dominated by a C# minor chord for the vast majority of the duration provided. This strong harmonic consistency points directly to C# minor as the key.
48205,G minor,"The chord sequence is composed of G minor and D minor chords, which represent the tonic and dominant in the key of G minor, respectively. Given that these are the only chords identified, G minor is the clear harmonic center."
48206,Eb minor,"The chord sequence explicitly identifies an Eb minor chord, which is the only harmonic information provided. This is supported by the chroma vector, which shows a significant peak at D# (the enharmonic equivalent of Eb), confirming Eb minor as the key."
48216,Ab major,"The chord progression is heavily dominated by Ab major, which accounts for the majority of the song's duration and functions as the tonal center. The supporting chords, Eb major and C minor, are both diatonic to the key of Ab major, further confirming this tonal center."
48223,E major,"The chord progression is dominated by an oscillation between E major and C# minor/major, which strongly suggests E major as the tonic (I) and C# minor as its relative minor (vi). While the piece later introduces D major and F major chords, the recurring emphasis on E and C# throughout the sequence points to E major as the primary key."
48241,C major,"The chord progression repeatedly cycles through F, G, and C chords, which represents a standard IV-V-I progression in the key of C major. The chroma activations, which show strong values for C, G, and A, are consistent with this tonal center."
48242,Bb minor,"The chord progression frequently alternates between Eb minor and Bb minor, which are both diatonic chords in the key of Bb minor. The chroma activations strongly feature Bb, Eb, and Ab, further confirming Bb minor as the tonal center."
48243,G major,"The chord progression predominantly uses chords that are either diatonic or common secondary dominants in the key of G major, such as G, Am, Bm, C, D, and A. The repeating sequence of Bm-Am-G functions as a iii-ii-I progression, and the closing section (A-D-G-C-Am-D-A) follows a standard cycle of fifths and secondary dominant movement characteristic of G major."
48244,F# minor,"The chord progression is dominated by the constant alternation between F# minor and E major chords, with occasional A major chords. Given the persistent focus on F# minor as the primary chord in the sequence, it serves as the tonic, a conclusion reinforced by the high chroma activations for the notes F#, A, C#, and E."
48245,E minor,"The chord sequence is dominated by E minor, G major, and A major/minor chords, with E minor consistently acting as the tonal center. The prevalence of these chords suggests an E minor key, likely with a Dorian influence given the frequent use of the A major chord."
48247,C major,"The harmony oscillates consistently between C major and D chords (both major and minor), which is characteristic of a C major context using modal interchange or a Mixolydian-inflected progression. The prevalence and stability of the C major chord suggest it acts as the tonic."
48248,G major,"The chord sequence consists of C major, E minor, G major, and D major, which are the IV, vi, I, and V chords in the key of G major. The high chroma activation for G also strongly supports G as the tonic note."
48249,Bb major,"The chord sequence consists of an oscillation between Eb major and Bb major chords, which functions as a standard IV-I progression in the key of Bb major. This harmonic analysis is supported by the chroma activations, which show high prominence for the notes Bb (A#), D, Eb (D#), F, and G, all of which are primary notes in the Bb major scale."
48290,D minor,"The harmony is centered clearly on the D root, with significant durations of both D minor and D major chords. As D minor appears for a longer duration, it is the most likely tonic key for the piece."
48291,G major,"The chord sequence is dominated by G major, C major, and D major, which form a classic I-IV-V progression in the key of G major. The occasional B minor chord functions naturally as the iii chord within this key, confirming G major as the tonic."
48293,C major,"The chord sequence consistently features chords diatonic to the C major scale, including C major, A minor, D minor, F major, and G major. The frequent return to C major as a resolution point and the overall harmonic structure strongly indicate that C major is the tonic key."
48294,G minor,"The chord sequence is dominated by G minor, often moving to Eb major (VI) and D7 (V7), which is a characteristic progression for G minor. The chroma activations are also consistent with this, showing high values for G, D, and A# (Bb), which are the primary notes of the G minor triad."
48297,Bb major,"The harmonic progression prominently features the tonic (Bb), subdominant (Eb), dominant (F), and the mediant (Dm), which are all characteristic of the Bb major key. The inclusion of C major acts as a common secondary dominant (V/V), further supporting Bb major as the tonal center."
48612,A major,"The chord sequence consists primarily of alternating A major and D major chords, which strongly suggests a I-IV relationship in the key of A major. The chroma activations are dominated by the note A, further reinforcing this conclusion."
48615,E major,"The chord sequence oscillates primarily between E major and A major, which function as the tonic (I) and subdominant (IV) chords in the key of E major. This is reinforced by the chroma profile, which shows strong peaks at E and A."
48616,B minor,"The chord sequence heavily features B minor as the primary tonal center, frequently alternating with E minor and A major, which are common chords in the B minor scale. The high chroma values for B, E, and A further reinforce B minor as the tonic."
48618,G minor,"The chord sequence is dominated by a G minor chord, which accounts for nearly the entire duration of the clip. The presence of D minor and Bb major further supports G minor as the tonic, and the chroma activations show a clear preference for the notes G, Bb, and D."
48619,C major,"The chord sequence prominently features the C major chord alongside the subdominant (F major) and dominant (G major) chords, which are characteristic of the C major key. The inclusion of the D minor chord (the ii chord) further reinforces this tonal center."
48620,D minor,"The chord sequence is heavily centered around D minor, with frequent appearances of D minor, G major, and A minor/major chords. This progression is characteristic of the D minor key, and the chroma activations, which are highest at D, F, and A, provide strong supporting evidence for this tonic."
48621,B major,"The progression is centered around the B major chord and frequently uses diatonic chords from the B major scale, including E major (IV), F# major (V), C# minor (ii), and Ab minor (vi). The chroma activations also strongly support B major, with the highest values corresponding to the notes B, F#, and D#, which form the tonic triad."
48622,B major,"The chord sequence heavily features B major, E major, and F# major chords, which represent the I, IV, and V chords in the key of B major. The chroma activations further support this, with high values for B, F#, and E."
48789,Ab minor,"The chord sequence is almost entirely dominated by an Ab minor chord, which persists for the vast majority of the song duration. This tonic center is strongly supported by the chroma activations, which show significant peaks at G# and D#, confirming an Ab minor tonality."
48957,A major,"The chord sequence is dominated by an A major chord. The chroma activations reinforce this with significant presence of A, C#, and E, which are the notes of the A major triad."
48961,D major,"The chord sequence consists almost entirely of a D major chord, which strongly indicates that D is the tonic. This is supported by the chroma activations, which show D and F# as the most prominent notes."
48969,C major,"The chord sequence is dominated by a sustained C major chord, which strongly points to C major as the tonal center. This is further corroborated by the chroma activations, where C, G, and D—all notes within the C major scale—are among the most prominent."
49088,C major,"The chord sequence is heavily dominated by F major and C major chords, which are the IV and I chords in C major. The presence of E minor (the iii chord) and A minor (the vi chord) also supports this key, with B7 functioning as a secondary dominant to E minor. The chroma activations for C, E, and G are all high, further reinforcing the conclusion of C major."
49090,G minor,"The chord sequence is heavily centered around G minor and its dominant chord, D major/dominant 7th, establishing a clear tonic-dominant relationship. The presence of related chords like C minor and Eb major further supports the G minor key, and the high chroma activations for G and D strongly corroborate this analysis."
49093,A major,"The progression frequently features A major, D major, and C# minor, which are the I, IV, and iii chords of the A major scale, respectively. Although the C major chord acts as a chromatic color chord, the harmonic center remains anchored in A major."
49097,D minor,"The chord progression frequently centers on D minor, utilizing diatonic chords such as F major, C major, and Bb major. The chroma profile further supports D minor with strong activations on D, F, A, and Bb."
49098,D minor,"The chord sequence is heavily centered around the D minor chord, frequently incorporating G minor (the iv) and A major (the V) chords. This progression represents a standard i-iv-V harmonic structure in D minor, which is further supported by the chroma activations showing strong values for D, F, and A."
49132,F major,"The chord sequence centers around F major and D minor, which are the tonic and relative minor in the key of F major. The prominence of F and A in the chroma activations further supports this tonal center."
49296,F major,"The harmonic sequence is dominated by an F major chord, which functions as the tonic. The use of G minor (the ii chord) and Bb minor (a common borrowed iv chord in F major) strongly supports the key of F major."
49430,G major,"The chord progression is dominated by G major and C major, with additional support from E minor and A minor, all of which are diatonic to the G major scale. Given that G major is the most frequent chord and the chroma data shows a strong emphasis on G, G major is the most logical choice."
49438,C major,"The sequence alternates between C major and F minor, with C major serving as the stable tonic. This use of the minor subdominant (F minor) in a major key is a common harmonic device, and the chroma profile confirms the centrality of C, E, and G."
49637,D minor,"The chord sequence, consisting of D minor, A7, and Bb major, strongly indicates a D minor tonality, with A7 serving as the dominant chord and D minor as the tonic. This is well supported by the chroma activations, which show D and A as prominent pitches."
49638,Bb major,"The chord sequence is dominated by Bb major and F major chords, which correspond to the tonic and dominant chords in the key of Bb major. The chroma activations corroborate this with high prominence of Bb (labeled as A#) and F notes."
49639,A minor,"The chord sequence is dominated by repeated alternating patterns between A minor and G major, which is common in modal rock music. The presence of E major, which acts as the dominant (V) chord for A minor, further reinforces the tonic as A, and the chroma activations (A, E, D, G, G#) strongly align with the A minor scale and the harmonic minor leading tone."
49640,E major,"The chord sequence is dominated by the E major chord, which appears repeatedly throughout the recording and has the longest cumulative duration. The chroma analysis also indicates strong E and B activity, further supporting E major as the tonic."
49641,A major,"The chord sequence is dominated by an A major chord, which comprises the majority of the duration. Additionally, the chroma analysis shows a strong peak at A, supporting A as the tonic."
49642,E minor,"The song's harmony is centered on E minor, featuring a prominent E minor chord and frequent use of the dominant B major chord. Other chords such as C major and G major are consistent with the E minor key, confirming it as the tonal center."
49643,E minor,"The chord sequence is heavily dominated by E minor, which appears as the most frequent chord. Supporting chords such as G major, B minor, and F# minor are all diatonic to the key of E minor (especially when considering the Dorian mode), and the chroma activations strongly align with the notes of the E minor scale, with prominent E, G, and B."
49830,A major,"The chord sequence centers on the A major chord, which serves as the tonal anchor throughout the progression. The inclusion of the E major, F major, and G major chords creates an I-V-bVI-bVII progression, a common harmonic structure in rock music that utilizes modal mixture to establish A as the tonic."
49831,G major,"The chord sequence consists primarily of G major, C major, and D major chords, which follow a clear I-IV-V progression centered around G major. The high chroma activations for G, C, and D further confirm G as the tonic note."
49832,C major,"The progression is centered around C major, utilizing a repeating C-Bb-F pattern which is characteristic of C Mixolydian or blues-influenced C major harmony. The dominance of the C major chord and the chroma peaks at C and G confirm C as the tonic."
49833,A major,"The chord progression is dominated by an A major tonic, along with E minor and G major chords, which are characteristic of A Mixolydian or an A-centric rock context. This tonic is strongly supported by the chroma activations, which show A as the most prominent pitch."
49836,D major,"The chord sequence is dominated by the D major chord, with secondary chords C major (the flat VII chord) and E minor (the ii chord) frequently appearing, which is characteristic of the D Mixolydian mode, often categorized under D major."
49837,Bb major,"The chord sequence is heavily centered on Bb:maj, which appears most frequently and with the longest durations, establishing it as the tonic. While chromatic chords like F#:maj are present, the overall harmonic content and the chroma profile (with high activations for Bb, F, and D) strongly support a key of Bb major."
49838,C major,"The chord sequence heavily utilizes C major, E minor, G major, F major, and A minor, which are all diatonic chords within the C major scale. The chroma activations show high values for C, G, and E, strongly reinforcing the key of C major."
49842,A minor,"The chord sequence is dominated by the A minor chord and includes functional progressions such as D minor and E7 leading back to A minor, which are characteristic of the A minor key. Additionally, the chroma activations show high values for A, C, and E, confirming A minor as the primary tonal center."
49847,B major,"The chord progression repeatedly alternates between B major and E major, which function as the I and IV chords in the key of B major. The chroma activations provide additional evidence for this key, with prominent values for the tonic B, the dominant F#, and other notes belonging to the B major scale."
49848,Eb major,"The chord progression consistently uses Eb major, C minor, and Ab major, which corresponds to the I-vi-IV progression in the key of Eb major. This key is further supported by the chroma activations, which show significant weight on the tonic, subdominant, and relative minor notes (Eb, C, and Bb)."
49849,A major,"The chord sequence consists primarily of A, D, and E chords, which function as the I, IV, and V chords in the key of A major. The chroma profile supports this, with the highest activations corresponding to the notes A, C#, and E, which form the A major triad."
50048,E minor,"The chord progression is centered on E minor, which appears as the most frequent and stabilizing chord. The usage of chords such as C major, G major, and D major is consistent with the G major or E natural minor scale, with the heavy emphasis on E minor identifying it as the tonic."
50049,E minor,"The chord sequence is heavily anchored by the E minor chord and includes several other chords such as G major, C major, A minor, and D major, which are all diatonic to the E minor scale. The chroma activations support this with high peaks in D, G, and E, which are fundamental tones in the key of E minor."
50051,B minor,"The chord progression primarily utilizes B minor, G major, F# minor, and D major, all of which are diatonic to the B minor scale. The frequency and long duration of the B minor chord, particularly at the end, strongly confirm it as the tonal center."
50053,F major,"The chord sequence is composed almost entirely of chords belonging to the F major scale, including the tonic (F major), the subdominant (Bb major), the dominant (C major), and the vi chord (D minor). The presence of these chords, along with the high chroma activations for E, D, and F, strongly supports F major as the tonic."
50054,E minor,"The chord sequence heavily features E:min, G:maj, C:maj, and A:min, all of which are diatonic to the E minor scale. Given the frequent repetition of this progression and the sustained emphasis on the E:min chord, E minor is the most appropriate key."
50055,D major,"The chord sequence consists primarily of chords within the D major diatonic scale, including D major (I), G major (IV), A major (V), and B minor (vi). The chroma activations show a high concentration of the notes D, F#, A, and G, which further confirms that the key is D major."
50061,C# minor,"The chord progression primarily alternates between C# minor and A major, which is consistent with the key of C# minor. The chroma activations show a strong emphasis on C#, E, and G#, which are the notes of the C# minor triad, reinforcing this tonal center."
50092,G major,"The chord sequence consists primarily of chords belonging to the G major scale, such as G major, C major, D major, E minor, and B minor. The chroma profile further supports this with strong activations for G, B, and F#, which are key notes within the G major tonality."
50096,D major,"The chord sequence primarily revolves around D major, G major, B minor, and F# minor, which are all diatonic chords within the D major key. The predominance of D major and the presence of these related chords strongly establish D major as the tonal center."
50099,E major,The chord sequence consists almost entirely of an E major chord for 47 seconds of the 60-second duration. This overwhelming presence of the E major chord strongly indicates that the key is E major.
50267,D minor,"The progression is consistently centered on D:min and A:min, with frequent usage of Bb:maj as a common submediant chord. The combination of these chords and the high chroma activations for the tonic D and dominant A strongly indicate D minor as the key."
50272,E minor,"The chord progression consistently alternates between E minor and G major chords, which are the tonic and relative major in the key of E minor. This is further supported by the chroma profile, which shows the highest activations on the notes E, G, and B, consistent with an E minor tonic triad."
50282,D major,"The harmony is dominated by the D major chord, with the C major chord appearing as a frequent bVII, characteristic of the D Mixolydian mode. Given the strong persistence of the D chord throughout the sequence, D major is the most appropriate key classification."
50298,B major,"The harmonic progression primarily alternates between B major and E major, which function as the tonic and subdominant in the key of B major. This analysis is supported by the high chroma activation for B and the frequent, sustained occurrences of the B major chord, including the final chord of the sequence."
50370,Eb major,"The chord sequence is centered around the Eb major tonic, featuring frequent use of Eb major and related diatonic chords like Gm7, Cm7, and Bb7. The chroma activations further support this, with strong peaks at Eb, F, and G, which are primary notes within the Eb major scale."
50419,C major,"The chord sequence consists of G major, C major, and F major, which correspond to the V, I, and IV chords in the key of C major. The prevalence of C major and the functional harmonic progression between these chords strongly indicate C major as the tonic."
50423,C major,"The chord progression is entirely composed of chords from the C major diatonic scale, including the tonic (C), the subdominant (F), and the dominant (G). The frequent use of C major as a central chord further supports C major as the key."
50424,G minor,"The chord sequence is heavily centered on G minor, with frequent transitions between G minor and D minor, which function as the tonic and dominant chords in the key of G minor. The chroma profile further supports this, showing significant activations for D, F, G, and A, which are the main notes of the G minor chord and scale."
50450,A minor,"The chord sequence heavily utilizes chords diatonic to the A minor scale, such as A minor, F major, and D minor, starting and returning to A minor frequently. The prominent chroma activations for A, C, E, and F further support A minor as the tonic."
50451,D major,"The chord sequence consistently features D major, G major, A major, B minor, and E minor, which strongly indicate a D major tonality. The prominence of these chords, along with the standard ii-V-I cadential movement at the end, confirms D major as the tonal center."
50453,Ab minor,"The chord sequence heavily features the Ab minor chord, accompanied by C# minor, E major, and F# major. These chords are all diatonic to the Ab minor scale (enharmonically G# minor), confirming the key."
50454,Bb major,"The chord sequence consists of a repetitive alternation between Eb major and F major, which function as the IV and V chords respectively in the key of Bb major. This progression is a very common harmonic pattern that establishes the tonic Bb."
50455,E minor,"The chord progression is heavily anchored around E minor, with frequent motifs consisting of F, G, and A:min leading into E:min. This structure is consistent with the E minor scale, and the chroma activations, particularly the prominence of E and G, further support E minor as the tonal center."
50456,F# minor,"The song predominantly features F# minor, A major, and C# minor chords, all of which are diatonic to the F# minor key. The chroma analysis strongly supports this, as the highest activations are on the notes F#, C#, E, G#, and A, which are the core pitches of the F# minor scale."
50457,C# minor,"The chord sequence consists primarily of C# minor, Ab minor (enharmonic to G# minor), and B major, which form a common progression within the C# minor key (i-v-VII). The chroma activations, which show strong values for C#, G#, and B, further reinforce this tonal center."
50464,G major,"The chord sequence consists primarily of G major, D major, B minor, and C major chords, which are all diatonic to the G major key. The chroma activations show strong peaks at G, D, and B, providing further evidence that G major is the tonic center."
50539,C major,"The chord sequence primarily oscillates between C major and F major, which act as the I and IV chords in the key of C major. The inclusion of E minor as the iii chord further reinforces C major as the tonal center."
50544,C major,"The progression consistently alternates between C major and F major, establishing C as the clear tonic. This is further reinforced by the high chroma activations for C and G, confirming C major as the key."
50595,D minor,"The chord sequence consistently revolves around D minor and F major, utilizing harmonic functions typical of the D minor key, such as the IV (G minor), VI (Bb major), and V (A major). Given that D minor is frequently established as the grounding tonic chord, it is the most appropriate choice for the key."
50619,D major,"The chord sequence centers around D major, with strong support from frequently appearing chords such as G major (IV) and B minor (vi), as well as F# major and E major which function as secondary dominants. The chroma activations are dominated by D, F#, and A, which are the primary notes of the D major triad, further confirming this key."
50623,D major,"The chord sequence consists primarily of D major, G major, and B minor, which correspond to the I, IV, and vi chords in the key of D major. The inclusion of the A major chord (the V chord) at the end further reinforces D major as the tonal center."
50723,C major,"The chord sequence consists almost exclusively of alternating C major and F major chords, which establishes a clear I-IV harmonic progression in the key of C major. The high frequency of C major chords throughout the sample confirms C as the stable tonic."
50724,C major,"The chord sequence prominently features the C major chord as a central anchor. The inclusion of common functional chords like A minor, D minor, and the borrowed minor iv chord (F minor) reinforces C major as the tonal center."
50725,D major,"The chord sequence centers on D major, utilizing chords like D, G, A, Bmin, and Emin, which are all diatonic to the D major scale. The frequent ii-V-I progression (Emin-A-D) and the chroma activations, which show significant weight on D and E, strongly support D major as the tonic."
50726,Eb major,"The chord sequence is dominated by the Eb major triad, which acts as the tonic. The use of Bb major and Ab major chords corresponds to the V and IV chords in the key of Eb major, and the strong D# (enharmonic to Eb) chroma activation further supports this analysis."
50727,Bb major,"The chord sequence consists primarily of Bb major, G minor, Eb major, and F major, all of which are diatonic to the key of Bb major. The alternation between Bb major and G minor, along with the consistent chroma profile supporting the notes of the Bb major scale, strongly confirms Bb major as the key."
50728,G major,"The chord sequence consistently features G major, E minor, D major, and C major, all of which are diatonic to the key of G major. The high chroma activation for G also provides strong support for G as the tonic."
50729,A major,"The chord sequence consists primarily of A major, F# minor, E major, and D major, which are the I, vi, V, and IV chords in the key of A major. The chroma profile, with high values for A, C#, and G#, further supports this tonal center."
50730,D minor,"The progression is heavily centered around D minor and Bb major, which act as the i and VI chords in the key of D minor. The consistent use of D minor as the root and the presence of supporting chords like F major and C major strongly indicate D minor as the key."
50731,B minor,"The chord sequence consistently revolves around B minor, F# minor, G major 7, and A major, which strongly outlines a B minor tonality (i-v-VI-VII). This is supported by the chroma activations, which show the highest peaks at B and F#, further reinforcing B minor as the key."
50732,D major,"The chord progression is dominated by D major, A major, G major, B minor, and F# minor, which are all diatonic chords within the key of D major. The chroma profile further supports this, with the highest activations occurring on D, A, C#, F#, and B, consistent with the notes of the D major scale."
50740,F major,"The song's chord progression is heavily dominated by F major, C minor, and Bb major chords, establishing F as the clear tonal center. This harmonic foundation is reinforced by the chroma distribution, which shows high activations for F, C, and Bb/A#."
50741,A minor,"The chord sequence consistently revolves around A minor as the tonic, incorporating D major, which is characteristic of the A Dorian mode, and E major, which is typical of A harmonic minor. The presence of C, G, and F major chords further reinforces the A minor/C major relative key relationship."
50742,D major,"The chord progression is dominated by D, G, and A chords, which represent the I, IV, and V chords in the key of D major. The chroma profile further supports this key, showing strong activations for the notes D, A, E, F#, and G, all of which are characteristic of the D major scale."
50743,D major,"The chord sequence consists entirely of chords found in the D major diatonic scale, specifically the I (D), IV (G), V (A), and vi (Bm) chords. The chroma profile further supports this key, showing strong activations for the notes D, F#, and A, which correspond to the tonic triad."
50835,F major,"The chord sequence is composed of F major, C major, Bb major, and G minor, which represent the I, V, IV, and ii chords in the key of F major. The chroma activations further support this by showing strong peaks at notes F, G, A, and Bb, which are all prominent members of the F major scale."
50860,C# minor,"The chord sequence oscillates between C# minor and B major, which are the tonic (i) and subtonic (VII) chords of the C# minor scale. The chroma activations support this, with C# and B being among the most prominent notes."
50862,C major,"The frequent occurrence of C major and G major chords strongly defines the tonal center as C major. The presence of Ab major and F minor, while outside the standard diatonic chords of C major, are common borrowed chords (the bVI and iv chords, respectively) often used in this key."
50863,C minor,"The chord sequence explicitly identifies C minor as the recurring harmonic material, and the chroma activation profile shows significant energy at the tonic (C) and the minor third (D#/Eb), both of which strongly support C minor as the key."
50864,E major,"The progression centers around the E major chord, which has the longest cumulative duration, supported by frequent appearances of A major and D major. The high E chroma activation corroborates the choice of E as the tonic in a major key."
50865,G major,"The song predominantly cycles through G major, F major, and A major/minor chords. G major is the most frequent and long-lasting chord, and the chroma analysis shows a clear peak on G, making G major the most likely tonic."
50868,F minor,"The chord sequence is dominated by F minor and its closely related diatonic chords, such as C minor (v) and Eb major (VII), with Db major (labeled here as C#:maj) also functioning as the submediant (VI). Although there is a prominent F major chord, the overwhelming prevalence of F minor and its functional context point to F minor as the tonic."
50869,B major,"The chord progression is centered around B major, frequently utilizing B major, C# major, and the dominant F# major. The chroma activations further support this, with strong peaks at B, F#, D#, and G# (Ab), all of which are diatonic to the key of B major."
50882,D minor,"The harmonic progression is centered around D minor and G minor, which frequently function as the tonic and subdominant respectively. The presence of C major and F major chords further reinforces the D minor tonality, as these are common diatonic chords in that key."
50891,E minor,"The chord sequence is overwhelmingly dominated by E minor and E minor 7, which together account for approximately 48 seconds of the 60-second duration. Despite the appearance of a G minor chord, E minor is the most consistent tonal center identified throughout the segment."
50892,A major,"The chord sequence is dominated by frequent A major and D major chords, which reflects a standard I-IV progression in the key of A major. While there is an A minor chord towards the end, the prevailing harmonic weight remains clearly rooted in A major."
50905,C minor,"The chord sequence consistently features a i-iv-V progression (C minor, F minor, G major), which is a standard harmonic pattern in the key of C minor. The chroma activations are also consistent with this key, showing high prominence for the tonic and dominant notes, C and G."
50910,C minor,"The progression is centered around the relationship between C minor and G major (the i and V chords in C minor). While it ends on a C major chord, the majority of the harmonic activity is clearly rooted in C minor, supported by the prominent C and G chroma activations."
50911,A major,"The chord progression is primarily centered around the A major chord, which acts as the tonic. The use of D major acts as the IV chord in this progression, and the chroma activations are heavily dominated by the pitch A, strongly indicating an A major tonality."
50912,C major,"The chord sequence is composed almost entirely of chords diatonic to the C major scale, such as A minor, B half-diminished, C major, and G major. The progression concludes with a strong V-I cadence (G major to C major), and this key is strongly supported by the chroma activations with high peaks at C, G, and E."
50913,C minor,"The chord sequence relies heavily on C minor as the tonic, with frequent use of functional chords such as F minor (iv), G7 (V), and Ab major (VI). The prominence of C, G, and Eb (noted as D#) in the chroma activations further confirms C minor as the home key."
50914,F major,"The chord sequence consists of Bb, C, F, G minor, and A minor, which are all diatonic to the F major scale. The frequent use of these chords and the presence of ii-V-I type progressions (G minor to C to F) confirm F major as the key."
50927,D minor,"The chord sequence is dominated by the D minor (i), A major (V), and Bb major (VI) chords, which are characteristic of the D minor key. The frequent repetition of D minor and its consistent use as the final cadence confirm it as the tonic."
50928,C minor,"The chord sequence centers on C:min, frequently utilizing F:min (iv) and G:maj (V) to reinforce this tonal center. The chroma activations are also dominated by C and G, which further supports C minor as the prevailing key."
50936,C major,"The chord sequence consists almost entirely of chords within the C major scale, such as C, F, G, E minor, and D minor, with a frequent return to the tonic C chord. The chroma activations further support this, showing the highest peaks at C, G, and E."
50939,C major,"The chord sequence frequently returns to C major and G major, which strongly establishes C as the tonic. This is further supported by the chroma activations, which show the strongest activity at C and G."
50940,C minor,"The chord sequence consistently oscillates between C minor and Ab major, which strongly indicates C minor as the tonic. Occasional appearances of Bb major, G minor, and G major further reinforce the C minor tonality."
50944,D minor,"The chord sequence prominently features D minor, G minor, A major, and Bb major, which are strongly associated with the key of D minor. The inclusion of A major, the dominant of D minor, and the significant chroma activations for D and A further support D minor as the tonal center."
50946,D minor,"The harmonic progression frequently alternates between D major and D minor chords, with G minor/D chords reinforcing a strong tonal center on D. The chroma profile, which highlights D and A, supports this analysis, and the inclusion of the G minor chord (the subdominant in D minor) makes D minor the most logical key."
50952,A major,"The chord sequence primarily oscillates between D major and E major before settling into A major and G major, which function as the IV, V, I, and bVII chords in the key of A major. This harmonic structure is characteristic of the A Mixolydian mode or rock-based progressions, which is further supported by the provided chroma activations."
50954,C minor,"The chord progression frequently centers on C minor, employing G major and G7 chords as a dominant resolution, which strongly confirms the tonic. Furthermore, the accompanying chords like Eb major, Bb major, and D minor are consistent with the C minor scale, and the chroma data reflects high concentrations of the root (C) and dominant (G)."
50955,C major,"The chord sequence is dominated by a C major chord for almost the entire duration. The chroma analysis reinforces this by showing high activation for C and G, which are the root and perfect fifth of the C major triad."
50957,C major,"The chord progression is centered in C major, featuring frequent use of the tonic (C major), supertonic (D minor), and dominant (G major/7) chords. The chroma activations reinforce this conclusion, with significant peaks on C, E, and G, which correspond to the notes of a C major triad."
50959,D minor,"The chord progression frequently cycles between D minor and G major, which is a classic characteristic of the D Dorian mode. The chroma activations, showing strong peaks at D, F, and G, consistently align with this D-centered minor tonality."
50972,A minor,"The chord progression is composed primarily of D minor, E minor, F major, G major, and A minor, which are all diatonic to the A natural minor scale. The frequency of these chords and the harmonic movement, particularly the return to A minor and D minor, strongly point to A minor as the tonal center."
50973,E minor,"The chord sequence follows a clear i-iv-V pattern in E minor, using E minor, A minor, and B7 chords. The chroma activations further support this by showing strong emphasis on E, B, and the leading tone D#."
50990,A minor,"The chord sequence consists entirely of chords found in the A minor scale (Am, Dm, Em, F, and G). The prominence of A minor as a resolution point, along with the frequent ii-V-i (Dm-G-Am) progressions, strongly indicates that the key is A minor."
50991,E minor,"The chord sequence follows a clear i-iv-V progression in E minor, using E minor, A minor, and B7 chords repeatedly. The chroma profile supports this, with significant activations for E, B, and the leading tone D#."
50998,Ab minor,"The chord sequence spends the majority of its duration on Ab minor chords, which establish it as the tonic key. The presence of B major and F# major chords, along with the chroma activations, further supports the Ab minor tonality."
51000,C minor,"The chord sequence is dominated by C minor, F minor, and G major, which strongly indicates a i-iv-V harmonic progression in the key of C minor. The high chroma activations of C and G are consistent with the tonic chord of C minor."
51001,C major,"The chord sequence frequently returns to C major, which also serves as the final, long-held chord. The chroma activations are also heavily centered on C, E, and G, consistent with a C major tonic, despite the frequent presence of chromatic chords like Ab major and C# major."
51007,G major,"The chord progression is dominated by an alternation between G major and C major, with the occasional inclusion of D major acting as a dominant (V) chord for G. The high chroma activation for G further supports G major as the tonal center."
51008,A major,"The chord sequence consists primarily of A, D, and E chords, which correspond to the I, IV, and V chords in the key of A major. The high activations for A and E in the chroma data further support A major as the tonic."
51038,C# major,"The chord sequence prominently features C# major, F# major, and Ab major, which correspond to the I, IV, and V chords in the key of C# major. The presence of Bb minor, which is enharmonically equivalent to the vi chord (A# minor), and the consistent resolution to the C# major chord, strongly support this key assignment."
51118,Eb major,"The chord recognizer provided no data, so the key was determined from the chroma activations. The prominence of G and D# (enharmonic equivalent to Eb) points strongly towards the key of Eb major."
51127,D major,"The chord sequence is composed entirely of D, G, and A major chords, which correspond to the I, IV, and V chords in the key of D major. The strong emphasis on the D major chord, which has the longest cumulative duration, confirms it as the tonal center."
51129,F# major,"The chord progression consistently uses the I, IV, and V chords (F#, B, C#) of F# major, and the chroma activations show high peaks on these same notes, strongly indicating F# major as the tonal center."
51153,A minor,"The chord sequence consists primarily of an alternation between A minor and C major, which are relative keys. The prominence and significantly longer duration of the A minor chord suggest that it serves as the tonal center."
51168,D minor,"The chord sequence consistently identifies D minor as the only recognizable chord. The chroma profile further supports this, with strong activations on D and A, which are core notes of the D minor triad."
51169,Bb minor,"The track is almost entirely defined by a Bb minor chord, which persists for the majority of the duration. The chroma profile further supports this key, showing prominent activations at A# (enharmonic to Bb), C#, and F, which are the notes that form the Bb minor triad."
51195,F major,"The chord sequence consists entirely of an F major chord, which strongly indicates F major as the tonic. The chroma distribution also shows a strong peak at F, further supporting this conclusion."
51228,F minor,"The chord progression predominantly features F minor, Bb minor, and Eb major, which corresponds to the i-iv-VII functional harmony commonly found in the key of F minor. The chroma activations further support this, with a significant emphasis on the tonic note F."
51229,A minor,"The chord sequence heavily features the progression of A minor, F major, G major, and E major, which strongly establishes A minor as the tonal center. The use of E major as a dominant chord is consistent with the harmonic minor scale in the key of A."
51230,A minor,"The chord sequence frequently uses the A-F-E progression, which is characteristic of the A minor scale (i-VI-V). Furthermore, the chroma activations show strong peaks at A, E, and F, supporting A minor despite the occasional use of major chords."
51231,C major,"The chord sequence is dominated by the I, IV, and V chords of the C major scale (C major, F major, and G major). The chroma activations also show a clear prominence of the notes C and G, which further supports C major as the tonic."
51235,A minor,"The chord sequence centers on A minor and makes heavy use of F major, D minor, and C major, all of which are diatonic to the key of A minor. The chroma activations reinforce this with high prominence on A and C, which are key tones in the tonic triad."
51238,A minor,"The chord sequence consists primarily of A minor, G major, and E minor chords, all of which are diatonic to the A natural minor scale. The frequent return to A minor as the primary chord throughout the progression strongly indicates it as the tonic."
51239,G minor,"The chord sequence heavily features chords found in the G minor scale, including G minor, C minor, D major (as the dominant), and Eb major. The recurring progression involving D major, Eb major, and C minor is strongly characteristic of G minor, specifically utilizing the harmonic minor context where the D major chord acts as the leading dominant."
51241,E minor,"The chord sequence centers heavily on E minor, particularly in the latter half of the clip, where E minor is sustained for significant durations. The harmonic movement frequently utilizes chords common to the E minor scale, such as A minor and D major, which aligns with the strong E chroma activation."
51263,B minor,"The chord sequence relies heavily on B minor, G major (the VI chord), and E minor (the iv chord), which is a common progression in the key of B minor. The chroma activations reinforce this conclusion, with B and F# being the most prominent notes, which are the tonic and dominant of the B minor scale."
51271,E major,"The chord progression is dominated by E major, A major, B major, and C# minor, which are all diatonic chords within the key of E major. The chroma activations confirm this, showing high concentrations of the notes E, B, G#, and D#, which are consistent with the E major scale."
51313,A minor,"The harmonic progression heavily centers on A minor, utilizing related chords like C major, F major, and G major. The frequent presence of E major serves as a clear dominant, resolving to A minor and establishing it as the tonic."
51317,D major,"The chord sequence consists primarily of D major, G major, and A major, which correspond to the I, IV, and V chords in the key of D major. The chroma activations, which show high values for D and A, further support the conclusion that the song is in the key of D major."
51332,C minor,"The chord sequence consists of a repetitive alternation between C minor and F major, which is characteristic of the C Dorian mode. This structure strongly centers the tonality on C minor, with F major acting as the IV chord."
51333,B minor,"The harmonic progression consistently features B minor, G major, D major, and F#7 chords, establishing B minor as the clear tonic. This is further corroborated by the high chroma activations for B and F#, which are central to the B minor scale."
51357,G major,"The chord sequence is heavily composed of G major, C major, A minor, and D major chords, which function primarily as the I, IV, ii, and V chords in the key of G major. The frequency of the G major chord and the overall progression suggest it is the tonic."
51358,G major,"The harmonic progression is built around the G, C, and D major chords, which function as the I, IV, and V chords in the key of G major. The high chroma activations for G and D, combined with the frequent returns to G major as the tonic and its role as the final chord, strongly confirm this key."
51359,G major,"The chord progression is dominated by G major, C major, and D major, which function as the I, IV, and V chords in the key of G major. The prominence of G in the chroma profile further supports this conclusion."
51360,Db major,"The chord sequence centers around the C# (Db) major chord, which is the most frequent and stable harmony. The accompanying chords, including Eb major, F minor, Bb minor, and Ab major, are all diatonic to the Db major scale, and the chroma activations strongly align with these notes, confirming Db major as the tonic."
51389,A minor,"The progression repeatedly centers on A, alternating with G major and F major chords, which is a classic sequence found in the A natural minor or Aeolian mode. Although A major chords appear, the consistent presence of F major chords strongly establishes A minor as the prevailing tonic."
51418,B major,"The chord sequence begins with a progression common in D major or B minor (D, A, F#m, Bm), but the final cadence from F#:maj to B:maj strongly establishes a modulation to or a focus on B major. The high chroma activations for B and F# provide further evidence for B major as the tonic."
51419,B minor,"The song is centered around the B minor chord, with frequent use of D major and A major, which function as the relative major and its dominant, respectively. The presence of F# minor, C# minor, and G major further reinforces the B minor tonality."
51420,F major,"The chord progression is dominated by chords diatonic to F major, specifically F, C, Bb, G minor, and D minor. The chroma activations support this conclusion with prominent signals for the notes F, C, D, and G, which form the core of the F major scale."
51421,D minor,"The chord sequence is composed primarily of D minor, G minor, Bb major, and F major, all of which are diatonic to the D minor scale. The frequent return to D minor and the sequence structure strongly indicate D minor as the tonic key."
51423,F# major,"The chord sequence relies heavily on chords within the F# major scale, such as F# major (I), B major (IV), Eb minor (vi), and C# major (V). The chroma profile further supports this by showing high activity in F# and B, which are the primary tonal centers of the key."
51424,Ab major,"The chord progression prominently features Ab major, Eb major, C minor, F minor, and C# major (interpreted as Db major), which are all diatonic chords in the key of Ab major. While there is a significant segment using F# minor/major, the prevalence of these core chords strongly establishes Ab major as the tonic."
51425,A minor,"The chord sequence is heavily centered on A minor, with A minor being the most frequent and long-lasting chord. The progression of A minor, C major, D major, and B7 is characteristic of a song in the key of A minor, and the chroma activations support this with A being the most prominent pitch."
51426,Eb minor,"The chord sequence consists almost entirely of an Eb minor chord, which provides the most direct evidence for the key. Therefore, Eb minor is the most appropriate choice."
51427,C major,"The song predominantly features chords from the C major scale, such as C major, F major, G major, and A minor. While the ending introduces some chromaticism, the frequent reliance on C major and the chroma activations strongly indicate C major as the tonic."
51428,F# minor,"The chord sequence is dominated by F#:min7, A:maj7, B:sus4, C#:min, and E:maj, which align well with the F# minor diatonic scale (i, III, iv, v, VII). The chroma activations reinforce this conclusion by emphasizing the notes F#, A, C#, and E, which are fundamental to the F# minor key."
51429,A minor,"The chord sequence consists primarily of A minor, C major, G major, and E minor, all of which are diatonic to the A natural minor scale. The frequent return to A minor as a starting and repeating harmonic center strongly points to A minor as the tonic."
51430,A minor,"The chord sequence is heavily dominated by chords rooted on A, with A minor being the most frequent and longest-held chord. The chroma activations also show a strong peak at A, supporting A as the tonic."
51614,F# major,"The chord sequence frequently resolves to F#:maj7 and utilizes C#:maj7 as a dominant chord, establishing a strong I-V relationship in F# major. Despite significant modal mixture and chromatic chords, the underlying harmonic structure and chroma activations align with the F# major key signature."
51615,A minor,"The chord sequence heavily features A minor, C major, and F major, which are all diatonic to the A minor scale. The sustained use of the A minor chord throughout the progression strongly establishes it as the tonic."
51616,E minor,"The chord sequence consists entirely of an oscillation between E minor and F major, which is a characteristic Phrygian i-bII progression. This harmonic movement, supported by the chroma profile emphasizing E, strongly indicates E minor as the tonic."
51617,C major,"The chord sequence relies heavily on the alternation between C major and E minor chords, often including G major. These represent the I, iii, and V chords in the key of C major, and the chroma profile, with strong activations for C, E, G, and B, further reinforces this tonal center."
51618,A minor,The repeated chord progression of F:maj to G:maj to A:min represents a VI-VII-i progression in the key of A minor. This cycle strongly establishes A minor as the tonic and tonal center.
51622,E minor,"The chord sequence alternates primarily between E minor and C major, which function as the i and VI chords in the key of E minor. The prominence of the E note in the chroma activations further confirms E minor as the likely tonic."
51623,F minor,"The chord sequence is dominated by an oscillation between F minor and Ab major, which are relative keys. The occasional inclusion of C major chords functions as the dominant (V) chord of F minor, confirming F minor as the tonal center."
51625,B minor,"The chord progression is dominated by an alternation between B:min and E:maj, which is characteristic of the B Dorian mode or B minor. The chroma activations show strong prominence of B, D, and F#, further reinforcing B minor as the tonal center."
51628,D minor,"The chord sequence is dominated by D minor and Bb major chords, with a long-standing D minor7 chord serving as the clear tonal center. This harmonic structure is strongly supported by the chroma activations, which show significant peaks at D, A, and A#/Bb, all of which are primary notes in the D minor scale."
51629,C major,"The chord sequence is composed almost entirely of chords from the C major scale, including C major, A minor, F major, G major, E minor, and D minor. The recurring emphasis on C major as a central anchor, supported by the chroma activations showing high peaks at C, E, and G, confirms C major as the tonic."
51631,Ab minor,"The chord progression is dominated by Ab minor, with supporting chords like E major (the VI chord), C# minor (the iv chord), and F# major (the VII chord), all of which are standard functional chords in the key of Ab minor using common enharmonic spellings. The chroma activations further support this, as they show high intensity for notes belonging to the Ab minor scale, including Ab/G#, B, C#, Eb/D#, E, and F#."
51632,Eb minor,"The track is heavily centered around Eb minor, as evidenced by the sustained duration of Eb minor chords during the first thirty-plus seconds of the clip. The surrounding chords, including F minor, Bb minor, and Ab major, fit well within the Eb minor scale, and the chroma peaks at Eb (D#), F, Gb (F#), and Bb further reinforce this tonal center."
51635,D minor,"Due to the absence of chord data, the key was determined using the chroma activation distribution. The prominence of D suggests it as a likely tonic, and the remaining distribution is generally consistent with the D minor scale."
51710,E minor,"The chord sequence is dominated by the E minor chord, which accounts for the vast majority of the duration, and the chroma profile confirms this with a very strong peak at E."
51715,F# major,"The chord progression frequently uses F#, B, and C# major chords, which function as the I, IV, and V chords in F# major. Additionally, the inclusion of Eb minor as the vi chord and the chroma data showing strong activations for the notes in the F# major scale confirm this key."
51732,Bb minor,"The chord sequence centers heavily on Bb minor, with frequent support from related chords such as Ab major, Eb minor, and C# major (the relative major). The progression strongly aligns with the functional harmony of the Bb minor key."
51734,F# minor,"The chord sequence starts with a progression in F# major (I-IV-V) but shifts to an F# minor progression (i-iv-v) for the majority of the time, suggesting a modulation or a modal shift. Given the sustained use of the minor chords towards the end of the sequence, F# minor is the most accurate key assignment."
51755,C major,"The chord sequence consists primarily of chords diatonic to C major (Dm, F, Em, C, G), with the D major chord serving as a common secondary dominant (V/V) resolving towards the G major chord. The chroma activations reinforce this conclusion, as the most prominent notes (E, A, G, B, D) are all central to the C major scale."
51774,E minor,"The song is predominantly centered on an E minor chord, which accounts for the vast majority of the duration. The additional chords, including A minor, G, and D, function harmonically within the key of E minor, and the chroma activations with peaks at E and B further confirm E as the tonic."
51775,A minor,"The chord sequence is heavily centered around A minor, with frequent occurrences of the A minor tonic and F major submediant. The use of E-based chords as functional harmonies further reinforces A minor as the key."
51776,D major,"The chord progression is dominated by D major, B minor, and G major chords, which represent the I, vi, and IV chords in the key of D major. The chroma profile strongly reinforces this, showing the highest activations for D, F#, and A, which are the notes of the D major triad."
51778,Eb minor,"The chord sequence centers on Eb minor and its relative major F# major, with prominent use of Eb minor, F# major, and C# major chords throughout. The chroma activations reinforce this analysis, showing high intensity for notes such as D#, F#, G#, and A#, which are consistent with the Eb minor scale."
51779,C major,"The track is centered around a C tonic, oscillating between C minor and C major chords. As the C major chord holds a longer total duration and the chroma data reflects a higher weighting for E (the major third) over Eb (the minor third), C major is the selected key."
51783,G minor,"The chord sequence is dominated by G minor, F major, and Bb major, which form a common i-VII-III harmonic progression in the key of G minor. While G major appears briefly at the beginning, the sustained presence of G minor throughout the remainder of the clip confirms it as the tonal center."
51785,C major,"The chord progression is dominated by C major, F major, D minor, and G major, which are standard diatonic chords in the key of C major. This tonal center is further supported by the chroma activations showing prominent peaks at C, F, G, and D."
51921,E minor,"The chord sequence consists primarily of an alternation between E minor and A minor chords, with E minor serving as the tonic. This is supported by the chroma analysis, which shows strong activations for E and A, confirming the E minor tonality."
52034,F major,The chord sequence is dominated by an F major chord throughout the entire duration. This strong harmonic stability on F makes F major the most probable key.
52036,C major,"The chord sequence is dominated by the I (C major), IV (F major), and V (G major) chords, which are the fundamental chords of the C major key. The progression concludes with a clear ii-V-I cadence (D minor, G major, C major), strongly confirming C major as the tonic."
52040,F major,"The chord progression is dominated by the F major chord, which occupies the vast majority of the song's duration. The presence of D minor, the relative minor of F major, and the chroma profile with strong emphasis on F, A, E, and C, further support F major as the tonic."
52043,F major,"The chord sequence consists primarily of chords diatonic to F major, such as F major (I), Bb major (IV), D minor (vi), G minor (ii), and C major (V). The chroma data, which shows high activations for F, A, and C, further supports F major as the tonal center."
52045,F major,"The chord sequence is dominated by F major, which appears for the vast majority of the track's duration. The chroma analysis strongly supports this, with the highest activations occurring on F and C, which represent the tonic and perfect fifth of the F major scale."
52052,D major,"The chord sequence cycles through D major, B minor, G major, and A major, which represent the I, vi, IV, and V chords in the key of D major. This strong reliance on the diatonic chords of the D major scale clearly indicates D major as the key."
52059,D major,"The chord sequence prominently features F# minor, G major, D major, and A major, all of which are diatonic chords within the D major scale. The chroma activations showing high intensity for F#, G, and D further support D major as the tonal center."
52225,A major,"The chord sequence is overwhelmingly centered on A major, with occasional alternating D major chords, which is a common progression in the key of A major. The chroma activations further support this, with A being the most prominent pitch."
52227,C# major,"The chord sequence is dominated by the C# major chord, which functions as the tonic. The inclusion of supporting chords such as Ab major (the dominant), F# major (the subdominant), and Bb minor (the relative minor) reinforces the C# major tonality throughout the piece."
52229,G major,"The chord sequence consists entirely of an oscillation between G major and D major, which represents a stable I-V progression in the key of G major. The chroma activations are consistent with this analysis, showing the highest energy at the G and D pitch classes, which are the tonic and dominant notes of the key."
52250,G minor,"The harmonic structure is dominated by G minor, C minor, and Eb major, with G minor appearing most frequently and serving as the central tonic. This is confirmed by the chroma activations, which show significant weight on G, A# (Bb), C, and D, which are all fundamental notes in the G minor scale."
52251,D minor,"The chord progression prominently features D minor, F major, and C major, which are all diatonic to the D minor scale. D minor serves as the tonic, providing a clear harmonic center throughout the sequence."
52255,D major,"The progression is centered around D major chords, with significant use of A major and E minor, corresponding to the I, V, and ii chords in the key of D major. This tonal center is also supported by the prominent chroma activations for D, E, and A."
52257,G major,"The chord sequence oscillates between G major and E minor throughout, which are relative keys. The presence of a IV-V-I cadence (C-D-G) at the end strongly indicates that G major is the tonic."
52259,C major,"The chord sequence consists almost entirely of an alternation between C major and F major, which are the I and IV chords in the key of C major. The chroma profile further supports this, showing the highest activations for the notes C, F, and G, which correspond to the tonic, subdominant, and dominant of C major."
52261,G major,"The chord sequence is dominated by G major and C major, which are the I and IV chords in the key of G. The presence of D major and A major functions as a secondary dominant, further confirming G major as the home key."
52275,E major,"The chord progression is dominated by E, B, and A chords, which function as the I, V, and IV chords in the key of E major. The later inclusion of the C# minor chord, functioning as the vi chord, further reinforces this tonal center."
52276,C major,"The chord progression is dominated by the I, IV, and V chords (C major, F major, G major) in the key of C major, with the sequence repeated multiple times. This harmonic structure is supported by the chroma activations, which show significant peaks for the C, F, and G notes."
52277,D major,"The chord sequence is dominated by an oscillation between D major and G major, with D major appearing significantly more frequently and for longer durations. This consistent focus on D major indicates it serves as the tonic of the piece."
52361,B minor,"The frequent alternation between B and E chords, combined with the presence of G major and B minor, indicates B minor as the tonic. The prominence of the B and D chroma peaks, with D being the minor third, further supports this harmonic analysis."
52404,E major,"The chord sequence consistently revolves around the E major chord, often following a G major to A major to E major pattern. The chroma activations confirm this, showing peak activity on E, A, and G, which are central to the E major harmonic context."
52508,B major,"The chord sequence centers around the B major triad, utilizing the iii chord (Eb minor, enharmonic to D# minor) and the IV chord (E major) repeatedly, which are diatonic to the B major scale. The high chroma activations for B and F# (the tonic and dominant) further confirm B major as the key."
52520,F major,"The chord progression frequently cycles through F major, C major, D minor, and Bb major, which are the primary chords of the F major scale. The chroma activations also show high concentrations on F and C, which strongly align with the F major tonic and dominant."
52521,A major,"The harmony alternates exclusively between A major and D major chords, representing a tonic-subdominant (I-IV) oscillation in the key of A major. The chroma profile further supports this, showing strong activations for A, C#, and E, which are the primary notes of the A major tonic triad."
52522,B major,"The chord sequence is dominated by B major, C# minor, and E major, which correspond to the I, ii, and IV chords in the key of B major. Additionally, the highest chroma activations are for B, F#, and G#, which are all members of the B major scale."
52524,D major,"The chord sequence is dominated by the D major chord, which appears consistently. This is strongly supported by the chroma activations, which show D as the most prominent pitch class, making D major the most logical key."
52525,D major,"The chord sequence is dominated by the D major chord, which appears for a significant duration, suggesting it functions as the tonic. The presence of C major can be understood as a flat seventh (bVII) chord, which is a common harmonic device in D major."
52526,A major,"The chord sequence consists of A major, F# minor, and E major, which are the I, vi, and V chords in the key of A major. This progression, combined with the chroma activations showing significant energy at A and E, strongly indicates a key of A major."
52568,B minor,"The chord sequence is composed of chords from the B natural minor scale (or its relative major, D major), including Bm, Em, C, D, G, and A. The frequent use of B minor as both a starting and recurring chord strongly indicates that B minor is the tonic."
52853,B major,"The chord sequence primarily utilizes F# major, E major, B major, Ab minor (enharmonically G# minor), and Eb minor (enharmonically D# minor), all of which are diatonic to the key of B major. The frequent repetition of the F#, E, and B chords strongly supports a tonal center of B major."
52855,Eb minor,"The chord sequence is heavily centered on Eb minor, which serves as the primary harmonic anchor throughout the song. Other frequently occurring chords such as Ab major and Bb minor are common functional chords within the key of Eb minor."
52857,C minor,"The chord progression frequently cycles through C minor, Bb major, Ab major, and G minor, which strongly suggests C minor as the tonal center. The chroma activations are also consistent with the C natural minor scale, further supporting this analysis."
52928,B minor,"The chord progression is dominated by B minor and G major, with E minor and A major as supporting chords, all of which are diatonic to the B natural minor scale. The strong activation of B in the chroma data further solidifies B minor as the tonal center."
52929,E minor,"The chord sequence is heavily centered around the E minor chord, which appears for the longest durations and most frequently throughout the clip. The chroma profile further supports this, showing strong activations for E, G, and B, which are the constituent notes of an E minor triad."
52931,A minor,"The chord sequence is dominated by A minor and A minor 7, which strongly define the A minor tonality. The chroma activations are also concentrated on the notes A, C, E, and G, which correspond perfectly with the A minor 7 chord structure."
52962,A major,"The song predominantly utilizes the I (A major), IV (D major), and V (E major) chords, which are the primary pillars of the A major scale. Additional appearances of the vi (F# minor), iii (C# minor), and ii (B minor) chords further confirm this key, while the chroma activations showing peaks at A and E provide additional support."
52969,D major,"The chord progression is dominated by D major, A major, and G major chords, which correspond to the I, V, and IV chords in the key of D major. While there is a shift to C major and G major chords towards the end, the frequent returns to D major indicate that the song is firmly rooted in that key."
53247,D minor,"The chord sequence oscillates between D minor and G major, which strongly indicates a D minor tonal center. The chroma activations further support this by showing prominent peaks for A, D, and G, which are all key components of the D minor and G major harmony."
53248,G minor,"The chord sequence centers around the i (Gm) and V7 (D7) chords, which are characteristic of G minor. The presence of the iv (Cm) chord and the use of the D chord as a dominant further reinforce the G minor key, and the chroma activations show high values for G and D, supporting this analysis."
53249,D major,"The chord sequence is dominated by the D major chord along with E minor and A sus4, which form a standard I-ii-V progression in the key of D major. The chroma profile supports this, showing strong activations for the notes D, A, E, and F#, which are all members of the D major scale."
53250,F# minor,"The chord sequence primarily utilizes F# minor, D major, B minor, and A major, all of which are diatonic to the F# minor scale. The chroma activations are heavily centered on F#, A, and C#, which are the notes of the F# minor triad, confirming F# minor as the tonal center."
53251,E minor,"The chord sequence is heavily dominated by E minor and E minor7, which span nearly the entire 60-second clip. Additionally, the chroma activations show significant peaks at E, G, and B, which are the constituent notes of the E minor triad, strongly confirming this key."
53636,C major,"The harmonic progression is dominated by C major, D minor, and A minor chords, which function as the I, ii, and vi chords in the key of C major. This chordal pattern, along with the highest chroma activation centered on C, confirms C major as the tonal center."
53637,C major,"The chord progression is dominated by F major and C major, which are the IV and I chords in the key of C major. The presence of the D minor and E major chords acts as a secondary dominant progression leading towards the relative minor, which is common within the context of C major."
53638,G major,"The chord sequence consists primarily of chords diatonic to the G major scale, including G major (I), C major (IV), D major (V), A minor (ii), and E minor (vi). The frequent use of G major as a focal point and the lack of any chords outside the diatonic set strongly support G major as the key."
53639,E major,"The song is heavily dominated by the E major chord for the vast majority of the duration, strongly establishing E as the tonic. While other chords such as A minor, G major, and D major appear briefly at the end, they are subordinate to the primary E major chord."
53642,A major,"The chord progression frequently cycles through A major (I), D major (IV), and secondary dominants like C#7 (V/vi) and F#7 (V/ii), which are characteristic of the key of A major. The inclusion of B minor (ii) and E major (V) further solidifies A major as the tonal center."
53643,Bb major,"The chord sequence centers on Bb major, with frequent use of F major and Eb major, which are the dominant and subdominant chords in the key of Bb major. The chroma data strongly supports this analysis, showing peaks at F and Bb, which are core tones within this key."
53646,F major,"The song begins with a progression in Ab Major (the relative major of the submediant F minor), but it modulates to F Major, which is firmly established by the frequent F, Bb, and C chords at the end of the sequence. The final cadence (Bb-C-F) strongly reinforces F Major as the tonal center."
53735,F# major,"The chord sequence consists entirely of F# major, B major, and C# major chords, which represent the I, IV, and V chords in the key of F# major. The chroma activations showing prominent peaks at F# and C# further support this analysis."
53736,E major,"The chord sequence consists almost entirely of E major, A major, and B major, which are the I, IV, and V chords in the key of E major. The inclusion of C# minor as the vi chord and the high chroma activations for E, B, and A further confirm that the song is in the key of E major."
53742,D major,"The chord sequence consists entirely of alternating D major and G major chords, which is a classic I-IV progression in the key of D major. The strong chroma activations for the notes D and A further reinforce D major as the tonal center."
53743,C major,"The chord sequence consistently features prominent chords like C, F, and G, which form the primary functional harmonic structure of C major. The frequent use of Bb major suggests a mixolydian flavor or borrowed harmony, and the chroma activations strongly align with the C major scale, further confirming the key."
53744,C major,"The chord sequence is dominated by C major and G major, functioning as the tonic and dominant respectively. The inclusion of F major and A minor, alongside a chroma profile emphasizing C and G, strongly confirms C major as the key."
53796,Bb minor,"The chord sequence consists of Bb major and Bb minor, establishing Bb as the clear tonic. The chroma activations show a dominant presence of Bb (A#) and F, while the lack of a significant D (the major third of Bb major) suggests that Bb minor is the more likely key."
53798,A major,"The chord sequence prominently features the A major chord, and the chroma activations show high concentrations on A and E, which are the tonic and dominant notes of the A major scale."
53799,E major,"The chord sequence consists primarily of the E major, A major, and B major chords, which function as the I, IV, and V chords in the key of E major. This harmonic progression strongly points to E major, which is also supported by the high E and B chroma activations."
53800,C major,"The chord sequence oscillates primarily between the C major and G major chords, acting as the I and V chords of C major. The inclusion of an E minor chord, which is the iii chord in C major, further supports this key, and the chroma activations are strongly consistent with the C major scale."
53801,C major,"The chord sequence is dominated by a C major chord, which is the tonic chord for the C major key. Furthermore, the chroma activations strongly favor C, E, and G, which are the root, third, and fifth of a C major triad."
53803,C# major,"The chord sequence is heavily dominated by a C# major chord, which acts as the tonic. The use of F# major as a secondary chord corresponds to the IV chord in the key of C# major, and the chroma activations strongly align with the notes of the C# major triad (C#, E#/F, G#)."
53805,F major,"The chord sequence primarily consists of F major, Bb major, and G minor, which are the I, IV, and ii chords in the key of F major. The high chroma activations for F and C further confirm F major as the tonic."
53807,C major,"The chord sequence consists entirely of an alternation between C major and A minor, which are the I and vi chords in the key of C major. The chroma activations further support this, with strong presence for C, E, D, and B, all of which are primary notes within the C major scale."
53808,Eb major,"The chord sequence primarily utilizes the I, IV, and V chords (Eb, Ab, Bb) within the key of Eb major, with G minor (iii) and C minor (vi) also appearing, all of which fit perfectly into this key. The F major chord acts as a secondary dominant (V/V) commonly used to lead into the V chord (Bb), and the chroma activations align with the notes of the Eb major scale."
53810,G major,"The chord progression consists almost entirely of G major, C major, and D major, which are the I, IV, and V chords in the key of G major. This harmonic structure is supported by the chroma profile, which shows significant activations for G, D, and B, the notes comprising the tonic triad."
53811,C major,"The chord progression primarily centers around C major, frequently resolving to C chords and using G chords as a dominant. While there is a middle section shifting to Ab and Eb chords, the song returns to the C major tonic, strongly defining it as the home key."
53812,Ab major,"The chord progression features prominent chords such as Ab major, Db major (labeled as C#), Bb minor, and Eb major, all of which are diatonically consistent with the Ab major scale. The F# major chord acts as an enharmonic spelling of Gb major, a common flat-VII chord in this key, and the chroma activations highlight notes like Ab, Bb, and Eb which strongly support the key of Ab major."
53813,C major,"The chord progression is dominated by C major, F major, and G major chords, which are the I, IV, and V chords in the key of C major. Additionally, the chroma activations show high values for C, E, and G, which form the tonic triad of C major."
53814,F major,"The chord sequence, particularly the recurring progression of C major, G minor, D minor, and F major, strongly suggests the key of F major as V-ii-vi-I. The chroma activations reinforce this, as they show a significantly higher presence of E natural (0.076) compared to D#/Eb (0.010), consistent with the F major scale."
53815,A minor,"The progression is centered on alternating A minor and C major chords, which establishes A as the tonal center. The inclusion of the D major chord suggests a Dorian influence, but the primary harmonic movement is consistent with the key of A minor."
53816,D major,"The chord progression frequently uses D, G, and A chords, corresponding to the I, IV, and V chords in D major, with B minor (vi) and F# minor (iii) also appearing. This harmonic structure is supported by the chroma activations, which show strong peaks for the notes D, A, G, E, and F#."
53817,Ab major,"The chord sequence prominently features Ab major, F minor, Eb major, and C# major (enharmonic to Db major), which all align well with the diatonic chords of the Ab major key (I, vi, V, IV). The chroma activations also show a strong presence of notes consistent with the Ab major scale, particularly G# (Ab) and D# (Eb)."
53818,C minor,"The chord sequence frequently returns to C minor and incorporates chords like Ab, Bb, Eb, and F minor, all of which are diatonic to the C minor scale. The chroma activations also strongly support this harmonic center, with high values for C, Eb, F, G, and Bb."
53819,F major,"The chord sequence primarily oscillates between F major and C major, establishing a strong I-V relationship in the key of F major. The song concludes on F major, further reinforcing its role as the tonic, while the occasional Eb and Ab chords function as secondary harmonic excursions."
53820,C major,"The chord progression primarily uses C, F, G, and Am, which are all diatonic chords within the C major scale. The chroma activations show strong prominence of C, E, G, and A, which further confirms that the key is C major."
53821,B major,"The chord sequence features chords like G# minor and D# minor which are diatonic to the key of B major, and the prominence of B, C#, D#, and G# in the chroma activations confirms B major as the tonal center. The appearance of other chords like C# major functions effectively as a secondary dominant in this context."
53823,F major,"The chord sequence consists primarily of F, Bb, and C, which function as the I, IV, and V chords in the key of F major. The chroma activations show strong prominence of F and C, reinforcing F major as the tonic center."
53824,Bb major,"The chord sequence is centered around Bb, Gmin7, Eb, and F, which are all diatonic to the key of Bb major. The inclusion of C7 (V/V) and the high chroma activations for Bb and F strongly confirm Bb major as the tonic."
53825,F# major,"The chord progression frequently oscillates between Bb minor and F# major, which function as the vi and I chords in the key of F# major. The chroma activations strongly support this, showing significant peaks for F#, A#, and C#, which are the notes of the F# major tonic triad."
53826,Eb major,"The chord progression follows a functional IV-ii-iii-I pattern in Eb major, with the Ab major (IV), F minor (ii), G minor (iii), and Eb major (I) chords. The high chroma activations for D# (Eb) and G# (Ab) further support Eb major as the tonal center."
53827,G major,"The chord sequence is dominated by G major, which appears for the longest total duration and frames the progression. This is supported by the chroma profile, which peaks on G, D, and A, all notes within the G major triad."
53828,D minor,"The chord sequence heavily features D minor, Bb major, G minor, and F major chords, which are consistent with the D minor diatonic collection. The frequent return to the D minor chord and the strong activation of the note D in the chroma analysis strongly support D minor as the tonic."
53829,G major,"The chord sequence repeatedly features D, C, G, and Gm. In the key of G major, these function as the dominant (V), subdominant (IV), tonic (I), and the minor subdominant (iv), which is a common borrowed chord. The chroma activations are consistent with the G major scale, further supporting this analysis."
53830,A major,"The chord sequence consists primarily of A, D, and E major chords, which are the I, IV, and V chords in the key of A major. The chroma activations, showing strong peaks at A and E, further confirm this tonal center."
53845,G major,"The song's key is identified as G major due to the extremely high G chroma activation, suggesting G as the tonic. The chord sequence, while containing chromatic elements like the Eb major chord, is consistent with G major, utilizing common pop/rock harmonic practices such as the use of bVI and bVII chords."
53846,G major,"The chord progression is dominated by G major, D major, and A major, which are consistent with the key of G major. The chroma profile also shows high activations for the notes G, D, and A, reinforcing G major as the tonal center."
53852,Eb major,"The chord sequence consistently rotates between Eb major (I) and Ab major (IV), which strongly indicates the key of Eb major. The chroma activations further support this, with prominent peaks at D# (enharmonic to Eb) and A# (enharmonic to Bb), which correspond to the tonic and dominant notes of the key."
53859,G minor,"The chord sequence heavily relies on a recurring i-VII-III progression consisting of G minor, F major, and Bb major. This progression is a clear indicator of G minor as the tonal center, and despite some chroma artifacts, the harmonic context strongly supports this key."
53863,D minor,"The chord sequence is heavily centered on D minor, utilizing primary chords such as D minor (i), F major (III), C major (VII), and the A major (V) chord, which is common in the harmonic minor scale. The chroma data also shows strong activations for D, A, and F, which further supports the conclusion of D minor."
53896,C major,"The chord sequence heavily features the vi-IV-I-V progression (Am-F-C-G), which is a staple of C major. The presence of the D major chord acts as a secondary dominant, further reinforcing C major as the key."
54047,C# major,"The chord sequence is consistently anchored by the C#:major chord, which is the most frequent and clearly functions as the tonic. Other chords, such as A:major, E:major, and F#:major, are commonly used in the context of C# major, often functioning as borrowed chords from the parallel minor or as modal interchange."
54054,B major,"The chord sequence is dominated by a sustained B major chord for approximately 40 seconds, which strongly suggests B major as the tonic. The chroma data aligns with this, showing significant activations for B and its fifth, F#."
54082,E minor,"The chord sequence consistently follows a repeating pattern involving E major, D major, C major, and B major, where B major functions as the dominant chord resolving back to the tonic E minor. This harmonic progression, combined with the high chroma activations for E and F#, strongly supports E minor as the tonal center."
54166,A major,"The chord sequence consists of frequent A major, B minor, and E major chords, which forms a clear ii-V-I progression in the key of A major. The chroma activations are dominated by the notes A, E, and B, which are the primary chord tones and scale degrees in the key of A major."
54167,C major,"The chord sequence consists primarily of C major, E minor, and G major chords, all of which are diatonic to the C major scale. The consistent use of these chords and the frequent repetition of the C major chord suggest it serves as the tonic of the key."
54168,C major,"The chord sequence consists entirely of chords diatonic to the C major scale, such as C major, F major, G major, and A minor. The chroma activations strongly support this with high values for the C, E, and G notes."
54169,G major,"The chord sequence is dominated by G major, C major, and D major chords, which function as the I, IV, and V chords in the key of G major. The chroma activations are also consistent with this key, showing high values for G, B, and D."
54171,E major,"The chord sequence is dominated by E major, A major, and B major, representing the I, IV, and V chords of E major. The chroma activations show a strong emphasis on E, A, and B, which supports this analysis. While there is a brief shift to minor chords at the end, the prevailing harmonic center is clearly E major."
54172,C# major,"The chord progression frequently cycles between F# major (IV), C# major (I), and Ab major (V), which are the primary chords within the key of C# major. The chroma profile, showing significant peaks at C# and G#, provides additional evidence supporting C# major as the tonal center."
54173,A major,"The chord sequence consists primarily of the A major, D major, and E major chords, which function as the I, IV, and V chords in the key of A major. This tonal center is also strongly reflected in the chroma activations, which show high values for the notes A, E, C#, and G#."
54206,C major,"The chord sequence consists almost entirely of alternating C major and F major chords, which function as the I and IV chords in C major. The chroma profile further supports this, with C appearing as the most prominent pitch class."
54208,Eb major,"The harmony is dominated by Eb major, with frequent returns to C minor and Ab major, consistent with a I-vi-IV progression in the key of Eb major. The chroma profile further supports this, showing high activations for Eb, Bb, and Ab, which are core tones within the Eb major scale."
54212,G minor,"The chord sequence consists almost entirely of a G minor chord, which strongly indicates the tonal center. The chroma activations further support this, as G is the most prominent pitch class."
54213,C minor,"The chord sequence repeatedly cycles through C minor, Ab major, G major, Eb major, and F major, with C minor functioning as the clear tonal center. This is further supported by the significant activations of C, Eb, G, and Ab in the chroma data, which correspond to the notes of the C minor scale."
54215,F major,"The harmony is primarily composed of chords diatonic to the F major scale, including F major, D minor, G minor, C major, and A minor. The frequent use and long duration of the F major chord indicate it serves as the tonic, and the presence of the C7 chord acts as a dominant leading to F."
54225,C major,"The chord sequence consists almost entirely of a C major chord, which is supported by the high chroma activation values for C, E, and G. This points strongly to C major."
54226,C major,"The chord sequence consists primarily of alternating C major and F major chords, which are the I and IV chords in the key of C major. The high chroma activation for the note C further confirms this tonal center."
54227,C major,"The chord sequence is dominated by C major and F major chords, which are the I and IV chords in the key of C major. The chroma profile further supports this, showing strong activations for C, E, and G, which are the notes of a C major triad."
54228,C major,"The chord sequence primarily utilizes C major, G major, and F major chords, suggesting a standard I-V-IV progression in C major. The chroma profile is strongly centered on C, G, and E, which are the notes of the C major triad, further confirming the key."
54229,C major,"The song consists entirely of a C major chord throughout the provided duration. The chroma activations are dominated by C, G, and B, which are consistent with the C major scale and chord."
54230,C major,"The chord sequence is dominated by C major, F major, and D minor chords, all of which are diatonic to the C major scale. This is further supported by the chroma activations, which show strong peaks at C, E, and G."
54231,C major,"The chord sequence consistently revolves around the C major chord as the primary tonal center, using standard functional harmonic devices such as G7 (V) and borrowed chords like F minor. The strong chroma activations on C, E, and G further support C major as the key."
54232,C major,"The chord progression is dominated by C major and F major chords, with C major acting as the tonic. This is further supported by the high chroma activation for C."
54236,E minor,"The chord sequence relies heavily on a repeating progression of E minor, G major, A minor, and B minor, establishing E minor as the home chord. While the progression concludes with a cadence into G major, the sustained focus on E minor throughout the loop confirms it as the tonal center."
54298,E minor,"The chord sequence is dominated by E minor and C major chords, and the frequent use of B major acting as the dominant (V) to E minor strongly indicates the key is E minor. The chroma profile further supports this with strong activations for E, B, and C."
54594,C major,"The chord progression is dominated by C major and F major, with frequent supporting chords like D minor, G major, and A minor. These chords are all diatonic to the C major scale, and the overall harmonic frequency strongly indicates a C major tonal center."
54622,Eb major,"The song is anchored by Eb major, which appears frequently throughout the piece, particularly in the first half where it establishes a clear tonal center. While there are later transitions to related minor keys like Eb minor and F# minor, Eb major remains the most prominent harmonic foundation."
54623,Eb minor,"The song is centered around Eb minor, which is supported by the longest duration chord (Eb:min) and high chroma activations for Eb and its perfect fifth, Bb (labeled as A#). Despite frequent appearances of E:maj and Ab:min, the overall harmonic foundation is established by the Eb minor tonality."
54682,A major,"The chord sequence consists primarily of A major and E major, which function as the I and V chords in the key of A major. The inclusion of the D major chord, which acts as the IV chord, further reinforces this tonal center."
54683,D major,"The chord sequence is heavily centered around the D major triad, with frequent use of the IV (G major) and V (A major) chords which reinforce this tonality. The chroma activations support this conclusion, showing the highest peaks at D and A, corresponding to the tonic and dominant of the D major scale."
54684,F major,"The chord progression is dominated by F major, Bb major, and C major, which correspond to the I, IV, and V chords in the key of F major. The chroma profile, showing strong activations for notes C, F, A, and G, also aligns well with the F major scale."
54685,G major,"The chord sequence alternates between C major and G major, which functions as a IV-I progression in the key of G major. The chroma activations strongly support this, showing a prominent G, F#, and B, which are essential notes in the G major scale."
54686,G major,"The chord sequence is dominated by G major, C major, and D major chords, which correspond to the I, IV, and V chords in the key of G major. The frequent use of the A minor chord as the ii chord, combined with the chroma activations being highest for the notes G, D, and B, confirms that G major is the tonic key."
54687,G major,"The chord progression is heavily dominated by G major, C major, and D major chords, which are the I, IV, and V chords in the key of G major. The chroma activations support this, showing significant values for the tonic (G) and other key-defining notes like B and C."
54688,D major,"The chord sequence is composed entirely of D major, G major, and A major, which function as the I, IV, and V chords in the key of D major. The high chroma values for D, A, and C# provide further evidence confirming this key."
54689,D major,"The chord sequence is dominated by D major (I), A major (V), and G major (IV), which are primary chords in the key of D major. Additionally, the chroma activations show high values for D and A, reinforcing the D major tonal center."
54690,Eb major,"The chord sequence is dominated by Eb major, Ab major, and Bb7 chords, which represent a standard I-IV-V7 functional harmony in the key of Eb major. The chroma activations confirm this, showing strong peaks at Eb, Bb, and Ab."
54691,A major,"The chord sequence consists entirely of an alternation between A major and E major, representing a clear I-V harmonic progression in the key of A major. The chroma activations support this conclusion with strong activity at A, E, B, and G#, which are all notes from the A major scale."
54692,D major,"The chord progression is dominated by D major, G major, and A major chords, which correspond to the I, IV, and V chords in the key of D major. The chroma activations support this analysis, showing high prominence for the notes D, G, and A."
54693,A major,"The chord sequence is primarily composed of A, D, and E chords, which function as the tonic, subdominant, and dominant in the key of A major. The chroma activations are consistent with this analysis, showing significant peaks on notes belonging to the A major scale."
54694,E major,"The chord progression is primarily built around the I (E major), IV (A major), and V (B major) chords, which strongly define the key of E major. The use of an A minor chord (the minor iv) is a common borrowed chord in major keys, and the high chroma activation for E further corroborates this tonal center."
54695,C major,"The chord progression prominently features C major, F major, G major, and A minor, which are all diatonic to the C major scale. The use of D major and E major functions as secondary dominants, supporting C major as the tonal center."
54696,D major,"The harmonic progression frequently centers on D major while utilizing chords like C major and E minor, which strongly suggests the D Mixolydian mode. Given this, D major is the most appropriate tonic to assign."
54697,D major,"The chord progression repeatedly utilizes the ii-V-I sequence (E minor, A major, D major), which strongly establishes D major as the tonal center. This functional harmony is consistent with the standard chords found within the D major scale."
54698,G major,"The chord sequence repeatedly cycles through D, G, C, and E minor chords, which corresponds to a standard V-I-IV-vi progression in the key of G major. The chroma activations showing significant energy in G, B, C, D, and E further support this tonal center."
54699,Ab major,"The chord progression consists of Ab, Eb, Fm, and C# (which is enharmonically Db), corresponding to the I-V-vi-IV chords in the key of Ab major. This classic pop progression, supported by the prominent chroma activations for G# (Ab) and D# (Eb), strongly identifies the key as Ab major."
54701,B major,"The chord sequence consists primarily of diatonic chords from the key of B major, including B major, C# minor, F# major, and G# minor (enharmonically labeled as Ab minor). The chroma activations also strongly align with the B major scale, showing high values for the notes B, C#, F#, and G#, which are all central to the key."
54703,E major,"The chord sequence consists primarily of E, B, and A major chords, which function as the I, V, and IV chords in E major, along with a C# minor vi chord. The high chroma activations for E, B, and A further support this analysis, as these notes represent the primary harmonic pillars of the key."
54715,C minor,"The chord sequence consists almost entirely of C minor and C minor 7 chords, establishing C as the clear tonal center. This is strongly supported by the chroma activations, which show the highest intensity at the pitch C."
54735,B major,"The chord progression utilizes the E, F#, and B chords, which correspond to the IV, V, and I chords in the key of B major. The chroma activations, specifically the high prevalence of A# (0.089) compared to A natural (0.030), strongly support the key of B major over E major."
54830,A minor,"The chord sequence is heavily dominated by A minor chords (including A:min7 and A:min/5), which strongly establishes A minor as the tonic. The use of F major and G major chords follows the i-VI-VII progression typical in A natural minor, and the high A chroma activation further confirms this tonal center."
54907,A major,"The chord progression is composed primarily of A, F#m, E, and D, which are the I, vi, V, and IV chords of the A major key. The chroma activations reinforce this analysis, with high values for A, E, F#, G#, and C#, all of which are diatonic to the A major scale."
54908,F# minor,"The chord sequence centers repeatedly on F# minor, which acts as the tonic. The frequent appearances of B major and E major function as the IV and VII chords within the key of F# minor, and the chroma activations are dominated by notes that strongly align with the F# minor scale."
54909,E major,"The chord sequence consists primarily of E:maj, A:maj, and B:maj, which function as the I, IV, and V chords in the key of E major. This is a classic diatonic progression, which is further supported by the high chroma activations for E, A, and B."
54910,F# minor,"The chord sequence primarily oscillates between F# minor and E major, which functions as a i-VII progression in the key of F# minor. The persistent emphasis on the F# minor chord throughout the progression strongly establishes it as the tonic."
54911,A major,"The chord sequence consists primarily of A major, D major, and E major, which are the I, IV, and V chords in the key of A major. The inclusion of F# minor as the relative minor (vi) chord and the chroma data, which emphasizes the tonic (A) and dominant (E), further confirm this key."
54912,D major,"The chord sequence consists almost entirely of D, G, and A major chords, which represent the tonic, subdominant, and dominant chords in the key of D major. The chroma activations reinforce this analysis, as D and A are the most prominent pitches throughout the song."
54913,G major,"The chord progression consistently uses G major, E minor, and C major, all of which are diatonic to G major. The G major chord serves as the tonal center throughout the sequence, which is strongly supported by the chroma profile that shows G as the most prominent note."
55111,E minor,"The chord progression centers heavily on E minor, frequently utilizing the i-VII-VI sequence (E minor, D major, C major). The chord choices, including G major and A minor, alongside the chroma activations, are consistent with the E minor scale."
55121,F major,"The chord sequence is dominated by the F major chord, which appears with the highest total duration, supported by other diatonic chords such as D minor, A minor, B-flat major, and C major. The prevalence of these chords strongly establishes F major as the tonic, and the chroma activations are consistent with this key."
55237,F minor,"The chord sequence heavily utilizes F minor, Bb major/minor, C# major (enharmonic to Db major), and Ab major, which fits well within the F minor key (i-iv-VI-III progression). The chroma activations also support this analysis with higher values at F, G# (Ab), and A# (Bb)."
55247,A minor,"The chord sequence is heavily centered on A minor, which appears for the vast majority of the duration. The supporting chords, including Dm7, F, and G, are all characteristic of the A minor scale and strongly establish it as the tonic."
55248,C major,"The chord sequence concludes with a strong focus on C major and F major, establishing a clear tonal center of C major. The chroma profile, with significant activations for C and G, strongly supports this key."
55249,A major,"The chord sequence oscillates primarily between A major and D major, with B minor and F# minor chords also appearing frequently, all of which are consistent with the key of A major. This is further supported by the chroma activations, which show strong values for the notes A, D, B, and C#, all belonging to the A major scale."
55285,B minor,"The chord sequence is heavily anchored by the B minor chord, which is the most frequent and longest-held chord throughout the clip. The surrounding chords D, A, and G are diatonic to the B minor scale, further reinforcing B minor as the tonic."
55286,E minor,"The chord progression is dominated by the sequence E minor, C major, D major, and B minor, which is a classic i-VI-VII-v progression in E minor. The chroma activations also support this key by emphasizing notes like B, D, and E, which are prominent in the E minor scale."
55288,A minor,"The progression heavily features A minor, C major, D minor/D7, F major, and G major chords, which are all characteristic of the A minor scale. The chroma activations reinforce this, with high values for A, C, and E, confirming A minor as the central tonic."
55289,E minor,"The chord sequence is composed primarily of E minor, C major, and D major, which correspond to the i, VI, and VII chords in the key of E minor. The consistent use of these chords, along with supporting A minor and B minor chords, aligns perfectly with the E natural minor scale."
55290,A minor,"The chord sequence alternates exclusively between F major and A minor. Given the chroma activations showing strong emphasis on A, F, E, and C, and the relative absence of Bb, A minor is the most plausible key."
55292,G major,"The chord sequence follows a repeated pattern of Em-Bm-C-G, which strongly suggests the key of G major (vi-iii-IV-I). The ending progression of C-D-G-Am-D further confirms G major by utilizing the tonic, subdominant, and dominant chords. The chroma data aligns with this by showing strong activations for G, B, D, and F#."
55295,C major,"The chord sequence consists primarily of the I (C), IV (F), V (G), and vi (Am) chords, which are characteristic of the key of C major. The high chroma activations for C, G, A, and F further reinforce this analysis."
55332,A minor,"The song predominantly features A minor, G major, and F major chords, which are the i, VII, and VI chords in the key of A minor. The high chroma activations for A, E, and C also align with the A minor scale."
55334,A minor,"The chord progression frequently uses A minor, F major, D minor, and G major chords, which are all diatonic to the key of A minor. The prominence of A minor, especially in the final chords, combined with chroma activations highlighting A, C, E, and G, strongly points to A minor as the tonal center."
55336,E minor,"The chord sequence consists entirely of E minor. Furthermore, the chroma activations show high values for E, G, and B, which are the notes of an E minor triad, confirming E minor as the tonic."
55346,D major,"The chord sequence alternates primarily between D major and B minor, which are the I and vi chords in the key of D major. The additional G major chord functions as the IV chord in D major, confirming the tonal center."
55370,Eb minor,"The chord sequence is heavily dominated by Eb minor, which makes up the majority of the duration provided. The chroma activations also feature strong peaks at D# (Eb) and A# (Bb), which are the tonic and dominant notes of the Eb minor scale, confirming this key."
55405,Bb minor,"The chord sequence is dominated by various Bb-rooted chords, including Bb:min, Bb:7, and Bb:hdim7, strongly pointing to Bb as the tonic. Given the presence of minor chords and the harmonic profile, Bb minor is the most suitable key label."
55406,A minor,"The chord sequence is dominated by the frequent repetition of A minor and G major chords. This progression strongly suggests A minor as the tonic, which is further supported by the high chroma activation for A."
55407,D minor,"The chord sequence heavily features D minor, G major, and F major. The use of G major within the D minor context is characteristic of the D Dorian mode, and the overall harmonic motion centers around D minor as the tonic. This is consistent with the chroma activations showing strong emphasis on D, F, A, and G."
55409,A minor,"The chord progression repeatedly cycles through A minor, F major, and G major, which corresponds to the i-VI-VII progression in the key of A minor. This is strongly supported by the chroma data, which shows a prominent activation for A."
55411,C major,"The chord sequence consists entirely of chords found within the C major scale, specifically the common I, ii, IV, V, and vi chords (C, Dm, F, G, Am). The prominence of C as a tonic and the frequent use of the progression F-G-Am-C strongly indicate that the song is in C major."
55412,D minor,"The chord progression utilizes chords that are diatonic to both D minor and its relative major, F major. The recurring use of D minor chords and the overall harmonic motion suggest D minor as the tonic."
55451,F# minor,"The chord progression consistently uses F#, A, and E chords, which function as the i, III, and VII chords in the key of F# minor. The emphasis on F# as the tonal center and the frequent occurrence of F# minor chords throughout the sequence strongly indicate this key."
55452,Bb minor,"The chord sequence is dominated by the Bb:min chord, which serves as the tonal center. The supporting chords, including F:min, F#:maj, Ab:maj, and C#:maj, are all diatonic or common extensions within the Bb minor key context, and the chroma activations strongly support this tonic with high values for A#/Bb and F."
55488,A major,"Since the chord recognition was unsuccessful, I analyzed the chroma activations. The most prominent pitches were A, C#, and F#, which strongly correlate with the A major scale. Given that A is the most frequent pitch, I have identified A major as the key."
55550,A minor,"The chord sequence consists almost entirely of alternating A minor and Ab minor chords, with A minor acting as the more frequent and stable tonal center. The chroma activations support this by showing strong emphasis on A and G# (Ab), which is consistent with an A minor context."
55554,Eb major,"The harmonic progression is centered around the Eb major chord, which functions as the tonic. The frequent use of B major as a chromatic mediant and Bb major as the dominant chord are typical within this context, and the high D# and A# chroma activations provide further evidence for Eb major."
55558,G major,"The chord sequence prominently features G major and D major chords, with some C major and C minor chords, suggesting a tonal center of G major. Despite the initial ambiguity of the long C# major chord label and the presence of minor chords, the final progression strongly stabilizes the key as G major."
55710,C major,"The chord sequence centers around C major, with D minor and A minor acting as diatonic chords (ii and vi) within that key. The chroma profile shows strong activations for C and G, confirming C major as the tonal center."
55711,D minor,"The chord sequence is dominated by D minor and G minor chords, clearly establishing D minor as the tonic. The high chroma activation for the note D also supports this conclusion."
55712,D minor,"The chord sequence is heavily dominated by D minor, which acts as the tonic, frequently alternating with G major. This is supported by the chroma activations, which show significant peaks at D, E, F, and A, all of which are notes in the D minor scale."
55713,D minor,"The chord sequence is heavily centered on D minor, which appears for more than half of the total duration. The remaining chords, including F major and Bb major, are consistent with the D minor scale, and the chroma activations (D, F, and A) strongly corroborate the D minor triad."
55714,A minor,"The chord sequence is dominated by repeated A:min and F:maj chords, frequently accompanied by C:maj and D:min, all of which are diatonic to the A minor scale. The constant return to A:min throughout the sequence indicates that it functions as the tonal center."
55715,A minor,"The progression revolves around A (alternating between major and minor), with accompanying chords like Bm, Em, and F major, which are all common in the key of A minor or the A Dorian mode. The consistent repetition of the Bm to Em sequence acts as a minor ii-V cadence, firmly establishing A minor as the tonal center."
55716,B minor,"The chord sequence relies heavily on B minor, D major, F# minor, and G major, which are all diatonic to the B minor scale. The chroma activations show prominent peaks at B, D, and F#, corresponding to the B minor triad, further reinforcing B minor as the tonic."
55717,Ab major,"The frequent use of Ab major, Eb major, and Bb major chords strongly points to Ab major as the tonic. The recurring E major and Ab minor chords can be interpreted as chromatic mediant relationships or modal mixture, which are common stylistic features."
55718,G major,"The chord sequence consists primarily of an alternation between C major and G major, with G major appearing much more frequently and for a longer total duration than C major. This harmonic structure is supported by the chroma activations, which show a strong emphasis on G, with secondary support from B, D, and C, further reinforcing G major as the tonic."
55719,E minor,"The chord sequence is dominated by a repeated progression of G major, D major, and E minor, which is a standard progression in E minor (bIII-bVII-i). The chroma data also highlights E, G, and F#, which are consistent with the E minor scale, and the frequent return to the E minor chord reinforces it as the tonal center."
55899,D minor,"The chord sequence is dominated by D minor with a brief C major chord, which is a common progression in D minor (i-VII-i). This is further supported by the chroma activations, where D is the most prominent pitch."
56143,A major,"The chord sequence is heavily dominated by A major and E major, which function as the tonic (I) and dominant (V) chords in the key of A major. The frequent repetition of these chords, along with the occasional D major chord, confirms this tonal center, which is further supported by the high chroma activations for A and E."
56186,D minor,"The chord sequence is heavily anchored around D minor, with frequent occurrences of D minor (i), F major (III), and A major (V). The use of A major as a dominant chord is characteristic of the D harmonic minor scale, which is consistent with the harmonic progression observed throughout the snippet."
56187,A minor,"The chord sequence is dominated by the A minor chord, which acts as the tonic, and frequently utilizes the relative major (C major) and the dominant (E major). These harmonic relationships strongly establish A minor as the key, which is further supported by the chroma activations showing prominence of A, E, and B."
56189,G minor,"The chord sequence spends the majority of its duration oscillating between G minor and D major, establishing a clear G minor tonal center. While the latter part of the song transitions to a progression (C minor, E-flat major, B-flat major, F major) characteristic of the relative major key of B-flat major, the initial and more sustained harmonic focus is on G minor."
56249,C minor,"The chord sequence prominently features C minor, Bb major, Ab major, and Eb major, all of which are diatonic to the C minor scale. Given the frequent return to the C minor chord as a harmonic anchor, it is the most logical choice for the tonic."
56480,B major,"The chord sequence is centered around B major, with recurring patterns featuring B, A, G, F#, and E chords. The frequent, long-duration B major chords strongly suggest that B is the tonic, while the use of major chords like A and G often indicates a Mixolydian or modal influence common in this type of harmonic progression."
56500,Ab major,"The chord progression consistently uses C# major (enharmonically Db), Eb major, and Ab major, which correspond to the IV-V-I progression in the key of Ab major. The chroma profile further supports this, with high activations for the notes belonging to the Ab major scale."
56502,D minor,"The chord sequence consistently oscillates between A major and D minor, which represents a recurring V-i progression characteristic of the key of D minor. The heavy usage of these two chords provides a strong harmonic anchor that identifies D minor as the tonic."
56504,C major,"The chord sequence consists primarily of 'N' (unidentified) labels, with a single C major chord appearing. Given this limited information, C major is the most direct inference, which is supported by the relative prominence of C, E, and G in the chroma activations."
56505,C minor,"The chord progression is dominated by C minor, which acts as the consistent tonal center throughout the sequence. The recurring use of G minor, F major, and Eb major chords fits well within the C minor harmonic context, likely utilizing the C Dorian mode."
56506,E minor,"The chord progression is anchored in E minor, evidenced by the recurring E minor chords and the use of B major as a dominant resolving to the tonic. The inclusion of D major and C major further aligns with the diatonic scale of E minor."
56508,B minor,"The chord progression consistently features B minor, A major, D major, and G major, which are all diatonic to the key of B minor. The repetition of the B minor chord as a foundational element indicates that B minor is the tonal center."
56510,C# major,"The chord sequence primarily oscillates between Ab major and C# major, which function as a V-I cadence in the key of C# major (enharmonically Db major). This tonal center is further supported by the chroma activations, which show strong peaks at C# and G#, the tonic and dominant of the key."
56511,Bb major,"The song is dominated by a Bb major chord for almost the entire duration, and the chroma vector shows the highest activation for A#/Bb, which strongly points to Bb major as the tonic."
56512,E major,"The chord sequence is dominated by the E major chord, and the chroma analysis shows a clear peak at E, confirming E major as the key."
56513,G minor,"The chord sequence consistently revolves around the tonic G, using the progression F major, Eb major, and D major to resolve to G. This harmonic motion is typical of the G minor scale, utilizing the bVII-bVI-V-i progression."
56514,A major,"The chord sequence consists primarily of 'N' markers, but identifies A major as the only recognizable chord. This is supported by the chroma profile, where the highest activation is on the note A, strongly suggesting A major as the tonic."
56515,F# minor,"The chord sequence consists almost entirely of an F# minor chord, which is the strongest indicator of the tonal center. The chroma activations support this, with F# being the most prominent pitch."
56516,A minor,"The progression heavily relies on A minor and D minor, which serve as the tonic (i) and subdominant (iv) chords in A minor. The use of F major and G major as VI and VII chords is a common feature of the A minor harmonic or natural minor context, and the strong prominence of A in the chroma activations confirms A as the tonic."
56517,C major,"The chord sequence primarily consists of C major, A minor, G major, and E minor, which are all native chords within the key of C major. The frequent repetition of the C major chord and the overall harmonic structure strongly indicate C major as the tonic."
56518,G major,"The chord progression is dominated by G major, D major, A minor, and C major chords, which are all diatonic chords within the G major scale. These chords consistently function within the key of G major, with the sequence reinforcing G as the tonic."
56520,E minor,"The chord sequence primarily revolves around E minor, G major, C major, and D major, all of which are diatonic to the E minor scale. The frequent use of E minor as a structural anchor, particularly at the beginning of the sequence, strongly indicates E minor as the tonic key."
56521,A major,"The chord sequence oscillates between F major and A major, with A major held for a significant duration as the final chord. This harmonic relationship and the strong chroma activity for A, C#, and E strongly indicate that the key is A major."
56525,C minor,"The chord sequence primarily alternates between C minor and G minor, with C minor appearing more frequently and concluding the sequence with the longest duration. This harmonic stability suggests that C minor is the tonic of the piece."
56526,D minor,"The chord sequence is dominated by D minor, which appears frequently throughout the piece, along with A minor. The chroma profile shows strong activations for D and A, confirming D minor as the tonal center."
56527,C minor,"The chord sequence is dominated by the C minor chord, which appears for the longest total duration. The presence of the F major chord, often functioning as a IV chord in a minor key (particularly in the Dorian mode), combined with the frequency of C minor, strongly points to C minor as the tonic."
56528,E minor,"The chord progression frequently cycles between E minor, C major, and D major, which is a classic i-VI-VII progression in E minor. The chroma activations further support this, with prominent notes including E, F#, G, B, and C, all of which are diatonic to the E minor scale."
56601,C major,"The chord sequence is heavily centered around C as the tonic, with frequent appearances of both C major and C minor chords. The chroma profile reinforces this with high activation values for C and G, and the G# activation supports the use of the C minor chord (Ab) within the progression."
56603,C minor,"The chord recognition model identifies a C minor chord as the primary harmonic content for the majority of the provided duration. While the chroma profile is somewhat ambiguous, the explicit chord label provided is the most reliable indicator of the key."
56605,Bb minor,"The chord sequence consists almost entirely of a Bb minor chord, which is the primary indicator of the key. This is further supported by the chroma activations, where A# (the enharmonic equivalent of Bb) is the most prominent pitch."
56606,F# major,"The harmony is dominated by the frequent use of F# major and Eb minor, which are the tonic and relative minor chords of the F# major scale. Given the significant duration of F# major, it is clearly the tonal center of the piece."
56712,A minor,"The song frequently centers on A minor and its relative major, C major. The presence of E minor and G major chords fits naturally within the A minor key, and while B major is chromatic, the overall harmonic movement consistently returns to A minor as the tonic."
56713,D major,"The harmonic sequence is composed of D major, G major, and B minor, all of which are diatonic to the key of D major. The frequent use of the D major chord and its function as the primary tonal anchor strongly support identifying D major as the key."
56714,G major,"The chord progression frequently utilizes C major, D major, and E minor, which correspond to the IV, V, and vi chords in the key of G major. The consistent return to G major as a resolution and the notable chroma activation for F# (0.102) strongly support this key assignment."
56795,D major,"The chord progression consistently features the I (D major), IV (G major), vi (B minor), and V (A major) chords, which are all diatonic to the D major scale. The chroma activations are also strongly aligned with the notes of the D major scale, confirming the key."
56798,F major,"The chord sequence centers around F, Bb, and C, which function as the I, IV, and V chords in the key of F major. The frequent use of the Bb major chord and the chroma profile emphasizing F and Bb further support F major as the tonic."
56799,F major,"The song oscillates between F major and D minor, which are relative keys. F major is the most likely tonic given its slightly greater total duration throughout the chord progression."
56801,D major,"The chord sequence consists primarily of D major, A major, and B minor chords, which are the I, V, and vi chords of the D major scale. The recurring emphasis on D major as the tonal center is well-supported by the chroma activations, which show strong values for D, A, and E, all belonging to the D major key."
56803,C# minor,"The chord sequence is heavily anchored around C# minor, with frequent appearances of C#:min, F#:min, E:maj, and A:maj, all of which are diatonic to the key of C# minor. The chroma activations reinforce this conclusion, showing significant peaks at C#, E, and G#, which comprise the C# minor triad."
56804,A minor,"The song predominantly oscillates between A minor and D minor, incorporating the G major chord as a VII chord. This progression is consistent with the A minor scale and centers around A minor as the tonic."
56805,C major,"The chord sequence is dominated by C major and G major chords, along with D minor and D major, which are standard diatonic (or secondary dominant) chords within the key of C major. The prevalence of C as a tonal center is strongly supported by the recurring I-V-I patterns and the chroma data highlighting notes within the C major scale."
56825,C major,"The chord sequence is heavily anchored by C major, which functions as the tonic, especially given its long duration. The inclusion of chords like F and G is consistent with a standard I-IV-V progression, while the chords Ab and Eb represent common chromatic borrowings, and the chroma profile further supports C major by emphasizing its primary triad notes."
56836,D minor,"The chord sequence is dominated by D minor, F major, and Bb major chords, which strongly suggest D minor as the tonic. The chroma activations confirm D as the primary pitch, and the final D major chord functions as a Picardy third, resolving the sequence in D minor."
56895,A minor,"The chord sequence consistently centers around A:min, frequently returning to it and utilizing common diatonic chords within the key of A minor, such as F:maj, D:min, C:maj, and E:min. The chroma activations also support this, showing significant presence of A, E, and C, which are key notes of the A minor scale."
56901,A minor,"The chord sequence is dominated by the A minor chord, which appears frequently and is held for long durations, establishing A as the tonal center. The supporting chords, such as G major and C major, are diatonic to the A minor scale, further reinforcing this key."
56903,D major,"The chord sequence consists predominantly of D major, A major, and B minor chords, which correspond to the I, V, and vi chords of the D major scale. These chords, appearing frequently in a standard harmonic progression, indicate that the song is in the key of D major."
56904,Ab major,"The chord sequence is heavily centered on the Ab major chord, which is the most frequent and long-lasting chord throughout the track. The chroma activations show a strong peak at G# (the enharmonic equivalent of Ab), further confirming Ab major as the likely key."
56905,D major,"The song predominantly features D major, C major, and E minor chords, which strongly suggest a key of D major. This progression is characteristic of music that centers on the D tonic, utilizing the bVII (C major) and ii (E minor) chords frequently found in that key."
56908,G major,"The chord sequence is heavily dominated by G major, which appears most frequently and functions as the tonal center. Other chords present, such as C major, E minor, and E major, are diatonic to G major, while the occasional F major chord can be interpreted as a borrowed bVII chord commonly used in the key of G major."
56912,A minor,"The chord progression frequently centers on A minor, often resolving there, and includes supporting chords like D minor and C major that are diatonic to the A minor scale. The chroma activations showing high prominence for C, A, and E further substantiate A minor as the tonic."
56929,G major,"The song is centered on G major, as indicated by the frequent and sustained use of the G major chord as the primary tonal center. The inclusion of Bb, C, and F major chords suggests a rock or blues-influenced progression utilizing modal interchange, and the final D major chord acts as a dominant that reinforces G as the tonic."
56958,C major,"The chord progression is dominated by C major, F major, and G/G7 chords, which are the primary functional chords in the key of C major. The frequent inclusion of C minor chords suggests modal mixture, but the overall tonal center remains strongly anchored to C major, which is also supported by the high chroma activations for C and G."
57003,G major,"The chord sequence consists primarily of chords diatonic to the G major scale, such as G major, D major, C major, B minor, and E minor. The progression frequently resolves to the G major tonic, and the chroma profile shows strong activations for the notes G, B, D, and F#, which are central to the G major tonality."
57004,Ab minor,"The chord sequence primarily alternates between Ab minor and F# major, which function as the i and VII chords in the key of Ab minor. The chroma activations reinforce this with significant activity on G# and F#."
57005,G major,"The chord progression is dominated by G major, D major, and B minor chords, which strongly imply a tonic of G major. The high chroma activations for D, G, B, and A further support this tonal center."
57007,B major,"The progression primarily utilizes chords B, E, C#m, and G#m (labeled as Abm), which are all diatonic to the B major scale. The chroma activations further support this, showing prominent values for the tonic (B), the major third (D#), and the fourth (E) of the scale."
57009,F major,"The chord progression is dominated by Gm, Bb, F, and C, which are all diatonic to F major, following a frequent ii-IV-I-V pattern. The inclusion of Am and Dm at the end of the sequence further reinforces the key of F major, as all these chords are native to that scale."
57010,D minor,"The song features a repeating progression of D (minor and major), F, and Eb major chords, which is characteristic of the D Phrygian mode. The chroma activations reinforce this by prominently featuring D, Eb, and Bb, confirming D minor as the tonal center."
57012,D major,"The chord sequence consists almost entirely of D major (the I chord) and A major (the V chord), which strongly indicates the key of D major. This is further corroborated by the chroma activations, which show the strongest peaks at D and A."
57038,D major,"The chord sequence relies heavily on the alternation between D major and F# minor chords, which function as the I and iii chords in the key of D major. The frequent return to D major and the high chroma activations for D and F# confirm D major as the tonal center."
57043,Ab minor,"The chord sequence is heavily centered around the Ab minor chord, which appears frequently throughout the piece. The other chords present, including F# major, C# major, E major, and Eb minor, are all standard chords commonly found within the Ab minor harmonic context."
57047,G minor,"The chord sequence is heavily dominated by G minor, with a C7 chord acting as a subdominant IV chord, characteristic of a G Dorian or bluesy G minor progression. The chroma activations showing high peaks on G and D further confirm G minor as the tonic."
57049,C major,"The chord sequence centers on C major, utilizing diatonic chords such as F major, G major, A minor, and D minor. The repeated use of the F minor chord serves as a characteristic borrowed minor subdominant, which is common in C major, and the chroma activations are consistent with the C major scale."
57050,G major,"The chord sequence consists primarily of G major, C major, D major, and E minor, all of which are diatonic to the G major scale. The inclusion of an A:7 chord acts as a secondary dominant (V/V), further reinforcing G major as the tonic. Additionally, the chroma activations show strong peaks at G, D, and B, which corresponds to the G major triad."
57053,B minor,"The chord sequence heavily features B minor as the tonic, alternating with D major (its relative major) and A major (the VII chord). This harmonic progression is strongly characteristic of the B minor key."
57054,G major,"The chord sequence is composed of G, C, Bm, and Em chords, all of which are diatonic to the G major scale. The chroma vector's highest activations (G, B, D) further reinforce G major as the likely key."
57071,A minor,"The chord sequence consists entirely of chords found within the A minor scale, such as F major, A minor, Emin7, and G7. The frequent resolution to A minor and the prominent chroma activation for A further reinforce that A minor is the tonal center."
57164,E major,"The chord sequence is heavily dominated by the E major chord, which serves as the primary harmonic anchor throughout the song. The frequent use of C# minor and F# minor relative to the sustained E major segments points strongly to E major as the tonic, which is further supported by the chroma profile showing significant activity on the E major scale degrees B, E, and G#."
57166,C major,"The chord sequence consistently cycles through C, G, and F major chords, which function as the I, V, and IV chords in C major. The chroma activations, which show high values for C, G, and F, further confirm this tonal center."
57175,A major,"The chord sequence consists primarily of A major, E major, C# minor, and F# minor, which are all diatonic to the key of A major. The frequent alternation between the I (A major) and V (E major) chords strongly establishes A major as the tonic."
57176,D major,"The chord sequence consists primarily of diatonic chords within the key of D major, including the tonic (D), subdominant (G), dominant (A), supertonic (E minor), and submediant (B minor). The chroma profile further supports this, with prominent activations for notes belonging to the D major scale."
57234,Ab major,"The chord progression is dominated by chords that are diatonic to Ab major, including Fm (vi), Ab major (I), Eb major (V), and C# major (the IV chord, enharmonic to Db major). The frequency of these chords and the chroma activations, which show strong peaks at Ab and Eb, clearly indicate that the song is in the key of Ab major."
57235,B minor,"The chord sequence centers on B minor, with frequent occurrences of G major, F# minor, and A major, all of which are diatonic to the B minor scale. The chroma activations reinforce this conclusion, showing high levels of B, D, and F#, which comprise the B minor triad."
57241,A minor,"The chord sequence consists primarily of an alternation between A minor and C major chords, with A minor being slightly more frequent and the final chord of the snippet. The high chroma values for both A and C further confirm the relationship between these relative keys, with A minor acting as the most plausible tonal center."
57261,A minor,"The chord progression prominently features A minor, E minor, C major, D major, G major, and E major. The consistent use of the E major chord as a dominant leading into A minor, combined with the overall harmonic content, strongly establishes A minor as the tonic."
57262,D minor,"The chord sequence is heavily anchored by the D minor chord, which is the most frequent chord. Additionally, the chroma activations show strong peaks on D, A, and E, which align with the D minor tonic and scale tones."
57263,D minor,"The chord sequence is heavily dominated by the D minor chord, which accounts for the majority of the song's duration. This is further corroborated by the chroma activations, which show significant peaks at D and A, the tonic and dominant notes of the D minor scale."
57265,A minor,"The chord sequence is consistently anchored around A:min, which appears frequently throughout the progression. The chroma analysis strongly supports this, as 'A' and 'E' have the highest activation levels, confirming A minor as the tonal center."
57267,C major,"The chord sequence consists entirely of chords (C, F, G, Dm, Am) diatonic to the C major key, and the chroma activations strongly highlight the notes of the C major scale."
57300,Ab major,"The song is centered around Ab major, as evidenced by the heavy dominance of the Ab major chord and the high chroma activations for G# (Ab) and D# (Eb). Although F# major and C# major chords are present, the persistent return to Ab major establishes it as the tonic."
57303,F# major,"The chord sequence prominently features F# major, Eb minor, C# major, and B major, which are the I, vi, V, and IV chords in F# major. This harmonic structure is supported by the chroma activations, which show significant peaks at F#, C#, and A#, consistent with the F# major triad."
57374,A major,"The chord sequence is dominated by an A major chord throughout the entire duration. The chroma activation confirms this with a very strong peak at A, accompanied by significant activation at C#, which is the major third of the A major chord."
57387,F# major,"The chord sequence prominently features the F# major triad as the tonic, along with its subdominant (B major), dominant (C# major), and relative minor (Eb minor, enharmonically equivalent to D# minor). The chroma activations support this analysis with strong peaks on F#, A#, and C#, which constitute the F# major tonic triad."
57391,A major,"The chord sequence consists primarily of A major, D major, E major, and F# minor chords, which are all part of the A major scale. The frequent resolution to A major strongly points to it being the tonic."
57393,G minor,"The chord sequence is heavily centered around G minor, which appears consistently throughout the progression. The accompanying chords, such as Bb major and F major, are diatonic to the key of G minor, and the chroma activations support this tonic, with the occasional C major chord suggesting a G Dorian modality."
57400,C major,"The chord progression is built around C major, frequently using diatonic chords such as C, F, D minor, and E minor. The chroma activations show a strong prominence of C and E, which further confirms C major as the tonal center."
57433,B major,"The chord progression is dominated by B major, F# major, and Ab minor, which correspond to the I, V, and vi chords in the key of B major. The chroma activations further support this, with the highest values corresponding to the notes G#, A#, F#, and B, all of which are prominent members of the B major scale."
57632,A major,"The chord progression is dominated by the A major chord, which acts as the tonic. The recurring F major, C major, and G major chords function as common modal interchanges or borrowed chords within the key of A major, and the chroma data showing strong peaks at A and E reinforces A as the tonal center."
57636,B major,"The chord sequence consists primarily of B major, D major, E major, and A major. These chords are characteristic of a blues-rock progression centered on B, where the D and A chords function as the bIII and bVII borrowed chords in B mixolydian."
57663,B major,"The chord sequence consists primarily of the alternation between B major (I) and F# major (V), which are the tonic and dominant chords in the key of B major. The chroma activations confirm this, showing high prominence at the B and F# notes."
57786,C# minor,"The chord sequence is overwhelmingly dominated by a C# minor chord throughout the 60-second duration. This is strongly supported by the chroma activations, which show the highest peaks at C#, E, and G#, corresponding to the root, minor third, and perfect fifth of the C# minor triad."
57787,F major,"The chord progression is centered around F major, using the I (F), IV (Bb), and V (C) chords extensively, along with the vi (D minor) chord. These chords are all diatonic to F major, and the chroma activations strongly support this key, with F and Bb being the most prominent notes."
57788,G major,"The chord sequence heavily utilizes G, Am, C, and Em, which are all diatonic chords within the G major scale. The high chroma activations for G and F# (the leading tone) further confirm G major as the tonal center."
57790,C# minor,"The chord sequence centers around the tonic C# minor, frequently alternating with the dominant Ab major (V) and Ab7 chords. Chroma activations confirm this with a strong emphasis on C#, supporting the identification of C# minor as the tonal center."
57791,C major,"The chord progression is dominated by chords that are diatonic to the key of C major, such as C major, A minor, E minor, F major, and D minor. The chroma activations also strongly align with the C major scale, further confirming this key assignment."
57792,Bb major,"The chord sequence consistently revolves around the I, vi, IV, and V chords (Bb, G minor, Eb, and F) of the Bb major scale. This harmonic progression is strongly reinforced by the chroma activations, which show prominence in Bb, F, and G."
57793,E minor,"The chord sequence is heavily anchored by the E minor chord, which appears frequently and for extended durations throughout the piece. The chroma activations further support E as the tonal center, showing a strong presence of the E note."
57796,C major,"The chord progression consistently alternates between C major and F minor, with C major serving as the primary tonal center throughout the piece. The chroma activations for C, E, and G further support C major as the key despite the frequent use of the F minor chord."
57798,F major,"The chord progression is dominated by the F major, C major, Bb major, D minor, and A minor chords, which are all diatonic to the F major scale. The frequent return to F major as a stable tonic chord confirms F major as the key."
57799,C minor,"Since the chord data was unavailable, the analysis relied on the chroma activations. The most prominent notes were C, A#, D#, and G#, which align well with the tonic, minor third, minor sixth, and minor seventh of the C minor scale."
57801,C minor,"The chord sequence consists primarily of an oscillation between C minor and Bb major, with C minor functioning as the stable tonic. The chroma data further supports this interpretation by showing significant activations for C and its dominant, G."
57802,B major,"The chord sequence consists primarily of B major, E major, and F# major, which represent the I, IV, and V chords in the key of B major. This harmonic analysis is further supported by the chroma activations, which show the strongest peaks on B, D#, and F#."
57804,D minor,"The chord sequence consistently revolves around D minor, G minor, and A major, forming a standard i-iv-V harmonic progression in D minor. The frequent resolution back to the D minor chord confirms it as the tonic."
57909,E major,"The chord progression prominently features E major, A major, C# minor, and F# minor, which are all diatonic to the E major scale. Additionally, the chroma activations show high intensity for E, G#, and B, which are the primary chord tones for an E major triad."
57910,G major,"The chord sequence is composed primarily of G major, C major, D major, and E minor, which are the I, IV, V, and vi chords in the key of G major. The frequency of the G chord and the high chroma values for G, D, and B provide strong evidence that the tonal center is G major."
57911,Eb major,"The chord sequence consists primarily of Eb major, Ab major, Bb major, and C minor, which represent the I, IV, V, and vi chords in the key of Eb major. The chroma activations strongly support this key by showing high peaks at the notes Eb, Bb, C, and G, which are all part of the Eb major scale."
57912,G major,"The chord sequence consists primarily of G major, C major, and D major chords, which function as the I, IV, and V chords in the key of G major. The inclusion of A minor and B minor chords further supports this key, as they are the ii and iii chords of G major."
57913,G major,"The chord sequence contains clear functional harmony typical of the key of G major, including a prominent ii-V-I progression (Am7-D-G) and related chords like C major (IV) and E minor (vi). The chroma activations also show high concentrations on the notes G, B, D, A, and E, which are central to the G major scale."
57914,F major,"The chord sequence is dominated by frequent repetitions of F major, C major, and Bb major chords, which correspond to the I, V, and IV chords in the key of F major. The chroma activations further support this, with prominent peaks at F, C, A, and Bb/A#."
57915,E major,"The chord sequence is heavily centered on E major, characterized by a persistent alternation between the tonic E major and the dominant B major. The chroma activations strongly support this conclusion, as the highest values align with the notes of the E major scale, specifically E, B, F#, A, and G#."
57916,E major,"The chord progression is dominated by E major, A major, and B major, which function as the I, IV, and V chords in E major. The additional chords, including F# minor, C# minor, and F#7, are all diatonic or secondary dominant chords within the key of E major, and the chroma profile supports this analysis with a strong emphasis on E."
57918,D minor,"The harmony is centered around the D minor tonality, as evidenced by the frequent use of D minor, F major, G minor, A major, and Bb major chords. While the piece concludes with a D major chord, the dominant presence of D minor's chords and the relative prominence of the F natural chroma over F sharp strongly support D minor as the key."
57919,F major,"The chord sequence is dominated by F major, C major, and Bb major, which correspond to the I, V, and IV chords in the key of F major. The progression resolves consistently to F major, and the chroma activations show high values for F, C, and Bb (A#), further confirming this tonal center."
57920,G major,"The song's chord progression is composed of chords (G, Am, D, C) that fit perfectly within the G major scale. With G functioning as the consistent tonic throughout, and the chroma profile showing high activations for G, D, B, and A, G major is the clear key."
57921,F major,"The chord sequence is composed almost entirely of chords from the F major scale, including the tonic (F), subdominant (Bb), dominant (C), and various diatonic minor chords (Dm, Gm, Am). The high chroma values for F, C, and A further corroborate F major as the tonic center."
57922,E minor,"The chord sequence is heavily anchored around E minor, with frequent use of Am, G, C, Bm, and D, which are characteristic chords in the key of E minor. The chroma profile further supports this with strong activations in E, B, and G, reinforcing the tonic and harmonic structure."
57924,Bb minor,"The chord progression is centered on Bb minor, with frequent occurrences of Bb minor and Bb minor7 as the tonic. Other chords present, such as Ab major, F# major, C# major, and F minor, are typical of the Bb minor tonality, and the chroma activations strongly support this with peaks at Bb, F, Ab, and Db."
58111,C major,"The chord sequence is dominated by C major, with recurring G major and A minor chords, which is characteristic of a vi-V-I progression in the key of C major. The chroma activations showing strong peaks at C and G further corroborate that C major is the tonal center."
58128,G major,"The chord sequence is dominated by G major and C major chords, with G major appearing for the vast majority of the duration. This harmonic structure is characteristic of a I-IV progression in G major, and the chroma activations (particularly the presence of B, D, G, and F#) are consistent with this key."
58129,C major,"The chord sequence consistently features C major, E minor, F major, and G major chords, all of which are diatonic to the C major scale. The frequent return to C major as the harmonic foundation confirms that the key is C major."
58130,Eb major,"The chord progression is dominated by Eb major, Ab major, and Bb major, which are the I, IV, and V chords in the key of Eb major. This functional relationship strongly defines the key, which is further supported by the chroma activations reflecting the notes of the Eb major scale."
58133,A major,"The chord progression is consistently anchored around A major, which appears most frequently and provides a clear tonal center. Although the presence of Bb major and F major introduces chromaticism, the overall structure and the strong emphasis on the note A in the chroma analysis support A major as the tonic."
58134,C# minor,"The chord sequence frequently centers around C# and E, and the progression of B-F#-C#-Eb aligns with a typical bVII-IV-i-v harmonic structure in C# minor. The chroma activations further support this by highlighting the notes C#, D#, E, G#, and B, all of which are characteristic of the C# minor scale."
58135,G major,"The chord sequence is dominated by G major, E minor, D major, and C major, which are the I, vi, V, and IV chords in the key of G major. The chroma activations also strongly support this, with high values for G, B, and D, the notes of the G major triad."
58136,A major,"The chord sequence is composed primarily of A, Bm, C#m, and E, which correspond to the I, ii, iii, and V chords in the key of A major. The frequent return to the A major chord as the tonal center strongly indicates that the song is in the key of A major."
58138,C major,"The harmonic sequence is dominated by the C major chord and includes other chords such as F, G, Am, and Em, all of which are diatonic to the key of C major. The consistent use of these chords, combined with the frequency of C major as a tonal anchor, strongly identifies C major as the key."
58139,B major,"The chord sequence consists primarily of B major and Ab minor chords, where Ab minor is the enharmonic equivalent of the relative minor, G# minor. The chroma distribution, showing high activations for the notes B, D#, F#, G#, and A#, strongly supports a key of B major."
58140,F# major,"The chord progression is dominated by F# major, interspersed with its IV (B major) and V (C# major) chords, which strongly indicates a key of F# major. This is further supported by the chroma activations, where F#, B, and C# are among the most prominent notes."
58204,A minor,"The chord sequence is heavily anchored on A minor, which appears most frequently and acts as the tonic. The presence of E major as a dominant chord and the chroma data showing high concentrations on A and G# strongly support the A minor key center."
58207,C minor,"The chord sequence is heavily centered on C minor, using G minor (the minor v chord), F major (the natural VII chord), and Eb major (the III chord) as frequent supporting harmonies. This progression is characteristic of a C minor tonality, likely within the natural minor or Dorian mode."
58210,E minor,"The chord sequence is dominated by E minor, D major, and C major, which form a common progression in E minor (i-VII-VI). While the chord recognizer identified F major, this often appears in this context as a borrowed chord or modal interchange, and the resolution towards E minor confirms it as the tonal center."
58215,B major,"The chord sequence follows a cycle of fourths (Ab-C#-F#-B), which strongly suggests a resolution to B major. This is further supported by the chroma activations, which are consistent with the notes of the B major scale."
58216,Bb major,"The song predominantly utilizes Bb major, G minor, Eb major, and F major chords, which are all diatonic to the key of Bb major. The chord progression and the strong chroma activations for A# (Bb) strongly indicate a tonic of Bb."
58219,Ab major,"The chord sequence is dominated by the Ab major chord, with supportive use of the IV (C# major) and ii (Bb minor) chords, which are standard in the key of Ab major. The chroma data shows a very high activation for G# (the enharmonic equivalent of Ab), further confirming Ab as the tonic."
58220,Bb major,"The chord sequence is dominated by a Bb major chord, which lasts for nearly the entire duration of the clip. The chroma activations confirm this, showing significant peaks on Bb (labeled as A#) and F, which are the root and fifth of the Bb major triad."
58221,B minor,"The chord sequence repeatedly features the progression B minor, G major, and A major, which corresponds to the i-VI-VII chords in the key of B minor. Additional chords like D major and C# minor are also diatonic to the B minor scale, confirming this key choice."
58237,C# major,"The harmonic progression is centered around C# major, with frequent use of the F# major (IV) and Ab major (V) chords, which strongly point to the key of C# major. The presence of the B major chord is consistent with a bVII borrowed chord, and the chroma activations (specifically high G# and F#) align well with this key signature."
58273,B minor,"The chord sequence contains B minor and G major, where B minor is the longer-duration chord and likely serves as the tonic. The prominence of F# and B in the chroma data further supports the B minor key."
58274,E minor,"The chord progression consistently uses E minor, F# minor, G major, and A major, which are standard chords in the E Dorian mode (a type of E minor scale). The chroma activations also highlight E, F#, G, and B, further reinforcing E minor as the key."
58275,B major,"The chord progression is centered around B major, frequently utilizing E major (IV) and F# major (V), which are standard functional chords in this key. Additionally, the chroma activations show high prominence of B, A#, and C#, consistent with the B major scale."
58276,D major,"The chord sequence is centered on D major, with G and A functioning as the IV and V chords, which is typical for the key of D major. The inclusion of C major is common in this context as a bVII borrowing, and the chroma activations for D, A, and G strongly support this tonality."
58278,A minor,"The progression is strongly centered around the A minor chord, which appears frequently throughout the sequence. The presence of F major, G major, C major, and the E major chord serving as a dominant V to the A minor i chord confirms the key is A minor."
58288,C major,"The chord sequence is dominated by C major, A minor, and D minor, which are all diatonic chords within the key of C major. The Bb major chord functions as a borrowed subtonic (bVII), which is common in pop music, and the chroma profile shows strong activations for the C major scale, supporting this key."
58290,D major,"The chord sequence prominently features D major, G major, A major, E minor, F# minor, and B minor, which are all diatonic chords in the key of D major. The recurring use of these chords and the overall harmonic progression strongly support D major as the tonal center."
58292,C major,"The song predominantly features the C major chord, with supportive F major (IV) and G major (V) chords, which strongly establishes C major as the tonic. The chroma activations, showing peaks on C and G, corroborate this harmonic analysis."
58293,C major,"The chord sequence is heavily dominated by C major, with the other chords present (F major, G major, D minor, and A minor) all being diatonic to the C major scale. This progression functions as a classic I-vi-ii-V-IV-I structure, clearly establishing C major as the tonic."
58294,A major,"The chord sequence primarily consists of A, D, E, and Bm, which correspond to the I, IV, V, and vi chords in the key of A major. The prevalence of these diatonic chords and the strong cadence structure suggest A major as the tonic."
58295,D major,"The chord sequence contains D major and F# major, which function as the I and III chords within the D major scale. The chroma profile further supports this, as it shows significant energy in the notes D, A, and C#, which are key members of the D major scale."
58296,D minor,"The harmonic progression is consistently centered around D minor, F major, and C major, which are diatonic to the D minor scale. While the initial segment is labeled as C# minor, the later section of the track strongly establishes a D minor tonal center through the frequent use of D minor and C major chords."
58297,D major,"The chord sequence is dominated by the D major chord, which alternates with the G major chord in a simple I-IV progression. This harmonic structure is characteristic of D major, and the chroma profile supports this, with D, F#, and A showing relatively high activation levels."
58303,G major,"The chord progression frequently centers around G major and D major, with numerous V-I resolutions (D-G) and a strong reliance on the G-C-D harmony, which strongly indicates G major as the home key."
58304,D minor,"The chord sequence begins with a prolonged D minor chord and frequently employs chords like F major, Bb major, C major, and G minor. All of these chords are diatonic to the D minor scale, making it the most consistent tonal center."
58307,G minor,"The progression relies heavily on G minor, C minor, Bb major, and Eb major, which are all chords found within the G natural minor scale. The frequent return to G minor as the harmonic foundation makes it the most consistent tonal center."
58308,F major,"The song primarily alternates between F major and C major chords. F major is identified as the key because it appears more frequently and for a longer total duration, and the chroma profile shows a stronger presence of A and F compared to E, which is essential for C major."
58309,G major,"The chord progression is dominated by G major, C major, D major, and E minor chords, which represent the I, IV, V, and vi chords in the key of G major. The chroma activations also support this key by showing high values for the notes that comprise the G major scale."
58310,G minor,"The chord sequence relies heavily on G minor, supported by its functional chords C minor (iv) and D major (V). The chroma profile also confirms this with strong activations on G and D, which are the tonic and dominant notes of the G minor scale."
58312,G major,"The chord sequence consists primarily of diatonic chords from G major, including G (I), Amin (ii), Bmin (iii), C (IV), and D (V). The recurring sequence of C-D-Bmin is a common harmonic progression in G major, and the chroma data reinforces this with high activations for notes in the G major scale."
58315,G major,"The harmony is anchored by the presence of D:7 (the dominant) and A:min7 (the supertonic), which strongly suggest the key of G major. Although the sequence includes chromatic chord shifts, the underlying functional harmonic movement aligns most consistently with G major."
58316,Eb minor,"The chord sequence is heavily dominated by Eb minor chords, including Eb:min7, Eb:min, and Eb:7. The chroma activations support this tonal center, with D#/Eb being the most prominent peak."
58337,C# major,"The chord progression is heavily grounded in the C# major chord, which acts as the primary tonal center. Supporting chords such as F# major and Ab major represent the IV and V chords, further confirming the key of C# major."
58339,C major,"The chord sequence consists almost entirely of an alternating pattern between C major and F major, which functions as a I-IV progression in the key of C major. The chroma profile strongly supports this, with C being the dominant pitch class."
58340,B minor,"The harmony is dominated by chords that belong to the B minor scale, such as B minor, E minor, D major, and A major. The constant recurrence of the B minor chord suggests it as the tonic, and the chroma activations strongly support the notes of the B minor scale (D, F#, G, E, B)."
58374,A major,"The chord progression is dominated by an alternation between A major and C# minor chords, with additional appearances of F# minor and E major. These chords are all diatonic to the key of A major, and the chroma peaks at C#, E, and A strongly support this tonality."
58384,A major,"The song's chords consist of A major, C# minor, F# minor, and E major, all of which are diatonic to the key of A major. The frequent alternation between A major and C# minor, combined with the fact that the sequence ends on the A major chord, strongly suggests that A major is the tonic."
58410,Ab major,"The harmonic progression centers heavily on Ab major, alternating with C# major and Eb major, which represent the I, IV, and V chords in the key of Ab major. The high frequency of the Ab major chord and its placement strongly establish it as the tonic."
58412,Eb minor,"The chord sequence frequently centers on Eb minor and uses functional chords such as Ab major, F# major, and C# major. The chroma profile aligns with this, showing strong activations for the notes of the Eb minor scale."
58462,E major,"The chord sequence is dominated by E major, A major, and B major chords, which function as the tonic, subdominant, and dominant in the key of E major, respectively. The chroma activations further support this, with high values at E and B."
58463,F# minor,"The chord progression is clearly centered around F# minor, with almost every chord being an F# minor variant or a B minor 7. The chroma analysis strongly supports this, showing significant activation for F#, G#, and A, which are key components of the F# minor scale."
58505,C major,"The song centers on the C major chord for the majority of its duration, indicating it as the tonic. The alternating E major chords function as a chromatic mediant, and the high chroma activations for C, E, and B strongly confirm a C major tonal center."
58507,G minor,"The chord sequence consists primarily of G minor, Bb major, D minor, Eb major, F major, and C minor chords, which are all diatonic to the G minor scale. Given the frequent use of G minor as a home base and the matching chroma profile, G minor is the most appropriate key."
58517,Bb minor,"The chord progression consistently features Bb minor, F minor, and Db major, all of which are primary chords in the key of Bb minor. The inclusion of both F minor and F major indicates the use of the harmonic minor scale, which is common in this key, and the F# (Gb) major chord functions as the IV chord."
58604,C major,"The chord progression is dominated by chords such as C major, F major, D minor 7, and G7, which are characteristic of the C major diatonic scale. The presence of the minor iv chord (F minor) at the end is a common harmonic device used in C major to lead back to the tonic. Additionally, the chroma analysis shows strong activation for C and G, which are the fundamental notes for the key of C major."
59068,C major,"The song is heavily centered on the C7 chord, which persists for the majority of its duration. The chroma activations, which show significant intensity at C and A# (Bb), reinforce that the tonal center is C."
59173,C# major,"The chord progression primarily uses chords from the C# major scale, including the tonic (C# major), subdominant (F# major), dominant (Ab major), and secondary chords like Eb minor, Bb minor, and F minor. The chroma activations support this, with the highest values observed on C#, D#, and F, which are all part of the C# major scale."
59176,B minor,"The progression features a heavy reliance on B minor, alongside standard diatonic chords for that key such as A major, G major, D major, and F# major. Although B major appears frequently, it functions as a modal mixture or borrowed chord within the overall B minor tonal center."
59190,C major,"The chord progression consistently uses C major, D minor, and F major, which are all diatonic chords in the key of C major. This, combined with the high chroma activations for the notes C, E, F, and A, strongly confirms C major as the tonic."
59198,E minor,"The song is dominated by a persistent alternation between F major and E minor chords, a characteristic progression in the E Phrygian mode where F major functions as the Neapolitan (bII) chord. Given this harmonic relationship, E minor serves as the tonal center."
59250,G major,"The chord progression consists primarily of G, D, Em, Bm, and Am chords, which are all diatonic to the G major scale. The frequent cycling through these chords and the established harmonic relationships strongly indicate that G major is the tonal center."
59251,Eb major,"The chord sequence consists primarily of Eb, Ab, Bb, C minor, and F minor, all of which are diatonic to the key of Eb major. The repeated emphasis on the Eb major chord and the functional movement between these chords strongly indicate Eb major as the tonic."
59252,E minor,"The chord sequence consistently features E minor, C major, and D major, which forms a standard i-VI-VII progression in E minor. The recurrence of E minor as a tonal center, particularly at phrase boundaries, strongly supports this key."
59284,Ab major,"The chord progression prominently features the I, IV, V, and vi chords of the Ab major scale, specifically Ab, Db (C#), Eb, and Fm. This harmonic structure, supported by high chroma activations for the tonic and dominant notes, strongly indicates that the key is Ab major."
59286,D minor,"The chord sequence consistently revolves around D minor and Bb major, which function as the i and VI chords in the key of D minor. The frequent use of A major and A minor as a dominant chord reinforces the D minor tonal center."
59291,A minor,"The chord sequence primarily alternates between A minor and C major, which are relative keys. Given that A minor is the most frequent chord, and the sequence ends on an A minor chord, A minor is the most likely tonal center."
59293,C major,"The chord sequence consists primarily of C, G, Am, and F, which are the standard diatonic chords of the C major key. The chroma activations reinforce this, as the highest values correspond to the notes C, E, and G, which form the C major triad."
59294,B minor,"The chord sequence repeatedly centers on B minor, supported by chords such as G major, F# minor, A major, and E major, which are all consistent with the B minor harmonic context. Furthermore, the chroma activations show a strong prominence of B, D, and F#, which comprise the B minor triad."
59375,C major,"The chord progression is dominated by C major, G major, and A minor chords, which represent the I, V, and vi chords in the key of C major. The chroma profile further supports this, showing strong activations for the notes C, G, and D, which are central to the C major scale."
59542,D minor,"The chord progression alternates between D minor and G7, which is characteristic of the D Dorian mode often found in minor key contexts. The chroma activations reinforce this analysis by prominently featuring D and F, the root and minor third of the D minor triad."
59543,C# major,"The chord sequence relies heavily on C# major, F minor, and F# major, all of which are diatonic to the C# major key. The chroma activations showing peaks at F and G# further support this tonal center, as these notes are key components of the C# major scale."
59544,C major,"The chord sequence consists primarily of C major, G major, A minor, and F major, which are all diatonic to the key of C major. The frequent use of C major as a tonal center strongly supports C major as the key."
59545,Eb major,"The chord sequence consists of a repeating IV-iii-ii-I harmonic progression (Abmaj - Gmin - Fmin7 - Ebmaj7) which is characteristic of the key of Eb major. The inclusion of the Bb chord and the chroma activation profile, which highlights the notes of the Eb major scale, further support this tonality."
59546,D major,"The chord progression prominently features D major, G major, F# minor, and B minor, all of which are diatonic to the D major scale. This harmonic usage, combined with the chroma activations peaking at D, F#, and G, strongly points to D major as the tonal center."
59552,Bb minor,"The chord sequence is heavily centered around the Bb minor chord, frequently alternating with the VI chord (F# major, enharmonically Gb major) and the VII chord (Ab major), which is a common progression in Bb minor. The chroma activations reinforce this with high prominence on the Bb (A#), Ab (G#), and Gb (F#) notes."
59554,D minor,"The chord progression frequently alternates between D minor and C major, with D minor acting as the recurring anchor and tonic. The chroma data, which highlights D, C, and G as prominent notes, supports a key centered on D."
59555,C major,"Due to the absence of chord data, the key was determined by analyzing the chroma activations, which show a strong emphasis on the C pitch. The combination of C, D, and B suggests a tonal center of C major."
59559,A major,"The chord progression is dominated by the A major chord, which appears for the longest duration throughout the sequence. The movement between A major, B major, and E major strongly suggests a tonal center of A, where E major functions as the dominant and B major acts as a secondary dominant."
59595,C major,"The chord progression primarily alternates between F major and G major, which function as the IV and V chords in C major, with an A minor chord appearing as the vi chord. The chroma activations show strong values for all notes in the C major scale, which further supports this key identification."
59608,D major,"The chord sequence is dominated by D, A, and G major chords, which are the tonic, dominant, and subdominant chords in the key of D major. The presence of a C major chord functions as a common flat-VII borrowed chord, typical in rock and folk music within a D major tonal context."
59613,F minor,"The chord sequence is heavily centered on F minor, which appears most frequently and acts as the harmonic anchor. The progression also utilizes Bb major and C minor, which are consistent with the key of F minor, and the chroma profile highlights the tonic (F) and dominant (C) tones."
59614,E minor,"The song is heavily centered on E minor, with frequent usage of the tonic, the subdominant (A major/minor), and the relative major (G major). The strong E chroma activation (0.462) also strongly supports E as the tonic."
59630,A minor,"The chord sequence oscillates primarily between A minor and G major, which is a characteristic progression in the key of A natural minor. The chroma activations reinforce this with significant presence of A, C, E, and G, while the low activation for F# supports the absence of the leading tone in natural minor."
59631,C minor,"The harmonic progression is centered around C, utilizing chords such as C minor, G minor, F major, and Bb major, which are characteristic of C minor or C Dorian. These chords, along with the chroma activations emphasizing C and G, strongly support C minor as the tonal center."
59633,F# minor,"The chord sequence centers on F# minor, E major, and A major, which share the same key signature. The frequent emphasis on F# minor throughout the progression makes it the likely tonal center."
59634,A minor,"The chord sequence consists almost entirely of A minor and A minor 7 chords throughout the duration. Furthermore, the chroma activation shows a very strong presence of A, confirming A minor as the tonal center."
59635,E minor,"The chord sequence is heavily anchored by E minor and E minor 7 chords throughout the progression. The high chroma values for E and B, along with D and F#, consistently reinforce E minor as the primary tonal center."
59915,C minor,"C minor is the longest-duration chord in the sequence and the chroma activations are highly consistent with its scale, showing prominence for C, Eb (D#), and G. While the progression includes segments of Ab minor and F# major, C minor remains the primary harmonic anchor."
59982,Bb minor,"The chord sequence is dominated by Bb minor and Bb minor7 chords, establishing Bb as the clear tonal center. The supporting chords, including Eb major and Ab major, are consistent with the natural minor scale in Bb."
59985,C# major,"The song is centered around C# major, which is the most prominent chord by a wide margin. The use of Ab major as a dominant and F# major as a subdominant confirms the key, and this is further supported by the chroma activations, which show the strongest peaks at C# and G#."
60154,A minor,"The chord sequence consistently revolves around A minor as the tonic, with frequent use of the E7 to A minor cadence, which is the dominant-to-tonic progression in this key. Other chords like F major and D minor are commonly used diatonic chords within the A minor scale, further supporting this analysis."
60158,D major,"The chord progression is primarily built from the D major scale, featuring chords such as D, G, Em, Bm, and A7. The presence of A7 as a dominant chord and the frequent resolutions to the D major chord establish D major as the tonal center."
60255,F minor,"The harmony is centered around F, with frequent appearances of F minor, F major, F:7, and F:augmented chords. The inclusion of Bb minor and C# major (the relative major) further supports F minor as the home key."
60277,C# major,"The chord sequence revolves around C# major, with significant use of the tonic (C#), subdominant (F#), and dominant (Ab7) chords. The consistent resolution to the C# major chord indicates that C# major is the home key."
60353,C# major,"The chord progression is dominated by the tonic C# major, along with its subdominant F# major and dominant Ab major. The presence of supporting chords like Eb minor and Bb minor, combined with the chroma activations, strongly supports C# major as the tonal center."
60355,B major,"The song begins with a sequence that centers around G and C major, but it modulates to and settles firmly in B major for the latter portion of the track. The use of B, E, F#, and Ab minor (enharmonically G# minor) strongly defines B major as the primary key."
60356,G major,"The song predominantly features G major and D major chords as its foundation, with additional supporting chords like C major, A minor7, and E minor7, which are all diatonic to the key of G major. The chroma profile, showing strong activations for G, D, and A, further reinforces G major as the tonic."
60357,A major,"The chord sequence consists entirely of chords diatonic to the A major scale, including A, D, E, F# minor, and B minor. The frequent returns to the A major chord and the reliance on E major as the dominant chord strongly establish A major as the tonic."
60358,D major,"The chord sequence heavily utilizes G, D, A, and E minor chords, which are all diatonic to the D major scale. The persistent E minor to A major cadence functions as a ii-V progression in D major, and the chroma activations strongly align with the D major scale notes (D, E, F#, G, A, B, C#)."
60360,D major,"The chord progression is dominated by chords found in the D major key signature, such as G, A, F#min, Bmin, and D/F#. The chroma profile also confirms this, showing significant activations for notes in the D major scale, including F#, C#, B, and G."
60362,A major,"The chord sequence spends the majority of its duration in an A-centered progression, primarily using A major and D major chords which establish A as the tonal center. Although the song modulates towards C major in the latter half, the initial and longer section strongly points to A major as the primary key."
60363,C major,The chord progression is anchored by frequent C major chords and includes standard ii-V-iii-vi patterns (Dmin7-Gmaj-Emin7-Amin7) that confirm C as the tonal center. The appearance of Bb major chords can be understood as common bVII modal interchanges frequently found in the key of C major.
60842,E minor,"The progression is centered around E minor, evidenced by the frequent use of E minor chords paired with the B major dominant. While there is modal mixture and some chromaticism, the strong presence of E and B in the chroma data and the harmonic structure support E minor as the tonic."
60919,E major,"The chord sequence consists almost entirely of E major, A major, and B major chords, which correspond to the I, IV, and V chords in the key of E major. The inclusion of an A minor chord (a common borrowed minor iv chord) and the high E chroma activation strongly confirm the key as E major."
60920,E major,"The chord sequence centers on E major, frequently utilizing the IV (A major) and V (B major) chords, which strongly establish E major as the tonic. The section featuring Ab minor (enharmonic to G# minor) and Eb7 (enharmonic to D#7) functions as a movement to the iii chord, a common harmonic device in this key. The chroma activations provide further support, as the most prominent notes (G#, B, E, D#) are all essential members of the E major scale."
60921,C major,"The progression features common chords within the C major scale, such as C, F, G, and A minor. While E major is frequently used, it functions here as a secondary dominant or a borrowed chord from the relative minor, and the overall harmonic motion centers around C major."
60922,E minor,"The chord sequence is heavily centered on E minor, supported by common chords in that key such as G major and C major. The frequent use of Eb major and Eb augmented introduces chromaticism, which is a common device in this harmonic context, while the high chroma activations for E, G, and B further support E minor as the tonal center."
60923,E major,"The chord sequence prominently features E major, A major, and B major, corresponding to the I, IV, and V chords in the key of E major. The recurrent C# minor and Ab major chords function as the vi chord and a secondary dominant (V/vi) respectively, which is a common progression in the key of E major."
60924,D minor,"The chord sequence frequently alternates between D minor and A major, strongly establishing D minor as the tonic. The use of chords like C major, F major, and E diminished, alongside high chroma activations for A and F, consistently supports the D minor key center."
60925,F major,"The chord sequence is composed of F major, Bb major, and C major, which correspond to the I, IV, and V chords in the key of F major. The high chroma activation for F further supports this tonal center."
60926,C major,"The chord sequence repeatedly features a progression consisting of C major, A minor, F major, G major, and E major. The E major chord serves as a secondary dominant to the A minor chord, which is a common feature within the key of C major."
60927,E minor,"The chord sequence initially features progressions characteristic of E major or C# minor, but later shifts to a G major context before strongly cadencing in E minor with the final progression of E:min, A:7, B:maj, E:min."
60928,E minor,"The song predominantly features E minor and A minor chords, which function as the i and iv chords in the key of E minor. The recurring use of B major and B7 chords serves as the dominant (V) chord, strongly reinforcing E minor as the key."
60969,F# minor,"The harmony is strongly centered on the alternation between F# minor and A major, which are the tonic and relative major chords in the key of F# minor. The chroma activations are consistent with this analysis, showing high F# and A values. The additional chords, such as B major and C# minor, are also frequently used within this harmonic context."
60971,D minor,"The chord sequence is centered around D minor, with consistent usage of the dominant A major chord and related chords like F major and Bb major. The chroma activations further support this by showing high values for D, F, and A, which are the main notes of the D minor triad."
60973,E minor,"The chord sequence is dominated by an E minor chord, which lasts for over half the duration of the track. The chroma activations strongly support this with a high peak at E and G, and the presence of C major, E minor, and A minor is consistent with the harmonic structure of E minor (VI-i-iv)."
60974,C minor,"The song is centered around C, with the harmonic structure primarily alternating between C minor and Ab major chords. This i-VI relationship is strongly characteristic of the C minor key, and the high chroma activation for C further confirms its role as the tonic."
61394,D minor,"The chord progression consists almost entirely of D minor and D minor 7, clearly establishing D minor as the key. The chroma activations confirm this with a strong peak at D."
61480,B minor,"The chord progression is heavily grounded in B minor, utilizing its relative major (D major) and the VI, VII, and V (F# major) chords, which are all characteristic of the B minor harmony."
61495,E minor,"The chord sequence primarily oscillates between E minor and D major, with occasional C major chords, which is characteristic of the E minor scale. The chroma activations, showing significant weight on E, G, D, and A, are also highly consistent with the E minor tonality."
61496,A minor,"The chord sequence frequently utilizes a recurring pattern of A minor, G major, C major, and E major, which are characteristic of the key of A minor. The E major chord acts as a dominant that pulls strongly to the A minor, establishing it as the tonal center."
61497,A minor,"The chord progression frequently uses A minor, G major, F major, and C major, all of which are consistent with the A minor scale. The repeated use of the E major chord as a dominant (V) leading into A minor strongly indicates that the song is in A minor."
61498,E major,"The chord sequence is heavily centered around E major, which is the most frequent and long-lasting chord. The recurring progression involving A major and the dominant-like E major chord strongly establish E major as the tonic, despite the occasional chromatic shifts to chords like C major and B minor."
61499,A minor,"The chord sequence is consistently anchored by A minor and utilizes common functional harmonies such as C major, F major, and G major. The recurring use of E major as a dominant chord resolving to A minor reinforces the identification of A minor as the tonic."
61501,C major,"The chord progression is composed of C major, G major, F major, D minor, and E minor chords, all of which are diatonic to the C major scale. The high chroma activations for C, G, E, and B further reinforce C major as the tonal center."
61502,C minor,"The chord progression is centered on a repeating pattern of Ab major, G major, and C minor, which strongly supports a key of C minor. The Ab major chord functions as the submediant (bVI) and the G major as the dominant (V) resolving to the tonic C minor."
61503,Bb major,"The harmonic sequence is built primarily from the chords Bb major, C minor, G minor, F major, and Eb major, all of which are diatonic to the key of Bb major. The persistent return to Bb major and the chroma distribution, which highlights Bb, D, and F, strongly confirm the key as Bb major."
61504,C major,"The harmony centers on the diatonic chords of C major (C, F, G, Am). Although there is a prominent section emphasizing A minor with its secondary dominant E major, the overall progression frequently resolves back to C major, making it the most likely tonal center."
61505,C major,"The chord progression predominantly uses the chords C major, F major, G major, and A minor, all of which are diatonic to the C major key. Frequent resolution to the C major tonic and high chroma activations for the C and G notes strongly indicate C major."
61507,C major,"The chord sequence centers around Fmaj7, Am, and G, which are functional chords in C major. While Cmin appears as a borrowed chord, the overall harmonic movement and chroma activations strongly support C major as the tonic."
61509,F# major,"The chord sequence oscillates primarily between F# major and B major, which corresponds to the I and IV chords in the key of F# major. The chroma activations reinforce this with a strong emphasis on F#. The presence of the Eb minor chord at the end is consistent with the vi chord in the key of F# major."
61510,A minor,"The chord sequence centers heavily around A minor and E major, which represents a strong i-V relationship in the key of A minor. Although there are chromatic movements and various other chords like F major and G major, the consistent return to A minor and E major establishes it as the tonic."
61512,B major,"The chord progression alternates between B major, the tonic, and Eb minor, which acts as the iii chord (D# minor). The inclusion of F# major (the V chord) and E major (the IV chord) further confirms the key of B major. The chroma profile, with strong peaks for B, F#, D#, and A#, is entirely consistent with the B major scale."
61673,Eb major,"The chord sequence follows a repeated pattern of F, Bb, Eb, and Ab, which functions as a ii-V-I-IV progression in the key of Eb major. This interpretation is supported by the chroma activations, which show significant weight on the notes F, Bb, Eb, and Ab, all of which are primary members of the Eb major scale."
61679,D minor,"The chord sequence is dominated by D minor, Bb major, and F major chords, which all belong to the D minor scale. The frequent return to the D minor chord, particularly the sustained D minor7, strongly suggests it functions as the tonic."
61731,Eb major,"The chord progression is dominated by Eb major, C minor, and G minor, all of which are diatonic to the key of Eb major. The chroma profile shows strong peaks at G, Bb, and D, which are consistent with the tonic and related chords in this key."
61767,F minor,"The song is dominated by an F minor chord for nearly its entire duration of 60 seconds, which strongly establishes it as the tonic. The chroma data also shows a peak at F, consistent with this harmonic center."
61768,E minor,"The chord sequence oscillates primarily between E minor and C major/7th chords. Given the high chroma activations for E and C, and the strong presence of the E minor triad, E minor is the most likely tonic."
61772,F major,"The chord progression is dominated by F chords, with the F major chord having the longest duration, establishing F as the most likely tonal center. The appearance of F minor is common as a modal mixture within the key of F major."
61775,Eb major,"The harmonic sequence heavily features an oscillation between Eb major and Ab major, which represent the I and IV chords in the key of Eb major. The chroma activations strongly confirm this, with peak values at Eb, Ab, and Bb, reinforcing the tonic, subdominant, and dominant scale degrees of the Eb major scale."
61777,G major,"The chord sequence is heavily centered on G major, with supporting chords such as D (V), C (IV), E minor (vi), and B minor (iii) that all fit within the G major diatonic collection. The chroma activations corroborate this, with G showing the highest prominence."
61782,G major,"The chord sequence consists of G major, C major, D major, and E minor chords, which are all diatonic to the G major scale (I, IV, V, and vi respectively). This harmonic context is strongly supported by the chroma activations showing prominent G, C, and D pitches."
61854,Eb major,"The harmony is primarily based on alternating Eb major and Bb major chords, which function as the tonic (I) and dominant (V) in the key of Eb major. The chroma activations show strong peaks at A# (Bb) and D# (Eb), which confirms this tonal center."
61863,D major,"The chord sequence is heavily anchored around the D major tonic, with frequent use of the subdominant (G major) and dominant (A major) chords. The recurring use of G minor, which acts as the borrowed minor iv chord in the key of D major, further confirms D major as the tonal center."
61890,F# major,"The chord sequence is dominated by F# major, B major, and C# major, which represent the I, IV, and V chords in the key of F# major. This harmonic progression, supported by the strong F# chroma activation, clearly points to F# major as the key."
62042,F minor,"The song is overwhelmingly dominated by an F minor chord, which accounts for the vast majority of its duration. The high chroma activation on F further confirms this as the tonal center."
62164,Bb major,"The chord sequence frequently alternates between Bb major and its relative minor, G minor, strongly suggesting a key signature with two flats. As the sequence centers around Bb major and frequently returns to it, Bb major is the most likely tonic."
62171,D minor,"The chord sequence is dominated by D minor, C major, and G major chords, which forms a common i-VII-IV progression in D minor or D Dorian. The chroma activations further support D as the primary tonal center, given the high activation for D."
62184,Ab major,"The chord sequence consists almost entirely of Ab major and Eb major chords, which act as the tonic (I) and dominant (V) in the key of Ab major. This analysis is supported by the chroma activations, which show high peaks at G# (Ab) and D# (Eb), the tonic and dominant notes of the scale."
62188,D major,"The chord progression is dominated by D, G, and A major chords, which correspond to the I, IV, and V chords in the key of D major. The chroma profile further supports this with its highest activations at D, G, and A."
62375,Ab major,"The chord progression is centered around Ab major, with frequent use of the IV (Db major, enharmonically C# major), vi (F minor), and V (Eb major) chords, all of which are diatonic to the key of Ab major. The recurring Ab major chord serves as a strong tonal center, and the chroma activations, particularly the high values for C, F, and Eb, are consistent with the Ab major scale."
62381,A major,"The chord progression frequently cycles through A major, D major, E major, and F# minor, which correspond to the I, IV, V, and vi chords in the key of A major. This tonal center is reinforced by the high chroma activations for A, C#, and E."
62418,D major,"The song is heavily centered on a D major chord which is sustained for the majority of the duration. The frequent repetition of the G-C-D chord progression is characteristic of D major or D mixolydian, supported by the prominent D and A chroma activations."
62587,E major,"The chord sequence is composed entirely of E major harmony, which is strongly supported by the chroma activations for E and B, the root and fifth of the E major triad."
62637,C minor,"The chord progression is dominated by C minor and Ab major chords, which are both native to the C minor key signature. The chroma profile further supports this with strong activations for the notes C, G, and Eb, consistent with a C minor tonic."
62640,C major,"The chord progression frequently cycles between C major and G major, establishing C as the clear tonal center. The inclusion of Ab major as a recurring chord provides a modal inflection that is common in music that frequently borrows from the parallel minor."
62641,C minor,"The chord sequence consists exclusively of an alternation between C minor and Ab major, where C minor acts as the tonal center given its significantly longer and final duration. This harmonic relationship is typical for the key of C minor."
62642,E minor,"The song is anchored by the E minor chord, which is the most frequent and has the longest total duration. The harmonic structure centers on E minor, with A minor and A major functioning as subdominant chords within that key, and the chroma activations strongly favor E and B, the tonic and dominant notes of E minor."
62643,Bb major,"The chord sequence relies heavily on Eb major, F major, G minor, and C minor, which are all diatonic chords within the key of Bb major. The inclusion of the secondary dominant C major and the leading tone function of F# diminished towards G minor further confirms Bb major as the tonal center."
62645,E major,"The progression oscillates between E major and A major, which is characteristic of a I-IV relationship in the key of E major. The inclusion of the minor iv chord (A minor) is a common harmonic device in this key, and the chroma profile confirms the tonic is E by showing strong activations for E and its perfect fifth, B."
62647,C major,"The chords Am, F, C, and G are all diatonic to the C major scale, and the recurring use of the C major chord suggests it functions as the tonic. The chroma data, showing prominent C, E, and G activations, also aligns well with the key of C major."
62648,D minor,"The chord progression frequently utilizes Bbmaj7, Amin7, Dmin, and Cmaj, which are all diatonic to the D minor scale. The focus on Dmin as the tonic, supported by the frequent use of the minor chords Amin7 and Dmin, makes D minor the most fitting key."
62665,A minor,"The progression is centered around A, with frequent returns to A minor as well as the use of D minor and E major, all of which are standard chords in the key of A minor. The strong activation of A in the chroma analysis further supports A as the tonic."
62666,A minor,"The chord sequence is heavily dominated by the A minor chord, which appears for the vast majority of the track's duration. The presence of the C major chord, which is the relative major of A minor, further reinforces this key center, and the high activation of A in the chroma profile supports A as the tonic."
62667,D minor,"The chord sequence oscillates frequently between D minor and F major, with D minor chords appearing for a longer total duration. The chroma activation confirms this with high peaks for D, F, and A, which are the notes of a D minor triad."
62670,A minor,"The progression is centered on A minor, evidenced by frequent A:min chords and support from the chroma activations showing high intensity for A, E, G, and F#. This combination of notes and chords is characteristic of A minor or A Dorian."
62673,B minor,"The chord sequence consists of a repeating Bm - A - G - F# progression, which is a classic i - VII - VI - V cadence in B minor. The chroma activations further support this, with prominent peaks at B, A, E, and F#."
62687,C minor,"The chord sequence is heavily dominated by the C minor chord, which appears for the majority of the duration. The presence of Eb major and Bb major chords alongside C minor is consistent with the key of C minor, and the chroma profile supports this tonality."
62854,C minor,"The chord sequence is heavily dominated by the C minor chord, with supportive chords including Eb major, Bb major, and Ab major, all of which are diatonic to the C minor key signature. The chroma data further reinforces this, highlighting notes like C, D, Eb, G, and Bb which are central to the C minor scale."
62902,A major,"The chord progression is dominated by A major, D major, and E major, which are the I, IV, and V chords in the key of A major, along with the vi (F# minor) and iii (C# minor) chords. The high chroma activations for A and E further confirm that A is the tonic and the key is A major."
62903,Bb major,"The chord sequence consists primarily of repetitions of Bb major, Eb major, and F major, which represent the tonic, subdominant, and dominant chords in the key of Bb major. The chroma activations also confirm this analysis with significant weight on the Bb and F notes."
62904,A major,"The chord sequence consists primarily of A, D, and E chords, which represent the I, IV, and V chords in the key of A major. The chroma activations confirm this with significant peaks on the tonic (A), subdominant (D), dominant (E), and the leading tone (G#)."
62905,C major,"The chord sequence centers around C major, featuring standard progressions like C, G, F, and Am. The opening Bb major chord serves as a common borrowed bVII chord in this context, and both the harmonic structure and chroma activations strongly support C major as the tonic."
62906,Eb major,"The chord progression is anchored in Eb major, featuring frequent occurrences of the tonic Eb major chord and the subdominant Ab major chord. The chroma activations further support this, showing a very high concentration of energy on the Eb pitch."
62907,B major,"The chord sequence prominently features E, F#, and B major chords, which clearly function as a IV-V-I progression in B major. The chroma profile, with strong activations on E, F#, and B, further reinforces this tonal center."
62908,G major,"The chord sequence consists primarily of G major, C major, and D major chords, which are the tonic (I), subdominant (IV), and dominant (V) chords in the key of G major. This harmonic pattern, combined with the high activation of G and D in the chroma analysis, strongly supports G major as the key."
62909,D major,"The chord sequence consists primarily of D major (I), A major (V), G major (IV), and B minor (vi), which strongly suggests the key of D major. This is corroborated by the chroma activations, which show significant peaks at D, C#, and F#, all notes within the D major scale."
62910,A major,"The chord sequence is heavily centered on the A major chord, with frequent appearances of D major and G major chords. This structure strongly points to A major, particularly following a common I-IV-bVII harmonic pattern."
62911,F major,"The chord progression features Fmaj7, Eø7, C7, Dmin, and Cmaj, which are all diatonic to the F major scale. The chroma activations, which are centered on C, E, and F, strongly align with the tones of the F major scale and the I chord."
63039,B major,"The chord sequence is heavily dominated by B major chords, functioning as the tonic, with E major chords acting as the subdominant (IV) in the key of B major. The chroma activations further support this, with B being the most prominent pitch class."
63098,B major,"The chord sequence consistently features a repeated pattern of B:maj, F#:maj, C#:min, and E:maj, which correspond to the I, V, ii, and IV chords in the key of B major. Although there are some G:maj substitutions, the strong repetition of the B major progression establishes it as the tonic."
63147,C major,"The chord sequence is dominated by chords such as C major, F major, A minor, and G major, which are all diatonic to the C major scale. The chroma activations also align with this, showing significant activity on the notes of the C major scale, confirming C major as the tonic."
63224,Bb major,"The harmony frequently oscillates between the Bb major and D minor chords, both of which are diatonic to the key of Bb major. Given the frequent usage and long durations of the Bb major chord throughout the sequence, it functions as the tonal center."
63227,A major,"The harmony is centered around A, with frequent appearances of A major, A minor, D major, and G major chords. The presence of both major and minor tonic chords, along with the A, D, and G chords, is characteristic of rock-influenced music in A major using modal interchange or Mixolydian elements. The high chroma activation for A further supports A as the tonic."
63228,G major,"The chord sequence is dominated by G major and C major chords, with an occasional D major, forming a I-IV-V harmonic progression characteristic of the key of G major. The chroma activations further support this, with G being the most prominent pitch and other major scale tones like B and D also present."
63229,G minor,"The chord sequence is heavily anchored around G minor, which appears most frequently. The use of the C major chord instead of C minor suggests the piece is likely in G Dorian mode rather than the natural minor scale."
63260,E minor,"The chord sequence is dominated by E minor and A minor, with supporting G major and D major chords, all of which are diatonic to E minor. The high E and F# chroma activations provide strong evidence for E minor as the tonic center."
63261,A minor,"The chord sequence consistently features A minor as the primary tonal center, frequently using chords such as D major, C major, G major, F major, and E major, all of which are common in the key of A minor. The high chroma activation for A reinforces A minor as the likely tonic."
63263,E minor,"The chord sequence is heavily anchored around E minor, with frequent E:min chords and supporting chords like C:maj, G:maj, A:min, and B:maj which are all diatonic to or commonly used in E minor. The chroma activations reinforce this, showing prominent E, G, and B, which are the root, third, and fifth of the E minor triad."
63411,G major,"The chord sequence is dominated by G major and G7, which strongly establishes G as the tonic. The chroma profile further supports this, showing significant activation for G, B, and F#, which correspond to the root, third, and leading tone of the G major scale."
63464,C major,"The chord sequence relies heavily on C major, G major, and F major chords, which are the I, V, and IV chords in the key of C major. This is further supported by the chroma activations, which show the strongest peaks on the notes C, E, and G, confirming the C major tonic triad."
63470,F major,"The progression is consistently centered on the F major chord, using related diatonic chords like D minor (vi) and Bb major (IV). The inclusion of Eb major and G major functions as common modal interchange within the key of F major, and the chroma profile shows a strong focus on the tonic note F."
63477,G major,"The chord sequence frequently alternates between G major and C major, establishing a strong I-IV relationship. Additionally, the progression featuring A minor, B minor, C major, and D major corresponds to the ii, iii, IV, and V chords in the key of G major, which is further supported by the high chroma activation for G."
63481,F major,"The chord progression is dominated by F major, C major, G minor, and Bb major, which are all diatonic chords in the key of F major. These chords (I, V, ii, and IV) establish a strong tonal center in F major, supported by the prominent chroma activations for F, C, and G."
63732,C major,"The chord sequence consists of a repeating oscillation between F major and C major, which functions as a IV-I progression in the key of C major. The chroma profile supports this, with the highest activation being for C, and significant activations for the other notes in the C major triad (E and G)."
63734,Eb minor,"The chord progression is centered on Eb minor, F# major, and C# major. These function as the i, III, and v chords within the key of Eb minor, with the frequent return to Eb minor establishing it as the tonic."
63752,Bb major,"The chord sequence is dominated by Bb major and Eb major, which establish a clear I-IV relationship in the key of Bb major. The chroma profile also shows a significant peak on Bb (labeled A#), further supporting this tonal center."
63753,C major,"The chord progression is based primarily on C major, F major, and G major chords, which correspond to the I, IV, and V chords in the key of C major. This harmonic structure is further confirmed by the chroma activations, which show prominence in notes belonging to the C major scale."
63754,D minor,"The chord progression consistently features D minor, C major, Bb major, and A major, which is a classic harmonic sequence in the key of D minor. The use of A major serves as a dominant chord, emphasizing the resolution back to D minor, which is supported by the high D and A chroma values."
63757,C major,"The chord sequence consists entirely of an oscillation between C major and F major chords throughout the recording. This persistent movement between the tonic (I) and the subdominant (IV) strongly establishes C major as the key, supported by the high chroma activations for C, F, A, and E."
63758,B major,"The chord progression frequently utilizes B, E, F#, and A, which are common chords in the key of B major (with A acting as a bVII borrowed chord). The highest chroma activation is B, supporting B as the tonic note, and the harmonic movement strongly centers around B major."
63762,C major,"Since there is no chord information provided, the key was determined by analyzing the chroma activations, which show strong peaks at C, G, and E. These notes form the core of a C major triad, suggesting C major as the most plausible key."
63768,Eb major,"The chord sequence consistently revolves around the progression Abmaj7-Bbmaj-Ebmaj7, which represents a IV-V-I progression in Eb major, followed by an Ebmin7 that adds a characteristic minor iv chord. The chroma profile aligns with this, showing high activations for Eb, Bb, and Ab, which are the fundamental notes of the primary chords in this key."
63769,C# major,"The chord sequence primarily oscillates between C# major and F# major, which indicates a I-IV progression in the key of C# major. The chroma activations showing high intensity for C#, F, and F# further support this analysis, as these notes are central to the C# major and F# major chords."
63770,G major,"The chord progression frequently cycles between A minor, D major, and G major, which corresponds to a standard ii-V-I harmonic sequence in the key of G major."
63789,E major,"The chord sequence repeatedly features A major, E major, and B major, which correspond to the IV, I, and V chords in the key of E major. The chroma activations reinforce this analysis, with the highest values observed for E, B, and A."
63929,C major,"Since the chord recognizer could not identify any chords, the analysis relied on the chroma activations. The prominence of C, E, B, and F corresponds strongly to the notes of the C major scale."
63934,C major,"The harmonic sequence is heavily anchored around C major, which appears for the longest durations throughout the piece. Supporting chords like F major, A major, and E minor are consistent with a C major tonal center, and the chroma activations confirm C as the most prominent pitch class."
63965,A major,"The chord sequence consistently centers on A, featuring a recurring progression with D major and E major, which strongly supports A major as the tonic. While the frequent use of C major and G major chords suggests modal mixture or blues-influenced borrowings, the final cadence from E major to A major reinforces the key of A major."
63966,C minor,"The progression prominently features C minor as a tonal center, frequently alternating with F minor, Bb major, Ab major, and Eb major, which are all diatonic to or commonly borrowed in the key of C minor. The sequence repeatedly returns to C minor, establishing it as the most likely tonic."
63968,D minor,"The chord sequence frequently alternates between D minor and F major, which are relative keys, and the prominence of D and F in the chroma activations further supports D minor as the tonal center."
63969,C minor,"The chord sequence is consistently centered on C minor, which appears frequently throughout the track. Other chords present, including Eb major, G minor, D minor, and F major, are all characteristic of the C minor scale."
63971,D minor,"The harmonic sequence is centered on D, with the D minor chord having the longest total duration. The chroma analysis strongly supports a D minor tonality, as evidenced by a prominent D tonic and a higher activation for F natural than for F#."
63979,B minor,"The chord progression predominantly features B minor and D major chords, with B minor occupying the majority of the total duration. Given these two chords share the same key signature and B minor is the relative minor of D major, the strong emphasis on B minor suggests it is the tonic."
63998,E minor,"The chord sequence is dominated by an E minor chord, which is heavily supported by the chroma activations showing E as the most prominent pitch class. Given this clear harmonic focus, E minor is the definitive key."
63999,E minor,"The chord sequence is dominated by E minor and E minor 7 chords, with supporting C major 7 and G chords, which are diatonic to the key of E minor. The strong E activation in the chroma data further confirms E minor as the tonic."
64005,D major,"The chord sequence is heavily centered around the D major triad, with supporting chords like B minor, G major, and A major, which are all diatonic to the D major scale. While there is some chromaticism (notably the C major and F major chords), the progression consistently returns to D major as the tonal center."
64006,E minor,"The song spends the majority of its duration alternating between E minor and C major, which establishes a strong i-VI relationship in the key of E minor. Although the chord sequence shifts to A major and F# minor toward the end, this section functions as a modulation or transition that still fits within the broader tonal context of E minor."
64007,D minor,"The harmony oscillates between D minor and E minor chords, with the latter portion of the sequence establishing a clear center in D minor through the use of D minor, F major, and Bb major. The prominent use of E minor alongside these chords is consistent with the D Dorian mode, but the overall tonal center remains D minor."
64008,E minor,"The chord sequence is heavily dominated by E minor, which has the longest duration throughout the piece. The chroma profile also shows high activations for E and G, which are the root and minor third of the E minor triad, further reinforcing E minor as the tonal center."
64041,Bb minor,"The chord sequence consists almost entirely of a Bb minor chord, which indicates that Bb is the tonic. The chroma data strongly supports this with the highest activation at A#/Bb."
64044,A minor,"The chord progression is dominated by A minor, F major, and C major, all of which are diatonic to the A minor scale. The heavy emphasis on A minor as a chord and the final A major chord point to A as the tonic."
64046,A minor,"The chord sequence consists primarily of chords diatonic to the A minor scale, such as A minor, D minor, F major, G major, E minor, and B diminished. The frequent recurrence of A minor as a central harmonic anchor confirms A minor as the key."
64158,F major,"The chord progression features F major, Bb major, C major, and D minor, which are all diatonic chords within the key of F major. The frequent alternation between the F major (I) and Bb major (IV) chords strongly establishes F major as the tonic."
64160,A minor,"The chord sequence is dominated by A minor, supplemented by E minor and C major, all of which are diatonic to the A minor scale. The chroma profile shows strong peaks at A, C, and E, which are the constituent notes of the A minor triad, confirming it as the tonic."
64161,C minor,"The chord sequence is heavily anchored around C minor and F minor, indicating C minor as the tonal center. Although the progression ends on a C major chord, this is characteristic of a Picardy third or a final modal shift, while the majority of the harmonic content remains in C minor."
64162,C minor,"The progression primarily alternates between C minor and Ab major7, which function as the i and VI chords in the key of C minor. The high chroma activations for C, Eb (D#), and G strongly support C minor as the tonic center."
64163,Db major,"The chord sequence alternates between F# major and Bb minor, which correspond to the IV and vi chords in the key of Db major. This harmonic context, along with the prominence of C# in the chroma activations, strongly supports Db major as the key."
64164,E minor,"The chord sequence is overwhelmingly centered on E minor chords throughout, and the chroma activations show prominent peaks at E, G, and B, which are the root, minor third, and fifth of the E minor triad."
64165,E major,"The chord sequence consists primarily of alternating Emaj7 and Amaj7 chords with a B major chord, which correspond to the I, IV, and V chords in the key of E major. The chroma activations reinforce this with significant presence of the tonic (E), the major third (G#), the perfect fourth (A), and the leading tone (D#), all of which belong to the E major scale."
64167,A minor,"The chord sequence heavily features A minor (i), E major (V), F major (VI), and C major (III), which are characteristic of the A minor tonality. The frequent cadence back to A minor, particularly at the end, strongly reinforces this key."
64227,D major,"The chord sequence consists almost entirely of a D major chord, which strongly indicates D as the tonic. This is supported by the chroma activations, where D has the highest prominence."
64238,C major,"The chord sequence relies heavily on chords belonging to the C major scale, including C major, F major, G major, and A minor. The chroma activations further support this, as they show the strongest presence for the notes found in the C major scale."
64255,E major,"The chord sequence consists primarily of E major, A major, B major, and F# major. These chords strongly outline the E major key, with E acting as the tonic, A as the IV chord, B as the dominant V chord, and F# major as a common secondary dominant (II) frequently found in pop and rock music."
64264,C major,"The chord sequence consists almost entirely of C major and C major 7 chords, which strongly indicates a C major tonality. This is supported by the chroma activations, which show significant peaks for the notes C, E, and G, corresponding to the C major triad."
64265,C minor,"The chord sequence consists primarily of a C minor chord following a period of unrecognized input. This harmonic information, combined with the significant chroma activation for the C note, strongly supports C minor as the key."
64267,C major,"The chord sequence primarily revolves around the C major, A minor, and G7 chords, which correspond to the I, vi, and V chords in the key of C major. The frequent returns to C major and the cadential movement towards C firmly establish it as the tonic."
64270,C# major,"The chord sequence is anchored by the C# major tonic, supported by the frequent use of the subdominant (F# major) and relative minor (Bb minor). This is corroborated by the chroma analysis, which shows strong activations for the notes C#, F, and G#, all of which are essential to the C# major chord."
64275,A major,"The harmonic progression is dominated by A major, D major, and E major chords, which function as the I, IV, and V chords in the key of A major. The chroma activations, showing prominent A and E notes, further reinforce the tonal center of A major."
64361,D minor,"The chord sequence consists primarily of repetitions of D minor (the tonic) and A major (the dominant), frequently accompanied by the VI chord (Bb major), which strongly establishes the key of D minor. The chroma activations are also consistent with this, highlighting the prominence of A and Bb."
64362,G minor,"The chord sequence is centered around the G minor seventh and D seventh chords, representing a classic i-V harmonic relationship in G minor. The dominance of these chords throughout the sequence, along with supporting chords like Bb7 and Cmin7, clearly establishes G minor as the tonic."
64363,G major,"The chord sequence is dominated by G7, D7, and A7, with a clear circle-of-fifths progression (B7-E7-A7-D7-G7) resolving to a G tonic. The presence of the Gmaj chord at the end further reinforces G major as the key."
64423,G major,"The chord sequence consists primarily of G major, A minor, and C major chords, which are all diatonic to the key of G major. The high chroma activations for G, A, and D further support this key assignment."
64576,F major,"The chord progression prominently features the F major chord as the tonal center and utilizes other chords (Bb major, A minor, C major, D minor, G minor) that are all diatonic to the F major scale. The high chroma activations for F, A, and A#/Bb further support F major as the established key."
64592,D major,"The chord sequence is centered around D major, frequently utilizing the I (D), IV (G), and V (A) chords. The inclusion of B minor and E major is also consistent with the diatonic harmony of the D major key."
64804,Bb major,"Since the chord sequence was unavailable, the key was determined from the chroma activations. The high prominence of notes Bb, C, D, Eb, G, and A strongly suggests the key of Bb major."
64952,F major,"The chord sequence is heavily centered on F major and Fmaj7 chords. The chroma distribution supports this with significant activations for C, E, and F, all of which are essential notes in the F major scale."
64953,Bb major,"The progression is centered on Bb and Eb chords, with Bb clearly having the longest total duration, which strongly points to it as the tonic. The high chroma activations for F, Eb, and Bb are all consistent with the Bb major scale."
64954,C minor,"The harmonic progression consistently features C minor as the primary chord, alongside supporting chords like Eb major, F major, and G minor that are diatonic or closely related to the C minor scale. The chroma activations are also dominated by C and G, further confirming C minor as the tonal center."
64955,F# major,"The song's chord progression consists entirely of an alternation between F#:maj and C#:maj, which function as the I and V chords in the key of F# major. The chroma activations support this conclusion, with high peaks for the primary notes of the F# major scale, such as C#, G#, and F#."
64956,Db major,"The chord progression is primarily built from the diatonic chords of the Db major scale, including the tonic (C# major, enharmonically Db major), the subdominant (F# major, enharmonically Gb major), the dominant (Ab major), and the relative minor (Bb minor). The frequent alternation between Bb minor and Db major chords strongly reinforces Db major as the tonal center."
64998,A major,"The chord sequence relies heavily on A, E, and C# minor, which are the I, V, and iii chords in the key of A major. The chroma activations reinforce this, as they show prominent activity on A, C#, E, and G#, which are the main notes of the A major scale."
64999,D major,"The chord sequence is dominated by D, G, and A chords, which are the I, IV, and V chords in the key of D major. While there is a temporary shift to C and G chords and the use of B major chords, the harmonic center returns to and resolves around D major."
65000,E minor,"The chord sequence is dominated by E minor, C major, D major, and A major chords, with a strong resolution pattern favoring E minor. The presence of the A major chord (containing C#) alongside E minor and D major is consistent with the E Dorian mode, confirming E minor as the tonic."
65002,B major,"The chord sequence heavily features B major as the tonic and E major as the subdominant, which is a classic I-IV progression in B major. This is further corroborated by the chroma activations, which show B as the most prominent note."
65038,G major,"The chord sequence consists of G major, D major, E minor, and C major, which are all diatonic chords in the G major scale. The frequent recurrence of G, D, and E minor chords, along with the chroma activations highlighting D, A, and G, strongly support G major as the key."
65039,F# minor,"The chord sequence is composed almost entirely of an F# minor 7 chord, which serves as the primary tonal center. The chroma activations align with this, showing significant presence of F# and other notes that fit well within the F# minor harmony."
65089,C major,"The chord sequence is heavily centered around the C major chord, which is the tonic. The frequent use of G major (the dominant) and E major (a secondary dominant to A minor) strongly suggests a C major tonality."
65154,C major,"The chord sequence consists almost entirely of a C major chord, which dominates the audio segment. Furthermore, the chroma activations show strong presence of the notes C, E, and G, which are the components of the C major triad, confirming the key."
65217,D minor,"The chord progression is dominated by D:min, which acts as the tonic, frequently alternating with G:maj chords. This harmonic movement, combined with the strong D activation in the chroma data, strongly indicates D minor as the key."
65220,C major,"The chord sequence is heavily dominated by C major, A minor, F major, and G major, which form a strong diatonic progression in the key of C major. The chroma activations also support this, showing the highest concentrations on C and G, which are the tonic and dominant notes of the C major scale."
65412,D major,"The chord sequence prominently features D major, A major, and B minor, which represent the I, V, and vi chords in the key of D major. The inclusion of G major (IV) and E minor (ii) further establishes this as a diatonic progression in D major."
65416,D minor,"The chord sequence centers heavily on the D minor triad as a tonic, with frequent use of A major as a dominant (V) chord and G minor as a subdominant (iv) chord. This progression is characteristic of the D minor scale, confirming it as the key."
65417,A minor,"The chord sequence is heavily centered on the A minor tonic, frequently alternating with the subdominant D minor and including the dominant E major. The chroma profile further supports this with a strong emphasis on A and the leading tone G#."
65472,A minor,"The chord progression is dominated by A minor, which spans the majority of the duration. The inclusion of chords such as E minor and C major is consistent with the diatonic harmony of A minor."
65475,D major,"The song's harmony is dominated by the D major chord, which accounts for the vast majority of the duration. The alternating D major and F major chords represent a common rock progression (I-bIII), supporting D major as the tonal center."
65605,C major,"The chord progression is dominated by C major, D minor, F major, A minor, and G major, which are all diatonic to the C major scale. The final cadence of A minor to G major to C major strongly reinforces C major as the tonic."
65652,D major,"The chord sequence primarily consists of D major, G major, E minor, and A major, which are all diatonic chords in the key of D major. The prominent use of D major throughout the sequence, supported by the chroma profile showing a strong D peak, confirms D major as the tonal center."
65656,D major,"The chord sequence strongly emphasizes D major, frequently using the E:min to A:maj to D:maj progression (ii-V-I). While G:maj is also prominent, the harmonic structure and final cadence confirm D major as the primary tonal center, a conclusion supported by the high chroma activations for D, F#, A, and B."
65657,G minor,"The progression is centered around G minor, featuring prominent G minor chords and the D7 dominant chord, which resolves back to the tonic. The chroma activations further support this, with high values for D, A# (Bb), and C, consistent with the G minor scale."
65658,D major,"The chord sequence consists of G major, D major, A major, and E minor chords, which are all diatonic to the D major scale. The frequent resolutions of A major to D major strongly establish D major as the tonic."
65659,D major,"The chord sequence is dominated by D, G, and A, which are the I, IV, and V chords in the key of D major. The chroma profile confirms this with significant activations on D and F#, the root and third of the D major triad."
65660,G major,"The chord progression frequently utilizes G major, C major, D major, and E minor, which strongly indicate a home key of G major. The later section's use of B major and A minor suggests a shift into the relative minor, E minor, but the overall tonal center remains consistent with G major throughout the sequence."
65661,G minor,"The chord sequence consistently revolves around G minor and D major, which is a classic i-V relationship. The chroma activations also support this, with strong weighting on the notes D, G, A, and Bb, which are all integral to the G minor scale."
65662,D major,"The progression revolves around D major, G major, A major, and E minor chords, with D major consistently acting as the tonal center. The prominence of the D major chord, especially its long durations, along with high chroma activations for D and F#, strongly identifies the key as D major."
65663,G major,"The chord progression is built around G major, C major, D major, and E minor, which are all diatonic chords in G major. The presence of A major and A minor chords acts as common secondary dominants and borrowed chords, and the high chroma activations for G, D, B, and C natural support G major as the tonic."
65665,D major,"The chord sequence primarily consists of D major, G major, A major, and E minor, which are all diatonic chords within the D major key. The frequent and sustained usage of the D major chord indicates it is the tonic, and the chroma activations are highly consistent with the notes of the D major scale."
65666,G major,"The progression is centered around G major, C major, and D major, which function as the I, IV, and V chords in the key of G major. Secondary dominants like E major and A major are used to transition within the key, confirming G major as the tonal center."
65667,G minor,"The song is centered in G minor, utilizing chords like G minor as the tonic and D major/D7 as the dominant, which is common in the G harmonic minor scale. Although there is movement toward D minor at the end of the sequence, the overall harmonic weight and the prevalence of G minor chords confirm it as the primary key."
65668,G major,"The chord sequence consists primarily of G, D, Em, C, and A chords, which strongly points to G major as the key. The presence of the C major chord is a strong indicator of G major, and the chroma activations are fully consistent with the notes in the G major scale."
65669,D major,"The chord sequence heavily features D major, G major, A major, E minor, and B minor, which are all diatonic to the D major scale. The progression frequently resolves to D, and the chroma profile shows strong activations for the notes D, A, B, and F#, further confirming the key of D major."
65670,D major,"The chord sequence frequently utilizes the dominant A major (and A7) chord to resolve to the D major tonic, establishing a clear tonal center of D major. While G major chords are also prominent, they function as the IV chord in this key, supported by other diatonic chords like the ii (E minor), vi (B minor), and the chromatic bVII (C major)."
65671,D major,"The chord progression relies heavily on chords within the D major key, including D, G, A, Bm, and Em. The chroma activations strongly support this with significant energy on D, F#, G, B, and C#, which are central to the D major scale."
65672,D major,"The chord sequence is heavily centered on D major, consistently utilizing the tonic (D), subdominant (G), and dominant (A) chords. The inclusion of Bm and Em further confirms the key, while the presence of C major and A minor suggests characteristic rock-influenced harmonic borrowing, consistent with the key of D major."
65673,G major,"The chord progression is built around G major, C major, D major, and E minor, all of which are diatonic to the G major scale. The frequent return to G major as a primary anchor, combined with the use of A major as a secondary dominant, confirms G major as the home key."
65674,G major,"The chord sequence consistently returns to G major as the tonic and features common functional progressions including the I-V-vi-IV family. The frequent use of A major, which acts as a secondary dominant (V/V) to D major (V), is characteristic of this key. The chroma activations are also consistent with G major, showing strong weights for the scale degrees G, B, D, and F#."
65676,D major,"The chord sequence is heavily centered around the I, IV, and V chords of D major (D, G, and A). While there is a brief modulation or shift towards the end involving E major and B7 chords, the overall harmonic structure and the chroma distribution consistently point to D major as the primary key."
65678,G major,"The song predominantly features chords from the G major scale, such as G, C, D, and E minor. The harmonic structure frequently resolves to G major, and while secondary dominants like B7 and A7 appear, they function well within the context of G major."
65682,D major,"The chord sequence primarily revolves around D major, A major, and E minor chords, all of which are diatonic to the key of D major. The usage of C major as a borrowed chord and the chroma analysis showing strong activations for D, E, F#, G, A, and B further substantiate D major as the correct key."
65683,A major,"The chord sequence primarily uses A major, F# minor, D major, and E major, all of which are diatonic to the key of A major. The frequent use and prominent duration of the A major chord suggest it acts as the tonic of the piece."
65749,C minor,"The chord sequence is dominated by a C minor chord that lasts for almost the entire duration of the clip. This is further supported by the chroma activations, which show strong peaks at C, G, and D#, aligning perfectly with the C minor triad."
65755,C major,"The chord progression consistently cycles through C major, A minor, G major, and F major, which is a common I-vi-V-IV harmonic sequence in C major. The chroma activations with peaks at C and G further reinforce C major as the tonal center."
65781,F minor,"The chord progression consistently features F minor, C# major (enharmonic to Db major), Ab major, and Eb major, which correspond to the i, VI, III, and VII chords of the F minor scale. The chroma activations, showing strong presence of F, Ab, C, and Db, provide further support for F minor as the tonic."
65782,Db major,"The chord progression is centered around the Db major chord, which appears frequently throughout the sequence alongside related chords such as Bb minor and Ab major. The chroma distribution, showing prominent values for the notes of the Db major scale, further supports this tonal center."
65783,Eb major,"The chord sequence consists primarily of chords diatonic to the Eb major scale, including Eb major, C minor, Ab major, Bb major, F minor, and G minor. The progression often centers around these chords, and the chroma activations strongly align with the notes of the Eb major scale."
65787,F# major,"The chord sequence relies heavily on F#, C#, B, and Ab chords, which are foundational to the key of F# major. The chroma activations further support this, with strong peaks at C#, G#, F#, and B, all of which are primary notes within the F# major scale."
65788,C minor,"The chord progression frequently centers on C minor, using G major as a dominant chord to reinforce it. The high chroma values for C, D#, and G are consistent with the C minor triad, strongly supporting C minor as the tonic."
65789,F minor,"The chord progression frequently centers on F minor and includes key functional chords such as the subdominant (Bb minor), dominant (C major/C7), and the relative major (Ab major) associated with the F minor key. The chroma activations are also consistent with the F minor scale, with significant weight on notes like F, Bb (A#), C, and Eb (D#)."
65791,Eb minor,"The chord sequence is dominated by the Eb minor triad and utilizes chords such as C# major, B major, and F# major, which are consistent with the Eb minor scale. The chroma activations reinforce this with significant presence of Eb, F#, and A# (Bb)."
65792,B minor,"The chord sequence is dominated by B minor, F# minor, G major, and D major chords, all of which are diatonic to the B minor scale. This is further supported by the chroma activations, which show significant peaks at F#, B, D, and A, aligning perfectly with the key of B minor."
65793,C minor,"The progression frequently centers around C minor and its relative major, Eb major. The chroma profile, with strong peaks at C, G, and D#, aligns well with the C minor scale, making it the most plausible tonal center despite the piece's highly chromatic and non-functional harmonic structure."
65794,Ab minor,"The progression revolves around the Ab minor chord as the tonic, frequently alternating with the Eb major chord, which acts as the dominant. The inclusion of chords such as E major and F# major, which are common in the Aeolian or minor harmonic context, further supports the conclusion of Ab minor as the key."
65796,F# minor,"The chord sequence primarily utilizes F# minor, along with its relative major (A major) and other functional chords like C# major (V) and D major (VI). The chroma activations align with this conclusion, showing high presence of the tonic (F#), the second scale degree (G#), and the minor third (A), which are characteristic of the F# minor scale."
65872,D major,"The chord sequence consists primarily of D major, G major, A major, and B minor, which are all diatonic to the D major scale. The prominence of D major as a tonic and the standard I-IV-V-vi functional relationships strongly indicate D major as the key."
65874,E minor,"The chord progression is dominated by E minor, which appears consistently throughout the piece as a primary harmonic anchor. The other recurring chords, including A minor, C major, and D major, are all diatonic to the E minor scale, confirming it as the tonic key."
65876,A minor,"The chord progression frequently utilizes Am7, Em7, Dm7, Fmaj7, and G7, all of which are characteristic of the A natural minor scale. The constant return to the Am7 chord as a harmonic center provides strong evidence that the song is in the key of A minor."
65877,B minor,"The chord sequence is dominated by B minor, G major, and E minor chords, which strongly suggests the key of B minor. This is further supported by the chroma activations, which show a high prominence of B and G, consistent with the B natural minor scale."
65878,E minor,"The chord progression frequently cycles through E minor, G major, and D major. The emphasis on E minor as a tonal center, along with the chroma activations peaking at E, G, and D, strongly indicates E minor as the key."
65879,D major,"The chord progression is dominated by D major, A major, and G major, which are the I, V, and IV chords of the D major scale. The additional presence of B minor (the vi chord) and the chroma activations, which strongly emphasize D and A, further confirm D major as the tonal center."
65880,F major,"The chord sequence is composed primarily of F major, Bb major, and C major, which correspond to the I, IV, and V chords in the key of F major. The chroma activations also support this, showing significant presence of F and C, the root and dominant notes of the key."
65890,A minor,"The chord sequence is heavily centered around A minor, frequently returning to the A minor chord and incorporating D minor and E minor/major chords. These chords form a clear i-iv-v progression typical of the A minor key."
65891,B minor,"The chord sequence is dominated by B minor, while A major and E major function as diatonic chords within the B minor scale. The high chroma values for B and E further reinforce B minor as the tonal center."
65892,B minor,"The chord progression frequently alternates between B minor and D minor throughout the song, which strongly suggests B minor as the tonic. This is further corroborated by the high chroma activations for the notes B and D."
65893,E minor,"The chord sequence consists of a persistent oscillation between E minor and A minor. This is a common harmonic pattern where E minor functions as the tonic (i) and A minor as the subdominant (iv). The chroma activations, which show strong centers at E, A, and B, are consistent with an E minor tonality."
65991,C major,"The chord sequence consists primarily of C major, F major, G major, and D minor, which are all diatonic to the C major scale. The frequent return to the C major chord as the tonic, along with the chroma activations highlighting C, E, and G, strongly indicate that the key is C major."
65992,C major,"The chord progression frequently uses C, F, G, Dm, and Em chords, all of which are diatonic to the key of C major. The prominent use of C major and G7 chords as a strong harmonic foundation strongly supports C major as the tonic."
65993,C major,"The chord sequence is heavily centered on C major, which appears frequently throughout the track alongside chords like D minor, A minor, and Bb major. This harmonic structure is characteristic of the key of C, likely employing modal interchange with the flat-VII (Bb) chord. The chroma activations reinforce this with strong C and D profiles."
65994,C major,"The chord sequence is composed almost entirely of C, F, and G chords, which are the I, IV, and V chords in the key of C major. This harmonic structure is supported by the chroma activations, which show high values for the tonic (C), major third (E), and dominant (G) of the C major scale."
65996,C major,"The chord sequence is composed of C major, D minor, and F major chords, which are all diatonic to the C major scale. The frequent recurrence of the C major chord confirms it as the tonic center for this progression."
66011,B minor,"The chord sequence is dominated by B minor and F# minor, which acts as the v chord in the key of B minor. This harmonic progression strongly points to B minor, and the chroma activations, which are highest for B and F#, further reinforce this conclusion."
66049,F# major,"The chord sequence is dominated by F# major, with B major and Eb minor functioning as the IV and vi chords, respectively, which are both diatonic to the key of F# major. Additionally, the chroma profile shows strong activations for F# and C#, consistent with this tonality."
66050,F# major,"The chord progression relies on F# major, B major, G# minor, and D# minor (labeled here as Eb minor), all of which are diatonic to the F# major scale. The song frequently centers around the F# major chord and concludes on it, which, along with the high F# chroma activation, confirms F# major as the tonic."
66051,C# major,"The chord sequence frequently oscillates between C# major (I) and F# major (IV) with an Ab major (V) chord appearing, all of which are primary diatonic chords in the key of C# major. The chroma profile supports this, showing strong activations for C#, G#, and F (the enharmonic equivalent of E#, the third of the tonic chord)."
66052,C# major,"The chord progression features F# major (IV), Ab major (V), Bb minor (vi), and C# major (I), which are all diatonic to the C# major scale. This harmonic analysis is supported by the chroma activations, which show strong peaks at G# (Ab) and C# (Db)."
66053,Ab major,"The chord sequence primarily oscillates between Ab major and Bb minor, with Ab major serving as the harmonic anchor. This is consistent with a I-ii progression in the key of Ab major, which is further supported by the high chroma activation for G# (Ab)."
66054,B major,"The chord sequence primarily alternates between B major and Eb minor (enharmonically D# minor), which represents an I-iii relationship that suggests B major as the tonal center. This is further supported by the chroma activations, which show strong peaks on A#, F#, and B, all of which are primary notes in the B major scale."
66056,F major,"The chord sequence consists primarily of F major, G minor, C major, D minor, and Bb major, which are all chords within the key of F major. The chroma profile, showing strong activations on C, F, E, G, and A, further confirms F major as the tonic."
66057,Eb major,"The chord sequence is dominated by Eb major, Ab major, and Bb major, which function as the I, IV, and V chords respectively in the key of Eb major. This is strongly supported by the highest chroma activations, where the notes corresponding to Eb and Bb (labeled as D# and A#) are the most prominent."
66073,C major,"The chord progression is dominated by C major, F major, and A minor, which are the I, IV, and vi chords in C major. The frequent use of these chords, along with the chroma activations showing high values for C and E, confirms C major as the tonal center despite the modal borrowed Bb major 7 chord."
66074,A major,"The chord sequence consists of A major, D major, B minor, and F# minor, which are all diatonic chords within the A major key. The chroma analysis shows strong activation for the notes A and C#, which are the tonic and major third of the key respectively, further supporting A major."
66075,F major,"The chord progression is dominated by F major, C major, and Bb major chords, which represent the I, V, and IV chords in the key of F major. The chroma activations are also consistent with this key, showing high values for F, Bb (A#), and C."
66076,A minor,"The song's chord progression alternates between F major, A minor, and G major, which are all diatonic to the A minor scale. The strong chroma activations for A, E, and C further support A minor as the tonal center."
66078,Bb major,"The song undergoes multiple modulations throughout the sequence, transitioning through keys like G major, Ab major, and A major. The final section, however, resolves into a series of clear V-I cadences in Bb major, identifying it as the concluding tonal center."
66081,B minor,"The chord progression predominantly features B minor, A major, and F# minor, which are all diatonically consistent with the B natural minor scale. Since the sequence centers around B minor as the harmonic anchor, B minor is the most appropriate key."
66082,F# minor,"The song modulates from an initial focus on G major/E minor to F# minor, which serves as the final tonal center. The latter section is defined by progressions such as F# minor, E major, B minor, and C# minor, which are all characteristic of the F# minor key."
66083,Bb major,"The chord progression is centered around Bb major, using its primary chords including Bb (I), Eb (IV), C minor (ii), and F (V). The frequent resolution to Bb and the consistent use of chords belonging to the Bb major scale confirm this key."
66084,G major,"The chord sequence is heavily centered around G, with frequent use of G7, D7, and C7 chords, indicating a strong G major or mixolydian tonality. While Gmin7 and C7 are present, the overall harmonic movement revolves around G as the tonic."
66086,C major,"The chord sequence is characterized by the repeated use of C major, G major, A minor, and F major, which constitutes a classic I-V-vi-IV progression in C major. The chroma activations align with this analysis, showing prominence in C, A, and E, which are core notes of the C major key."
66087,A minor,"The harmony is strongly centered around an oscillating progression between A minor (A:min7) and E:7, which functions as a standard i-V7 relationship in the key of A minor. The consistency of this cycle throughout the chord sequence strongly supports A minor as the tonal center."
66089,B minor,"The chord progression consistently features B minor, G major, and F#7 chords, which form a classic i-VI-V7 functional progression in the key of B minor. The chroma activations further support this, showing B as the most prominent pitch class."
66090,B minor,"The chord progression predominantly features B minor, E minor, D major, and A major, which functions as a standard B minor harmony (i - iv - VI - VII progression). The high chroma activations for B, D, F#, and A strongly support B minor as the tonal center, while the low activations for C and C# are consistent with the natural minor scale."
66091,D minor,"The chord sequence consistently revolves around D minor, C major, and A minor, which corresponds to the i-VII-v progression in D minor. The chroma activations showing high prominence for D, C, and A also support D minor as the tonic key."
66093,D minor,"The song's chord progression is clearly centered around D minor, frequently utilizing Dm as the tonic chord alongside Am, Gm, and A7. The chroma activations, which show strong peaks at D and A, provide further evidence that the key is D minor."
66094,E minor,"The chord sequence is heavily anchored by the E minor chord, which appears frequently throughout the piece. The combination of E minor, A major, G major, and D major chords is characteristic of the E Dorian mode, which centers on E minor, and the chroma profile further supports this with strong activations for E, B, D, and A."
66095,B minor,"The chord sequence consistently features B minor, G major, and F#7 chords, which form a classic i-VI-V7 progression in the key of B minor. The high activations for B, F#, and A in the chroma profile further support this harmonic analysis."
66096,A minor,"The song primarily alternates between A minor, F major, and E major chords, creating a clear i-VI-V progression characteristic of the key of A minor. This is reinforced by the chroma activations, where A, F, C, and E show the highest levels, aligning perfectly with the A minor scale and harmonic content."
66097,B minor,"The chord sequence consists entirely of chords found within the B minor scale, such as Bm, Em, G, A, and F#m, and the progression frequently resolves to Bm. The chroma activations also show a strong peak at B, which further supports B minor as the tonic."
66098,C major,"The chord sequence exclusively alternates between C major and F major chords, which represents a standard I-IV progression in the key of C major. The high chroma activation for C further confirms C as the tonal center."
66099,B major,"The chord sequence is dominated by B major, E major, and F# major, which correspond to the I, IV, and V chords in the key of B major. The chroma activations reinforce this with peak values at B, E, and F#."
66100,F# minor,"The chord sequence is heavily centered around F# minor, with frequent appearances of B minor (iv), D major (VI), and C#7 (V) chords, which form a standard progression in the key of F# minor. The chroma profile further supports this, with the highest activations on F#, A, and C#, which are the tonic, mediant, and dominant notes of the F# minor scale."
66112,E major,"The chord sequence is dominated by E major, with frequent appearances of the IV (A major), V (B major), and vi (C# minor) chords, which are all diatonic to the E major scale. The chroma activations reinforce this analysis, showing high intensity for the notes E and B, which are the tonic and dominant of E major."
66113,F major,"The chord sequence consists primarily of F major, Bb major, and C major chords, which are the I, IV, and V chords in the key of F major, along with the vi chord (D minor). The high chroma activations for C and F further corroborate F major as the tonic."
66114,F major,"The chord sequence primarily oscillates between F major and Bb major, which corresponds to the I and IV chords in the key of F major. The chroma activations reinforce this analysis, showing high values for F, A, and C, which are the primary notes of the F major triad."
66130,D major,"The chord sequence is dominated by a D major chord for the vast majority of the sample, which strongly implies D major as the tonal center. The chroma activations align with this, showing significant peaks at D, F#, and A, which are the root, third, and fifth of the D major triad."
66131,F# major,"The chord sequence consists of alternating F# major and B major chords, establishing a I-IV relationship that strongly points to F# major as the tonic. This is further corroborated by the chroma activations, which show high values for F#, B, and C#, all of which are key members of the F# major scale."
66134,C major,"The chord progression is dominated by C major, F major, and G7, which are the I, IV, and V chords in the key of C major. This functional harmonic pattern, combined with the strong chroma activations for C, E, and G, clearly indicates C major as the tonic."
66136,C major,"The chord progression exclusively uses diatonic chords from the key of C major, specifically C major, F major, E minor, D minor, and A minor. The frequent, repetitive movement through these chords strongly supports C major as the tonal center."
66137,C major,"The chord sequence consists primarily of alternating C major and F major chords, which is a fundamental I-IV progression in the key of C major. The consistent return to C major as the tonal center confirms this interpretation."
66138,C major,"The chord sequence consists entirely of an alternation between F major and C major chords. Given the high chroma activation for C, it is most likely that the piece is in the key of C major, where these chords function as the IV and I chords respectively."
66141,E minor,"The chord progression is dominated by E minor and A minor, with E minor appearing most frequently and for the longest duration, suggesting it as the tonic. The presence of the C major chord as a VI chord further supports E minor as the key."
66142,G major,"The chord sequence consists almost exclusively of an oscillation between G major and D major, which is a classic I-V progression characteristic of the key of G major. This is supported by the chroma profile, which shows prominent peaks for G, D, and F#, representing the tonic, dominant, and leading tone of the G major scale."
66143,G minor,"The chord progression frequently cycles through G minor, Eb major, and Bb major, which are all characteristic of the G minor tonality. The chroma activations support this, with G (the tonic), D (the dominant), and Bb (the minor third) showing high activation levels."
66144,C major,"The chord sequence consists entirely of alternations between C major and F major, which function as the I and IV chords in the key of C major. This analysis is strongly supported by the chroma activations, which show dominant peaks on C and F."
66150,E major,"Despite the chromaticism in the chord sequence, E major is the most stable and frequently occurring chord, establishing it as the tonal center. The chroma activations also highlight E and its dominant, B, which further supports the choice of E major as the key."
66177,C major,"The chord sequence prominently features diatonic chords such as C, F, G, Am, and Dm, which are native to the C major scale. The frequent harmonic movement toward C as a tonal center, supported by the chroma activations, confirms C major as the key."
66178,Eb major,"The chord sequence consists almost entirely of an alternation between Eb major (I) and Ab major (IV), which strongly implies the key of Eb major. This is further supported by the chroma activations, which show high values for the notes Eb, Ab, and Bb."
66179,A major,"The song predominantly features the A major chord, complemented by D major and E major, which is a classic I-IV-V harmonic progression in the key of A major. The chroma activations show strong peaks for A, E, and C#, which are the core notes of the A major scale."
66180,A major,"The chord sequence is dominated by A major, F# minor, and D major chords, which are all diatonic to the key of A major. The chroma profile is also strongly centered on the notes A, C#, and E, which correspond to the tonic triad of A major."
66182,Bb major,"The chord sequence consists entirely of diatonic chords within the key of Bb major, including the I, IV, V, vi, and ii chords (Bb major, Eb major, F major, G minor, and C minor). The prominence of the Bb major chord as the resolution point, combined with high chroma activations for Bb, F, and C, strongly confirms Bb major as the tonic key."
66183,F major,"The chord sequence is composed primarily of F, Bb, C, and Gm, which are the I, IV, V, and ii chords in the key of F major. The high chroma activations for F, C, and A further confirm the F major tonality."
66184,B major,"The chord progression frequently cycles between B major and F# major, representing the I and V chords in the key of B major, with E major (IV) appearing in the later sections. The chroma data shows strong activations for F# and B, which are the primary notes in the B major tonic and dominant chords."
66185,D minor,"The harmony consistently uses D minor, F major, C major, and Bb major chords, which are all diatonic to the D minor scale. Given that D minor is the most frequent and stable chord throughout the progression, it serves as the tonic."
66186,F# major,"The chord progression is clearly built around F# major, utilizing the I (F#), IV (B), V (C#), and vi (Ab minor, acting as G# minor) chords. The chroma profile corroborates this, with significant activations on the notes F#, G#, A#, B, and C#."
66187,C# major,"The chord progression repeats a sequence of C#maj, F#maj, Bbmin (enharmonically A#min), and Abmaj (enharmonically G#maj), which corresponds to the I-IV-vi-V progression in the key of C# major. The chroma activations show the strongest peaks at C# and G#, which are the tonic and dominant notes of this key, respectively."
66188,C major,"The chord sequence is dominated by C major, F major, and G chords, which is a classic I-IV-V progression in the key of C major. This is strongly supported by the chroma activations, which show the highest intensity on C, followed by G and E."
66193,D major,"The chord sequence consists entirely of a D major chord, which strongly establishes D major as the tonal center. The chroma activations are also concentrated on the notes D and F#, the root and third of the D major triad, further supporting this identification."
66201,G major,"The chord sequence consists entirely of chords diatonic to the G major scale, including G major, C major, A minor, and E minor. The heavy emphasis on the G major chord and the chroma peaks matching the notes of the G major triad strongly indicate G major as the tonic."
66303,C major,"The chord sequence is dominated by C major, F major, and A minor, which are the I, IV, and vi chords in C major. The chroma activations further support this, with strong peaks at C, F, and G, which are all notes found in the C major scale."
66314,F major,"The chord sequence consists primarily of F major, Bb major, and C major, which correspond to the I, IV, and V chords in the key of F major. The recurring pattern of these chords, along with the presence of D minor, strongly supports F major as the tonic."
66315,Bb major,"The chord progression is dominated by Bb, Eb, F, and Gmin chords, which are the I, IV, V, and vi chords in the key of Bb major. The frequency and arrangement of these chords strongly suggest Bb major as the tonal center."
66316,E major,"The chord sequence is dominated by E major, B major, and A major chords, which function as the I, V, and IV chords in the key of E major. The inclusion of C# minor (the vi chord) and the strong chroma activations for E, B, and G# further support this key assignment."
66317,F# major,"The chord sequence is dominated by F# major, B major, and C# major chords, which function as the I, IV, and V chords in the key of F# major. The presence of Eb minor as the vi chord reinforces this tonal center."
66318,A major,"The chord progression is dominated by A major, D major, and E major, which correspond to the I, IV, and V chords in the key of A major. Additionally, the B minor chord acts as a ii chord, further supporting this tonal center, which is also confirmed by the high A activation in the chroma data."
66319,F# major,"The chord sequence primarily utilizes the I (F# major), IV (B major), V (C# major), and vi (Eb minor) chords, which are the primary chords in the key of F# major. The chroma activations, which are highest at C# and F#, further reinforce F# major as the home key."
66320,G major,"The chord sequence is heavily dominated by the G major chord, which appears for a significant duration, along with supporting chords like C, D, and E minor that are characteristic of the G major key. The chroma activations further support this, with strong peaks at G, D, and C, confirming G major as the tonic."
66321,E major,"The progression is dominated by A, B, and E chords, which correspond to the IV, V, and I chords in the key of E major. This harmonic analysis is supported by the chroma activations, which show significant peaks at E, A, and B."
66322,B major,"The song is centered around the B major chord, with consistent usage of E major (IV) and F# major (V) chords, which strongly define the B major key. The inclusion of Ab minor (vi) and C# minor (ii) chords, along with the chroma activations highlighting B, F#, and C#, further supports a B major tonality."
66323,D major,"The chord sequence consists primarily of D major, G major, A major, and B minor, which are all diatonic to the D major scale. The frequent rotation of the I-IV-V progression (D-G-A) strongly establishes D major as the tonal center, and this is confirmed by the chroma peaks at D, A, G, and F#."
66324,G major,"The chord progression features chords primarily from the G major scale, including G, D, C, Em, and Am. These chords function as I, V, IV, vi, and ii within the key, and the high chroma activations for G, D, A, and B further support G major as the tonic."
66375,A minor,"The chord sequence is dominated by an A minor chord with an E major chord functioning as the dominant, strongly establishing A minor as the tonal center. This is further supported by the chroma activations, which show peak values for the notes A and E."
66389,G major,"The chord sequence consists almost entirely of a G major chord, which plays for 56.5 seconds of the 60-second clip. This sustained harmonic presence strongly indicates that G major is the tonic key."
66390,F major,"The harmonic sequence is heavily dominated by the F major chord, which persists for the vast majority of the duration. Supporting chords such as C major (the dominant) and D minor (the relative minor) are all consistent with the F major scale, confirming it as the tonic."
66392,C major,"The chord sequence consists primarily of C major, A minor, G major, and D minor chords, all of which are diatonic to the C major scale. The chroma profile further supports this, showing significant activations for the notes C, D, E, and G, which are central to the C major tonal center."
66395,A minor,"The chord sequence is anchored by A minor and includes G major and C major, which are all diatonic to the A minor scale. The chroma activations show strong presence of the notes A, C, and E, confirming A minor as the tonal center."
66401,A major,"The song is predominantly centered on the A major chord, which appears most frequently and for the longest duration throughout the sequence. The inclusion of D major and G major chords is consistent with an A mixolydian or blues-rock harmonic style, establishing A as the clear tonal center."
66402,Bb major,"The chord sequence primarily oscillates between Bb major (the tonic), F major (the dominant), and C minor (the supertonic), which strongly suggests the key of Bb major. The inclusion of the Ab major chord as a bVII and the high chroma activations for Bb, F, C, and Eb further support this analysis."
66406,A major,"The chord sequence consists primarily of the I (A major), IV (D major), V (E major), and iii (C# minor) chords, all of which belong to the A major scale. The prominence of the A major chord throughout the progression strongly establishes it as the tonic."
66408,D major,"The chord sequence is heavily anchored around the D major chord, which acts as the tonic. The progression utilizes standard functional chords like G major (IV), A major (V), and B minor (vi) within the key of D major, and the chroma activations confirm D as the most prominent pitch."
66409,G major,"The chord sequence is highly chromatic and shifts frequently between several major chords; however, G major appears most frequently and for the longest total duration, establishing it as the most plausible tonal center. The chroma activations reinforce this, showing G as the most prominent pitch class."
66414,B major,"The chord sequence is dominated by B, E, F#, Ab:min (enharmonically G# minor), and C#:min, which are all diatonic chords within the B major scale. The chroma data further supports this, with the highest activations being B, F#, G#, and C#, all of which are essential notes in the B major key."
66415,E major,"The chord sequence is dominated by E major, C# minor, B major, and A major chords, which are all diatonic to the key of E major. This is further supported by the chroma activations, which show significant peaks at E and B, the tonic and dominant notes of the key."
66416,C major,"The chord sequence oscillates primarily between E minor and C major chords, with a G7 to C major cadence occurring at the end, strongly establishing C major as the tonic."
66417,C major,"The chord sequence is composed almost entirely of C, F, and G chords, which correspond to the I, IV, and V degrees of the C major scale. This functional progression, combined with the high activations for C and G in the chroma data, clearly establishes C major as the key."
66418,Bb major,"The chord sequence is heavily centered on Bb major, with frequent movements to F major (the dominant) and Eb major (the subdominant), which are the primary chords in the key of Bb major. The high chroma activations for Bb (A#) and F further support this analysis."
66420,Ab major,"The chord sequence primarily utilizes the I, IV, and V chords (Ab, Db/C#, and Eb) in the key of Ab major, with F minor appearing as the vi chord. These functional relationships strongly suggest a tonic of Ab major."
66421,C major,"The chord progression consists of G major, C major, F major, and A minor, which are all diatonic chords in the C major scale. The chroma activations also emphasize notes from the C major scale, such as G, C, A, and F, confirming C major as the tonic."
66422,C major,"The chord sequence is heavily dominated by C major and G major, with occasional F major chords appearing, which correspond to the I, V, and IV chords in the key of C major. The chroma activations, which are highest for G and C, further support this harmonic center."
66436,C minor,"The chord sequence alternates primarily between C minor and G minor, with C minor being the most frequent and longest-lasting chord, which identifies it as the tonic. The chroma data, strongly weighted towards C, Eb, G, and Bb, further reinforces C minor as the key."
66437,Bb major,"The chord sequence frequently utilizes the I (Bb major), vi (G minor), and V (F major) chords, which are central to the key of Bb major. The sustained presence and final resolution on the Bb major chord, combined with chroma activations that align well with the notes of the Bb major scale, point to Bb major as the key."
66441,D major,"The chord sequence strongly features D, A, G, and Bm, which are typical chords in the key of D major (I, V, IV, vi). The chroma activations, with D, G, and A being the most prominent notes, further support this key assignment."
66459,G major,"The sequence is dominated by G major and D major, which are the I and V chords of the key of G major. E minor serves as the vi chord, further supporting this tonal center, which is consistent with the chroma activations showing prominence for G and D."
66493,F minor,"The chord sequence primarily features F minor, Db major, and Eb major chords, which is a common progression (iv-VI-VII) in the key of F minor. The chroma activations reinforce this with significant peaks at F, Ab (G#), and Eb, which are key notes in the F minor scale."
66495,A minor,"The chord sequence consists almost entirely of an A minor 7 chord, and the chroma activations show strong peaks at A, G, and E, which are the notes within an A minor 7 chord. Given this, A minor is the most likely tonic and quality."
66510,F major,"The chord sequence consists almost entirely of F major and F major 7, which strongly indicate F major as the tonic. This is further supported by the chroma profile, which shows the highest activations at F, C, and A, corresponding to the notes of an F major triad."
66516,D minor,"The chord sequence is heavily dominated by a long D minor chord, which functions as the tonic. This is supported by the chroma activations, which show strong activity in D, E, F, and A, all of which are characteristic notes of the D minor scale."
66518,A minor,"The chord sequence oscillates primarily between A minor and G major chords, suggesting A minor as the tonic. This is supported by the chroma activations, which show strong values for A, E, and C, as well as G and B, consistent with an A minor tonality."
66519,C minor,"The chord sequence is heavily centered on C, with frequent movement between C minor and C major chords. The inclusion of G major as the dominant chord and Eb major as the relative major chord strongly supports C minor as the tonic."
66524,G major,"The chord sequence consists entirely of an oscillation between G major and F major chords, which is a classic Mixolydian harmonic progression. The chroma activations show high values for G, A, B, C, and F, which aligns with G Mixolydian/G major, establishing G as the clear tonic."
66542,C# major,"The chord sequence consists entirely of alternating C# major and Ab major chords, which function as the I and V chords in the key of C# major (where Ab major is enharmonic to G# major). The high chroma activations for G# and C# further support C# major as the tonal center."
66543,C# major,"The harmonic sequence is dominated by C# major, F# major, and Ab major chords, which function as the I, IV, and V chords in the key of C# major. This is further supported by the chroma activations, which show significant peaks at C# and G#, the tonic and dominant of this key."
66544,C major,"The chord progression consistently centers on C major, which appears as the primary harmonic anchor throughout the sequence. The recurring chords Bb major, Ab major, and F major are characteristic of a C-based rock or blues-modal context, confirming C major as the tonic."
66545,C# major,"The chord sequence is heavily centered around C# major, which acts as the tonic. The F# major chord serves as the IV chord in this progression, and the chroma profile is dominated by the C# pitch class."
66546,C# major,"The chord sequence oscillates between the C# major and Ab major chords, which correspond to the I and V chords in the key of C# major. The chroma activations are also consistent with this analysis, with the highest values appearing on the C# and G# notes."
66547,Eb major,"The chord sequence consists primarily of Eb major, Ab major, and Bb major, which are the I, IV, and V chords in the key of Eb major. This functional progression is supported by the chroma activations, which show significant emphasis on the notes Eb and Bb."
66659,A major,"The chord sequence is dominated by the I-IV-V progression (A, D, E), which is characteristic of the key of A major. Additionally, the frequent occurrence of F#:min as the vi chord strongly supports this conclusion."
66660,A major,"The chord progression is clearly rooted in A major, repeatedly utilizing the I (A major), vi (F# minor), V (E major), and IV (D major) chords. The chroma profile also confirms this, with the highest activations being A, E, and C#, which are the constituent notes of the A major triad."
66723,F minor,"The chord sequence is dominated by F minor and C7, which function as the i and V chords, providing a strong tonal center for F minor. The inclusion of Ab major, Eb major, and Bb minor chords further reinforces this tonality as they are commonly used in the key of F minor."
66724,C major,"The chord sequence consists primarily of C major, D minor, G major, and E minor chords, which are all diatonic to the C major scale (I, ii, V, and iii respectively). This harmonic movement is typical for a song in the key of C major."
66739,F major,"The chord sequence prominently features a ii-V-I progression (Gm7-C7-Fmaj7) and concludes with frequent alternation between F major and Bb major, which strongly establishes F major as the tonal center. The chroma activations are also consistent with the F major scale, with high values for C, F, and D."
66740,A minor,"The chord progression consisting of E minor, A minor7, F major, and G major is typical of the key of A minor. The chroma activations also show high concentrations on the notes A, E, C, and B, which are central to the A minor scale."
66741,C# minor,"The chord sequence consists primarily of an oscillation between C# minor and A7, establishing C# minor as the tonal center. The frequent return to C# minor strongly reinforces this key."
66744,B major,"The chord sequence consists entirely of alternating B major and E major chords. Since B major acts as the tonic (I) and E major as the subdominant (IV) in the key of B major, and the song frequently centers on the B chord, B major is the most logical key."
66748,C# major,"The chord sequence consists almost entirely of C# major, F# major, and Eb minor, which function as the I, IV, and ii chords in the key of C# major. This progression, particularly the frequent return to the C# major chord, strongly supports C# major as the tonal center."
66752,C major,"The chord sequence consists of a repetitive cycle of G, F, and C major chords, which correspond to the V, IV, and I chords in the key of C major. This analysis is strongly supported by the chroma activations, which show the highest peaks on the notes C, G, and F."
66753,D major,"The chord sequence is dominated by D major, which appears for more than half the duration and functions as the tonic center. The use of C major (the bVII chord) alongside G major (the IV chord) is characteristic of the D Mixolydian mode, which is common in rock and blues-influenced music."
66756,G major,"The chord sequence consists primarily of G major and C major (specifically C/G) chords, with G major appearing for the vast majority of the duration. This tonal stability, along with the high G chroma activation, clearly indicates G major as the tonic."
66757,C major,"The chord sequence relies heavily on the I, IV, and V chords (C, F, and G), which are the primary chords in the key of C major. The consistent return to C major as the focal point, supported by the chroma activations of G, C, and F, confirms C major as the key."
66766,Bb major,"The chord progression frequently uses the chords Bb major, G minor, C minor, and F major, which are the I, vi, ii, and V chords in the key of Bb major. While the presence of Ab major and G major introduces chromaticism, these are common borrowed chords or secondary dominants (such as G major being V/ii) that fit within a Bb major context. The chroma data further supports this by highlighting notes that correspond strongly to the Bb major scale."
66851,C# minor,"The chord sequence is dominated by C# minor, with a brief mention of the relative major E major. The chroma activations are also consistent with the C# minor scale, supporting this key assignment."
66853,C minor,"The chord sequence is heavily dominated by C minor, with G minor appearing as a secondary chord, which strongly points to C minor as the tonic. The chroma activations support this conclusion, showing high prominence for C, D, Eb (D#), and G, which are key notes of the C minor scale."
66856,Ab minor,"The chord progression is centered on Ab minor, with E major and Eb minor acting as primary supporting chords. This harmonic structure, combined with the chroma activations, strongly points to Ab minor as the key."
66857,C# minor,"The chord sequence consists entirely of C# minor. The chroma activations further support this, as C# is the most prominent pitch class."
66858,Eb major,"The song is predominantly centered on Ebmaj7, which appears throughout most of the duration. The concluding chord progression, including Gm7-C7 and Fm7-Bb7, functions as a series of ii-V patterns that strongly establish Eb major as the tonic."
66859,C# minor,"The chord sequence cycles predominantly between F#min7, Ab7 (enharmonic to G#7), and C#min7, which function as the iv, V, and i chords in the key of C# minor. The chroma activations, which show significant weight on F#, G#, and C#, further corroborate this conclusion."
66860,A minor,"The song primarily alternates between A:min7 and D:min7, with A:min7 being the most frequent and longest-lasting chord, indicating A as the tonic. This is supported by the chroma analysis, which shows A as the most prominent pitch class."
66873,Bb minor,"The harmony is strongly dominated by the constant alternation between Bb:min and F:min, which functions as a i-v progression in the key of Bb minor. The chroma profile further supports this, with the highest activations occurring on the notes Bb, F, and C, consistent with the Bb minor scale."
66876,Eb minor,"The chord sequence is heavily centered on the Eb minor chord, which acts as the tonic. The accompanying chords, including B major, F# major, and C# major, are all characteristic chords within the key of Eb minor."
66877,F# minor,"The chord progression is almost entirely comprised of an F# minor chord for nearly the entire 60 seconds. The chroma activations strongly support this tonality, with the highest intensity at F# and significant peaks at C# and G#, which are consistent with the F# minor harmony."
66881,Eb minor,"The chord sequence oscillates between Ab chords and Eb minor, with Eb minor serving as the tonal center. The chroma analysis shows strong activation for the notes of the Eb minor scale (Eb, Ab, Bb, Gb, Db), further confirming the key."
66882,F minor,"The chord sequence consists entirely of an F minor chord, and the chroma vector confirms F as the most prominent pitch class, making F minor the most logical key assignment."
66886,Eb minor,"The chord sequence is heavily dominated by an extended Eb minor chord, which acts as the tonic. The alternating C# major (enharmonically Db major) chord functions as the VII chord in the key of Eb minor."
66887,A minor,"The chord sequence alternates primarily between A minor and E minor chords, establishing A as the tonic. This relationship corresponds to the i and v chords in the A minor scale. The chroma activations showing high prominence of A and E further support A minor as the key."
66895,B major,"The chord sequence consists of E major, F# major, and Ab minor (enharmonically G# minor), which function as the IV-V-vi progression in the key of B major. The chroma activations further support this, as the highest values align with the notes of the B major scale."
66896,D minor,"The chord progression is dominated by an oscillation between D minor and G major, which is characteristic of the D Dorian mode, closely related to the key of D minor. The chroma activations reinforce this by highlighting D, A, and F as prominent pitches, confirming D minor as the central tonal center."
66903,D major,"The chord sequence consists of an alternating pattern between D major and F# minor, which act as the I and iii chords in the key of D major. The strong chroma activations for F# and A further support this tonal center, as they are essential notes within these chords."
66904,B minor,"The chord progression exclusively uses B minor, G major, and E minor chords, which are all diatonic to the B minor scale. The strong chroma activation for B confirms this as the tonic center of the piece."
66905,C# minor,"The chord progression is dominated by C# minor, B major, and F# major chords, which strongly establishes a C# minor tonal center. The consistent return to the C# minor chord throughout the sequence confirms its role as the tonic, while the presence of the F# major chord is a common modal variation in this key."
66929,A minor,"The chord sequence is heavily dominated by A minor and A minor 7 chords, establishing A as the tonal center. The use of C major and G major chords is consistent with the diatonic harmony of the A minor scale, further supporting the conclusion that the key is A minor."
66933,A minor,"The chord sequence consists primarily of A minor, D minor, and E7 chords, which form a functional i-iv-V progression in the key of A minor. The chroma activations, showing strong peaks for A, E, and D, support this analysis."
66939,A minor,"The harmonic progression alternates primarily between A minor and E minor chords, which are the i and v chords in the key of A minor. The chroma profile confirms this with a very prominent A, strongly suggesting A minor as the tonic."
66941,A minor,"The chord sequence is heavily centered on A minor, which appears as the primary chord throughout the song. The frequent use of E major, the dominant of A minor, provides strong cadential support for the A minor key."
67051,A minor,"The chord sequence prominently features A minor, D minor, C major, and F major, which are all diatonic to the A minor scale. The frequent return to and emphasis on A minor throughout the sequence, including the final chord, strongly indicates A minor as the tonic."
67101,G major,"The chord sequence is dominated by G major and C major, which function as the I and IV chords in the key of G major. The occasional presence of the A minor chord, which is the ii chord, further confirms G major as the key center."
67102,A minor,"The progression is centered around A, frequently featuring chords like A minor, G major, F major, D minor, and E minor, which are all diatonic to the A minor scale. The consistent return to A minor as a harmonic center, along with the high chroma activations for A and E, strongly supports A minor as the key."
67106,Eb minor,"The chord progression frequently uses Eb minor, C# major, and F# major, which align well with the Eb minor scale (or its relative major, Gb major/F# major). The chroma activations also support this, showing strong presence of C#, D# (Eb), A# (Bb), and B, which are consistent with the Eb minor tonality."
67121,D minor,"The chord sequence is dominated by frequent switches between F major and D minor, with the latter frequently acting as the tonal center. High chroma activations for D and F, along with the consistent appearance of D minor and D minor7 chords throughout the song, strongly support D minor as the key."
67236,Bb major,"The chord sequence consists primarily of alternating Bb major and Ab major chords, which is characteristic of the Bb Mixolydian mode. The chroma analysis strongly supports this with A# and G# being the most significant activations."
67257,E major,"The chord progression is dominated by E, A, and B major chords, which correspond to the I, IV, and V chords in the key of E major. The chroma activations further support this, with E showing the highest prominence, followed by B and A."
67286,A major,"The chord sequence consists of A, D, and E major chords, which function as the I, IV, and V chords in the key of A major. The chroma activations reinforce this analysis, showing a strong prominence of the notes A, D, and E."
67287,A major,"The chord sequence consistently revolves around an A:maj chord, frequently moving between A:maj, G:maj, and F:maj, which are the I, bVII, and bVI chords in A. The presence of other chords like D:maj, D:7, and E:7 further confirms A as the tonic, and the chroma activations strongly align with the A major scale."
67288,A major,"The chord progression relies heavily on A major, D major, and E major, which function as the I, IV, and V chords in the key of A major. The strong presence of A, E, and D in the chroma activations further confirms this tonal center."
67289,E major,"The chord progression prominently features E major as the tonic, along with functional chords like B7 (the dominant V7), F#min7 (the supertonic ii7), and C#7 (the secondary dominant VI7), which are all characteristic of the key of E major. The chroma activations also support this, showing significant presence of E, B, and G#, which correspond to the tonic, dominant, and mediant degrees of the E major scale."
67291,C major,"The song predominantly features a standard I-IV-V chord progression (C-F-G), which is characteristic of the key of C major. The high chroma activations for C, G, and E further reinforce this conclusion."
67292,A major,"The chord sequence is dominated by A major, B minor, and E major, which correspond to the I, ii, and V chords in A major, respectively. The chroma activations further support this, with strong peaks at A, E, and C#, which are all members of the A major triad."
67293,G major,"The chord sequence is heavily centered around the alternating G major and C major chords, which correspond to the I and IV chords in G major. Additional chords like E minor (the vi chord), D major (the V chord), and A7 (a secondary dominant) reinforce the G major tonality, which is also confirmed by the strong G and D activations in the chroma."
67294,A major,"The song features a persistent alternation between A major and G major, which is indicative of the A Mixolydian mode. Combined with the presence of D major, E major, and B minor chords, this points to A major as the tonal center."
67298,G minor,"The chord sequence is heavily centered around G minor, featuring numerous G minor chords and the dominant chord D major, which strongly establishes the key. The recurrence of Bb major, the relative major of G minor, also provides consistent support for this tonal center."
67300,C minor,"The chord sequence is dominated by repeated iterations of C minor and Ab major, which function respectively as the tonic (i) and the submediant (VI) chords in the key of C minor. The consistent reliance on these harmonic pillars throughout the progression strongly points to C minor as the tonal center."
67302,A minor,"The chord sequence consists entirely of an alternating pattern between A minor and G major, which strongly implies a key of A minor (i-VII progression). The chroma profile also supports this, highlighting notes common to the A minor scale, particularly A and G."
67303,A minor,"The chord sequence centers on A as the tonic, featuring a recurring progression that uses both A major and A minor chords. The frequent use of C and F natural, combined with the significant duration of the A minor chord, strongly suggests A minor as the tonal center."
67306,F minor,"The chord progression consistently revolves around F minor, utilizing the tonic (Fm), the relative major (Ab), the flat-VII (Eb), and the dominant (C major). The combination of these chords, along with the chroma activations emphasizing F, Ab, and Eb, strongly supports F minor as the established key."
67329,A major,"The chord progression primarily features A Major, D Major, E Major, and F# minor chords, which correspond to the I, IV, V, and vi chords in the key of A Major. The chroma activations also show strong support for the notes within the A Major scale, particularly A, C#, E, and F#."
67330,C# minor,"The chord sequence centers on C# minor, which appears frequently throughout the track. The inclusion of E major and G# minor (labeled as Ab minor) is harmonically consistent with the C# minor key, and the chroma profile aligns with the C# minor scale."
67332,E major,"The chord sequence is dominated by E7, A7, B7, and G#m7 (likely identified as Abm7), which are foundational chords in the key of E major. The chroma profile, showing strong activations for E, F#, G#, A, and B, is highly consistent with this key."
67333,C# minor,"The chord sequence is dominated by C#:min7 and follows a functional progression (i-iv-VII-III) consistent with C# minor. The chroma activations strongly support this, with the highest values concentrated on the C#, G#, E, and B notes, which define the C# minor key center."
67334,E major,"The chord progression is dominated by E major, Emaj7, Amaj7, and C#min, all of which are diatonic to the E major scale. The chroma activations further support this, with high peaks on E, G#, and C#, confirming E major as the tonal center."
67335,C major,"The chord progression is composed entirely of diatonic chords from the C major scale, including C major, G major, D minor, A minor, and E minor. These chords strongly establish a C major tonality, which is further supported by the chroma activations."
67336,A minor,"The chord progression is characterized by frequent, recurring A minor and C major chords, with E minor also appearing regularly. Given that A minor frequently acts as the resolution or home chord in this sequence, it is identified as the tonic."
67363,Eb major,"The chord sequence primarily alternates between Eb major and Bb7, which represent the tonic and dominant chords in the key of Eb major. The chroma activations show strong peaks on A# (Bb) and D# (Eb), further supporting this tonal center."
67464,C major,"The chord progression frequently cycles between C major and G major, which strongly indicates a key of C major. The recurring A major and minor chords provide harmonic variety but do not displace C as the tonal center."
67465,C major,"The chord progression frequently cycles through chords such as C:7, D:min7, A:min7, and G:7, which are characteristic of a ii-V-I harmonic framework in the key of C major. The prevalence of these chords, along with the tonic arrival on C:maj, confirms C major as the key."
67466,A major,"The chord sequence is dominated by A major and E major, which function as the tonic and dominant chords in the key of A major. While Bb major and Ab major appear frequently, they function as chromatic neighbors or non-functional embellishments rather than diatonic harmony."
67467,B major,"The harmonic progression is clearly anchored by the B major chord, which appears most frequently. The Eb minor chord, which serves as the iii chord (D# minor) in the key of B major, frequently alternates with the tonic. Additionally, the chroma activations for B, D#, and F# align strongly with the B major scale."
67472,A major,"The chord progression consistently uses A, D, and E chords, which function as the I, IV, and V chords in the key of A major. The frequent repetition of these chords establishes A as the clear tonic and major as the tonal quality."
67473,F major,"The chord sequence consists primarily of F, Gm, Am, Bb, and C chords, which correspond to the I, ii, iii, IV, and V chords in the key of F major. The consistent use of these chords confirms F major as the tonal center."
67474,Ab major,"The harmony alternates primarily between Ab major and E major chords, which is a common chromatic mediant relationship. Given that Ab major is more frequent in the sequence and often functions as the home key in such progressions, Ab major is the most likely tonic."
67547,F major,"As the chord sequence provided no information, the key was inferred from the chroma activations. The notes with the highest activation levels were F, A#, C, and A, all of which are consonant within the F major scale."
67552,A minor,"The progression is heavily centered on the A minor chord, with D minor and F major chords acting as secondary components that are all diatonic to the key of A minor. The chroma data further supports this, showing strong activations for the notes A, C, and E, which constitute the A minor triad."
67579,Ab minor,"The chord progression is anchored by Ab minor, with frequent use of related chords including E major, B major, and C# minor. This is strongly reinforced by the high chroma activations for G# and D#, which correspond to the tonic and dominant of the Ab minor scale."
67581,C# minor,"The chord sequence is heavily centered on the C# minor chord, which appears frequently throughout the piece. Supporting chords like Ab major (the dominant) and E major (the relative major) confirm a C# minor key, and the chroma activations showing strong peaks at C# and G# further corroborate this analysis."
67653,C# major,"As the chord data was entirely unlabeled (N), the key was inferred from the chroma activations. The relatively high prominence of C# and D# suggested C# major as a reasonable choice."
67654,B minor,"The chord sequence consists primarily of B minor and F# minor, which are the i and v chords in the key of B minor. Additionally, the chroma data is heavily weighted toward B, strongly supporting B minor as the key."
67656,A major,"The progression is centered around the relationship between A major and E major, with E acting as the dominant (V) to A (I). The frequent use of F major as a bII chord introduces chromaticism common in Phrygian-influenced harmony, and the chroma activations strongly highlight E and A, supporting A major as the tonic."
67658,F major,"Since the chord data is unavailable, the key was determined from the chroma activations, which show strong peaks at F and C. These notes represent the tonic and dominant of the F major scale, suggesting it as the most likely key."
67660,Eb major,"The song concludes with a long, sustained Eb major chord, which strongly functions as the tonic. While the preceding sequence is complex and features some chromatic movement and modulation, the final resolution to Eb major is the defining harmonic anchor."
67744,C major,"The chord sequence is heavily dominated by C major chords, which function as the tonic. The presence of a G major chord, the dominant in the key of C, provides additional support for this conclusion."
67831,D major,"The chord progression is dominated by D major chords, alternating with G major as a recurring IV chord. This harmonic structure is strongly characteristic of the key of D major."
67836,D minor,"The chord sequence is heavily centered around D minor and A minor, which are both essential to the D minor key. The chroma activations reinforce this, highlighting the notes C, E, A, and D, which are all prominent members of the D minor scale."
67837,D minor,"The chord sequence consists almost entirely of D minor. The chroma profile is also dominated by the note D, which reinforces the conclusion that the key is D minor."
67838,E minor,"The chord sequence is dominated by E minor and E minor 7 chords throughout the duration. The chroma activations reinforce this, as the most prominent notes are E, G, and B, which are the root, minor third, and fifth of the E minor triad."
67840,F major,"The chord progression is dominated by F, Bb, and C chords, which function as the I, IV, and V chords in the key of F major. The chroma activations for C, G, A# (Bb), and F are the most prominent, providing further evidence for F major."
68187,C major,"The chord sequence prominently features C major, F major, A minor, and G major, which are the primary diatonic chords of the C major scale. The frequent return to the C major tonic chord and the use of the G major dominant chord strongly establish the key as C major."
68189,Eb major,"The chord progression is centered on the Eb major chord, using common diatonic chords like Ab major, C minor, and F major. The overall harmonic content strongly suggests the key of Eb major, and the chroma profile, with strong Eb, G, and C activations, supports this conclusion."
68192,Bb major,"The chord progression is dominated by the Bb major and Eb major chords, which function as the I and IV chords in the key of Bb major. The chroma activations, which show strong peaks at D, Eb, and F, are consistent with this analysis, confirming Bb major as the tonal center."
68194,D major,"The chord sequence prominently features D major, G major, E minor, and A major/A7 chords, which correspond to the I, IV, ii, and V chords in the key of D major. This consistent use of diatonic chords within the key signature of D major strongly confirms it as the tonal center."
68195,D major,"The chord sequence prominently features B minor and G major, which are the vi and IV chords in the key of D major. The sequence culminates in a cadence moving from Asus4 to D major, which strongly establishes D major as the tonal center."
68196,Eb minor,"The harmonic sequence begins with an A minor context but eventually transitions to a section centered around Eb minor, evidenced by the prevalence of chords like Ab minor, C#7, F# major, and Bb major. The chroma activations are also consistent with this tonality, as they show significant weights on notes belonging to the Eb minor scale."
68253,A minor,"The chord sequence consistently centers around A minor, with prominent use of the i chord (A minor) alongside the VI (F major), VII (G major), and the V chord (E major/E7). The chroma activations, which are highest for A, E, and C, provide further evidence for an A minor tonality."
68255,C# minor,"The song frequently revolves around C# minor, which serves as the tonal center. The use of A major (the VI chord) and the occasional E major (the III chord) strongly reinforces the C# minor key, supported by the prominent chroma activations for G# and E."
68256,G minor,"The chord sequence frequently utilizes G minor, which serves as a central anchor. The chroma data strongly supports this with high activations for G and D, the root and fifth of the G minor triad."
68260,G minor,"The song is heavily dominated by a G minor chord, which serves as the tonal center. The sequence of additional chords (F major, Bb major, C minor, and D minor) are all diatonic to G minor, and the chroma activations highlight the tonic, third, and fifth of the G minor scale."
68278,B minor,"The chord sequence oscillates primarily between B minor and A major chords, which strongly suggests B minor as the tonal center. The chroma activations, featuring significant peaks at B, C#, and E, are consistent with the notes of the B minor scale."
68279,G major,"The chord progression is anchored by frequent G major chords and uses common chords like C and F, suggesting a G major tonal center. The high chroma activation for G further supports G major as the home key."
68280,C major,"The chord progression consists of F major, E minor, C major, A minor, and G major, all of which are diatonic to the C major scale. The consistent use of the E minor chord as the iii chord, rather than an E major chord, supports C major as the tonic over A minor. The chroma activations, which show strong activity on the G note, further align with the dominant chord of the C major key."
68281,A major,"The chords D major, F# minor, E major, and A major are all diatonic to the A major scale. Additionally, the chroma activations show high prominence of A, E, F#, and B, confirming A major as the tonal center."
68413,E major,"The chord sequence consists of E major, F# minor, and B7 chords, which are the I, ii, and V chords in the key of E major. The chroma profile further supports this with strong activations for E, B, and F#."
68414,G major,"The chord sequence follows a repeated IV-V-I progression (C major - D major - G major), which strongly indicates G major as the home key."
68416,G major,"The chord progression is dominated by G major, D major, and C major, which are the I, V, and IV chords in the key of G major. The high chroma values for G, B, and D confirm G major as the tonic triad."
68419,D major,"The harmony oscillates primarily between D major and F# minor. Given that D major is a common tonic that comfortably accommodates both chords (as the I and iii chords, respectively), it is the most likely key."
68420,C major,"The chord sequence consists primarily of C major, F major, and G major chords, which are the I, IV, and V chords in C major. The chroma activations support this, with prominent peaks at C, E, G, and F, all of which are primary notes in the C major scale."
68424,E minor,"The chord sequence relies heavily on E minor, A minor, G major, and D major. This harmonic progression strongly points towards E minor as the tonic, given the frequent return to E minor and the diatonic relationships between these chords."
68426,C# minor,"The chord progression is centered on C# minor and A major chords, which are foundational to the C# minor scale. This is supported by the chroma activations, which show prominence for notes such as G#, E, A, and C#, all of which are key components of the C# minor tonality."
68428,F minor,"The harmony oscillates between F major, C minor, and F minor, with the prevalence of minor chords suggesting F minor as the tonal center. The chroma activations are also consistent with the F minor scale, including significant activations for F, G, Ab, C, Db, and Eb."
68429,C minor,"The chord sequence primarily revolves around C minor, which is the most frequent chord. The progression of C minor, Ab major, and Eb major is consistent with the tonic, submediant, and mediant chords in the key of C minor, and the high chroma activation for the note C further supports this conclusion."
68434,G major,"The chord progression revolves around the G major scale, frequently utilizing G major (I), C major (IV), and D major (V) chords. The inclusion of A minor (ii) and B minor (iii) further confirms G major as the home key, and the chroma activations are consistent with this analysis."
68456,A major,"Since the chord data is entirely absent, the key was inferred from the chroma activations. The distribution shows a notable concentration on A, G#, and D, which are key components of the A major scale."
68459,Ab major,"The chord sequence consists primarily of Ab major, Eb major, F minor, and Db major (misspelled as C#), which corresponds to the I-V-vi-IV progression in the key of Ab major."
68582,A major,"The chord sequence is dominated by the A major chord and its relative minor, F# minor. The presence of various inversions of the A major chord further reinforces A major as the tonic."
68583,G major,"The chord sequence oscillates repeatedly between G major and D major, which represent the tonic and dominant chords in the key of G major. The chroma activations reinforce this analysis with strong peaks on the root (G), fifth (D), and major seventh (F#) of the G major scale."
68584,E major,"The chord sequence consists of chords like E, C#m, B, Abm (enharmonically G#m), and F# major, which are all diatonic to or common in the key of E major. The frequent appearance of E major and its major 7th chord reinforces that E is the tonic."
68586,A minor,"The chord sequence is overwhelmingly dominated by the A minor chord, which accounts for the vast majority of the song's duration. The chroma activation confirms this, with the highest values concentrated on the notes A, C, and E, which form the A minor triad."
68777,D major,"The chord sequence is dominated by repeated occurrences of D major, G major, and A minor chords, creating a consistent D tonal center. The prevalence of D major and the final D:7 chord support D major as the primary key, with some modal influence evidenced by the occasional D minor and F major chords."
68778,F major,"The chord sequence consists of a repetitive cycle of F, Gmin7, Amin7, and Dmin7, which are all diatonic to the key of F major as a I-ii-iii-vi progression. The prominence of F, A, and G in the chroma activations further supports F major as the tonic."
68910,D minor,"The chord sequence is dominated by D minor, C major, Bb major, and A major chords. This progression (i-VII-VI-V) is a standard harmonic pattern in the key of D minor, with the A major chord acting as the dominant (V) in the harmonic minor scale."
68911,C minor,"The progression revolves around C as the tonic, utilizing the iv (F minor) and VI (Ab major) chords which are characteristic of the C minor key. While there is modal interchange with C major chords, the harmonic emphasis and the chroma profile, which highlights C, G, F, and Ab, strongly point toward C minor."
68912,A minor,"The chord sequence is heavily centered on the A minor chord, which functions as the tonic. Other chords like F major, B minor, and D minor are common within the context of A minor, and the high chroma activation for A further supports this analysis."
68913,A minor,"The chord sequence consists of an A minor, G major, E minor, and F major progression, which uses chords entirely diatonic to the A minor scale. This strong and repetitive harmonic structure indicates that A minor is the tonal center."
68914,A minor,"The chord progression frequently cycles through A minor, E major, and F major, which are all characteristic of the key of A minor (using the E major as the harmonic minor dominant). The chroma vector reinforces this with strong activations for A and E, which are primary notes in the A minor triad."
68915,E minor,"The chord sequence is heavily dominated by E minor, which appears for the vast majority of the duration. Additionally, the chords C major and D major are standard diatonic chords in E minor, and the chroma activation peak on E strongly supports this key center."
68916,F minor,"The harmony frequently revolves around F minor as the tonic, supported by the usage of the bVII (Eb major) and bVI (C# major/Db major) chords. The presence of the C major chord, which functions as the dominant in F minor, further reinforces this key assignment."
68917,C major,"The chord sequence consists almost entirely of a sustained C major chord, and the chroma profile is dominated by the C note, which strongly supports C major as the key."
68918,A minor,"The chord sequence is heavily dominated by A minor, supported by the F major and G major chords which are common in the key of A minor (i-VI-VII). This progression strongly defines the tonic as A and the quality as minor."
68919,E major,"The chord sequence consists primarily of E major, A major, B major, and C# minor, which are all diatonic chords within the key of E major. The chroma activations further support this, with E, A, and G# (Ab) as the most prominent notes, which are key components of the E major scale."
68942,D major,"The chord recognition identifies D major as the primary harmonic feature of the song. This is supported by the chroma activations, which show a strong presence of notes belonging to the D major scale, including D, E, F#, G, A, and B, confirming D major as the tonal center."
68948,C# minor,"The chord sequence heavily alternates between C# minor and Ab major, establishing C# as the tonic. The chroma data strongly supports this, with significant activations at C#, E, and G#, which are the core notes of the C# minor triad."
68949,C minor,"The chord sequence features F minor as a prominent chord, alongside G major, which functions as the dominant. The presence of Ab major and Db major (C# major) is also highly consistent with the key of C minor. The chroma activations showing high intensity for G, F, and Ab (G#) further reinforce this harmonic analysis."
68950,A major,"The progression is dominated by an alternation between A major and D major chords, with frequent cadences on A major often preceded by E major (the dominant). The high chroma activity for A and the frequent use of the I-IV-V chords (A, D, E) strongly point to A major as the tonic."
69011,Eb major,"The chord sequence consists primarily of Eb major, Cm, Fm, and Ab chords, all of which are diatonic to the key of Eb major. The chroma activations show strong peaks for Eb (D#), Ab (G#), and C, which strongly supports the key of Eb major."
69012,D minor,"The chord sequence oscillates between D minor and A minor, suggesting a i-v relationship in the key of D minor. The occasional F major chord, the relative major, further supports D minor as the tonal center."
69064,E major,"The chord sequence prominently features E major, C# minor, and B major, which represent the I, vi, and V chords in the key of E major. The chroma activations also support this, showing significant activity in notes E, G#, and B, which form the tonic triad."
69065,E major,"The chord progression repeatedly alternates between A major and E major, complemented by C# minor and F# minor. The high chroma activations for E and G# strongly suggest that E major is the tonal center of the song."
69067,B major,"Since the chord data is unavailable, I relied on the chroma activations, which show significant peaks at B, F#, E, A#, and G#. These notes align closely with the B major scale."
69068,C major,"The chord progression frequently alternates between C major and its relative minor, A minor, but C major appears more frequently and for longer total duration. The prominence of the notes C, E, and G in the chroma activations further supports C major as the central key."
69072,D minor,"The chord progression is composed almost entirely of D minor and D minor 7, which strongly establishes D as the tonic. The chroma analysis shows significant activations for D, A, and C, which are all pitches found within the D minor 7 chord."
69073,C major,"The chord sequence consists almost entirely of a C major chord, which strongly indicates C major as the tonic and quality. This is further supported by the chroma activations, which show the highest intensity for the C note."
69176,F major,"The chord sequence heavily features the chords Bb, C, F, and Dm, which correspond respectively to the IV, V, I, and vi chords in the key of F major. The recurring progression and the chroma profile, with strong activations for F, Bb, C, A, and D, strongly indicate an F major tonality."
69214,F major,"The chord progression is dominated by repeated sequences of F major, Bb major, and C major chords, which is a classic I-IV-V pattern in the key of F major. The high chroma activations for F, C, Bb, and A further corroborate F major as the tonic."
69226,Ab major,"The harmony is heavily dominated by the Ab major chord, which constitutes the majority of the track's duration. Furthermore, the chords C minor and Eb major are compatible with the Ab major scale, and the chroma activations show a strong prominence of Ab (G#) and C, confirming Ab major as the tonic."
69233,Bb major,"The chord sequence consists primarily of the chords Bb major, Eb major, and F major, which correspond to the I, IV, and V chords in the key of Bb major. The chroma activations reinforce this analysis, with the highest values appearing on the notes Bb and Eb."
69234,C major,"The harmonic structure is anchored by the frequent and prolonged use of the C major chord, which serves as the tonal center of the piece. The chroma activations are also consistent with this analysis, showing high prominence of C, E, and B, all of which are primary notes in the C major scale."
69235,Ab major,"The chord sequence alternates between Ab major and C# major (enharmonically Db major), which functions as a I-IV progression in the key of Ab major. The chroma activations showing high values for G# (Ab), D# (Eb), and C# (Db) are highly consistent with the Ab major scale."
69237,C# major,"The chord progression is characterized by frequent repetitions of C# major, F# major, and Ab major chords, which function as the I, IV, and V chords respectively in the key of C# major."
69238,F# major,"The harmonic sequence is dominated by F# major, B major, and C# major chords, which represent the I, IV, and V chords of F# major. The presence of the Ab minor chord, functioning as the ii chord (G# minor), and the strong F# peak in the chroma activations further confirm F# major as the tonal center."
69240,C major,"The chord sequence is dominated by C major, F major, and G major chords, which are the I, IV, and V chords in the key of C major. This harmonic structure is strongly supported by the chroma activations, which show significant peaks at C and G."
69242,F major,"The chord progression is dominated by F major, Bb major, and C major chords, which represent the I, IV, and V chords in the key of F major. This is a common diatonic progression and strongly indicates F major as the tonic."
69244,Bb major,"The chord sequence relies heavily on Bb major, Eb major, and G minor chords, which are all diatonic to the key of Bb major. The frequent inclusion of D major chords functions as a secondary dominant (V/vi) pointing to the relative minor, but the continuous return to Bb major confirms it as the tonal center."
69245,C major,"The harmonic progression is clearly defined by the frequent use of the I (C major), IV (F major), and V (G major and G7) chords. Additionally, the chroma activations show prominent peaks at C and G, strongly indicating C major as the home key."
69246,C major,"The chord sequence consists primarily of chords diatonic to the C major scale, such as C, F, G, and Am. The recurring D chords, appearing as both Dm7 and D7, function as the ii chord and a secondary dominant respectively, which are very common in C major progressions."
69247,C major,"The chord sequence is dominated by C, Am, G, and F chords, which are the primary chords (I, vi, V, IV) in the key of C major. The chroma activations are consistent with this analysis, showing high values for C, G, A, and F."
69248,E major,"The chord sequence is dominated by E major, A major, and B major chords, which function as the I, IV, and V chords in the key of E major. While there are brief appearances of E minor and A minor at the end, these are common modal interchanges and do not disrupt the overall tonality established by the primary progression."
69250,F major,"The chord sequence consistently features F major, D minor, Bb major, G minor, and A minor, which are all diatonic to the F major scale. The frequent recurrence of the F major chord further establishes it as the tonal center."
69259,D major,"The chord sequence is dominated by D major, G major, and A major chords, which function as the I, IV, and V chords in the key of D major. The chroma activations showing high prominence for D and A further support this analysis."
69314,D major,"The chord progression is dominated by alternating D major and G major chords, which clearly establishes D major as the tonal center. The chroma analysis supports this conclusion, showing the highest activations at D and A, the root and fifth of the D major scale."
69319,G major,"The song primarily revolves around the key of G major, evidenced by the frequent use of G, C, D, and E minor chords throughout the beginning and final sections. Although there is a clear modulation to A major in the middle portion, the overall tonal center remains G major."
69323,D major,"The chord progression is dominated by chords found in the D major scale, such as D major, G major, A major, and E minor. The consistent use of these chords, along with the chroma activations, strongly points to D major as the tonal center."
69330,D major,"The chord sequence primarily oscillates between D major and G major, which correspond to the tonic and subdominant chords in the key of D major. The additional chords, including B minor, E minor, and the chromatic bVII7 (C7) chord, are common functional or borrowed chords within this key center."
69458,A major,"The chord progression is dominated by A major and D major, with a brief occurrence of E major, which is indicative of a standard I-IV-V structure in A major. The chroma activations support this tonal center, showing strong levels for notes within the A major scale, such as A, D, E, and C#/G#."
69576,C minor,"The chord sequence consists primarily of an alternation between C minor and F minor, with the occasional appearance of an Ab major chord, which is the relative major's tonic or the III chord in C minor. The chroma activations support this, showing significant energy at C, Eb, and G, which form the C minor triad."
69588,C minor,"The chord progression frequently cycles through C:min, F:min, G:min, and Bb:7, all of which are diatonic to the C minor scale. The presence of D natural throughout the chords further confirms C minor over F minor, which would typically feature Db."
69590,A minor,"The chord sequence is composed almost entirely of an A minor chord, which, supported by the dominant A chroma activation, strongly indicates that the key is A minor."
69593,G minor,"The chord sequence heavily oscillates between F minor and G minor, with the D7 chord functioning as a dominant that resolves to G minor. This harmonic progression, combined with the prominence of G and F# in the chroma activations, confirms G minor as the likely tonic."
69594,A minor,"The chord sequence primarily alternates between A minor and F major, which are chords commonly found in the A minor scale. The chroma activations confirm this, showing high prominence for the notes A, C, E, and F."
69601,E major,"The chord sequence is dominated by E major and B major chords, with frequent occurrences of Ab minor (G# minor), all of which are diatonic chords in the key of E major. The chroma activations support this with significant peaks at B, D#, E, and G#."
69607,D major,"The chord sequence consists primarily of D major, G major, B minor, and A major chords, which function as the I, IV, vi, and V chords in the key of D major. This harmonic structure is strongly supported by the chroma activations, which show high concentrations on D, F#, G, A, and B, all of which are key notes within the D major scale."
69608,G major,"The chord sequence is heavily centered on G major, C major, D major, and E minor, which are the I, IV, V, and vi chords in the key of G major. Additionally, the chroma profile shows strong activations for the notes G, D, A, and B, which are all diatonic to the G major scale."
69609,Eb major,"The chord sequence is centered around Eb major, Ab major, and Bb sus4 chords, representing the I, IV, and V chords of Eb major. Chroma activations confirm this with significant activity on the notes Eb and Bb, which are consistent with the Eb major scale."
69610,C major,"The chord sequence is composed primarily of C major, F major, and G major chords, which correspond to the I, IV, and V chords in C major. This tonal center is further supported by the chroma activations, which show the highest intensity on C and G."
69611,F# major,"The chord progression is dominated by the alternation between F# major and B major, which correspond to the I and IV chords in the key of F# major. The chroma profile, showing high activity in F# and B, further confirms F# major as the tonic."
69612,Bb major,"The chord sequence is dominated by the tonic (Bb major) and subdominant (Eb major) chords, with occasional use of the ii chord (C minor), which is highly characteristic of the key of Bb major. The chroma activations align with this analysis, showing strong peaks at Bb, F, and D, which are the primary chord tones of the Bb major triad."
69781,F# major,"The chord sequence is dominated by F# major, B major, and C# minor, which are primary harmonic components within the key of F# major. The chroma profile confirms this with significant peaks at F# and B, and while chords like A major and E major appear, the overall tonal center remains strongly anchored to F#."
69904,F major,"The chord sequence relies heavily on the chords Bb major, C major, and D minor, which correspond to the IV, V, and vi chords in the key of F major. The recurrence of this progression suggests F major as the tonal center."
69932,A major,"The chord progression is dominated by A, D, and E chords, which function as the I, IV, and V chords in the key of A major. The chroma activations further support this, with high values for E, C#, D, and A, which are all prominent notes in the A major scale."
69937,B minor,"The chord sequence consists primarily of B minor, D major, A major, and G major chords, all of which are diatonic to the B minor scale. The frequent recurrence of the B minor chord serves as a strong tonal center, and the chroma activations of B, F#, and A provide further evidence for this key."
69941,C# major,"The chord progression consistently uses C# major, F# major, and Ab major, which correspond to the I, IV, and V chords in the key of C# major. The chroma activations further support this by showing prominent peaks on C# and G#, which are the tonic and dominant notes of the key."
70048,A major,"The song's chord progression alternates consistently between A major and C# minor chords, both of which are prominent in the key of A major. The chroma activations further support this, as they emphasize notes belonging to the A major scale, such as A, C#, E, and G#."
70050,G minor,"The chord progression frequently centers around G minor, Bb major, and Eb major, which are the i, III, and VI chords in G minor. The chroma activations are consistent with the G minor scale, showing high prominence for the notes G, Bb, D, and Eb."
70051,Bb major,"The chord progression is dominated by chords that are diatonic to the Bb major scale, specifically Bb (I), Dm (iii), Eb (IV), F (V), and Gm (vi). These chords appear in repeating sequences that strongly reinforce Bb as the tonic center, and the chroma profile further supports this with strong activations for D, F, Eb, and Bb."
70052,E major,"The chord sequence cycles through C# minor, Ab minor (likely intended as G# minor), A major, and E major, which follows a vi-iii-IV-I progression in the key of E major. This tonal center is further supported by the chroma activations, which show high prominence for E, G#, and C#."
70053,Bb major,"The chord sequence is dominated by Eb major, F major, G minor, and Bb major chords. The recurring progression of IV (Eb), V (F), vi (G minor), and I (Bb) chords is highly characteristic of the key of Bb major."
70054,A minor,"The chord sequence is heavily dominated by A minor, with alternating C major chords. The chroma profile, with strong peaks at A, E, and C, further confirms A minor as the tonal center."
70056,E major,"The chord sequence consistently features E major, C# minor, B major, and A major, which represent the I-vi-V-IV progression in E major. The chroma activations reinforce this with significant presence of E, B, C#, and G#, all belonging to the E major scale."
70057,D major,"The chord sequence consistently uses Bm, G, A, and D, which correspond to the vi, IV, V, and I chords in the key of D major. The chroma activations further support this, with strong prominence for the notes D, G, A, F#, and C#, all of which are members of the D major scale."
70058,E major,"The chord progression is dominated by E, A, and B major chords, which function as the I, IV, and V chords in the key of E major. The chroma activations reinforce this analysis with strong values for E, G#, and B, all of which are key components of the E major scale."
70059,B minor,"The chord progression of Bm, D, Em, and G is diatonic to both B minor and D major. However, the sequence frequently returns to the Bm chord, which strongly suggests B minor as the tonal center."
70060,B minor,"The chord sequence consists of alternating B minor and F# minor chords, which suggests a tonal center of B minor. This is further supported by the chroma profile, which highlights B, F#, and C# as the most prominent notes."
70061,Ab major,"The chord sequence consistently rotates through Ab major, Eb major, Bb minor, and C# major (enharmonically Db major), which form a I-V-ii-IV progression in the key of Ab major. The chroma activations are also consistent with the notes present in the Ab major scale, supporting this analysis."
70103,C# minor,"The track is dominated by a C# minor chord for the vast majority of its duration. Additionally, the chroma analysis shows a strong presence of G#, which is the dominant note of the C# minor scale."
70191,A major,"The progression features a repeating cycle of chords descending by fourths (A-D-G-C-F-Bb-E) which serves to establish A major as the tonal center. Despite the highly chromatic nature of the progression, the consistent return to the A major chord reinforces this key."
70194,D major,"The chord sequence consists primarily of G major, A major, and D major chords, which are the IV, V, and I chords in the key of D major, respectively. The inclusion of B minor as the vi chord further reinforces this key center, and the chroma activations are consistent with the notes in the D major scale."
70213,Eb major,"The chord sequence consistently features Eb major, Bb major, Ab major, and C minor, which are all primary chords in the key of Eb Major. The recurring progression of G major to C minor functions as a standard secondary dominant to the relative minor. The chroma activations further support this, with strong emphasis on Eb, Bb, G, and Ab."
70215,E major,"The chord progression frequently cycles through E, A, and B major, which are the I, IV, and V chords in the key of E major. While there is a middle section with more chromatic chords and a modulation to the relative minor (C# minor), the song clearly centers around and concludes in the key of E major."
70221,G major,"The chord progression is anchored by the G major chord, which appears frequently throughout the sequence. The presence of the dominant D major chord and the minor subdominant C minor strongly suggests G major as the tonic, while additional chords like Ab major provide chromatic variety."
70227,B minor,"Although the song starts with a significant section in Bb major, it transitions into a stable B minor tonality, which persists for the latter half of the song. The chord sequence, including G major, and the chroma peaks of B and A# (the leading tone of B minor) strongly support B minor as the final key."
70229,A minor,"The chord progression primarily utilizes chords diatonic to A minor, such as C major, E minor, G major, and A minor. The frequent occurrence of E major, functioning as the dominant chord resolving to A minor, strongly establishes A minor as the tonal center."
70244,G major,"The chord sequence features a recurring progression of G major, C major, D major, and E minor, which correspond to the I, IV, V, and vi chords in the key of G major. The frequent use of these chords and their resolution patterns strongly point to G major as the tonal center."
70302,C minor,"The chord progression is anchored by C minor, which appears repeatedly as both a minor triad and a minor seventh chord. The use of supporting chords like Ab major, Eb major, and F minor 7 is consistent with the key of C minor, and the chroma analysis, showing elevated levels for C and D#, further supports this tonal center."
70304,C major,"The song prominently features a recurring chord progression of C, E minor, F, A minor, and G, which is a classic I-iii-IV-vi-V progression in the key of C major. This harmonic structure is supported by the chroma activations, which show significant peaks at C, E, G, A, and B, consistent with the C major scale."
70403,Bb major,"The chord sequence consists almost entirely of chords diatonic to Bb major, including the tonic (Bb major), the subdominant (Eb major), the dominant (F major), and the vi and ii chords (G minor and C minor). The chroma activation also shows strong peaks at Bb and D, further reinforcing the key of Bb major."
70673,F minor,"The chord progression consistently oscillates between F minor and C# major (the enharmonic equivalent of Db major), which function as the tonic (i) and submediant (VI) in the key of F minor. The chroma activations reinforce this, showing high prominence for F, Ab, and C, which are the primary tones of the F minor triad."
70713,B minor,"The chord sequence consists primarily of B minor, B major, D major, and E major chords, which are the i, III, and IV chords in the key of B minor. The frequent repetition of these chords suggests B minor is the tonal center."
70717,B major,"The chord sequence primarily oscillates between B major and E major, which function as the I and IV chords in the key of B major. The chroma profile strongly supports this, with the highest activations occurring at B, E, and F#."
70719,C# major,"The chord sequence repeatedly cycles through C# major, Bb minor, Ab major, and F# major, which function as the I, vi, V, and IV chords in the key of C# major. The consistent return to these chords, along with the prominence of C#, G#, and A# in the chroma activations, strongly supports C# major as the tonic."
70883,F major,"The chord progression is primarily built on the I, IV, and V chords (F, Bb, and C) of the F major scale. The recurring Ab major chord serves as a borrowed chord from the parallel minor key (bIII), a common technique in this style of music. Given the emphasis on F major throughout, it functions as the tonic key."
70887,F major,"The harmony is strongly centered around F major, with F:maj being the most frequent chord. The other chords present, such as Bb:maj (IV), C:maj (V), and Eb:maj (bVII), are all common in the key of F major, and the chroma activations reinforce this with significant activity on F and C."
71009,C# major,"The chord sequence alternates between F# major and Ab major, which function as the IV and V chords in the key of C# major when treating Ab major enharmonically as G# major. This tonal center is also supported by the significant chroma activation for C#."
71226,D minor,"The chord sequence is heavily dominated by a D minor chord, which lasts for 47 seconds and serves as the clear harmonic center. While the brief progression to G major and C major at the end suggests a functional ii-V-I cadence in C major, the overall sustained emphasis on D minor and the chroma data, which strongly feature D, A, and F, confirm D minor as the key."
71229,C major,"The chord sequence oscillates primarily between C major and F major, with C major appearing frequently and for longer durations. Furthermore, the chroma analysis shows a high activation for C, which strongly supports C major as the tonic."
71231,B major,"The chord sequence is dominated by the B major chord, which serves as the tonal center. The chroma activations further support this, showing a concentration of activity on the notes that make up the B major scale, including B, A#, and G#."
71256,D minor,"The chord sequence is heavily dominated by D minor, which acts as the tonic, and A major, which serves as the dominant. The inclusion of Bb major and G minor chords further reinforces the D minor tonality, fitting the diatonic scale of D minor."
71257,D minor,"The chord sequence is heavily centered on D minor, utilizing the i (D minor), VI (Bb major), and V (A major) chords frequently. The chroma activations are also consistent with the D minor scale, confirming this tonal center."
71261,D minor,"The chord sequence is heavily centered on D minor, which appears most frequently and for the longest cumulative duration. The harmonic progression commonly features chords diatonic to D minor, such as Bb major, C major, and F major, while the recurring A major chord acts as a strong dominant leading back to the tonic."
71262,A minor,"The chord sequence consistently rotates through F major, A minor, G major, and E minor/major, which are all strongly diatonic to the A minor scale. Given the frequent focus on A minor as a central chord throughout the progression, it is clearly the tonal center."
71263,A minor,"The chord sequence consistently oscillates between A minor and E major, which is a classic i-V harmonic relationship that strongly defines A minor. Despite the final A major chord, the overwhelming frequency of the A minor chord establishes A as the tonal center."
71264,F major,"The chord sequence consistently features D minor, Bb major, F major, and C major, all of which are diatonic chords within the F major scale. The frequent return to the F major chord and the use of the C major chord as a harmonic support further reinforce F major as the tonal center."
71266,A major,"The chord sequence is dominated by the A major chord, which functions as the tonic, along with frequent appearances of the D major (IV) and B major chords. These chords are characteristic of the A major key, with B major often serving as a secondary dominant or borrowed chord common in pop and rock progressions."
71334,C major,"The progression C-G-Am is a classic I-V-vi sequence which is typical of C major. The chroma activations showing prominence for C, B, and E strongly corroborate this analysis."
71363,A minor,"The chord sequence frequently utilizes A:min, C:maj, F:maj, G:maj, and E:min, which are all diatonic to the A minor scale. Although there are chromatic elements like A:maj and D:maj, the overall harmonic progression centers on A as the tonic with a clear minor tonality."
71364,A minor,"The chord progression frequently utilizes A:min, F:maj, C:maj, and G:maj, which are characteristic of the key of A minor. The recurring D:maj chord, often found in the A Dorian mode, further confirms this tonal center, and the chroma activation for A is the highest, reinforcing A minor as the key."
71365,A minor,"The chord sequence is heavily centered around A minor, frequently alternating with its relative major, C major, and utilizing G major and F major, which are common chords in this key. The occasional appearance of D major and A major adds harmonic interest typical of the A minor key, confirming A minor as the most likely tonal center."
71366,A major,"The song is centered around the A chord, which appears frequently throughout the sequence. The recurring progression of A-G-C-D is characteristic of an A Mixolydian sound, while the usage of E major and A minor suggests a shift into A minor/Aeolian at times, but the overall tonic remains A."
71367,A minor,"The progression features recurring A minor and E major chords, which strongly establish A minor as the tonal center. The accompanying chords, such as C major, G major, and D minor, are diatonic to the relative major (C major) or function within the A minor harmony, while the chroma activations further support the A minor tonality."
71368,A minor,"The chord sequence is heavily dominated by A minor, frequently alternating with C major and G major, which is a standard i-III-VII progression in A minor. The high frequency of the A minor chord throughout the song, combined with the strong A chroma activation, clearly supports A minor as the tonic."
71369,A minor,"The chord progression is heavily dominated by alternating A minor and G major chords, which establishes A minor as the tonic. The occasional appearance of C major, F major, and the final E major chord are all consistent with the key of A minor."
71370,E minor,"The harmonic progression is strongly anchored around E minor, evidenced by the frequent use of its tonic E minor, its dominant B major, and its relative major G major. While E major chords appear frequently, the prevalence of the E minor chord and the overall tonal movement confirm E minor as the primary key."
71371,D major,"The song prominently features G, D, and A chords, which function as the IV, I, and V chords in the key of D major. The common progression of these chords, combined with the fact that the song ends on a D major chord, strongly supports D major as the tonal center."
71372,C major,"The chord sequence heavily features the I, IV, V, and vi chords (C major, F major, G major, and A minor) characteristic of the C major key. While there are occasional secondary dominants like D major and E major, these are common chromatic embellishments within the context of a C major progression."
71488,E major,"The chord sequence centers on E major, frequently alternating with C major and B major, which act as the bVI and V chords in E major. The chroma data shows strong emphasis on the notes E and B, consistent with an E major tonal center."
71504,E major,"The chord sequence frequently alternates between E major and D major, which is a common bVII-I progression in E major. The chroma activations are also heavily centered on E, further supporting it as the tonal center."
71506,B major,"The chord sequence is dominated by a B major chord, and the subsequent Ab minor (G# minor) chord functions as its relative minor, sharing the same key signature. The chroma activations align well with the B major scale, particularly with high values for B, A#, and F#, confirming B major as the most plausible tonic."
71511,C major,"The chord progression consists of a repeated alternation between G major and C major chords, which is characteristic of a piece centered in C major where G functions as the dominant."
71515,A major,"The chord sequence is heavily dominated by A:maj and D:maj, establishing A as the primary tonal center. While there are some unconventional elements like G:maj and occasional A:min chords, the consistent return to A:maj throughout the sequence and the high frequency of A in the chroma activations strongly indicate A major as the key."
71516,A major,"The chord sequence is almost entirely an A major chord, indicating A as the tonic. The chroma activations support this, with a very strong peak at A and a significant peak at E, which is the perfect fifth of the A major scale."
71517,C major,"The harmony is dominated by the C major chord for the vast majority of the duration, and the chroma peaks at C and G strongly support C major as the tonal center."
71582,F major,"The chord sequence is dominated by the F major chord at the beginning and end, and it utilizes standard diatonic progressions (I, IV, ii, V, vi, iii) typical of the key of F major. The progression consistently resolves to F major, confirming it as the tonal center."
71583,A major,"The song's chord progression prominently features A, D, and E, which are the primary triads of the A major scale. The secondary dominants B major and C# major provide movement toward other scale degrees but do not shift the overall tonal center. These features, along with the chroma activations, strongly point to A major as the key."
71584,F# major,"The chord progression is dominated by the tonic (F# major) and subdominant (B major) chords, which establish F# major as the primary key. Additional chords such as Eb minor and Bb major are consistent with this key as they often function as secondary dominants or vi chords within the F# major context, and the chroma profile supports this with high activity on F# and B."
71585,D major,"The chord sequence is a repeating I-V-vi-IV progression (D-A-Bm-G) in the key of D major. The chroma profile further supports this, showing strong activations for the notes within the D major scale (D, E, F#, G, A, B, C#)."
71697,Bb minor,"The chord sequence consistently centers around the Bb minor chord, which appears frequently throughout the progression. The other prominent chords, such as F# major, Eb minor, and Ab major, are all common chords found within the harmonic minor or natural minor scale of Bb minor."
71698,C# minor,"The chord sequence is heavily centered around the C# minor chord as the primary tonal center. Frequent use of related chords such as B major and F# major, along with high chroma activations on C# and G#, strongly confirm C# minor as the key."
71700,B major,"The chord progression consistently features B major, Ab minor, E major, and F# major, which function as the I, vi, IV, and V chords in the key of B major. The high chroma activations for E, G#, and F# also align well with these chords, confirming the tonal center of B major."
71701,A minor,"The chord sequence consists primarily of A minor, C major (or Cmaj7), and G major chords, all of which are diatonic to the A minor/C major scale. A minor acts as the clear tonal center due to its frequent appearance, long durations, and strong presence in the chroma activations."
71702,D minor,"The chord sequence heavily features Dm, Am, F, and C, which are all diatonic to the D minor scale. The frequent recurrence of Dm as a root and the concluding A major chord, which functions as the dominant (V) in D harmonic minor, strongly confirm D minor as the key."
71703,C major,"The chord progression of Dm, F, and G corresponds to the ii, IV, and V chords in the key of C major. The chroma distribution also supports this, showing strong activations for notes in the C major scale, specifically the presence of B over Bb."
71855,C major,"The chord sequence heavily utilizes a recurring pattern of C, G, Dm, and F chords, which are the I, V, ii, and IV chords in C major, respectively. Although there is some chromaticism at the beginning, the overall harmonic structure strongly points to C major."
71957,E minor,"The harmonic progression is centered on E minor, with frequent use of the i-VI-VII and i-iv progressions, which are standard in E minor. The chroma profile, showing a significant peak at E, further supports E minor as the tonic."
72017,B major,"The chord sequence consists entirely of an alternating progression between B major (the tonic) and F# major (the dominant). This strong I-V harmonic relationship strongly suggests B major as the key, which is further supported by high activations for B and F# in the chroma profile."
72020,A minor,"The chord progression frequently cycles between A minor and E major, with E minor and C major also appearing as key components. This strong emphasis on A minor as the tonic and E major as the dominant, supported by the chroma peaks at A, C, E, and G, points to A minor as the key."
72022,F major,"The chord sequence alternates between F major and D minor, which are relative major and minor keys. The chroma activations show a strong preference for F, A, and C, reinforcing F major as the tonal center."
72046,A major,"The chord progression is dominated by A major, D major, and E major, which represent the I, IV, and V chords in the key of A major. The frequent use of B7 and F#7 as secondary dominants, combined with the high chroma activations for A and E, strongly confirms A major as the tonal center."
72047,D major,"The chord sequence consists almost entirely of D major, G major, and A major, which represent the I, IV, and V chords in the key of D major. The chroma activations strongly support this conclusion, with high values corresponding to the notes D, F#, and A, which form the D major tonic triad."
72048,F# minor,"The chord sequence is centered around F# minor, frequently using the dominant C# major and related chords like D major and E major. Despite some chromaticism involving F major and Eb major chords, the recurring focus on F# minor and the chroma profile, which highlights A, F#, and C#, indicate F# minor as the tonal center."
72049,C major,"The song is strongly centered around the C major chord, which appears repeatedly and for long durations. The chord progression frequently features functional harmony typical of C major, such as the D major (II) to G major (V) to C major (I) cadence, strongly anchoring the key."
72051,G major,"The chord sequence consists primarily of G major, C major, and D major chords, which function as the I, IV, and V chords in the key of G major. This standard and repetitive harmonic progression strongly confirms the key is G major."
72053,Bb major,"The song consistently cycles through Bb major, F major, G minor, and Eb major, which corresponds to the standard I-V-vi-IV chord progression in the key of Bb major. This is strongly supported by the chroma activations, which show the highest intensity for A# (Bb) and F."
72055,F# major,"The chord sequence is heavily dominated by F# major, B major, and C# major, which function as the I, IV, and V chords in the key of F# major. The recurring use of Eb minor, the relative minor, further confirms this tonal center."
72056,G major,"The chord sequence consists primarily of G major, C major, and D major, which are the I, IV, and V chords in the key of G major. The presence of an E minor chord, which is the vi chord, further confirms this diatonic progression. Additionally, the high chroma activations for G and D align with this key."
72057,A major,"The chord sequence consists primarily of A major, D major, and E major chords, which correspond to the I, IV, and V chords in the key of A major. The frequent return to the A major chord and the prominent A chroma activation strongly support A major as the tonic."
72110,G major,"The chord sequence is dominated by a sustained G major chord. The chroma activations for D and G are the highest, aligning perfectly with the tonic and dominant notes of G major."
72113,A major,"The chord sequence consists almost entirely of A major chords, establishing A as the clear tonic. The chroma activations reinforce this with significant presence of A, E, and G#, which are defining notes of the A major scale."
72115,G major,"The song is predominantly composed of a G major chord, which lasts for over 50 seconds, making it the clear tonal center. The chroma activations further support this, with G and D being the most prominent notes, which are the primary tones of the G major triad."
72206,D minor,"The chord progression is anchored around D minor, A minor, and F major, which are characteristic of the key of D minor. The frequency and duration of D minor throughout the sequence indicate that it is the tonal center."
72245,G minor,"The chord progression alternates between G minor and C minor, with an initial Bb major chord, all of which are consistent with the key of G minor. The chroma activations confirm this, as they show prominent activity on notes within the G minor scale, such as G, C, D, and Bb."
72246,G major,"The chord sequence consists of a consistent alternation between G major (and Gmaj7) and Cmaj7 chords, which indicates a I-IV harmonic relationship characteristic of the key of G major. The high chroma activation for G further supports this tonal center."
72248,F minor,"The progression is characterized by an oscillation between F minor and Eb major, which acts as a strong i-VII cadence in F minor. The presence of the Ab major chord further reinforces this key as it is the relative major, and the chroma activations indicate the presence of the leading tone E natural, characteristic of the F harmonic minor scale."
72255,C major,"The chord sequence is composed of C major, G major, and D minor, which are all diatonic chords within the C major scale. The chroma activations reinforce this, as the most prominent notes (G, D, E, C, and B) are all key members of the C major scale."
72313,D minor,"The chord sequence is heavily dominated by D minor, which appears for the vast majority of the duration. While D major and other chords are present, they function as common variations within a D minor tonality, such as the IV chord (G major) or the use of the major tonic (D major) as a secondary dominant or modal inflection."
72359,C# minor,"The chord progression predominantly features C# minor, A major, F# minor, and B major, which are all diatonic to the C# minor scale. C# minor functions as the clear tonal center throughout the sequence, making it the most likely key."
72360,B major,"The chord sequence primarily utilizes B major, E major, and F# major chords, which represent the I, IV, and V triads in the key of B major. The presence of the Ab minor (vi) and C# minor (ii) chords, along with the high chroma activations for B and F#, consistently supports B major as the tonic."
72436,D major,"The chord sequence is dominated by D major and G major chords, indicating a strong I-IV relationship in the key of D major. This is reinforced by the long duration of the D major chord at the end and the chroma profile which highlights D and F# as significant notes."
72451,D major,"The chord sequence is heavily dominated by a D major chord, which accounts for nearly the entire 60-second duration. The chroma activations corroborate this, with D and A being the most prominent pitches, consistent with the tonic and dominant of the key of D major."
72474,F minor,"The song is dominated by alternating Bb minor and F minor chords, with occasional C minor chords appearing. This progression corresponds to the i-iv-v functional harmony of F minor. The chroma activations also support this, with strong peaks at F, A# (Bb), and C."
72475,B major,"The chord sequence primarily alternates between E major and B major, with B major holding a significantly longer total duration. The strong chroma peak at B and A# also supports B major, as A# acts as the leading tone to the tonic B."
72477,C# minor,"The chord sequence is heavily dominated by C# minor, which serves as the primary tonal center throughout the piece. The frequent appearance of other chords, including B major, A major7, and E major, further confirms the key as C# minor, as these chords are all diatonic to the C# minor scale."
72480,G minor,"The chord progression frequently cycles between G minor and Eb major, which function as the i and VI chords in G minor. Other chords present, such as C minor (iv), Bb major (III), and F major (VII), are entirely consistent with the G minor key, and the chroma activations are dominated by notes G, Eb, D, and Bb, further supporting this analysis."
72615,D minor,"The chord progression frequently utilizes D, A, and C chords, including both A major and A minor. The presence of these chords, along with the prominent C natural in the chroma activations, strongly points toward a D minor tonality, potentially incorporating Dorian modal characteristics."
72623,C# minor,"The chord sequence is heavily anchored by the C# minor chord, which appears for the majority of the duration. This is strongly supported by the chroma activations, which show the highest intensity at C# and a secondary peak at G#, corresponding to the tonic and dominant of the C# minor key."
72624,G minor,"The chord progression is dominated by the G minor chord, which appears for the longest total duration and anchors the sequence. The additional chords, such as Bb major, C major, and F major, are consistent with the G minor harmonic context."
72634,C# major,"The chord sequence, featuring F# major (IV), C# major (I), Ab major (V), and Eb minor (ii), strongly aligns with the C# major scale when considering enharmonic equivalents like Ab/G# and Eb/D#. The chroma activations, which show high values for C#, D#, and F#, further reinforce this key."
72686,C# major,"The chord sequence consists primarily of F#, C#, and Ab, which function as the IV, I, and V chords in the key of C# major. Given the long duration of the C# major chord throughout the segment, it acts as the clear tonic."
72997,B minor,"The chord sequence is dominated by the B minor chord, which appears for the majority of the song's duration, supplemented by its relative major, D major. The chroma activations, which show strong peaks at B, C#, and D, are consistent with the B minor scale."
73069,C minor,"The chord progression consistently revolves around the C:min, Ab:maj, and Bb:maj chords, which form a standard VI-VII-i progression in the key of C minor. The chroma activations confirm the prominence of C, Ab, and Bb, supporting this harmonic center."
73114,G major,"The chord sequence relies heavily on functional harmony in G major, frequently using the I (G), IV (C), V (D), vi (Em), and iii (Bm) chords. The resolution at the end to G strongly confirms it as the tonal center, and chromatic chords like F and Bb are typical borrowed chords found in this key."
73181,Ab minor,"The harmony frequently alternates between Ab minor and B major (enharmonically Cb major), which are the tonic and submediant chords in Ab minor. The presence of Eb major (the dominant V chord) and C# major (the subdominant iv chord) further supports Ab minor as the key."
73419,B minor,"The chord sequence centers around B major, D major, A major, and G major, which strongly suggest a B minor tonality. While B major is used as the tonic chord, it functions within the context of the B minor scale (or B Dorian), common in rock music. The high chroma activations for B, F#, and E further reinforce B as the tonal center."
73420,D major,"The chord sequence consists primarily of D, A, and G major chords, which function as the I, V, and IV chords in the key of D major. The chroma activations reinforce this with strong peaks at D and A, confirming the tonal center."
73422,Ab major,"The chord sequence is centered around Ab:maj as the tonic, with frequent use of C#:maj (IV) and F#:maj (bVII). The chroma activations support this with a strong emphasis on G# (Ab) and significant activity at C# and D#, which fit the Ab major scale."
73423,B minor,"The chord sequence is dominated by repeated oscillation between B minor and F# minor, which strongly establishes B minor as the tonal center. Although there is a section featuring E major and what is likely a mislabeled F# half-diminished chord, the harmonic structure remains grounded in B minor throughout."
73425,E major,"The chord sequence prominently features E major, A major, and B major, which function as the I, IV, and V chords in the key of E major. The chroma activations align with this analysis, showing high values for E, A, and B, confirming E major as the tonal center."
73428,F major,"The chord progression is dominated by an alternation between F major and C major chords, supported by A minor and D minor, which all belong to the F major scale. Additionally, the highest chroma activation is F, further supporting F major as the tonic."
73431,D major,"The chord progression features a variety of chords including G major, C major, D major, A major, F# minor, E major, and C# minor. These chords are almost entirely diatonic to the key of D major, with the C major chord functioning as a common bVII borrowed chord. The strong emphasis on D major, A major, and F# minor, particularly in the latter half, further confirms D major as the tonal center."
73432,A major,"The chord sequence is dominated by the A major chord, with frequent support from its relative minor (F#:min) and the dominant (E:maj) chord. The chroma activations further support this, with A being the most prominent pitch and other chord tones (E, B, D) also showing significant activations."
73435,C major,"The chord progression is composed of chords belonging to the C major scale, including C, Dm, F, G, and Am. While the sequence frequently features the A minor chord, the clear dominant-to-tonic cadences (G-sus4/G-maj to C-maj) and the structural resolution toward the C major triad strongly support C major as the tonal center."
73437,C major,"The chord sequence is heavily dominated by the C major chord, which serves as a clear tonal center throughout. The frequent alternation with F major and F minor is typical of functional harmony in C major, utilizing borrowing or modal interchange."
73492,D major,"The chord sequence is dominated by D major, A major, and B minor, which correspond to the I, V, and vi chords in the D major scale. This harmonic structure is supported by the chroma profile, which shows the highest activations on D and A, the root and fifth of the tonic chord."
73495,B minor,"The song's chord progression uses Bm, G, D, A, and Em, which are all diatonic to both B minor and its relative major, D major. The prominent placement of the Bm chord throughout the sequence, especially at the start and in the middle, indicates that B minor is the tonal center."
73687,A major,"The chord progression is dominated by A major and E major chords, acting as the I and V chords respectively in the key of A major. The inclusion of D major chords further strengthens this analysis, and the chroma activations are highly consistent with the notes of the A major scale."
73689,E major,"The chord progression features A major, B major, and E major chords, which functions as a I-IV-V progression in the key of E major. The high chroma activations for E, A, and B further support the identification of E major as the tonic."
73693,A major,"The chord progression relies heavily on chords from the A major scale, such as A major (I), D major (IV), E major (V), and F# minor (vi). The frequent resolution to A major and the use of the G major chord as a borrowed bVII chord strongly support A major as the tonic."
73696,Ab major,"The chord progression of Ab major, Bb minor, and C minor corresponds to a I-ii-iii progression in the key of Ab major. This is reinforced by the chroma activations, which show high prominence for the notes Ab, Bb, C, and Eb, all of which are central to the Ab major scale."
73704,G major,"The progression consists of recurring G major, D major, and C major chords, which is a standard I-V-IV pattern in the key of G major. The chroma profile, showing strong peaks on G, B, and D, provides further evidence for this tonal center."
73741,Ab major,"The chord sequence repeatedly oscillates between Ab major and F minor, which are the relative major and minor chords in the key of Ab major. As the sequence centers around the Ab major tonic and the chroma activations strongly align with the notes of the Ab major scale, Ab major is the most likely key."
73758,A major,"The chord sequence is composed of A major, D major, F# minor, E major, and B minor, all of which are diatonic chords in the key of A major. The chroma activations also support this, showing a strong concentration on A."
73761,F major,"The chord sequence relies heavily on F major, D minor, A minor, and Bb major, all of which are diatonic to the F major scale. The chroma analysis further supports this, showing strong activations for F and A, which are central notes of the F major tonic triad."
73763,C minor,"The harmonic progression centers around C, frequently alternating between C major and C minor. The presence of G major as a dominant and Ab major as a bVI chord strongly confirms C minor as the primary tonal center."
73768,E minor,"The chord sequence heavily features the repeating progression of B major, E minor, and A minor, which corresponds to the V-i-iv chords in the key of E minor. The concluding cadence of C major, D major, and E minor further solidifies E minor as the tonic."
73770,A major,"The chord progression frequently alternates between A major and D major, which are the I and IV chords in the key of A major. The inclusion of F# minor (vi), E major (V), and B minor (ii) confirms this harmonic context."
73772,Ab major,"The chord sequence consistently alternates between Ab major and F minor, which are relative keys. The chroma activations confirm this, with strong prominence on G# (Ab), C, F, and D# (Eb), all of which are key notes within the Ab major scale."
73774,A major,"The chord progression is composed of A major, F# minor, E major, and D major chords, all of which are diatonic to the key of A major. The chroma activation is also dominated by A, further confirming this tonic."
73788,F major,"The chord progression frequently alternates between Bb major and C major, which function as the IV and V chords in the key of F major, and includes G minor as the ii chord. This harmonic pattern is highly characteristic of F major."
73789,A minor,"The chord sequence oscillates between the relative keys of A minor and C major. Given that the progression frequently returns to and ends on A minor, it is the most suitable tonal center."
73792,A major,"The chord sequence is dominated by the I, IV, and V chords (A major, D major, and E major/E7) of the A major scale. The chroma activations are also consistent with this key, showing high values for the tonic (A), dominant (E), subdominant (D), and major third (C#) of the A major scale."
73806,Ab major,"The chord progression is dominated by Ab major, Db major (labeled as C#:maj), Eb major, and F minor, which all belong to the Ab major scale. The chroma activations reinforce this with significant presence of Ab, Eb, and C, confirming Ab major as the key."
73809,A minor,"The chord sequence heavily features F major, G major, and A minor, which are common chords in the key of A minor (VI-VII-i progression). The chroma activations, which show strong peaks at A and E, further reinforce A minor as the tonal center."
73836,E major,"The chord sequence is heavily centered around E, A, and B major chords, which represent the I, IV, and V chords in the key of E major. The inclusion of F# major chords is common in rock and pop progressions in this key, and the chroma activations strongly align with this tonic."
73866,A minor,"The chord progression alternates between A minor, D major, and E major. This is a standard i-IV-V progression in the key of A minor, where the E major chord acts as the dominant, typical of the harmonic minor scale."
73868,D minor,"The chord sequence consists almost entirely of a D minor chord. Additionally, the chroma analysis shows significant activations for D, A, and F, which are the primary notes of the D minor triad."
73875,C# major,"The chord sequence frequently utilizes the tonic C# major along with the diatonic chords Ab major (V) and F minor (vi). The chroma activations, which show significant peaks at C#, F, and G#, align with the C# major scale and the prominent chords identified in the sequence."
73941,F major,"The harmonic progression is dominated by chords such as F, Dm, Bb, and C, which are all diatonic to the F major scale. F major is the most frequent chord and functions as the tonic, while other elements like the D major chord function as a secondary dominant leading to the Gm chord."
73942,F# minor,"The song is centered around the tonic of F#, frequently using chords like F#:min, E:maj, and D:maj, which are characteristic of the F# minor scale. While there is a significant shift towards F#:maj and B:maj later in the piece, the overall harmonic foundation remains firmly rooted in F#."
73943,F minor,"The chord sequence primarily revolves around F minor, utilizing chords like Db major (written as C#), Eb major, and Ab major, which are all part of the F minor key area. The chroma activations show prominent peaks on F, Ab, Db, and Eb, further confirming the key of F minor."
73944,Bb minor,"The chord progression follows a repetitive cycle that consistently resolves to Bb minor, reinforced by the frequent use of the F major (dominant) to Bb minor (tonic) cadence. The harmonic sequence of Eb minor, Ab major, C# major, and F# major is characteristic of the key of Bb minor."
73946,F# major,"The chord sequence is heavily centered on F# major and B major, which act as the tonic and subdominant chords, respectively. The presence of Ab minor (enharmonically G# minor) and Eb minor further supports this, as these represent the ii and vi chords in the key of F# major."
73948,C# major,"The chord sequence primarily utilizes the I-V-vi-IV progression (C# major, Ab major, Bb minor, F# major), which is characteristic of the C# major key. Although there is a modulation to Eb major toward the end of the clip, C# major remains the central and most prevalent tonality throughout the provided sequence."
73950,A major,"The chord sequence consists primarily of A major, C# minor, F# minor, D major, and E major, which correspond to the I, iii, vi, IV, and V chords in the key of A major. The frequent return to A major as the harmonic anchor strongly confirms it as the tonic."
73951,A major,"The chord sequence transitions into a clear A major harmonic progression in the second half, featuring common diatonic chords such as I, IV, V, vi, and iii. The chroma activations are also strongly aligned with the A major scale, with the highest values corresponding to the tonic (A), fifth (E), third (C#), and seventh (G#) notes."
73952,G major,"The song navigates through multiple tonal centers, including movements suggestive of F major/D minor and A minor. However, it frequently establishes G major as a primary anchor, evidenced by strong D major to G major and C major to G major progressions, and the chroma activations strongly support G major with prominent G, D, A, and B frequencies."
73953,C major,"The chord progression frequently utilizes common functional movements in C major, such as the ii-V-I progression (Dm-G-C) and sequences involving Am, F, and Dm chords. The chroma activations are consistent with the C major scale, showing prominent levels for the notes C, D, E, F, G, and A."
73954,D major,"The chord progression consistently features B minor, G major, A major, and D major, which is a classic vi-IV-V-I sequence in the key of D major. The chroma activations also support this, showing significant presence of the notes D, F#, and A."
73955,E minor,"The chord progression is anchored by the frequent use of E minor and includes common chords from the E minor scale such as G major, D major, and C major. The chroma activations are also concentrated on the notes E, G, A, B, and F#, which further confirm E minor as the tonic."
73956,C major,"The chord sequence is heavily centered around the I, IV, and V chords (C, F, G) in C major, along with frequent use of the relative minor (A minor). The presence of the E7 chord acts as a secondary dominant, resolving to A minor, which is a common occurrence in C major progressions."
73957,G minor,"The chord sequence centers on G minor, frequently employing C minor (iv) and D major/minor (V/v) chords, which are functional in the key of G minor. The chroma activations support this, showing significant emphasis on G, D, and A, which are all prominent notes within the G minor scale."
73958,F major,"The chord sequence consistently cycles through F major, D minor, G minor, C major, and Bb major, which are all diatonic to the F major scale. The frequent use of ii-V-I progressions (Gm-C-F) and the concluding C7 to F progression clearly establish F major as the tonic."
73959,F major,"The progression is centered around F major, G minor, and C7 chords, which form a consistent I-ii-V-I pattern in F major. This is reinforced by the high chroma activations for F, C, and G."
73964,C major,"The chord sequence consists entirely of C major, D minor, G major, and A minor, all of which are diatonic to the key of C major. The consistent use of these chords, particularly the repetition of the C major tonic, strongly supports C major as the key."
73965,C minor,"The chord progression features a repeated cycle of C minor, Bb major, F minor, and Ab major, which are consistent with the C minor scale (the relative minor of Eb major). Given that the sequence centers on the C minor chord and the chroma data emphasizes notes within this key, such as C, G, and Ab, C minor is the most suitable tonal center."
73966,Eb minor,"The harmony frequently cycles through Eb minor, Ab minor, and Bb minor, strongly establishing Eb minor as the tonal center. The consistent presence of B major and F# major chords further reinforces this, as they function as the VI and III chords in the key of Eb minor (or the relative major, F# major)."
73967,G major,"The chord sequence is composed of G major, D major, and E minor, which are the I, V, and vi chords of the G major scale. With G major appearing as the most frequent and central chord, the key is clearly G major."
73968,G minor,"The chord sequence is heavily centered around the G minor chord and its relative major, Bb major. Given that G minor occurs with significantly higher frequency and duration throughout the song, it acts as the tonal center."
73969,G major,"The harmonic progression is dominated by repeated alternations between G major and E minor, along with occasional D major chords. This usage, particularly the I-vi-V structure, strongly indicates G major as the tonic."
73970,Ab minor,"The chord progression consistently uses chords such as E major, C# minor, Eb minor, and Ab minor, which function within the key of Ab minor. The frequent usage and resolution to the Abm chord strongly suggest it is the tonic."
73971,Bb minor,"The harmonic progression is centered around the recurring Bb:min and Eb:7 chords, indicating Bb minor as the tonic. The F#:7 chord, which appears frequently, functions as the VI7 chord (enharmonically Gb7) within the key of Bb minor."
73973,D minor,"The chord sequence is overwhelmingly dominated by D minor and D minor 7 chords, which serve as the tonic in the key of D minor. The Bb major 7 chord is the submediant (VI) in the key of D minor, fitting well within the scale. The chroma activations reinforce this analysis, with D, A, and C showing strong presence, all of which are essential notes in the D minor harmonic context."
73976,D minor,"The chord progression is dominated by D minor and D minor 7, with supporting chords like C major and Bb major that are consistent with the D natural minor scale. The chroma activations reinforce this with high prominence on the notes D and A, the root and fifth of the key."
73977,D minor,"The chord sequence is dominated by the D minor chord, which accounts for the vast majority of the duration. The additional chords, C major and Bb major, are consistent with the D minor diatonic scale, and the chroma profile shows a strong emphasis on D, further supporting this conclusion."
74090,Eb major,"The chord sequence is dominated by Eb, Ab, and Bb chords, which function as the I, IV, and V chords in the key of Eb major. The recurring secondary dominant progression (C7-F-Bb-Eb) strongly supports this tonality, and the chroma data reinforces Eb as the primary harmonic center."
74111,Ab major,"The chord progression primarily oscillates between Ab major and C# major, which is enharmonically the I and IV chords in the key of Ab major. This tonal center is also reflected in the chroma activations, which strongly highlight the notes of the Ab major scale."
74113,A minor,"The chord sequence consists primarily of F major, G major, and A minor chords, which function as the VI, VII, and i chords in the key of A minor. The high chroma activation for A reinforces A as the tonal center of the piece."
74146,C major,"The chord sequence consists primarily of an alternation between C major and F major, which are the I and IV chords in C major. The high chroma activation for E, which is the major third of the C major chord, reinforces the conclusion that the tonic is C."
74148,F major,"The chord progression consistently features chords derived from the F major scale, including F major, A minor, C major, D minor, and Bb major. The frequent use of the F major chord as a tonal anchor and the presence of the C7 chord (C:maj/b7) strongly establish F major as the key."
74149,A minor,"The chord sequence is dominated by the A minor chord, which appears for the majority of the duration, frequently alternating with F major, a standard progression in the key of A minor (i-VI). The chroma activations show strong peaks at A and C, which are primary notes in the A minor triad, supporting this conclusion."
74192,Eb major,"The chord progression frequently cycles between the tonic (Eb), dominant (Bb7), and subdominant (Ab) chords, establishing a clear harmonic center of Eb major. The chroma activations, which show significant weight on D# (enharmonic to Eb) and A# (enharmonic to Bb), further corroborate this key."
74208,G minor,"The chord sequence is heavily centered on the G:min chord, which serves as the primary tonal anchor throughout the track. The passing chords, such as C:maj, Bb:maj, and A:min, are all consistent with the G minor key signature and suggest a G Dorian modal influence."
74214,C minor,"The harmony revolves around C minor and Eb major, with D minor chords frequently appearing as the ii chord. The chroma profile, showing strong peaks at C, D, and D#/Eb, reinforces C minor as the central tonal area."
74340,A major,"The chord sequence is heavily dominated by the A major chord, identifying it as the clear tonal center. Although there is a brief mention of A minor, it does not suggest a change in key and likely represents a minor variation within the A major context."
74378,C major,"The chord sequence consists primarily of C major, G major, A minor, and F major, which are standard diatonic chords in the key of C major. The frequent and long-duration use of the C major chord establishes it as the clear tonic."
74383,E major,"The chord progression primarily alternates between E major and F# minor, which functions as a I-ii progression in the key of E major. This is supported by the high chroma activations for E and B, the tonic and dominant of the scale."
74384,E major,"The chord sequence primarily oscillates between E major and Eb major, with E major appearing more frequently and anchoring the beginning and end of the sequence. While the harmony is chromatic, the prominence of E major suggests it is the tonal center."
74386,G major,"The chord sequence primarily utilizes chords found in G major, such as G, C, D, and Em. While the inclusion of F major and A minor chords suggests some Mixolydian influence or movement, G major remains the most stable tonal center throughout the majority of the progression."
74393,Bb minor,"The progression is centered around Bb minor, supported by the frequent use of Bb minor and Bb minor 7 chords as the tonal center. The other chords in the sequence, including Ab major, F# major, and C# major, are all diatonically consistent with the Bb minor scale, and the chroma activations strongly reflect these notes."
74474,D major,"The chord sequence consists almost entirely of D major, which is strongly supported by the chroma activations showing a high peak for the note D. Therefore, D major is the clear key for this song."
74506,F major,"The chord sequence consistently revolves around F major, utilizing standard functional progressions such as ii-V-I (G minor to C major to F major). The prominent F, C, G, and A chroma activations further reinforce F major as the tonic, despite the occasional chromatic Ab major chord."
74508,C# major,"The chord sequence consistently utilizes chords such as C#:maj, F#:maj, Ab:maj, Bb:min, Eb:min, and F:min, which are the I, IV, V, vi, ii, and iii degrees of the C# major scale. The prominence of these chords and the chroma activations strongly point toward C# major as the harmonic center."
74509,C major,"The chord sequence centers on C major, supported by frequent appearances of the C major chord and functional ii-V-I cadences like Dmin7-G7-C. Chroma activations show higher values for C and G, confirming the key."
74510,D major,"The chord progression consistently uses chords found in the D major scale, such as D major (I), G major (IV), E minor (ii), and A7 (V). The chroma activations also strongly support this conclusion, with high values for D, F#, and A, which are the primary notes of the D major tonic triad."
74512,Eb major,"The song prominently features an extended Eb major chord and primarily uses chords (Ab, C minor, G minor) that are diatonic to the Eb major scale. The progression frequently cycles between Eb major and C minor, indicating that Eb major is the tonic."
74514,A major,"The chord sequence is dominated by the A major chord, and the presence of D, G, and Bm chords is consistent with the key of A major, where G functions as a common borrowed chord. The chroma activations further support this, with significant peaks at A, E, and G#, which are central to the A major scale."
74515,D major,"The chord progression relies heavily on D major, A major, F# minor, G major, and B minor, all of which are diatonic to the D major scale. The prominence of the D, F#, and A notes in the chroma distribution further confirms D major as the tonal center."
74516,F major,"The chord progression alternates primarily between F major and D minor, with the addition of Bb major and C major chords, which are consistent with the key of F major. The chroma activations showing high values for F and D further corroborate this analysis."
74517,G major,"The chord progression is dominated by chords native to the G major scale, including G major, C major, D major, E minor, and B minor. The high chroma activations for G, D, B, and E provide further confirmation that the tonal center is G major."
74518,A major,"The chord progression is dominated by the A major chord, with secondary functional chords like B minor (ii), F# major (V/vi), and E7 (V) pointing to A major as the tonic. The high activation of A, E, F#, and B in the chroma analysis strongly aligns with the A major scale."
74528,A major,"The chord sequence primarily oscillates between A major and D major, with A major consistently acting as the tonic and resolution point. The presence of occasional C major and G major chords is common in rock-influenced progressions in A major, and the chroma profile supports A as the primary pitch center."
74529,D major,"The chord sequence is dominated by the D major chord, which appears frequently throughout the passage. The supporting chords, including G major, A major, B minor, and E minor, all fit diatonically within the D major scale, and the chroma profile shows a strong, clear peak on D."
74531,E minor,"The chord sequence consists primarily of a repeating progression involving C major, D major, and E minor. This functional progression (VI-VII-i) creates a strong tonal center on E minor, which is further supported by the chroma activations."
74532,F major,"The chord sequence is composed primarily of the chords F major, C major, A minor, and Bb major, which are all diatonic to the key of F major. This harmonic progression strongly points to F major as the tonic."
74533,B minor,"The chord sequence consists primarily of B minor, A major, G major, and E minor, which strongly suggests the key of B minor (i-VII-VI-iv progression). The chroma activations, which show high values for B, A, D, and E, further confirm the key signature of B natural minor."
74535,D major,"The chord sequence is composed of chords that are all diatonic to the key of D major, specifically the I, IV, V, and vi chords (D, G, A, Bm). D major is reinforced as the tonic due to its frequent and long-duration usage throughout the sequence."
74536,G major,"The chord progression is composed of chords (G major, D major, B minor, C major, E minor) that are all diatonic to the key of G major. The frequent use of these chords, centering around the G major tonic, confirms G major as the key."
74537,G major,"The chord sequence relies heavily on G major, C major, E minor, and A minor, which are all diatonic to the key of G major. The frequency and structural placement of the G major chord strongly establish it as the tonic, supported by the prominent G, B, and A chroma activations."
74552,F minor,"The chord progression is dominated by F minor, Eb major, Ab major, and C# major (enharmonically Db major), which are all diatonic to the F natural minor scale. The frequent return to F minor as a stable center confirms it as the tonic."
74556,A major,"The chord progression is clearly centered on the A major chord, which is the most frequent and long-lasting chord in the sequence. While other chords like D major, D minor, and F major appear, they function as chords within the key or chromatic borrowings, and the chroma activations strongly support A as the tonic."
74691,E minor,"The chord progression consists almost entirely of an oscillation between E minor and D major chords, with occasional appearances of G major and C major. The frequency and sustained nature of the E minor chord strongly indicate it as the tonic, characteristic of the E minor scale."
74692,A minor,"The chord progression is dominated by A minor, C major, and F major chords, which are the primary chords in the key of A minor. The frequent use of A minor as a home base, combined with the presence of E7 (the dominant of A minor) before cadencing, strongly supports A minor as the tonic."
74694,G major,"The chord progression follows a recurring pattern of G, D, Bm, and C, which are the I, V, iii, and IV chords in the key of G major. The chroma activations reinforce this conclusion, showing high values for G, D, and B, which are the primary notes of the G major triad."
74695,A minor,"The chord sequence frequently centers around A minor, incorporating common progressions like A minor to D major and using E major or E7 as a dominant to return to A minor. This harmonic structure is highly characteristic of the key of A minor."
74817,Eb minor,"The chord sequence centers on Eb minor, with the other chords (B major, Ab minor, C# major) functioning as the VI, iv, and VII chords, which are all diatonic to the Eb minor scale. The chroma activations, which are highest on notes D# (enharmonic to Eb), A#, F#, and G#, further support the tonality of Eb minor."
74853,F# minor,"The chord sequence uses D major, E major, and F# minor, which function as the VI, VII, and i chords in the key of F# minor. The prolonged duration of the F# minor chord at the end strongly establishes it as the tonic."
74856,G major,"The progression frequently centers on G major and G minor, incorporating the Bb, F, and C chords, which are characteristic of the G Mixolydian mode or the G blues scale. The consistent return to G as the primary chord suggests G as the tonic, with significant modal interchange between major and minor qualities."
74857,F major,"The chord progression frequently utilizes F, Gmin, Bb, and C, which are all primary chords in the F major scale. The additional Eb major chords can be analyzed as borrowed bVII chords, a common feature in pop music, and the chroma activations strongly highlight F as the central tonic."
74864,A major,"The chord sequence relies heavily on A, E, F#m, and D chords, which are the I, V, vi, and IV chords in the key of A major. The chroma profile supports this, showing strong activations for the notes A, C#, E, F#, and D, which are all part of the A major scale."
74867,A major,"The chord sequence consists primarily of A major, D major, and E major, which are the I, IV, and V chords of A major. The frequent appearance of F# minor, the relative minor, and the chroma profile (with high values for A, E, and C#) strongly support A major as the tonal center."
74868,E minor,"The chord progression is centered around E minor, using the chords Em, D, and C, which represent the i, VII, and VI chords in the key of E minor. The A7 chord frequently leads into the D chord, and the chroma activations strongly align with the E minor scale."
74897,Bb major,"The chord sequence consistently follows a ii-IV-V-I progression (C minor, Eb major, F major, Bb major) in the key of Bb major. This interpretation is supported by the chroma activations, which highlight the tonic, subdominant, and dominant notes of the Bb major scale."
74898,C minor,"The chord sequence is dominated by C minor, which accounts for the vast majority of the duration. The chroma profile further supports C as the tonic, with significant activation at C and the minor third D#/Eb."
74899,G minor,"The chord sequence is heavily dominated by G minor, which functions as the tonic throughout. The presence of C major and F major, alongside the strong G center in the chroma activations, confirms G minor as the key."
74901,C minor,"The chord sequence is composed of a repeating loop of C minor, Bb major, and Ab major, which correspond to the i, VII, and VI chords in the key of C minor. All of these chords are diatonic to the C natural minor scale, and the frequent return to the C minor chord establishes it as the tonal center."
74906,C major,"The chord sequence heavily alternates between C major and Bb major, which is characteristic of a C Mixolydian or blues-inflected C major progression where the bVII chord (Bb major) is emphasized. The chroma data supports this, showing significant activations for C and Bb (A#)."
74925,A minor,"The chord sequence relies heavily on A minor, G major, and F major, which are all diatonic to the A minor scale. The high frequency of A minor chords, combined with the chroma activations showing significant emphasis on A, C, D, and G, strongly confirms A minor as the tonic."
74937,C major,"The chord progression predominantly alternates between C major and D minor, which are the I and ii chords in the key of C major. The inclusion of F major and G major chords, along with the high activation of C and D in the chroma, strongly supports a diatonic progression in C major."
74938,F major,"The chord sequence consists of F, G minor7, A minor7, and D minor7, which are all diatonic chords in the key of F major. The progression functions as a I-ii-iii-vi sequence, which is very common in F major."
75049,D major,"The song is primarily centered on D major, evidenced by the frequent use of D major and its relative minor, B minor. Although some D minor chords and chromatic elements like C major appear, the overall harmonic weight and the tonic D point to D major."
75051,E major,"The chord sequence prominently features E, A, and B, which are the I, IV, and V chords in the key of E major, as well as the relative minor (C# minor). The chroma analysis confirms this with high activations for the notes E, B, and A, which are central to the E major scale."
75052,D minor,"The chord progression is dominated by D minor, C major, and F major, which correspond to the i, VII, and III chords in the key of D minor. The high chroma activation for D further supports D minor as the tonal center."
75053,G major,"The chord sequence is dominated by G major (I), D major/D7 (V), and C major (IV) chords, which are the primary chords in the key of G major. The inclusion of E minor (the vi chord) confirms this tonal center."
75055,C major,"The harmony frequently returns to C major, establishing it as the tonic throughout the sequence. The recurring use of F minor alongside C major represents a common modal interchange, effectively utilizing the minor iv chord within the key of C major."
75056,D major,"The chord sequence is composed of chords that are diatonic to the D major scale, including D major (I), G major (IV), A major (V), B minor (vi), and E minor (ii). This, combined with the strong chroma activations for D, G, and A, clearly indicates that the key is D major."
75057,E major,"The chord progression consistently features E, A, and B chords, which correspond to the I, IV, and V chords of the E major scale. This harmonic pattern, supported by the high activation of E, A, and B in the chroma vector, clearly establishes E major as the key."
75059,C major,"The chord sequence is composed primarily of C major, F major, and G major chords, which are the I, IV, and V chords in the key of C major. The presence of D7 chords acting as a secondary dominant (V/V) leading to G and the frequent return to the C major chord strongly support this key, and the chroma activations are also consistent with the C major scale."
75060,D major,"The chord sequence consists primarily of the tonic (D), subdominant (G), and dominant (A) chords, along with the diatonic ii (E minor) and iii (F# minor) chords, all of which are native to the D major scale. The chroma activations further support this, as the most prominent values correspond strongly to the notes within the D major scale."
75061,D major,"The chord sequence is built around the primary triads of D major, including D major (I), G major (IV), A major (V), and B minor (vi). The chroma profile further supports this, showing strong activation for D, A, and F#."
75231,E minor,"The chord progression frequently centers around E minor, with related chords like C major, D major, and A7 being prominent, which are all characteristic of the key of E minor. The chroma activations, which are dominated by E, D, and C, further support this tonal center."
75232,E minor,"The progression centers on E, frequently alternating between E major and E minor chords, and uses related harmonies like D major, C major, and B major, with B major acting as the dominant. This harmonic pattern, combined with strong chroma activations on E and B, indicates E minor as the tonal center."
75233,C# minor,"The chord sequence is heavily centered on C# minor, which occupies the majority of the duration. This tonic is strongly reinforced by the chroma activation profile, which shows a prominent peak at C#."
75234,F# minor,"The chord sequence is centered around F# minor, which has a significant presence throughout the progression, including a long 12.9-second duration. The accompanying chords, such as G# minor (labeled as Ab minor), B minor, D major, E major, and C# minor, are consistent with the F# minor diatonic scale, and the chroma activations strongly align with the notes of this key."
75238,Eb minor,"The chord progression frequently alternates between B major and Eb minor, which function as the VI chord and the i chord in the key of Eb minor. The chroma profile further supports this with significant activations for Eb, Gb (F#), and Bb (A#), which constitute the tonic triad."
75244,B major,"The chord progression consistently oscillates between B major and Eb minor, which is enharmonically equivalent to the iii chord (D# minor) in the key of B major. The chroma activations reinforce this conclusion, with the highest values corresponding to the notes B, D#, and A#, which are central to the B major scale."
75265,F minor,"The chord sequence is heavily centered around F minor, frequently using the i-VI-VII progression (F:min, C#:maj, Eb:maj) which is characteristic of the key. Additional chords like Ab:maj, Bb:min, and C:min/major are all standard diatonic chords within the F minor scale."
75267,E minor,"The chord sequence consistently revolves around E minor, utilizing common chords in that key such as C major, G major, and B minor/major. The frequent returns to the E minor chord firmly establish it as the tonic of the progression."
75268,D minor,"The chord sequence consistently features D minor, C major, Bb major, G minor, and A major, which is a classic i-VII-VI-iv-V progression in the key of D minor. The recurring A major chord acts as a strong dominant, and the chromas further confirm D as the primary tonal center."
75269,C minor,"The progression is centered on C minor, frequently alternating between C minor and Ab major (the tonic and submediant chords). The periodic appearance of G major chords acts as a dominant leading back to the tonic, confirming the key of C minor."
75270,E minor,"The chord progression is centered around E minor, with frequent occurrences of C major (VI) and B major (V), which are standard in E minor. The constant resolution from B major to E minor reinforces this key, and the chroma peaks at E and B provide additional support."
75271,Eb minor,"The song is centered around Eb minor, which is the most frequent and longest-lasting chord in the sequence. The recurring B major chord functions as the VI chord in the key of Eb minor, and the chroma profile shows strong activations for D# and A#, which are central to the Eb minor triad."
75272,E major,"The chord sequence is dominated by an E major chord that persists for the entire duration of the clip. The chroma activations support this, with E being the most prominent pitch class, and other significant activations like F# and D# aligning with the E major scale."
75273,A minor,"The chord sequence is dominated by A minor, D minor, and E major, which corresponds to a standard i-iv-V progression in A minor. This is further supported by the high chroma activations for A and E."
75276,E major,"The chord progression is dominated by repeated occurrences of the E major chord, establishing E as the clear tonal center. Although other chords like A minor, C major, and E minor are present, the consistent return to E major points to E major as the most likely key."
75372,C# minor,"The chord sequence is heavily anchored around C# minor, with frequent use of F# minor and Ab minor, which are enharmonically equivalent to the iv (F# minor) and v (G# minor) chords in the C# minor scale. The chroma activations reinforce this analysis, showing a strong prominence of C# and G#/Ab."
75374,D minor,"The chord sequence is dominated by D minor, G minor, and A major, which strongly indicates a i-iv-V progression in D minor. The chroma activations further support this, with D as the most prominent note and high activations for A and E, which are the dominant and the fifth of the tonic respectively."
75376,C# minor,"The chord sequence frequently uses C# minor as a tonal center, supported by common functional harmony for C# minor such as the subdominant F# minor and the dominant Ab major. The presence of these chords, along with the chromas highlighting G# (the dominant), strongly points to C# minor."
75377,A major,"The chord sequence primarily features the A:7 chord, which is frequently used in A major contexts, often in blues or rock styles. The chroma activations showing prominence of A, E, and G also align with the structure of an A7 chord, supporting A major as the tonal center."
75378,C minor,"The chord sequence primarily consists of alternating C minor and Ab major chords, which is a standard harmonic progression in the key of C minor. The chroma activations further support this by showing a strong peak at the tonic note C."
75379,G minor,"The chord sequence is heavily centered on G minor, which is the most frequent and long-duration chord in the piece. The other chords present (A minor, D minor, and F major) are all diatonic to the G minor scale, making G minor the most likely tonic."
75381,A minor,"The chord progression predominantly features A minor, D minor, C major, F major, E minor, and G major, which are all diatonic to the A minor scale. The prominence of A minor as a recurring home chord, supported by its relative major C, confirms A minor as the most likely key."
75384,B major,"The chord recognition model was unable to provide a sequence, so the key was determined from the chroma activations. The activations show significant concentration in notes that are part of the B major scale, including B, A#, G#, F#, and E, making it the most plausible key choice."
75385,C major,"The chord sequence features both C major and C# major chords, with C major chords having a slightly longer total duration. Given the minimal and somewhat ambiguous harmonic information, C major is the most likely tonal center."
75387,Eb minor,"The chord sequence consists almost entirely of an Eb minor chord, which provides strong evidence for the key. The chroma activations support this, with the highest values concentrated on the root (Eb/D#) and perfect fifth (Bb/A#) of the Eb minor scale."
75389,Bb minor,"The chord progression is centered on Bb minor, which serves as the tonic chord and appears with the greatest total duration. The frequent alternation between F minor and F# major (enharmonically Gb major) functions within the key of Bb minor as the v and VI chords, respectively."
75393,B minor,"The chord progression consistently revolves around B minor, G major, E minor, and D major, which are standard chords found within the B minor scale. The chroma analysis also shows high activations for notes that are prominent in the B minor key, such as B, D, E, G, and A, which further supports B minor as the tonic."
75394,Ab minor,"The chord progression alternates between Ab major and Ab minor, with the latter serving as the final chord. The chroma activations strongly support a tonic of Ab, reflecting the chromatic movement between the major and minor third."
75395,G major,"Despite the high proportion of unrecognized chords, the chords E major and G major provide harmonic anchors. The chroma distribution peaks strongly at G and F#, which are core tones within the G major scale, making G major the most likely tonal center."
75396,A minor,"The chord sequence consists primarily of alternating A minor and G major chords, which is characteristic of the Aeolian mode in A minor. The sustained use of A minor as the central, most frequent chord confirms it as the tonal center."
75413,C# minor,"The chord progression frequently utilizes C# minor and Ab7, with the latter functioning as the dominant (G#7) of C# minor. The chroma activations further support this, showing a strong emphasis on C# and G#."
75414,C minor,"The chord progression is centered around C minor, G minor, and F major, which are characteristic of C minor, particularly in the Dorian mode (given the prominent F major chord). The frequent return to the C minor chord establishes it as the tonal center."
75416,F# minor,"The song is dominated by an F# minor chord for the majority of its duration. This, along with the chroma activations peaking on F#, strongly indicates that F# minor is the tonic key."
75417,Ab major,"The chord sequence prominently features C# (Db) major, Eb major, and Ab major chords, which correspond to the IV, V, and I chords in the key of Ab major. The chroma activations, which are highest on G# (Ab), further support this analysis."
75419,B minor,"The chord progression Bm-A-D-G is a classic i-VII-III-VI progression in B minor. The frequent occurrence of the Bm chord as the starting point and the chroma activations for B, A, D, and G support B minor as the home key."
75422,G minor,"The chord progression involving F major, Eb major, D major, and G minor/major is a clear variation of the descending tetrachord progression that defines G minor as the tonal center. The D major chord acts as the dominant (V) in G minor, resolving to the tonic G."
75424,E major,"The chord sequence consists almost exclusively of E major chords, and the chroma profile is dominated by the note E, which strongly indicates that E major is the key."
75429,D minor,"The chord sequence primarily features D minor and Bb major, which are characteristic of the D minor key. The chroma activations support this by showing a higher prominence of Bb over F#, which is consistent with the D minor scale."
75430,F major,"The chord sequence consists almost entirely of an alternation between F major and Bb major, which are the I and IV chords in the key of F major. The chroma data further supports this conclusion, showing strong activations for the notes F, A, and Bb."
75431,D minor,"The chord sequence is composed primarily of D minor, Bb major, G minor, and F major, which are all chords found in the D minor diatonic scale. The prominence of the D minor chord and the strong D chroma activation strongly suggest D minor as the tonic."
75432,D minor,"The chord sequence is heavily dominated by the D minor chord, which appears consistently throughout. The inclusion of the Bb major chord is typical of the D minor key (the VI chord), and the chroma activations, particularly the high values for D, A, and F, strongly support this tonal center."
75433,F major,"The chord sequence primarily consists of chords diatonic to the F major scale, such as F major, Bb major, G minor, and C major. The harmonic movement and the chroma profile, which emphasizes notes of the F major scale like D, A, and Bb, strongly indicate F major as the tonic."
75434,D minor,"The chord sequence consists almost entirely of D minor chords. Additionally, the chroma activations show D, A, and F as the most prominent pitches, which correspond directly to the D minor triad."
75435,D minor,"The chord progression is dominated by D minor and Bb major, with D minor functioning as the clear tonic throughout the piece. The chroma activations support this with prominent levels of D, F, and A, which form the D minor triad."
75436,Bb major,"The chord sequence is dominated by the Bb major triad, which appears for the majority of the duration and serves as the primary harmonic center. The alternating D minor chords function as the iii chord within the key of Bb major, and the chroma activations (highlighting F, A, D, and Bb) further support this tonal center."
75437,D minor,"The chord progression is dominated by the D minor chord, frequently alternating with Bb major, which are the i and VI chords respectively in D minor. This key is further supported by the chroma activations showing high prominence for D, A, F, and A# (enharmonic to Bb)."
75439,F major,"The chord sequence centers around the Bb major, D minor, and F major chords, which are all diatonic to the F major scale. The frequent alternation between Bb and D minor, combined with the sustained F major chord, strongly supports F major as the tonic."
75440,F major,"The chord progression consistently uses F major, D minor, and Bb major, which correspond to the I, vi, and IV chords in the key of F major. The chroma activations showing prominent F, A, and Bb notes, along with the progression frequently resting on F major, strongly support F major as the tonic."
75441,D minor,"The sequence is dominated by D minor, Bb major, and F major chords, all of which are diatonic to the D minor scale. The use of A major as the dominant chord further confirms the key, and the chroma activations strongly highlight D, A, and F, the notes of the D minor triad."
75443,D minor,"The chord sequence primarily alternates between D minor, Bb major, and F major, which are all diatonic to D minor. The inclusion of an A major chord acts as a dominant chord, reinforcing D minor as the tonic. The chroma data, with significant weights on A, Bb (A#), and D, is also consistent with the D minor harmonic context."
75454,A minor,"The chord progression frequently centers on A minor, with the E major chord serving as a dominant to reinforce the tonic. The chroma activations show strong peaks at A, E, and C, which are the notes of the A minor triad, further confirming this key."
75456,C major,"The chord sequence primarily features D minor, G major, C major, and F major, which are all diatonic chords within the key of C major. The frequency and progression of these chords, particularly the D minor to G major to C major movement, strongly support C major as the tonic."
75458,A minor,"The chord sequence centers heavily on A minor, evidenced by frequent repetitions of the A minor chord and a strong V-i cadence with E7 leading to A minor. The chroma activations further support this, with high prominence of A, D, and E, consistent with the A minor scale."
75475,C major,"The chord sequence is dominated by repeated I, IV, and V chords (C major, F major, and G major), which is a quintessential progression in the key of C major. The chroma activations also support this, showing high values for the notes C, E, F, and G."
75476,F minor,"Since the chord data is unavailable, the analysis relies on the chroma profile. The strong dominance of F, combined with the presence of G and G# (Ab) and the notable absence of A (the major third), suggests an F minor tonality."
75578,A major,"The chord sequence is composed of A major, D major, and E major, which are the I, IV, and V chords in the key of A major. The prominence of the notes A, E, and D in the chroma activations further supports A major as the tonic key."
75579,D major,"The chord sequence is dominated by frequent, repetitive alternation between D major and A major, which strongly functions as the I and V chords in the key of D major. The chroma activations further support this, with significant emphasis on the notes A, E, C#, and D, all of which are primary tones within the D major scale."
75580,E major,"The chord sequence is dominated by E major, A major, and B major, which are the I, IV, and V chords in the key of E major. The chroma activations for E, B, and G# (the notes of the E major triad) further confirm this tonic center."
75581,C major,"The chord sequence consistently revolves around the chords C major, D minor, and G major, which function as the I, ii, and V chords in the key of C major. The chroma activations strongly align with this, showing high values for the diatonic notes C, D, G, A, and B."
75582,C major,"The chord sequence consists entirely of diatonic chords in the key of C major, primarily using the I, IV, V, and vi chords (C, F, G, and Am). The strong chroma activations for C and G further corroborate that the tonic center is C major."
75583,C major,"The chord sequence consists primarily of C major, F major, and G major, which are the I, IV, and V chords in the key of C major. The presence of the D minor chord (ii) and the chroma activations (which peak on C, G, and F) provide further confirmation for this key."
75585,C major,"The chord progression consistently revolves around G major, C major, and F major, which correspond to the V, I, and IV chords in the key of C major. The inclusion of F minor and E major chords represents common harmonic devices like modal interchange and secondary dominant usage, reinforcing C major as the tonal center."
75586,A minor,"The chord sequence relies heavily on A minor, which frequently anchors the progression, along with other chords common to the A natural/harmonic minor scale such as F major, G major, C major, and E minor. The chroma activations support this conclusion, showing high prominence for the notes A, C, E, F, and G."
75587,Bb major,"The progression is centered around the alternating use of Bb major and Eb major chords, which function as the I and IV chords in the key of Bb major. The inclusion of an F major chord acts as the dominant (V) chord, and the high chroma activation for A#/Bb confirms Bb as the tonal center."
75588,C major,"The chord sequence is composed almost entirely of C major, F major, G major, and A minor, which are all diatonic to the C major scale. The prominence of the C major chord and the chroma data confirming a strong C tonal center make C major the clear choice."
75589,G major,"The chord sequence primarily features G major as the tonic, supported by diatonic chords like C major, A minor, and D major, which are all typical for G major. The chroma activations showing prominence in G, D, and C further reinforce this key identification."
75626,E minor,"The chord sequence is centered around E minor, frequently utilizing the E minor chord and its dominant B7/B major. The presence of other chords like A major and G major is consistent with the harmonic minor or natural minor scale of E."
75680,F# major,"The chord sequence relies heavily on F# major, B major, and C# major, which function as the I, IV, and V chords in the key of F# major. The frequent use of E major is a common stylistic choice (the bVII chord) in rock music, and the chroma activations support the prominence of F#, B, and C#."
75681,E minor,"The chord sequence frequently returns to E minor, supported by related chords like B major and G major. The chroma profile, with strong E, B, and G activations, also aligns with the E minor scale."
75682,Ab major,"The chord progression frequently utilizes Ab major, C# (enharmonic Db), F# (enharmonic Gb), and E major, which is characteristic of the Ab major key, incorporating common borrowed chords such as the bVI and bVII. The chroma profile further supports this with high activations for G#, C#, and D#, which correspond to the tonic, subdominant, and dominant degrees of the Ab major scale."
75683,G major,"The chord sequence consists primarily of chords (G, D, C, and E minor) that are diatonic to the key of G major. The progression frequently centers on the G major chord and displays a standard I-IV-V-vi harmonic structure, which is strongly supported by the high activation of G in the chroma data."
75684,G major,"The chord sequence consists primarily of G major, C major, D major, A minor, and E minor chords, which are all diatonic to the key of G major. The presence of the D major chord (the dominant) is consistent with G major, whereas in C major, the D chord would typically be minor."
75685,E minor,"The chord progression frequently cycles through E minor, C major, and D major, which corresponds to a classic i-VI-VII progression in E minor. The chroma activations confirm this, showing a strong emphasis on the E note."
75686,C# minor,"The chord sequence is heavily anchored around the C# minor chord, which recurs throughout the progression, interspersed with A major and B major chords, typical of the C# minor key. The chroma activations show significant strength in the notes C#, E, and G#, which are the tonic, third, and fifth of the C# minor triad, confirming this as the key."
75692,D major,"The chord progression is dominated by D, G, A, and E minor chords, which function as the I, IV, V, and ii chords in the key of D major. The chroma profile further supports this, showing strong activations for all the notes in the D major scale (D, E, F#, G, A, B, and C#)."
75693,D major,"The chord sequence primarily features D major, G major, and A major chords, which function as the I, IV, and V chords in the key of D major. The presence of F# minor as the vi chord and the chroma analysis, which shows high activations for notes in the D major scale, strongly support this tonal center."
75746,Ab minor,"The harmony is defined by the constant alternation between Ab minor and Eb major, which function as the tonic (i) and dominant (V) chords within the key of Ab minor. The high chroma activations for Ab and Eb further corroborate this tonal center."
75900,Eb major,"The chord sequence is heavily centered around the Eb major chord, which appears frequently and for long durations throughout the song. Supporting chords such as Ab major (IV), Bb major (V), and C minor (vi) are all consistent with the key of Eb major, and the high chroma activation for D# (the enharmonic equivalent of Eb) further supports this key."
75901,E major,"The chord sequence consistently centers on E major, which functions as the tonic. This is supported by the chroma profile, which shows high activations for notes in the E major scale, particularly E, G#, F#, and C#."
75903,C# major,"The chord progression prominently features the C# major (I) and Ab major (V) chords, establishing a strong harmonic foundation in C# major. The presence of the Eb minor chord (ii) and the chroma activations, which strongly highlight the tonic, fifth, and leading tone of the C# major scale, further validate this conclusion."
75904,Bb major,"The song frequently centers on Bb major and Eb major chords, establishing a strong harmonic focus on Bb major. The chroma profile, which features prominent D# (enharmonic to Eb) and A# (enharmonic to Bb) activations, provides additional evidence for this key. While the composition includes chromatic sections and brief modulations to keys like B major, Bb major remains the most stable and frequent tonal center."
75905,Ab major,"The harmonic progression is strongly rooted in the key of Ab major, frequently utilizing the tonic (Ab major) and subdominant (C# major, which is enharmonically Db major) chords. Occasional usage of the dominant (Eb major) and the supertonic (Bb major) further supports this tonal center."
75906,Bb major,"The chord progression alternates between Eb major and F major, which typically function as the IV and V chords in the key of Bb major. This standard harmonic motion is supported by the chroma activations, which show significant presence of the notes Eb, F, G, C, and D, all of which are consistent with the Bb major scale."
75909,Eb minor,"The chord sequence is dominated by Eb minor, F# major (enharmonic to Gb major), C# major (enharmonic to Db major), and Bb minor. This set of chords is highly consistent with the key of Eb minor (or its relative major, Gb major), and the frequent usage and long duration of the Eb minor chord strongly suggest it is the tonic."
75910,Eb major,"The chord sequence consists of the chords Ab, Bb, and Eb, which correspond to the IV, V, and I degrees of the Eb major scale. The prominence of these functional chords confirms Eb major as the key."
75978,G major,"The chord sequence consists primarily of chords within the G major scale, such as G major (I), C major (IV), D major (V), A minor (ii), and E minor (vi). The frequent resolution to the G major chord and the use of D7-G cadences strongly establish G major as the tonic."
76082,E minor,"The chord progression repeatedly features C major, B major, E minor, and G major, which strongly establishes E minor as the tonic. B major functions as the dominant chord in E harmonic minor, and the prominent chroma activations for E, G, and B are consistent with an E minor tonality."
76117,F major,"The chord progression is primarily built from the F major scale, frequently utilizing the tonic (F major), subdominant (Bb major), and dominant (C major) chords. The repetitive movement involving F major, D minor, and C major further establishes F major as the tonal center, and the chroma analysis confirms the dominance of these scale degrees."
76128,Eb major,"The chord progression exclusively alternates between Eb major and Ab major, which function as the I and IV chords in the key of Eb major. The chroma activations align well with this analysis, showing high values for the notes present in these chords."
76129,D minor,"The chord sequence primarily utilizes D minor, F major, and C major, all of which share the same key signature of one flat. The D minor chord appears most frequently and for the longest total duration, suggesting that it functions as the tonic of the progression."
76130,C major,"The chord sequence consists primarily of C major and F major chords, which are the I and IV chords in the key of C major, with G major serving as the V chord at the end. This is strongly supported by the chroma activations, which are dominated by C, E, and G, the notes of the C major triad."
76131,D major,"The chord sequence consists primarily of D, G, A, and Bm, which are the I, IV, V, and vi chords in the key of D major. The heavy emphasis on D major as the primary chord and the chroma data, where D has the highest activation, strongly support D major as the tonic."
76236,C# major,"The chord sequence is dominated by C#:maj, F#:maj, and Ab:maj, which represent the I, IV, and V chords of the key of C# major. The inclusion of Bb:min as the vi chord further confirms this tonal center."
76239,C minor,"The chord sequence is heavily centered on C minor, which appears as the primary harmonic anchor throughout the song. Supporting chords like Eb major (the relative major) and F minor are consistent with the C minor scale, and the chroma profile further confirms C as the tonic by showing strong activations for C and its fifth, G."
76240,Bb minor,"The chord progression is dominated by a long duration of Bb minor, which serves as the tonal center. The subsequent harmonic sequence (Eb minor, Ab major, C# major) fits well within the key of Bb minor, representing a standard functional progression (iv-VII-III-i)."
76241,B minor,"The chord progression is dominated by B minor, G major, E minor 7, and D major. These chords are diatonic to the B minor scale (the relative minor of D major), and the frequent emphasis on B minor suggests it is the tonal center."
76243,F major,"The progression is consistently composed of F major, Bb major, and D minor, which are the I, IV, and vi chords in the key of F major. The chroma activations further support this, showing strong presence of F, A, C, and D."
76244,F# major,"The chord sequence consists of F# major, C# major, B major, Eb minor (enharmonic to D# minor), Ab minor (enharmonic to G# minor), and Bb minor (enharmonic to A# minor), all of which are diatonic to the F# major scale. The frequent use of C# major as a dominant chord and F# major as a tonic reinforces F# major as the key."
76247,E major,"The chord progression alternates between E major and D major, which is a classic bVII-I progression characteristic of E Mixolydian tonality. The high chroma activation for E, combined with the presence of D, confirms E as the tonic."
76248,C major,"The chord progression is dominated by alternating C major and G major chords, suggesting a strong tonal center of C major. The inclusion of diatonic chords like A minor and E minor further supports this, and the chroma activations are consistent with the C major scale."
76252,C major,"The chord sequence consistently follows a vi-ii-V-I progression (A min7 - D7 - G7 - C), which strongly indicates the key of C major. The chroma activations further support this, with C, G, D, and A showing the highest values, consistent with the notes in these chords."
76281,A minor,"The chord sequence is heavily centered around the root note A, featuring multiple A chords including A:min7 and A:min9, which strongly suggest a minor tonality. Additional chords such as E:min7, C:maj, and F:maj are also diatonic to the A minor scale, further supporting this conclusion."
76282,E minor,"The chord sequence is dominated by E minor and E minor7 chords throughout the majority of the duration. The chroma profile further supports this with strong activations on E, A, and F#, all of which are consistent with the E minor scale."
76283,C major,"The chord progression F, Dm, Am, and G consists entirely of chords diatonic to the C major scale. The frequent use of the IV (F) and V (G) chords is characteristic of a progression in the key of C major."
76284,C major,"The song is heavily centered on C major, which appears as the primary chord throughout the majority of the duration. The presence of B minor and E minor chords is consistent with common diatonic progressions in the key of C major, and the high chroma activation for C further reinforces C as the tonic."
76285,B major,"The chord progression revolves around the vi, V, and IV chords (Abm, F#, and E) of the B major scale, a common harmonic movement in pop music. The chroma activations corroborate this, with significant emphasis on the tonic B and dominant F# notes, both of which are central to the B major tonality."
76286,F major,"The chord progression is dominated by the F major chord, with supplemental Bb major chords, which establishes F major as the tonic. The chroma data also shows a strong preference for F, confirming this tonal center."
76287,C# major,"The chord sequence consists almost entirely of a C# major chord, and the chroma activation features a dominant peak at C#, which strongly indicates a key of C# major."
76288,G minor,"The chord sequence is centered around G minor, incorporating diatonic chords such as F major, Eb major, Bb major, and D minor. The prominence of the G minor chord at both the beginning and the end of the sequence strongly establishes it as the tonic."
76349,Eb major,"The chord sequence consistently alternates between Eb major and Bb major (frequently appearing as Bb/D), which strongly identifies Eb major as the tonal center. The inclusion of an Eb minor chord is a common use of the minor iv modal interchange in a major key, further supporting the choice of Eb major."
76351,B major,"The core harmonic structure of the song relies on the repetition of A major, B major, and F# major, which forms a I-VII-V progression characteristic of B Mixolydian. Although the middle section features a modulation with chords like C major and Bb major, the song primarily anchors itself around B major."
76352,Ab major,"The chord sequence is anchored by recurring Ab major chords, which act as the tonic, alongside the V (Eb major) and IV (C# major, enharmonic to Db major) chords. The overall harmonic structure strongly supports Ab major, despite some rapid, possibly non-functional chord movements in the middle section."
76353,Ab major,"The chord sequence is dominated by frequent alternating between Ab major and F minor chords, indicating a strong tonal center of Ab major. This is well supported by the chroma activations, which show high values for the key notes of the Ab major triad (Ab, C, and Eb)."
76354,Bb major,"The chord sequence is dominated by repeated alternations between the Bb major and Eb major chords, which strongly suggest Bb major as the tonic and subdominant. This is further corroborated by the high chroma activation for A#/Bb, confirming its role as the tonal center."
76355,C major,"The chord sequence centers on C major, frequently utilizing chords such as F major, G major, and borrowed chords like Bb major and Eb major. This collection of chords and the high chroma activations for C, G, and Bb are characteristic of the key of C major, potentially with mixolydian inflections."
76356,B major,"The chord sequence centers on a repeating progression of B, E, A, and F# major chords, where B acts as the consistent tonal center. The A major chord, while non-diatonic to B major, functions as a common borrowed chord (bVII) often found in this context, confirming B as the tonic."
76357,Eb major,"The chord sequence is dominated by Ab, Bb, and Eb chords, which function as the IV, V, and I chords in the key of Eb major. This harmonic progression, characterized by frequent oscillations between the IV and V chords resolving to the tonic, is highly consistent with Eb major."
76478,Ab minor,"The chord sequence is composed primarily of Ab minor, Eb minor, C# major, and F# major, which strongly indicates the key of Ab minor. The frequent return to the Ab minor chord establishes it as the tonal center of the piece."
76479,Eb minor,"The chord sequence centers on a repeating progression of Eb minor, Ab minor, C# major, and F# major, which functions as a i-iv-VII-III progression in the key of Eb minor. The frequent recurrence of these chords strongly supports Eb minor as the tonal center."
76482,D minor,"The chord sequence primarily oscillates between D minor and G major, which is highly characteristic of the D Dorian mode. The inclusion of A minor and A major chords serves to reinforce D as the tonal center."
76486,C major,"The chord sequence provides a single C major chord, which serves as the primary indicator of the key given the sparse harmonic information. While the chroma activations are somewhat distributed, the identified chord remains the strongest piece of evidence available for determining the tonal center."
76490,F minor,"The chord sequence repeatedly centers around F minor and F major, with frequent chromatic movements to Eb minor, F# major, and B major. The overall harmonic center rests on F, making F minor the most suitable key label."
76491,B minor,"The chord sequence is dominated by the B minor chord, which serves as the tonic. The use of E minor and F# major chords supports a standard i-iv-V harmonic progression in B minor, and the significant chroma activation for B further confirms this key center."
76497,E minor,"The chord progression frequently centers on E minor and utilizes its dominant (B major/7) and relative major (G major) extensively. These harmonic choices, combined with the recurring presence of E minor, strongly indicate it as the tonal center."
76499,D major,"The chord sequence is overwhelmingly dominated by a D major chord, which strongly points to D major as the tonal center. The chroma activations further support this, as D is the most prominent pitch class."
76500,E minor,"The chord sequence is heavily grounded in E minor, which is the most frequent and sustained chord. The chroma activations reinforce this, showing high values for E, B, and G, all of which are essential components of the E minor chord."
76501,E major,"The song is strongly grounded in E major, as indicated by the recurring use of the E major triad along with the IV (A major) and V (B sus4) chords. The inclusion of C major and G major chords adds a chromatic mediant flavor frequently found in rock music, but the primary harmonic focus remains consistently on E major."
76504,E major,"The chord progression alternates between E major and B major, which correspond to the I and V chords in the key of E major. The chroma activations, which show high prominence for B, E, and G#, provide additional evidence for this tonal center."
76506,G major,"The chord sequence consists primarily of G major, E minor, and D major chords, which represent a I-vi-V progression in the key of G major. The chroma activations align with the notes found in the G major scale (G, B, D, E)."
76509,B minor,"The chord sequence consists almost entirely of a B minor chord, which indicates that B minor is the tonic. This is strongly corroborated by the chroma activations, where the notes B, F#, and D, which make up the B minor triad, are the most prominent."
76511,Eb major,"The chord sequence uses Eb (I), Bb (V), Gmin (iii), and Ab (IV), which are all functional chords within the key of Eb major. The chroma activations further support this, with strong presence of notes consistent with the Eb major scale."
76513,B minor,"The chord sequence is heavily centered around B minor, which appears most frequently and for the longest total duration. The accompanying chords, G major and E minor, are diatonic to the B minor scale, which provides strong evidence for B minor as the tonic."
77233,C major,"The chord sequence consists primarily of diatonic chords within the C major scale, such as C, Dm, Em, F, and G. The frequent return to C major as a resolution point, combined with high chroma activations for C, D, and G, strongly indicates C major."
77234,E major,"The chord sequence is heavily dominated by E major, with frequent appearances of B major (the dominant) and Ab minor, which strongly establish the key as E major. The chroma activations support this with significant peaks at E, B, and D#, which are key notes in the E major scale."
77235,C major,"The chord progression features prominent use of C major, E minor, and A minor, which are all diatonic chords in the key of C major. The chroma activations also show high concentrations of C, E, and B, all of which are consistent with the C major scale."
77236,G major,"The chord sequence consists primarily of C major, G major, E minor, and D major chords, which are the IV, I, vi, and V chords of the G major scale. The chroma analysis also shows strong activations for G, D, and B, confirming G major as the likely key."
77304,D minor,"The song predominantly features an oscillation between G major and D minor chords. Given the prominence of the D:min7 chord, especially at the end of the sequence, and the chroma activation peaks on D and G, D minor is the most likely tonal center, often functioning within the D Dorian mode."
77308,C major,"The chord progression prominently features C major, complemented by diatonic chords such as F major, G major, and A minor, which are all native to the C major scale. The chroma profile further supports this, showing strong peaks for the notes C, E, and G."
77309,B major,"The chord sequence consists almost entirely of B major and E major, which function as the tonic (I) and subdominant (IV) chords in the key of B major. The chroma activations reinforce this with significant presence of B, E, and F#, which are all central notes in the B major scale."
77311,C major,"The chord sequence is dominated by C, F, and G chords, which correspond to the I, IV, and V chords in the key of C major. The chroma analysis strongly supports this identification, with the highest activations appearing on the root (C) and fifth (G) notes of the C major scale."
77312,A major,"The chord sequence is heavily centered on the A major chord, which acts as the clear tonic. The occasional D major chord functions as the IV chord in the key of A, and the chroma profile confirms this with significant peaks at A, C#, and G."
77315,C major,"The chord sequence consists almost entirely of the C major chord, and the chroma profile shows strong activations for the tonic C and its fifth, G, both of which are consistent with a key of C major."
