track_id,key,confidence,explanation
10,F# major,95,"The chord sequence consists primarily of F# major, B major, and C# major, which function as the I, IV, and V chords in the key of F# major. The inclusion of the Ab:min chord functions as the ii chord in this key. The chroma activations also align strongly with the F# major scale."
141,Bb major,90,"The chord progression relies heavily on Bb, F, Gm, Dm, and Eb, which are all strongly characteristic of the key of Bb major. The chroma activations show a high prominence of A# (enharmonic to Bb), further supporting Bb as the tonic."
153,C# major,40,"The chord sequence is highly chromatic and alternates repeatedly between C# major and C major, making a clear tonal center difficult to establish. I selected C# major based on its prominence as the opening chord and the support from the chroma activations showing significant C# and G# presence."
173,E major,85,"The chord progression is centered around E major, B major, and F# major, which are all diatonic to E major. The Ab major chord, enharmonically G# major, functions as a chromatic III chord, which is a common feature in this style. The chroma activations also show significant peaks at E, F#, G#, and B, consistent with the key of E major."
181,B major,85,"The chord sequence is heavily anchored by B major, F# major, C# major, and Ab minor (enharmonically G# minor), which are all closely related to the key of B major. Chroma activations for B, F#, A#, and C# are among the highest, providing strong corroborating evidence for the B major tonic. The inclusion of A, E, and D major chords are common modal borrowings often found in pop music within the key of B."
184,Bb major,85,"The song consistently returns to Bb major as the tonal center, supported by a repeating chord progression involving Bb, F, and Eb. Although there is a modulatory section in the middle, the chroma activations strongly favor notes corresponding to the Bb major scale, specifically highlighting Bb, F, and Eb."
213,D major,95,"The chord sequence is dominated by the I (D major), IV (G major), and vi (B minor) chords, which are all diatonic to the D major key. The chroma activations reinforce this conclusion, with notable prominence of the tonic (D), major third (F#), and perfect fifth (A) of the D major scale."
251,A major,95,"The song is centered around A major, with a clear I-IV-V progression featuring A:maj, D:maj, and E:maj chords. The chroma profile strongly aligns with the A major scale, with prominent activations at A, E, and G#."
331,A major,90,"The chord sequence is heavily dominated by an A:7 chord, which strongly suggests A is the tonic. The progression includes D:maj (IV) and G:maj (bVII), which is characteristic of the A Mixolydian mode, a major-quality key."
347,A minor,95,"The chord sequence consists almost entirely of an oscillation between A minor and E minor chords, with A minor acting as the clear tonal center. The chroma activations confirm this, showing a strong presence of the notes A and E."
384,Ab major,95,"The chord sequence consists almost entirely of Ab major and Eb major, representing a I-V-I progression in the key of Ab major. This is strongly supported by the chroma activations, which show high peaks at G# (enharmonic to Ab) and D# (enharmonic to Eb)."
411,G major,85,"The chord sequence is heavily dominated by G major, which functions as the tonic, and the chroma activations confirm G as the most prominent pitch. The presence of F major is consistent with a bVII chord frequently used in a G major context."
532,Eb minor,95,"The chord sequence is centered around Eb minor, featuring a progression of Eb minor, C# major, Ab major, and F# major, which is consistent with the Eb minor/Gb major tonality. The chroma activations, which show strong peaks at C#, D#, G#, and A#, provide further evidence for the Eb minor key."
533,C minor,75,"The chord sequence is dominated by C minor, F minor, and G minor, all of which are common in the key of C minor. The chroma activations for C and G are the strongest, further supporting C as the tonic note."
534,Bb major,65,"The chord sequence primarily revolves around Bb major and Ab minor/major, with Bb major serving as a strong harmonic center. The chroma activations, which show strong peaks at A# (Bb) and G# (Ab), support this analysis, indicating a key centered on Bb with frequent use of borrowed chords or modal mixture common in rock and pop music."
535,Bb major,40,"Although the majority of the sample consists of unrecognized chords, the recognized F major to Bb major progression acts as a standard V-I cadence. The chroma profile, which features a prominent A#/Bb activation, further supports Bb major as the tonic."
536,E major,30,"The chord sequence consists almost entirely of unrecognized segments, providing only a single E major chord. Given this extremely sparse harmonic information, E major is the most likely key, though the confidence is low due to the lack of context."
538,Ab major,75,"The chord sequence contains Ab major and Bb major chords, which strongly point to the key of Ab major. The chroma activations confirm this with prominent values for G# (Ab), D# (Eb), and C, consistent with the Ab major tonic triad."
540,Eb major,60,"The chord sequence shifts from an initial C major emphasis to a final progression (Ab major, Bb minor, Eb major) which strongly points to Eb major as the concluding tonal center. The mixed chroma values, specifically the high C and C#, reflect the harmonic instability and the shift between the initial and concluding keys."
542,B major,30,"Due to the absence of recognizable chord data, the key was inferred from the chroma activations. The strong peaks at B and A# suggest a tonic of B and a leading tone of A#, which are characteristic of B major."
546,Ab major,75,"The chord sequence is dominated by the Ab major chord, with additional support from the ii (Bb minor) and IV (C# major, which is enharmonic to Db) chords, both of which are common in the Ab major key. The chroma activations further support this, with the highest values concentrated on the notes belonging to the Ab major triad."
547,C major,85,"The progression is centered around C major, which persists for a long initial duration and concludes the sequence. The recurring movement between Ab major and G major indicates chromatic borrowing from the parallel minor key, which is common in C major compositions."
549,D major,75,"The chord sequence is centered around D major, which serves as the tonic throughout the provided segment. Although the chroma data is slightly ambiguous and there are potential chord recognition errors, the prevalence of the D major chord and the functional relationship of the other chords strongly suggest D major as the key."
564,C major,90,"The chord sequence is heavily dominated by C major, which occupies the majority of the duration. While there is a brief section of C minor, C major remains the clear harmonic center, and this is strongly supported by the chroma activations which show C as the most significant pitch class."
565,A major,90,"The chord sequence is dominated by alternating E major and A major chords, with a D major chord also present. These chords correspond to the V, I, and IV chords in the key of A major, forming a standard harmonic progression in that key."
566,C major,85,"The chord sequence consistently revolves around C major, frequently featuring movements between C major and F major, often with C in the bass. The presence of C minor chords likely functions as blues-inspired modal inflections within the C major key, which is strongly supported by the dominant C activation in the chroma data."
567,Bb major,90,"The chord sequence consists primarily of alternating Bb major and Eb major chords, which function as the I and IV chords in the key of Bb major. This harmonic structure is strongly indicative of this key."
569,B major,90,"The chord sequence is composed primarily of E, B, and F# major chords, which function as the IV, I, and V chords respectively in the key of B major. The strong activation of F#, B, and E in the chroma data further supports B major as the tonal center."
570,A major,90,"The chord sequence is dominated by A major chords with occasional D major chords, indicating a strong I-IV harmonic relationship in the key of A major. The chroma activations further support this, as the primary peaks align well with the notes in the A major scale."
571,F# major,85,"The chord sequence is heavily anchored by the F# major chord, which appears consistently throughout the provided segment. Occasional deviations to F major and A major appear as chromatic passing chords or modal inflections, but the harmonic center remains strongly established on F#."
572,E major,85,"The chord sequence is dominated by E major, with frequent appearances of A major and D major. The heavy reliance on E major as both the most frequent chord and the tonal center, combined with chroma activations that strongly highlight E, F#, G#, and B, points towards E major as the tonic."
573,G minor,90,"The chord sequence consistently revolves around the alternation of G minor and Eb major, which are the i and VI chords of the G minor scale. The chroma activations showing a strong G tonic and the presence of D#/Eb further confirm G minor as the key."
574,Ab major,85,"The chord sequence frequently returns to Ab major, which has the longest cumulative duration and is supported by the highest chroma activation peak for G#/Ab. While chords like B major and A major appear repeatedly, they function as passing chords within an Ab major tonal center."
579,E major,95,"The chord sequence consists almost entirely of an alternation between E major and A major chords, which is a classic I-IV progression in the key of E major. The high chroma activations for E and A further corroborate E as the tonic."
580,A minor,75,"The chord sequence centers heavily around A, with frequent transitions between A minor and A major. The inclusion of C major, G major, and D major chords is typical for a rock-oriented progression in the key of A minor."
608,D major,85,"The chord progression is overwhelmingly centered on D major, which appears for the majority of the duration. While a D minor chord is present, the consistent return to and long duration of the D major chord strongly suggests D major as the tonic."
610,Bb major,85,"The chord sequence is heavily centered on Bb major, with significant usage of the subdominant (Eb) and the relative minor (G minor). The D major chords frequently appearing function as secondary dominants (V/vi) leading to G minor, which is a common harmonic movement in this key."
611,C major,95,"The chord sequence is dominated by C major and G major chords, which establish a clear I-V relationship in the key of C major. The inclusion of A minor as a vi chord further reinforces this diatonic progression."
612,G major,90,"The chord sequence is dominated by G major and E minor, which function as the I and vi chords in the key of G major. The significant duration of G major chords strongly indicates it is the tonic."
625,C major,95,"The chord sequence revolves heavily around C major and F major, which are the I and IV chords in C major. The occasional inclusion of D minor and A minor further confirms this harmonic progression, and the high C chroma activation strongly supports C major as the tonic."
634,A minor,90,"The chord progression is dominated by E major and A minor, which represents a clear tonic-dominant relationship in the key of A minor. The high E chroma activation corroborates the prevalence of the E major chord throughout the sequence."
670,C# minor,90,"The chord sequence consistently features C# minor, A major, and B major, which function as the i, VI, and VII chords in the key of C# minor. The infrequent Eb:7 chords are likely enharmonic misspellings of D#7, which acts as a secondary dominant in this context. The chroma activations are also highly consistent with the notes in the C# minor scale."
671,C# minor,90,"The chord sequence consistently revolves around C# minor, with frequent use of the i-VII-VI progression (C#min - B - A). The harmonic content strongly points to C# minor as the tonal center."
678,C# minor,90,"The chord progression is clearly centered around an oscillation between C# minor and Ab minor (which functions as G# minor, the dominant of C# minor). The consistency of this harmonic relationship strongly establishes C# minor as the tonic."
679,C# minor,85,"The chord sequence spends the majority of its duration oscillating between C# minor and Ab/G# minor chords, strongly implying a C# minor key center. The chroma activations, which show significant prominence on G# and C#, corroborate this tonal analysis despite the initial section of Bb major chords."
692,G major,60,"The piece is highly chromatic with few clear diatonic functional relationships, but it consistently resolves to G major throughout the sequence, especially in the final phrase. The chroma activations further support a tonal center of G."
705,D major,95,"The chord sequence consists primarily of chords diatonic to the D major scale, such as D, Em, A, Bm, F#m, and G. The recurring progression involving D major as a tonal center, supported by the ii-V-I (Em-A-D) cadence, strongly indicates D major as the key."
706,F minor,90,"The chord sequence is heavily centered around the F minor chord, which appears frequently throughout and often has the longest duration. The presence of related chords such as Ab major, Bb major, C major, C minor, and Eb major strongly supports F minor as the tonic."
708,G major,95,"The chord progression is dominated by G major and C major, with occasional D major and A minor chords. This harmonic content is strongly diatonic to G major, and the chroma activations are consistent with this key."
805,B major,50,"The chord sequence consists primarily of alternating B major and C major chords, which creates an ambiguous, non-functional harmonic structure. B major was chosen as the tonic because it has the highest total duration and the highest chroma activation."
814,C# minor,90,"The chord sequence consistently features C#:min, B:maj, and F#:maj, which form a characteristic i-VII-IV progression in C# minor. The chroma activations reinforce this with a strong emphasis on the C# note, confirming C# as the tonic."
1007,D minor,75,"The harmonic progression revolves around D, with extensive time spent on both D major and D minor. The inclusion of an Eb major chord acts as a Neapolitan, which is common in D minor, and the chroma activations strongly support D as the tonal center."
1014,C major,85,"The chord sequence is heavily dominated by C major, which appears for a majority of the time, and the chroma activations show a significant peak at C. The presence of F and G major chords further supports C major as the tonic."
1015,F major,85,"The chord sequence is heavily centered on the F major chord, which appears for a significant duration throughout. The inclusion of chords like Eb, Bb, and Ab, along with an occasional F minor, indicates an F major tonal center with common modal interchanges or blues-influenced harmony."
1016,C# minor,90,"The harmonic progression is heavily dominated by the C# minor chord, which is the most frequent chord throughout the track. The alternation between C# minor, C# major, and E major chords strongly reinforces C# minor as the tonal center, with the use of C# major functioning as a modal mixture."
1017,F major,85,"The chord sequence consists primarily of F major, Bb major (likely mislabeled as B major), and C major, which represents the I, IV, and V chords in the key of F major. The chroma activations, showing strong presence of F, C, and Bb, further support this conclusion."
1042,G major,90,"The harmonic structure is clearly anchored by G major and D major, which function as the tonic and dominant chords in G major. The frequency of the G major chord throughout the sequence, combined with the presence of C major as the subdominant, strongly points to G major as the key."
1044,D major,20,"The chord sequence consists almost entirely of 'N' labels, with only a short segment of D major identified. Due to the lack of sufficient harmonic context, the key is inferred directly from the single chord provided, resulting in low confidence."
1045,A minor,10,"The chord information provided was entirely inconclusive (labelled 'N'), requiring me to rely solely on the chroma activations. The most prominent chroma was A, which points towards A minor as a plausible, albeit highly speculative, tonal center given the ambiguous data."
1046,Ab major,10,"The harmonic data is completely absent due to the chord recognizer returning 'N', so the key was inferred solely from the peak chroma activation of G#/Ab. Given the complete lack of chord information, this identification is highly uncertain."
1049,C major,95,"The chord progression is heavily grounded in the C major chord, which appears for the vast majority of the duration. The presence of an F major chord serves as a standard subdominant, and the chroma activations are also strongly centered on the note C, reinforcing C major as the tonal center."
1050,E minor,95,"The chord sequence primarily alternates between E minor and C major, which are the i and VI chords in the key of E minor. The chroma activations are also highly consistent with this tonality, showing significant activity on E, D, and D#."
1073,G minor,85,"The chord sequence consists of frequent movements between D major/7 and G minor/7, which strongly suggests a G minor tonality (functioning as a V-i progression). The chroma activations support this by showing significant weight on G, D, and Eb (D#), which are all key notes in G minor."
1076,B minor,95,"The chord sequence is heavily dominated by B minor, which spans almost the entire duration. The chroma profile further supports this key, showing strong activations for the notes of the B minor triad (B, D, and F#)."
1083,C minor,85,"The chord sequence is heavily dominated by C minor, which persists for the vast majority of the duration. Although there is an initial C major chord, the overwhelming harmonic context points to C minor as the tonic."
1085,A minor,90,"The chord sequence consists primarily of alternating A minor and D minor chords, which strongly suggests A minor as the tonic. The chroma data further supports this, with significant activations for the notes of the A minor scale, particularly A, C, and D."
1086,E major,95,"The chord progression is heavily dominated by an E major chord for almost the entire duration of the clip. The chroma activations confirm this, showing strong peaks on E and its dominant, B."
1088,E major,95,"The chord sequence consistently rotates through E major, B minor, and A major. This progression strongly establishes E as the tonic, and the use of the minor v chord (B minor) suggests an E Mixolydian mode, which is categorized under E major."
1091,A minor,85,"The chord progression is dominated by an alternation between A minor and D major, which is characteristic of the A Dorian mode. Since A minor is the repeated tonic throughout the sequence, it is the most appropriate key label."
1116,B major,75,"The chord sequence alternates between Eb major and B major, which is a classic chromatic mediant relationship. The chroma activations strongly highlight the notes B, F#, and D# (enharmonic to Eb), supporting B major as the tonal center."
1133,G minor,90,"The chord sequence primarily oscillates between G minor and Eb major, often accompanied by the D major chord which functions as the dominant in the key of G minor. The high activations for G, D, and Eb in the chroma data provide further evidence for this harmonic center."
1156,E major,95,"The chord sequence is consistently centered around E major, with frequent A major chords and supporting D and G major chords. This strongly points to E major, likely in a Mixolydian context, which is corroborated by the high chroma activations for E and A."
1157,B major,75,"The chord sequence is heavily dominated by a long B major chord, which is supplemented by frequent appearances of E major and F# major, serving as the IV and V chords. While some chords like F major and C major appear as anomalies, the overall harmonic stability points to B major as the key."
1159,G major,85,"The chord sequence primarily oscillates between G and C, which strongly suggests G major (I-IV) or C major (V-I). The frequent use of A major acting as a secondary dominant (V/V) and the highest chroma activation on G both point towards G major as the tonic."
1160,E major,55,"The chord sequence relies on a repetitive, non-diatonic pattern of major chords (C#, E, Eb, D). Given the frequent use of the E major chord and its prominence at the end of the sequence, E major is the most plausible tonal center despite the heavy chromaticism."
1161,E minor,85,"The chord sequence is heavily dominated by E minor and E major, with E minor having the longest total duration. The chroma activations also strongly support E as the tonic, and given the prevalence of the minor chord, E minor is the most likely key."
1162,E major,95,"The chord progression is strongly rooted in the E major scale, consistently utilizing the tonic (E), subdominant (A), dominant (B), and relative minor (C# minor). The appearance of F# major functions as a secondary dominant, and the chroma activations strongly align with the notes of the E major scale, specifically emphasizing E and B."
1163,E minor,90,"The chord progression is centered on E minor, characterized by the frequent repetition of E:min, D:maj, and C:maj chords. This sequence is a standard i-VII-VI progression in E minor, and the chroma profile supports the E minor scale, including the occasional C# found in the A:maj chords."
1165,C major,85,"The chord progression is anchored by C major, supported by common diatonic chords like A minor, D minor, and F major. While Eb major and D major appear, they function as chromatic color or secondary chords within a firmly established C major tonal context."
1167,C minor,80,"The chord sequence alternates consistently between C minor and Eb major, which are relative keys sharing the same key signature. Given the frequent presence of C minor chords and the high chroma activation for C, C minor is a strong candidate for the tonal center."
1168,A minor,85,"The chord sequence oscillates frequently between A chords (minor and major) and C major, which suggests A minor as the home key. The chroma activations showing high values for A, C, and E further reinforce A minor as the tonal center."
1170,C major,95,"The chord sequence is overwhelmingly dominated by C major, and the brief appearance of G/B at the end functions as the dominant chord, strongly indicating a key of C major."
1171,D minor,75,"The chord sequence is heavily centered around D, with frequent use of D minor, F major, and C major, which are characteristic of the D minor or D Dorian tonality. The appearance of D major and E major chords indicates modal interchange, which is common in this type of harmonic progression."
1172,A major,75,"The song is strongly centered on A, as evidenced by the consistent focus on A minor and A major chords throughout. While the beginning uses A minor, the majority of the song centers on A major, with strong alternating chords of A major, G major, and D major, which is characteristic of the A Mixolydian mode."
1173,D major,85,"The chord sequence is dominated by a persistent alternation between D major and F# minor. These chords function as the I and iii chords within the key of D major, and the extended D major chord suggests it is the tonal center. The high chroma values for both F and F# may reflect chromatic elements or minor errors in the chord recognition process, but the overall harmonic progression strongly supports D major."
1174,F# minor,95,"The chord sequence consists almost entirely of an F# minor chord, which acts as a strong indicator of the tonal center. The chroma activations also show a significant peak at F#, supporting this conclusion."
1175,D major,85,"D major is the most prominent and longest-held chord, indicating it acts as the tonic. The presence of the A minor chord is common as a borrowed 'v' chord in the key of D major, and the chroma peaks are consistent with the harmonic environment of this key."
1177,C# minor,95,"The chord sequence is dominated by C# minor and E major chords, which are diatonically related in the key of C# minor. This is supported by the chroma activations, which show high prominence for C#, E, and G#, the notes of the C# minor triad."
1179,D major,95,"The chord sequence is dominated by D, G, and A chords, which represent the I, IV, and V triads in the key of D major. The chroma activations further support this, showing significant peaks on the notes D, A, G, and F#, which are all strong components of the D major scale."
1181,D major,95,"The chord sequence is dominated by D major, G major, and A major chords, which clearly function as the I, IV, and V chords in the key of D major. The chroma profile provides further evidence, with the highest activations occurring on D, G, A, and C#, all of which are essential notes in the D major scale."
1182,A major,75,"The harmonic progression is centered around A and E, with frequent occurrences of the A and E chords and the use of a G major chord, which is characteristic of the A Mixolydian mode. While some chromatic chords like Eb major appear, they do not disrupt the overall tonal center of A."
1183,E major,95,"The chord sequence is dominated by E major, A major, and B major, which correspond to the I, IV, and V chords in the key of E major. The chroma activations reinforce this with significant presence of E and B."
1186,A minor,95,"The chord progression consistently uses the chords Am, Dm, F, and G, which form a standard progression in the key of A minor. The chroma activations for A, D, F, and G strongly support this analysis by highlighting the primary notes of the A minor scale."
1187,A minor,95,"The chord sequence primarily revolves around A minor, using related chords like D minor, E minor, and C major. The tonal center is clearly established by the repeated A minor chords, and the high chroma activations for A and E further confirm A minor as the key."
1189,F# minor,90,"The chord sequence consists almost entirely of F# minor and A major chords. Since F# minor and A major are relative keys and F# minor is the most prominent chord in terms of duration, F# minor is the most likely tonic."
1190,E major,85,"The chord sequence is dominated by an extended E major section. The repeating chromatic descent pattern consistently resolves to E, and the chroma activations, with E as the most prominent pitch class and D# as the second, strongly support E major as the tonic."
1191,F major,95,"The chord sequence is heavily dominated by F major and Fmaj7, with a brief C major chord (V) appearing, which strongly establishes F major as the tonic. This is further corroborated by the chroma activations, which are centered heavily on F and other notes within the F major scale."
1192,C minor,95,"The chord sequence consistently revolves around a C minor tonic, G major dominant, and Ab major submediant. This strong i-V-VI harmonic pattern, along with the prolonged duration of C minor, points decisively to C minor as the key."
1193,Ab major,95,"The chord sequence consistently revolves around the Ab major and Eb major chords, establishing Ab as the tonic and Eb as the dominant. The inclusion of C# minor chords acts as a standard minor iv borrowed chord, which is common in the key of Ab major."
1194,A minor,95,"The chord progression is heavily dominated by an oscillation between A minor (A:min) and E minor (E:min), with occasional use of F:maj and G:maj, strongly establishing A minor as the tonal center. The chroma activations support this, showing significant prominence for A, C, and E, which are the fundamental notes of the A minor triad."
1198,D major,85,"The chord sequence is dominated by D chords (both major and minor) and frequently uses C major chords, strongly suggesting a D tonal center. The use of C major as a flat-VII chord alongside the D tonic is characteristic of a D mixolydian or D major modal framework."
1199,C# major,90,"The chord sequence heavily utilizes C# major, F# major, Ab major, Eb minor, and Bb minor, which correspond to the I, IV, V, ii, and vi chords respectively in the key of C# major. The chroma profile further supports this with high activations for C#, D#/Eb, F, F#, G#, and A#/Bb, all of which are notes within the C# major scale."
1219,C major,95,"The chord sequence consists almost entirely of a single C major chord sustained for nearly the entire 60-second duration. This is strongly supported by the chroma activations, which show high prominence of the notes C and G, corresponding to the tonic and perfect fifth of the C major triad."
1231,E major,95,"The chord sequence consists almost entirely of E major and E7 chords. This is strongly supported by the chroma profile, which shows prominent peaks on E, G#, and B, the constituent notes of an E major triad."
1232,F# major,85,"The chord sequence oscillates between F# major and C# major, establishing a strong tonic (I) and dominant (V) relationship in the key of F# major. The inclusion of B major as a subdominant (IV) reinforces this conclusion, and the sequence ends on the tonic chord."
1235,F# major,95,"The chord sequence consists almost entirely of an F# major chord, and the chroma analysis shows a very dominant peak at F#, which strongly supports F# major as the key."
1275,F major,20,"The chord data provided no usable information as it was entirely marked as 'N'. The key was estimated based solely on the chroma activations, which show a peak at F, though the confidence is very low due to the complete lack of harmonic context."
1277,Eb major,90,"The chord sequence is centered on the I (Eb) and IV (Ab) chords, with frequent use of the V (Bb) chord, all of which are primary diatonic chords in the key of Eb major. The presence of dominant seventh chords, such as Eb:7 and Ab:7, is characteristic of blues-influenced harmony, but the functional progression consistently supports Eb as the tonic."
1354,F# major,80,"The chord sequence is heavily centered on F#, with the F# major chord appearing as a primary harmonic anchor throughout the progression. Although there is some fluctuation between F# major and F# minor, and usage of chords like D major, E major, and A major, F# major functions most strongly as the tonic key."
1381,A minor,85,"The chord sequence primarily cycles through A minor, G major, and C major. The initial E major chord acting as a dominant (V) and the frequent return to A minor strongly establish A minor as the tonal center."
1417,E major,95,"The chord sequence consists almost entirely of an E major chord, which strongly points to E major as the tonic. While the chroma profile includes other notes, the harmonic consistency of the provided chords is the primary indicator."
1418,A major,90,"The harmonic progression is heavily centered around the A major chord, supported by common rock-style movements using the chords C, G, and D. This indicates an A major tonality, likely employing the A Mixolydian mode."
1419,E major,95,"The chord sequence consists almost entirely of alternating E major and D major chords, which is a classic Mixolydian vamp implying E as the tonic. This harmonic pattern is strongly associated with E Mixolydian, which fits within the E major tonal center."
1420,E major,90,"The song predominantly features an E major chord, which accounts for the vast majority of the duration. This tonal center is reinforced by the chroma activations, which show high values for E and B, the root and fifth of the E major chord."
1450,Bb major,65,"The chord sequence is sparse with many unrecognized segments, but the recurring Bb major chord provides a clear anchor. This is supported by the chroma data, which shows significant activations for Bb, F, C, and G, all of which are consistent with the tonic, dominant, and perfect intervals of the Bb major key."
1451,A major,95,"The chord sequence is dominated by A major, which functions as the tonic. The recurring presence of D major (IV) and E major (V), along with F# minor (vi), firmly establishes A major as the home key. The chroma activations further support this, with A being the most prominent pitch."
1474,B minor,90,"The chord sequence consistently revolves around B minor and utilizes the dominant F# major. The presence of chords like G major, D major, and A major is consistent with the B minor scale, and the chroma activations strongly support this conclusion."
1475,Eb major,95,"The chord sequence heavily features Eb major, Bb major, C minor, and Ab major, which correspond to the I, V, vi, and IV chords in the key of Eb major. Frequent returns to the Eb major chord as the tonal center, supported by the chroma activations, strongly indicate Eb major."
1476,G minor,95,"The chord sequence is heavily centered on G minor, which accounts for the vast majority of the duration. The presence of D major (the dominant) and other functional chords like C minor and Eb major provides strong evidence for G minor."
1499,C major,100,"The chord sequence is composed almost entirely of C, F, G, A minor, and D minor chords, which are all diatonic to the key of C major. The frequent resolution to the C major chord establishes it clearly as the tonic."
1526,Bb minor,95,"The chord sequence consistently centers on Bb minor, utilizing common progressions involving the relative major (C# major/Db major), the subdominant (Eb major), and the submediant (F# major/Gb major). The chroma data, which shows strong activations for Bb and Ab, reinforces this tonality, with the presence of A natural being typical for the harmonic minor scale."
1529,C# minor,90,"The chord sequence is heavily dominated by the C# minor chord, which persists for the vast majority of the track. The chroma activations also support this conclusion by showing high concentrations in C#, G#, and A, which are strongly consistent with the C# minor tonality."
1530,B minor,85,"The chord progression relies heavily on B minor, D major, and E major, which is characteristic of the B Dorian mode. The recurring focus on B minor as the primary chord throughout the sequence strongly suggests it as the tonic."
1531,Eb minor,85,"The chord progression consistently alternates between Eb minor and F# major, which are the relative minor and major chords. This strong harmonic ambiguity between the two relative keys, combined with the high F# and Eb(D#) chroma activations, supports Eb minor as the primary tonal center."
1534,E minor,85,"The chord progression repeatedly features E minor, C major, and B minor, which are diatonic to the E minor scale. The chroma activations are also dominated by notes E, G, B, and C, further supporting E minor as the tonic."
1535,C major,85,"The chord sequence centers on C and G, clearly establishing C as the tonal center. Although there is substantial usage of C minor and associated borrowed chords like Eb major and Bb major, which suggests modal mixture or a blues-influenced progression, the song consistently returns to C major, making it the most plausible home key."
1536,E minor,90,"The chord progression consistently oscillates between C major and E minor. The presence of the B7 chord near the end functions as the dominant of E minor, strongly establishing E minor as the tonic."
1540,A major,75,"The song frequently returns to A major, which serves as a stable anchor despite a highly chromatic middle section involving E minor, F major, and G major. These later chords represent chromatic movement or modal mixture, but A major remains the primary harmonic center based on duration and frequency."
1541,F# minor,75,"The chord progression repeatedly centers on F# minor and C# minor, making F# minor the most likely tonic. The inclusion of E minor and B minor indicates a non-diatonic or modal harmonic structure, but the overall harmonic weight points towards F# minor."
1542,A minor,85,"The chord sequence frequently oscillates between A minor and E minor, and the chroma analysis shows a significant preference for F natural over F#, which is consistent with the A minor scale. Additionally, the progression makes frequent use of chords like F major, G major, and C major, all of which are diatonic to A minor."
1546,A major,95,"The harmonic progression predominantly features A major, D major, and E major chords, which function as the I, IV, and V chords in the key of A major. The chroma activations, with prominent peaks at A, E, and B, strongly support this tonal center."
1590,D major,95,"The chord sequence primarily revolves around D major, which is played frequently and for extended durations. The frequent use of E major, G major, and B minor chords, which are often used alongside D major in pop/rock harmonic contexts, further supports D major as the tonal center."
1592,D minor,75,"The chord sequence is heavily centered on D, frequently oscillating between D major and D minor. The high D chroma activation, combined with significant F and A components, provides strong evidence for D minor as the tonal center, despite the usage of D major chords."
1593,C# minor,90,"The chord sequence consists primarily of alternating C# minor and B major chords, which is a classic i-VII progression in C# minor. The inclusion of the A major chord and the strong chroma activations for C# and B provide further evidence for C# minor as the tonic."
1595,B major,95,"The chord sequence consists almost entirely of a B major chord, and the chroma activations confirm this by showing a strong peak at B. Given the extreme harmonic stability, B major is the most logical conclusion."
1596,G major,95,"The chord sequence consists primarily of G major, D major, B minor, and C major, all of which are diatonic chords within the G major scale. The frequent recurrence of G major and the clear functional relationships between these chords strongly point to G major."
1599,E major,95,"The chord sequence is dominated by E major and A major, with E major acting as the tonal center. The inclusion of the D major chord (bVII) strongly reinforces E major, which is common in rock and blues progressions."
1601,C# minor,95,"The chord sequence is heavily dominated by C# minor, with frequent A major and Ab major chords, which are the VI and V chords respectively in the key of C# minor. The chroma activations showing high activity for C#, G#, and A further confirm this harmonic context."
1603,Eb major,45,"The song features a highly chromatic progression centered around a cycle of major chords separated by major thirds (Eb, G, and B). Eb major is chosen as the key because of its frequency and prominence at both the beginning and the end of the sequence, despite the lack of a traditional diatonic functional progression."
1604,E minor,85,"The chord sequence is dominated by E minor, which appears frequently throughout the duration and functions as the clear tonal center. The use of C major and G major chords, which are the VI and III chords in E minor respectively, further reinforces this key center despite some chromaticism and modal interchange."
1605,G major,90,"The harmonic progression prominently features C major, G major, and D major, which are the IV, I, and V chords in the key of G major. The presence of E minor as the vi chord and the use of E major as a secondary dominant to A minor further corroborate this key assignment."
1610,E major,65,"The chord progression is dominated by E, D, and G, a sequence typical of E Mixolydian. While there is significant chromaticism, particularly with the recurring C# and F major chords, the chroma activations strongly peak at E, identifying it as the likely tonal center."
1611,C major,95,"The chord sequence consists primarily of C major, F major, G major, and E minor, which are all diatonic to the C major scale. The progression is consistent with a I-IV-V and iii harmonic structure in the key of C major."
1612,E major,95,"The chord sequence consists almost exclusively of E major and A major chords, which are the I and IV chords in the key of E major. The chroma activations support this analysis with strong E, A, and B, which are the primary notes of the E major scale."
1614,D major,95,"The chord sequence is heavily dominated by a D major chord which lasts for over 53 seconds. The chroma activations are also centered around D, further supporting D major as the tonal center."
1615,C major,95,"The chord sequence is heavily dominated by the C major chord, with frequent appearances of the subdominant (F major) and dominant (G major) chords. This harmonic structure is characteristic of the key of C major."
1616,A minor,85,"The chord sequence is heavily dominated by A minor, which appears for the vast majority of the song's duration. Other chords like C major and A major are consistent with the harmonic language of A minor, with A major often appearing as a variation or borrowed chord in that key."
1617,A major,90,"The chord sequence consistently features a repetitive pattern centered on A major and D major, with C# (minor or major) appearing as a common harmonic element. This progression strongly suggests a tonic of A major, and this is reinforced by the chroma activations which show high energy at A, D, and C#."
1618,C major,95,"The chord sequence is clearly centered in C major, featuring frequent use of the I (C), IV (F), and V (G) chords, which are the primary tonal foundations of the key. The chroma activations support this with high values for C, E, and G, which are the notes of the tonic triad."
1619,A major,80,"The song's chord progression is predominantly based on A major and D major, which strongly establishes A as the tonal center. The later inclusion of C major and E minor, along with the final A minor chord, suggests modal interchange or a shift to the parallel minor key, but the overall harmonic context remains centered in A major."
1643,Eb major,95,"The chord sequence is dominated by the Eb major and Ab major chords, which function as the I and IV chords in the key of Eb major. Given the frequent repetition of the Eb major chord and the lack of any significant conflicting harmonic information, Eb major is the most logical key."
1708,B major,90,"The chord sequence is heavily centered around the B major chord, which appears frequently throughout the latter half of the song. Additionally, the chroma activation for B is the most prominent, supporting B as the tonic."
1727,D major,95,"The chord sequence is heavily centered on D major for the majority of the duration, indicating it as the tonal center. The chroma activations support this with high peaks at D and A, which are the root and fifth of the D major triad."
1841,C# major,95,"The chord sequence consists of C# major, Eb minor (enharmonic to D# minor), Ab major (enharmonic to G# major), and F# major, which forms a clear I-ii-V-IV progression in the key of C# major. The chroma activations are dominated by G#, D#, and C#, further confirming the C# major tonality."
1844,C major,90,"The chord progression consists of C major and G major, which is a standard I-V relationship in the key of C major. The chroma profile aligns with this, showing notable activity on C, E, and G, which are the primary notes of the tonic chord."
1886,E major,95,"The chord progression consists almost entirely of E major, A major, and B major, which are the I, IV, and V chords in the key of E major. The chroma activations further support this, with strong peaks at E, A, and B, consistent with the tonic, subdominant, and dominant notes of the key."
1887,C major,100,"The chord sequence consists almost entirely of C major, F major, and G major, which is the classic I-IV-V progression in the key of C major. The chroma activations also support this, with high values for C, E, F, and G, all of which are primary notes in the C major scale."
1892,E minor,85,"The progression is centered around E minor, as evidenced by the significant initial E minor chord and the frequent use of related chords like A minor, D major, C major, and G major. The high chroma activations for E and A are consistent with this E minor tonality."
1893,D major,80,"The chord progression primarily consists of D major, C major, and G major chords. Given that D major is the most frequent and longest-lasting chord in the sequence, and the chroma activations strongly highlight D, D major is the most likely key."
1894,C major,95,"The chord sequence consistently features chords that are diatonic to the C major scale, such as C, F, G, Am, and Dm, creating a clear functional harmonic progression centered on C major. This is reinforced by the chroma activations, which show the strongest activity on C, G, and D."
1895,A minor,95,"The chord sequence is overwhelmingly centered on A minor, which persists for the vast majority of the duration. The supporting chords, including G major and D major, fit well within the A minor tonality, and the chroma activations show strong prominence of A, E, and F, confirming this key."
1896,C# major,85,"The chord sequence is dominated by C# major, F# major, and B major chords, which are typical of the C# major tonality, with the B major acting as a borrowed bVII chord. The appearance of the Eb minor chord (enharmonically D# minor) further supports this key, as it functions as the ii chord in C# major."
1898,C minor,95,"The chord sequence is identified as C minor for almost the entire 60-second duration. This provides clear harmonic evidence, which is further supported by the chroma activations showing significant presence of C, G, and A#."
1899,E minor,75,"The chord progression is dominated by E minor, A minor, C major, B minor, and G major chords, which are all diatonic to the E minor scale. Despite the presence of an unexpected A major chord, the strong emphasis on E minor throughout the sequence strongly supports this tonal center."
1900,D major,95,"The chord sequence is dominated by the tonic (D major) and dominant (A major) chords, which strongly implies a key of D major. The presence of G major (IV) and the chroma activations showing strong emphasis on D and A confirm this tonal center."
1901,C major,95,"The chord sequence is dominated by C major and C major 7 chords, with G major functioning as the dominant. The chroma profile strongly reinforces this, showing high activations for the tonic (C), dominant (G), and major seventh (B) notes."
1913,D major,95,"The chord progression consistently uses G, D, and A, which correspond to the IV, I, and V chords in the key of D major. The chroma activations show strong peaks at A and D, further reinforcing D major as the tonal center."
1914,C major,85,"The chord sequence primarily oscillates between F major and C major, which functions as a standard IV-I progression in the key of C major. The presence of D major and D7 chords serves as a secondary dominant (V/V), further confirming C major as the tonal center."
1920,C major,85,"The chord sequence consists primarily of C major, G major, A minor, and E minor chords, which are all diatonic to the C major scale. The frequent recurrence of C major and G major alongside A minor strongly suggests a tonal center of C major, which is further supported by the chroma activations."
1923,G major,100,"The chord progression is dominated by G, C, D, and Am chords, which correspond to the I, IV, V, and ii chords in the key of G major. This harmonic vocabulary, combined with high chroma activations for G and D, provides clear evidence for the key of G major."
1940,G major,85,"The song is strongly anchored in G major, as indicated by the extensive duration of the G major chord and the supporting presence of E minor and A major chords. While there is some unexpected chroma activity, the harmonic structure overwhelmingly points to G major as the tonic."
1941,E major,95,"The chord sequence consists almost entirely of an E major chord, which is a strong indicator of the tonic. This is well supported by the chroma activations, which show significant weight on E."
1942,F# major,30,"The song features a persistent oscillation between F# major and F major chords, which is highly chromatic and does not follow a traditional functional harmonic progression. F# major was chosen as the key because its chroma activation was slightly higher than F major, though the harmonic content remains ambiguous due to the constant shifting."
1944,E major,85,"The chord sequence is dominated by an E major chord, which persists for the vast majority of the 60-second clip. This provides a strong indication that E major is the tonic and tonal center of the piece."
2070,A major,90,"The chord sequence consists primarily of A major, D major, and E major, which is a textbook I-IV-V progression in the key of A major. The chord labels are consistent and unambiguous, providing strong evidence for this key despite some potentially misleading chroma activations."
2099,C# major,95,"The chord sequence consists primarily of Ab major and C# major, which forms a clear V-I cadence in the key of C# major. The chroma activations strongly support this, showing significant peaks on C#, G#, and F, which are the tonic, dominant, and third of the C# major scale."
2126,A major,90,"The chord sequence is overwhelmingly dominated by A major and G major, which is characteristic of the A Mixolydian mode. This is further supported by the chroma activations, which show strong peaks on A, G, E, and F#."
2127,G major,95,"The chord sequence is heavily dominated by G major chords, with E minor chords frequently appearing as the relative minor. The chroma activations further support this, with G, B, and D being the most prominent notes, which form the tonic triad."
3429,D major,70,"The chord sequence is dominated by a D:maj chord, which aligns with the chroma profile showing peaks for the notes D, F#, and A. Although the sequence includes chords like C:maj and F:maj that introduce chromaticism, D major acts as the central tonal anchor."
3465,A minor,95,"The progression is centered around the A minor chord with frequent use of C major and G major, which are the i, III, and VII chords in the key of A minor. The occurrence of F major and D major further reinforces this tonal center."
3542,C major,95,"The chord progression is dominated by C major, F major, and G major, which are the I, IV, and V chords in the key of C major. The chroma activations are also consistent with this, showing strong emphasis on notes belonging to the C major scale."
3545,G major,95,"The chord sequence is dominated by G major and C major, with G major functioning as the clear tonic. The occasional use of chords like E minor and A major is consistent with the G major key context, and the high G activation in the chroma data further supports this conclusion."
3581,E major,80,"The chord sequence centers on E, frequently alternating between E major and E minor, alongside D and C major chords, which is characteristic of rock-style harmony. The prominence of the E chord, combined with the highest chroma activation occurring on E, strongly points to E major as the tonic."
3612,E major,85,"The chord progression is dominated by the alternation of A major and B major chords, with E major and D major also appearing. These chords strongly suggest an E major tonality, where A is the IV chord, B is the V chord, and D major acts as a common borrowed bVII chord."
3619,E major,95,"The chord sequence relies heavily on repeated A major, B major, and E major chords, which function as the IV-V-I progression in the key of E major. The chroma activations are also consistent with this, showing strong peaks for the notes E, B, and A, which are all prominent members of the E major scale."
3694,E minor,75,"The progression centers around E, incorporating chords like A major, C major, and B major, which are characteristic of E minor (specifically E harmonic minor, given the frequent use of B major). The prominence of E in both the chroma activations and the chord list strongly supports E as the tonic."
3700,C# minor,90,"The chord sequence is heavily centered on C# minor, which acts as the persistent tonal center throughout the excerpt. The presence of related chords such as F# minor and B major further reinforces C# minor, and the chroma profile shows a high emphasis on the C# and E notes."
3702,E major,95,"The chord sequence is heavily dominated by the E major chord, which functions as the tonic. The supporting chords, such as B major and C# minor, are consistent with the E major scale, and the chroma profile aligns with the E major tonality."
3741,D major,95,"The chord sequence consists primarily of D major, G major, and A major, which represent the I, IV, and V chords in the key of D major. The chroma activations support this with prominent peaks on D, G, and A, and the occasional Bb major chord is a common chromatic borrowing in this context."
3853,D major,95,"The chord progression is dominated by D, A, and G chords, which correspond to the I, V, and IV chords in the key of D major. This functional relationship, combined with significant chroma activations for A, B, and C#, strongly supports D major as the tonal center."
3863,E minor,85,"The chord sequence features frequent E minor, A major, D major, and G major chords, which is characteristic of the E Dorian mode. The chroma activations further support this by emphasizing E, A, B, and D, which align well with the E minor scale."
3941,E major,95,"The chord progression is dominated by E, A, and B major, which correspond to the I, IV, and V chords in the key of E major. Additional chords like C# minor and F# minor are diatonic to the E major scale, and the chroma peaks align strongly with the notes E, A, B, and F#, providing further confirmation."
3956,B minor,95,"The chord sequence consists primarily of B minor, F# minor, and A major chords, all of which are diatonic to the key of B natural minor. The high chroma activations for B and F# further reinforce B minor as the tonic and dominant functions."
4195,E major,75,"The chord progression is dominated by a repeated back-and-forth between E major and B major, which establishes E major as the primary key. Although the song modulates towards the end to a C-D-G progression, the extended duration of the E-B section suggests E major is the tonic."
4198,Bb major,95,"The chord sequence is dominated by a long-duration Bb major chord, and the chroma activations strongly peak at A# (Bb) and F, confirming Bb major as the tonal center."
4203,E minor,90,"The chord progression consistently features E minor, D major, and G major chords, which suggests the key of E minor based on the i-VII-III pattern. The chroma activations showing peaks on E, G, B, and D provide additional confirmation for this key."
4206,C major,90,"The chord sequence consists primarily of chords diatonic to the C major scale, including A minor, E minor, F major, and G major. The repeated G-F-C cadence at the end strongly establishes C as the tonic."
4211,G major,95,"The chord sequence consisting of G major, E minor, D major, and C major is a standard diatonic progression in the key of G major. The chroma activations are also consistent with this key, showing high values for the notes G, B, D, C, and E, which form the core of the G major scale."
4224,A minor,95,"The chord sequence clearly establishes A minor with the presence of A minor, F major, and E7 chords, which form a functional i-VI-V progression. This is further supported by the chroma activations, which show significant peaks at A, C, and E, the constituent notes of the A minor triad."
4345,G major,90,"The chord sequence consists entirely of alternations between G major and C major chords, with G major appearing most frequently and for the longest total duration, which clearly identifies it as the tonic. The chroma data further supports this by showing a strong prominence of the G note."
4350,D major,95,"The chord progression is dominated by D major, G major, and A major chords, which are the I, IV, and V chords in D major. The inclusion of B minor and the prominence of D, G, A, and F# in the chroma activations strongly support D major as the tonal center."
4400,A major,95,"The chord sequence is heavily dominated by an A major chord for nearly 50 seconds. The chroma analysis strongly supports this with a peak activation for the note A, making A major the most logical key center."
4401,E major,95,"The chord sequence consists of an alternating pattern between E major and A major, which strongly indicates a tonic center of E major. The chroma profile, which highlights E, further supports this conclusion."
4402,F# major,60,"The chord sequence is highly chromatic, oscillating between F# major, G major, C major, and C# major without a clear diatonic progression. The chroma activations strongly favor F#, making F# major the most likely tonic despite the unusual harmonic structure."
4403,E minor,95,"The chord sequence consists entirely of E minor and E minor 7 chords, strongly pointing to E minor as the tonic. The chroma data further supports this with high activations for E, G, B, and F#, which are the notes of the E natural minor scale."
4684,Bb major,40,"The chord sequence consists primarily of Bb major and C# major (enharmonically Db major). Given the longer duration of the Bb major chord, it is likely the tonic, with C# major acting as a borrowed bIII chord common in this harmonic context."
4686,F# major,95,"The chord sequence is dominated by F# major, which accounts for the vast majority of the duration. The chroma profile also shows a clear peak at F#, reinforcing this conclusion."
4717,C major,95,"The chord sequence is heavily dominated by C major, with supporting diatonic chords (D minor, G major, F major, E minor) that fit perfectly within the C major scale. This is further corroborated by the chroma activations, which show a strong peak on the note C."
4776,A major,85,"The chord sequence is dominated by the A major chord, which has the longest total duration and functions as the clear tonal center. While there are prominent B major and C major chords, this is common in rock-influenced progressions that utilize modal interchange or the Mixolydian mode, and the chroma activations strongly support A as the tonic."
4798,D major,80,"The chord sequence consists primarily of a repetitive alternation between D major and C major chords, which strongly suggests the D Mixolydian mode, typically categorized under the key of D major. This is reinforced by the chroma analysis, which shows D as the most prominent pitch class."
4856,G# minor,20,"Because the chord data provided was 'N', the analysis relied entirely on chroma activations. The prominence of G#, D#, C#, and F# strongly suggests a G# minor tonality."
4858,D minor,25,"Due to the lack of chord information, I analyzed the chroma activations, which show high concentrations of the notes F, E, A, G, and D. These notes are all consistent with the D minor scale, and F, A, and D form the tonic triad, making D minor a strong candidate."
4886,A major,95,"The chord sequence is dominated by A major and E major chords, establishing A as the tonic and E as the dominant. The chroma activations also support this, with strong peaks at A, E, and C#, all of which belong to the A major scale."
4926,Bb major,10,"The chord sequence provided no useful harmonic information as it was entirely labeled 'N'. The chroma activations were somewhat evenly distributed, although A# (Bb) was the most prominent pitch class, leading to a weak estimation of Bb major."
4928,G major,25,"Due to the absence of chord data, the key analysis is based solely on the chroma activations. The most prominent pitches present are G, D, and B, which form a G major triad and suggest G major as the likely key."
4929,C# minor,20,"The chord sequence was entirely indeterminate, providing no harmonic information. Analysis of the chroma activations shows strong peaks on C# and G#, which suggests a C# tonic, and minor is assigned as a default due to the lack of clear chordal data."
4971,G major,40,"Since the chord recognizer failed to identify any chords, the key was inferred solely from the chroma activations. The prominent presence of G, F#, D, and A indicates a strong alignment with the G major scale."
4989,G minor,30,"Because the chord recognition model yielded no usable information, the key was inferred entirely from the chroma activations. The highest intensity is centered on G, with significant energy at D (the perfect fifth) and D#/Eb (the minor sixth), which is highly characteristic of the G minor scale."
4994,G major,65,"The chord sequence consists of D major and E minor, which function as the V and vi chords in G major (or the I and ii chords in D major). Given that G is the most prominent chroma in the activation profile, G major is the most likely tonic."
5007,C# major,90,"The chord sequence is dominated by C# major, with supporting chords F# major, Ab major (enharmonic to G# major), and A major. The prominence of C# and G# in the chroma activations further confirms C# major as the tonic."
5012,G major,30,"The chord input provided no usable information. Based on the chroma activations, the most prominent pitch is G, and the distribution of notes is consistent with the G major or E minor scales, leading to a prediction of G major with low confidence."
5021,A major,80,"The chord sequence contains E7, A, and D major, which are functional chords in the key of A major. The chroma profile shows strong peaks at A, E, and C#, confirming the A major tonality, despite the significant portion of 'N' (unrecognized) chords."
5023,B minor,25,"The chord input was entirely ambiguous (N), providing no harmonic context. Based on the chroma distribution, which shows high activity for B, C#, D, F#, and A#, the key is most likely B minor."
5045,D minor,70,"The chord sequence is heavily centered on Bb major and A major, which function effectively as the VI and V chords in D minor. The frequent alternation between D major and D minor further reinforces a tonal center of D, with the progression utilizing common functional harmony (VI-V-i) despite some chromatic elements like the Ab major chord."
5049,A major,95,"The chord sequence centers on frequent alternation between A major and D major, indicating a clear I-IV relationship. The presence of B minor, C# minor, and F# major further supports the key of A major, where these function as the ii, iii, and VI chords (with F# often acting as a secondary dominant to Bm). The high chroma activations for A, F#, D, E, and C# provide strong corroborating evidence for the A major scale."
5050,Bb major,95,"The chord progression is composed almost entirely of chords diatonic to the key of Bb major (Bb, Eb, F, Gm, Cm) and displays a clear functional structure centered around Bb. This is further supported by the chroma activations, which show strong peaks for the root, fifth, and fourth scale degrees."
5051,Ab major,95,"The chord sequence oscillates primarily between Ab major and C# major, which represent the I and IV chords in the key of Ab major. This is a very common harmonic progression and the chroma data reinforces this by showing strong activations for the notes belonging to the Ab major and C# major triads."
5052,C major,95,"The chord progression relies heavily on C, F, Am, and G chords, which are foundational to the key of C major. The consistent return to C major and the chroma activations, which highlight the C major triad, provide strong evidence for this key."
5054,F major,95,"The chord sequence is primarily composed of F major, C major, and Bb major chords, which function as the I, V, and IV chords in the key of F major. This consistent harmonic pattern, along with the inclusion of the D minor chord (the vi chord in F major), strongly supports F major as the tonal center."
5055,F major,95,"The chord sequence consistently features F, C, Bb, and D minor, which are the primary functional chords in the key of F major. The chroma activations align with the notes of the F major scale, confirming this tonality."
5056,G major,30,"Since the chord recognition model failed to identify any chords, the analysis is based entirely on the chroma distribution. The most prominent pitches are D, B, and G, which form the tonic, mediant, and dominant of the G major scale, providing a reasonable basis for this key prediction."
5058,Ab minor,85,"The chord sequence is dominated by the Ab minor chord, which acts as the tonic. The other chords, F# major and C# major, are common modal borrowings in this minor key context. The chroma activations, which heavily feature Ab, Eb, and Db, align well with the Ab minor scale."
5059,C major,95,"The chord sequence consists primarily of C major, D minor, G major, F major, and A minor chords, which are all diatonic to the C major scale. The recurring cadence of C major, D minor, and G major chords establishes C major as the clear tonal center."
5060,D major,90,"The chord sequence consists primarily of an alternation between D major and G major chords, which function as the I and IV chords in D major. The long final D major chord strongly suggests it as the tonic, and the high chroma activations for D, G, and A are consistent with this tonal center."
5061,B major,95,"The chord sequence centers on B as the tonal home, alternating primarily between B major, B minor, and E major (the IV chord). This is confirmed by the chroma analysis, which shows strong activation for B, F#, and A#, all of which are primary notes in the B major scale, and by the extended final B major chord."
5064,D major,95,"The chord sequence consists almost entirely of a D major chord, which strongly indicates D major as the tonal center. This is further supported by the chroma activations showing a peak at D."
5078,D major,85,"The chord sequence prominently features D major, and the repeated E minor-A major progression is a standard ii-V cadence in the key of D major. Despite some passing chords, the harmonic material is consistent with D major."
5095,C major,95,"The chord sequence consists primarily of C, G, F, and A minor chords, which are all diatonic to the C major scale. The prominence of C major as the tonal center is supported by both the frequent appearances of the chord and the high chroma activations for the C and G notes."
5153,A major,90,"The chord sequence consists primarily of repetitions of D major, A major, and E major chords, which correspond to the IV, I, and V chords in the key of A major. This is a very common functional harmonic progression in that key. The chroma activations, which highlight the notes D, E, and A, further support this conclusion."
5178,E major,95,"The chord progression is dominated by E major, A major, and B major, representing the I, IV, and V chords in the key of E major. This is a very common functional harmonic progression, and the high chroma activation for E further supports this conclusion."
5179,D major,95,"The chord progression relies heavily on D major, G major, and A major chords, representing the I, IV, and V degrees in the key of D major. The chroma activations also show high concentrations in D, A, and G, which further supports D major as the tonal center."
5181,E major,95,"The chord sequence consists primarily of E major, A major, and B major, which are the I, IV, and V chords in the key of E major. The recurring cadential movement (A-B-E) and the frequency of the E chord confirm E major as the tonal center."
5192,E major,95,"The chord sequence is heavily anchored on the E major chord, with strong usage of the A major chord and the F# minor chord, indicating a diatonic progression in the key of E major."
5195,G major,90,"The chord progression is heavily dominated by G major, C major, and D major, which are the I, IV, and V chords in the key of G major. The recurring A major chords function as a secondary dominant (V/V) resolving into the D major (V), which confirms G major as the tonic."
5240,Eb major,95,"The chord sequence consists almost exclusively of the I, IV, and V chords (Eb major, Ab major, and Bb major) in the key of Eb major. This strong harmonic context is further supported by the chroma profile, which highlights the tonic and dominant scale degrees."
5376,E minor,95,"The chord progression is dominated by E minor, with frequent use of A minor, D major, and G major, which forms a clear i-iv-VII-III progression in the key of E minor. The chroma activations further support this, with E and B (the tonic and dominant notes) showing the highest intensity."
5562,A major,85,"The harmonic structure is heavily centered around A major, with a persistent A-D-G progression that is common in rock and pop music. Although there is a clear modulation to E major towards the end of the clip, the majority of the chord sequence and the chroma distribution strongly support A major as the primary tonic."
5566,A major,40,"The chord sequence is highly chromatic and lacks a clear functional progression, but the recurring use of A, E, D, and C# chords, combined with the chroma activations being highest for the tonic (A), leading tone (G#), dominant (E), and subdominant (D), strongly point to A major as the tonal center."
5601,G major,90,"The chord sequence consistently revolves around the G major tonic, incorporating common functional chords like C major (IV), D major (V), A minor (ii), and E minor (vi). The chroma activations strongly support this, highlighting G, D, B, and F# as key notes."
5619,G major,95,"The chord progression frequently oscillates between G major and C major, with clear cadential indicators such as the D major chord (V) and the B major to E minor sequence (V/vi to vi), all of which strongly support G major as the tonic."
5990,C major,95,"The chord progression is dominated by C major, frequently interspersed with A minor (the relative minor) and occasional F major chords, which creates a very stable tonal center of C major. The chroma profile confirms this with a high activation for C, providing strong support for this identification."
6460,B minor,90,"The chord sequence prominently features B minor, A major, and E major, which is a common harmonic progression in B minor (often seen in the Dorian mode). The chroma data shows strong activations for F# and B, which are the root and dominant notes of B minor, further supporting this conclusion."
6603,G minor,40,"The chord sequence consists primarily of unidentified intervals, with the only labeled chord being G minor. Given the sparse harmonic information provided by the chord recognizer and the somewhat diffuse chroma activations, G minor is the most reliable tonal center available."
6607,Ab minor,85,"The chord sequence consists almost exclusively of a repeating oscillation between Ab minor and F# major. This is characteristic of an i-VII progression in a minor key (treating the key as G# minor/Ab minor), which is common in many musical styles."
6669,C major,95,"The song consists almost entirely of a C major chord, which is a strong indicator of the key. The chroma activations also show significant energy at C, E, and G, which further supports C major as the tonal center."
6670,E major,75,"The chord sequence follows a repetitive pattern of E major, A major, G major, and C major. Since E major consistently starts the phrases, it functions as the tonic, suggesting a modal progression centered in E."
7011,E major,85,"The chord sequence consists almost entirely of an E major chord, and the chroma profile shows a strong emphasis on E and its perfect fifth, B, which strongly suggests E major as the key."
7012,E minor,95,"The chord sequence is heavily centered on E minor, frequently utilizing diatonic chords such as A minor (iv), G major (III), D major (VII), and C major (VI). This functional progression and the tonic return to E minor strongly establish E minor as the key."
7014,G major,95,"The chord sequence is heavily dominated by the G major chord, which appears for the vast majority of the duration. Supporting chords like D major, C major, and B minor are all diatonic to G major, and the chroma activations strongly reflect G as the most prominent pitch class."
7015,C major,95,"The chord sequence is heavily anchored in C major, utilizing a clear I-ii-V-I functional progression. The presence of the F major and Ab major chords is consistent with standard diatonic and borrowed chord usage in the key of C major."
7179,A major,30,"The chord recognition model was unable to provide harmonic information, so the analysis relied exclusively on the chroma activations. The activations show a high concentration on A, G#, and F#, which strongly align with the A major scale."
7202,G major,95,"The chord sequence is heavily dominated by a G major chord, which comprises 48 seconds of the 60-second clip. Additionally, the chroma activation shows a very strong peak at G, providing strong evidence for G major as the tonic."
7390,A major,20,"Since the chord sequence provided no usable data, the key was inferred solely from the chroma activations. The high prominence of E, D, B, and C# notes is consistent with the A major scale."
7391,D major,95,"The chord sequence consists of D major, G major, E minor, and A7, which are all chords found in the D major scale. This progression strongly suggests a key of D major, and the chroma activations are consistent with this tonal center."
7456,B minor,90,"The chord sequence relies heavily on chords that fit the B natural minor or B Dorian scale (B, D, A, E, G). While both B major and B minor appear, the overall harmonic progression and chroma profile consistently indicate B as the tonic."
7477,A major,95,"The chord sequence is dominated by the A major chord, which serves as the tonic, alongside frequent D and G chords. This harmonic pattern is highly characteristic of the key of A major, likely incorporating a bVII chord (G major). The chroma profile further supports this with strong activations for A, C#, D, and E."
7481,Eb minor,95,"The chord sequence primarily oscillates between Eb minor and B major, which is a common i-VI progression in the key of Eb minor. The chroma activations are also consistent with this, highlighting the notes (A#, F#, D#, B) present in these chords."
7482,C# major,60,"The harmonic sequence is heavily centered on C#, with the chords alternating between C# dominant seventh and C# minor seventh qualities. This ambiguity, characterized by the presence of both major and minor thirds, is common in blues-influenced or modal pieces, making C# major a plausible tonic."
7484,C minor,90,The chord sequence consists almost exclusively of a C minor 7 chord for nearly the entire duration of the clip. This dominant presence of the C minor 7 chord strongly suggests C minor as the key.
7487,Bb major,95,"The chord sequence is dominated by Bb major and Eb major, which are the I and IV chords respectively in the key of Bb major. The chroma activations are also consistent with this key, showing significant peaks on notes belonging to the Bb major scale, such as A#/Bb, F, D#/Eb, and D."
7488,F minor,95,"The chord sequence relies heavily on F minor, Eb major, and C# major (enharmonically Db major), which corresponds to a standard i-VII-VI progression in the key of F minor. The repeated focus on the F minor chord and the overall harmonic structure strongly indicate F minor as the tonic."
7489,Eb minor,95,"The chord sequence consists primarily of repetitions of Eb minor and F# major (enharmonically Gb major), which are the i and III chords in the key of Eb minor. The occasional inclusion of the Bb major chord fits perfectly as the dominant (V) chord in the harmonic minor scale of Eb, confirming the key."
7490,F minor,50,"The chord sequence is extremely sparse, but the presence of F minor chords and the strong dominance of the note F in the chroma activations point to F minor as the most likely key."
7492,F major,90,"The chord sequence consists primarily of an alternation between F major and Bb major chords, which corresponds to a I-IV relationship in the key of F major. F major appears more frequently and for longer total durations than Bb major, strongly supporting it as the tonic."
7528,A minor,95,"The chord sequence is heavily dominated by A minor, which serves as the consistent tonal center throughout the provided segment. This is strongly supported by the chroma activations, which show A, C, and E (the A minor triad) as the most prominent pitches."
7529,G major,90,"The chord sequence is heavily centered on G major, which appears as the recurring tonic. The inclusion of harmonic movements such as the minor iv chord (C minor) and the IV chord (C major) within a G major context, combined with chromatic embellishments like the Eb augmented chord, strongly points to G major."
7713,Bb major,95,"The chord sequence primarily utilizes Bb major, C minor, and F major chords, which correspond to the I, ii, and V chords of the Bb major scale. The chroma activations reinforce this with significant peaks at A#/Bb, C, and F, confirming the harmonic content."
7827,C# major,75,"The harmonic progression prominently features chords diatonic to C# major, including F# major, Ab major, and Bb minor. While the recurring F major chord is chromatic, the overall tonal center remains strongly anchored to C# major."
7893,C major,95,"The chord sequence consistently features the I, IV, and V chords (C, F, G) of C major, alongside common secondary chords such as E major and A minor. This harmonic structure is characteristic of the key of C major, and the chroma activations for C and G further support this conclusion."
7896,A major,90,"The chord sequence consists primarily of A major and F# minor, which are relative keys. The presence of B:maj and E:maj chords strongly supports A major, with the B:maj chord often functioning as a secondary dominant (V/V) that resolves to E:maj."
7898,A minor,85,"The song alternates between C major and A minor chords. A minor has a significantly longer cumulative duration, and the chroma profile, with strong activations for A, C, and E, supports A minor as the primary tonal center."
7901,A major,95,"The harmonic progression prominently features A major, E major, D major, and F# minor, which are all chords diatonic to the key of A major. The chroma activations also show strong support for the notes A, E, C#, and G#, which are integral to the A major scale."
7934,G minor,95,"The chord sequence consistently revolves around the G minor chord as the tonic, with frequent D7 and Eb chords indicating standard harmonic movements within G minor. The chroma activations further support this, with G and D being the most prominent tones."
7995,E major,85,"The chord progression oscillates between E major and A major, with E appearing prominently in both the chords and the chroma activations. E major is the most likely tonic given the strong emphasis on the E chord throughout the sequence."
8017,E major,95,"The chord sequence consistently features E major, A major, B major, and D major, which are common chords within the key of E major. The repetitive nature of the progression centered on E, along with the high chroma activations for E, strongly points to E major as the tonic."
8283,A minor,95,"The chord sequence is heavily centered on A minor, which appears repeatedly. The inclusion of the E:maj chord, which serves as the dominant chord in the key of A minor, provides strong harmonic confirmation for this tonic."
8910,Eb minor,95,"The chord sequence is heavily centered on the Eb minor chord, which acts as the tonic, while the Ab minor (iv) and Bb minor (v) chords provide standard harmonic support for a minor key. The chroma activations align with this analysis, exhibiting the strongest peaks at D#/Eb and A#/Bb."
8913,Eb minor,90,"The chord sequence is heavily centered around the Eb minor tonic and its relative major, F# major. The dominance of the Eb minor chord, supported by its relative major and the dominant chord (Bb major/minor), combined with the chroma activations highlighting Eb, Bb, and F#, strongly point to Eb minor."
8914,E major,95,"The chord sequence consists primarily of E7 and B7, which function as the I and V chords in the key of E major. The occasional G7 acts as a bluesy chromatic inflection common in this harmonic context, further grounding E as the tonal center."
8915,Ab major,40,"The chord recognition was largely inconclusive, identifying only a single Ab major chord, which is supported by the chroma activations showing prominence of the triad notes Ab, C, and Eb. Due to the lack of sufficient harmonic context throughout the majority of the track, the confidence in this assessment is low."
9485,C major,100,"The chord sequence consists entirely of C major, G major, and F major chords, which function as the I, V, and IV chords in the key of C major. The chroma activations further support this, with the highest values concentrated on the notes C, G, and F, which define the tonal center."
9486,A major,95,"The chord sequence consists primarily of A major, D major, and E major chords, which function as the I, IV, and V chords in the key of A major. The chroma activations for A, E, and D reinforce this analysis, confirming A major as the tonal center."
9487,C major,95,"The chord sequence consists of F, Em, C, and G, which are all diatonic to the C major scale (IV-iii-I-V). The chroma profile also shows strong activations for C, E, and G, which form the tonic C major triad."
9488,E major,95,"The chord sequence is dominated by an E major chord, and the chroma peaks align clearly with the notes E, B, and G#, which are the components of the E major triad."
9489,A major,90,"The chord sequence consists almost exclusively of repeated A major and D major chords, which strongly implies a I-IV harmonic relationship in the key of A major. The chroma activations are consistent with this analysis, showing prominent A and D, as well as an overall distribution that aligns well with the A major scale."
9491,C major,85,"The chord sequence is dominated by C major, with recurring passages of C minor and Eb major. This suggests a tonal center of C, utilizing modal interchange between the parallel major and minor keys."
9494,B minor,85,"The chord sequence consistently rotates between B minor and F# major/dominant chords, which function as the tonic and dominant in the key of B minor. Occasional chords like G major, A7, and Bb major appear as chromatic passing chords or non-functional elements that do not shift the overall tonal center."
9510,C minor,75,"The chord sequence is anchored by C minor and G7, particularly at the beginning and the end. Although there is a significant section containing Bb and Eb major chords, the song returns to C minor, making it the most plausible tonic."
9581,Bb major,85,"The chord progression frequently utilizes Bb and Eb, which are the I and IV chords in Bb major, and the chroma profile significantly emphasizes the notes Bb, F, and D, which form the Bb major triad. While G major chords appear, the overall tonal center remains centered on Bb major."
9583,Eb major,45,"The chord sequence is highly chromatic, but the frequent presence of Eb7 and the initial IV-I-V progression (Ab-Eb7-Bb7) strongly suggest Eb major as the tonal center. The remaining chords are largely non-functional or borrowed, which is common in many jazz-influenced or experimental pieces."
9587,B minor,95,"The chord sequence consists of a repetitive cycle of Bm, A, and G, which are the i, VII, and VI chords in B minor. The chroma activations show strong alignment with the notes B, F#, G, and A, reinforcing this tonal center."
9655,D major,90,"The chord sequence primarily features D major, G major, and A major, which function as the I, IV, and V chords in the key of D major. The recurring use of C major suggests a bVII chord, a common borrowed chord in D major, further confirming the tonal center."
9659,C major,95,"The chord progression is consistently centered around C major and F major, utilizing G major as a dominant and D major as a secondary dominant. This harmonic structure is highly characteristic of the key of C major."
9662,Ab major,95,"The chord progression consistently cycles through Ab major, C# major (enharmonic to Db major), and Bb minor, which correspond to the I, IV, and ii chords in the key of Ab major. The chroma activations confirm this with the highest value at G# (Ab), supporting Ab major as the tonic."
9663,Eb major,95,"The chord sequence is dominated by Eb major, Ab major, and Bb major, which are the I, IV, and V chords of the key of Eb major. The chroma activations strongly corroborate this, showing prominent activity for Eb (D#) and Bb (A#), the root and fifth of the tonic triad."
9664,Bb major,95,"The chord sequence consists almost entirely of a sustained Bb major chord, which is a strong indicator of the tonic. This is further supported by the chroma activations, which show significant peaks at Bb (A#) and F, confirming the harmonic center."
9665,C major,95,"The chord sequence oscillates primarily between C major, F major, and D minor, which are all diatonic chords within the C major scale. The prevalence of these chords combined with the chroma profile emphasizing C, E, and F provides strong evidence for a key of C major."
9666,C major,95,"The chord progression consists entirely of chords diatonic to the C major scale (Am, Em, Dm, F, C, G). The frequent repetition of the F-C-G pattern at the end functions as a IV-I-V progression, which strongly establishes C major as the tonic."
9695,A minor,95,"The chord sequence cycles between A minor, F major, and E major. This progression (i-VI-V) is a classic harmonic structure in A minor, with the E major chord effectively functioning as the dominant, containing the leading tone G#."
9699,C major,20,"The chord data is extremely sparse, containing only a single 'C major' chord and long stretches of unidentified content. While the chroma activation peaks at C, the overall harmonic information is insufficient to provide a highly confident key prediction."
9866,B major,20,"The chord sequence is dominated by unrecognized chords ('N'), with only extremely brief appearances of 'B major' and 'Bb major'. The chroma distribution is relatively uniform, providing no strong tonal center, so 'B major' is selected as a best guess based on the limited harmonic information."
9867,Bb major,75,"The chord sequence is heavily anchored around the Bb major chord, which appears repeatedly with significant duration throughout the entire song. While there are numerous chromatic interruptions from chords like E major, B major, and C# major, these appear to function as chromatic neighbors or modal embellishments to the primary tonic of Bb major."
9904,Eb major,85,"The chord progression centers on the sequence F minor, Bb7, and Eb major, which functions as a ii-V-I progression in Eb major. The consistent return to Eb major and Ab major, along with chroma activations aligned with the Eb major scale, supports Eb major as the primary key."
9905,F major,95,"The chord sequence consists almost exclusively of F major and Bb major, which act as the I and IV chords in the key of F major. The chroma activations are consistent with this, showing strong presence of F, A, and C, the notes of the tonic F major triad."
9906,Bb major,95,"The chord sequence primarily utilizes Bb, Eb, and F chords, which correspond to the I, IV, and V chords in the key of Bb major. This harmonic progression strongly suggests that the key is Bb major."
9907,Eb major,95,"The chord sequence is dominated by the I (Eb major), IV (Ab major), and V (Bb major) chords, which strongly define the key of Eb major. The chroma activations reinforce this, showing prominent values for the notes Eb (D#) and Bb (A#)."
9913,Eb major,95,"The chord sequence features frequent ii-V-I progressions in Eb major (C min7-F7-Bb7-Eb) and a strong reliance on the Eb major triad as a resolution point. The chroma activations support this with high peaks at Eb, Bb, and F, which are fundamental tones in the Eb major scale."
9916,F# major,40,"The chord sequence is highly chromatic and lacks a clear functional harmonic progression, shifting between unrelated chords like F# major, F major, E major, and Ab major. F# major is selected as the tonal center primarily due to the relatively long duration of the F# major chord, while the chroma activation profile also shows prominence in notes consistent with the F# major scale."
9985,G major,90,"The chord sequence is dominated by a persistent oscillation between G major and F major, which is characteristic of the G Mixolydian mode. This harmonic context, where the flattened seventh chord (F major) plays a prominent role against the G major tonic, strongly points to G as the key center."
9986,F major,75,"The chord progression alternates between two distinct tonal centers, one centered around F major (F, Bb, Ab) and a contrasting section around B major (B, F#, D). Since the piece begins and ends with the F-Bb-Ab cycle, F major is identified as the home key, with the B major section acting as a secondary or middle passage."
9987,B minor,85,"The harmonic progression is clearly centered around B minor, supported by the frequent use of B minor, A major, G major, and E minor chords throughout the sequence. While there are some chromatic elements at the end, B minor remains the clear tonal center."
9988,E major,95,"The chord sequence is heavily anchored around E major, A major, and B major, which serve as the tonic, subdominant, and dominant chords in E major. The occasional use of G major chords is a common modal interchange, and the strong presence of these chords points clearly to E major."
9989,G major,75,"The chord sequence is dominated by G major, C major, and D major chords, which function as the I, IV, and V chords in the key of G major. The frequent use of G:maj/3 and the overall harmonic progression consistently point to G as the tonic, despite the inclusion of Bb major as a chromatic or borrowed chord."
9990,E minor,90,"The chord progression is centered around E minor, with frequent occurrences of the i-VII-VI progression (E minor, D major, C major). The presence of chords like B minor and A major is consistent with the E minor scale, and the chroma distribution aligns well with this tonality."
9999,B major,90,"The chord sequence is dominated by a repeating loop of D major, E major, and B major, which firmly establishes B as the tonal center. The chroma activations show B as the most prominent pitch, and the frequent use of the B major chord, along with the D and E chords, is characteristic of rock and blues harmonies using B Mixolydian or borrowed chords within B major."
10000,F major,85,"The chord sequence is heavily dominated by the F major chord, which serves as the stable tonic. The recurring F-F#-Ab pattern functions as a stylistic chromatic riff rather than indicating a modulation, and the chroma activations support F as the primary tonal center."
10001,B major,90,"The chord sequence is predominantly centered around the B major chord, with frequent appearances of the F# major (dominant) chord, strongly suggesting B major. Although there are chromatic deviations and borrowing of chords like D, C, G, A, and E, these function as departures from the home key of B major rather than changing the tonal center."
10002,F major,75,"The chord sequence concludes with a clear F major-centric progression (F, C, G, Dmin), and the chroma distribution is most heavily weighted toward F. Although the middle section is highly chromatic, F major provides the strongest overall harmonic center."
10003,G major,65,"The chord sequence is dominated by repeated patterns of G:maj, A:maj, and Bb:maj, which strongly point towards G as the tonal center. The use of frequent, chromatic shifts and major triads suggests a G Mixolydian or blues-rock harmonic style, even if the progression is highly non-functional throughout."
10060,E major,60,"The chord progression heavily alternates between E major and Eb major, with A major acting as a subdominant in the context of E major. Given the frequent return to E major and its functional relationship with A major, E major is the most likely tonic, despite the significant chromaticism indicated by the recurring Eb major chords and the high D# chroma activation."
10109,F minor,95,"The chord sequence consists primarily of F minor, Ab major, and C# major (functionally Db major). These chords represent the i, III, and VI chords in the key of F minor. The chroma activations further support this, with strong presence of F, Ab (G#), C, and Eb (D#), which are all characteristic notes of the F minor key."
10190,D major,75,"The chord sequence contains D major and A major, which function as the I and V chords in the key of D major. The chroma profile, with prominent D, E, F#, and A activations, further supports this tonal center despite the long section of unrecognized chords."
10194,B minor,75,"The chord sequence primarily alternates between B minor and C# minor, while also including D major and G major. These chords are functional within the key of B minor (i, ii, III, VI), making it the most plausible tonic compared to C# minor."
10381,A minor,95,"The chord sequence consists almost entirely of an A minor chord for its entire duration, which is a definitive indicator of the key being A minor. The chroma profile also shows high activation for E and B, which are scale degrees within the key of A minor."
10382,Eb minor,75,"The chord sequence is dominated by an Eb minor chord, which serves as the primary indicator of the key. While the chroma activations are somewhat varied, the strong and persistent presence of the Eb minor chord is the most reliable evidence."
10383,F# minor,85,"The harmonic progression is dominated by F# minor and B minor chords, with F# minor acting as the primary anchor. The exceptionally high chroma activation for F# further supports it being the tonic of the key."
10388,C major,100,"The chord sequence is composed almost entirely of C, G, A minor, and F major chords, which is a classic I-V-vi-IV progression in the key of C major. The chroma activations reinforce this, with high values on C, E, and G, which are the primary notes of the C major tonic triad."
10408,A major,85,"The chord sequence primarily alternates between A major and G major, which is characteristic of the A Mixolydian mode. Given that the sequence ends on and repeatedly returns to the A major chord, A is the tonal center, making A major the best fit."
10412,A minor,95,"The chord sequence consistently revolves around A minor, with frequent resolutions to the tonic (A:min) from the dominant (E:maj) and subdominant (D:min) chords. The chroma profile further supports this with strong activations for A, E, and G#, characteristic of the A harmonic minor scale."
10415,C# major,95,"The chord sequence is heavily dominated by C#, Ab, and F# chords, which function as the I, V, and IV chords in the key of C# major. The chroma distribution also highlights C# and Ab as the most prominent notes, further supporting this conclusion."
10433,C major,95,"The chord sequence consists primarily of the I, IV, and V chords in the key of C major (C, F, and G). The heavy reliance on the C major chord for long durations, combined with the strong chroma activations for C and G, clearly indicates C major as the tonal center."
10438,A major,90,"The chord progression is dominated by A major and E major chords, which function as the tonic and dominant chords in A major. Additionally, the chroma activations show prominent peaks on A and E, further supporting the conclusion that the key is A major."
10439,D major,95,"The chord sequence consistently alternates between D major and A major, which is a fundamental I-V progression in the key of D major. The chroma activations reinforce this analysis by showing strong values for the notes D, E, A, and C#, which are key members of the D major scale."
10440,G major,90,"The harmony is heavily centered around the G tonic, evidenced by the frequent occurrence of G major chords and a recurring G-C-Bb progression. The chroma activations, which show strong peaks at G and D, further reinforce G major as the tonal center."
10441,B minor,85,"The chord sequence is dominated by the B minor chord, which persists for more than half of the total duration. The accompanying chords, including D major and A major, are diatonic to the B minor scale, further supporting B minor as the tonic."
10442,Bb minor,95,"The chord sequence consists almost entirely of a Bb minor chord for the duration of the track. The chroma activations support this, with the highest values corresponding to F, C# (enharmonically Db), and A# (enharmonically Bb), which are the notes of the Bb minor triad."
10443,C minor,95,"The chord sequence consistently revolves around C minor, G major, and Ab major, which are standard chords in the key of C minor (i, V, and VI). The prominence of these chords, alongside the occasional use of the relative major chords (Eb major and Bb major), strongly supports C minor as the tonic."
10447,G minor,85,"The chord sequence is heavily anchored around G, with G:min appearing as the most frequent chord. The supporting chords C:maj and Bb:maj are common in the key of G minor, and the chroma profile shows strong activations for G and D while showing low activations for E and B, which supports G minor over G major."
10518,E major,100,"The chord sequence is composed almost entirely of E major, B7, and A major chords, which corresponds directly to the I, V, and IV chords in the key of E major. The chroma activations are consistent with this analysis, showing high peaks on E, A, and the notes found within the E major scale."
10575,E major,95,"The chord progression is clearly rooted in E major, with the sequence alternating between the I (E major) and IV (A major) chords. The presence of the F# minor (ii) chord and the bluesy alternation between E7 and A7 further solidify the tonic as E, which is also strongly supported by the chroma activations with high values at E, B, and F#."
10604,G major,95,"The chord sequence consists almost exclusively of G major, C major, A minor, D major, and B minor, which are all diatonic to the G major scale. The chroma activations reinforce this conclusion, with peak values corresponding to the notes G, B, A, D, and C."
10941,D minor,85,"The chord sequence is dominated by D minor, A minor, and C major chords, all of which are diatonic to the D minor scale. The chroma profile further reinforces this, with strong activations for notes like D, E, A, and C, which are central to the D minor key."
10992,E minor,95,"The harmonic structure is dominated by E minor and A minor, with E minor acting as the clear tonal center. The chroma activations reinforce this with high values for E, B, and G, which correspond to the notes of the E minor triad."
11019,Ab minor,90,"The chord sequence primarily oscillates between Ab minor and C# minor, with Ab minor receiving the majority of the duration. The chroma profile features very strong peaks at G# and D#, which are the tonic and fifth of the Ab minor scale, providing strong evidence for this key."
11135,F minor,95,"The chord progression is dominated by F minor, which appears for the vast majority of the sequence. The inclusion of C# (enharmonic to Db) and Bb minor fits perfectly within the F minor harmonic context as the VI and iv chords, respectively. The chroma activations support this with a strong emphasis on the tonic F and the perfect fifth C."
11154,F minor,95,"The chord sequence is overwhelmingly dominated by the F minor chord, which accounts for the vast majority of the duration. Additionally, the chroma profile features a strong peak at F, which is consistent with the tonic of F minor."
11156,F minor,95,"The chord sequence is dominated by F minor, with the recurring Db major chord (labeled as C#:maj) acting as a frequent VI chord in that key. The chroma activations also strongly support F minor, with significant energy at F and C, the tonic and dominant notes respectively."
11205,D minor,95,"The chord sequence consists primarily of D minor, G minor, C major, and Bb major, all of which are diatonic to the D minor scale. The frequent use of D minor as the anchoring chord throughout the progression strongly points to D minor as the tonic key."
11304,D major,95,"The chord sequence is dominated by D major chords with periodic appearances of G major chords, strongly indicating a I-IV relationship in the key of D major. The chroma data further supports this with a prominent peak on the tonic note D."
11305,E major,95,"The harmony is almost exclusively composed of E major and E7 chords. This is strongly supported by the chroma activations, which show a dominant peak on E and a secondary peak on B."
11306,D major,85,"The harmonic progression is clearly centered on the D major chord, while the recurring use of C and G chords is characteristic of the D Mixolydian mode. High chroma activations for D, A, and C further support D as the tonic within a major context."
11307,E major,90,"The harmonic progression is heavily centered on the E:maj chord, which appears repeatedly throughout the sequence. The frequent use of F:maj as a bII chord in relation to E, along with the consistent prominence of the E chord, strongly suggests an E Phrygian context, which is best classified as E major."
11308,E major,90,"The chord sequence is dominated by E major, which spans the vast majority of the clip. While there is a brief shift to E minor at the very end and some chromatic activity, E major remains the clear tonal center."
11309,D minor,95,"The chord sequence is dominated by D minor, which accounts for the vast majority of the song's duration. The chroma profile strongly reinforces this, with high activations at D, A, and F, confirming D minor as the clear tonal center."
11310,A minor,90,"The chord progression is dominated by the alternation between A minor and D minor, which functions well as an i-iv relationship in A minor. The presence of E major acts as the dominant (V) for A minor, and the chroma profile supports the presence of A, E, and D notes."
11434,A major,95,"The chord sequence consists almost entirely of an A major chord, which strongly dictates the key. Additionally, the chroma profile shows peak activations for the notes A and E, which are the root and fifth of the A major scale."
11436,E major,90,"The chord progression is dominated by E major for the vast majority of the song's duration, and the chroma profile shows a strong E tonic presence. The brief shift to E minor represents a modal interchange common in popular music."
11438,B major,20,"Because the chord sequence provided no harmonic information, the key was inferred based on the chroma activations, which show a significant concentration on the note B."
11444,G minor,90,"The song is anchored by a strong presence of the G minor chord, which appears for a significant duration and at the start. The chroma activations reinforce this by showing G as the most prominent pitch, and the harmonic progression is consistent with the G minor key, despite some chromatic chords appearing later in the sequence."
11472,F major,95,"The chord progression predominantly alternates between F major and D minor, both of which are diatonic to the F major scale. The chroma data strongly supports this with high activations for F, A, C, and D, and the final emphasis on the F major chord confirms F as the tonic."
11477,G major,95,"The chord sequence consists of G major, B minor, and A minor, which are all diatonic to the G major scale. The chroma activations show strong peaks at G, B, F#, D, and A, which are all primary notes within the G major scale, providing strong evidence for this key."
11623,E minor,95,"The chord sequence is dominated by E minor, which lasts for the majority of the time, and the chroma activations show strong peaks on E, G, and B, which are the notes of the E minor triad."
11657,C major,95,"The chord sequence is dominated by C, G, and F chords, which correspond to the I, V, and IV chords in the key of C major. This harmonic analysis is strongly supported by the chroma activations, which show significant peaks at C and G."
11938,A major,85,"The harmony is centered around A major, which persists for a long duration, and the frequent use of G major suggests a modal context (flat VII) characteristic of A Mixolydian or blues-rock. The chroma data confirms this, showing A as the most prominent pitch activation."
11940,E major,85,"The chord progression is heavily centered around E, with E major being the most frequent and longest-lasting chord. The frequent use of A major and the occasional appearance of C major are common in blues-influenced rock in E major, and the high E chroma activation supports this tonic."
11954,Eb major,85,"The chord sequence is heavily grounded in Eb major, featuring many Eb, Ab, and Bb chords that function as I, IV, and V respectively. Although there is a harmonic shift toward the end that suggests a transition to F major or C major, the vast majority of the duration is centered on Eb major."
11956,G major,95,"The chord sequence consists entirely of a G major chord, and the chroma activations strongly peak at G, D, and F#, which are the notes of a G major chord."
11960,Eb major,90,"The chord sequence is dominated by the chords Ab major, Bb major, and Eb major, which act as the IV, V, and I chords in the key of Eb major. The chroma activations reinforce this analysis, showing clear peaks at the notes Ab, Bb, and Eb, which correspond to the tonic, subdominant, and dominant of the key."
11999,A minor,85,"The chord sequence is dominated by A minor and D minor chords, which indicates A minor as the tonal center. The chroma data reinforces this with significant activations on A and E, consistent with the A minor scale."
12000,B major,50,"Due to the lack of identifiable chords, the key was determined by analyzing the chroma activations, which show significant peaks at F#, A#, B, C#, and E. These pitches correspond closely to the B major scale, making it the most likely key."
12003,D major,90,"The chord progression is dominated by repeated cycles of D major, C major, and A major. The prominence of the D major chord, along with chroma peaks at D, E, A, and C, strongly suggests D Mixolydian or D major as the tonal center."
12008,B minor,95,"The harmonic sequence heavily features B minor and A major chords, which are diatonic to the B minor scale. The chroma activations show strong peaks on B, A, D, and C#, which further reinforces B minor as the tonal center."
12013,B minor,90,"The chord sequence is heavily centered around B minor, which appears for the longest duration. The inclusion of D major, the relative major of B minor, and the high B chroma activation strongly point to B minor as the tonic."
12014,E major,95,"The chord progression prominently features E major, B major, and A major, which correspond to the I, V, and IV chords of the E major scale. This harmonic structure is highly characteristic of the key of E major, and the chroma activations provide supporting evidence for this key."
12018,C minor,75,"The chord sequence consists primarily of C minor 7, and the chroma activations are dominated by C and D# (Eb), which is consistent with a key of C minor. While there is a significant amount of 'N' chord data, the available harmonic information points strongly towards C minor."
12020,G minor,75,"The chord sequence is heavily anchored around G, with numerous G minor chords and functional movement (e.g., D major to G). The chroma activations support this with high G, D, and A# (Bb) values, suggesting G minor as the primary tonal center, despite the presence of some major chords likely representing modal interchange."
12021,G major,100,"The chord progression consists of G major and D major chords, which are the tonic and dominant chords in the key of G major. The chroma activations further support this, showing the highest peaks at G, D, and F#."
12100,D minor,75,"The chord progression and the chroma activations (particularly the prominence of D and A) suggest D as the tonic. While the chord recognizer output includes a G major chord, which is slightly atypical for pure D natural minor, it fits well within the D Dorian mode, and the overall harmonic center remains strongly rooted in D minor."
12105,F major,85,"The chord sequence is dominated by F major, supported by a C major chord, which functions as the dominant. The high activation of pitch classes F and C in the chroma profile further reinforces F major as the tonic."
12131,A minor,60,"The harmonic content, while limited to the final seconds of the sample, shows a progression of F major to A minor. These chords, along with the prominent chroma activations of A, C, and E, strongly align with the A minor scale."
12147,D minor,90,"The chord sequence consists entirely of an alternation between D minor and F major chords. D minor is the most logical choice for the tonic, as these chords function as the i and III chords in the key of D minor, and the chroma activations strongly support the notes D, F, and A."
12176,A major,90,"The chord sequence is heavily centered on A, with A major and D major functioning as primary chords. The periodic use of the C major chord is a common borrowing of the bIII chord from the parallel minor, which fits well within the overall A major harmonic context."
12189,Bb minor,90,"The chord sequence relies heavily on Bb minor, Eb minor, and F# (which is Gb) major chords, representing the i, iv, and VI chords of the Bb minor key. Additionally, the chroma activations strongly align with the Bb minor scale, showing high peaks for the notes Bb, C#, F, and Eb."
12191,B minor,90,"The chord progression, consisting of D major, B minor, G major, and F# major, corresponds to the III, i, VI, and V chords in the key of B minor. These chords, along with the strong chroma activations for B, D, F#, and G, strongly support B minor as the tonal center."
12290,G minor,95,"The chord sequence is composed almost entirely of G minor and G minor 7 chords, establishing G minor as the clear tonic. The chroma activations are consistent with this analysis, showing high peaks for the notes G, D, and A#, which are central to the G minor triad."
12389,A major,95,"The chord progression is dominated by chords from the A major scale, specifically the I (A major), vi (F# minor), V (E major), and ii (B minor) chords. The chroma activations strongly correlate with the notes of the A major scale, confirming the key."
12390,A minor,90,"The progression is centered around the A:min7 chord, with frequent use of G:7 and D:min7, which are common functional chords in the key of A minor. The chroma analysis also shows a strong preference for A, further supporting A as the tonic."
12491,Bb major,40,"The chord sequence provides minimal information with mostly 'N' labels and a single short F major chord. However, the chroma data shows strong activations for Bb (A#), F, and A, which are highly consistent with the Bb major scale (Bb, D, F, A, C)."
12492,F major,90,"The chord sequence consists primarily of chords diatonic to the F major scale, including the tonic (F), subdominant (Bb), vi (Dm), iii (Am), ii (Gm), and dominant (C). The presence of a D major chord functioning as a secondary dominant leading into a G minor chord is a common harmonic device in this key."
12494,D minor,95,"The chord sequence is clearly centered on D minor, frequently utilizing related chords such as G minor (iv), Bb major (VI), and A major/A7 (V). The chroma activations show high prominence for D, A, and F, which are the constituent notes of the D minor triad, further reinforcing this key."
12496,Ab minor,85,"The chord sequence frequently centers on Ab minor, supported by the dominant Eb major and submediant E major chords. The chroma profile aligns strongly with the Ab minor (or G# minor) scale, showing high activations for the tonic, subdominant, and dominant degrees."
12497,D minor,90,"The chord progression is dominated by the alternation between D minor and G minor, which strongly establishes D minor as the tonal center. The subsequent use of C major and Bb major chords is consistent with the natural minor scale, and the chroma data reinforces this by highlighting the notes D, A, G, and F."
12500,G minor,95,"The chord sequence consistently revolves around G minor, utilizing common G minor functional harmony such as G minor (i), D major (V), Bb major (III), and Eb major (VI). The frequent return to G minor as a tonic and the use of D major as a dominant confirm the key of G minor."
12501,A minor,95,"The chord progression is dominated by A minor, F major, and D minor, which strongly suggests a key of A minor. The frequent appearance of C major and G major further reinforces this tonality within the context of the natural minor scale."
12502,E major,90,"The chord sequence consists primarily of chords diatonic to E major, including the tonic (E), ii (F#m), IV (A), V (B), and vi (C#m). The chroma activations also show high concentrations on E, G#, B, C#, and F#, all of which are consistent with the E major scale."
12503,C major,20,"The chord sequence is almost entirely composed of unrecognized segments, providing no definitive harmonic context other than a single brief C major chord. The chroma activations are nearly uniform, suggesting an absence of a clear tonal center, so C major is chosen as the default."
12504,C minor,85,"The chord sequence is heavily dominated by the C minor chord, which appears for the vast majority of the duration provided. While the chroma activations show a strong presence of E natural (suggesting a potential C major), the consistent identification of C minor by the chord recognition model is the most definitive evidence."
12507,C major,5,"The chord data provided is completely non-informative (labeled 'N'), and the chroma activations are relatively uniform across all notes. Due to the lack of clear harmonic or tonal information, I have assigned C major as a default key with very low confidence."
12556,Ab major,95,"The chord sequence consists primarily of Ab major, Eb major, Bb minor, and F minor, which are all diatonic chords within the Ab major key. The recurring C# major chords function as the IV chord (Db major) in this key, and the chroma activations strongly support these notes, particularly with high values for Ab (G#), Eb (D#), and Bb (A#)."
12590,C major,100,"The chord sequence consists almost entirely of chords diatonic to the C major scale, such as C, F, G, Am, and Dm, with C major serving as the primary tonal center. The chroma activations further support this, with the highest values concentrated on C, A, D, and E, which are the primary notes of the C major scale."
12592,A minor,95,"The chord progression is dominated by A minor, C major, and G major, which are all diatonic to A minor, along with the frequent use of E minor/major acting as the dominant. The chroma activations, which show significant peaks at A, C, E, and G, provide strong additional support for A minor as the tonal center."
12650,B minor,90,"The chord sequence consistently centers on B minor, with frequent occurrences of D major, A major, and E major, which are common within the context of B minor. The chroma activations also strongly support this, showing significant presence of the notes B, F#, E, D, and G, all of which belong to the B minor scale."
12672,G major,90,"The chord sequence exhibits a classic progression of secondary dominants (E7-A7-D7-G7) that frequently resolve to G, which is typical for music in the key of G major. The frequency of G7 and the movement through circle-of-fifths patterns further support this tonal center."
12676,G minor,95,"The chord sequence is heavily dominated by G minor and its dominant, D major, which strongly establishes G minor as the tonic. The chroma data shows high activity in D, G, and A, which are consistent with the G minor scale."
12851,A minor,10,"The chord sequence provides no usable harmonic information as it contains only 'N' labels. Relying solely on the chroma activations, which show significant activity around the notes A, G#, and A#, A minor is a plausible, albeit speculative, choice."
12855,F# major,95,"The chord sequence is composed primarily of F# major, B major, and C# major, which represent the I, IV, and V chords in F# major. The chroma profile, with strong activations for C#, F#, and A#, strongly supports this analysis."
12901,F# minor,90,"The harmonic progression is dominated by F# minor chords, with other chords like B major, E major, and A major functioning within the F# minor or Dorian context. The prominence of F# in the chroma activations further reinforces F# minor as the tonal center."
12945,A major,95,"The chord sequence consistently rotates through D, E, A, and F# chords, which function as the IV, V, I, and vi chords respectively in the key of A major. This is a classic pop progression, and the harmonic center is clearly defined by the frequent resolution to the A major chord."
12946,C minor,95,"The chord sequence heavily features C minor alongside functional chords like Ab major, Bb major, and G major, which strongly indicate C minor as the tonic. The G major chord acts as a dominant to C minor, confirming the key."
12947,C major,95,"The chord progression is dominated by repeated sequences of F major, C major, and G major, which are the IV, I, and V chords respectively in the key of C major. The chroma activations further support this, with high values for G, F, and C notes."
12951,Ab major,95,"The chord sequence consistently follows a Db major, Ab major, Eb major, and F minor pattern, which represents a classic IV-I-V-vi progression in Ab major. The chroma profile, showing strong activations for the scale degrees Ab, Bb, C, and Eb, further confirms Ab major as the tonic."
12953,Bb major,85,"The chord sequence primarily utilizes the I, IV, and V chords (Bb, Eb, F) in the key of Bb major, which clearly establishes the tonal center. While there are some chromatic elements in the latter part of the sequence, the chroma activations and the overall harmonic progression strongly support Bb major."
13079,C# major,95,"The chord sequence consists primarily of C# major, F# major, and Ab major chords, representing the tonic, subdominant, and dominant relationships in the key of C# major. The consistent return to the C# major chord, combined with the presence of the IV and V chords, strongly supports C# major as the tonal center."
13088,C major,95,"The chord sequence consists almost entirely of a C major chord, which strongly points to C major as the key. The chroma activations reinforce this, with the highest values corresponding to the notes C, E, and G."
13090,C# minor,95,"The chord sequence heavily relies on the alternation between C# minor (i) and Ab7 (V7), which is a classic harmonic structure for the key of C# minor. The consistent use of the subdominant F# minor further reinforces this tonality, and the high chroma activations for G# and C# align with the tonic and dominant notes of the key."
13177,B major,30,"The chord data is unhelpful, consisting only of unrecognized chords. However, the chroma activations show significant presence of the notes B, D#, E, F#, and A#, which correspond to the scale degrees of the B major key."
13200,D minor,85,"The chord sequence is dominated by D minor, F major, and C major, which function as the i, III, and VII chords in the key of D minor. The high chroma activation for D also strongly supports D minor as the tonic."
13217,Ab major,75,"The chord progression heavily features chords diatonic to the Ab major scale, such as Ab major, Bb minor, C minor, and Db major (enharmonically spelled as C# major). While there are some chromatic passing chords like F# major and G major, the overall harmonic content consistently centers around the Ab major tonality."
13247,A minor,75,"The harmonic progression is heavily centered around the A root, with A minor being the longest-lasting chord. The chroma activations reinforce A as the tonic, while the presence of chromatic chords like Abmaj7 and Bbmaj suggests a modal or chromatic approach within an A minor context."
13249,A minor,85,"The chord sequence is dominated by an A minor chord, which lasts for nearly half the duration of the sample. Additionally, the chroma vector shows a clear peak at A, with significant activation for C and E, reinforcing A minor as the most likely key."
13324,Ab minor,85,"The chord sequence primarily oscillates between Ab minor and Eb7, which indicates a strong tonic-dominant relationship in the key of Ab minor. The chroma data reinforces this with prominent activations for Ab and Eb."
13328,F minor,85,"The chord sequence is heavily anchored by F minor, which appears as the most frequent and long-duration chord. The pattern of alternating between F minor, Bb major, and Ab major is consistent with the key of F minor, and the chroma profile supports this by showing strong emphasis on F and G#."
13362,E minor,95,"The harmonic progression is clearly centered around E minor, with frequent use of E minor as the tonic, A minor as the subdominant, and B major as the dominant. The chroma data, showing high activations for E, B, and A, further supports E minor as the key."
13380,G minor,95,"The chord progression is built entirely on chords diatonic to the G minor scale, including G minor, Eb major, Bb major, F major, and C minor. The high frequency of the G minor chord as the tonal center, combined with the chroma activations identifying G, D, and Bb as the most prominent notes, confirms G minor as the key."
13459,D major,75,"The chord sequence consists primarily of alternating D minor and D major chords. Given that D major accounts for a significantly larger portion of the total duration and the chroma profile supports a D tonic with mixture of F and F#, D major is the most likely tonal center."
13474,D minor,95,"The chord sequence is heavily dominated by D minor, which appears as the tonic throughout. The supporting chords, including E half-diminished and C major, are all consistent with the D minor diatonic scale, strongly confirming the key."
13569,E minor,95,"The chord sequence is heavily centered on E minor, which accounts for the majority of the duration. The supporting chords, D major and A minor, fit naturally into the E minor harmonic context, and the chroma activations prominently peak on E, confirming the tonic."
13591,D minor,90,"The chord sequence centers on Dm7, with frequent use of A7 and E7, which function as dominant and secondary dominant chords in the key of D minor. The harmonic structure is highly characteristic of a D minor tonal center."
13597,E minor,90,"The chord sequence is dominated by repeated E minor and D major chords, establishing E minor as the clear tonal center. This harmonic oscillation is characteristic of the E Dorian mode."
13709,C minor,90,"The chord sequence is heavily dominated by C minor, with supporting chords like Ab major, Bb major, and G minor which are all diatonically consistent with the C minor scale. This strong harmonic context clearly indicates C minor as the tonic."
13765,C major,95,"The chord sequence is heavily dominated by C major and G major, representing the tonic and dominant functions in the key of C major. The long durations and frequent occurrences of C major strongly indicate it is the tonal center."
13776,Ab minor,85,"The chord sequence is dominated by Abm7 and Ebm7, which strongly suggests a tonal center of Ab minor. The chroma peaks on G#, D#, F#, and C# align well with the notes of the Ab minor scale, further supporting this conclusion."
13912,G major,85,"The chord progression prominently features G, A, D, and C, which strongly suggest the key of G major (I, II, V, IV respectively). The frequent return to the G major chord and the overall functional harmonic structure support this key assignment."
13914,E major,95,"The chord progression primarily centers around E major, frequently utilizing F# minor (ii) and B major (V) chords, which are consistent with the E major key signature. This tonal center is also supported by the high chroma activations for E and B."
13927,E major,90,"The chord sequence is dominated by the progression of E major, A major, and B major, which are the I, IV, and V chords in the key of E major. Although E minor appears frequently, it is characteristic of blues-influenced rock to use minor-key chords within a major key, and the chroma activations strongly highlight E, B, and D#, which are the notes of the E major triad."
13938,C major,100,"The chord sequence is heavily dominated by C major and G major chords, which are the I and V chords of the C major scale. This harmonic structure is strongly supported by the chroma activations, which show significant peaks at C, E, and G."
13939,C major,95,"The chord sequence heavily features C major, F major, and G major, which forms a classic I-IV-V progression in the key of C major. The chroma activations are also consistent with this key, showing significant weight on C, G, and A."
13967,E major,95,"The chord sequence consists almost entirely of E major, A major, and B major, which function as the I, IV, and V chords in the key of E major. The chroma profile further supports this with the highest activations occurring at B, E, and A, reinforcing the tonal center of E major."
13976,A major,75,"The chord sequence begins with progressions that suggest Ab major, but it modulates significantly throughout the clip, ultimately establishing a clear harmonic center in A major by the end. The chroma activations, which show strong values for A, B, C#, and E, further support A major as the final tonal center."
13980,E major,95,"The chord progression is dominated by E major, A major, and B major, which correspond to the I, IV, and V chords in the key of E major. This analysis is strongly supported by the chroma activations, which show E and B as the most prominent notes."
13998,A major,95,"The chord sequence is composed almost entirely of A major, D major, and E major, which correspond to the I, IV, and V chords in the key of A major. The chroma activations reinforce this conclusion, as A is the most prominent pitch."
14006,D major,95,"The chord sequence is composed exclusively of D major and A major chords, which function as the I and V chords in the key of D major. The chroma activations showing high values for A, D, and C# further support this tonal center."
14007,D major,95,"The chord progression is dominated by D major, G major, and A major, which represent the I, IV, and V chords in the key of D major. The chroma activations are also heavily weighted toward D and A, further confirming the tonic and dominant of this key."
14010,F major,95,"The song's harmonic progression is consistently built around the F major, Bb major, and C major chords, which clearly establish F major as the tonic. The recurring A7 chords serve as secondary dominants, which is a common occurrence in this harmonic context."
14012,A major,100,"The chord sequence consists almost entirely of A major, D major, and E major chords, which are the I, IV, and V chords in A major. The inclusion of B minor as the ii chord further confirms this key, and the chroma activations are also strongly aligned with the notes of the A major scale."
14014,E major,95,"The chord progression is heavily dominated by E major, A major, and B major, which are the I, IV, and V chords in the key of E major. The presence of C# minor (vi) and D major (a common borrowed chord from E Mixolydian) further supports this key center."
14016,E minor,95,"The chord sequence consistently revolves around E minor, featuring a clear V chord (B7) and a bVI chord (C7) that function within the context of E minor. The strong presence of E and B in the chroma activations further confirms this tonal center."
14019,G major,95,"The chord progression relies heavily on G, C, and D chords, which function as the I, IV, and V chords in G major. The occasional A major chord acts as a secondary dominant (V/V) leading to the D chord, further reinforcing the tonal center of G."
14020,C major,90,"The chord sequence is dominated by frequent repetitions of C major and Bb major chords, which is characteristic of the C Mixolydian mode or C major with a prominent flat-seven (bVII) chord. The supporting chords, including A minor, G minor, and D major, function well within this context, and the chroma activations (peaking at A#/Bb, A, G, and C) strongly support C as the tonal center."
14032,E major,90,"The chord sequence consists almost entirely of E major and B major chords, which function as the I and V chords in the key of E major. This clear harmonic oscillation strongly establishes E major as the tonal center."
14033,C major,95,"The chord sequence consists almost exclusively of alternating G major and C major chords. This V-I harmonic progression, supported by the prominent chroma activations for C and G, strongly establishes C major as the tonal center."
14035,G major,85,"The chord sequence consists of A minor, D major, C major, and G major, which are the ii, V, IV, and I chords in the key of G major. The harmonic progression frequently revolves around these chords and resolves to G major, especially at the end, which strongly points to G major as the tonic."
14039,A major,65,"The chord sequence is dominated by 'A major' chords, suggesting 'A major' as the tonal center. Although 'C major' chords and high 'C' chroma activity are present, this likely reflects bluesy or modal harmonic inflections, making 'A major' the most likely key."
14063,C major,95,"The chord sequence consists entirely of alternating C major and G major chords, which are the tonic and dominant chords of C major. The chroma activations, showing strong presence of C, G, E, and B, provide additional evidence for this key."
14064,B major,85,"The chord sequence prominently features B major, F# major, and C# major, which are common chords in the key of B major. The alternating Ab minor (enharmonically G# minor) and F# major chords suggest a B major tonality, as does the chroma distribution which highlights the notes of the B major scale."
14067,Eb minor,80,"The chord sequence is dominated by Eb:min, establishing it as the clear tonic. The appearances of C#:maj and F#:maj (enharmonically equivalent to Db:major and Gb:major) are common diatonic chords (VII and III) within the key of Eb minor."
14068,Ab minor,95,"The chord sequence is heavily centered around Ab minor, with frequent appearances of the subdominant (C# minor) and the relative major/VI chord (E major). The repeated use of Eb major functions effectively as the dominant (D# major) in this minor key context, solidifying Ab minor as the tonic."
14130,C# major,85,"The chord sequence frequently resolves to C#:maj, which functions as the tonic. Other chords such as B:maj and Ab:maj (enharmonically G#:maj) are consistent with the C# major scale, and the chroma activations also highlight C# as a prominent root note."
14131,B major,90,"The chord sequence follows a distinct circle of fifths pattern (Ab:maj, C#:maj, F#:maj, B:maj) that resolves to B major. The inclusion of the Eb:min chord, which is enharmonically D# minor, the vi chord in B major, strongly supports B major as the tonic."
14132,E major,85,"The chord sequence is dominated by E, A, and B major chords, which represent the I, IV, and V chords in E major. The inclusion of the D major chord is characteristic of the mixolydian mode or modal interchange common in rock, further supporting E as the tonic."
14152,C minor,95,"The chord sequence is heavily dominated by a C minor 7th chord, establishing C as the tonal center and minor as the quality. While the final chord is a C dominant 7th, this is a common modal variation, and the overall harmonic context strongly supports C minor."
14191,C minor,75,"The chord sequence centers on Cmin7, strongly suggesting C minor as the tonic. The chroma activations, particularly the prominent G and G#/Ab, further support a C minor tonal center, likely with some modal or blues-influenced harmonic content."
14229,G minor,95,"The chord sequence is almost entirely comprised of a G minor chord, which provides strong evidence for G minor as the key. This is further supported by the chroma activations, which show the highest levels for G and D, both of which are notes within the G minor triad."
14240,E minor,90,"The song is dominated by an E minor chord, which persists for almost the entire duration. While the chroma data shows a significant presence of G#, which would typically be associated with an E major tonality, the chord recognition strongly points to E minor as the key."
14243,B minor,95,"The chord sequence is dominated by a B minor chord for the vast majority of the duration, which strongly points to B minor as the tonic. The G major chords appearing at the end are consistent with the VI chord in B minor. Furthermore, the chroma activations show high values for B, D, and F#, which are the notes of the B minor triad, along with C#, which is a standard note in the B natural minor scale."
14244,A major,95,"The chord sequence is heavily centered on the A major chord, with occasional D major chords in second inversion functioning as a subdominant, which strongly points to A major. This is reinforced by the chroma analysis, which shows a significant peak on A."
14245,C major,90,"The chord sequence is dominated by C major, which occupies the majority of the song's duration. The transition to C minor is a common modal interchange, and the chroma profile supports a C-based tonality with a strong emphasis on E natural, confirming the major quality."
14263,C major,95,"The song is dominated by a C major chord for almost the entire duration. The chroma activation profile further supports this, showing strong peaks for the chord tones C, E, and G."
14279,D minor,95,"The chord sequence relies heavily on D minor (i), A major (V), and G minor (iv), which strongly establishes a D minor tonality. The chroma activations support this with prominent D and A tones."
14281,D minor,95,"The chord sequence consistently features D minor, Dm7, A7, and Gm, which are characteristic functional harmonies for the key of D minor. The frequent appearance of A7 resolving to Dm7, combined with the presence of Bb and C chords, strongly reinforces D minor as the tonal center."
14282,D major,80,"The chord sequence is heavily anchored by the D major chord, which appears repeatedly and for the longest durations. Although there are chromatic chords like G minor and C minor present, the persistent return to D major strongly indicates it is the tonic."
14283,G minor,95,"The chord sequence consists primarily of G minor, C minor, and D major, which corresponds to the i-iv-V progression in G minor. The frequent D major chords (the V chord) resolve strongly to G minor, confirming the key."
14284,D major,85,"The harmonic progression consists primarily of an alternation between G and D chords. Given the frequency and prominence of the D major chords, particularly at the end of the sequence, D major is the most likely tonic."
14286,D major,75,"The chord sequence is heavily centered on D:maj, which appears most frequently and acts as the tonic. Other chords like C:min, G:min, and F:maj form a modal progression often found in rock music, and the chroma profile supports a D-centered key."
14287,D minor,95,"The chord sequence heavily features D minor as the tonic, with frequent appearances of G minor (iv) and A major/7 (V), which is a characteristic progression for the key of D minor. The chroma profile further supports this by highlighting D and A as the most prominent notes."
14288,D major,95,"The chord sequence consists almost entirely of a single D major chord sustained for the entire duration, which strongly points to D major as the tonic. The chroma data also shows significant activations for D and A, which are key notes in the D major triad."
14289,G major,90,"The chord sequence is dominated by a repeated alternation between G major and D major (or D7) chords, which is a standard I-V progression in the key of G major."
14345,F# minor,75,"The chord sequence frequently features F# minor and A major chords, returning repeatedly to F# minor as the tonal center. The chroma distribution with peaks at C#, A, and G# further supports the F# minor key, despite some chromatic passing chords."
14347,A minor,95,"The song is dominated by an A minor chord for nearly its entire duration. The chroma profile, showing strong activations for A, C, and E, confirms the presence of an A minor harmonic center."
14364,F# major,95,"The chord sequence is dominated by an F# major chord for the vast majority of the duration, and the chroma analysis shows a clear peak at F#, confirming F# major as the most likely key."
14365,F minor,85,"The chord sequence is dominated by an F minor chord lasting nearly the entire 60-second segment, which is the primary indicator of the key. Although there is significant F# activity in the chroma, the chord label is consistent and strongly supports F minor."
14372,F minor,95,"The chord sequence is dominated by an F minor chord for nearly the entire duration, which strongly points to F minor as the key. The chroma activations are consistent with this, featuring F and C as the most prominent pitches."
14375,Bb major,95,"The chord sequence cycles repeatedly through Bb major 7, C minor, G minor, and Eb major, which are all diatonic chords belonging to the Bb major key signature. The chroma activations showing high values for G, C, and Bb further confirm the tonal center of Bb."
14384,D major,95,"The chord sequence consists primarily of a repeating progression of D major, B minor, G major, and A major, which are the I, vi, IV, and V chords in the key of D major. This structure strongly supports D major as the tonal center."
14386,B minor,95,"The chord sequence consists almost entirely of a B minor chord. The chroma activations confirm this with a strong peak on B, making B minor the most likely key."
14479,E minor,75,"The chord sequence strongly oscillates between E minor and C minor. Given that E minor is the primary chord that opens and closes the sequence, it functions as the most stable tonic."
14635,A major,40,"The chord sequence is extremely sparse with long sections of unrecognized harmony, but the presence of D major and C# minor suggests an A major tonality, where these chords can function as the IV and iii respectively."
14643,Eb major,95,"The harmonic content consists almost entirely of an Eb major chord, which strongly establishes the tonic. The chroma activations reinforce this, showing high values for D# (enharmonically Eb) and A# (enharmonically Bb), which are key notes in the Eb major triad."
14651,C major,95,"The chord sequence consists of F major, C major, A minor, D minor, and G major, which are all diatonic chords in the C major scale. The inclusion of a Dm-G-C cadence strongly confirms C major as the tonic, and the chroma activations, showing strong presence of C, F, and A, are consistent with this key."
14653,Ab major,85,"The chord sequence is dominated by recurring Ab major and Eb major chords, representing a consistent I-V relationship in the key of Ab major. The presence of F major and F minor chords, while frequent, functions within this established harmonic context, and the chroma activations support the pitch content of the Ab major scale."
14657,E minor,90,"The song is strongly rooted in E minor, as evidenced by the consistent usage of Em, G, Am, and Bm chords throughout the sequence. The chroma profile further supports this, showing high activations for the notes E, G, and B, which form the E minor triad."
14661,C major,95,"The chord sequence heavily features the primary chords of C major (C, F, G) and the relative minor (A minor). Frequent resolutions to the C major tonic, along with common functional progressions and borrowing of the minor iv chord (F minor), strongly confirm the key of C major."
14684,E major,95,"The chord sequence is composed primarily of E major, A major, and B major, which are the I, IV, and V chords in the key of E major. The frequent resolution to E major and the presence of C# minor (the vi chord) strongly support this, and the chroma activations are also dominated by the root note E."
14685,E minor,95,"The chord sequence consistently features E minor, D major, C major, and G major chords, all of which are diatonic to the E minor scale. The chroma activations further support this, with strong peaks at E, D, G, and F#, which are key notes of the E minor tonality."
14686,Eb minor,85,"The chord sequence centers heavily around Eb minor and Ab dominant chords, which forms a common minor-key vamp. The chroma activations show significant presence of Eb, Ab, and Bb, further reinforcing the key of Eb minor."
14693,A major,95,"The chord sequence relies heavily on chords within the A major scale, such as A, B minor, D, E, C# minor, and F# minor. The prevalence of A major and the resolution on the A major chord, combined with the strong A chroma activation, clearly indicates A major as the key."
14737,G major,85,"The chord sequence is dominated by the repeated pattern of D, C, and G chords, which functions as a V-IV-I cadence in G major. While the latter part of the sequence introduces A major and D minor chords, the harmonic center remains grounded in G throughout the majority of the song."
14738,D major,75,"The chord sequence consists almost entirely of a D7 chord, which functions strongly as a tonal center in this context. The chroma profile supports this, showing significant activations for D, F#, and C, which are the notes of a D7 chord."
14739,E major,85,"The chord progression prominently features E major and E minor, with E major held for a significant duration. The chroma activation profile strongly highlights E and B, with a notable presence of D# which supports the E major key center over E minor."
14747,F major,95,"The song is dominated by an F major chord for nearly the entire 60-second duration. This tonality is further supported by the chroma activations, which show F and C as prominent pitches."
14748,G minor,90,"The chord progression repeatedly alternates between G minor and C minor, representing a standard i-iv progression in G minor. This is supported by the chroma activations, which show high prominence for G and its related scale tones, further reinforcing the G minor tonality."
14796,F# major,60,"The chord data is mostly uninformative, consisting of 'N' for the majority of the duration, but it concludes on an F# major chord. The chroma activations show a clear peak at F#, strongly supporting F# major as the tonic."
14882,D major,95,"The chord sequence primarily utilizes the I (D major), vi (B minor), IV (G major), and V (A major) chords, which are all functional chords in the key of D major. The chroma activations further support this, with high values for D, A, and F#, which are key chord tones for the tonic D major."
14886,C major,95,"The chord sequence consists primarily of alternating C major and A minor chords, supplemented by G major and F major. This progression is diatonic to C major, and the frequency and duration of the C major chord suggest it is the tonic. Chroma activations strongly reinforce the prominence of C and A."
14887,E minor,95,"The chord sequence is heavily centered around E minor as the tonic, with frequent use of B major as the dominant (V) chord resolving to E minor. The consistent pattern of switching between E minor and B major, along with the presence of G major (the relative major), strongly supports E minor as the key."
14891,E major,95,"The chord sequence oscillates between E major and A major, which function as the tonic (I) and subdominant (IV) chords in the key of E major. The chroma activations reinforce this, showing high concentrations of the notes E, B, and G#, which are central to the E major triad."
14895,G major,95,"The chord progression is centered around the G, C, and D chords, which are the I, IV, and V chords in G major. The inclusion of the A major chord functions as a secondary dominant (V of V) leading to the D chord, and the chroma activations strongly peak at G, D, and C, confirming the tonal center."
14896,E major,95,"The chord sequence heavily features E major, A major, and B major, which function as the I, IV, and V chords in the key of E major. The chroma activations also show high prominence for E, A, and B, reinforcing this analysis."
14897,E major,100,"The chord sequence heavily features E major, A major, B major, and C# minor, which correspond to the I, IV, V, and vi chords in the key of E major. The chroma activations are also consistent with this key, showing high values for the notes E, B, and G#."
14907,C major,95,"The chord sequence oscillates repeatedly between C major and F major, which is a common progression (I-IV) in C major. The high prominence of the C chroma further supports C as the tonal center."
14908,G major,100,"The chord sequence consists almost entirely of G major, C major, and D major, which function as the I, IV, and V chords in the key of G major. The prevalence of these chords and the strong tonal center on G clearly point to this key."
14922,D minor,90,"The chord sequence is heavily anchored around the D minor chord, which appears frequently throughout the progression. The inclusion of G major and C major chords, alongside D minor and F major, is consistent with D minor or the D Dorian mode, making D minor the most plausible tonic."
14934,E major,95,"The chord progression consistently features E, B, and A, which are the I, V, and IV chords in the key of E major. The chroma profile, which peaks on B, F#, and E, strongly supports this key. The presence of G# minor (Ab:min) and F# minor towards the end further confirms the diatonic harmony of E major."
14935,B major,90,"The chord sequence is dominated by B major and E major, which strongly suggest a B major tonality as the I and IV chords. The additional chords like C# minor, A major, and D major fit within the context of B major as diatonic or borrowed chords, and the chroma activations show a significant presence of B, F#, and E, which are central to the B major scale."
14941,D major,95,"The chord sequence consists predominantly of D major, G major, and A major chords, which function as the tonic, subdominant, and dominant in the key of D major. The inclusion of E major (a secondary dominant) and Bb major (a common chromatic embellishment) further supports the tonal center of D major."
14942,A major,95,"The chord sequence consists primarily of A major, D major, and E major, representing a standard I-IV-V progression in A major. The chroma activations further support this, with a peak at A, consistent with the tonic of the key."
14952,A major,95,"The chord progression is dominated by A major, D major, and E major, which correspond to the I, IV, and V chords in the key of A Major. The frequent return to A as the tonic and the presence of B major (a common secondary dominant in this context) strongly support this key."
14953,G major,95,"The chord sequence consists primarily of G, C, and D chords, which correspond to the I, IV, and V chords in the key of G major. The occasional use of A major is common as a secondary dominant (V of V) leading into D. The chroma activations for G and D are the highest, providing strong corroborating evidence for G major."
14954,E major,95,"The chord sequence consistently revolves around E major, utilizing frequent tonic (E), subdominant (A), and dominant (B) chords, along with a clear F#-B-E progression (ii-V-I). The use of A minor (iv) is a common harmonic variation in E major, and the chroma profile strongly emphasizes the notes E, G#, and B."
14957,A major,95,"The chord sequence is dominated by A, D, and E chords, which correspond to the I, IV, and V chords in the key of A Major. Secondary chords like B major and F# minor fit perfectly within this harmonic framework, confirming A Major as the tonic."
14959,G major,95,"The chord sequence is dominated by G major, C major, and D major chords, which represent the I, IV, and V chords in the key of G major. The chroma profile, with strong activations on G, D, and F#, further confirms this tonal center."
14964,A major,95,"The chord sequence consists primarily of A major, D major, and E major chords, which are the I, IV, and V chords in the key of A major. The fleeting F major chord appears to be a passing tone or a minor recognition error, and the overall harmonic progression clearly centers on A as the tonic."
14967,D minor,95,"The chord sequence is almost exclusively D minor, which strongly indicates the key. The chroma activations further support this, with prominent peaks on A and D, which are the primary notes of the D minor triad."
14968,E minor,95,"The chord sequence is dominated by E minor and D major chords, with E minor clearly functioning as the tonic. This is further supported by the chroma activations, which show a strong presence of E and B, the root and fifth of the E minor triad."
14969,G major,95,"The chord progression consists almost exclusively of G major, C major, and D major, which are the I, IV, and V chords in the key of G major. This functional harmonic pattern is highly characteristic of the key of G major."
14978,G major,95,"The chord sequence is heavily centered on G major, with frequent alternation with C major and Bb major chords, which is characteristic of the G Mixolydian mode. The chroma activations reinforce G as the harmonic center, supporting a classification of G major."
14979,C minor,100,"The chord sequence consists entirely of alternating C minor and G major chords, which are the tonic and dominant chords in C minor, respectively. The chroma activations also strongly support C as the tonic."
14990,E minor,80,"The harmonic sequence oscillates between E minor and E major chords, with E minor having a longer total duration. The high chroma activation for E and B, combined with the chordal data, strongly points to E as the tonic, with E minor being the most representative key."
14999,E major,85,"The chord sequence is heavily anchored around E major and A major, which are the tonic and subdominant chords in E major. The inclusion of F# minor (the ii chord) and A minor (a common borrowed chord) further supports E major as the tonal center."
15000,A major,95,"The chord sequence is composed primarily of A major, E major, and D major chords, which are the I, V, and IV chords in the key of A major, respectively. The chroma activations further support this, showing strong peaks for A and E."
15001,E minor,95,"The chord sequence is heavily dominated by the E minor chord, which acts as a clear tonic. The surrounding chords, such as G major and A minor, are common in the key of E minor, and the chroma activations strongly support this with prominent E, G, and B notes."
15044,F major,10,"The chord sequence consists only of 'N' values, providing no harmonic context. The chroma activations are relatively uniform across all notes, making any key selection highly speculative, though F major is chosen due to the slight prominence of F and E."
15124,E major,90,"The chord sequence is dominated by E major, which is present for the vast majority of the track. The inclusion of Ab minor is likely an enharmonic spelling of G# minor, which functions as the iii chord in the key of E major. This is further supported by the chroma activations, which show high values for E, G#, and B."
15142,E major,75,"The chord sequence contains a B major to E major transition, which represents a strong dominant-to-tonic progression in E major. The chroma activations align with this conclusion, showing high values for E, B, G#, and D#, which are all members of the E major scale."
15228,A minor,95,"The chord sequence oscillates heavily between A minor and E major/E7, which is a classic i-V progression in A minor. The frequent repetition of these two chords, combined with the presence of C major, firmly establishes A minor as the tonal center."
15307,B minor,90,"The chord sequence is heavily centered on B minor, frequently featuring the tonic chord alongside its relative major (D) and diatonic chords like G, A, and F# minor. The chroma profile further supports this with significant activations for notes belonging to the B minor scale."
15438,Bb minor,95,"The chord sequence consistently features a repetitive progression of Bb minor, Eb minor, Ab major, C# major, and F major. This progression is typical of the key of Bb minor, where F major acts as the dominant (V) returning to the Bb minor tonic. The chroma profile further supports this with a strong peak on Bb."
15441,B minor,95,"The chord sequence is consistently anchored by B minor and F# major chords, representing a classic i-V relationship in B minor. The presence of supporting chords like E minor and G major further reinforces the B minor tonality."
15446,B minor,95,"The chord sequence is dominated by B minor and F# major, which function as the tonic and dominant chords respectively. The frequent use of these chords, along with the G major chord, strongly indicates B minor as the key."
15479,G major,95,"The progression is strongly grounded in the G major scale, utilizing the primary chords I (G), IV (C), and V (D). The inclusion of B minor (the vi chord) and A major (frequently used as a secondary dominant to the V chord) is common in G major, and the chroma profile strongly supports this tonality by highlighting notes from the G major scale."
15763,D major,75,"The chord sequence is dominated by a D major chord, which serves as the most likely tonal center. The Bb major chord functions as a bVI chord, a common borrowed chord within the D major key context."
15893,F major,75,"The chord sequence primarily oscillates between F major and D minor chords. The chroma analysis shows a high prevalence of C and A, which are key components of the F major triad, supporting F major as the tonic and D minor as the submediant."
15953,B minor,95,"The chord sequence heavily features B minor as a tonal center, with a recurring progression involving B minor, E minor, A major, G major, and D major, all of which are consistent with the B minor scale. The chroma activations reinforce this conclusion, as they show the highest concentration of energy in the notes of the B minor scale (B, E, F#, D, G, A)."
15954,C# minor,95,"The chord sequence is dominated by a sustained C#:min chord for nearly the entire 60 seconds, which provides a very strong tonal center. The chroma activations align with this, showing peak values at C# and G#, which are consistent with the C# minor triad."
15956,D minor,100,"The chord sequence heavily features D minor as a tonic, with supporting chords like Bb major, G minor, C major, and A minor, all of which belong to the D natural minor scale. The chroma activations are consistent with this analysis, showing high peaks at D, A, and Bb."
15957,A minor,85,"The chord sequence primarily utilizes chords found in the A minor scale, including Am, C, Dm, Em, F, and G. The inclusion of the E7 chord, which acts as the dominant in A minor, strongly supports A minor as the tonic."
15958,A major,85,"The chord sequence consists of A major, F# minor, and C# minor, which are all diatonic to the key of A major, functioning as the I, vi, and iii chords. The prominence of these chords and the chroma values (high A, C#, E, F#, G#) strongly support A major as the tonic."
16062,D major,95,"The chord sequence primarily utilizes D major, B minor, G major, and A major chords, which constitutes a classic I-vi-IV-V harmonic progression in the key of D major. The consistent return to the D major tonic and the supporting chroma activations reinforce this conclusion."
16115,C major,55,"The chord sequence is highly chromatic and lacks clear functional movement, but the most frequent chord is C major, and the chroma activations are strongest for C, G, and B, which are all prominent in the key of C major."
16117,Ab minor,85,"The chord sequence is dominated by Ab minor, B major, and E major, all of which are consistent with the Ab minor (or its relative major, B major) scale. Ab minor appears the most frequently in terms of duration, and the chroma activations (specifically B, G#, D#, A#, and E) strongly support this key."
16118,A minor,90,"The chord sequence centers on A minor, utilizing common progressions such as i-VI-V (A minor, F major, E major). The recurring A minor chords throughout the sequence strongly establish it as the tonal center."
16119,F# major,95,"The chord sequence heavily features F# major and its relative minor, Eb minor (enharmonically D# minor), establishing a clear F# major tonality. This is supported by the chroma profile, which shows a significant peak at F#, and the frequent resolution to F# major chords."
16120,G major,70,"The harmony alternates between G major and Eb major, which are related by a chromatic mediant relationship. G major is identified as the tonic due to its prominent placement throughout the progression."
16121,F major,75,"The harmonic progression is dominated by F major and C major chords, establishing a clear I-V relationship that strongly suggests F major as the tonic. While a D major chord appears briefly as a potential secondary dominant, the prevalence of F and C chords makes F major the most likely key."
16122,A minor,65,"The chord sequence is highly chromatic, but A minor is the most frequent chord and functions as the primary harmonic center. The presence of G major, C major, and the prominence of A in the chroma activations further support this as the tonal center, despite the frequent use of chromatic chords like Ab major and B major."
16123,F minor,85,"The chord sequence is centered around F, with significant durations on both F minor and F major. The inclusion of Ab major, Eb major, and Bb major chords strongly supports the key of F minor, which is further corroborated by the chroma activations."
16124,A minor,65,"The chord sequence begins with ambiguous and highly chromatic harmonic movements, but it eventually stabilizes with a clear progression in A minor toward the end, including A minor, E minor, and F major. This concluding harmonic context provides the strongest evidence for the key, despite the unusual and confusing opening."
16126,C major,30,"Since the chord recognition failed, I relied solely on the chroma activations. The prominence of C, E, and G suggests a C major tonality, though the lack of harmonic context makes this prediction speculative."
16127,E minor,40,"The chord progression is highly chromatic and oscillating, frequently shifting between E and Eb major/minor chords. E is the most prominent root note and correlates with the highest peak in the chroma activations, suggesting E minor as the most likely tonic despite the significant harmonic ambiguity."
16128,G minor,90,"The chord sequence consistently revolves around G minor, featuring a repeated progression of A major, D major, and G minor. This pattern corresponds to a secondary dominant (V/V) to dominant (V) to tonic (i) progression common in the key of G minor, and the chroma activations (highlighting G, A, Bb, and D) strongly support this tonality."
16157,F minor,95,"The chord sequence consistently revolves around F:min, with a functional progression including C:min, C#:maj (interpreted as Db major), and Eb:maj, which is characteristic of the key of F minor. The recurring F#:maj chords represent the Neapolitan (bII) chord, further supporting this harmonic analysis."
16241,Bb minor,95,"The chord progression consistently alternates between Bb minor and Ab major, which corresponds to a standard i-VII movement in the key of Bb minor. The chroma activations reinforce this, with strong representation of the notes found in the Bb minor scale."
16242,D minor,85,"The chord sequence is dominated by D minor, which acts as the tonic, supported by C major and G major. The chroma activations showing high peaks on D and A further reinforce D minor as the tonal center."
16248,B minor,75,"The chord sequence is clearly centered on B, with B minor being the most frequently occurring chord throughout the duration of the track. The inclusion of D major, which is the relative major key of B minor, further supports B minor as the tonal center."
16343,C major,98,"The chord sequence consists almost entirely of a C major chord, which strongly establishes C major as the tonic. The chroma profile further supports this with the highest activations at C and G."
16354,Eb minor,95,"The chord sequence consists almost entirely of an Eb minor chord. The chroma activations confirm this with the highest values concentrated at D# (enharmonic to Eb) and A#, which are the root and fifth of the Eb minor chord."
16392,A major,20,"Due to the absence of chord data, the key was determined solely from the chroma activations. The prominence of A, E, B, and F# strongly suggests A major, although confidence remains low due to the lack of harmonic context."
16650,F minor,90,"The chord sequence is dominated by F minor, with frequent use of Ab major and Bb major, which are standard chords within the key of F minor. The sustained duration of the F minor chord and the chroma activations, which highlight F, G#/Ab, and G, strongly support F minor as the tonal center."
16651,F minor,75,"The chord sequence is dominated by an F minor 7 chord, which is the most reliable indicator of the key. While the chroma activations show strong energy in C and G, which might suggest a relationship to C minor, F minor remains the most direct interpretation based on the chord provided."
16652,G minor,75,"The chord progression frequently features G minor, C major, F major, and Bb major, which is characteristic of the G minor or G Dorian tonality. Although G major chords appear earlier in the song, the overall harmonic movement and the conclusion on G minor strongly point to G minor as the tonic."
16655,D major,85,"The chord sequence is dominated by A major, E minor, and B minor, which are all diatonic to the D major scale (functioning as V, ii, and vi chords respectively). The frequent use of E minor and A major is characteristic of the ii-V progression in D major, and the final E major chord acts as a secondary dominant (V/V) that reinforces the tonal center of D major."
16657,A minor,90,"The chord sequence consists primarily of alternating A minor and D major/dominant chords, which is a common progression in the key of A minor (often using the Dorian mode). The chroma activations, which show a strong emphasis on A, C, and D, further support A minor as the tonal center."
16673,C minor,65,"The chord sequence is dominated by the C minor chord, and the chroma profile shows strong activations for C, D, and D#, which are key notes in the C minor scale. The progression Bb-Cmin-F is common in the key of C minor, where it functions as VII-i-IV."
16690,Ab major,75,"The chord sequence heavily features the Ab major chord as a consistent anchor, and the chroma profile shows a significant peak at G#/Ab, which strongly supports Ab major as the tonic, despite the presence of chromatic chords like E major and F# major."
16692,E minor,85,"The chord progression is centered around E minor, which appears most frequently and acts as the tonal home. The other chords—G, D, A, B minor, and C—are consistent with the key of E minor or its Dorian mode, and the cadence structure at the end strongly supports E minor as the tonic."
16695,Bb major,75,"The chord progression is dominated by Bb:maj, which serves as the primary harmonic anchor throughout the clip. Despite the significant presence of chromatic chords like B:maj and F#:maj, the chroma profile and the sustained usage of Bb suggest Bb major is the tonic."
16696,E major,95,"The chord sequence is dominated by E major, with supporting chords A major and B major, which are the IV and V chords in the key of E major. The chroma profile further supports this with E as the most prominent note."
16697,C# major,90,"The progression is centered heavily on C# major, which appears frequently throughout the sequence. The recurring use of B major and A major chords functions as a mixolydian or rock-style harmonic movement (bVII and bVI) relative to the C# tonic."
16699,E minor,85,"While the song begins with chords pointing towards A major, the latter half of the sequence establishes a clear harmonic focus on E minor, with prominent usage of E minor, G major, B major, and C major chords."
16702,C# major,85,"The chord sequence is heavily centered on C#, with frequent movement between C# major and C# minor, and the inclusion of related chords like A major, F# major, and B major. The chroma peak at C# further supports C# as the clear tonal center."
16703,F# major,90,"The chord sequence consistently oscillates between C# major (the V chord) and F# major (the I chord), strongly indicating F# major as the tonal center. The inclusion of B major (the IV chord) further supports this functional progression, and the chroma activations, which peak at F# and C#, provide additional evidence for this key."
16983,D major,80,"The chord progression frequently centers on D major, which appears as the tonic with support from its dominant, A major. Although there are chromatic chords like C major and B major, the heavy reliance on D major and the primary chroma peak at D point strongly toward D major as the key."
17132,A major,95,"The chord sequence is clearly centered around the A major chord, which appears frequently throughout the piece. Supporting chords such as D major and E major, which are the subdominant and dominant chords in the key of A major, are also prominently featured, and the chroma peaks at A and E further reinforce this assignment."
17133,F# major,90,"The chord sequence consists primarily of alternating C# major and F# major chords, which function as the dominant (V) and tonic (I) in the key of F# major. This strong harmonic V-I relationship makes F# major the most likely key."
17327,E major,85,"The chord sequence consists of B, E, Ab, and C# major chords, which can be interpreted as a V-I-III-VI progression in E major, where Ab is an enharmonic spelling of G# major (the secondary dominant of the vi chord, C# minor). The prominence of E in the chroma activations further supports E major as the tonic."
17328,D major,85,"The sequence is strongly centered around the chords D major and A major, which serve as the tonic and dominant chords of D major. While there are some sporadic occurrences of Ab:maj, these appear to be recognition errors or chromatic colorings, as the majority of the harmonic movement is diatonic to the key of D major."
17355,D major,60,"The chord sequence includes D major and A major chords, which are the I and V chords in the key of D major, respectively. The chroma activations are somewhat noisy but generally consistent with the D major scale, supporting this key assignment despite the limited harmonic information."
17364,A major,85,"The chord sequence consists of a consistent alternation between A major and D major. Given that A is the most prominent chroma and the presence of G# (the leading tone of A major) is higher than G, A major is the most likely tonic, with the progression functioning as a I-IV oscillation."
17439,C# major,75,"The chord sequence is heavily centered on C# major, which appears frequently and for long durations, establishing it as the tonic. While there are chromatic shifts to chords like D major, E major, and C major, these likely reflect a non-functional or chromatic harmonic progression common in some rock genres rather than a formal modulation."
17524,A major,95,"The chord sequence is dominated by frequent repetitions of A, D, and E chords, which constitute the I, IV, and V chords in the key of A major. The chroma activations are also consistent with this, showing high prominence for the tonic (A) and dominant (E) notes."
17571,E minor,95,"The chord sequence heavily features E minor, B7 (the dominant), and G major (the relative major), which are all foundational to the key of E minor. The chroma activations further support this, with high values for E, G, B, and F#, which are the core notes of the E minor scale."
17576,C major,90,"The chord sequence is heavily dominated by C major and G major, which strongly establishes C major as the tonic. While there are excursions to A major, C minor, and Eb major, these represent brief harmonic diversions within a clearly defined C major context."
17589,B minor,90,"The chord progression is dominated by B minor, G major, A major, and D major, all of which are diatonic to the key of B minor. Additionally, the chroma activation shows a strong concentration on the note B, providing further evidence that B minor is the correct tonal center."
17595,C# minor,95,"The chord sequence is heavily centered on C# minor, appearing as the most frequent chord throughout. Additional chords like A major, B major, and F# minor are diatonic or common extensions in the C# minor key signature. The chroma activations are also consistent, showing high values for the notes of the C# minor triad."
17601,D major,95,"The chord sequence consists primarily of D, G, and A, which function as the I, IV, and V chords in the key of D major. This is a very common and clear harmonic progression that strongly establishes D major as the tonic."
17602,F# major,95,"The chord progression is consistently built around the F# major, B major, and C# major chords, which correspond to the I, IV, and V chords in the key of F# major. The chroma activations showing strong peaks at F# and C# further confirm this key center."
17603,D major,95,"The chord sequence consists primarily of D, G, and A chords, which correspond to the I, IV, and V chords in D major. The presence of D minor chords can be interpreted as a modal mixture (iv) common in this key, and the chroma activations strongly peak on D and A, the tonic and dominant of D major."
17831,G major,95,"The chord progression is dominated by G major, with frequent occurrences of C major (IV) and D major (V) chords, which are the primary chords in the key of G major."
17839,B minor,95,"The chord sequence is overwhelmingly dominated by B minor, which appears for the vast majority of the 60-second duration. The chroma analysis also shows a significant peak at B, reinforcing B minor as the clear tonal center."
17845,B minor,95,"The chord sequence is dominated by B minor, which appears for nearly the entire duration of the clip. The presence of E minor as a brief passing chord is consistent with the subdominant (iv) in the key of B minor, and the chroma profile shows strong activations for the notes B, D, and F#, which are the tonic, minor third, and fifth of the B minor scale."
17992,Eb minor,85,"The song predominantly utilizes a progression of Eb minor, C# major, and Bb7, which establishes Eb minor as the home key. Towards the latter part of the sequence, the harmony modulates to the relative major, F# major, supported by the final progression of F# major and B major chords."
18101,E major,95,"The chord sequence heavily features E, B, and A chords, representing the I, V, and IV chords in E major. The chroma activations are consistent with this analysis, showing high peaks for E, B, G#, and A, which all belong to the E major scale."
18104,E major,95,"The chord sequence consists primarily of E, A, and B chords, which correspond to the I, IV, and V chords in the key of E major. This functional progression is supported by the chroma activations, which show strong values for E and B, confirming the key."
18113,A major,85,"The chord sequence consists almost entirely of A major and E major, which is a classic I-V progression in the key of A major. While the chroma activations are somewhat ambiguous with high values in F and F#, the chord progression is highly consistent and provides the most definitive evidence for the key."
18140,A major,75,"The chord sequence is heavily anchored around A major and D major, which are the primary chords in the key of A major. Despite a chaotic middle section with chromatic elements and potentially misidentified chords, the framing with A and D, combined with strong chroma activations on A and E, supports A major as the tonal center."
18141,E major,95,"The chord sequence relies heavily on E, A, B, and C# minor chords, which constitute the primary chords of the E major scale. The repetitive structure strongly indicates E major as the tonal center."
18142,D major,85,"The chord sequence is dominated by D major chords, which occur frequently and for long durations. The accompaniment of A major and C major chords is characteristic of a D Mixolydian or blues-rock progression, where C major functions as the flat-VII chord."
18307,B minor,75,"The chord sequence is centered around B minor, utilizing F# minor and C# minor as common diatonic chords, with B major and C# major acting as borrowed or secondary dominant chords. The chroma profile reinforces this with strong activations for B and C#."
18347,F major,35,"The harmonic progression is highly chromatic and does not adhere to a consistent diatonic structure, making a clear key identification difficult. However, the prominent use of F major and C major chords, combined with chroma activations highlighting C, F, and A, points to F major as a plausible, if unstable, tonal center."
18383,B major,95,"The chord sequence is dominated by B, E, and F# chords, which function as the tonic, subdominant, and dominant in the key of B major. The inclusion of chords like Ab minor and C# minor aligns well with this key, and the chroma activation profile supports this analysis."
18384,A major,95,"The chord sequence frequently features A major as the tonic, with secondary chords such as E major (the dominant), F# minor/major, and C# minor, which are all characteristic of the A major scale. The chroma analysis also reinforces this with high activations for A, C#, and E."
18394,E major,85,"The chord sequence oscillates between A major and B major, which commonly function as the IV and V chords in the key of E major. The addition of the F# minor chord (the ii chord) further supports E major as the tonal center."
18584,D major,95,"The chord sequence is heavily dominated by the D major chord, with occasional appearances of the G major chord, which functions as the subdominant (IV) in the key of D major. This strong reliance on the I chord, supported by the chroma activation peak on D, confirms the key as D major."
18586,C major,95,"The chord sequence is almost entirely a single C major chord for the duration of the track, which is the strongest indicator of the tonal center. The chroma activations support this conclusion, showing the highest activation at the note C."
18599,B minor,20,"Due to the absence of chordal information, the key was inferred solely from the chroma distribution, which shows a significant presence of notes consistent with the B minor scale."
18603,F major,90,"The chord sequence is dominated by frequent alternations between F and Bb chords, which are the tonic and subdominant chords in the key of F major. The presence of a C:7 chord confirms this key, as it acts as the dominant (V) chord in F major."
18616,D major,95,"The chord progression is dominated by D major, B minor, G major, and A major, which are all diatonic chords within the key of D major. Additionally, the chroma activations show a strong emphasis on D, which further supports this key identification."
18636,C# major,95,"The chord sequence follows a vi-IV-I-V pattern (Bb minor, F# major, C# major, Ab major), which is a common progression in the key of C# major. The chroma activations also show high values for notes consistent with the C# major scale."
18642,Eb major,95,"The chord sequence consists primarily of Eb major, Ab major, and Bb major, which correspond to the I, IV, and V chords in the key of Eb major. The chroma activations are consistent with this analysis, showing prominent peaks for notes that belong to the Eb major scale (Eb, G, Ab, and Bb)."
18683,E minor,95,"The chord sequence consists almost entirely of oscillations between E minor and B major, representing a clear i-V harmonic structure in E minor. The chroma profile further supports this with strong activations of E and the leading tone D#, confirming the key."
18691,Ab major,85,"The chord sequence features multiple instances of a ii-V-I progression (Bb minor, Eb major, Ab major), which strongly suggests Ab major as the tonic. The chroma data further supports this, showing significant activations for Ab, Bb, and Eb, which correspond to the primary harmonic components of this key."
18694,Ab major,60,"The chord sequence consists of an Eb:7 followed by Ab chords, which suggests a V-I harmonic progression in the key of Ab major. The chroma profile confirms this with significant energy in G# (enharmonic Ab) and C, further supporting Ab major despite the large portion of unrecognized chords."
18710,A major,85,"The chord sequence is dominated by repeated cycles of A major, F major, and E major. These chords, combined with the chroma activations (showing high presence of A, G#, and F), strongly point to A as the tonic in A major, likely utilizing an A-F-E progression often associated with Phrygian or chromatic mediant relationships."
18712,F major,90,"The chord sequence consistently features F major, C7, and G7, which are standard chords for the key of F major. The chroma profile, with high activations for F and C, supports this interpretation."
18713,Eb major,95,"The chord sequence consists primarily of Eb major, Bb major, and F chords, which are consistent with an Eb major tonality. The chroma profile further supports this with significant activations at the frequencies corresponding to Eb, Bb, and F."
18715,Bb major,95,"The chord sequence consists primarily of Bb major, Eb major, G minor, and F major, which correspond to the I, IV, vi, and V chords in the key of Bb major. This is a very common functional progression that strongly establishes Bb major as the tonic."
18742,B minor,95,"The chord sequence is dominated by B minor, E major, and F# major, which function as the i, iv, and V chords in B minor. The highest chroma activation is B, which strongly reinforces the choice of B as the tonic."
18743,C major,95,"The chord sequence consistently utilizes C major, G major, A minor, and F major, which are all diatonic chords within the C major scale. The inclusion of E major chords serves as a common secondary dominant resolving to A minor, further reinforcing the key of C major."
18744,E major,95,"The chord sequence primarily oscillates between E major and A major chords, which functions as a I-IV progression in the key of E major. The chroma activations, which show strong peaks at E, G#, and B, further confirm the E major tonality."
18745,C major,95,"The chord sequence exclusively utilizes C major, A minor, and F major chords, which are the I, vi, and IV chords in the key of C major. This progression is highly characteristic of the key of C major, and the chroma profile, with strong activations for C, E, G, A, and B, provides further confirmation."
18746,A minor,85,"The harmonic content oscillates primarily between A (minor and major) and D chords, establishing A as the tonal center. Given the prevalence of D minor, A minor is the most suitable key label, despite some modal variations in the latter half of the sequence."
18747,G major,75,"The chord progression frequently centers on G major, which also corresponds with the highest chroma activation (G). The frequent use of Eb major, C minor, and C major acts as chromatic movement and modal mixture surrounding this stable G tonal center."
18751,A major,95,"The chord progression is dominated by A, D, and E chords, which are the tonic, subdominant, and dominant chords in the key of A major. The chroma activations align with this, showing a strong emphasis on A, as well as significant values for other key scale degrees like E, B, and G#."
18753,B minor,95,"The harmonic progression is heavily centered on B minor, alternating frequently with E minor. The presence of F# major chords throughout, which acts as the dominant to B minor, confirms the key. The chroma activations strongly support this, with B being the most prominent pitch."
18803,F# major,55,"The chord sequence contains F# major and C# major, which function as the tonic and dominant chords in the key of F# major. Although the sequence is sparse and includes a non-diatonic G major chord, F# major serves as the most plausible harmonic center given the available information."
18823,E major,85,"The harmonic progression consistently alternates between E major/maj7 and A minor/min7 chords, strongly establishing E as the tonal center. The chroma activations reinforce this by highlighting E, A, B, and C, which are consistent with the presence of an E major triad and a borrowed A minor chord."
18887,A minor,85,"The chord sequence consistently revolves around the A minor chord, which is the most frequent chord throughout the track. The accompanying C major and B minor chords are compatible with the A minor tonal center, and the chroma activations (highlighting A, E, and C) further reinforce A minor as the tonic."
18888,E minor,95,"The chord sequence is heavily dominated by E minor and E minor 7 chords, which account for the vast majority of the song's duration. The chroma profile, featuring significant activations at E, G, and B, strongly aligns with the tonic and harmonic components of an E minor key."
18891,G major,90,"The chord sequence consistently alternates between G major and E minor. Given that G major functions as the primary chord in this progression, it is highly likely to be the tonic in the key of G major."
19070,C major,85,"The chord sequence consists primarily of C major, F major, and D minor chords, all of which are diatonic to the key of C major. While the D minor chord is significantly present in the latter half of the clip, the consistent use of the C major chord as an anchor throughout the progression strongly points to C major as the tonal center."
19207,Eb major,95,"The harmonic progression is dominated by a consistent alternation between Eb major and Ab major, which functions as a I-IV progression in the key of Eb major. The chroma profile further confirms this, showing high activations for the notes Eb, G, Ab, and Bb, all of which are essential components of the Eb major scale."
19246,F# major,80,"The progression is strongly centered on F#:maj, which acts as the tonic chord. B:min and C#:maj function as the iv and V chords within the key of F# major, respectively. The brief C:maj chord is considered an outlier or recognition error given the heavy emphasis on F#."
19250,G minor,85,"The chord sequence is heavily dominated by G minor, D major, and Bb major, which represent the i, V, and III chords in the key of G minor respectively. The chroma profile further supports this with strong activations for D, G, A, and Bb, all of which are essential notes in the G minor scale."
19252,G minor,85,"The chord sequence consistently relies on G minor as the central tonality, frequently utilizing the dominant chord D major and the submediant Eb major, which are characteristic of G minor. While there is significant chromaticism and interplay between G minor and G major chords, the harmonic structure remains grounded in the G minor key."
19253,B major,90,"The chord sequence is characterized by B major chords, and the chroma profile shows a very high peak at B, which clearly identifies it as the tonic of the key."
19254,B major,95,"The chord sequence is overwhelmingly dominated by the B major chord, which serves as the stable tonic throughout the piece. The other chords, such as E minor and C major, function as modal interchanges or chromatic passing chords rather than establishing a different key."
19255,B minor,85,"The chord sequence is heavily anchored around B minor, utilizing F# major as the dominant, which is characteristic of the key of B minor. Frequent occurrences of D major and G major reinforce this tonal center, despite the presence of non-diatonic chords like Bb major and E major."
19256,D minor,95,"The harmonic progression is heavily centered around D minor, using chords like D minor, G minor, A major, and Bb major, which are common in this key. The chroma activations reinforce this conclusion, with high values for D, A, F, and Bb."
19257,D minor,90,"The chord progression is centered on D minor, frequently utilizing the tonic (D minor), dominant (A major), and subdominant chords (Bb major and G minor). While there are some D major chords, the overall harmonic structure strongly indicates a D minor tonality."
19260,D major,80,"The chord sequence is anchored by a significant 30-second duration of the D major chord, which strongly indicates D as the tonal center. While there are frequent modal interchanges between D major and D minor chords, along with chromatic chords like Eb major, the overall harmonic movement and the presence of the dominant A major chord support D major as the key."
19261,A minor,90,"The chord sequence is dominated by alternating E major and A minor chords, which is a classic harmonic cadence in A minor. The chroma activations further support this, with prominent values for A, B, C, E, and G# (the leading tone in A harmonic minor)."
19264,D minor,95,"The chord sequence is dominated by a D minor chord for the vast majority of the duration, with a brief G minor chord. This clearly establishes D minor as the tonic, a conclusion reinforced by the chroma profile which shows high activation for D, F, and A."
19297,D major,90,"The song is dominated by the D major chord, with a recurring D-C-G progression, which is characteristic of the D Mixolydian mode, typically classified as D major."
19322,D major,85,"The chord progression is centered on D major, utilizing G, A, and C major chords, which is characteristic of the D Mixolydian mode. The high chroma activations for D and A further support D as the tonal center."
19323,D major,95,"The progression features the chords A major, D major, B minor, and E minor, which correspond respectively to the V, I, vi, and ii chords in the key of D major. All these chords are diatonic to the D major scale, and the chroma activations strongly support this tonal center."
19392,Bb major,90,"The chord sequence is heavily anchored by the Bb major chord, which appears frequently and for the longest total duration. The accompanying chords, such as Eb major, G minor, and C minor, are all diatonic to the key of Bb major, and the high chroma activation for A# (Bb) provides additional confirmation."
19397,A major,85,"The chord progression primarily uses A, G, and D chords, which creates a strong sense of A major, often with a Mixolydian flavor due to the frequent use of the G major chord. While some chords like F major and C major appear, the repetitive usage of A as a resting point confirms it as the likely tonic."
19424,C# minor,90,"The chord sequence is heavily dominated by C# minor, which accounts for the majority of the duration. The additional presence of A major is consistent with the VI chord in the key of C# minor, and the chroma activations also show a strong peak at C#."
19426,A minor,85,"The chord progression frequently centers around A minor and G major, with alternating D minor and D major chords. The chroma peaks on A, G, and F# are consistent with the A Dorian mode, confirming A minor as the most likely key."
19440,E major,85,"The chord sequence consists of an oscillation between E major (including E7) and B minor. Given that E major chords, particularly the long-sustained E7, function as a stable tonal center, this piece is likely in E Mixolydian. The chroma data, which shows high activations for E and B, further supports E major as the tonic."
19443,F# minor,90,"The chord sequence is dominated by the F# minor chord, which appears for the vast majority of the duration. The addition of the A major chord, the relative major of F# minor, further solidifies the tonal center, and the chroma activations are consistent with the F# minor scale."
19539,G major,85,"The chord progression frequently alternates between G major and E minor, which are relative keys. Given the prominence of G major chords throughout the sequence and the chroma values (G, E, B being the highest), G major is the most likely tonic."
19637,F major,75,"The chord sequence primarily oscillates between D minor and F major, which are relative keys. Given that the sequence spends more time on and concludes with an F major chord, F major is the most likely tonal center, further supported by the prominent chroma activations for F and C."
19638,C minor,85,"The chord sequence is dominated by a repeated alternation between C minor and C major, with frequent use of the Ab major chord (the bVI in C minor) and F minor, strongly suggesting a C tonal center. The prominent chroma activations for C, G, and Ab further confirm the key of C minor."
19639,F minor,95,"The chord sequence consists almost entirely of an F minor chord, making it the clear tonic. This is further supported by the chroma activations, which show F as the most prominent pitch class."
19649,E minor,90,"The harmonic progression is clearly centered on E, with strong evidence for E minor due to the frequent movement between the submediant (C major) and the dominant (B major), both of which resolve or relate to E minor. The chroma activations confirm this, showing high prominence for the B, C, and E notes, all of which are central to the E minor scale."
19658,G major,80,"The chord sequence strongly revolves around G, utilizing both G:major and G:minor chords. The presence of a C:major chord, functioning as a IV chord, suggests G major, with the other chords likely representing modal mixture."
19668,Ab minor,90,"The chord sequence consists primarily of a repetitive i-VII-VI progression using Ab minor, F# major, and E major chords. Although the initial chord is labeled Ab major, the subsequent consistent use of Ab minor and the chroma activations strongly support Ab minor as the key."
19670,D major,95,"The chord sequence consists almost entirely of D major and A major chords, which act as the tonic and dominant chords in the key of D major. The chroma activations also strongly support this, showing significant activity on the notes D and A."
19671,B minor,85,"The chord sequence consistently revolves around B, with Bm being the most frequent chord. The chroma activations show a higher prominence of D over D# and A over A#, which supports the minor quality of the key rather than major. The progression frequently utilizes Bm, E, and A, which are common chords in the key of B minor."
19680,A minor,95,"The chord sequence relies heavily on A minor, D minor, E minor, G major, F major, and C major, all of which are diatonic to the A minor scale. The chroma profile further supports this with significant activations for A, G, and B, consistent with the A minor tonality."
19683,C major,95,"The chord sequence is dominated by C major with a brief G major chord, which strongly establishes a tonic-dominant-tonic relationship in the key of C major."
19684,Ab major,95,"The chord sequence is dominated by an Ab major chord throughout the sample, which is strongly supported by the chroma profile showing high activations at G# (Ab) and D# (Eb)."
19705,F minor,90,"The chord sequence is overwhelmingly centered around F minor, which appears repeatedly throughout the sample. The presence of Ab major and C major further supports F minor as the home key, representing the relative major and the dominant chord in the harmonic minor scale, respectively."
19707,G major,95,"The chord progression alternates between G major and D major, which are the tonic and dominant chords of G major. The chroma distribution with peaks at G and F# further confirms this key."
19708,C major,40,"Despite a large portion of the song being labeled as N, the recognizable chords are dominated by C major. The chroma profile is ambiguous with high activations for both C and C#, but C major remains the most plausible interpretation based on the identified chord segments."
19718,F# major,75,"The chord sequence is dominated by F#, B, and C# chords, which strongly suggest a key of F# major. The frequent use of F# minor chords is common in rock and pop music as a form of mode mixture, and the chroma profile supports the tonal center of F#."
19720,Eb minor,90,"The chord sequence is overwhelmingly dominated by an Eb minor chord, which defines the tonal center for the vast majority of the song. The concluding chord progression, consisting of B major, C# major, and Eb major, functions as a common cadence or modal interchange within the context of an Eb minor key."
19721,F major,75,"The chord sequence is heavily anchored around F major, which appears frequently throughout the piece and is supported by the highest chroma activation. Although there are chromatic movements involving G major and C# major, they repeatedly resolve back to F major, suggesting it as the tonal center."
19722,B major,90,"The chord sequence frequently uses B, E, F#, and A major, which strongly indicates a tonal center of B. The use of A major as a flat-VII chord is a common modal borrowing in B major, and the chroma data supports this with significant activations for B, E, F#, and A."
19724,G major,85,"The chord sequence is heavily dominated by the G major chord, which, combined with the D minor and F major chords, suggests a G Mixolydian tonality. Given the requirement to choose between major or minor, G major is the most appropriate label for this G-centered harmonic context."
19726,Ab major,85,"The chord sequence consists primarily of F minor, Db major (labeled here as C# major), Ab major, and Bb minor, all of which are diatonic to the key of Ab major. The frequent occurrence of the Ab major chord alongside the Db major chord strongly points to Ab major as the tonal center."
19741,Bb minor,85,"The chord sequence spends significant time in Bb minor, and the chroma activations strongly support this with high values for the tonic (Bb/A#), third (Db/C#), and minor seventh (Ab/G#) notes of the Bb minor scale. Despite some chromaticism and chord shifts later in the clip, these consistent harmonic markers make Bb minor the most likely tonic."
19742,Bb minor,80,"The chord sequence frequently returns to Bb in both major and minor forms, and the presence of Eb minor, Gb major (labeled as F# major), and Ab major strongly points towards Bb minor. The high A# (Bb) and F chroma activations provide additional support for Bb as the tonal center."
19757,G minor,90,"The chord sequence consists primarily of a repeating G minor, Bb major, and C major progression, which strongly suggests G minor (or G Dorian mode). The chroma activations also show a clear prominence of G, supporting G as the tonic."
20013,A minor,20,"The chord sequence provides no usable information, so the key was inferred solely from the chroma activations. The prominent presence of A and E suggests A as the likely tonic, and A minor was selected as a probable key center given the tonal ambiguity."
20033,A minor,20,"Since the chord recognizer provided no usable harmonic information, the key was determined primarily by analyzing the chroma distribution. The distribution is relatively flat, but the prominence of A, D, B, and C supports A minor as a reasonable, albeit low-confidence, guess."
20044,F major,10,"The chord sequence consists only of 'N' labels, providing no harmonic information. The chroma activations show F as the most prominent note, so F major was chosen as a tentative key, though the confidence is extremely low due to the lack of musical data."
20052,D major,95,"The chord progression consists of D major, G major, B minor, and E minor chords, which are all diatonic to the D major scale. The chroma activations are also consistent with this, showing D as the most prominent pitch along with other notes from the D major scale like A, G, and E."
20053,C major,95,"The chord progression is dominated by repeated alternations between C major and F major, with a brief G major, which is a textbook I-IV-V progression in C major. This tonal center is further confirmed by the chroma activations, which show the strongest peaks at the notes C, F, and G."
20055,B major,95,"The chord sequence is dominated by B, E, and F# major chords, which function as the I, IV, and V chords in the key of B major. The chroma profile, with strong activations for B, E, and F#, provides further confirmation of this tonal center."
20123,D major,95,"The chord sequence is heavily dominated by a D major chord, with additional chords like G major and A major representing the IV and V of the key of D major. The chroma profile also strongly aligns with the notes D, F#, and A, which are the tonic triad of D major."
20124,G minor,90,"The chord sequence is heavily anchored in G minor, which appears with the longest durations and serves as the foundation of the progression. The other chords, such as Bb, C minor, D minor, and the chromatic Ab major, fit well within the harmonic language of G minor, and the high chroma activations for G and D further support this tonic."
20129,A major,95,"The chord sequence consists almost entirely of alternating A major and E major chords, which are the I and V chords in the key of A major. The chroma activations support this with high values for A, E, B, and G#, which are all strong components of the A major tonality."
20152,B major,90,"The chord sequence consists primarily of B major and F# major chords, which are the tonic (I) and dominant (V) in the key of B major. The chroma activations are also consistent with this key, showing elevated values for notes belonging to the B major scale, particularly F# and C#."
20206,Ab major,75,"The chord progression frequently centers around Ab:maj, and the ii-V-I sequence (Bb:7, Eb:7, Ab:maj) strongly suggests Ab major as the tonic. Although there are some non-diatonic chords present, such as E:7 and C#:maj, the overall harmonic focus and chroma activations strongly support an Ab major key center."
20210,C major,90,"The chord sequence consists entirely of chords found in the C major scale, specifically C major, G major, A minor, and F major. While A minor appears frequently, the progression centers around the C major chord, identifying it as the tonic."
20227,E major,75,"The harmony frequently oscillates between E major and A major, indicating a strong E major tonic center. Although there are chromatic passages (including C major and the final chromatic descent), the overall harmonic structure and chroma activations (with prominent E, G#, and B) consistently point to E major."
20229,G major,80,"The chord sequence consists of E minor, G major, and C major, which is a common vi-I-IV progression in the key of G major. The chroma profile, with strong activations for G and B, reinforces the choice of G major as the tonic."
20230,E minor,95,"The chord sequence is heavily dominated by E minor, which appears for the vast majority of the song's duration. The chroma profile further supports this with high activations on E and G, which are key notes in the E minor triad."
20256,B minor,95,"The chord progression is centered on B minor, frequently utilizing diatonic chords such as D major, G major, and A major, with F# major functioning as the dominant V chord. The chroma activations are consistent with the B minor/D major scale, further supporting this conclusion."
20263,A major,95,"The chord sequence consists primarily of A major, F# minor, and D major, which are the I, vi, and IV chords of the A major scale, respectively. The chroma activations also strongly highlight A and F#, further confirming A major as the tonic."
20265,Ab major,95,"The chord sequence consists primarily of Ab major, Eb major, and Bb minor chords, which function as the I, V, and ii chords in the key of Ab major. This consistent functional harmonic progression strongly establishes Ab major as the tonal center."
20266,F# major,85,"The chord sequence frequently returns to F# major, which acts as a clear tonic. While there are non-diatonic chords like Ab major and minor present, these can be interpreted as secondary dominants or modal borrowings, which is common in many contemporary genres."
20432,B major,90,"The chord sequence primarily oscillates between B major and E minor, with B major having a significantly longer duration, strongly suggesting it as the tonic. The chroma activations reinforce this, showing high values for the tonic (B) and the dominant (F#) along with the E (the iv chord) in the B major scale."
20434,Eb major,85,"The chord sequence consists of a steady alternation between Eb major and C minor. As these are relative keys, the harmonic content is ambiguous, but Eb major is the relative major and serves as a strong candidate for the tonic. The chroma activations support this collection of pitches."
20565,G major,95,"The chord progression is dominated by G, D, C, Am, and Em, which are all diatonic chords within the G major scale. Both the prevalence of the G major chord and the chroma activations (which highlight notes within the G major scale like G, D, A, and E) strongly support G major as the tonic."
20690,F minor,75,"The chord sequence is dominated by F minor, often alternating with C minor, which functions as the dominant chord in the key of F minor. This harmonic relationship, along with the chroma activations, makes F minor the most likely key."
20761,Eb minor,90,"The chord sequence is consistently anchored by Eb minor, which appears most frequently and acts as the harmonic center. The other chords, such as C# major (enharmonically Db major), Ab major, Bb minor, and F# major (enharmonically Gb major), are all highly compatible with the Eb natural or harmonic minor scale."
20824,B minor,75,"The chord progression is frequently centered around B minor and C# minor, with B minor being the most prominent chord by duration. The presence of A major and E major also supports a B minor tonality, which is a common key for this harmonic structure."
20826,C major,5,"The chord sequence consists entirely of 'N', providing no functional harmonic information. In the absence of actionable data, C major is selected as a default, based on the slightly higher activations of C and F in the chroma distribution."
20934,A major,95,"The chord sequence consists primarily of A major, accompanied by D major and E major chords, which forms a clear I-IV-V progression in A major. The chroma activations also show strong support for this tonal center with significant activity on A, E, and B."
21011,A minor,85,"The chord sequence is heavily centered around A minor, which acts as the primary harmonic anchor throughout the track. While there are several recurring non-diatonic chords like Eb major and D major, these are likely chromatic embellishments or modal exchanges common in this genre. The high chroma activation for A further supports this analysis."
21014,D major,90,"The song is dominated by a single D major chord throughout its duration. This, combined with high chroma activations for the notes D, F#, and A, strongly suggests a key of D major."
21064,F minor,85,"The chord sequence is heavily centered around F minor, frequently employing the i (F minor), VI (C# major/Db major), and iv (Bb minor) chords, along with a C7 (V7) chord indicating a strong functional relationship. Although there are some harmonic excursions, the prevalence of these chords and the strong return to F minor throughout the piece confirm this as the primary key."
21065,Bb minor,90,"The chord sequence relies heavily on Bb minor and F minor, with additional chords such as Ab major, C# major, and F# major all functioning within the key of Bb minor. The chroma activations are also well-distributed across the notes of the Bb minor scale, providing strong evidence for this tonic."
21083,G major,95,"The chord sequence primarily oscillates between G major (the tonic) and C major (the subdominant), supported by the occasional use of D major (the dominant). The chroma profile also confirms this, showing high activations for G, C, and F#, which are characteristic of the G major scale."
21084,A major,95,"The chord sequence consistently revolves around A, D, and E major, which correspond to the I, IV, and V chords in the key of A major. The frequent use of C# major acts as a common chromatic embellishment in this context, and the chroma activations strongly align with the notes of the A major scale."
21085,F# minor,80,"The chord progression frequently centers around F# minor, which acts as the tonic, and incorporates chords like B minor, A major, and E major that fit well within the F# minor scale. The use of G major as a non-diatonic chord suggests modal mixture, which is common in this musical context."
21086,B major,95,"The chord progression relies heavily on B major, E major, and F# major, representing the I, IV, and V chords in the key of B major. The inclusion of Ab minor (vi) and Eb minor (iii) chords, combined with strong chroma activations for B, E, F#, and G#, strongly confirms B major as the tonic."
21100,Eb major,80,"The chord sequence concludes with a strong cadential progression (Abm7 to Bbmaj to Ebmaj), which acts as a clear iv-V-I cadence in Eb major. The chroma activations also highlight Bb, Eb, and F, which are central to the Eb major scale."
21189,E major,90,"The chord sequence is heavily dominated by E major and A major, which function as the tonic and subdominant in the key of E major. This is further supported by the chroma activations, where E, G#, and B show the highest values, confirming the E major triad as the tonal center."
21202,D major,90,"The chord sequence heavily features E-7 and A7 chords, which act as a ii-V progression in D major. The presence of the Dmaj7 chord and the overall harmonic motion strongly points to D major as the tonal center."
21220,Eb major,85,"The chord sequence is heavily dominated by Eb major, Ab major, and Bb major chords, which establish Eb major as the tonic. While the progression shifts towards C major and its related chords near the end, the duration and frequency of the Eb major tonal area throughout the sequence strongly support Eb major as the primary key."
21260,G minor,90,"The chord sequence consists primarily of G minor and D major, which strongly indicates a key of G minor as it represents a i-V harmonic relationship. The chroma activations align with the notes of the G minor scale."
21298,G major,95,"The chord sequence consists primarily of G major, C major, and D7 chords, which constitute the I, IV, and V chords in the key of G major. The presence of E minor and B minor chords, which are the vi and iii chords in this key respectively, further reinforces G major as the tonal center."
21302,Eb major,95,"The chord progression is primarily built upon Eb major, Ab major, and Bb major chords, which function as the I, IV, and V chords in the key of Eb major. The chroma activations provide strong support for this identification, with the highest values concentrated on the notes Bb (A#), Eb (D#), and Ab (G#), all of which are central to the Eb major scale."
21368,Bb major,85,"The chord sequence consists of F major, C minor, G minor, and D minor, which are all diatonic to the Bb major scale. The chroma profile shows high activations for the notes belonging to this scale, particularly A, C, G, and Bb, confirming this harmonic context."
21378,D minor,95,"The chord sequence consists primarily of D minor, G minor, Bb major, F major, and C major, all of which are diatonic to the D natural minor scale. The chroma activations further support this by showing high energy in the notes D, A, Bb, and C, which are central to the key of D minor."
21379,F# major,90,"The chord sequence consists primarily of F# major, B major, C# major, Ab minor, and Bb minor. These chords correspond to the tonic, subdominant, dominant, supertonic, and mediant in the key of F# major (treating Ab minor as G# minor and Bb minor as A# minor), providing strong evidence for F# major as the tonal center."
21381,Bb major,85,"The chord sequence primarily revolves around Bb major and G minor, which are relative keys. The presence of the C major chord, which functions as a major IV chord, strongly favors Bb major over G minor, as a C minor chord would be expected in the natural G minor scale."
21553,G major,95,"The chord sequence consists entirely of a G major chord sustained for the duration of the sample, which strongly points to G major as the tonic. This is further supported by the chroma activations, which show a clear dominance of G."
21555,A minor,90,"The chord sequence consistently features A minor, F major, C major, and G major, which are all diatonic to the A minor scale. The frequent return to A minor as a point of resolution, combined with strong chroma activations for A, C, and E, strongly supports A minor as the key."
21556,Ab minor,90,"The chord sequence primarily oscillates between Ab minor and E major, which is the VI chord in the key of Ab minor. The presence of C# minor (iv) and F# major (VII) further reinforces this tonal center, as they are all consistent with the Ab minor diatonic scale. The chroma activations align well with this conclusion, showing high peaks for Ab (G#), Eb (D#), and E."
21557,F major,90,"The chord sequence consists primarily of Bb, Dm, C, Am, Gm, and F, which are all diatonic to the F major scale. The harmonic progression is consistent with functional harmony in the key of F major, and the chroma profile aligns well with the F major scale tones."
21559,C# minor,90,"The chord progression prominently features C# minor, A major, E major, and B major, which function as the i, VI, III, and VII chords in the key of C# minor. This harmonic analysis is supported by the chroma activations, which show a strong emphasis on C#, E, and G#, the notes of the C# minor triad."
21617,A minor,95,"The chord progression frequently centers around A minor and utilizes D major and C major, common in A Dorian or natural minor compositions. The use of E7 chords as a dominant leading to A minor confirms the tonic, and the chroma profile is highly consistent with the notes of A minor and A Dorian."
21820,G minor,95,"The chord sequence follows a consistent i-VI-VII pattern (G minor, Eb major, F major), which is a characteristic progression in G minor. The chroma activations strongly support this analysis with prominent peaks at G, Eb, and D, which are central to the G minor scale."
21823,C major,85,"The chord sequence featuring C major, F major, and E minor strongly suggests a C major tonality, as these chords are all diatonic to that scale. The chroma activations reinforce this with significant peaks at C, F, and G, which are the primary tonal centers for C major."
21826,F minor,95,"The chord sequence is dominated by an alternation between F minor and Eb major, with F minor acting as the clear tonal center given its frequent and sustained presence. The chroma activations, which show prominence in F, C, and Eb, are highly consistent with the F minor scale."
21827,D major,95,"The chord sequence D-Bm-G-A followed by recurring D and G chords is a standard I-vi-IV-V diatonic progression in the key of D major. The chroma activations confirm this, with strong peaks at D, F#, and A, which correspond to the tonic triad of the key."
21828,D major,95,"The chord progression is centered around D major, featuring diatonic chords such as D major, G major, A major, B minor, and F# minor. The chroma activations are consistent with the D major scale, showing high values for A, B, F#, and E, which aligns well with the harmonic context provided."
21829,C major,95,"The chord sequence is overwhelmingly centered on C major, with D:min7 serving as a common ii chord in that key. The chroma activations also support this analysis, showing high values for the C major triad notes C, E, and G."
21831,E minor,95,"The chord progression frequently cycles through E minor, D major, C major, and G major, which are diatonic to the E minor scale. The recurrence of E minor as a central chord strongly establishes it as the tonic, supported by the chroma profile containing the notes of the E natural minor scale."
21834,F minor,75,"The chord sequence is centered around F, frequently cycling between F major, F minor, Eb major, and Bb major chords. The chroma profile shows strong activations for notes consistent with an F minor context (F, C, Ab, Eb, Bb), suggesting F minor as the most suitable key label."
21859,C minor,85,"The chord sequence is dominated by C:min, which acts as the primary tonal anchor. The chroma activations also indicate a strong presence of C and G, confirming C minor as the most likely tonic key."
21860,G minor,95,"The chord progression is dominated by G minor and G minor 7th chords, establishing G as the clear tonal center. Supporting chords like F major, Eb major, and D major are typical within the G minor harmony, and the chroma profile confirms G as the most prominent pitch."
21961,E major,20,"In the absence of chord data, the chroma activations were used for key identification. The highest activations (B, G#, D#, and A) are all present in the E major scale, with the notably higher presence of A compared to A# suggesting E major over G# minor."
22058,Bb major,85,"The chord progression is primarily centered around Bb, featuring Bb major, G minor, and the dominant F7, which are highly characteristic of the key of Bb major. The recurring Bb minor chords appear to be a modal interchange rather than a modulation, especially given the supporting chroma activations that favor Bb major."
22059,E major,85,"The chord sequence consists primarily of alternating A major and B major chords, with the inclusion of an F# minor chord. These chords function as the IV, V, and ii chords within the key of E major, making it the most plausible tonal center."
22060,F# major,85,"The chord sequence is dominated by F# major, Eb minor, and C# major chords, which function as the I, vi, and V chords respectively in the key of F# major. The occasional Ab major chord functions as a secondary dominant (V of V) within this tonal context."
22061,Bb major,90,"The chord progression is centered around the I, vi, and V chords (Bb, Gm, F) in the key of Bb major. The presence of the IV chord (Eb) and the bVII chord (Ab) is consistent with common pop-rock harmonic practices in the key of Bb major, and the chroma analysis shows high activations for A#/Bb, which is the tonic."
22062,E minor,85,"The chord sequence is dominated by repeated alternations between E minor and A major, which strongly establishes E as the tonic. This progression is characteristic of the E Dorian mode, often categorized under E minor, as the A major chord functions as a Dorian IV."
22097,Eb major,95,"The chord sequence heavily features Eb major and C minor, which are the I and vi chords in the key of Eb major. The presence of F minor (the ii chord) further supports this tonic. The chroma distribution shows high activations for all the notes present in the Eb major scale, reinforcing this conclusion."
22195,B major,95,"The chord progression frequently utilizes B major, E major, F# major, C# minor, and Ab minor (enharmonic to G# minor), all of which are diatonic to the key of B major. This, combined with the high chroma activation for B, strongly confirms B major as the tonic."
22284,C major,95,"The chord progression is dominated by C major, F major, and G major chords, which are the I, IV, and V chords in the key of C major. The consistent resolution to the C major chord throughout the sequence strongly indicates that C is the tonic."
22285,C major,100,"The chord progression is dominated by the I (C major), V (G major), vi (A minor), and IV (F major) chords, which are characteristic of the key of C major. The chroma activations reinforce this with significant peaks on C, E, and G, which are the primary tones of the C major triad."
22295,F minor,85,"The chord progression is dominated by F minor and Eb major, which are the i and VII chords in the F minor scale. The high frequency of these chords, along with the chroma activations supporting F, C, and Eb, strongly points to F minor as the tonal center."
22311,D major,40,"The chord sequence is highly chromatic and oscillates between D-based chords and C minor, making traditional functional analysis difficult. However, the high prominence of the F# chroma, along with the frequent use of D major as a root, suggests D major as the most plausible key center."
22317,E minor,95,"The chord sequence is heavily centered on E minor, with recurring use of E minor, G major, and C major chords. The chroma profile strongly supports this, showing high activations for E, G, and B, which are the primary notes of an E minor triad."
22318,F minor,90,"The harmonic progression is heavily dominated by F minor and C minor, functioning as the i and v chords in the key of F minor. The final section includes a clear V-i cadence with C major resolving to F minor, confirming the key."
22319,G major,95,"The chord sequence is composed primarily of G, D, and C chords, which represent the I, V, and IV chords in the key of G major. The chroma activations align with this analysis, showing high values for G, D, and C."
22322,C# minor,65,"The chord sequence contains C# minor and Ab major, where Ab major functions as the dominant of C# minor. The chroma activations are consistent with this, showing prominent values for C#, D#, E, and G#, which are key notes in the C# minor scale."
22323,E major,95,"The chord progression is dominated by E major, A major, and B major chords, which correspond to the I, IV, and V chords in the key of E major. The heavy focus on the E major chord as the tonal center, combined with high chroma activation for E, strongly points to E major as the key."
22328,D major,40,"The chord sequence features parallel chromatic motion (Eb major, D major, C# major), making a stable tonal center difficult to define. D major is selected as the key due to its central position in the progression and its alignment with the primary peak in the chroma activations."
22453,C major,10,"The chord sequence provides no information as it consists entirely of unidentified chords. Furthermore, the chroma activations are nearly uniform, indicating no clear harmonic center, so the key assignment is speculative."
22556,D major,95,"The chord sequence is dominated by chords found in the D major scale, including the tonic (D), dominant (A), subdominant (G), and mediant (F#m). The high frequency of these chords consistently points to D major as the key."
22562,D major,90,"The song transitions from an initial brief section in C major into a longer, repeating chord progression (D major, E minor, A major) that clearly establishes D major as the primary key for the majority of the track."
22563,G major,85,"The chord sequence is dominated by G major, C major, and E minor, which are the I, IV, and vi chords in the key of G major. The frequent alternation between G major and C major, particularly at the end, along with the high chroma activation for G, strongly indicates G major."
22576,D minor,95,"The chord sequence consists almost entirely of a D minor chord, which is strongly supported by the chroma activations showing prominent D, A, and F frequencies, matching the D minor triad."
22943,B major,95,"The chord sequence consists entirely of chords found in the B major scale, including B major (tonic), E major (subdominant), C# minor, and F# major. The prominence of the B major chord, particularly at the end, and the high chroma activations for B and E strongly support B major as the tonic."
22954,A minor,65,"The chord progression frequently returns to A minor and A major as anchors and features common chords from the key of A minor such as C major, G major, and F major. Although there is substantial chromaticism, particularly the recurring Eb major chords, the harmonic activity centers around A."
22974,D minor,85,"The chord sequence consistently revolves around D minor and A dominant chords, which indicates a strong D minor tonality. The chroma activations support this with prominent D, A, and F notes. Other chords like Bb7, Ab7, and G major appear as common chromatic elements or non-diatonic substitutions within this key."
22996,F major,85,"The song is centered around F major, which is the most frequently played chord throughout the sequence. The recurring A major chords function as chromatic harmonic color or a secondary dominant, but the clear tonal anchor is F major, supported by the prominent F and A chroma activations."
22997,B major,35,"The repeated occurrence of F#:7 suggests it is the dominant chord (V) in the key of B major. The chroma profile, which highlights the leading tone A#, supports this conclusion despite the large number of unclassified chords."
23011,A minor,90,"The chord sequence (A minor, G major, D major) is characteristic of the A Dorian mode, which functions within the A minor tonality. The chroma data, particularly the strong F# activation relative to F natural, supports the presence of the Dorian sixth, confirming A minor as the most appropriate key label."
23014,F# minor,95,"The chord sequence consists primarily of F# minor, E major, and B minor, which function as i, VII, and iv in the key of F# minor. The progression shifts to include D major, A major, and C# major (the V chord), which is a common progression in F# minor, strongly supporting this key."
23015,E major,95,"The chord progression primarily consists of E major, C# minor, A major, and B major, which represents the standard I-vi-IV-V progression in the key of E major. The chroma activations further support this, showing high prominence for the notes E, G#, A, B, and C#, which are central to the E major scale."
23025,G major,90,"The chord progression is anchored by the G major triad, which serves as the primary harmonic center throughout the track. The inclusion of chords such as C major (IV), D major (V), A minor (ii), and E minor (vi) strongly aligns with the G major scale, and the usage of E major as a secondary dominant to A minor is a common functional variation within this key."
23026,D major,90,"The chord progression is dominated by D major, with A major and B major/minor also appearing frequently. The chroma profile is consistent with this, particularly the high activation for D and D# (the latter being a chord tone in B major)."
23059,D major,95,"The chord sequence consists almost entirely of chords diatonic to the D major scale (D, G, A, Bm, Em, F#m), with D major appearing frequently as the tonal center. The chroma activations also show strong emphasis on D, F#, and A, which are the components of the D major triad."
23060,E major,95,"The chord progression is dominated by E major and includes chords such as A major, B major, and C# minor, which are all diatonic to E major. The chroma profile strongly supports this, with high activations for E and B, confirming E major as the tonic."
23096,F# minor,95,"The chord sequence heavily features F# minor and its associated functional harmony, including the V chord (C#7) resolving to the tonic (F#m) and the iv chord (B minor). The chroma profile, with strong peaks at F#, A, and C#, strongly supports the F# minor tonality."
23107,E minor,95,"The chord sequence is dominated by E minor, C major, G major, A minor, and B7, which is a classic harmonic progression for the key of E minor. Additionally, the chroma activations show high values for E and B, which are the fundamental notes of the E minor tonic triad."
23108,E minor,90,"The chord sequence is dominated by E minor, which persists for a significant portion of the clip. This is further supported by the high chroma activation peak at E, making E minor the most plausible key."
23172,A minor,95,"The chord sequence is dominated by the A minor chord, which appears frequently and for long durations, establishing it as the clear tonal center. The presence of D major and C major chords is consistent with an A minor key context."
23173,A major,90,"The chord sequence oscillates between A major and E minor throughout the song, which clearly centers the harmony around A. This progression is consistent with A mixolydian, a common modal variation where the key center is A major."
23177,E minor,90,"The chord sequence centers on E minor and F major, establishing E as the tonal center. The consistent repetition of E minor suggests that key, while the final E major chord serves as a resolution. The chroma data strongly supports this by showing E as the most prominent pitch class."
23181,A minor,95,"The chord progression is dominated by A minor, with E major acting as a strong dominant (V) chord and F major and D minor serving as common diatonic chords in A minor. The frequent returns to A minor throughout the sequence clearly establish it as the tonic."
23338,B major,95,"The chord progression is heavily grounded in B major, using E major (IV) and A major (bVII) as auxiliary chords. The high chroma values for B and A# further support the conclusion that B is the tonic."
23339,F# major,95,"The chord sequence consists of F# major, C# major, Eb minor, and B major, which correspond to the I, V, vi, and IV chords in the key of F# major. This is a common pop progression, and the chroma activations strongly align with the notes found in the F# major scale."
23340,D major,95,"The chord sequence consists almost entirely of a D major chord, and the chroma activations are strongly dominated by the D pitch class, which points directly to D major as the tonic."
23341,B major,90,"The chord sequence consists of a repetitive cycle of B major, A major, and E major, which is a common progression (I-bVII-IV) in the key of B major. B major appears most frequently and acts as the harmonic anchor throughout the song. The chroma analysis strongly supports this, with high activations for B and A#, the latter being the leading tone of B major."
23342,E minor,75,"The chord sequence features frequent E minor, G major (III), and C major (VI) chords, which are all diatonic to E minor. The presence of F major chords acts as a Neapolitan (bII) chord, a common feature in E minor, and the chroma activation for E is the highest, further supporting E minor as the tonic."
23370,Bb major,95,"The chord progression is dominated by repeated alternations between Bb major and F major, which are the I and V chords in Bb major, respectively. The inclusion of the Eb major (IV) chord further confirms this key, and the chroma activations show high values for F, A#/Bb, and Eb, aligning well with the Bb major scale."
23371,Eb minor,85,"The progression features frequent returns to Eb minor and shares its key signature with its relative major, F# major. The chroma activations are consistent with this key signature, supporting both F# major and its relative minor, Eb minor."
23797,C minor,90,"The chord sequence consists almost entirely of a repeating i-III-VII progression (Cm, Eb, Bb), with C minor appearing most frequently and acting as the tonal center. The chroma analysis also shows a strong emphasis on C, consistent with C minor as the key."
23800,C minor,75,"The chord sequence is dominated by repetitive oscillations between F:min and C:min, strongly suggesting C as the tonal center. While there are some C:maj chords and E-natural chroma activations, the consistent use of F:min (the iv chord) and C:min (the i chord) point to C minor as the primary key."
23808,Eb minor,95,"The chord sequence is dominated by Eb minor, which accounts for the vast majority of the duration. The chroma analysis also highlights D# (the enharmonic equivalent of Eb) as the most prominent pitch, providing strong evidence for Eb minor as the tonic."
23851,A major,90,"The chord progression frequently cycles between A major and F# minor, which are relative keys. Given the prominence and sustained duration of the A major chord, it functions as the tonic of the piece."
23856,C minor,90,"The chord sequence is dominated by repeated occurrences of C minor, Bb major, and G minor, which are all characteristic chords in the key of C minor. The chroma activations further support this, with prominent peaks at C, A# (enharmonic to Bb), and G, aligning strongly with the C minor scale."
23857,C minor,85,"The harmonic progression is characterized by a repetitive alternation between C minor and F major chords. This strongly suggests C minor, likely utilizing the Dorian mode, which incorporates the A natural present in the F major triad."
23859,C minor,45,"The chord sequence consists largely of unidentifiable content, with the exception of a sustained C:min7 chord. Given the scarcity of harmonic information, C minor is the most reasonable deduction based on the single chord present."
23861,G major,70,"The chord sequence consists of a persistent, repetitive alternation between F# major and G major chords. Given that the piece concludes with a sustained G major chord, it functions as the most likely tonal center for the composition."
23862,C minor,95,"The chord sequence consistently features a pattern of C:min, Ab:maj, D:maj, and G:maj, which strongly defines the C minor tonality. The use of D:maj serves as a secondary dominant (V/V) that prepares the V chord (G:maj), a common harmonic device in the key of C minor."
23888,G major,90,"The chord sequence relies heavily on G major, C major, D major, and E minor, which are the I, IV, V, and vi chords of the key of G major. The frequency of the G major chord and the standard cadential patterns found in this progression strongly confirm G major as the tonic."
24014,A major,85,"The chord sequence relies heavily on chords diatonic to A major, including A major, D major, B minor, and E major. The occasional C major chord acts as a borrowed chord (bIII), and the chroma activations are highly consistent with the A major scale tones, despite the slightly higher C natural activation reflecting the borrowed chords."
24015,F# major,95,"The chord sequence is dominated by F# major, C# major, and B major, which function as the I, V, and IV chords in the key of F# major. The recurring Ab:min chord is enharmonically G#:min, the ii chord in this key, and the chroma activations strongly reinforce this tonal center."
24016,C major,90,"The chord sequence consists of a repeating pattern of A minor, G major, C major, and F major chords. This progression is diatonic to both C major and its relative minor, A minor, but the frequent resolution to the C major chord suggests C major as the most likely tonic."
24017,C major,95,"The chord sequence consists of a repeating pattern of A:min, F:maj, C:maj, and G:maj, which corresponds to a vi-IV-I-V progression in C major. This is a very common pop music progression that firmly establishes C major as the tonal center."
24106,D major,95,"The chord sequence consists of D major, E minor, F# minor, A major, and B minor, all of which are diatonic to the key of D major. These chords (I, ii, iii, V, vi in D major) form a standard harmonic progression, and the chroma activations are also consistent with the D major scale."
24227,F minor,85,"The chord progression is centered on F, with frequent use of F minor, Bb major, and Ab major. This set of chords strongly suggests the key of F minor, supported by the chroma activations which emphasize F, C, and Eb."
24228,D minor,95,"The chord sequence consists almost entirely of an oscillation between A major and D minor, which represents a strong V-i relationship characteristic of D minor. The chroma activations, showing strong presence of A, D, E, and F, are consistent with the D natural or harmonic minor scale."
24229,C major,90,"The progression is strongly centered around the tonic and relative minor of C major, frequently alternating between C major and A minor. The inclusion of secondary dominants like D major and E major within the functional harmonic structure further confirms the key as C major."
24230,A major,80,"The chord sequence is heavily centered around the A major chord, with a clear A-E-A cadence at the beginning. While the frequent use of F major and B chords introduces chromaticism, the harmonic progression remains primarily rooted in A major."
24238,C major,85,"The chord sequence is dominated by frequent alternations between F major and C major, which functions as a IV-I progression in the key of C major. The presence of supporting chords such as A minor, D minor, and E minor, along with the final cadence, reinforces C major as the tonal center."
24240,G major,90,"The chord progression is dominated by chords belonging to the G major scale, specifically G major, D major, E minor, B minor, and C major. The chroma activations show significant presence of notes belonging to the G major scale, such as G, A, B, D, and F#."
24241,A major,90,"The chord sequence frequently resolves to A major, using D major and G major as IV and bVII chords, which is characteristic of the I-IV-bVII progression in A major. The strong chroma peak at A provides additional evidence for A being the tonic."
24254,C major,85,"The harmonic progression frequently uses chords from the C major scale, such as C major, A minor, E minor, F major, and G major. The E major chord functions as a secondary dominant (V/vi) resolving into the A minor chord, which is common in the key of C major. The chroma activations, which are dominated by C, E, and G, further confirm C major."
24255,E major,95,"The chord sequence is heavily anchored on E major, often alternating with D major and C# minor chords. This pattern, combined with the high chroma activation of E, confirms E major as the tonic, likely employing a Mixolydian feel due to the frequent D major chord."
24256,A major,90,"The chord sequence is centered around A major and E major, which serve as the tonic and dominant. While there are chromatic elements like C major and F major (likely modal interchange), the frequency and duration of the A and E chords, combined with the chroma peaks for A, C#, E, and G#, strongly indicate A major."
24257,A minor,95,The chord sequence frequently alternates between C major and E minor before transitioning to a Dm-G progression and ultimately resolving to A minor via an E major (V) to A minor (i) cadence. This functional progression strongly points to A minor as the home key.
24258,A major,95,"The chord sequence consistently follows an A major, C# minor, F# minor, B7 progression, which is a classic I-iii-vi-II7 progression characteristic of the key of A Major. The chroma activations further support this, with strong prominence of the notes A, C#, E, and G#, consistent with the A major scale."
24262,E minor,90,"The chord sequence primarily alternates between B major (the major dominant, using the leading tone D#) and E minor (the tonic). The frequent use of E minor chords, including the final chord, strongly supports E minor as the key center."
24264,F# major,85,"The chord sequence primarily uses F# major, Eb minor, B major, and C# major. These chords are strongly diatonic to the F# major scale (functioning as I, vi, IV, and V, respectively). Given the frequent resolution to F# major and the final chord of the sequence, F# major is the most likely tonic."
24270,D minor,75,"The chord sequence heavily utilizes D minor, G minor, F major, and C major, which are all diatonic to the D minor scale. While there is some harmonic movement and secondary dominant usage, particularly in the latter part of the sequence, D minor remains the most consistent tonal center throughout."
24271,F minor,95,"The chord progression is dominated by F:min7, Bb:min7, and C:7, which is a textbook ii-V-i functional harmonic progression in F minor. The chroma activations reinforce this, with high values for F, C, and A# (enharmonic to Bb)."
24272,D minor,85,"The chord sequence consistently revolves around D minor, G minor, C major, and F major, which form a strong harmonic basis for D minor. The high chroma activations for D, G, and A further support this tonal center."
24274,A major,85,"The chord sequence is heavily centered on A major, frequently utilizing the tonic (A) along with the subdominant (D) and dominant (E) chords. While there is recurring use of F major, which is a chromatic mediant, the prominence of A in the chroma activations and the chord progression confirms A as the tonal center."
24736,C major,100,"The chord sequence consists almost entirely of C major and C7 chords, strongly pointing to a C major tonality. This is further confirmed by the chroma activations, which show C and G as the most prominent notes."
24737,A major,95,"The chord progression is centered around A major, frequently utilizing chords like A, D, E, F# minor, and C# minor. The chroma activations further support this, with strong peaks at the tonic (A) and mediant (C#), confirming A major as the tonal center."
24856,D minor,20,"With the chord sequence consisting entirely of 'N' labels, the analysis relies solely on chroma activations. The prominence of D, F, and Bb (A#), combined with the presence of C#, suggests D harmonic minor, as these notes strongly define that scale."
24866,A major,60,"Although a significant portion of the song is marked as ambiguous (N), the only clear chord present is A major. Furthermore, the chroma activations show high prominence for E, B, and G#, which are key notes within the A major scale."
24868,Ab major,95,"The chord sequence is overwhelmingly dominated by an Ab:maj7 chord, which lasts for nearly the entire 60 seconds. The chroma activations are also strongly centered on the notes Ab, C, and Eb, which form the Ab major triad, confirming Ab major as the clear tonal center."
24876,C major,100,"The chord sequence is almost entirely C major. The chroma profile strongly supports this with high activations for the notes C, E, and G, which form the C major triad."
24877,G major,95,"The chord sequence is dominated by G major and D major, which function as the tonic (I) and dominant (V) chords in the key of G major. The chroma activations reinforce this conclusion, showing prominent values for the notes G, D, and F#, which are characteristic of the G major scale."
24937,D major,95,"The chord progression consistently oscillates between D major and G major, which functions as a I-IV relationship in the key of D major. The chroma profile strongly supports this with high activations for D and A, the root and fifth of the D major tonic."
24938,A minor,80,"The chord sequence features A minor, E minor, C major, and F major, which are all diatonic to the key of A minor. The frequent appearance of A minor as a chord, combined with the presence of E minor (the v chord), strongly points towards A minor as the tonic."
24939,F major,95,"The harmonic structure is centered on F major, with frequent occurrences of the I (F major), IV (Bb major), and vi (D minor) chords, which are all diatonic to the key of F major. The intermittent use of Eb major functions as a common borrowed chord (the bVII) frequently found in popular music styles, supporting F as the tonic."
24941,B major,85,"The chord sequence is dominated by the B major chord, with regular appearances of A major and C# minor. This progression is characteristic of B Mixolydian, where the A major chord acts as a bVII, rather than a standard diatonic progression in E major."
24942,D major,95,"The chord progression is dominated by D major and C major, which is characteristic of the D Mixolydian mode often found in rock music. The chroma analysis supports this with strong activations for D, G, A, and F#, clearly establishing D as the tonic."
25062,B major,95,"The chord progression relies heavily on B, E, Abm, and C#m, which are all diatonic to B major. B consistently functions as the tonic, and the chroma peaks align well with the notes of the B major scale."
25085,D minor,85,"The harmonic content, dominated by D, F major, A minor, and C major chords, strongly aligns with the D minor scale. This is corroborated by the chroma activations, which show high concentrations of D, F, A, and C, the notes that form a D minor seventh chord."
25086,A major,85,"The harmonic sequence is dominated by the A:maj chord, which appears repeatedly for the majority of the duration. Additionally, the high chroma activation for E, the perfect fifth of A, strongly reinforces A major as the tonal center."
25087,Ab major,90,"The chord sequence is dominated by Ab major, with accompanying chords F# (enharmonic to Gb) and C# (enharmonic to Db) suggesting a standard I-bVII-IV progression in Ab major. This is reinforced by the chroma analysis, which shows the highest activation for G# (Ab)."
25090,E minor,95,"The chord sequence is heavily centered around E minor, frequently utilizing diatonic chords from the E minor scale including A minor, B minor, C major, and D major. The constant return to E minor as the primary tonic and the presence of its related diatonic chords strongly confirm the key."
25636,Ab minor,95,"The chord sequence is heavily centered on the Ab minor chord, which acts as the tonic. The chroma activations also support this key, displaying strong peaks at G# and D#, which are the root and fifth of the Ab minor chord."
25637,A minor,75,"The harmony centers on A, with frequent alternation between A major and A minor chords. Since A minor appears for a greater total duration, it is identified as the key. The chroma activations showing strong E and A support A as the tonic."
25795,A minor,85,"The chord sequence is dominated by A minor and C major, which are relative keys. The chroma activations further support A minor, with prominent values for A, C, and G, all of which are consistent with the A minor scale."
25796,A minor,90,"The chord sequence is dominated by an A minor chord, which functions as the tonic. The presence of C major and G major, which are diatonic to the A minor scale, further supports A minor as the key, and this is reinforced by the high chroma activations for A and E."
25798,D minor,75,"The chord sequence is heavily dominated by D minor, supplemented by A minor and C major, both of which are diatonic chords within the key of D minor."
25799,A minor,95,"The chord sequence is dominated by the A minor chord, which appears for the vast majority of the duration. This is supported by the chroma activations, which show the strongest peaks for A, C, and E, the constituent notes of an A minor triad."
25800,B major,90,"The chord sequence primarily alternates between B major and Eb minor, which functions as the iii chord (D# minor) in the key of B major. The high chroma values for B and D# (Eb) further support B major as the tonic."
25906,A major,95,"The chord sequence consists primarily of the I, IV, V, vi, and ii chords in the key of A major (A, D, E, F#m, and Bm). The chroma activations also strongly favor the notes found in the A major scale, particularly A, E, and F#."
25907,A major,100,"The chord sequence consists primarily of A major, D major, and E major, which are the I, IV, and V chords in the key of A major, along with the vi chord, F# minor. The chroma activations also prominently feature A, E, and D, strongly confirming this key."
25908,A major,95,"The chord sequence is dominated by alternations between A major and D major chords, with the occasional E major chord, establishing a clear I-IV-V progression in the key of A major. The chroma activations reinforce this, as A, D, and E are among the highest-weighted notes."
25909,Bb major,95,"The chord sequence consistently features a repetitive progression of Bb major, Ab major, and Eb major chords. This is a characteristic I-bVII-IV progression, which strongly establishes Bb as the tonic center and implies a Bb major (Mixolydian) tonality."
26024,G minor,95,"The chord sequence is heavily anchored on the G minor chord for almost the entire duration, which serves as the clear tonal center. The chroma activations are consistent with the G minor scale, further supporting this analysis."
26169,C major,95,"The chord sequence consists primarily of chords diatonic to C major, including C, F, G, A minor, and E minor. The presence of E major as a secondary dominant to A minor, along with the chroma activations peaking on G, E, F, and A, strongly confirms the key of C major."
26171,C# minor,85,"The chord sequence alternates consistently between C# minor and E major, which share the same key signature. Given the frequent returns to C# minor and its role as the primary harmonic anchor, it is the most logical tonic. The chroma activations are also consistent with the key signature of four sharps shared by these two relative keys."
26173,B major,95,"The chord sequence consists primarily of B major, C# minor, F# major, E major, and G# minor (labeled as Ab minor), which are all diatonic to the B major scale. The chroma activations reinforce this with significant presence of the notes B, C#, D#, E, F#, and G#, which are central to the B major key."
26174,G major,75,"The chord progression is centered on G, with prominent usage of G, C, D, and Am, which are diatonic to G major. Although there are non-diatonic chords like F, Eb, and Bb, these are consistent with modal mixture or Mixolydian harmony commonly used in this context."
26175,A minor,85,"The chord sequence frequently features A minor, F major, C major, and E chords, which are all consistent with the A minor scale. The significant duration of the A minor chord at the end of the sequence and the chroma peaks on A, C, and E further reinforce A minor as the tonal center."
26176,C major,95,"The chord sequence strongly revolves around C major, frequently utilizing the I (C), vi (Am), V (G), and iv (F minor) chords, which is a very common progression in C major. The chroma activations further support this, with prominent peaks at C, E, and G."
26177,F major,90,"The chord sequence frequently returns to F major, which acts as the tonal center. The use of Bb minor, a borrowed chord from the parallel minor, is common in this context, and the chroma activations emphasize F, A, and Bb, all of which are consistent with the F major scale."
26178,C major,95,"The chord sequence is dominated by F, G, and C major chords, which function as the IV, V, and I chords in the key of C major. The prevalence of these chords and the repeated cadential resolutions to C strongly establish C major as the tonal center."
26179,G minor,95,"The chord sequence frequently features G minor, Eb major, Bb major, C minor, and D major chords, all of which fit naturally within the G minor scale. The high chroma activations for D, Eb, Bb, and G further corroborate G minor as the tonic."
26242,B major,90,"The chord sequence is heavily dominated by the B major chord, which spans the vast majority of the track and frequently alternates with E major, serving as a I-IV relationship. The high chroma activation for B further confirms this as the tonic."
26311,C major,75,"The harmonic progression features a repeated sequence of F, C, G, and D chords, which functions as a IV-I-V-II progression in the key of C major, with the D major chord acting as a secondary dominant. The recurring emphasis on the C major chord and the final cadence strongly support C major as the tonal center."
26673,D minor,95,"The chord sequence relies heavily on D minor, G minor, and A major chords, which is a classic i-iv-V progression characteristic of the D minor scale. The high chroma values for A, D, E, and F further reinforce D minor as the tonal center."
26679,D minor,90,"The chord sequence is dominated by D minor and C major chords, which is characteristic of the D minor scale. The presence of the A major chord at the end functions as the dominant (V) in D harmonic minor, further confirming the choice of D minor as the key."
26680,A minor,90,"The chord sequence consists entirely of A minor, and the chroma activations are heavily weighted towards the notes A and E, which strongly supports A minor as the key."
26721,B major,85,"The chord sequence begins with B major, which is frequently used alongside F# major and C# major. These chords, along with the Ab minor (enharmonic to G# minor) chords, are all consistent with the B major key signature. The chroma activations are also largely consistent with the notes in the B major scale."
26737,G minor,95,"The chord sequence is heavily centered on the G minor chord, which acts as the tonic. Other frequent chords include Bb major (the relative major III chord), F major (the VII chord), and momentary uses of C major and D major, all of which are consistent with the G minor harmonic context."
26894,E major,95,"The chord sequence consists primarily of E major, A major, and B major, which function as the I, IV, and V chords in the key of E major. The inclusion of C# minor (the vi chord) and what is likely G# minor (labeled as Ab:min) further supports this conclusion, and the chroma activations are consistent with the E major scale."
26901,E major,90,"The chord progression is dominated by E major and A major, which represent the tonic and subdominant chords in the key of E major. The recurrent F# major chords function as a secondary dominant (V/V) to the tonic, a common harmonic movement in this key."
27127,F minor,90,"The chord sequence consistently revolves around F:min7, frequently using the IV chord (Bb) and the V chord (C:7). The presence of a ii-V-i cadence (G:hdim7 - C:7 - F:min7) provides strong functional evidence for the key of F minor."
27177,D minor,95,"The chord sequence is heavily anchored by the D minor chord, which appears frequently throughout the provided duration. The additional chords, including F major, C major, G major, and A major, are all compatible with the D minor scale, confirming this as the tonal center."
27179,D minor,90,"The chord sequence consists almost entirely of D minor chords. The chroma activation is also consistent with D minor, particularly with a significant peak on A, which is the perfect fifth of the D minor triad."
27183,Eb minor,90,"The chord sequence is dominated by the Eb minor chord. Additionally, the chroma activations show prominent peaks on D#, G#, and A#, which correspond to the root, fourth, and fifth of the Eb minor scale, strongly supporting this key assignment."
27222,D minor,95,"The chord progression consistently cycles through D minor, A minor, and G major. This harmonic movement is characteristic of the D Dorian mode, which is classified under the D minor tonality."
27223,A minor,95,"The song is overwhelmingly dominated by A minor chords throughout the duration. The chroma activations, which show significant peaks at A, E, and C, are also highly consistent with the A minor scale."
27224,C major,95,"The chord sequence is overwhelmingly dominated by the C major chord for nearly the entire duration of the clip. The secondary chords, including F major, Bb major, and G major, are all highly consistent with a C major tonal center, with the Bb major chord acting as a common flat-seven chord found in pop and rock music."
27230,A minor,90,"The chord sequence oscillates primarily between F major and A minor. The chroma activations are dominated by E, A, C, and F, which are the notes forming the A minor triad and the F major triad, with the prominence of A, C, and E strongly indicating A minor as the tonal center."
27231,A minor,95,"The chord sequence consistently cycles between A minor, C major, and G major, which is a common progression in the key of A minor (i-III-VII). The strong chroma activations for A, C, and E further support A minor as the tonic."
27232,D major,90,"The chord progression is heavily centered on D major and D7, with C major/C7 acting as a frequent flat-VII chord common in rock-influenced harmony. This strongly points to D major as the tonal center, which is further supported by the high chroma activations for the notes D and C#."
27233,G major,95,"The chord sequence consists primarily of G major, C major, and E minor, which function as the I, IV, and vi chords in the key of G major. The consistent use of these chords and the periodic return to the G major chord strongly establish it as the tonic."
27235,A major,95,"The chord sequence consists almost entirely of alternating A major and D major chords, which points to a strong I-IV relationship in A major. This is corroborated by the chroma activations, which show high concentrations of A, C#, and E, the constituent notes of an A major triad."
27258,G minor,95,"The chord sequence is heavily dominated by G minor, which appears for over half the total duration. The presence of the D major chord acts as a frequent dominant, reinforcing G minor as the tonic. Additionally, the chroma activations strongly support this key, with G, D, and Bb being prominent."
27548,B major,90,"The chord sequence is heavily centered around B major, E major, and F# major, which function as the I, IV, and V chords respectively in B major. The presence of C# minor and Ab minor further supports this diatonic context, and the high chroma activations for B and F# align strongly with the tonic and dominant of B major."
27549,C minor,85,"The harmonic progression is centered around C minor, frequently employing the viiø7 (B half-diminished) leading into the tonic (C minor), with G7 serving as a strong dominant chord. The significant presence of G7 and the consistent resolution to C minor strongly support this key."
27550,E minor,85,"The chord progression is dominated by E minor and C major chords, which function as the tonic and submediant chords in the key of E minor. The chroma activations, which show high prominence of E, G, B, and F#, are consistent with the E minor scale."
27607,C major,85,"The chord sequence consists primarily of C major, F major, G major, and D minor, all of which are diatonic to the C major scale. The frequent recurrence of the C major chord, serving as a stable harmonic center, strongly points to C major."
27844,G major,95,"The chord sequence heavily features G major and C major chords, which function as the tonic and subdominant in the key of G major. The presence of D major (the dominant) and B minor (the mediant) further confirms this, and the chroma profile is consistent with this key."
27845,D minor,90,"The chord progression is dominated by D minor, C major, F major, and G major chords, which closely follows the i-VII-III-IV sequence in the key of D minor. The chroma activations support this, as they align well with the notes found in the D minor (relative to F major) scale."
27846,F# major,95,"The chord sequence is heavily dominated by F# major, which acts as the clear tonic throughout the song. This is strongly reinforced by the chroma analysis, which shows the highest activations corresponding to the notes of the F# major triad (F#, C#, and A#)."
27853,F# major,85,"The progression heavily relies on F# chords, including F# major and F#7, as a consistent tonal center. The use of C#7 and B7 chords functions as the V and IV chords in the key of F# major, and the chroma activations show a clear peak at F#."
27859,G minor,95,"The chord sequence is heavily centered on G minor and features a progression (G minor, C major, F major) characteristic of G minor or G Dorian. The chroma activations strongly support this with a primary emphasis on G and D, confirming G minor as the tonal center."
27861,Bb major,95,"The vast majority of the song consists of a Bb major chord, and the chroma activations are dominated by Bb, D, and F, which are the notes of the Bb major triad. G minor is the relative minor, and its appearance as a brief chord before the sustained Bb major strongly supports Bb major as the tonic."
27862,A minor,75,"The chord sequence centers on A minor, D minor, and C major, which are chords strongly associated with the A minor scale. Although the harmony shifts towards D major and A major later, the dominant chroma activations of A and C natural strongly indicate that A minor is the tonal center."
27864,G major,95,"The chord sequence is composed primarily of G, C, and D chords, which correspond to the I, IV, and V chords in the key of G major. The high prevalence of G in the chroma activations further confirms G as the tonic."
27865,D major,95,"The chord sequence is composed almost entirely of D major, G major, and A major chords, representing the I, IV, and V chords of the key of D major. The chroma activations confirm this, showing high values for the tonic, subdominant, and dominant notes (D, G, A) as well as the third (F#) and leading tone (C#)."
27979,Bb minor,90,"The chord sequence consists primarily of Bb minor, F minor, and F# major, which function as the i, v, and VI chords in Bb minor. The chroma activations confirm this analysis by highlighting the notes F, F#/Gb, G#/Ab, and Bb/A#."
28070,C major,95,"The chord progression consists almost entirely of C, F, G, D minor, and E minor, which strongly indicates C major. The piece frequently resolves to or highlights the C major chord, reinforcing this tonal center."
28084,C minor,95,"The chord progression is dominated by a C minor chord, which lasts for nearly the entire duration of the clip. The chroma activations also show a strong peak at C, confirming it as the tonic."
28252,C minor,95,"The chord sequence consists of a repeating pattern of C minor, Ab major, F minor, and Bb major/7. This progression functions as i-VI-iv-VII in C minor, which strongly establishes C minor as the tonic."
28266,E major,95,"The chord sequence consists primarily of E major, A major, and D major chords, which represents a standard I-IV-bVII progression in E major. The chroma profile further supports this, with the highest activations on E, B, A, and D, which are all consistent with the key of E major."
28364,C major,85,"The chord sequence begins and consistently returns to C major throughout the piece, establishing it as the tonal center. While there are appearances of Bb and Gm chords which provide harmonic variety, the overall structure strongly supports C major."
28365,F major,90,"The chord progression consists primarily of F major, D minor, and Bb major, which are all diatonic to the key of F major. The chroma profile further supports this with strong activations for the notes F, A, and C, which are the primary notes of the F major triad."
28377,G minor,95,"The chord sequence consists almost exclusively of a repeated oscillation between G minor and C minor chords. G minor is the tonic (i) and C minor is the subdominant (iv) in the key of G minor, which aligns perfectly with the provided chroma activations showing strong emphasis on G and D."
28388,G minor,95,"The chord sequence is heavily centered on G minor, which functions as the tonic. The supporting chords, including Bb major, C minor, and Eb major, are all diatonic to the key of G minor, and the high concentration of G, Bb, and D in the chroma activations confirms this harmonic center."
28396,Eb minor,85,"The chord sequence consistently uses the chords Eb minor, F# major, Ab minor, B major, and C# major (as sus4), which are all diatonic to the key of Eb minor (or its relative major, F# major). Given that the progression frequently centers on and returns to the Eb minor chord, it is the most likely tonic."
28398,B major,95,"The chord progression is dominated by B major, E major, and Ab minor (G# minor), which function as the I, IV, and vi chords in the key of B major. The chroma activations are also consistent with this, showing strong peaks at B and its associated major scale tones."
28400,B major,95,"The chord sequence relies heavily on B major, E major, Ab minor (enharmonic to G# minor), and C# minor, which correspond to the I, IV, vi, and ii chords in the key of B major. The consistent use of B major as a tonal center throughout the progression strongly supports B major as the key."
28427,E major,80,"The chord sequence is centered around E major, supported by common chords such as A major and B major/minor. The chroma activations showing peaks at E, G#/Ab, and A reinforce E major as the tonic."
28428,F# major,90,"The chord progression is heavily centered on F# major, which serves as the primary harmonic anchor throughout the song. The presence of chords like B major (IV) and C# major (V) further reinforces F# major as the tonic key."
28429,E major,90,"The chord progression is dominated by chords E, A, and B, which are the I, IV, and V chords in the key of E major. The chroma profile strongly supports this, with E being the most prominent note."
28430,A major,95,"The chord sequence prominently features A, D, and E, which function as the I, IV, and V chords in the key of A Major, along with a B minor chord as the ii. The chroma activations further support this, with the highest values concentrated on the notes A, D, and E."
28431,B major,95,"The chord sequence consistently revolves around B major, E major, and F# major, which represent the I, IV, and V chords in the key of B major. The chroma activations strongly support this analysis, showing high peaks on the notes B, F#, and E, which are the primary notes of the B major scale."
28435,F# minor,95,"The chord sequence is heavily dominated by F# minor throughout the track, accompanied by other diatonic chords like B major, E major, D major, and C# minor. The chroma activations reinforce this analysis, with strong peaks at F# and C#."
28545,A major,95,"The chord progression is dominated by alternating A major and D major chords, which is characteristic of a I-IV relationship in the key of A major. The chroma profile strongly reinforces this, showing high activations for A, E, C#, and F#, which are all notes in the A major scale."
28548,G major,95,"The chord sequence consists primarily of C major, A minor, G major, and D major, all of which are diatonic to the key of G major. The chroma profile, with prominent peaks at G, C, A, and D, provides further confirmation for G major as the tonic."
28589,B minor,95,"The harmonic content is dominated by the B minor chord for almost the entire duration, and the chroma profile shows a strong peak at B, which strongly supports B minor as the key."
28599,G major,95,"The chord sequence is composed almost entirely of G major, C major, and D major chords, which are the primary chords in the key of G major. The chroma activations reinforce this conclusion, showing a strong prominence of G and F#, which are characteristic notes of the G major scale."
28647,D major,90,"The chord sequence centers around the tonic (D), dominant (A), and subdominant (G) chords, which are characteristic of D major. The inclusion of secondary dominants such as E major (V/V) and B major (V/vi) is standard within this key, and the prolonged A7 chord reinforces D as the tonal center."
28777,C major,45,"The harmonic progression is highly chromatic and alternates frequently between C major and F# major, which are a tritone apart. Given that C major is the most frequent chord and the chroma activations strongly support notes diatonic to C major (C, G, D), C major is the most plausible tonal center despite the non-functional harmony."
28783,D major,95,"The chord progression is dominated by D, G, and A chords, representing the I, IV, and V chords in the key of D major. The chroma activations reinforce this analysis, with significant peaks at D and C#, which are central to the D major scale."
28810,C major,90,"The chord sequence is dominated by C major and A minor chords, which are characteristic of the C major diatonic scale. C major acts as the primary tonal center, a decision further supported by the high prominence of the C note in the chroma activations."
28811,G major,90,"The chord sequence consists primarily of G major, B minor, D major, and C major, which are diatonic to the key of G major. The chroma profile, showing strong activations for B, D, and F#, further supports this tonal center, and the harmonic progression strongly emphasizes the G major tonality."
28814,E minor,98,"The chord sequence is almost entirely E minor. The chroma activations also support this, being heavily weighted towards the E, B, and G pitch classes, which are the fundamental notes of the E minor triad."
28832,E minor,90,"The chord sequence is dominated by E minor, which appears for a significant portion of the duration. The chroma profile, with strong peaks for E and G, further supports E minor as the tonic. Other chords like C major and D major are typical within the harmonic context of E minor, while the occurrences of Eb major likely represent chromatic passing chords."
28833,G major,80,"The chord progression is dominated by C major, D major, and E minor, which strongly suggest the key of G major (functioning as IV, V, and vi respectively). The strong G activation in the chroma profile further supports G major as the likely tonic."
28834,D minor,95,"The chord sequence is almost exclusively a D minor chord, which is strongly supported by the chroma activations showing high prominence for D and A, the root and fifth of the D minor triad."
28835,E major,80,"The chord sequence is heavily dominated by E major and E minor chords, with E being the clear tonal center throughout. While both major and minor qualities are present, E major appears more frequently, suggesting E major as the primary key."
29046,F major,90,"The song is dominated by an F major chord for nearly its entire duration, which strongly suggests it as the tonic. The chroma data also supports this with high activity on the F, A, and C notes."
29047,Ab major,85,"The chord sequence is heavily centered around the I-IV-ii-V progression in Ab major (Ab, C#, Bb minor, Eb). While there are some chromatic elements like F# major, the overall harmonic movement consistently returns to the Ab major tonal center."
29265,G major,75,"The chord sequence centers on G major, supported by common diatonic chords like C major, D major, and A minor. The frequent appearance of chords like F major, Bb major, and Eb major indicates significant modal mixture or a rock/blues influence, but the tonal gravity remains anchored in G major."
29267,A minor,85,"The harmonic progression predominantly features Am, G, D, and Bm chords, which are all diatonic to the A Dorian mode. The repeated emphasis on the Am chord throughout the sequence suggests A minor as the clear tonic."
29268,C minor,85,"The chord progression primarily consists of C minor, Eb major, Ab major, and Bb major chords. This sequence is characteristic of the C minor scale (using the i, III, VI, and VII chords) and the relative key of Eb major (using the vi, I, IV, and V chords). Given the sequence frequently returns to and emphasizes the C minor chord, C minor is the most likely tonic."
29271,C major,90,"The chord sequence consists primarily of diatonic chords from the C major scale, including the tonic (C major), subdominant (F major), supertonic (D minor), dominant (G major), and the mediant (E minor). The chroma analysis also peaks at the primary chord tones of C, E, and G, supporting C major."
29447,D major,95,"The chord sequence is dominated by the D major chord, which constitutes the majority of the track's duration, strongly suggesting D as the tonic. The Bb major chord acts as a common chromatic mediant, frequently used in rock and pop music within a D major context."
29448,D major,95,"The chord progression is dominated by D, G, and A major chords, which are the tonic, subdominant, and dominant chords in the key of D major. The chroma activations also show significant peaks at D, F#, and A, consistent with the D major triad."
29449,C major,95,"The chord sequence is heavily centered around the C major chord, which acts as the tonic. The recurring F major and E minor chords are diatonic to the C major scale, providing strong harmonic support for this key."
29450,A major,90,"The harmonic progression is dominated by A major chords, frequently interspersed with D major and G major, which strongly indicates the key of A major. The chroma activations further support this, with significant weight on notes belonging to the A major scale."
29451,E minor,75,"The chord sequence relies heavily on chords like E, G, D, and C, which are foundational to the key of E minor. The prevalence of E major and C# chords indicates a strong E Dorian influence, which is a common modal variant in this style of music."
29452,C major,95,"The chord sequence heavily features C major, E minor, and F major, which are the I, iii, and IV chords in the key of C major, respectively. The consistent return to the C major chord and the high chroma activation for C confirm C major as the tonal center."
29453,G major,90,"The chord progression is dominated by alternating G major and C major chords, which act as the tonic and subdominant in the key of G major. The additional chords, such as E minor and the borrowed C minor, are consistent with this key, and the strong F# activation in the chroma profile confirms the presence of the leading tone of G major."
29454,D minor,75,"The chord sequence heavily features an oscillation between G minor and D minor, which strongly suggests a iv-i harmonic progression in the key of D minor. The prominence of D and F in the chroma activations, along with the presence of C# (the leading tone of D), further supports D minor as the tonal center."
29455,D minor,95,"The chord progression is dominated by D minor, G minor, and A major, which function as the i, iv, and V chords in D minor. The constant usage of the A major chord as a dominant resolving to D minor provides strong evidence for this key."
29456,B major,95,"The chord progression is dominated by a B major chord, which establishes it as the tonic. The chroma activations, which show high peaks at B and F#, further reinforce this key signature."
29457,D major,95,"The chord sequence frequently utilizes D major, E minor, F# minor, and G major chords, all of which are diatonic to the key of D major. The chroma activations show strong peaks at F#, C#, and D, further supporting a D major tonal center."
29458,G minor,95,"The chord sequence is dominated by G minor and D major/D7 chords, forming a strong i-V relationship. The G7 chord at the end also acts as a blues-influenced tonic variant, further establishing G minor as the key."
29459,B minor,85,"The chord progression revolves entirely around B minor and D major, which are relative major and minor keys. B minor is the stronger candidate for the tonic given its prevalence and longer duration throughout the sequence."
29461,A minor,75,"The chord sequence alternates primarily between A minor and G major chords, which is characteristic of the Dorian mode. This modal progression, supported by prominent chroma activations for A, G, E, and D, strongly indicates A minor as the tonal center."
29467,G minor,90,"The chord sequence consists primarily of G minor, C minor, and Eb major, which function as the i, iv, and VI chords of G minor. The chroma activations prominently feature D, Eb, C, and G, all of which are strong components of the G minor scale, further supporting this analysis."
29469,D minor,95,"The chord sequence is heavily centered on D minor, which appears for nearly the entire duration of the clip. The other chords present, Bb major and G minor, are standard diatonic chords in the key of D minor, and the chroma vector confirms this by showing strong emphasis on D and A."
29470,A major,85,"The chord progression is dominated by A major and E major chords, clearly establishing a I-V relationship in the key of A major. While there are some chromatic departures towards the end of the sequence, the primary harmonic foundation remains firmly in A major."
29471,E minor,95,"The chord progression is almost entirely composed of E minor, which provides strong evidence for the key. The chroma data supports this, showing significant activations for the notes E and B."
29472,A major,85,"The chord sequence is dominated by the A major chord, with a D minor chord appearing as a minor plagal (iv) cadence, which is characteristic of the key of A major. The prominence of A in the chroma activations further confirms this conclusion."
29473,C major,75,"The chord sequence consists of G major, C major, A minor, and F major, which are the I, IV, V, and vi chords in the key of C major. While the progression spends a significant amount of time on G major and A minor, these are common chords in a C major context."
29474,D minor,90,"The chord sequence is dominated by a D minor chord, occupying the majority of the duration. The chroma profile shows strong activations for D and A, which are the root and fifth of the D minor chord, supporting this as the tonic."
29475,Eb minor,50,"The chord sequence is largely unrecognizable, but the final chord is Eb minor. The chroma distribution is strongly consistent with the Eb minor scale, providing supporting evidence for this key."
29476,D minor,95,"The chord sequence is dominated by D minor, Bb major, and G minor chords, which are all diatonic to the D minor scale. This is strongly supported by the chroma activations, which feature significant peaks on the root note D as well as the notes A, G, and A#/Bb, all of which are prominent in D minor harmony."
29477,C# minor,90,"The chord sequence consistently oscillates between C# minor and Ab major, which correspond to the tonic (i) and dominant (V) chords in the key of C# minor (where Ab major functions as the enharmonic equivalent of G# major). The prominent chroma activations for C#, G#, and D# further corroborate this harmonic center."
29478,D minor,95,"The chord sequence is almost entirely comprised of D minor, and the chroma activations show strong peaks at D, F, and A, which correspond to the notes of a D minor triad."
29479,Eb major,95,"The track consists almost entirely of an Eb major chord, which is heavily supported by the chroma activations showing strong peaks at D# and A#, the enharmonic equivalents of Eb and Bb."
29480,D minor,95,"The chord sequence is heavily centered on D minor, with frequent alternating patterns between D minor and G major, suggesting a D Dorian tonality. The chroma activations strongly support this, showing significant peaks on D, F, A, E, and G, all of which are consistent with the D minor/Dorian scale."
29526,C major,95,"The chord sequence is dominated by repeated C major and F major chords, which function as the I and IV chords in the key of C major. Additionally, the chroma activations strongly align with the C major triad, reinforcing this conclusion."
29527,B major,75,"The chord sequence is dominated by B major chords (B:7, B:maj) and a C#:min7 chord, which strongly suggest B major as the tonic. The chroma activations further support this by showing a clear prominence of B and its associated notes. The F:maj chord appears to be an outlier or recognition error."
29528,A minor,85,"The chord sequence and chroma activations emphasize the notes A, C, E, and F, which are central to the key of A minor. The harmonic progression, featuring A minor/major, C major, E major, and F major, strongly suggests A minor as the tonic, with E major acting as the dominant chord."
29529,C major,95,"The chord progression is dominated by C major, F major, and G major chords, which represent the I, IV, and V chords in the key of C major. The chroma activations also show a strong presence of the notes C, E, and G, which form the tonic triad of C major."
29530,C minor,95,"The chord sequence is dominated by a long duration of C minor, which establishes it as the clear tonal center. Chroma activations further support this, as C, G, and D# (the notes of the C minor triad) have significant weight."
29532,C major,90,"The chord sequence is heavily dominated by C major, which appears for the vast majority of the duration. The chroma activations reinforce this, showing high values for the notes C and G, which are key components of the C major triad."
29584,D major,95,"The chord progression follows a clear ii-V-I pattern (Em - A - D) in the key of D major, which repeats consistently throughout the segment. Additionally, the chroma profile shows strong peaks on D, A, and E, which are primary notes within the D major scale."
29586,B minor,95,"The chord progression is dominated by a persistent alternation between F#7 (the dominant) and B minor (the tonic), which clearly defines the key center as B minor."
29605,Eb minor,90,"The chord sequence is heavily dominated by Eb minor, and the chroma profile shows strong activations for D#(Eb), C#(Db), A#(Bb), and G#(Ab), all of which are diatonic to the Eb minor scale."
29609,A minor,90,"The chord sequence is heavily anchored around A minor, which appears as the most frequent chord. The progression of A minor, G major, and C major is characteristic of the key of A minor, and the inclusion of B minor and the chroma peak on A support an A Dorian tonality, a common modal variation of A minor."
29610,A minor,75,"The harmony centers on A, transitioning from an initial A major progression to a more dominant A minor section. Despite chromatic elements like F major and G major, the extensive duration of the A minor chords makes A minor the most suitable key identifier."
29611,A major,85,"The chord sequence primarily alternates between A and G chords, which is characteristic of the A Mixolydian mode. The consistent use of A as a root throughout the progression and the final E major chord strongly imply an A major key center, incorporating modal interchange between minor and major qualities."
29625,C# minor,85,"The chord sequence consists of C# minor, Ab minor (enharmonic to G# minor), B major, and E major, all of which are diatonic to the C# minor scale. Since C# minor is the most frequent and central chord throughout the identified section, it functions as the tonic."
29626,B minor,90,"The chord progression is dominated by the B minor and D major chords, with B minor being the most frequent and acting as the tonal center. The chroma activations reinforce this by showing a high B value, which is consistent with a B minor key signature."
29627,B major,95,"The chord sequence consists entirely of diatonic chords within the B major scale, including the tonic B major, the subdominant E major, and the mediant/submediant minor chords (D# minor and G# minor). The chroma activations further support this, with prominent peaks corresponding to the notes B, D#, E, and G#."
29739,G major,95,"The chord sequence consists primarily of G, C, D, and Bm, which are all diatonic to G major. The frequent use of A major is a standard secondary dominant (V/V) leading into the D chord, and the chroma profile shows strong peaks at the tonic, dominant, and subdominant, all of which confirm the key of G major."
29818,Bb major,95,"The chord sequence consists of Eb, Bb, F, and Gmin, which correspond to the IV, I, V, and vi chords in the key of Bb major. This is a very common pop progression, and the presence of the F major chord (the V chord) strongly supports Bb major over Eb major, which would typically feature an F minor chord."
29819,E major,95,"The chord sequence consists almost entirely of E major and A major chords, which clearly function as the I and IV chords in the key of E major. The chroma profile further corroborates this by showing peak activations at E and G#, which are the root and third of the E major triad."
29844,D major,95,"The chord progression consists almost entirely of D major, G major, and A major chords, which function as the I, IV, and V chords in the key of D major. This repeating harmonic pattern clearly establishes D major as the tonal center."
29846,G major,95,"The chord sequence consists almost entirely of a G major chord, which strongly indicates G major as the tonic. The chroma distribution also supports this, with the prominent notes including G, D, A, and F#, all of which are members of the G major scale."
29849,G major,95,"The chord sequence is dominated by G major and E minor chords, which are the I and vi chords in the key of G major. The chroma profile further supports this, with the highest activations being G, B, and D, the notes of a G major triad."
29851,D major,95,"The chord sequence is dominated by a D major chord which persists for almost the entire duration. This is strongly supported by the chroma activations, which show D as the most prominent pitch, followed by C# and E, consistent with a D major tonal center."
29943,Ab major,95,"The chord progression is dominated by Dbmaj7, Eb7, Abmaj7, and Fmin7, which function as the IV, V, I, and vi chords in the key of Ab Major. This is a very standard diatonic progression, and the presence of these chords strongly establishes Ab Major as the tonic."
30015,D minor,95,"The chord sequence is dominated by the D minor chord, which serves as the primary harmonic anchor, alongside common chords in its relative key of F major (Bb, F, C). The chroma activations reinforce this with D being the most prominent pitch class, aligning strongly with the D minor tonality."
30018,G major,95,"The chord sequence consistently utilizes G major, C major, E minor, and B major, which are characteristic of the G major key, where the B major chord functions as a secondary dominant (V/vi) to E minor. The chroma activations strongly support this with prominent peaks for the notes G, B, and F#."
30023,D minor,95,"The chord sequence consistently revolves around D minor, frequently utilizing the A major chord as a dominant and Bb major as a submediant, which are characteristic functional relationships in D minor. The chroma activations further support this, with A and D being the most prominent pitches, reinforcing the tonic and dominant functions."
30025,D minor,95,"The chord progression is dominated by D minor, C major, and F major, which are the i, VII, and III chords in the key of D minor. The chroma activations align with this analysis, showing high peaks at D, A, and C, further supporting D minor as the tonic."
30026,D minor,85,"The chord sequence consists primarily of D minor, C major, F major, and G minor, which are all diatonically consistent with the D natural minor scale. The high concentration of D minor chords, along with the chroma activations highlighting D and A, strongly suggests D minor as the tonic."
30027,E minor,75,"The chord sequence consists of alternating phrases between E minor/B major and D minor/A major. E minor serves as the primary harmonic center, supported by the chroma activations of E, A, and B, which are all integral notes within the E minor scale."
30028,D minor,80,"The chord sequence is dominated by a persistent, repeating oscillation between D minor and C major. This pattern, combined with the fact that the sequence concludes on D minor, points strongly towards D minor (or D Dorian) as the tonic."
30030,C major,90,"The chord sequence frequently utilizes the chords A minor, C major, F major, and G major, which are all diatonic to the key of C major. The sequence also features multiple cadences ending on C major, indicating it is the tonic."
30033,D major,75,"The chord sequence consists of frequent oscillations between D chords (major/minor) and C major chords. The chroma analysis shows strong activation for D and C#, where C# acts as the leading tone for D, strongly supporting D major as the tonal center."
30035,F# major,95,"The chord sequence prominently features F# major, B major, and C# major, which correspond to the tonic (I), subdominant (IV), and dominant (V) chords in the key of F# major. The chroma profile also shows the highest activations for F# and B, confirming the harmonic content."
30039,A major,95,"The chord sequence consists primarily of alternating A major and E major chords, which function as the I and V chords in the key of A major. The chroma activations further support this by showing prominent levels of A, E, and C#, all of which are primary notes in the A major scale."
30040,F# major,95,"The chord sequence consistently revolves around an F# major tonal center, employing A major and B major chords in a typical blues-rock pattern. The prominence of F# in the chroma activations further confirms this center."
30042,B minor,95,"The chord sequence consists almost entirely of a B minor chord, which strongly indicates that the tonic is B and the mode is minor. The chroma profile further supports this, with significant activations for B and F#, the root and fifth of the B minor triad."
30044,Bb major,95,"The chord sequence consists exclusively of an oscillation between Bb major and F major, which correspond to the I and V chords in the key of Bb major. The chroma activations also show high values for the notes present in the Bb major scale, further confirming this key assignment."
30045,E major,95,"The chord sequence is composed primarily of E major, A major, and B major, which correspond to the I, IV, and V chords in the key of E major. The chroma activations further support this as the notes E, A, B, and G# (the main notes of the E major scale) are the most prominent."
30047,C major,95,"The chord sequence consists entirely of alternating C major and F major chords, which is a classic I-IV progression in the key of C major. The chroma activations, showing strong peaks at C, E, and G, strongly support C major as the tonal center."
30048,E major,80,"The chord sequence primarily revolves around E major, A major, and B major, which form a strong I-IV-V progression characteristic of the key of E major. The occasional use of G major and E minor indicates modal interchange or blues-influenced chromaticism, but E major remains the clear tonal center."
30049,F# minor,90,"The chord sequence is dominated by repeated F#:min7 and B:7 chords, which indicates a strong i-IV progression in F# minor, characteristic of the Dorian mode. The chroma activations, showing strong peaks at F#, B, and A, further support this harmonic center."
30050,E minor,95,"The chord progression is centered on E minor and consistently includes G major, D major, A minor, and B major, which are all functional chords within the key of E minor. The B major chord functions as a dominant in E harmonic minor, and the chroma profile, with prominent D and D# peaks, strongly supports the E minor harmonic context."
30051,E major,100,"The chord sequence is dominated by E major, with frequent appearances of the subdominant (A major) and dominant (B major) chords, which strongly define the key of E major. This is further corroborated by the chroma activations showing high intensity for E, B, and G#, the root, fifth, and third of the E major triad."
30052,C# major,95,"The chord progression consistently cycles through Ab major, C# major, Bb minor, and F# major, which fits perfectly as a V-I-vi-IV progression in C# major. The Bb minor and Ab major chords are common enharmonic substitutions for the diatonic A# minor and G# major chords."
30053,F minor,95,"The chord progression repeatedly uses F minor, Ab major, Bb major, and C minor/major, which are all diatonic to or strongly characteristic of the key of F minor. The high chroma activations for F, Ab, Bb, and C further confirm this tonal center."
30055,C major,95,"The chord sequence consists entirely of an alternation between C major and G major chords, which represents a simple I-V progression in the key of C major. This is strongly supported by the chroma profile, which features high activations for the notes C and G."
30056,D minor,90,"The chord sequence is dominated by D:min7, followed by an alternation between G:7 and D:7. This progression is characteristic of D Dorian, which centers around D minor."
30058,C major,60,"The chord sequence consists primarily of C7 and Cmin7 chords, which is characteristic of a blues-based tonality where the major/minor third is ambiguous. The chroma values support C as the tonic, with significant activity at C, Bb (A#), and G."
30117,B minor,85,"The chord sequence frequently emphasizes B minor and D major, and includes chords such as G, A, and E minor which are consistent with the B minor key. The chroma profile further supports this with strong activations for B, E, and D."
30148,Eb major,95,"The chord sequence consists primarily of Eb major, Bb major, and Ab major chords, which function as the I, V, and IV chords in the key of Eb major. This progression is highly characteristic of the Eb major tonality."
30149,Eb major,95,"The chord progression frequently cycles through Ab, Eb, C minor, and Bb, which are the IV, I, vi, and V chords in the key of Eb major. The inclusion of the F major chord acts as a common secondary dominant or borrowed chord, and the chroma activations strongly align with the Eb major scale."
30362,G major,85,"The chord sequence is composed primarily of C major, G major, A minor, and B minor chords, which are all diatonic to the key of G major (IV, I, ii, and iii chords, respectively). While C major is a potential candidate due to the prevalence of the C major chord, the regular appearance of the B minor chord, which is not diatonic to C major, strongly points to G major as the tonal center."
30363,C major,80,"The chord sequence primarily oscillates between C major and G major, which is a classic I-V progression in the key of C major. Although there is a brief section featuring F# minor and A major, the overall harmonic structure is dominated by the C-G relationship."
30366,G major,85,"The chord sequence consists primarily of C, D, and E minor chords, which function as the IV, V, and vi chords in the key of G major. This is a very common pop music progression, and while the tonic G chord does not appear, the harmonic structure strongly implies G major as the key."
30369,A minor,80,"The chord sequence consistently centers around A minor and C major, with repeated phrasing that establishes A minor as the tonal center. The use of chords like G major and Bb major/G minor is common within the context of A minor (Aeolian or modal variations)."
30370,C minor,90,"The chord sequence consistently revolves around C minor, G major, and Eb major, which are staple chords in the key of C minor. The high chroma activations for G, C, and D#/Eb further confirm C as the tonal center."
30518,Eb minor,95,"The chord sequence consists almost entirely of an alternation between Eb minor and B major 7, which strongly establishes Eb minor as the tonal center. This harmonic structure is supported by the chroma activations, which show significant peaks at Eb, F#, Bb, and B, all of which are consistent with the Eb minor scale."
30519,Eb minor,95,"The chord sequence consists of a repetitive cycle of Eb minor, Bb minor, and Ab major, which are all diatonic to the Eb minor scale. The chroma activations reinforce this, with significant peaks on Bb, D# (Eb), and G# (Ab), confirming the key of Eb minor."
30520,Ab minor,85,"The chord sequence heavily features Ab minor and Eb minor (enharmonically D# minor), along with F# major, which are all diatonic to the Ab minor scale (i, v, and VII). The chroma activations, showing strong peaks for Ab (G#), Eb (D#), F#, and Bb (A#), further confirm this tonal center."
30521,Eb minor,90,"The chord sequence relies heavily on chords diatonic to the Eb minor scale (i, III, iv, VI, VII), such as Eb minor, F# major, Ab minor, B major, and C# major. The frequent repetition of the Eb minor chord strongly establishes it as the tonic key."
30544,D minor,90,"The harmonic progression is dominated by D minor, F major, G minor, and A major chords. The frequent use of A major as a dominant and the absence of a C major chord strongly suggest D minor as the tonic. Furthermore, the chroma activations strongly highlight the notes F, A, and D, which form the D minor triad."
30838,Ab major,80,"The chord sequence is dominated by a sustained Ab major chord, which strongly suggests Ab major as the tonic. The most prominent chroma activations (G#, C, D#) align perfectly with the notes of the Ab major triad."
30839,F# major,45,"The chord sequence includes F# major and Eb minor (enharmonically D# minor), which are both diatonic to F# major. The chroma activation is centered around C#, which is the dominant of F# major, supporting F# as the tonic."
30840,E major,90,"The chord sequence consists primarily of E major, B major, and C# minor, which correspond to the I, V, and vi chords in the key of E major. The frequency and duration of the E major chord strongly point to it being the tonic."
30842,B minor,95,"The chord sequence is dominated by B minor, D major, G major, and E minor, all of which are primary chords in the B minor scale. The high chroma activation for B provides additional, strong support for B minor as the key."
30846,B major,95,"The chord sequence is overwhelmingly dominated by B major, which acts as the tonic, while the presence of F# major at the end functions as the dominant chord. This harmonic structure strongly points to B major as the key."
30847,F major,85,"The chord progression relies on D minor, F major, B-flat major, and G minor, which are all diatonic to the F major scale. The chroma activations show significant strength in F, C, and B-flat, strongly reinforcing F major as the tonic key."
30848,G major,90,"The chord progression of G major and C major strongly suggests a key of G major, with the chords alternating in a clear I-IV relationship. The chroma activations are consistent with the G major scale, providing strong further support for this assignment."
30977,Bb major,90,"The harmonic progression is clearly anchored in Bb major, featuring frequent use of the I (Bb), V (F), vi (Gm), and iii (Dm) chords. The chroma activations, which show strong presence of A, A#/Bb, F, and G, also align well with the notes of the Bb major scale."
30978,A minor,20,"As the chord data provides no useful information, the key was inferred from the chroma activations, which feature prominent peaks at A, G#, and G, indicating an A minor tonality."
30979,D minor,90,"The chord sequence frequently utilizes chords diatonic to the D minor scale, such as D minor, G minor, Bb major, and F major, while the ending sequence with A major points to a D minor tonality. This is further corroborated by the chroma activations, which show significant activity for the notes D, F, Bb, and A."
30980,A minor,85,"The chord sequence repeatedly centers around A minor, most notably in the recurring C-Bb-Am progression which is a common modal interchange often found in A minor or A Aeolian contexts. The extended duration of the A minor chord, combined with the presence of diatonic chords like D major and E minor, strongly supports A minor as the tonal center."
30981,C minor,90,"The chord sequence is heavily centered around C minor and Bb major, which are the i and VII chords in the key of C minor. The inclusion of D minor and G minor/major chords further supports C minor, and the chroma activations reinforce this by highlighting C, G, and Bb."
30982,D major,95,"The chord sequence centers on D major, frequently using the Dmaj7 chord as a tonic. The progression includes typical functional harmony for D major, such as the ii-V-I (Emin7-A7-Dmaj7) and the borrowing of the minor iv chord (G minor). The chroma profile strongly aligns with the D major scale."
30983,A major,40,"The harmony is highly chromatic and does not follow a standard functional progression, making the key ambiguous. However, A major is selected as the tonic because A major and E major appear frequently, providing a loose tonal anchor amidst the non-diatonic chords."
30984,A major,65,"The chord progression frequently cycles through A major and C# minor, which are both diatonic to the key of A major. The recurring C major chord acts as a common chromatic mediant (bIII) within this harmonic context, suggesting A major as the underlying key."
30986,G minor,85,"The chord sequence is heavily anchored around G:min and frequently includes related chords like Bb:maj, D:min, and A:maj. The inclusion of A:maj strongly points to the G harmonic minor scale, which is consistent with the provided chroma activations and the overall harmonic progression."
30989,E minor,75,"The chord sequence (Am7, Gmaj, Bmin) is diatonic to the G major/E minor key signature. Combined with the high chroma activation for E, E minor is the most likely tonic."
31012,G minor,90,"The chord sequence is almost entirely composed of G-rooted chords, including G major, G minor, and G7. The high frequency of G minor, combined with the chroma activations of G, D, E, and F, strongly supports G minor as the tonic."
31126,D minor,90,"The chord progression prominently features D minor and A7 chords, establishing a strong i-V relationship in the key of D minor. The chroma activations also support this key, showing significant weight on the tonic (D) and the minor third (F)."
31152,C minor,75,"The chord sequence prominently features chords like Ab7, Bbmin7/Bb7, Eb7, Fmin7, and C7, which are functional within the C minor key, especially with C7 serving as the dominant. Despite the chromaticism and high C# chroma value, the harmonic progression is most consistent with a C minor tonality."
31160,Bb minor,85,"The chord progression frequently utilizes Bb minor, F minor, Ab major, and C#/Db major, all of which are highly compatible with the key of Bb minor. The chroma activations showing prominence of F, G#/Ab, and A#/Bb further reinforce this tonal center."
31201,F# major,95,"The chord progression features several chords (F# major, C# major, B major, Eb minor, Bb minor) that are native to the F# major scale. The inclusion of the Ab major chord functions effectively as a secondary dominant (V/V) leading into the C# major (V) chord, strongly supporting F# major as the tonal center."
31202,F# major,90,"The chord sequence frequently alternates between F# major and its relative minor, Eb minor (D# minor). The chroma activations, which show strong presence of the notes F#, G#, A#, C#, and D#, are consistent with the F# major scale."
31206,E major,95,"The chord progression consists of E major, F# minor, and A major, which are the I, ii, and IV chords in the key of E major. The chroma activations also support this, showing prominent E and B pitches."
31207,A minor,90,"The chord sequence consistently revolves around an A minor tonality, with the frequent use of the D major chord suggesting the A Dorian mode. This is strongly reinforced by the chroma distribution, which shows peaks at A, E, F#, and G."
31208,Ab major,85,"The harmony is anchored by Ab major chords, which are supported by the chroma peaks at G# and D#, corresponding to the tonic and fifth of the Ab major triad. While the sequence contains non-diatonic chords like B major and Eb minor, Ab major remains the most coherent choice for the key."
31209,B minor,95,"The chord sequence consistently features B minor, D major, and F#7 chords, establishing a strong i-III-V relationship. The frequent resolution of the dominant F#7 chord into the B minor tonic chord confirms B minor as the key."
31218,Eb major,75,"The chord sequence primarily utilizes chords diatonic to the Eb major scale (or its relative minor, C minor), such as Eb major, C minor, F minor, Bb major, and Ab major. The chroma activations are also consistent with the Eb major scale, showing prominent peaks for notes like Eb, F, G, Ab, Bb, and C."
31220,G major,75,"The chord sequence consistently circles around G major, with diatonic chords like E minor and A minor supporting the tonality. While the frequent appearance of Eb major 7 and the shift to Bb major and G minor towards the end suggest modal interchange or potential modulations, G major remains the most consistent tonal center."
31221,D minor,80,"The chord sequence, particularly the progression of Gm-C-F-Dm, strongly suggests F major or its relative minor, D minor. The chroma activations show a clear dominance of D, which, combined with the presence of multiple D minor chords, points to D minor as the most likely tonic."
31222,B minor,85,"The chord sequence consistently revolves around B minor, which appears frequently throughout the piece. The chroma activations support this with strong peaks at B and F#, which are the primary notes of the B minor tonic triad."
31223,B minor,90,"The chord sequence consists of B minor, E minor, and D major, all of which are diatonic to the B minor scale. The chroma activations show strong peaks at A, F#, D, and E, which are consistent with the B minor/D major relative key pair, with B minor being the more likely tonic given the frequent appearance of the B minor chord."
31224,G minor,95,"The progression is heavily centered on G minor, which appears as the tonic for the majority of the duration. The chroma data reinforces this with a strong G, D, and A# (enharmonic to Bb) presence, consistent with a G minor key."
31227,C major,95,"The chord sequence is dominated by C major, with strong presence of F major, G major, and A minor, which are all diatonic chords in C major. The chroma profile strongly supports this as well, showing significant peaks at C and G."
31231,C major,95,"The chord sequence containing G, C, and F chords strongly suggests the key of C major, as these function as the dominant (V), tonic (I), and subdominant (IV) chords in that key. The chroma data aligns with this, showing strong activations at C, E, F, and G, which are all prominent notes in the C major scale."
31257,C major,65,"The chord sequence features significant chromaticism, but C major is established as the primary tonal center with the longest and most frequent sustained chords. The chroma data further reinforces this conclusion with strong activations corresponding to the notes of the C major scale."
31345,B minor,85,"The chord sequence frequently cycles through D major, F# major, and B (minor/major), which is a common progression in the key of B minor (i-III-V). The chroma analysis confirms this with strong activations for B, D, and F#, specifically showing a preference for D natural over D#, which supports the minor tonality."
31346,C# major,95,"The chord sequence consists of an alternating pattern between C# major and F# major chords, which functions as a I-IV progression in the key of C# major. The chroma profile strongly correlates with these notes, supporting C# as the tonic."
31357,G major,45,"The chord sequence is highly chromatic and does not follow traditional functional harmony, but the frequent appearance of Gmaj7 and the prevalence of G, A, and F# in the chroma activations point towards G major as the most plausible tonal center."
31358,B major,95,"The progression is consistently built around the B major tonic, with frequent use of Bmaj7, Emaj7, F# major, and Eb minor (which functions as the iii chord). This sequence is entirely diatonic to B major, and the chroma profile supports this with strong peaks at B and A#."
31359,D minor,50,"The harmony alternates between D minor and B minor, creating significant ambiguity throughout the sequence. D minor was selected as the key due to the slightly higher chroma activation for F natural and the frequent presence of D minor in the harmonic progression."
31362,A major,90,"The chord sequence heavily features A major, C# minor, and E major, which are the I, iii, and V chords in the key of A major. The frequent occurrence of chords labeled as 'Ab' (likely mislabeled G# chords due to enharmonic equivalence) further confirms this, as G# is the leading tone in the key of A major."
31363,D major,80,"The chord sequence starts with minor harmonies, but progresses towards a clear D major tonal center, evidenced by the cadence A:7 to D:maj at the end. The chroma activations, which strongly highlight D, F#, G, and A, also align well with the D major scale."
31365,F# minor,85,"The chord sequence consists primarily of B minor, C# minor, F# minor, and A major, which are all diatonic to the F# minor scale. The high chroma activation for F# reinforces this as the tonal center."
31366,A minor,85,"The chord sequence frequently uses A minor, C major, E major, and F major chords. The recurring use of E major, often acting as the dominant (V) chord for A minor, is a strong indicator of the key of A minor, specifically drawing from the harmonic minor scale."
31367,C minor,95,"The chord sequence consistently revolves around C minor as the tonal center, supported by frequent occurrences of the Bb major, Eb major, and F major chords. The chroma profile confirms this with strong activations on C, Eb, and Bb."
31426,A minor,90,"The chord sequence consists primarily of A minor, C major, G major, F major, and E minor chords, which are all diatonic to the A minor scale. Given that the progression frequently returns to A minor and emphasizes it, A minor is the most plausible key."
31427,B minor,85,"The chord sequence centers around the B minor, D major, and F# major chords, which strongly suggest a B minor tonality. The recurring F# major chord functions as a dominant to B minor, and the chroma activations of B, D, and F# further support this tonal center."
31428,Ab minor,90,"The chord sequence relies heavily on Ab minor (often labeled as G# minor) and related chords such as C# minor, E major, B major, and F# major, all of which are diatonic to the Ab minor scale. The chroma analysis shows significant activations for the pitches in this key, confirming the tonal center."
31433,D major,85,"The chord sequence primarily revolves around the G-A-D progression, which corresponds to the IV-V-I cadence in D major, establishing it as the tonic. While the progression shifts later to include chords such as E minor, C major, and B major (suggesting a transition toward G major or E minor), the strong, repetitive emphasis on D major at the beginning and throughout the mid-section makes D major the most appropriate key label."
31435,E minor,95,"The chord sequence relies heavily on E minor as the home chord, supplemented by G major, C major, D major, and B major. These chords are characteristic of the E minor scale, with B major acting as the harmonic minor dominant."
31436,C major,85,"The chord sequence is primarily composed of chords diatonic to the C major scale, including C major, F major, G major, E minor, and A minor. While there are some chromatic elements, the frequency and duration of these diatonic chords, supported by the chroma activations, strongly indicate C major as the tonal center."
31437,E major,80,"The song predominantly features chords in E major (E, A, B, C#m) and begins and ends with E major harmonies. While there is a distinct middle section utilizing the parallel E minor key (Em, C, G, Am, D), the overall structure points to E major as the primary key."
31438,B major,85,"The chord progression frequently centers around B major, which is the most prominent chord and serves as the final and longest-held chord in the sequence. Although there are some non-diatonic chords like C major, the persistent return to B major and the high chroma value for B support this as the tonic."
31439,B major,95,"The chord sequence consistently revolves around B major, frequently utilizing the I (B:maj), IV (E:maj), V (F#:maj), and vi (Eb:min/D#:min) chords. The chroma profile strongly corroborates this, with the highest activations on B, F#, and D# (enharmonically Eb), which correspond to the tonic, dominant, and mediant degrees of the B major scale."
31440,C# minor,90,"The chord progression is dominated by C#m, A, and B chords, which correspond to the i, VI, and VII chords in the key of C# minor. The frequency of C#m as a starting point and focal point strongly indicates it as the tonic."
31441,C# minor,85,"The chord sequence consistently revolves around C# minor, with frequent use of A major and B major, which are standard chords in the key of C# minor. The chroma activations also strongly align with this, showing high values for the tonic (C#), the mediant (E), and the minor dominant (B), further confirming the key."
31446,D major,90,"The harmonic progression prominently features the D major, G major, A major, and B minor chords, which are characteristic of the D major scale. While the piece begins with an alternating B major and A major progression, the frequent and consistent return to the D-G-A-Bm sequence, especially in the latter half, strongly establishes D major as the tonal center."
31458,C minor,90,"The chord sequence is heavily centered around C minor, frequently using the relative major (Eb major) and the subdominant (F minor/major). The chroma activations also highlight C, Eb, and F as prominent pitches, confirming C minor as the tonal center."
31569,A minor,90,"The chord sequence is dominated by the A:min7 chord, with alternating D:maj/5 chords indicating a modal harmonic structure centered on A. This frequent repetition strongly points to A minor as the tonal center."
31573,A major,95,"The chord progression is dominated by A major, D major, and E major, which are the I, IV, and V chords in the key of A major. The chroma activations further support this, with A, E, and C# (the tonic triad) being among the most prominent pitch classes."
31577,A major,60,"The chord recognizer only identified A major, and the chroma activations peak at A, which is consistent with the A major scale. Given the large proportion of the track identified as N, the confidence is limited."
31578,A major,90,"The chord sequence consistently revolves around A major, primarily utilizing the IV (D major) and V (E major) chords to establish the key. The chroma activations are also strongly aligned with the A major scale, showing prominent peaks at A, C#, E, F#, and G#."
31629,F major,60,"The chord progression is dominated by F major and A minor, which are both diatonic to the key of F major. The chroma activations with high E, F, and C values also align well with the F major scale."
31636,A major,95,"The chord sequence consists almost entirely of an A major chord, which strongly suggests a key of A major. This is corroborated by the chroma activations, which show significant peaks at A, C#, E, and G#, corresponding to the notes of an A major 7th chord."
31866,D major,90,"The chord sequence is dominated by D major and A major, which function as the I and V chords in the key of D major. The presence of an F# minor chord, acting as the vi chord, further supports this key identification."
31871,C minor,95,"The chord sequence consistently revolves around a C minor tonic, with Bb major, Ab major/7, and G7 chords forming a clear i-VII-VI-V progression common in C minor. The frequent resolution of G7 to C minor confirms the key."
31991,Bb major,90,"The chord sequence consists primarily of repeating Bb major and Eb major chords, which is characteristic of a I-IV progression in the key of Bb major. The chroma profile further supports this with significant activations for D, F, and A# (enharmonic for Bb), which are the notes of the tonic chord."
31992,C major,75,"The chord sequence consists primarily of C major and E minor, which are the I and iii chords in the key of C major. The prominent E in the chroma activations aligns with both the E minor chord (as the root) and the C major chord (as the major third)."
31993,A minor,95,"The chord sequence consistently rotates through A minor, F major, C major, and E major/E7, which is a classic i-VI-III-V harmonic progression in the key of A minor. The frequent use of E major and E7 chords as the dominant functions to reinforce A minor as the tonic."
31994,Bb major,90,"The chord sequence primarily oscillates between Bb major and G minor, which are relative keys. The presence of Eb major and F major chords toward the end creates a strong progression in Bb major (IV-V), which confirms the tonic."
31995,E minor,60,"Since the chord sequence provides no information, the key is determined by the chroma activations. The most prominent pitches are E, G, and B, which together constitute an E minor triad."
31999,G major,85,"The chord sequence features a frequent G major chord and concludes with a clear ii-V-I (A minor-D major-G major) cadence, which is characteristic of the key of G major. Both the chord progression and the chroma activations, which show strong peaks on the notes E and G, strongly support G major as the tonic."
32000,A major,95,"The chord sequence consistently alternates between A major and E major, which strongly establishes A major as the tonic. The final progression of F# minor to B major is well-supported within the key of A major (functioning as a vi-ii progression), and the chroma activations align perfectly with the notes of the A major scale."
32001,G major,85,"The chord progression is dominated by the alternation of G major and C major chords, which establishes a clear I-IV relationship characteristic of G major. The presence of a B minor chord, acting as the iii chord, further confirms G major as the likely tonal center."
32002,F major,90,"The chord sequence consists primarily of Fmaj, Cmaj, Gmin, Amin, and Dmin, all of which are diatonic to F major. The Gmaj chord frequently functions as a secondary dominant (V/V) in this key. The chroma activations are also consistent with the F major scale."
32005,G minor,90,"The harmonic progression is dominated by G minor, Eb major, and D minor, which are all chords found within the G minor scale (i, VI, and v). The chroma analysis further supports this, with high values for G, D, and Eb (the tonic, fifth, and sixth degrees)."
32006,E major,95,"The chord sequence oscillates between E major and A major, with E major appearing for the longest total duration, suggesting it is the tonic. The chroma analysis shows significant activations for the tonic (E), major third (G#), and perfect fifth (B) of the E major scale, confirming this as the likely key."
32007,G minor,95,"The chord sequence is composed primarily of Eb:maj7, G:min, D:min, and F:maj, which correspond to the VI, i, v, and VII chords in the key of G minor. This harmonic progression is highly consistent with the G natural minor scale, and the chroma activations confirm the prominence of these scale degrees."
32008,C minor,95,"The chord sequence revolves around C minor and F minor chords, which function as the i and iv chords in the key of C minor. This interpretation is well-supported by the chroma activations, which show significant weight on the C minor triad notes."
32011,B minor,95,"The harmonic progression predominantly features B minor and A major chords, which is a classic i-VII progression in B minor (often associated with the B Dorian mode). The chroma activations, which show strong weight on A, B, E, and C#, strongly support this analysis."
32012,C minor,95,"The chord sequence is composed primarily of Cmin7, Ebmaj7, and Fmin7, which are all diatonic to the C minor scale, making C minor the most logical tonal center. The chroma activations further support this, with strong values for the notes C, D, Eb, G, and Bb, which are consistent with the C natural minor scale."
32013,B minor,95,"The chord progression is dominated by B minor for the majority of the duration, with a G major chord serving as the submediant (VI). The high B chroma activation provides strong corroborating evidence for B minor as the tonic."
32068,D minor,75,"The chord progression features D minor, G minor, A minor, and Bb, all of which are diatonic to the D natural minor scale. The recurring use of E minor and A minor chords suggests a tonal center of D minor, as these chords function as the ii and v of the key."
32177,G minor,95,"The chord progression is characterized by a repetitive oscillation between Eb major and G minor, with G minor functioning clearly as the tonal center. The appearance of D major, which acts as the dominant chord in G minor, further solidifies this key choice, supported by the chroma activations showing strong emphasis on G and D."
32365,B major,90,"The chord sequence consists primarily of E major, F# major, and B major chords, which correspond to the IV, V, and I chords in the key of B major. The chroma activations further support this, as the most prominent notes (B, D#, F#, G#, A#) are all members of the B major scale."
32399,E major,95,"The chord sequence consistently features E major, A major, and B major, which are the I, IV, and V chords in the key of E major. The inclusion of F#:min as the ii chord further strengthens this harmonic context, and the chroma activations are consistent with the notes of E major."
32575,C major,95,"The chord progression is strongly rooted in C major, featuring frequent use of the tonic (C major), subdominant (F major), and other diatonic chords (D minor, A minor, E minor). The inclusion of E major as a secondary dominant (V/vi) leading to A minor is a common technique in this key."
32577,C# minor,90,"The chord sequence is heavily centered on C# minor, utilizing chords like F# minor (iv), A major (VI), B major (VII), and E major (III), which are all common in the key of C# minor. The chroma activations are also consistent with this analysis, showing high peaks for C#, E, and F#."
32581,D major,100,"The chord progression is clearly centered around D major, utilizing functional chords such as the tonic (D), dominant (A, A7), and ii (E minor). The presence of the G minor chord is a common borrowing of the minor iv, and both the chord sequence and the chroma activations (D, A, F#, E, C#) strongly point towards D major."
32611,Bb minor,95,"The chord sequence is dominated by Bb minor, frequently alternating with F# major and Ab major. This VI-VII-i progression is characteristic of the key of Bb minor, and the sustained focus on Bb minor strongly establishes it as the tonic."
32613,F minor,85,"The chord sequence consistently revolves around F minor, featuring related chords such as Ab major (the relative major), Eb major, and C minor (the dominant minor). The prevalence of these chords, along with the chroma activations of F, C, G, and Ab, strongly points to an F minor tonal center."
32696,C# minor,5,The chord recognizer returned no harmonic information and the chroma activations are relatively dispersed without a clear tonic. I have selected C# minor as a tentative key because C# showed the highest activation value.
32697,D major,95,"The chord sequence consists primarily of diatonic chords within the D major scale, including D, G, A, B minor, and F# minor. The prevalence of the tonic D major chord, along with the supporting subdominant and dominant chords, strongly indicates D major as the key."
32698,D minor,90,"The chord progression is dominated by D minor, A minor, G minor, and F major, which are all diatonic to D minor. The sequence frequently returns to D minor, making it the clear tonal center."
32699,C major,10,"The chord recognition output was 'N' for the entire duration, providing no harmonic information. The chroma activations are somewhat evenly distributed with only a slight emphasis on C, D, and E, making a confident determination of the key impossible; C major is selected as a default guess given the note distribution."
32700,C major,75,"The chord sequence frequently alternates between F major and G major, which are the IV and V chords in C major. The inclusion of C major, A minor, and E minor further reinforces a tonal center of C major, with the chromatic chords like A major and B minor serving as functional or decorative alterations."
32701,E major,95,"The chord sequence is dominated by E major and A major, establishing a strong I-IV relationship. The inclusion of C major and D major chords points to a classic rock or blues-influenced progression, and the chroma activations (with high values for E, G#, and A) are consistent with the E major scale."
32702,B major,95,"The chord sequence is dominated by B major, E major, and F# major, which correspond to the I, IV, and V chords in the key of B major. The inclusion of a C# major chord functions as a secondary dominant (V/V) leading into the F# major chord, providing strong evidence for B major."
32703,C major,40,"The chord sequence is sparse, featuring only a single C major chord amidst a large amount of unidentified harmonic content. However, the chroma activations show prominent values for C, E, G, and B, which are highly consistent with the notes of a C major or C major 7 chord."
32704,Ab minor,95,"The chord sequence consists entirely of an oscillation between Ab minor and Eb major. Given that Ab minor is the chord on which the progression begins and is used most frequently, it functions as the tonic of this harmonic movement."
32705,G major,95,"The harmonic progression is dominated by G major and C major chords, strongly suggesting G major as the tonic. This is further supported by the presence of E minor chords (the relative minor) and the high chroma activation peak at G."
32706,C major,60,"The chord sequence contains a significant amount of unidentified chords, but C major is the longest and most prominent chord identified. The chroma distribution is quite flat, reflecting the ambiguity of the provided segments, but C major remains the most likely tonic center."
32749,C major,95,"The chord sequence is dominated by C major, E minor, and A minor, which are all diatonic chords in C major. The consistent return to C major as the tonal center, along with the chroma activations supporting C, E, and B, strongly confirms C major as the key."
32751,A major,85,"The harmonic progression is dominated by alternating between A major and C# minor chords, with occasional B major chords, which are all congruent with the key of A major. The chroma activations support this conclusion, featuring strong peaks for A, C#, E, G#, B, and F#, which are all members of the A major scale."
32756,G minor,95,"The chord sequence primarily consists of repeating G minor, Eb major, and F major chords, which represents the i-VI-VII progression in G minor. The chroma activations show strong peaks at G, D# (Eb), and F, which are all integral notes in the G natural minor scale."
32759,E major,95,"The song is heavily anchored on the E major chord for the vast majority of the duration. The chord progression A major to A minor to E major is a classic cadence in the key of E major, and the chroma activations strongly support E as the tonic."
32771,C major,95,"The chord progression is dominated by the C major chord, which functions as the tonic. The frequent use of Bb major (the flat VII chord) alongside F major and C major strongly suggests a C Mixolydian harmonic context, which is common in rock and blues music."
32773,F major,90,"The chord sequence is heavily anchored around F major, with frequent D minor and G major chords. The chroma profile further supports this with strong activations for F, A, and G, which are consistent with the key of F major."
32802,A major,90,"The chord progression features D, A, F#m, Bm, and C#m, all of which are diatonic to the A major scale. The presence of the C#m chord (the iii chord) specifically points to A major rather than D major, where a C# diminished chord would be expected."
32803,F major,95,"The chord sequence consists primarily of F major and Bb major chords, representing the I and IV chords in the key of F major. The inclusion of a D minor chord, the relative minor, further strengthens the tonal center of F major."
32805,E major,95,"The chord sequence is overwhelmingly dominated by an E major chord, which lasts for over 50 seconds. The intermittent F# minor chords fit perfectly within the key of E major as the ii chord, and the chroma activations support the prominence of E, B, D#, and C#."
32806,C major,95,"The chord progression is built entirely on the I, IV, V, and vi chords of the C major scale (C, F, G, Am). The chroma profile also indicates C, F, and G as dominant tones, which strongly reinforces C major as the tonal center."
32831,A minor,90,"The chord progression frequently cycles between A minor and E major, establishing A minor as the clear tonal center. The inclusion of F major, G major, and C major chords fits well within the context of the A minor scale as the VI, VII, and III chords."
32844,G major,90,"The chord progression uses chords such as G major, D major, C major, E minor, and B minor, all of which are diatonic to the G major scale. The frequency of these chords, particularly the G major tonic and D major dominant, strongly supports G major as the key."
32869,Eb major,90,"The chord sequence consistently features Eb major, Ab major, Bb major, and F minor, which are characteristic of the key of Eb major. The chroma activations support this, with strong prominence of D# (Eb), G# (Ab), and A# (Bb). While the song modulates to E major near the very end of the segment, the primary key for the duration is Eb major."
32898,A minor,95,"The chord progression is dominated by the alternation between A minor and E major, representing a classic i-V relationship in the key of A minor. The presence of D minor also reinforces the harmonic functionality within the A minor key."
32899,D major,85,"The chord sequence consists primarily of A, D, and G, which correspond to the V, I, and IV chords in the key of D major. The recurring movement between A and D, along with the chroma activations supporting these notes, strongly indicates D major."
32900,G minor,65,"The chord progression is dominated by G minor, followed by an F major chord, which corresponds to the i and VII chords in the key of G minor. Given the limited harmonic information due to the unclassified chords, G minor is the most plausible tonic."
33124,G major,95,"The chord sequence consists primarily of diatonic chords from the key of G major, including G, C, D, E minor, A minor, and B minor. The chroma profile further supports this with strong activations for notes in the G major scale, particularly F#."
33152,D major,85,"The chord sequence consistently utilizes D, B, E, and A chords, which function as the I, VI, II, and V chords in the key of D major. The prominent cycle of chords and the frequency of these particular harmonies strongly suggest D major as the tonal center."
33171,E minor,90,"The song is heavily centered around E minor, which appears as the primary chord throughout the majority of the track. The accompanying A major and B major chords function well within the E minor harmonic context, and the high E chroma activation strongly supports E as the tonic."
33184,Ab major,95,"The chord sequence consists primarily of Ab, C#, and Eb chords, which correspond to the I, IV, and V chords in the key of Ab major. The chroma activations are also consistent with this analysis, showing a strong peak at G# (the enharmonic equivalent of Ab)."
33199,G major,95,"The chord progression heavily utilizes G major as the tonic, along with diatonic chords like C major, D major, and A minor, which are all native to the key of G major. Additionally, the chroma activations show high values for G, B, and D, providing further evidence for G major."
33200,Eb minor,95,"The chord sequence is heavily dominated by an Eb minor chord for the majority of the duration. The chroma profile confirms this key, showing significant activation for D# (Eb), A# (Bb), and F# (Gb), which correspond to the notes of an Eb minor triad."
33234,G minor,90,"The chord progression is heavily centered on the G minor chord, with the F# major/augmented chords functioning as a chromatic neighbor or secondary dominant. The chroma activations strongly support this with significant values for G, A# (enharmonic to Bb), F#, and D, all of which are essential notes in the G minor scale."
33235,D major,95,"The chord sequence consists entirely of D major, B minor, and A major chords, which are the I, vi, and V chords in the key of D major. The chroma activations align well with this key, showing strong peaks for D, A, C#, and B."
33263,C major,95,"The chord sequence is overwhelmingly dominated by the C major chord, supported by chroma activations that heavily emphasize the notes C, E, and G. The brief E major chord is a common chromatic color in C major."
33264,C major,90,"The chord sequence primarily revolves around the chords C, G, Am, and Em, which are all diatonic to the C major scale. The inclusion of D major acts as a common secondary dominant (V/V) leading to G, and the F major chord is a standard IV chord in the key of C major."
33276,G major,95,"The chord progression is dominated by G major chords with occasional C major chords, indicating a strong I-IV relationship characteristic of G major. The high chroma activations for G, D, and B further support this tonal center."
33277,A major,100,"The chord sequence consists almost entirely of A major, D major, and E major chords, which correspond to the I, IV, and V chords in the key of A major. The chroma activations align with this analysis, showing high values for the tonic, subdominant, and dominant notes."
33279,D major,85,"The chord sequence is heavily dominated by a D major chord, which lasts for the majority of the duration. The chroma profile, with strong activations for D and A, strongly supports D major as the tonal center."
33289,C major,95,"The chord sequence is dominated by repeated occurrences of C major, F major, and A minor, which correspond to the I, IV, and vi chords in the key of C major. This functional harmonic pattern provides a clear and strong indication that the song is in the key of C major."
33300,Ab major,85,"The chord sequence consists almost exclusively of an alternation between Ab major and F minor, which are relative major and minor chords in the key of Ab major. Given the frequent usage of the Ab major chord as a prominent anchor and the corresponding chroma activations, Ab major is the most likely key."
33301,D major,95,"The chord sequence consists almost entirely of an alternation between D major and A major, which indicates a strong I-V relationship in the key of D major. The chroma activations confirm this, showing high values for D, A, C#, and E, which are the primary notes of the D major scale."
33303,Eb major,95,"The chord sequence is heavily dominated by an Eb major chord, which lasts for over 50 seconds and strongly suggests Eb as the tonic. The chroma activations, particularly the high values for D# (Eb) and A# (Bb), provide strong supporting evidence for Eb major."
33305,G major,95,"The chord sequence consists primarily of G, C, and D7, which represent the I, IV, and V chords in the key of G major. The recurring resolution from D7 to G establishes G as the tonic."
33306,B major,95,"The chord progression alternates primarily between B major and E major chords. The frequent use and sustained duration of the B major chord, particularly at the very beginning and at the end of the sequence, strongly identify B major as the tonic."
33307,D major,90,"The chord progression is dominated by the D major chord, which appears frequently and for the longest durations, suggesting it functions as the tonal center. The sequence of D, G, and C chords is characteristic of D Mixolydian, and the chroma activations support the presence of notes within the D major/Mixolydian scale such as A, F#, and D."
33308,F major,95,"The chord sequence consists almost entirely of an F major chord. The chroma activations reinforce this tonality by showing high values for F and C, along with G, which is common as an add9 extension in F major contexts."
33309,C# major,95,"The chord progression is centered on C# major, frequently using the tonic C# major chord along with related chords like F# major (IV), Bb minor (vi), and Ab sus4 (V). This analysis is strongly supported by the chroma activations, which show high peaks for C#, G#, F#, and A#, all of which are primary notes in the C# major scale."
33310,C major,95,"The chord sequence is composed entirely of C major, F major, and A minor, which are all diatonic to the key of C major. The heavy emphasis on the C major chord and the chroma data showing a strong concentration on the C pitch class confirm C major as the tonal center."
33312,Eb major,85,"The chord progression prominently features Eb major (I), Ab major (IV), and Bb major (V), which strongly establishes Eb major as the tonic. The recurring F# major chord acts as a Gb major (bIII) chord, a common chromatic substitution, and the chroma activations are consistent with the Eb major scale."
33325,C# major,90,"The chord sequence consists primarily of C# major, Bb minor, and Ab major, which represent the I, vi, and V chords respectively in the key of C# major. The recurrence of C# major and its prominent position at the start and throughout the sequence makes it the most likely tonic."
33449,A major,90,"The chord sequence is clearly centered on A major, which appears frequently and has the longest duration. Additionally, the chroma activations show a strong prominence of the notes A and E, supporting A major as the tonic key."
33454,G major,95,"The chord sequence consists almost entirely of a G major chord, which strongly indicates G major. The chroma activations peak at B, D, and G, which are the constituent notes of a G major triad."
33525,Bb minor,85,"The chord sequence consistently revolves around Bb minor, with recurring use of Bb minor, Ab major, Eb minor, and F minor. This progression provides a clear harmonic center in the key of Bb minor, despite the initial Bb major chord."
33591,F major,75,"The chord sequence heavily features F major, Bb major, and G minor, which are all foundational to the key of F major. While Bb major is also a strong candidate given the frequency of the chord, the high chroma activation of F supports F major as the tonic."
33603,B minor,75,"The chord sequence consists entirely of B minor and B minor 7 chords. Despite a significant duration of unidentified chords, the harmonic content is centered firmly on B minor."
33615,B major,45,"The chord sequence provided no information, so the key was inferred from the chroma activations. The prominence of B, F#, G#, A#, and C# aligns strongly with the B major scale, and the highest activation for B suggests B as the tonic."
33629,E minor,95,"The chord sequence is heavily dominated by an E minor chord, which lasts for almost the entire 60-second duration. This is strongly reinforced by the high chroma activation for E, confirming E as the tonal center."
33850,G minor,90,"The harmonic progression prominently features G minor and its relative major, Bb major, along with other diatonic chords from the G minor scale, such as Eb major and F major. The consistent use of these chords strongly suggests G minor as the tonal center."
33985,A major,95,"The chord sequence consists primarily of A major, D major, E major, and F# minor, which are the I, IV, V, and vi chords of the A major scale. The chroma activations also support this, with strong prominence on the notes A, D, and E."
33994,E major,95,"The chord sequence heavily utilizes E, A, and B chords, which are the I, IV, and V chords of the E major key. The occasional appearance of the F# major chord functions as a secondary dominant (V/V), which is common in this harmonic context."
34082,A minor,90,"The harmonic progression centers around A minor, frequently utilizing chords such as A minor, D minor, F major, and G major. These are common chords within the A minor scale, and the clear focus on A minor as the recurring tonic strongly supports this conclusion."
34083,C major,95,"The chord sequence consists almost entirely of chords diatonic to the C major scale, including C major, F major, G major, and D minor, with C major serving as the consistent tonal center. The chroma activations reinforce this with high values for C and G, confirming C major as the key."
34085,C minor,85,"The chord sequence frequently resolves to C minor, which functions as the tonal center. The harmonic content, including chords such as Bb major, Ab major, Eb major, and F minor, fits well within the C minor tonality, and the chroma profile aligns with the notes of the C minor scale."
34119,D minor,85,"The chord sequence consistently revolves around D minor and C major, which function as the i and VII chords in the key of D natural minor. The presence of F major and Bb major further reinforces this tonality, indicating a strong D minor center despite the occasional use of D major."
34334,Eb major,75,"The chord sequence heavily features transitions between Bb major and Eb (major/minor), which strongly suggests an Eb major tonality where Bb functions as the dominant. The persistent B major chord is best explained as a chromatic mediant (bVI) of Eb major, and the chroma activations support the presence of notes like Bb, B, D#, and F#."
34442,E minor,90,"The chord progression is dominated by E minor, which persists for the majority of the sequence. The presence of B major acts as a strong dominant (V) chord, solidifying E as the tonic, while the occasional E major could be a modal interchange or tonicization commonly found in minor key songs."
34449,E major,75,"The sequence is dominated by E major and E minor chords, with E major holding a significantly longer duration. The chroma profile supports E as the tonic, showing strong activations for E, B, and D#, which strongly indicate an E major tonal center."
34456,E minor,85,"The chord sequence is heavily dominated by E minor, which spans the vast majority of the track's duration. The presence of an E major chord is common in E minor contexts, reinforcing the tonic rather than suggesting a key change."
34500,F# major,95,"The chord sequence consistently revolves around F# major, B major, and C# major, representing the I, IV, and V chords in the key of F# major. The Ab:min chords in the sequence are almost certainly enharmonic representations of G#:min, which is the ii chord in the key of F# major."
34501,A major,95,"The chord sequence prominently features A:maj, D:maj, E:maj, and F#:min, all of which are diatonic chords within the A major scale. The oscillation between A and D strongly supports A as the tonic."
34503,G major,95,"The chord progression is dominated by G major, C major, and E minor chords, which represent the I, IV, and vi chords in the key of G major. The high chroma values for G and C further reinforce G major as the tonic."
34976,C# major,90,"The chord sequence is dominated by a C#:maj chord for nearly the entire duration of the clip, which strongly points to C# major as the tonal center. While the chroma values show some activity in other notes, the prevalence of the C#:maj chord provides clear harmonic evidence for this key."
34978,D minor,20,"The chord recognition model provided no data, so the key was inferred from the chroma activations. The high prominence of D and A# (enharmonically Bb) suggests D minor, although the lack of clear harmonic information makes this prediction speculative."
35084,Ab major,90,"The chord sequence consists of chords that fit within the Ab major scale, specifically the tonic (Ab), subdominant (C# major/Db), and relative minor (F minor). The chroma activations, which show strong values for C, Db (C#), Eb (D#), and Ab (G#), further support the key of Ab major."
35086,C minor,95,"The chord sequence is dominated by C minor and C minor 7 chords, occupying the vast majority of the duration. The chroma activations reinforce this with significant peaks at C, Eb (D#), and Bb (A#), all of which are consistent with the C minor scale."
35219,F major,90,"The chord sequence primarily oscillates between Fmaj7 and Bbmaj7, which strongly establishes F major as the tonic. The prominence of F in the chroma activations and the final resolution to an F major chord further confirm this key."
35342,F major,95,"The chord sequence consists almost entirely of F major chords, punctuated by a single C major chord, which functions as the dominant in the key of F major. The chroma activations further support this, as they show high activity for F, C, and A, which are the primary notes of the F major triad."
35525,B minor,90,"The chord sequence consists primarily of B minor, D major, F# minor, G major, and A major, all of which are diatonic to the B minor and D major scales. Given that B minor is the most frequent chord and appears to act as a stable tonic throughout the progression, B minor is the most likely key."
35532,D major,75,"The chord sequence is dominated by frequent, repetitive use of D major and C# minor chords. Given the prominence of the D major chord and the supporting chroma activations (D, C#, A), D major is the most likely key, despite the chromaticism and non-functional nature of the progression."
35534,C major,95,"The chord sequence consists entirely of diatonic chords within the C major scale (C, Dm, Em, F, G, Am). The progression frequently returns to C major and utilizes common diatonic chord movements, strongly indicating C major as the key."
35537,F minor,95,"The chord sequence is heavily centered around F minor, which appears as the primary harmonic anchor throughout the clip. The chroma activations also support this, showing strong peaks at F, G#, and C, which are the notes of the F minor triad."
35543,E minor,95,"The chord sequence consistently revolves around E minor as the tonic. The recurring use of G major, D major, and A major chords, along with the prevalence of E minor, strongly indicates an E Dorian tonality centered on E minor."
35544,A minor,95,"The chord sequence repeatedly centers on A minor and uses common chords from that key, including C, D minor/major, E minor/major, F, and G. This is well-supported by the chroma activations, which show high prominence for A, C, D, E, and G, all of which are key notes in the A minor scale."
35547,E minor,95,"The progression is built from E minor, C major, and G major chords, which fit well within the key of E minor (i-VI-III). Given that E minor is the most frequent chord and begins and ends the sequence, it is the most likely tonic."
35548,E minor,80,"The progression starts by clearly establishing E minor with a repeating A:min, B:maj, E:min (iv-V-i) pattern. Although the latter half of the sequence shifts to an E major tonality, E minor remains the primary tonal center."
35549,A major,85,"The chord sequence centers on A, with frequent transitions between A major, A minor, and G major chords. The high chroma value for A and the consistent return to the A major chord suggest A major as the tonic, with the A minor and C major chords reflecting typical blues-rock modal mixture."
35552,F# minor,90,"The chord sequence consistently features F#m, D, A, and E, which is a classic i-VI-III-VII progression in F# minor. This is further supported by the high F# chroma activation."
35553,D major,95,"The chord progression repeatedly alternates between D major (I) and B minor (vi), which are the primary chords in the key of D major. The inclusion of G major (IV) and the F# major chord (which functions as the dominant of the B minor chord) further supports D major as the tonal center."
35750,B major,90,"The chord sequence is heavily dominated by a B major chord, which appears for more than half of the total duration. The chroma profile further supports this, as the highest activations correspond directly to the notes of the B major scale (B, C#, D#, F#, and A#)."
35754,C# major,95,"The chord sequence primarily oscillates between C# major (the tonic) and F# major (the subdominant), which is a standard I-IV relationship in the key of C# major. The chroma profile supports this, showing significant activity at C#."
35773,F minor,75,"The chord sequence consistently features F minor, Bb major, Eb major, and Ab major, which are standard components of the F minor harmonic landscape. Despite the significant amount of 'N' labels, these chords strongly suggest F minor as the tonal center."
36050,A minor,90,"The chord progression consistently revolves around A minor as the home chord, utilizing chords diatonic to the A minor scale such as C major, D minor, E minor, F major, and G major. The chroma profile with prominent E and A activations aligns well with the key of A minor."
36051,E minor,95,"The chord sequence is heavily centered on E minor as the tonic. The frequent return to E minor, combined with the use of B major as a dominant (V chord) and supporting chords like C major and D major, strongly establishes E minor as the key, consistent with the chroma activations."
36052,G minor,85,"The chord sequence is heavily anchored by G minor, which appears frequently throughout the progression. While there are chromatic elements like Ab major and C major, they are common in the context of G Dorian or G minor, and the chroma analysis shows G as the most prominent note, further supporting G as the tonic."
36053,B minor,90,"The chord sequence consistently revolves around B minor as the primary tonal center. The supporting chords, including D, E, G, A, and F# minor, are all characteristic of the B minor key (often featuring a Dorian inflection with the E major chord), and the chroma distribution further reinforces this with a strong emphasis on B, D, and C#."
36054,Bb minor,95,"The chord progression is heavily dominated by Bb minor, with minor subdominant (Eb minor) and minor dominant (F minor) supporting this tonality. The chroma activation confirms this with a strong peak at A# (enharmonic to Bb)."
36056,C minor,85,"The piece is centered in C minor, which is established by the frequent and prolonged use of the C minor chord throughout the majority of the segment. The presence of related chords like Eb major (the relative major) and G minor further reinforces this tonic, despite a later modulation towards D major and B minor."
36057,Bb minor,85,"The chord sequence is dominated by the Bb minor chord, which appears most frequently and for the longest total duration. Other chords such as C# minor, F# minor, and Eb minor frequently appear and are consistent with a key centered on Bb minor, and the chroma activation reinforces this with a high prominence for Bb (labeled as A#)."
36121,Eb minor,85,"The chord progression consistently features F# (Gb) major, Ab major, and Eb minor/major chords. In the context of Eb minor, these chords function as the bIII, IV, and i, respectively. The chroma activations align with this analysis, showing high peaks for Eb, Gb, and Ab."
36125,E major,85,"The chord sequence is heavily centered on E major, supported by the frequent use of the dominant B major chord. Despite later harmonic movement involving D major and E minor, E major remains the primary tonal center throughout the segment."
36126,E major,95,"The chord sequence is heavily dominated by E major and A major, which function as the I and IV chords in E major. The chroma profile supports this conclusion with high activations for the tonic (E), as well as the subdominant (A) and dominant (B) scale degrees."
36127,D major,90,"The song is dominated by the D major chord, with the C major chord functioning as a bVII, which is characteristic of a D Mixolydian progression often classified as D major. The chroma activations confirm D as the primary tonal center."
36128,B minor,90,"The chord sequence is heavily centered on B minor, with frequent use of B minor, E minor, and A major chords. The chroma profile also shows a strong emphasis on B, which further reinforces B minor as the tonic."
36130,G major,95,"The chord sequence is heavily dominated by a G major chord, which functions as the tonic. The presence of C major corresponds to the IV chord in the key of G major, and the chroma activations strongly support this with high values for G, B, and C."
36131,D major,90,"The chord sequence exclusively contains D major and D7 chords, which strongly indicates D major as the tonic. The chroma activations are also concentrated on notes that belong to the D major scale, such as D, A, and E, supporting this conclusion."
36384,B minor,95,"The chord sequence is heavily dominated by B minor chords, and the chroma activations peak at B and F#, which are the tonic and fifth of the B minor scale."
36385,E minor,95,"The chord sequence is dominated by E minor and G major, which are relative keys sharing the same key signature. The persistent repetition and focus on the E minor chord throughout the progression strongly indicate E minor as the tonic."
36388,A minor,95,"The chord sequence primarily utilizes A minor, G major, D major, and B minor chords, which are all diatonic to the A Dorian mode. The frequent repetition of A minor as the primary chord strongly establishes A as the tonic."
36389,E minor,95,"The chord sequence consists primarily of Em, D, C, and Bm chords, which are all diatonic to the E minor scale. The chroma activation further supports this, with E showing the highest activity among the notes."
36393,Bb minor,90,"The chord sequence is consistently grounded in Bb minor, featuring the tonic chord and a prominent F major dominant. The frequent use of F# major serves as a bVI chord, and the final Bb major chord serves as a Picardy third conclusion, confirming the tonic."
36481,A major,90,"The chord progression is dominated by A major, D major, and B minor chords, which function as the I, IV, and vi chords in the key of A major. This tonal center is reinforced by the prolonged duration of the A major chord throughout the piece."
36482,D major,95,"The chord sequence is dominated by D major, G major, and E minor chords, which are all diatonic to the key of D major. The presence of a B minor chord further reinforces the key as the vi chord in D major."
36483,C major,95,"The chord sequence relies heavily on C major, F major, G major, and A minor chords, all of which are diatonic to the C major scale. The frequent alternation between C and F major chords strongly establishes C as the tonic."
36484,C major,95,"The chord sequence consists primarily of G, C, F, and A minor chords, which are all diatonic to the C major scale. The consistent use of the G major chord as a dominant and the presence of the F and A minor chords strongly support C major as the tonic."
36485,C major,95,"The chord sequence is composed entirely of chords diatonic to the key of C major, with frequent alternation between C major and A minor, punctuated by F major and G major chords. The harmonic movement clearly points to C major as the tonic."
36486,D minor,85,"The chord sequence consists primarily of D minor, F major, and A minor, which are all diatonic to the key of D minor. The occasional use of A major acts as a dominant (V) chord resolving to D minor, strongly supporting D minor as the tonic."
36487,G minor,75,"The harmonic progression is heavily centered on G, oscillating frequently between G minor, G major, and Bb major. The inclusion of F major and C major further supports a G minor context, likely drawing from blues-inflected harmony where the distinction between major and minor tonic qualities is fluid."
36488,G major,90,"The chord progression is dominated by C major, D major, G major, and A minor chords, which are all diatonic to the key of G major. The frequent use of D major (the dominant chord in G) strongly reinforces G major as the tonal center."
36490,F major,85,"The harmonic sequence is dominated by frequent alternations between F major and A minor, alongside common diatonic chords in the key of F major such as Bb major, C major, and G major. The presence of the Bb major chord (the IV chord in F) strongly anchors the tonality in F major over A minor."
36572,C major,75,"The chord sequence primarily consists of C major, G major, and E minor. These chords are diatonic to the C major scale, and the progression strongly suggests C major as the tonal center."
36573,G major,95,"The chord sequence consists of repeated alternations between G major and C major, which strongly define the key of G major (I-IV progression). The chroma activations support this conclusion, with G and B appearing as prominent notes."
36574,G major,95,"The chord progression alternates consistently between G major and C major, identifying the song as being in the key of G major. The chroma profile further supports this, with the highest activations occurring at G, B, and D, which form the tonic triad."
36575,Bb major,95,"The chord sequence consists entirely of alternating Bb major and Eb major chords, which strongly suggest the tonic (I) and subdominant (IV) chords in the key of Bb major. This analysis is further supported by the chroma activations, which show prominent peaks on Bb and D, the root and third of the tonic triad."
36576,Bb major,95,"The chord sequence consists almost entirely of Bb major and Eb major, which form a strong I-IV progression in the key of Bb major. The chroma activations are also concentrated on the notes D, A# (enharmonic to Bb), F, and D# (enharmonic to Eb), supporting this tonality."
36577,A major,95,"The chord progression is built primarily on the I (A major), IV (D major), and V (E major) chords, which are the fundamental chords in the key of A major. The inclusion of the ii chord (B minor) is consistent with this key, and the chroma profile, with strong activations for A, C#, and E, further confirms A major as the tonic."
36579,E major,90,"The chord sequence consists almost entirely of an alternation between E major and A major, which is a common I-IV harmonic progression in the key of E major. This strongly defines the tonic as E."
36580,G major,95,"The chord sequence is dominated by G major, C major, and D major chords, which correspond to the I, IV, and V chords in the key of G major. This functional harmonic progression is supported by the chroma activations, which show strong peaks at G, B, and D, matching the notes of the tonic G major triad."
36737,E minor,95,"The chord progression is dominated by an oscillation between E minor and B major, which is a textbook i-V relationship in the key of E minor. The frequent use of C major, which functions as the VI chord in this key, further reinforces E minor as the tonal center."
36738,C major,90,"The chord sequence consists primarily of F major and C major chords, which function as the IV and I chords in C major. The presence of A minor and D minor further supports this key, representing the vi and ii chords respectively."
36747,C major,25,"Due to the absence of chord data, the key was determined solely from chroma activations. The presence of E, D, C, and B, in conjunction with the relative strength of C, suggests a tonal center of C major, although the lack of harmonic context makes this estimate uncertain."
36749,F# major,90,"The chord progression consistently repeats a pattern of F#-C#-E-B, which is a classic I-V-bVII-IV progression in the key of F# major. The presence of the E major chord as a flat-seventh chord is common in this context."
36751,D major,30,"The chord recognition failed to provide information, but the chroma activations show prominent peaks on D, A, and G, suggesting D major as the key."
36757,C major,95,"The chord sequence heavily features C major, F major, and G major, which correspond to the I, IV, and V chords in the key of C major. The chroma activations with high values for C and G further reinforce this analysis."
36762,Eb major,90,"The chord sequence centers around Eb major, with F# (Gb) and C# (Db) functioning as common chromatic mediants (bIII and bVII) in the key of Eb. The chroma activations are also strongly centered on D#/Eb and A#/Bb, which are the tonic and dominant of Eb major."
36763,F# major,90,"The chord progression is dominated by chords diatonic to the F# major scale, specifically F# major, C# major, B major, and Eb minor. The chroma activations also show high values for the key's tonic, dominant, and sixth scale degrees, confirming the F# major key."
36764,F# major,95,"The song is dominated by the F# major chord for the majority of the duration. Additionally, the chroma activations strongly align with the notes found in the F# major scale, specifically highlighting C#, G#, F (enharmonic E#), A#, and F#."
36765,A minor,10,"The chord recognition model provided no usable harmonic data, and the chroma activations are relatively dispersed without a clear tonic. However, the highest activations (A, B, C, D, E, G) are consistent with the A minor scale, which shares the same notes as C major, making it a plausible choice given the lack of other information."
36768,Eb minor,90,"The harmonic progression predominantly alternates between Eb minor and B major, with occasional Ab minor chords. In the key of Eb minor, B major functions as an enharmonic spelling of the VI chord (Cb major), and Ab minor acts as the iv chord. The chroma activations also emphasize notes present in the Eb minor scale, such as Bb (A#), Gb (F#), and Cb (B), supporting this conclusion."
36771,B major,60,"Although the chord recognition data is sparse and mostly contains unrecognized segments, the presence of a B:major chord suggests a B major tonic. The chroma activations are consistent with this, highlighting notes like B, C#, D#, G#, and A#, which are all part of the B major scale."
36772,F# major,90,"The chord sequence consists of chords that are all diatonic to F# major, including the I (F#), IV (B), V (C#7), ii (G#m), iii (A#m), and vi (D#m) chords. The chroma profile further supports this with high activations for F#, C#, D#, and B, which are essential notes in the F# major scale."
36773,B major,95,"The chord sequence consists primarily of alternating between B major and Eb minor, which acts as the D# minor (iii) chord in the key of B major. The chroma profile further supports B major, with strong activations for the tonic (B), mediant (D#), and dominant (F#) degrees of the scale."
36774,C# major,20,"Since the chord sequence was entirely uninformative, I relied solely on the chroma distribution. The prominent peaks at C#, D#, F#, and G# strongly suggest a C# major tonality, as these correspond to the first, second, fourth, and fifth degrees of the scale."
36777,C# minor,85,"The chord progression is centered around C# minor, supported by the presence of E major (the relative major) and B major chords. The frequent, brief tonicizations using C# major chords are a stylistic device within this minor key context, and the chroma activations strongly align with the C# minor scale."
37085,G major,85,"The chord progression is overwhelmingly dominated by a G major chord, which lasts for more than half the song's duration. Additionally, the chroma activation data shows G as the most prominent pitch, which strongly points to G major as the tonic."
37087,G minor,95,"The chord sequence consists of a repeating Gm, Cm, and Eb pattern, which is a common progression in the key of G minor (i-iv-VI). The chroma activations are also fully consistent with the notes of the G minor scale, providing additional support for this conclusion."
37088,C major,95,"The chord sequence consists of a repeating descending diatonic progression (Fmaj7, Emin7, Dmin7, Cmaj7), which is characteristic of the C major scale (IV-iii-ii-I). The presence of Amin7, the relative minor, further solidifies C major as the tonal center."
37096,E minor,85,"The chord sequence primarily features E minor, G major, C major, D major, and A minor, which are all diatonic to the E minor scale. The frequent and consistent return to E minor as a tonal center strongly suggests it as the key of the piece."
37106,B minor,95,"The chord progression is dominated by B minor, E minor, and F# major/7, which correspond to the i, iv, and V chords in the key of B minor, clearly establishing it as the tonic. Despite a few chromatic chords later in the sequence, the structural harmony consistently resolves to and centers around B minor."
37107,A major,85,"The chord sequence alternates between A major and E major, which is a classic I-V progression in the key of A major. Despite some noise in the chroma and unrecognized chord segments, these chords are consistent with an A major tonality."
37110,B minor,95,"The chord sequence cycles repeatedly through B minor, F# minor, and G major. These represent the i, v, and VI chords in the key of B minor, and the chroma activations strongly align with the notes found in the B minor scale (B, D, F#)."
37138,C major,75,"The chord sequence is dominated by a long duration of C major, which serves as the clear tonal anchor. Despite subsequent chromatic chord movements, the prevalence of C major and the supporting chroma activations for C and E strongly point towards C major as the key."
37368,Eb major,95,"The song consistently employs the ii-V-I progression (Fm7-Bb7-Eb) and other diatonic chords like Ab major and C minor, which strongly establishes Eb major as the key. The chroma activations reinforce this analysis, with significant weight placed on the tonic (Eb), dominant (Bb), and other scale-related notes."
37457,D major,95,"The chord sequence is dominated by a repeated G major, A major, and D major pattern, representing a clear IV-V-I progression in the key of D major. The chroma activations align with this analysis, showing the highest energy at D, A, and G, which are the fundamental notes of the D major scale's tonic, dominant, and subdominant chords."
37459,D major,90,"The chord sequence is dominated by the repeating A:min - G:maj - D:maj progression, which is common in D Mixolydian or D major. The secondary section (B:min - G:maj - E:maj - A:maj) further reinforces D major, with the E:maj functioning as a secondary dominant (V/V) leading to the dominant A:maj."
37461,D major,95,"The chord progression consistently uses G major (IV), A major (V), and D major (I), which strongly defines D major as the tonal center. This is further supported by the chroma activations, which show D and A as the most prominent pitches."
37593,F# major,95,"The chord progression is heavily focused on F# major and F#maj7, which serve as the tonic. The occurrence of C# major as a dominant chord, combined with the strong chroma peaks on F# and C#, clearly points to F# major as the key."
37602,Eb major,85,"The chord progression relies heavily on Eb major and C minor, with frequent use of the bVII chord (Db major, enharmonically spelled as C#maj7). This is a common harmonic pattern in Eb major. The chroma activations showing high prominence of G and Eb further support Eb major as the tonic."
37622,Eb major,95,"The chord progression consistently uses the chords Eb major, C minor, Ab major, and Bb major, which are the I, vi, IV, and V chords in the key of Eb major. The chroma profile further supports this key, showing strong activations for the notes Eb, Ab, and C."
37623,E major,95,"The chord sequence centers around E major and includes chords such as A, B, C# minor, and F# minor, which are all diatonic to the key of E major. The chroma profile further supports this, as the highest activations strongly align with the notes found in the E major scale."
37624,C minor,90,"The chord progression frequently centers around C minor, supported by related diatonic chords like Eb major and Bb major. The high chroma values for G and C further reinforce C minor as the tonal center."
37625,E major,95,"The chord sequence is heavily dominated by E major, A major, B major, and C# minor, which are the I, IV, V, and vi chords of the E major key. The chroma activations show E as the most prominent note, reinforcing E major as the tonal center."
37626,C major,95,"The chord progression relies heavily on the primary chords of C major (C, F, G, Am, Dm), following a standard I-vi-ii-V pattern. The inclusion of an E major chord serves as a common secondary dominant (V/vi), and the chroma activations provide strong additional evidence for the C major tonality."
37627,C# major,95,"The chord sequence consists primarily of C# major, Bb minor, F# major, Ab major, and F minor, which corresponds to the I, vi, IV, V, and iii chords in the key of C# major. This is a very common harmonic progression in this key, and the chroma activations are also consistent with the C# major scale."
37628,Bb major,95,"The chord sequence features a progression of Bb major, F major, G minor, D minor, and Eb major, which are all diatonic chords within the key of Bb major. The chroma activations are also consistent with the Bb major scale, showing high prominence for the notes Bb, F, D, and A."
37711,D minor,90,"The chord sequence is overwhelmingly centered on D minor, which accounts for the vast majority of the duration. The final D major chord is a brief shift, while the chroma activations strongly support D as the tonic."
37713,D minor,95,"The chord sequence consists almost entirely of alternating D minor and G minor chords, which strongly points to D minor as the tonic. The chroma data further supports this, showing significant activations for D, F, and A, which are the root, third, and fifth of the D minor triad."
37743,D major,95,"The chord sequence heavily repeats a pattern of D major, C major, and G major, which is a characteristic I-bVII-IV progression found in the key of D major (utilizing the Mixolydian mode). The chroma activations reinforce this with significant activity on D and A, confirming D as the tonic."
37876,D major,95,"The chord sequence heavily utilizes the primary chords of the D major scale, including D (I), G (IV), A (V), Bm (vi), and F#m (iii). The frequent resolution to the D major chord and the chroma activations, which are highest at D and G, strongly support D major as the key."
37956,C major,85,"The chord sequence predominantly features C major, F major, and G major chords, which are the I, IV, and V chords in the key of C major. The chroma activations are also consistent with this analysis, showing prominent F, G, and C components."
37981,Bb major,90,"The chord sequence consistently revolves around Bb major, with frequent use of I (Bb), IV (Eb), ii (Cmin), and V (F) chords. The recurring motif of Ab-G-Cmin-Bb incorporates common chromatic elements (such as the borrowed bVII and secondary dominants) often found in pop-rock harmonic progressions, confirming Bb as the tonic."
37982,G major,90,"The chord sequence heavily utilizes the chords E minor, G major, and C major, which correspond to the vi, I, and IV chords in the key of G major. The inclusion of a D major chord (the V chord) and the chroma activations, specifically the higher prominence of F# compared to F, strongly support G major as the tonic."
37983,F# minor,90,"The chord sequence is dominated by F# minor, E major, A major, and D major chords, all of which are diatonic to the F# minor scale. The chroma activations further support this, with high values for F#, A, C#, and E, which are the primary notes of the F# minor key."
37984,E major,95,"The chord sequence consists primarily of E major, A major, and B major, representing the I, IV, and V chords in the key of E major. The presence of F# minor and F# major as secondary chords further supports this key, and the chroma activations strongly highlight E, B, and G#, which are the primary chord tones of E major."
37985,C major,95,"The chord sequence consists entirely of chords found in the C major scale (C, G, Dm, F), and the tonic chord C major has the longest duration. Additionally, the chroma activations show strong peaks for C and G, which further supports C major as the key."
38506,E major,95,"The chord sequence consists primarily of E major, Ab minor (enharmonic to G# minor), and F# major, which are chords strongly associated with the E major key. The chroma activations reinforce this conclusion, with E, D#, and F# being among the most prominent notes."
38508,A major,100,"The chord sequence consists primarily of the chords A major, F# minor, and D major, which correspond to the I, vi, and IV chords of the A major key. This harmonic progression is strongly supported by the chroma activations, which show high peaks at A, D, F#, and C#, all of which are characteristic notes of the A major scale."
38510,Ab major,95,"The chord sequence consistently alternates between Ab major (I) and C# major (IV, which is enharmonic to Db major), establishing Ab major as the clear tonic. The chroma analysis strongly supports this, with G# (enharmonic to Ab) being the most prominent pitch."
38511,C major,90,"The chord progression frequently cycles through F major, E minor, and C major, all of which are diatonic to the C major scale. The chroma activations are also dominated by C, E, and B, which are notes strongly associated with the key of C major."
38514,G major,95,"The chord sequence consists of a repeating D-G-C-Am progression, which functions perfectly within the key of G major as V-I-IV-ii. This analysis is strongly supported by the chroma activations, which show high values for G, D, C, and E, consistent with the notes in these chords."
38515,B major,85,"The chord sequence oscillates between B major and Eb minor, which is enharmonically equivalent to the D# minor chord. Given that B major is the relative III chord of D# minor and also the starting and ending chord of the sequence, B major is the most likely tonic, with the progression functioning as I-iii."
38548,A major,95,"The chord progression relies entirely on A major, D major, and E major, which correspond to the I, IV, and V chords in the key of A major. The chroma activations further support this, with A and D being the most prominent notes."
38555,Bb major,90,"The chord sequence is heavily anchored on Bb major for most of the duration. The subsequent transition through Eb and Ab is characteristic of a blues-inflected Bb mixolydian tonality or standard functional movement within the key of Bb major, which is consistent with the provided chroma activations."
38790,F# major,60,"The chord sequence contains Eb minor and F# major, which are closely related as D# minor and F# major are relative minor and major pairs. The chroma activations showing peaks at C#, F#, and A# further support the tonality of F# major."
38958,Db major,90,"The chord sequence primarily consists of chords such as Db major (labeled C# major), Eb minor, Ab minor, Gb major (labeled F# major), and Bb minor, which are all diatonic to the Db major scale. The presence of the C:dim chord, which acts as the leading-tone (vii°) chord in Db major, further confirms this key center."
38970,C minor,95,"The chord progression consistently features C minor and Ab major, which represent the i and VI chords in the key of C minor. The sustained use of C minor and C minor7 chords throughout the track strongly reinforces this tonal center."
38971,E minor,85,"The chord sequence is heavily centered around E minor, with prominent use of A minor, D major, and C major chords, which are all diatonic to E minor. The frequent occurrence of E minor 7 and its placement throughout the progression strongly suggests E minor as the tonal center."
38974,A minor,95,"The harmonic progression is clearly anchored around A minor, as evidenced by the frequent return to A minor chords and the use of D minor (iv) and E chords (v/V). The chroma activations support this, with strong A and E values, further confirming A minor as the tonal center."
38978,A minor,95,"The chord sequence consists primarily of A minor, F major, and D minor, which are all diatonic to the A minor scale. The frequent use of A minor as a central chord indicates it as the tonal center."
38979,A minor,85,"The chord sequence revolves around A minor, frequently cycling through C major, B minor, D major, and A minor. These chords are highly characteristic of the A minor/Dorian harmonic space, and the consistent return to A minor establishes it as the tonic."
38981,A minor,85,"The chord sequence consistently revolves around A minor, C major, E minor, and G major, which are all diatonic to the A minor scale. The strong presence of A in the chroma activations and the prominent, extended use of the A minor chord at the end of the sequence strongly suggest that A minor is the tonic."
38983,A minor,95,"The chord sequence consistently revolves around A minor, G major, F major, and E minor/major, which is a classic i-VII-VI-V progression in A minor. The chroma activations strongly support this, showing the highest peaks at A, G, F, and E, all of which are diatonic to the A minor scale."
39055,C major,10,"The chord data provided was entirely indeterminate ('N'), offering no harmonic context. The chroma distribution shows slightly higher activations for C, F, and G, which are compatible with C major, but the lack of clear, distinct peaks makes this selection highly speculative."
39290,Eb minor,85,"The chord progression frequently centers around Eb minor and Ab minor, strongly suggesting Eb minor as the tonic. The chroma activation confirms this, with a very strong peak on D# (enharmonic to Eb), which serves as the tonic of the key."
39330,C major,95,"The chord sequence consists primarily of chords diatonic to the key of C major (C, F, A minor, and G). The heavy reliance on the C major chord for the majority of the duration, combined with chroma data supporting C and G as dominant pitches, strongly confirms the key is C major."
39332,B minor,65,"The chord sequence is heavily centered around B minor, which acts as the primary tonal anchor despite frequent chromatic movement and non-diatonic chords like Dm and Bb. The chroma analysis strongly reinforces this choice, with B being the most prominent pitch activation."
39342,Bb major,95,"The chord progression is dominated by a Bb major chord lasting for nearly the entire 60-second segment, and the chroma activations strongly support the Bb major triad with high concentrations on Bb and F."
39357,A minor,90,"The chord sequence is heavily dominated by A minor, which accounts for the majority of the 60-second duration. The chroma analysis also shows A as the peak activation, confirming A as the tonic center."
39361,Ab minor,95,"The chord progression is heavily centered around Ab minor, with supporting chords such as the dominant (Eb major) and the mediant (B major). The chroma profile also strongly highlights Ab/G# and Eb/D#, which are the tonic and dominant notes of the Ab minor scale."
39393,C# major,95,"The chord sequence consists almost entirely of a C# major chord, which strongly establishes C# major as the tonal center. The chroma activations are also consistent with this, showing a high prominence of C#."
39514,B major,95,"The chord sequence consists primarily of B, E, and F# major chords, which correspond to the I, IV, and V triads in the key of B major. This analysis is strongly corroborated by the chroma activations, which show peak values for B, E, and F#."
39525,C major,95,"The chord sequence consists entirely of chords diatonic to the C major scale, including C, F, G, Am, Em, and Dm7. Both the frequent repetition of the C major chord at the beginning and end of the sequence and the chroma vector, which highlights C, F, G, and E, strongly support C major as the key."
39526,F major,85,"The chord sequence is dominated by F, G, and C, which function as the I, II, and V chords in the key of F major. The long duration of the F major chord, particularly at the end, suggests it is the tonic, and the chroma activations are consistent with the F major scale, including the prominent F# often associated with an F Lydian sound."
39527,F# major,85,"The chord sequence is dominated by F# major and C# major, which function as the I and V chords in the key of F# major. The presence of Bb minor (the iii chord, enharmonically A# minor) and the prominent F# and C# chroma activations are consistent with this tonal center."
39528,C major,50,"The chord sequence predominantly features the C major chord, which is consistent with the highest chroma activations for C, D, and E. While a large portion of the song is marked as unrecognized (N), the presence of C major is the most reliable harmonic information."
39529,G major,95,"The chord sequence relies heavily on G, C, and D chords, which represent the I, IV, and V chords of the G major scale. The inclusion of B minor is consistent with the iii chord in the key of G major, and the chroma profile supports this analysis."
39539,D major,85,"The chord sequence primarily utilizes chords found in the D major scale, including D, Em, G, and A. The long duration of Em7 followed by A7 strongly reinforces the key of D major, as this is a common ii-V progression."
39541,Eb major,85,"The chord sequence is dominated by an Eb major chord, which strongly indicates a key of Eb major. The chroma profile supports this tonality as well, with a significant peak at D#/Eb."
39542,D major,95,"The chord sequence consists almost entirely of D chords (D:7 and D:maj). The chroma analysis shows significant activations for D, A, and C#, which are the core notes of the D major triad, confirming D major as the tonal center."
39549,C# major,75,"The chord progression is centered around C# major and C# minor, with frequent cadences using F# and B chords. The significant duration of the C# major chord at the beginning, coupled with the prominence of C# and F# in the chroma activations, suggests C# major as the most likely tonic."
39569,G major,85,"The chord sequence is dominated by G major chords, which occur frequently and occupy the majority of the duration. The chroma analysis also shows the highest peaks on G, B, and F#, which are characteristic of the G major scale."
39570,A minor,95,"The chord sequence is heavily dominated by the A minor chord, which accounts for nearly the entire 60-second duration. The chroma activations are consistent with an A minor tonality, showing high values for A, C, and E."
39573,E minor,95,"The chord sequence consists almost exclusively of an E minor chord, which provides strong and unambiguous evidence that E minor is the key of the song. Although the chroma activations contain some noise, the chord recognition output is the dominant factor here."
39574,A minor,95,"The chord sequence is dominated by A minor and A minor 7 chords, with periodic D major chords often found in an A Dorian or A minor harmonic context. The chroma activation data further supports this, showing a very strong peak at the note A."
39575,F minor,95,"The chord sequence consists almost entirely of an oscillation between F minor and Bb minor, which is a common i-iv progression in the key of F minor. The chroma activations are consistent with this analysis, showing strong activity at F and A# (Bb)."
39580,Bb minor,85,"The chord sequence is heavily dominated by Bb minor, and the chroma profile displays significant peaks at Bb (A#) and Db (C#), which align well with the tonic and minor third of the Bb minor scale. Although some Bb major is present, it is common in a minor key context, reinforcing the identification of Bb minor."
39581,Bb major,85,"The chord sequence consists primarily of Bb:7 and Eb:min7 chords. This pattern is characteristic of a blues-based harmonic structure where Bb acts as the tonic, and the alternation between the I7 and iv minor chord is a common variation in blues progressions."
39583,C minor,95,"The chord sequence consists of frequent repetitions of C minor, Ab major, and G major. This progression is typical of the key of C minor, where G major acts as the dominant (V) chord and Ab major as the submediant (VI) chord."
39586,E major,70,"The chord progression features B major followed by E major, which is a classic V-I cadence in the key of E major. Despite the lack of extensive harmonic information, this progression is the strongest indicator of the key."
39587,C minor,95,"The chord sequence is heavily dominated by C minor 7, and the chroma activations show high peaks at C, G, and Bb, which are the main notes of the C minor chord. The presence of F minor 7 and Bb major chords further supports C minor as the functional tonic."
39588,A major,85,"The chord sequence primarily utilizes A major, F# minor, and E major, which are consistent with the key of A major (I, vi, and V chords, respectively). The strong cadential resolutions to A major support its role as the tonic, despite the significant duration of the F# minor chord."
39811,Eb minor,85,"The harmony is dominated by Eb minor, which serves as the clear tonic, while Bb minor chords and occasional F major chords provide harmonic movement. The chroma activations are also consistent with the Eb minor scale, particularly the presence of Eb, F, and Bb."
39930,G major,20,"Due to the lack of harmonic information in the chord sequence (all 'N'), the key was determined solely from the chroma activations. The chroma vector shows a strong peak at G, suggesting it as the most likely tonic."
39932,B minor,95,"The chord sequence is almost exclusively composed of B minor and E minor chords, with B minor being the dominant, recurring chord throughout the duration of the clip. This clear tonic-subdominant relationship strongly establishes B minor as the key."
39950,A minor,95,"The harmonic progression is overwhelmingly dominated by A minor and A minor 7 chords, establishing A minor as the clear tonal center. This is confirmed by the chroma analysis, which shows strong activations for the tonic A and the minor third C."
40234,E major,30,"The chord recognition provided no information, resulting in complete reliance on the chroma activations. The chroma analysis shows the highest activations at E, G#, and B, which define an E major triad."
40238,A minor,60,"The harmonic progression features several A minor, E major, and G major chords, suggesting A minor as the tonal center. The frequent occurrence of Ab major chords creates a highly chromatic harmonic environment, which complicates the analysis and reduces confidence."
40239,E minor,95,"The chord sequence consists almost entirely of an alternation between E minor and C major chords. These represent the i and VI chords in the key of E minor, establishing a strong tonal center on E minor."
40240,G minor,75,"The chord sequence consists almost entirely of oscillations between G major and G minor, with the G minor chord having the longest overall duration. The chroma profile further confirms G as the tonic, with significant activation for A# (Bb) supporting the minor quality."
40242,E major,95,"The chord sequence consists almost entirely of an E major chord, which lasts for nearly the entire duration of the clip. The chroma activations strongly corroborate this, showing prominent peaks at E and B, the root and fifth of the E major triad."
40243,G major,85,"The chord progression consistently oscillates between G major and A minor, which functions effectively as a I-ii progression in the key of G major. While the chroma activations show some presence of F natural, the harmonic structure strongly emphasizes G as the tonic."
40244,D major,95,"The chord sequence consists almost entirely of a D major chord, which lasts for over 50 seconds. The chroma activations support this, with D being the most prominent pitch class, making D major the most logical key."
40245,C major,98,"The chord sequence consists almost entirely of a C major chord, and the chroma activations are heavily weighted towards C and G, which are the root and fifth of the C major triad. This overwhelmingly indicates a key of C major."
40265,Bb minor,95,"The chord sequence is heavily centered on Bb minor, with frequent use of the tonic (Bb minor) and dominant (F7) chords. The chroma profile reinforces this with prominent values for Bb, C# (Db), and F, which are all essential notes in the key of Bb minor."
40266,G major,30,"The chord sequence was unavailable (N 60s), so the key was inferred from the chroma activations. The chroma data is heavily weighted toward G, A, and G#, suggesting G as a potential tonic, although the high concentration of non-diatonic notes makes this prediction uncertain."
40321,F major,90,"The chord sequence cycles between D minor and C major before settling on an F major chord for a significant duration, which is highly characteristic of the vi-V-I progression in the key of F major. The chroma activations further support this, with strong presence of F, A, C, and D."
40369,F major,30,"The chord sequence provides very limited information, consisting primarily of unrecognized segments and a single F:7 chord. Given the prominence of the F pitch class in the chroma activations and the presence of the F:7 chord, F major is the most likely tonic, though confidence is low due to the lack of harmonic progression."
40370,Eb minor,95,"The song is overwhelmingly dominated by an Eb minor chord for the majority of the duration, and the chroma activations strongly peak on the Eb/D# tonic."
40373,F major,75,"The chord sequence consistently revolves around F major as the tonic, frequently employing the common minor plagal cadence (IV-iv-I) where the Bb minor chord functions as a borrowed subdominant. While the sequence concludes with a cadence suggesting a move toward C# major, the dominant weight of the F major and Bb minor alternation points to F major as the primary key."
40487,Ab minor,95,"The chord progression is heavily anchored on Ab minor, which is the most prominent chord in the sequence. The recurring chords E major, F# major, and B major are all standard chords within the Ab minor diatonic collection. The chroma activations further support this, with the highest values concentrated on Ab, F#, and Eb, which are central notes of the Ab minor scale."
40488,C major,80,"The chord sequence primarily consists of F, Em, Am, and G chords, which are all diatonic to the C major scale, commonly forming a IV-iii-vi-V progression. The chroma activations support this, with high values for F, E, and A, which are key components of these chords within C major."
40491,A major,90,"The chord sequence consists primarily of A major, D major, E minor, and G major, which is characteristic of the A Mixolydian mode. A major functions as the tonic, and this is reinforced by the chroma activations with high values for A, D, and E."
40492,A major,95,"The chord sequence consists primarily of A, D, and E chords, which correspond to the I, IV, and V chords in the key of A major. The long duration of the A chord at the end suggests A is the tonic, and the chroma activations strongly support this, showing a high concentration of A."
40495,C major,95,"The chord progression relies heavily on chords diatonic to the C major scale, specifically C, Dm, Em7, Fmaj7, and G7. The frequent oscillation between these chords and the clear IV-V-I cadences (Fmaj7, G, C) strongly point to C major as the tonal center."
40496,C# minor,95,"The chord sequence follows a repetitive i-VII-VI-V progression, with C#m-B-A-G#(Ab) being a very standard pattern in C# minor. The chroma activations strongly support this with prominent peaks for the tonic C# and the dominant G#."
40497,B minor,85,"The chord sequence consists of Bm, Gmaj7, and Dmaj, which are diatonic to both D major and B minor. Given that B minor is the chord with the longest duration and B is the most prominent chroma peak, it is the most likely tonic."
40553,C major,75,"The chord sequence consists of C major, F major, and Bb major chords, which are frequently used in the key of C major as a I-IV-bVII progression or in F major. Given the strong prominence of the C major chord and the chroma peaks on C, E, and G, C major is the most likely tonic."
40556,A major,95,"The chord progression is dominated by A major and E7 chords, establishing a strong I-V relationship in A major. The inclusion of F# minor, B7, and C# major (the secondary dominant of F# minor) is consistent with the diatonic and functional harmony of A major."
40557,D major,70,"The song primarily functions in D major, featuring strong cadences and a chroma profile consistent with that key. While the sequence modulates toward C major in the final measures, D major remains the most stable tonal center throughout."
40569,F major,95,"The chord progression frequently utilizes F major, Bb major, and C major, which correspond to the I, IV, and V chords in F major. This key is further supported by the chroma activations, which show strong peaks at F, A, and C, the notes of the F major triad."
40618,F minor,80,"The chord sequence is dominated by F minor, which accounts for the majority of the duration, alongside some F major. The chroma activations reinforce F as the tonal center with significant activity at both the major and minor third, consistent with the alternating chord quality."
40619,C minor,85,"The chord progression is dominated by C minor, which appears prominently throughout the sequence. The functional relationship between G major/D major and the tonic C minor provides strong support for C as the tonal center."
40621,C major,75,"The chord sequence is heavily dominated by C7 and Cmaj, which function as the tonal center. The recurring Eb and D chords suggest a blues-influenced or modal progression centered on C, which aligns with the strong C chroma activation."
40623,C major,95,"The chord sequence consists entirely of a C major chord, and the chroma analysis shows a clear peak at C, strongly indicating a C major tonality."
40707,C major,95,"The chord progression consistently uses C major, F major, and G major chords, which are the I, IV, and V chords in the key of C major. The chroma profile also shows strong activations for C, E, and G, which are the notes of the tonic C major triad."
40708,F# minor,95,"The chord sequence consistently revolves around F# minor, using common chords from that key such as D major (VI), C# major/minor (V), and E major (VII). The chroma activations strongly support this, showing the highest weight on F#."
40709,E minor,90,"The chord progression consistently features E minor, G major, C major, and B minor, which fits perfectly within the key of E minor. The prevalence of E, G, and B in the chroma activations further confirms this tonal center."
40710,D minor,85,"The chord sequence consists almost entirely of an alternation between D minor and F major, which are relative keys. D minor is the most frequent and appears at the beginning and the end, making it the most plausible tonic."
40711,Bb major,85,"The song features a strong I-vi-IV-V progression (Bb-Gmin-Eb-F) which is characteristic of the key of Bb major. The initial section featuring D minor and C major chords can be understood as iii and II (a secondary dominant, V/V) chords, both of which are common in the key of Bb major."
40714,D major,95,"The chord sequence consists almost entirely of chords belonging to the D major scale, including D, G, A, E minor, and F# minor. The progression frequently utilizes common functional movements such as I-IV-V and ii-V-I within the key of D major, and the chroma profile supports this with high activations for D, A, G, E, and F#."
40716,G major,95,"The chord sequence is dominated by a G major chord and includes typical G major functional harmonies such as A minor (ii), D major (V), and C major (IV). The chroma activations support this as well, with high values for the tonic (G) and dominant (D) notes."
40719,A minor,95,"The chord progression consistently centers on the A minor chord, utilizing D minor, C major, and E major as the dominant, all of which are standard components of the A minor harmonic landscape. While there are some chromatic passing chords, the overall harmonic movement clearly reinforces A minor as the tonic."
40764,Eb major,75,"The chord sequence is dominated by Eb major and Ab major chords, which firmly establish Eb major as the tonic. While the latter part of the sequence introduces C7 and Fmin7 chords, these likely represent a brief departure or a secondary progression rather than a full modulation, given the strength of the initial Eb major established in the first portion of the recording."
40769,Bb major,40,"The chord sequence contains only Bb major, and while there is a significant amount of unrecognized chord content, the chroma activations show all the notes of the Bb major scale are present, making it the most plausible key choice."
40771,F minor,85,"The chord sequence is dominated by F minor, particularly the extended use of the F:min chord, suggesting it as the tonic. While there are later transitions to F:maj and related major chords, the overall harmonic structure remains anchored in F minor, supported by the prominent F chroma activation."
40773,F major,70,"The song predominantly oscillates between G minor and F major. Given the strong chroma emphasis on F and C and the fact that the sequence ends on an F major chord, F major is the most likely tonic, with the G minor chord functioning as the ii chord."
40777,F minor,95,"The chord sequence consists almost entirely of F minor and F minor 7 chords, strongly suggesting F minor as the tonic. The chroma profile further supports this, showing significant activations for the notes F, G#, and C, which are the primary notes of the F minor triad."
40814,F# minor,85,"The chord sequence primarily consists of D major, A major, and F# minor. The prominent and extended use of the F# minor chord, especially as the final and longest-held chord, strongly suggests that F# minor is the tonic."
40841,Eb minor,95,"The chord sequence is heavily dominated by an Eb minor chord, and the chroma features peak activations at D#, A#, and F#, which are the notes of an Eb minor triad."
40842,G major,80,"The chord sequence consistently revolves around a G major chord, which appears as the recurring tonal center throughout the progression. While there is significant chromaticism, the other chords like Bb major, D minor, and F major are characteristic of the G minor/Dorian harmony, often used in a G major context with modal interchange. The chroma activations, particularly the high values for D and A#/Bb, also support a G-centered tonal structure."
40843,C# minor,90,"The chord sequence consistently revolves around C# minor as the tonic, supported by frequent appearances of related chords like F# minor and A major. The chroma profile confirms this with a strong peak at C#, providing evidence for C# minor as the tonal center."
40848,C major,95,"The chord sequence consists of C major, F major, D minor, and G major, which are the I, IV, ii, and V chords of the C major key. The chroma activations are also consistent with the C major scale, showing high values for C, E, F, G, and A."
40849,F major,95,"The chord sequence consists primarily of F major, D minor, and C major chords, which are the I, vi, and V chords in the key of F major. The chroma activations are also consistent with the F major scale, with strong weights on C, A, and F."
40951,A major,95,"The chord sequence is dominated by the I (A major) and V (E major) chords, with frequent use of other diatonic chords in the key of A major such as D major (IV), F# minor (vi), and C# minor (iii). The chroma activation data also strongly supports A major, with the highest activations occurring on the tonic (A) and dominant (E) notes."
40963,G major,40,"The chord sequence is extremely limited, providing only G major and A major at the end of the song. These chords are consistent with the key of G major, and the chroma profile shows strong activations for B and D, which are key members of the G major triad."
40984,A minor,75,"The chord sequence centers heavily on A, alternating with C and D major chords. This progression (I-bIII-IV) is common in rock and blues and frequently points toward an A minor or A Dorian tonal center, despite the chord recognizer frequently labeling the A chord as major."
40985,Bb major,95,"The chord sequence consistently iterates through Bb major, C minor, and Eb major, which correspond to the I, ii, and IV chords in the key of Bb major, establishing it as the tonic."
40989,C# minor,75,"The chord sequence centers heavily on C# throughout, utilizing both C# major and C# minor progressions. The inclusion of A major, B major, and Ab major chords, particularly in the latter half, strongly points toward C# minor, which acts as the primary tonal anchor amidst the major key passages."
41010,Ab minor,90,"The chord progression alternates primarily between Ab minor and F# major, which are the i and VII chords in the key of Ab minor. The chroma activations are consistent with this analysis, showing high peaks at G#, D#, and B, which are the fundamental notes of an Ab minor triad."
41095,E major,95,"The chord sequence is almost entirely composed of E major and E7 chords, which are clearly centered around E major. This is strongly supported by the chroma activations, which show peak values for E, G#, B, and D#, all of which are chord tones within E major or E7."
41101,D minor,90,"The chord sequence is composed entirely of D minor and D minor 7 chords throughout the duration. The chroma data, showing prominent activations for D and A, strongly supports D minor as the key."
41104,G minor,95,"The chord sequence is dominated by G minor throughout the 60-second duration. Additionally, the chroma activations strongly peak at G, A# (enharmonic Bb), and D, which are the constituent notes of the G minor triad."
41122,A minor,75,"The chord sequence is consistently focused on A as the tonic, utilizing a variety of A-based chords such as A:min, A:min7, and A:sus4, alongside the common ii-V-I related chords E:min7 and D:maj. The prominence of A and E in the chroma activations, combined with the higher activation of C over C#, strongly supports an A minor tonality."
41124,F minor,95,"The chord sequence is heavily centered around F minor, with the progression primarily alternating between F minor and Eb major chords, which is characteristic of the F Aeolian mode. The chroma activations support this, showing significant peaks at F, C, and Ab (G#), which are the notes of the F minor triad."
41125,F# major,90,"The chord sequence consists of repeated F# major, Eb minor (enharmonically D# minor), and C# major, which clearly corresponds to a I-vi-V progression in F# major. This analysis is well-supported by the chroma activations, which show peaks at C# and F#."
41191,Bb minor,85,"The chord sequence centers around Bb minor, which frequently appears as a tonal anchor. The supporting chords, including F# major (enharmonic to the VI chord Gb major), Ab major (the VII chord), and F minor (the v chord), all fit well within the Bb minor key area. Additionally, the chroma analysis shows a strong peak at A#/Bb, providing further evidence for this key."
41192,B minor,90,"The chord progression frequently utilizes B minor and G major, with a strong, recurring F# major acting as the dominant (V) chord resolving back to B minor (i). This harmonic structure, combined with the prominence of B and F# in the chroma activations, clearly points to B minor as the tonic."
41284,F# major,90,"The chord progression is consistently centered on F# major, utilizing its primary chords (F#, B, C#, Eb minor, and Bb minor) extensively. Despite the presence of occasional chromatic chords like D major and E major, the overall harmonic structure strongly indicates an F# major key."
41299,C major,90,"The chord progression is centered around C, G, F, and Am, which are standard chords in C major. The inclusion of D minor instead of D major strongly points to C major rather than G major, and the recurring Bb chord acts as a common borrowed chord (bVII) often found in pop music."
41302,F# minor,85,"The chord progression heavily centers on F# minor with frequent appearances of B minor and C# major chords. This suggests an F# minor key, utilizing C# major as the dominant chord in the harmonic minor scale."
41486,E major,100,"The chord sequence is dominated by E major, A major, and B major, which are the I, IV, and V chords in the key of E major. The chroma activations are also strongly centered on the notes E, B, A, and G#, reinforcing E major as the tonal center."
41487,D major,95,"The chord sequence consists of D major, A major, B minor, and G major, which is a classic I-V-vi-IV progression in the key of D major. The chroma profile further supports this with high activations for D, A, and G."
41489,Eb major,75,"The chord sequence primarily revolves around an Eb major and Ab major progression, which accounts for the longest duration of the song. Although there are later modulations to D minor and F major, the overall chroma activations, specifically the prominent Eb and Ab, strongly support Eb major as the primary key."
41515,Eb minor,85,"The chord sequence centers around Eb minor as the primary tonal anchor, with frequent returns to this chord throughout. The chroma activations are consistent with the Eb minor scale (notably D#, A#, F#, and C#). The E major chord acts as a chromatic color chord, commonly used in this harmonic context."
41516,G major,95,"The chord sequence primarily consists of chords diatonic to the key of G major, including G, C, D, Bm, and Em7. The chroma profile further supports this with notable peaks on G, D, B, and F#, which are all notes in the G major scale."
41517,E major,85,"The harmony oscillates between E major and Eb minor (enharmonically D# minor, the vii chord), and includes other chords like C# minor and A major that fit within the E major scale. The chroma profile shows strong activations for E, D#, G#, and A, all of which are consistent with the E major scale."
41519,C minor,90,"The chord progression is anchored by C minor throughout, frequently utilizing related chords such as Eb major, Bb major, and F minor. The chroma analysis strongly supports this, as the most prominent activations correspond directly to notes within the C minor scale."
41520,E minor,90,"The harmonic progression centers on E minor, utilizing C major as the submediant (VI) and B major as a dominant (V), which is standard for the E minor key. The chroma activations reinforce this with significant presence of the tonic E and dominant B, confirming E minor as the most likely key."
41550,Bb major,95,"The harmonic progression features chords like Bb major, Eb major, F major, G minor, and D minor, which are all diatonic to the key of Bb major. The chroma activations reinforce this with significant presence of F, A, Bb, D, and G, which are all characteristic of the Bb major scale."
41554,D minor,95,"The chord sequence is heavily centered on D minor, utilizing diatonic chords such as Bb major, G minor, A minor, F major, and C major, which all fit the D natural minor scale. The chroma activations show strong peaks at D, A, E, and F, which further reinforce this tonal center."
41569,G major,95,"The chord sequence primarily utilizes chords diatonic to the G major scale, including G major (I), C major (IV), D major (V), B minor (vi), and E minor (ii). The chroma profile further supports this with significant activations for G, D, and F#, which are characteristic of the G major key."
41598,C major,95,"The chord sequence primarily alternates between Fmaj7 and G7, which are the IV and V chords in the key of C major. The appearance of Amin7 is also consistent with the C major scale, and the chroma profile supports this tonality by highlighting notes common to C major."
41599,D minor,90,"The chord progression prominently features D minor and G minor, which are central to the D minor key. The chroma activations also strongly support this, showing significant peaks at D, A, and F, the notes comprising the D minor triad."
41600,D minor,90,"The chord sequence is heavily dominated by D minor and F major, with the chroma profile showing significant activations for D, A, F, and C, which are the primary notes of the D minor triad and its seventh. The presence of G chords alongside D minor is characteristic of D Dorian or Aeolian tonalities."
41601,C major,95,"The chord sequence consists of a clear progression of diatonic chords from the C major scale (Dmin, Emin7, Fmaj, Gmaj, Amin, Bdim, Cmaj). The chroma activations also support this, showing significant presence of the notes E, F, G, A, B, and D, which are all part of the C major scale."
41602,C major,95,"The chord sequence consists primarily of C major, D minor, E minor, and F major, which are all diatonic to the C major scale. The high activation for the C chroma further confirms C as the tonal center."
41758,C minor,85,"The chord sequence frequently features G dominant and minor chords, ultimately resolving to C minor. The recurring G7 to C minor progression strongly establishes C minor as the tonic."
41971,A minor,95,"The chord progression is heavily grounded in A minor, with frequent returns to the tonic and the use of E major as a dominant chord. This is strongly supported by the chroma activation data, where A is the most prominent pitch class."
41974,E minor,95,"The chord sequence is overwhelmingly centered on E minor, which appears for the vast majority of the track. The progression of E minor, A major, and D major strongly indicates an E Dorian tonality, confirming E minor as the tonic."
41975,C major,90,"The chord sequence relies heavily on F major and G major, which function as the IV and V chords in the key of C major. The inclusion of C major (I) and E minor (iii) further supports this conclusion, and the chroma profile is consistent with a C major diatonic collection."
41976,E major,90,"The chord progression is dominated by E, A, D, and B major chords, which is characteristic of the key of E major, where E functions as the tonic, A as the subdominant, D as the flat-seventh (common in mixolydian rock contexts), and B as the dominant. The frequency of these chords and the resolution on E strongly support E major as the key."
41980,D minor,85,"The chord sequence features a frequent D minor and G minor pattern, ending with a strong A major to D minor cadence (V-i), which strongly suggests D minor as the tonal center. Although the song ends on A minor, the harmonic structure is more consistently focused on the D minor triad and its functional relationships."
41981,G major,90,"The chord sequence consists primarily of G major, C major, D major, and A minor chords, which function as the I, IV, V, and ii chords in the key of G major. The high chroma values for G, C, and D further reinforce this tonal center."
41982,E major,95,"The chord progression is dominated by E major, A major, and B major, which are the I, IV, and V chords in the key of E major. The high chroma values for E, G#, A, and B provide strong additional evidence for this tonal center."
41988,E minor,90,"The progression consists of E minor, C major, G major, and D major chords, which are all diatonic to both G major and E minor. Given that E minor is the most frequent and starting chord in the sequences, it is the most likely tonal center."
42040,Ab major,95,"The song's chord progression consists almost entirely of Ab major chords, which strongly indicates that Ab major is the tonic key. The chroma activations are consistent with this harmonic center."
42044,A major,90,"The chord sequence heavily features the A, D, and E chords, which are the I, IV, and V chords in the key of A major. The repetitive alternation between A and D at the end confirms A as the tonic, while the sporadic C major chord acts as a common modal interchange."
42047,D major,95,"The chord sequence prominently features D major, G major, B minor, and A major, which correspond to the I, IV, vi, and V chords in the key of D major. This harmonic structure is strongly supported by the chroma activations, which show significant peaks at D, A, and G."
42055,Bb minor,90,"The chord sequence revolves around Bb minor, Eb minor, and Ab major, which form a common progression in the key of Bb minor. The chroma activations are also consistent with this, with prominent notes including F, Eb, and Db, all of which are members of the Bb minor scale."
42056,C major,95,"The chord progression features chords exclusively from the C major diatonic scale, including C major, D minor, F major, G major, and A minor. The chroma activations further support C major, with strong presence of C, E, G, and A."
42057,Eb minor,95,"The chord sequence consisting of Eb minor, F# major (enharmonically Gb major), and Ab minor are all diatonic to the key of Eb minor. The chroma activations further support this, with strong peaks on notes such as D# (Eb), F# (Gb), G# (Ab), and A# (Bb), which are consistent with the Eb minor scale."
42058,A minor,95,"The chord sequence is dominated by an A minor chord, which accounts for nearly the entire duration of the clip. The chroma data strongly supports this with high activations for A, C, and E, which are the notes of the A minor triad."
42059,F# major,95,"The chord sequence is heavily centered around F# major and B major, which function as the I and IV chords in the key of F# major. The inclusion of Ab minor (enharmonic to G# minor) and Eb minor further supports this, as these are the ii and vi chords in the key. The chroma activations reinforce this analysis, with high peaks corresponding to F#, A#, B, and C#."
42060,E minor,95,"The chord sequence frequently cycles through Em, Am, and D, which function as the i, iv, and VII chords in E minor. The prevalence of these chords combined with the chroma activations centered on E strongly supports E minor as the tonic."
42062,C# minor,85,"The harmony is centered around C# minor and Ab minor (which is G# minor, the v chord in C# minor), strongly indicating C# minor as the key. The chroma data further confirms this with high activations for C#, D#, E, and G#, which are key notes in the C# minor scale."
42064,Ab minor,95,"The chord sequence is heavily centered around the Ab minor chord, which appears most frequently and serves as the clear tonic. The other chords present, such as C# minor and E major, are consistent with the key of Ab minor, representing the subdominant and relative major respectively. The chroma activations strongly reinforce this, as the most prominent notes directly align with the Ab minor scale."
42065,C major,95,"The chord sequence is composed of functional harmony within the key of C major, featuring the primary chords I (C), IV (F), and V (G), with the vi (Am) chord acting as a common secondary chord. The chroma activations align with the notes of the C major scale, further confirming the key."
42312,D major,95,"The chord sequence prominently features a long D major chord followed by a typical progression involving G major, A major, and B minor, all of which are diatonic to the D major scale. This harmonic structure, combined with chroma data supporting the notes of the D major scale, strongly points to D major as the tonic."
42348,G major,85,"The chord sequence consists of a consistent, repetitive alternation between G major and B minor chords, which function as the I and iii chords in the key of G major. This harmonic movement strongly suggests G major as the tonic."
42349,D major,95,"The chord sequence is dominated by D major and D major 7 chords, establishing a clear tonic center of D. The chroma profile supports this with high activity in D, A, and C#, all of which are key notes of the D major scale."
42350,C major,95,"The chord sequence alternates primarily between C major, E minor, and G major (often in its first inversion, G/B), all of which are diatonic to the key of C major. The prominent chroma activations for C, G, and B strongly support a C major tonal center."
42351,C major,90,"The chord sequence primarily alternates between A minor and C major, which are relative keys sharing the same key signature. C major is the most likely tonic due to its longer total duration and the fact that it is the concluding chord."
42432,E minor,95,"The chord progression consistently revolves around the E minor chord, frequently utilizing B7 and F# minor/diminished chords, which are characteristic of functional harmony in E minor. The high chroma activations for E and B further reinforce E minor as the tonic and dominant respectively."
42434,A minor,95,"The chord sequence consistently revolves around A minor, frequently pairing it with D major and periodically introducing F major, C major, and E major chords. The return to A minor after E major and E minor chords strongly establishes it as the tonic."
42657,B minor,85,"The chord sequence primarily features B minor, A major, and E major, which is a common progression in the key of B minor (often utilizing the Dorian mode). The song concludes on a long F# major chord, which functions as the dominant of B minor, further solidifying B minor as the tonic."
42740,C minor,95,"The chord sequence consists primarily of chords diatonic to the C minor scale, including the tonic (C minor), subdominant (F minor), submediant (Ab major), and subtonic (Bb major). The chroma distribution also aligns well with the C minor scale, showing prominent activations on the root and minor third."
42742,Ab major,90,"The chord sequence features the I (Ab), IV (C#/Db), V (Eb), ii (Bbm), and vi (Fm) chords, which strongly indicate the key of Ab major. The significant duration of the Ab major chord reinforces this as the tonic."
42744,C major,90,"The chord progression ending in a sequence of D minor, G7, and C major provides a clear ii-V-I cadence, which is strongly characteristic of C major. The chroma activations support this, with prominent notes matching the C major scale."
42745,D minor,95,"The chord sequence is dominated by a sustained D minor 7 chord throughout the entire duration. The chroma profile further supports this, as it peaks at D, A, and C, which are notes within the D minor scale."
42747,F minor,90,"The chord sequence is overwhelmingly centered on F minor and F minor 7, which are present for the majority of the duration. The chroma profile further supports this with strong activations for the notes F, Ab (G#), and Eb (D#), all of which are consistent with the key of F minor."
42748,D minor,90,"The chord sequence heavily features D minor, F major, and C major, which are all diatonic to the D minor scale. Given that D minor occupies the majority of the duration and is reinforced by the chroma activations with peaks at D, C, and F, D minor is the most likely key."
42749,E minor,80,"The chord sequence is dominated by E minor, appearing frequently throughout the progression. The presence of C major (VI) and D major (VII) are characteristic of the E minor key, and the chroma activations strongly support E as the tonal center."
42750,A minor,95,"The chord sequence is heavily centered on A minor, which appears most frequently and for the longest duration, accompanied by chords like F major, C major, and D minor, all of which are diatonic to the A minor scale. The chroma analysis also shows a high prevalence of A, further supporting the conclusion that the tonic is A minor."
42756,D major,95,"The chord sequence consists almost entirely of a D major chord. The chroma activations confirm this, with the highest values (F#, A, and D) corresponding to the notes of a D major triad."
42757,A major,95,"The chord progression is dominated by A major and D major, with occasional B minor chords, which fits perfectly within the A major scale. The chroma profile shows strong activations for the tonic, second, third, and fifth degrees of the A major scale, further confirming this tonal center."
42758,C major,100,"The chord sequence is overwhelmingly composed of a C major chord, which lasts for almost the entire duration of the clip. The chroma activations confirm this, with strong peaks at C, E, and G, which are the root, third, and fifth of the C major triad."
42803,D major,90,"The chord progression is dominated by the D major chord for nearly the entire duration of the segment, which is a strong indicator of D major as the tonal center. The brief appearance of an F major chord is likely a passing chord or a misidentification given the overwhelming prevalence of D major."
42806,E major,95,"The chord sequence is composed primarily of E major, A major, and B major chords, which correspond to the I, IV, and V chords in the key of E major. This is a standard and clear functional harmonic progression that strongly indicates E major as the tonic."
42834,D major,95,"The chord sequence is composed entirely of chords within the D major scale, including D major, F# minor, B minor, G major, A major, and E minor. The tonic D is strongly established by the frequency and placement of the D major chords, and the chroma profile shows high activations for D, F#, A, and C#, confirming the key of D major."
42835,E major,95,"The chord progression is dominated by E major, A major, and B major, which function as the I, IV, and V chords in the key of E major. The chroma activations showing high prominence of E and B further confirm E major as the tonic."
42836,A major,95,"The chord sequence is dominated by A:maj, D:maj, and E:maj, which are the I, IV, and V chords in the key of A major. The chroma profile is also consistent with the A major scale, featuring prominent activations on A, B, C#, D, E, and G#."
42837,A minor,85,"The chord sequence primarily alternates between A minor and C major, which are relative keys. The inclusion of D major and E minor towards the end strongly reinforces A minor or A Dorian as the tonal center rather than C major."
43153,C minor,90,"The chord progression is dominated by C minor and F minor, which suggests a classic i-iv relationship in the key of C minor. The high chroma activation for C further reinforces C as the tonic of the piece."
43304,A minor,90,"The chord sequence heavily features an oscillation between A major, F major, and E major. This harmonic vocabulary is characteristic of A minor, utilizing E major as the dominant (V) and F major as the submediant (VI), often seen in minor-key rock and pop progressions."
43323,G minor,90,"The chord sequence is centered around G minor, characterized by frequent occurrences of the i (G minor), VI (Eb major), and V (D7) chords. The chroma profile also shows strong activations for G and D, which reinforces G minor as the harmonic tonic."
43325,Eb major,90,"The chord progression consistently features Eb major, Ab major, Bb major, and F minor, which are all primary diatonic chords in the key of Eb major. While the C#:maj (enharmonic to Db major) is a non-diatonic chromatic element, the overall harmonic movement strongly centers on Eb major."
43402,Ab major,75,"The chord sequence is dominated by an extended Ab major chord, and the chroma activations show a significant peak at G# (the enharmonic equivalent of the Ab tonic). Although the sequence is sparse and includes chromatic movement, Ab major serves as the most plausible tonal center."
43407,Eb minor,90,"The song frequently revolves around the Eb minor chord, which appears as the primary harmonic center throughout the sequence. The chord progression, including F# major, C# major, B major, and Ab minor, is highly consistent with the key of Eb minor. The chroma activations also support this key by highlighting the notes corresponding to the Eb minor scale."
43408,Eb major,95,"The chord sequence is heavily dominated by Eb major, with functional support from the IV (Ab) and V (Bb) chords throughout the song. The chroma activations, showing strong peaks at A# (Bb) and D# (Eb), further reinforce Eb major as the tonal center."
43411,Ab major,90,"The chord sequence consists almost entirely of an alternation between Ab major and C# major (enharmonically Db major), which function as the I and IV chords in the key of Ab major. The high chroma activation for G#/Ab further supports this tonal center."
43493,E minor,90,"The chord progression is dominated by an alternation between E minor and A major, which is a hallmark of the E Dorian mode. The chroma activations also show strong emphasis on the primary notes of the E Dorian scale, such as E, A, B, and D."
43497,C minor,95,"The chord progression is anchored by the repeated use of C:min7 as the central tonic. The presence of F:min7, Ab:maj7, and Bb:7 chords, which commonly function as the iv, VI, and VII chords in the key of C minor, strongly reinforces this tonal center."
43499,C major,75,"While the track begins with a prolonged A minor chord and features chromatic oscillation between G and Ab chords, the final progression of F major to G major to C major indicates a tonal center of C major."
43502,D minor,95,"The chord sequence consistently features D minor, Bb major, C major, and A minor, all of which are primary chords within the D natural minor scale. The chord progression repeatedly resolves to or centers around D minor, identifying it as the tonic."
44099,A major,90,"The chord sequence frequently utilizes the ii-V-I progression (Bmin7-E7-Amaj), which strongly establishes A major as the tonic. The chroma data further supports this, with high values for A, B, and E, which are core notes within the A major scale."
44100,D minor,65,"The chord sequence is centered around D minor, which appears most frequently and concludes the snippet. While there are prominent chromatic elements like the C# major chords, the harmonic focus remains on D minor."
44101,G major,85,"The harmony is strongly centered around G, with frequent G major and G minor chords, as well as the presence of C major and D major. The frequent alternation between G minor and G major suggests a modal interchange, but the overall tonal center and the presence of the D major chord point most strongly to G major."
44102,G major,90,"The chord sequence is dominated by G major, C major, and A minor, which corresponds to the I, IV, and vi chords of the G major scale. Despite some chromaticism at the end with the D minor and G minor chords, the harmonic center remains clearly defined as G major, which is further supported by the high chroma activation for G."
44103,B minor,95,"The chord progression is dominated by B minor chords, interspersed with F# minor and G major chords, which are diatonic to the B minor key. The repeated return to B minor as a stable center, along with occasional use of F# major as a dominant, strongly points to B minor."
44105,C major,90,"The chord sequence is heavily centered on C major, with a persistent and recurring use of the C major chord. The frequent alternation between G minor and C major, along with the chroma activations emphasizing C and G, strongly points to C major as the tonal center."
44106,A major,90,"The chord sequence consistently revolves around an alternation between A major and B minor, with frequent use of G major and E major chords. This harmonic progression strongly centers on A major, which is further supported by the chroma activations showing strong peaks for the notes A, E, and F#."
44107,B minor,95,"The chord progression is dominated by an alternation between B minor and A major, with occurrences of D major and E major/minor. These chords, particularly the tonic B minor and the subtonic A major, strongly suggest the key of B minor, which is further supported by the chroma activations highlighting B, A, F#, and E."
44108,D major,100,"The chord sequence consists almost entirely of D major, D7, G major, and G7 chords, which are consistent with a I-IV progression in the key of D major. The chroma profile strongly supports this analysis, with D, G, A, and C# having the highest activations, corresponding to the tonic, subdominant, dominant, and leading tone of D major respectively."
44109,C# minor,95,"The chord sequence is dominated by C# minor, and the recurring progression of A major, E major, and G# major (labeled as Ab major) strongly points to C# minor as the tonic. The high chroma activations for E and G# (G# is enharmonic to Ab) further reinforce this analysis."
44126,C# major,85,"The chord sequence is heavily centered on C# major, which appears frequently and has the longest total duration. The presence of E major as a secondary chord and the chroma peaks at C# and G# strongly support C# as the tonal center."
44195,C# minor,90,"The chord sequence is heavily dominated by C# minor, which accounts for the vast majority of the song's duration. The chroma activations, which show significant peaks at C#, E, F#, and G#, strongly corroborate the C# minor tonality."
44196,D minor,95,"The chord sequence is composed entirely of chords diatonic to D minor, including D minor, G minor, F major, Bb major, and A minor. The high frequency and long duration of the D minor chord, combined with prominent F, D, and A values in the chroma, strongly support D minor as the key."
44197,B major,45,"The chord sequence is highly chromatic and non-functional, featuring frequent major triads that shift by semitone and whole tone. Despite this, B major is chosen as the tonic because the B major chord has the highest overall duration and appears as part of a recurring, stable motif."
44198,E minor,95,"The chord sequence is heavily dominated by E minor, which lasts for nearly 50 seconds of the total 60-second duration. Secondary chords such as F major, C major, and B major are consistent with an E minor or E phrygian context, and the chroma activations are strongly centered on E, further supporting E minor as the tonal center."
44207,D major,90,"The song is almost entirely dominated by the D major chord, which accounts for nearly the entire duration of the clip. While other brief chords occur, D major remains the clear and consistent harmonic center."
44277,G minor,90,"The chord sequence consistently revolves around G minor, Eb major, and D major chords. This progression (i-VI-V) is standard in the key of G minor, with the D major chord acting as the dominant. The chroma activations further support this, with D, D#/Eb, and G being among the most prominent notes."
44278,A minor,55,"The chord sequence centers around A and features frequent movement between F, E, and A, which strongly suggests a Phrygian or minor key context. While there is significant chromaticism, including chords like Eb and Bb, A functions as the primary tonal anchor for the progression."
44279,Bb major,90,"The chord sequence is heavily centered around the Bb:maj chord, which accounts for the majority of the song's duration. The presence of Eb:maj and Ab:maj is consistent with common rock-influenced harmonic patterns in the key of Bb, and the chroma peaks at Bb (A#) and F further support Bb major as the tonic."
44282,B major,85,"The chord sequence is heavily dominated by the B major chord, which accounts for the vast majority of the total duration. While there are other chords present such as A major and C major, they likely function as chromatic embellishments or modal inflections typical of rock or blues-influenced music in B major."
44283,E major,90,"The sequence is strongly anchored around the E major chord, which appears for more than half of the total duration. Despite the presence of chromatic chords such as F major and C# minor, the persistent return to E major and the high activation of E in the chroma profile clearly establish E major as the tonic."
44285,Ab major,75,"The chord progression primarily alternates between C# major (interpreted as the subdominant Db major) and Eb major (the dominant), which are functional chords within the key of Ab major. The chroma profile, with its emphasis on G# (Ab) and C# (Db), further supports this tonal center."
44286,C# major,75,"The chord sequence is highly chromatic, but C# major is the most frequent and longest-held chord, acting as a clear tonal anchor. The chroma activations for C#, D#, and G# further support a C# major tonal center."
44401,E minor,85,"The chord sequence is heavily centered on E minor, with frequent occurrences of E minor and its dominant, B major. The consistent use of C major, G major, and A major fits well within the E minor harmonic context, and the high chroma activation for B further supports this tonal center."
44423,C minor,95,"The chord progression repeatedly cycles through C minor and Ab major, which are primary components of the C minor harmonic field. The chroma activations showing peaks at C, G, and G#/Ab further reinforce C minor as the tonal center."
44799,Eb major,85,"The chord sequence consistently revolves around the Eb major chord, which appears frequently throughout the track. The progression incorporates the dominant Bb major and the common borrowed chord Ab minor, typical of an Eb major context. The chroma activations confirm this, showing a strong presence of the Eb, Ab, and Bb notes."
44801,F# minor,95,"The chord sequence is heavily centered around the F# minor chord, which appears frequently throughout the progression. The presence of supporting chords such as C# minor (the V chord) and D major and B minor (common chords in F# minor) further reinforces this tonal center. The chroma activations also show a strong peak at F# and C#, consistent with F# minor."
44821,F minor,90,"The chord progression consistently revolves around F minor (i), frequently utilizing the VI (C# major), VII (Eb major), and iv (Bb minor) chords. The inclusion of C major acts as a strong dominant (V) leading back to F minor, confirming the key."
44822,C# minor,95,"The chord sequence heavily features C# minor as the tonic, with Ab major functioning as the dominant (V) and A major and F# minor appearing as typical diatonic chords within the key of C# minor. The chroma activations strongly support this with a dominant C# peak."
44823,G minor,70,"The chord sequence consists almost entirely of G minor, which is a strong indicator of the key. Although the chroma activations are somewhat ambiguous and do not clearly align with G minor, the explicit chord information is weighted more heavily in this analysis."
44886,C# major,95,"The chord sequence consists entirely of an oscillation between C# major and F# major chords, which corresponds to a I-IV progression in the key of C# major. The chroma activations further support this by showing a strong peak at C#."
44896,F# major,90,"The song features a recurring alternation between C# major and F# major chords, which functions as a V-I harmonic cadence in the key of F# major. The chroma activations are consistent with this analysis, showing strong activity in the F# and C# pitch classes."
44954,A minor,90,"The chord sequence oscillates between A minor and D minor, with A minor established as the tonic chord. The chroma activations align with this analysis, showing a strong peak at A, followed by E and C, which are notes in the A minor triad."
45012,D minor,85,"The chord sequence alternates primarily between D minor and C major, which is characteristic of the D Dorian mode. The chroma activations support this, with D and C showing the highest values, reinforcing D minor as the likely tonal center."
45060,C major,95,"The chord sequence consists primarily of C major, A minor, and G sus4, which represents a standard I-vi-V-I progression in the key of C major. The chroma activations are also consistent with this, showing strong peaks for the notes C and G."
45099,E major,90,"The chord sequence is heavily anchored by the alternating E major and B major chords, which establish E major as the tonic. The occurrence of D major and C major, often used as bVII and bVI chords respectively in rock styles, further supports E major as the key."
45100,D minor,85,"The chord sequence is heavily anchored around D minor, which appears as the primary harmonic center throughout the clip. While there is a distinct D major section, the prevalence of D minor chords and the chroma activations, which highlight D as the root, strongly point to D minor as the key."
45101,A major,85,"The harmonic progression is heavily centered on A, with frequent use of A major and E major chords, establishing A as the tonic. While there are segments featuring A minor and a descending Andalusian-style cadence, these function as modal interchange or temporary shifts rather than a change in the primary key."
45103,Bb minor,95,"The chord sequence consistently revolves around Bb minor, Gb major (labeled here as F# major), and Ab major, which function as the i, VI, and VII chords in Bb minor. Occasional appearances of F minor reinforce this minor key center."
45141,Bb major,95,"The chord sequence oscillates between Bb major and G minor, which are the tonic and submediant chords of Bb major. The chroma profile, with strong peaks for Bb, G, and D, provides further evidence for this tonal center."
45166,A major,95,"The chord sequence is heavily centered on A major, with frequent appearances of the E:7 (V), B:min (ii), and F#:min (vi) chords, all of which are diatonic to the A major scale. The chroma activations reinforce this conclusion, showing high peaks at A and E, which are the tonic and dominant notes of the A major scale."
45275,B major,85,"The chord sequence centers around B major, frequently returning to it as a tonic after variations with Ab minor and A major. The chroma profile, with high activity on B and F#, strongly supports B major as the key."
45320,F major,90,"The chord progression is dominated by chords diatonic to the F major scale, including F major, G minor, A minor, and Bb major. The high chroma activations for F, A, and G also strongly align with the F major scale. The A major/A7 chords appear as common chromatic embellishments typical in this harmonic context."
45331,G major,90,"The chord sequence heavily features the progression Am-Dsus4-G, which is a classic ii-V-I cadence in the key of G major. While the ending section introduces chromaticism with C minor chords, the primary harmonic structure remains centered on G major."
45332,G major,95,"The chord progression is dominated by G major, C major, and D major, which act as the I, IV, and V chords in the key of G major. The chroma activations show a strong prominence of the G and D notes, which is consistent with this key."
45334,D major,85,"The chord sequence heavily utilizes D major, A major, G major, E major, and F# minor, which are all strongly centered around the key of D major. While there are some chromatic chords like F:maj, these fit within common rock harmonic progressions in D major, and the chroma activations (which emphasize D, E, F#, G, and A) further support this tonal center."
45513,D major,95,"The chord progression consists almost entirely of an alternation between D major and G major. D major is consistently held for longer durations and initiates the recognizable sequence, strongly indicating it as the tonic. This analysis is further supported by the chroma activations, which show a dominant presence of D."
45514,E minor,85,"The chord sequence is dominated by E minor, C major, and A minor chords, which are all strongly associated with the E minor key. The high chroma activations for E, B, and G further support E minor as the tonic."
45515,B minor,95,"The chord progression is dominated by B minor, with a G major chord acting as the VI in that key. The chroma activations align with this, showing high concentrations of B and F#, which are the tonic and dominant of the B minor scale."
45517,C major,90,"The chord sequence consists of C major and A minor, which are both native to the key of C major. The chroma profile shows strong activations for C, E, and G, further confirming C major as the tonal center."
45518,D major,95,"The chord sequence consists almost entirely of a D major chord sustained for the duration of the clip. The chroma activations are also dominated by D and A, which are the root and fifth of the D major triad, strongly supporting D major as the key."
45519,E major,95,"The chord sequence consists primarily of E major and B major, which function as the I and V chords in the key of E major. The inclusion of the Ab minor chord (the vi chord) is common in this key, and the chroma activations strongly align with the E major scale, including the prominent E, B, and G# (Ab) notes."
45520,G major,90,"The chord progression is dominated by G major, C major, and D major, which act as the I, IV, and V chords in the key of G major. The high chroma values for G, B, C, and D further corroborate this key identification, despite the introduction of minor chords toward the end."
45521,D major,95,"The chord sequence consists primarily of D major, G major, A major, and B minor, which correspond to the I, IV, V, and vi chords in the key of D major. This diatonic progression and the chroma activations strongly support D major as the tonic."
45522,D major,95,"The chord sequence is dominated by a D major chord that lasts for nearly the entire duration of the clip. The chroma activations are consistent with this, showing a strong presence of the notes A, D, and F#, which form the D major triad."
45523,C major,95,"The chord progression features chords that are all diatonic to the C major scale, specifically C major, F major, E minor, and D minor. The central role of C major in the sequence and the supporting chroma activations make C major the clear tonic."
45562,E major,95,"The chord progression predominantly features E major, A major, B major, and F# minor chords, which are all diatonic to the E major scale. The chroma activations show strong peaks on E, F#, and A, which are central notes of the E major key, confirming the tonal center."
45563,C# major,85,"The chord sequence is dominated by C# major, Ab major, and F# major, which function as the I, V, and IV chords in the key of C# major. The chroma activations also strongly support this, showing the highest peaks at C#, F#, and G# (Ab)."
45565,B major,80,"The chord sequence centers on a B tonic, utilizing a B major chord frequently in conjunction with chords like A major, G major, and E minor. This progression, characteristic of rock music, suggests a B tonal center with modal interchange, and the chroma profile aligns with the scale tones and chromatic alterations present in the chord sequence."
45566,C major,5,"The chord sequence consists entirely of 'N' (no chord), and the chroma activations are relatively uniform across all notes, offering no discernible tonal center. Therefore, the key is an arbitrary selection."
45567,E minor,75,"The chord sequence is heavily centered on E, featuring frequent shifts between E major and E minor. Given the inclusion of A major and D major, E minor serves as the most plausible harmonic center, consistent with the Dorian or Aeolian modes."
45568,B major,95,"The chord sequence is heavily dominated by B major and Ab minor (which is the enharmonic equivalent of G# minor, the relative minor). The presence of chords like E major (IV), F# major (V), and C# minor (ii) further confirms the key of B major."
46070,C major,85,"The song centers on C, with frequent alternation between C major and C minor, supported by chords like F major, G minor, and Eb major. The chroma profile further supports C as the tonic due to the strong peak at C."
46088,D minor,90,"D minor is the most frequent and longest-lasting chord in the progression. The harmonic sequence (Dm, Am, F) is strongly indicative of the D minor key, and the chroma activations show high values for notes contained within the D minor scale."
46091,D major,95,"The chord sequence consists primarily of D major, A major, E minor, and B minor, which correspond to the I, V, ii, and vi chords in the key of D major. This is a very common pop progression, and the high chroma activations for D, E, A, and B further support this tonality."
46126,B minor,90,"The chord sequence consists primarily of B minor and B minor 7 chords, punctuated by an E9 chord, which is characteristic of a B Dorian modal progression. This is strongly supported by the chroma profile, which shows a very high activation for B."
46129,E major,95,"The chord sequence oscillates primarily between E major and A major, which is characteristic of a I-IV progression in E major. The presence of F# minor further reinforces this, as it functions as the ii chord in the key of E major."
46146,E major,95,"The chord sequence consists entirely of E major and A major chords, which clearly function as I and IV chords in the key of E major. The high chroma activation for E further corroborates this assignment."
46334,A major,95,"The chord progression is clearly centered on A major, with frequent occurrences of A major, D major, and E7 chords forming a classic I-IV-V harmonic progression. The chroma activations support this with prominent values for A, D, and C#, which are central to the key of A major."
46339,A major,95,"The chord sequence is composed primarily of A, D, and E major chords, which function as the I, IV, and V chords in the key of A major. The chroma data further supports this, with the highest activations corresponding to the notes A and E, which are the fundamental tones of the tonic and dominant chords in A major."
46362,E major,90,"The chord sequence prominently features E major as the home chord and utilizes standard diatonic chords within the key of E major, such as C# minor, F# minor, and B major. Additionally, the chroma activations show peak values at E and B, which strongly confirm E major as the tonal center."
46365,C major,95,"The chord sequence is heavily dominated by C major and G major chords, which function as the tonic (I) and dominant (V) chords in the key of C major. This harmonic structure strongly establishes C major as the tonal center."
46508,Bb minor,90,"The chord sequence frequently utilizes Bb minor, Eb minor, and F major, which correspond to the i, iv, and V chords in the key of Bb minor. Additionally, the chroma activations show prominent peaks at A#, F#, D#, F, and C#, which are consistent with the Bb minor scale."
46514,D minor,90,"The harmonic progression is heavily dominated by D:min, with supporting chords like C:maj and Bb:maj, which are consistent with the key of D minor. While the appearance of D:maj introduces a major quality, the overall tonal center remains clearly rooted in D, supported by the highest chroma activation peak on D."
46546,D major,95,"The chord progression consists primarily of D major, G major, and A major chords, which function as the I, IV, and V chords in the key of D major. This is a standard functional harmonic progression that strongly supports D major as the tonic."
46547,D major,95,"The chord sequence consists primarily of D major, G major, A7, and E minor chords, which function as the I, IV, V, and ii chords in the key of D major. The chroma activations are also consistent with this key, showing a strong presence of notes corresponding to the D major scale."
46548,G major,95,"The chord sequence heavily features G major, C major, and D major chords, which serve as the I, IV, and V chords in the key of G major. The consistent inclusion of A minor as a ii chord further reinforces this key assignment."
46549,E major,95,"The chord sequence consists primarily of E, A, and B chords, which function as the I, IV, and V chords in the key of E major. This analysis is supported by the chroma profile, which shows prominent peaks on the notes E, G#, A, and B, all of which are essential components of the E major harmonic context."
46550,F major,95,"The chord sequence is dominated by alternating F major and C major chords, which strongly establishes F major as the tonic. The occurrence of G major fits within the key of F major as the II chord, and the chroma activations show a significant focus on F and A, both of which are prominent notes in the F major triad."
46551,C major,100,"The chord sequence consists entirely of C major, F major, and G major chords, which are the I, IV, and V chords of the C major key. The chroma activations also show high values for the notes C, G, F, and E, which are fundamental to the C major scale."
46552,G major,95,"The chord sequence is composed of chords diatonic to the G major scale, including G major (I), C major (IV), D major (V), B minor (iii), and A minor (ii). Frequent repetitions of the G chord throughout the progression strongly establish G major as the tonic."
46553,E major,95,"The chord sequence consists almost entirely of E major, B major, and A major, which function as the I, V, and IV chords in the key of E major. The chroma activations, which show high values for B, F#, G#, E, and A, strongly corroborate this analysis."
46728,C major,95,"The harmonic content consists primarily of C major and G major chords, which corresponds to the tonic and dominant in the key of C major. The chroma profile, which is strongest at C and G, provides strong supporting evidence for this key."
46729,C minor,90,"The chord sequence primarily utilizes chords like C minor, F minor, G minor, Bb major, Ab major, and Eb major, all of which are diatonic to the C minor scale. While there is frequent movement between these chords, C minor acts as the stable harmonic center throughout the progression."
46735,D minor,95,"The chord sequence consists primarily of chords diatonic to the D minor scale, including D minor, F major, A minor, Bb major, and C major. The strong focus on the D minor chord throughout the sequence suggests it functions as the tonic."
46736,D major,95,"The chord sequence contains chords like D, E, F#m, G, A, and Bm, which are all diatonic to the key of D major. The chroma profile supports this, showing strong activations for the notes of the D major scale (D, E, F#, G, A, B, C#) rather than the G# associated with the key of A major."
46737,A major,95,"The chord sequence consists of a strong alternation between A major and D major, with a final E:sus4 chord. This I-IV-V progression is a definitive characteristic of the A major key."
46738,C minor,95,"The chord progression is consistently anchored in C minor, with frequent movement between the tonic (C minor) and the submediant (Ab major). The inclusion of Eb major and F major is also entirely consistent with the C minor harmonic context, making the tonality very clear despite minor chromatic variations."
46757,C major,95,"The harmonic progression is dominated by alternating C major and F major chords, with C major appearing significantly more frequently and for longer durations, establishing it as the tonic. This is strongly supported by the chroma profile, which shows a clear emphasis on the C pitch class."
46785,C major,40,"The chord sequence consists almost entirely of unrecognized segments, providing only a single 'C major' chord at the end. Given the lack of other harmonic information, 'C major' is the most direct inference despite the ambiguous chroma activations."
46786,D major,95,"The chord sequence is composed of D major, G major, and E minor chords, all of which are diatonic to the D major scale and form a typical I-IV-ii progression. The chroma activations align with this analysis, showing high values for D, G, and A, which correspond to the I, IV, and V chords in the key of D major."
46787,E major,85,"The chord sequence A, E, B, and F# minor corresponds to a IV, I, V, and ii progression in E major, which is a very common harmonic structure. The chroma activations, which show strong peaks for E, B, and F#, further reinforce E major as the most likely tonal center."
46788,G major,95,"The chord sequence consists primarily of E minor, D major, and G major chords, which forms a clear vi-V-I progression in the key of G major. The chroma activations are consistent with this analysis, showing prominence for the notes G, F#, and E, which are central to the G major scale."
46789,Ab major,90,"The chord sequence relies heavily on C# major (enharmonically Db) and Eb major chords, which function as the IV and V chords in the key of Ab major. The presence of Ab major chords and the chroma data, which emphasizes the Db and Eb pitch classes, strongly support Ab major as the tonic."
46790,Eb minor,95,"The chord sequence is heavily dominated by Eb minor, Bb minor, and F# major, which are the i, v, and III chords in the key of Eb minor. The chroma activations further support this, with strong peaks at D#, F#, C#, and A#, which correspond to the tonic, minor third, seventh, and fifth of the Eb minor scale."
46791,G major,90,"The chord sequence consists primarily of G, C, E:min, and D, which are standard diatonic chords in G major. The chroma profile further supports this conclusion by emphasizing the notes G, C, E, and B, all of which are primary members of the G major scale."
46793,D major,85,"The chord sequence is heavily rooted in D major, with frequent use of D major and A major as primary tonal anchors. The C major chord functions as the flat-seventh (bVII) and the E major chord serves as a secondary dominant (V/V), both of which are common in this harmonic context."
46796,G major,95,"The chord sequence is heavily centered around the G major chord, which appears frequently throughout the track. The presence of D major (the dominant) and B minor (the mediant) further reinforces the key of G major, and the chroma activations are highly consistent with the notes of the G major scale."
46839,C major,80,"The chord sequence is dominated by C major, which serves as the most frequent and stable tonal center. While the Eb major chords introduce chromaticism or modal borrowing, the overall progression strongly points to C major as the tonic."
46841,G major,95,"The chord sequence consistently features G major, E minor, C major, and D major chords, which are the I, vi, IV, and V chords in the key of G major. The frequency and harmonic context of these chords strongly point to G major as the tonal center."
46842,B minor,95,"The chord sequence consists primarily of B minor, G major, A major, and F# major, which are characteristic of B minor. The frequent use of F# major as a dominant resolving to B minor strongly establishes this as the tonic key."
46843,E major,90,"The chord progression frequently uses E major, B dominant, and F# minor chords, which function as the I, V, and ii chords in the key of E major. The chroma profile reinforces this with strong activations on E and B, and the single A minor chord acts as a common modal interchange."
46844,A minor,98,"The chord progression consistently follows a classic i-iv-VII-III-V pattern in A minor (Am-Dm-G-C-E), with the E/E7 acting as a strong dominant leading back to the A minor tonic. The chroma data further supports this with strong activations at A, E, D, G, and G#."
46845,Eb major,85,"The chord sequence prominently features the tonic Eb major alongside its diatonic chords like F minor, Bb major, and Ab major, strongly indicating Eb major as the key. The use of C7 and G major acts as secondary dominants, which is common in this harmonic context."
46847,E minor,95,"The chord progression repeatedly uses E minor, C major, D major, and B major, which corresponds to a i-VI-VII-V progression in the key of E minor. The consistent use of B major as a dominant chord provides a strong functional resolution to the tonic E minor."
46848,A major,90,"The chord sequence strongly establishes A Major with the presence of several ii-V-I progressions (Bm7, E, A) and diatonic chords like C#m, F#m, and D. The occasional Cmaj7 and Dm chords add chromatic flavor but do not displace the A Major tonality."
46850,D major,95,"The chord sequence is dominated by D, A, G, and E minor chords, which function as the I, V, IV, and ii chords in D major. The chroma activations further support this, with prominent peaks on D, A, F#, and C#, all of which are notes in the D major scale."
46852,E minor,90,"The chord sequence consists of E minor, G major, B minor, and D major chords, which are all diatonic to the E natural minor scale. The prominent and frequent usage of E minor, combined with the presence of the B minor chord, suggests that E minor is the tonal center."
46853,F major,85,"The harmonic progression is dominated by F major and F7 chords, often alternating with G minor, A minor, and Bb major chords. This strong focus on F and its related diatonic chords, supported by the chroma activations, makes F major the most likely key."
46854,A minor,95,"The chord progression is heavily centered on A minor, featuring frequent V-i resolutions (E major to A minor) and iv-i motions (D minor to A minor). The occasional use of F minor is common within the context of A minor as a borrowed chord or minor iv."
46855,F minor,85,"The chord sequence heavily features F minor, Ab major, and Eb major, which are all characteristic chords within the F minor tonality. The chroma activations reinforce this, with F and G# (enharmonic to Ab) having the highest values, strongly supporting F minor as the tonic."
46856,C major,95,"The chord sequence is heavily dominated by C, F, and G major chords, which are the primary functional chords in the key of C major. The occurrence of A minor and A major chords is common in C major progressions as secondary dominants or borrowed chords, and the chroma activations strongly highlight C."
47023,A minor,95,"The chord sequence consistently revolves around A minor, C major, D minor, and F major, which are all diatonic to the A minor scale. The frequent recurrence of the A minor chord and the strong chroma activation on the note A point clearly to A minor as the tonic key."
47035,C major,90,"The chord sequence consistently oscillates between G (dominant) and C (tonic), with the final chords establishing a clear resolution to the C major tonic. The chroma distribution is also consistent with the C major scale, with G and D being among the most prominent pitch classes."
47041,E minor,95,"The chord sequence is dominated by E minor, B minor, and G major, which are the i, v, and VI chords in E minor, respectively. This is supported by the chroma activations, which show high concentrations on E, G, B, D, and F#, all notes within the E minor scale."
47042,A minor,95,"The chord progression is dominated by A minor, F major, D minor, and E major, representing the i, VI, iv, and V chords in A minor. The consistent use of E major as the dominant chord resolving to A minor firmly establishes A minor as the tonic."
47043,F minor,90,"The chord progression is heavily centered on F:min, Ab:maj, C#:maj, and C:maj, which are hallmark chords of the F minor key. The frequent repetition of the i-VI-V (F:min-C#:maj-C:maj) sequence establishes a strong tonal center in F minor, and the inclusion of Bb:min and C:min later in the progression is entirely consistent with this key."
47044,E minor,90,"The chord progression is dominated by a repeated alternation between E minor and D major, a classic characteristic of the Dorian mode centered on E. The chroma activations showing high values for E, D, and B further support this tonal center."
47068,C minor,60,"While the chord recognition indicates a C7 chord, the chroma activations show a strong presence of Eb (0.112) and a very low E natural (0.039), which suggests a C minor key center rather than C major."
47069,Ab minor,95,"The chord sequence is dominated by Ab minor chords and its relative major chord, B major. The chroma activations strongly support this by highlighting G#, D#, and F#, which are the tonic, fifth, and seventh degrees of the Ab minor scale."
47070,F major,95,"The chord sequence is heavily dominated by F major and its closely related chords, such as D minor, Bb major, C major, and G minor. These chords strongly suggest an F major tonality, which is further supported by the chroma activations showing significant energy in F and C."
47071,Eb major,85,"The chord sequence is dominated by the Fm7 to Bb7 progression, which is the classic ii-V progression in the key of Eb major. The chroma activations reinforce this analysis, with significant peaks on Bb, D, C, Eb, F, and Ab, all of which are diatonic to the Eb major scale."
47072,D minor,95,"The chord sequence heavily features a D minor, Bb major, and C major progression, which is a common i-VI-VII harmonic pattern in D minor. The sequence frequently returns to D minor as the central tonal anchor, supported by the chroma profile showing significant D, F, A, and Bb activity."
47073,D minor,90,"The chord sequence is heavily centered around D minor, with Dmin7 and Dmin appearing for a significant portion of the duration and being supported by diatonic chords Bb, C, and F. The chroma activations reinforce this with high values for D and A, confirming D minor as the tonal center."
47075,C minor,85,"The song is heavily anchored by the C minor chord, which accounts for the vast majority of the duration. The additional chords, including Eb major, Bb major, and F7, are all consistent with the C minor scale and functional harmony within that key, and the chroma distribution further supports this by highlighting C, Eb, and G."
47076,D minor,95,"The chord sequence consistently revolves around D minor, Bb major, and C major, which are characteristic chords in the key of D minor. Additionally, the chroma activations strongly align with the D minor scale, showing high values for D, A, Bb, C, and F."
47077,Bb major,90,"The harmonic sequence heavily features Bb major, F7, and Eb7 chords, which are consistent with a Bb major tonality. The chroma profile further supports this, with the highest activations occurring on Bb (A#) and F."
47237,E major,95,"The chord progression prominently features E, A, and B, which represent the I, IV, and V chords in the key of E major. The presence of C# minor (the vi chord) and F# major further reinforces this tonal center, while the chroma activations correlate strongly with the notes of the E major scale."
47238,D major,85,"The chord sequence oscillates frequently between D major and A minor, which is characteristic of the D Mixolydian mode, pointing to D as the tonal center. The chroma activations are also consistent with the D major scale, supporting this conclusion."
47240,D major,95,"The chord progression is dominated by D major, G major (IV), and D7 chords, which is characteristic of the key of D major. The inclusion of E7 and A major points towards secondary dominant and dominant functions within this key, and the chroma activations strongly highlight D, A, and F#, the notes of the D major triad."
47242,G major,85,"The chord sequence primarily revolves around G major, E minor, C major, and D major, all of which are diatonic to the G major scale. The A major chord functions as a secondary dominant to the D major chord, while the Bb major chord adds a chromatic element common in many popular music styles, without obscuring the tonal center of G."
47243,E major,95,"The chord sequence heavily features E, A, and B chords, which correspond to the I, IV, and V chords in the key of E major, along with C#m as the vi chord. The chroma activations are also concentrated on the notes E, A, and B, strongly confirming E major as the tonal center."
47245,F major,90,"The chord sequence consistently revolves around F major, utilizing C# major (enharmonic Db major) and C major/7 as prominent functional chords, which strongly supports F major as the tonic."
47343,C major,95,"The chord sequence consists almost entirely of C major and C7 chords, which strongly suggests C major. The chroma profile, with C and G as the most prominent notes, provides further confirmation for this key."
47347,Eb major,85,"The song's harmonic structure is dominated by chords from the Eb major scale, including Eb, Ab, Bb, and C minor. While there is a modulation toward C major in the final segment of the provided sequence, Eb major remains the clear primary key for the majority of the song."
47365,G major,95,"The chord progression is dominated by G major, C major, D7, B minor, and E minor7, which are all diatonic chords within the key of G major. The chroma profile, with high values for G, B, and D, also reinforces this tonal center."
47366,G major,95,"The chord sequence is dominated by a clear I-vi-ii-V progression in G major, utilizing G, E minor, A minor, and D major chords. The chroma activations align perfectly, showing high energy at G, D, E, and F#, which are all members of the G major scale."
47368,C major,95,"The chord sequence primarily consists of C major, F major, and D minor chords, all of which are diatonic to the C major scale. The chroma activations strongly support this, with prominent peaks at F, E, C, and G, which are key components of the C major key center."
47369,A major,95,"The chord sequence consists of A major, F# minor, and D major, all of which are diatonic to the key of A major. The strong chroma activations at A and F# further support A major as the tonic."
47371,Eb major,95,"The chord sequence consists almost entirely of an Eb major chord, which strongly indicates the key of Eb major. The chroma profile further supports this, showing a prominent peak at D# (enharmonic to Eb)."
47454,E major,95,"The chord sequence is dominated by E major, with frequent returns to G major and A major, which is characteristic of an E mixolydian or blues-inflected E major tonality. The chroma data further supports E as the tonic, with E showing the highest activation."
47464,Bb major,90,"The chord sequence is overwhelmingly dominated by the Bb major chord, which accounts for the vast majority of the 60-second duration. The chroma activations also strongly favor Bb (A#) and F, which are the root and fifth of the Bb major triad, further confirming Bb major as the tonal center."
47475,D major,95,"The chord sequence consistently uses chords from the D major scale, including D (I), E minor (ii), F# minor (iii), G (IV), A (V), and B minor (vi). The frequent appearance of the I-ii-V progression and the chroma activations, which show strong peaks on notes belonging to the D major scale, strongly support this analysis."
47477,G minor,95,"The chord progression is heavily dominated by G minor, C minor, and D major chords, which strongly suggest G minor as the tonic. The consistent use of the D major chord as a dominant leading into G minor further supports this key identification."
47478,A major,85,"The chord progression is centered around A major, B minor, and F# minor, which are all common chords in the key of A major (I, ii, and vi respectively). The chroma activations also strongly align with the notes of the A major scale. The E minor chord is likely a misrecognition of an E major chord, which is the diatonic V chord in A major."
47479,D major,95,"The chord progression is dominated by D major, F# minor, E minor, and A major, which are the I, iii, ii, and V chords in the key of D major. The chroma profile reinforces this, showing prominent activation of D, C#, A, F#, and B, all of which are notes in the D major scale."
47480,G major,90,"The chord sequence oscillates between G7 and C major, which functions as I-IV in G major, and concludes with an A minor to D7 to G major progression, which is a classic ii-V-I cadence in G major. The high chroma activation for G further supports G major as the tonic."
47481,E major,95,"The chord sequence is almost entirely comprised of an E major chord, which dominates the track. Additionally, the chroma features a strong peak on E, confirming E major as the most likely key."
47482,E major,90,"The chord sequence is heavily centered around E major, which appears frequently throughout the progression. The inclusion of G major and A major chords alongside the tonic E suggests an E Mixolydian or blues-rock harmonic style, which is also supported by the high activation of E in the chroma."
47483,A major,95,"The chord sequence is heavily anchored by the A major chord, which appears frequently throughout the progression. The accompanying harmonies, including the E major (V) and the secondary dominant progressions (Ab7 to C#m and F# to B), are characteristic of the key of A major. Chroma activations further support this, with strong peaks at A, C#, E, and G#, consistent with the A major scale."
47515,E minor,95,"The chord sequence follows a repeated i-VII-VI-V progression (E minor, D major, C major, B major), which is a common Andalusian cadence strongly anchoring the key to E minor. The chroma data supports this, with prominent activations for E, G, and B, the primary notes of the E minor triad."
47559,B major,90,"The chord progression is centered around the B major chord, which acts as the tonic throughout the sequence. The recurring use of the F# major (V) and E major (IV) chords further supports a B major tonality, with the occasional D major and F# minor chords suggesting common modal or rock-oriented borrowings."
47562,C# major,85,"The chord sequence primarily revolves around C# major and Bb minor, which are relative keys. Given the dominance of the C# major chord throughout the sequence, C# major is the most likely tonic."
47604,D major,80,"The chord sequence frequently utilizes D major, G major, A major, and F#7, which are core chords in the key of D major. Although there are some anomalous chord labels such as D minor and C minor, the overall harmonic structure centers on D major."
47609,F# major,95,"The chord sequence heavily features F# major (I) and its relative minor Eb minor (vi), along with the IV (B major) and V (C# major) chords. This progression is a clear and standard diatonic sequence in F# major."
47612,F major,95,"The chord progression centers around F, Bb, and C, which function as the I, IV, and V chords in the key of F major. This is reinforced by the high F chroma activation."
47661,C major,90,"The chord sequence is heavily dominated by C major, which serves as the consistent harmonic anchor. While the presence of A major and D major chords introduces chromaticism or secondary dominants, the overall tonal center remains strongly centered on C major, which is further supported by the chroma activation peaks."
47662,A major,90,"The chord progression is dominated by an alternation between A major and D major chords, which are the tonic and subdominant in the key of A major. This is reinforced by the chroma profile, which shows A, D, and E as the most prominent notes."
47676,D major,95,"The chord sequence is dominated by D major, G major, and A major, which represent the I, IV, and V chords in the key of D major. The chroma activations showing high values for D, A, and F# strongly support this identification."
47739,A major,98,"The chord sequence is composed almost entirely of A, D, and E chords, which function as the I, IV, and V chords in A major. The chroma activations are also strongly aligned with the A major scale."
47740,A minor,95,"The chord sequence consistently oscillates between A minor and C major, and the inclusion of E major as the dominant chord along with the final cadence on A minor strongly establishes A minor as the tonic."
47742,A minor,95,"The chord progression is dominated by A minor and E major chords, which indicates a strong i-V harmonic relationship in the key of A minor. The chroma activations, which show high values for A and E, further support this analysis."
47767,C# major,80,"The chord sequence is heavily anchored by a long-duration C# major chord, which functions as the tonic. While the sequence includes other chords that are less standard for the key, the strong emphasis on C# major along with the chroma activations peaking on C# and F strongly point to C# major as the tonal center."
47771,G major,65,"The chord progression frequently centers around G major, evidenced by the use of G, C, D, and A minor chords. While the progression is highly chromatic, particularly toward the end, the overall harmonic center is strongly G major, which is also supported by the chroma activations."
47860,B major,95,"The chord progression features B major, E major, C# minor, and F#7, which are standard chords in the key of B major (I-IV-ii-V). The chroma profile confirms this with strong activations for B, D#, and F#, the notes of the B major triad."
47894,F major,95,"The chord progression is dominated by F major and Bb major, which are the I and IV chords in the key of F major. The inclusion of D minor (the vi chord) and the strong chroma activations for F, Bb, and A further confirm this key."
47915,D minor,70,"The song is predominantly composed of a D minor chord, which accounts for the majority of the provided duration. The chroma analysis also shows a strong peak at D, which supports D as the tonic."
47916,C minor,80,"The chord progression frequently centers around C, alternating between C major and C minor. The consistent use of F major, Eb major, and G minor strongly suggests a C minor tonal center with modal interchange common in minor-key compositions."
47917,C major,85,"The song frequently returns to the C major chord and utilizes standard functional harmony with F major and G major, which strongly indicate the key of C major. The other chords present, specifically E major and Ab major, function as common chromatic embellishments often found within the key of C major."
47919,D minor,85,"The chord sequence primarily oscillates between Bb major and D minor chords. The recurring presence of A:maj, which acts as the dominant chord of D minor, provides strong evidence for D minor as the tonic key, likely utilizing the harmonic minor scale."
47920,E minor,90,"The chord sequence consists of a repetitive alternation between E minor and A major chords, strongly indicating an E minor tonic center. The inclusion of B minor chords further reinforces the E minor/Dorian tonality."
47921,Bb major,95,"The chord sequence is overwhelmingly centered around Bb:maj, which accounts for the vast majority of the song's duration. The high chroma activation for Bb further confirms this as the tonal center."
47922,E minor,85,"The chord sequence consistently revolves around E minor as the primary tonal center. The progression frequently utilizes E minor as the anchor, while incorporating F major (acting as the Neapolitan chord), G major, and C major, which are all common in the E minor harmonic context."
47923,F major,90,"The chord sequence is heavily dominated by F major chords, and includes supporting chords like C major (the dominant), D minor, and A minor, which are all diatonic to the key of F major."
47924,C major,90,"The chord progression frequently centers on C major, utilizing chords like F major, E minor, and G major, all of which are diatonic to the C major scale. The chroma activations show significant presence of C, E, and G, further confirming C major as the tonal center."
47955,F major,85,"The chord sequence is heavily centered around the F major chord, which appears consistently throughout the segment. While there are some chromatic elements like the Bb/F, C minor, and Eb/G chords, they function well within an F major context, and the chroma activations strongly support F as the tonic."
48002,E major,95,"The chord sequence (E, A, B, C#m, G#m) is a standard diatonic progression in the key of E major. The chroma activations are dominated by E, G#, and B, which are the tonic triad notes, strongly supporting this analysis."
48003,C major,90,"The chord sequence is clearly centered around C major, utilizing the tonic C major, the subdominant F major, and the dominant G major, along with the relative minor A minor. The recurring Ab:maj chord serves as a chromatic passing chord or flat submediant substitution, which does not disrupt the overarching C major tonality."
48006,C# major,95,"The chord progression consistently cycles through the I, vi, ii, and V chords (C#maj, Bbm, Ebm, Abmaj) in the key of C# major. This standard harmonic sequence, combined with the chroma activations, strongly confirms C# major as the tonal center."
48055,E major,95,"The chord progression consistently features E major, B major, C# minor, and A major, which are the I, V, vi, and IV chords respectively in the key of E major. The chroma activations are also consistent with this key, showing high values for B, E, and A."
48056,F major,95,"The chord sequence consistently relies on chords belonging to the F major scale, including the tonic (F), subdominant (Bb), dominant (C), and vi chord (Dm), with A major serving as a secondary dominant to the vi chord. The chroma profile further supports F major by showing strong activations for F and A."
48057,C minor,95,"The chord progression consistently features C minor, Eb major, Ab major, and Bb major, which is a standard diatonic sequence in the key of C minor. The frequent repetition of the C minor chord as the foundational element strongly reinforces it as the tonic."
48058,E minor,85,"The chord progression features a consistent rotation of E minor, C major, G major, and A minor, all of which are diatonic to the E natural minor scale. E minor appears as a frequent anchoring chord throughout the sequence, identifying it as the likely tonic."
48059,F major,95,"The chord progression consists of F major, G minor, Bb major, and C major, which are the I, ii, IV, and V chords in the key of F major. The strong, repetitive emphasis on the F major chord confirms this key assignment."
48060,E major,95,"The chord progression is dominated by E major, A major, and B major chords, which are the I, IV, and V chords in the key of E major. The chroma activations are consistent with this analysis, showing clear peaks at the primary chord tones of E, G#, A, and B."
48062,G major,95,"The chord sequence consists entirely of G major, C major, and D major, which correspond to the I, IV, and V chords in the key of G major. The harmonic content consistently reinforces the tonic as G, supported by the chroma profile which shows prominent activity in the G major triad."
48063,C major,85,"The chord sequence consists primarily of A minor, C major, F major, and G major, which are all diatonic to the C major scale. While the progression alternates frequently between A minor and C major, C major is the most likely tonal center for these chords."
48119,G minor,95,"The chord sequence is dominated by G minor, which comprises almost the entire duration of the clip. The chroma activations reinforce this, showing high values for G and D, which are the root and fifth of the G minor chord."
48123,C minor,95,"The chord sequence is heavily centered on C minor, utilizing G major as a dominant chord and Bb major as a subtonic chord, which are both standard components of the C minor harmonic progression."
48125,Ab minor,90,"The chord sequence heavily features Ab minor and related chords such as Eb7 and Bb minor, which function well within the key of Ab minor. The chroma activations further support this, showing strong emphasis on notes Ab, Bb, C#, and Eb, all of which are central to the Ab minor scale."
48139,D major,95,"The chord sequence relies heavily on D, A, Bm, and G, which are the I, V, vi, and IV chords in the key of D major. The chroma profile confirms this with strong activations for D, F#, and A, the notes that constitute the tonic triad."
48140,G major,95,"The chord sequence is clearly centered around G major, utilizing frequent G:maj chords as the tonic. Functional progressions such as A:min (ii) to D:maj (V) and the common use of C:maj (IV) reinforce this tonality, while the minor chords like B:min further support the key. Occasional chromatic chords such as Eb:maj and C:min are common functional borrowings and do not shift the overall key center."
48141,G major,90,"The chord sequence is dominated by G major, A minor, D major, and C major chords, which correspond to the I, ii, V, and IV chords in the key of G major. The progression frequently repeats these functional relationships, clearly establishing G major as the tonic."
48142,C major,95,"The chord sequence consists primarily of chords diatonic to the C major key, such as C major, F major, D minor, and G major. The inclusion of E major chords serves as a secondary dominant (V/vi) resolving to A minor, which is typical in C major, and the chroma activations strongly peak on the tonic triad notes (C, E, G)."
48143,A major,95,"The chord sequence heavily utilizes A, D, and E chords, which are the I, IV, and V chords in A major, alongside B minor and F# minor. The chroma activations are consistent with the A major scale, confirming this key."
48144,D major,95,"The chord sequence prominently features D, G, and A chords, which correspond to the I, IV, and V chords in the key of D major. This functional progression is very strong and is further supported by the high chroma activations for D and A."
48145,C major,95,"The chord progression relies heavily on C, F, G, Dm, and Am chords, all of which are diatonic to the C major scale. The consistent resolution to C major, combined with the high prominence of C and G in the chroma activations, strongly points to C major."
48146,G major,95,"The chord sequence consists primarily of G major, C major, E minor, and D major chords, which are all diatonic to the key of G major. The frequency of the G major chord, combined with the presence of the D major chord acting as a dominant, strongly indicates G major as the tonic."
48147,Eb major,95,"The chord sequence is dominated by Eb, Ab, and Bb, which function as the I, IV, and V chords in Eb major. The appearance of C minor as the vi chord further confirms this key, as it is diatonic to Eb major and fits within the functional harmonic context."
48148,D major,95,"The chord progression is dominated by D major, B minor, G major, and A major, which is a standard I-vi-IV-V progression pattern in the key of D major. The chroma activations are also consistent with this key, showing strong peaks for the notes D, A, E, and C#."
48149,G major,95,"The chord sequence prominently features the G, C, and D chords, which represent the I, IV, and V chords in the key of G major. This standard harmonic progression, supported by the high chroma activation for G, strongly indicates G major as the tonic."
48173,B minor,95,"The harmonic progression alternates consistently between B minor and F# major, which is a classic i-V oscillation defining the key of B minor."
48175,Eb major,85,"The chord sequence is heavily anchored by the alternating Eb major and Ab major chords, which function as the I and IV chords in the key of Eb major. Although there is frequent use of G major/7 chords indicating significant chromaticism, the harmonic center remains grounded in Eb major throughout the sequence."
48176,A minor,90,"The chord sequence is heavily dominated by A minor and E minor, which represent the i and v chords in the key of A minor. The chroma activations strongly support this with A being the most prominent note, followed by E."
48177,A major,85,"The chord sequence contains a clear cadence (E:7 to A:maj) and utilizes functional chords like C#:min and B:min that strongly suggest the key of A major. This is further supported by the chroma activations, which show high values for the tonic (A) and dominant (E), as well as the presence of the leading tone (G#)."
48178,Eb minor,90,"The track is overwhelmingly dominated by the Eb minor chord, which persists for the vast majority of the duration. Although there is a shift toward F# minor and A major in the final seconds, the primary harmonic center remains firmly established as Eb minor."
48180,Bb major,90,"The chord sequence primarily utilizes Bb major, F major, G minor, C minor, and Eb major, which form a strong diatonic vocabulary for the key of Bb major. The prominent chroma activations at Bb, G, F, and C further support Bb major as the tonic."
48182,Ab major,85,"The chord sequence consists almost entirely of an oscillation between Ab major and Ab minor chords, firmly establishing Ab as the tonic. While the presence of both major and minor qualities makes the mode slightly ambiguous, Ab major is the most appropriate classification for the key."
48183,C major,95,"The chord progression frequently utilizes common chords from the key of C major, including ii-V-I movements like Dm-G-C and chords such as F, Am, and Em. The chroma distribution is also consistent with the C major scale, further supporting this conclusion."
48184,E minor,40,"The chord sequence consists almost entirely of unrecognized chords, with a single short E minor chord. The chroma profile shows a peak at E, providing slight evidence for E minor."
48185,G major,90,"The chord progression predominantly alternates between C major and G major, with the inclusion of C minor acting as a minor subdominant (iv chord) that resolves to the G major tonic. This harmonic pattern is characteristic of the key of G major, and the chroma activations strongly support the centrality of G and C."
48186,C minor,95,"The chord sequence consistently oscillates between C minor and G major, which functions as the i-V progression in C minor. The presence of the Ab major chord further supports this tonality, and the chroma activations strongly align with the C minor scale."
48187,D minor,95,"The chord sequence consists almost entirely of an alternating pattern between D minor and C major, which is a common i-VII progression in the key of D minor. The chroma activations further support this, with prominent peaks at D, C, and E."
48188,Bb minor,95,"The chord sequence is almost entirely composed of a Bb minor chord lasting for 56.3 seconds. This is strongly supported by the chroma activations, which show the highest intensity at A# (enharmonically Bb)."
48189,Bb major,95,"The chord sequence consists primarily of Bb:maj, Eb:maj, and F:maj, which are the tonic, subdominant, and dominant chords in the key of Bb major. This functional progression provides very strong evidence for the key being Bb major."
48194,A minor,90,"The progression is centered around A minor, utilizing the F major, E minor, and G major chords, which are all diatonic to the A natural minor scale. The frequent resolutions to A minor throughout the sequence strongly support this key assignment."
48195,F# minor,95,"The chord sequence is heavily anchored by the F# minor chord, and the prominent use of the C#7 dominant chord serves as a strong resolution back to the tonic. The chroma activations align well with the notes of the F# minor scale (F#, A, C#) and the ii-chord (G#m7b5, labeled as Ab:hdim7)."
48198,D minor,75,"The chord sequence is dominated by repeated D minor and E minor chords, establishing D as the clear tonal center. This progression, along with the presence of C major and Bb major chords, is characteristic of the D Dorian mode or D minor harmony."
48199,C major,90,"The chord sequence consists primarily of chords found within the C major scale, such as F major, C major, A minor, E minor, and D minor. The frequent occurrence of the C major and F major chords, along with the chroma activations prominently featuring C, E, and G, strongly indicate that the song is in the key of C major."
48202,G minor,95,"The harmonic progression is clearly centered on G minor, which is the most frequent chord. Supporting chords such as C minor (the iv chord) and D major (the dominant in harmonic minor) align with the G minor scale, and the chroma profile shows G, D, and Bb (A#) as prominent pitches."
48203,A minor,85,"The chord sequence consistently revolves around A minor, D minor, F major, and G major, all of which are diatonic to the A minor scale. The frequent recurrence of A minor as a tonal anchor strongly suggests that A minor is the key."
48204,C# minor,90,"The chord sequence is dominated by a C# minor chord which appears for 44.9 seconds. The chroma profile, featuring peaks on G#, E, and C#, strongly supports C# minor as the tonal center."
48205,G minor,95,"The chord sequence consists primarily of G minor and D minor, which function as the i and v chords in the key of G minor. The chroma activations also support G as the most prominent pitch."
48206,Eb minor,60,"The chord sequence consists primarily of unrecognizable content, but it explicitly labels a significant section as Eb minor. The chroma activations show a strong peak at D#/Eb, supporting this chord identification."
48216,Ab major,90,"The chord sequence is dominated by the Ab major chord, which functions as the tonic. The presence of the Eb major (V) and C minor (iii) chords are all diatonic to the Ab major scale, strongly supporting this key assignment."
48223,E major,75,"The chord sequence primarily alternates between E major and C# minor, which are relative major and minor keys. While there is a shift to F major and D major near the end, these appear to be chromatic movements away from the established tonal center of E major."
48241,C major,95,"The chord progression consistently repeats F-G-C, which is a classic IV-V-I cadence in the key of C major. This harmonic structure is strongly supported by the high activation of C in the chroma data."
48242,Eb minor,85,"The chord sequence primarily alternates between Eb minor and Bb minor7, strongly establishing Eb minor as the tonal center. The chroma activations also show prominent peaks at Bb, F#, D#, and G#, which are consistent with the Eb minor scale."
48243,A major,75,"The song's chord progression frequently revolves around Bm, Am, and G, which points toward an A minor or A Dorian tonality. However, the sequence resolves with a series of chords leading to an A major tonic, and the strong A chroma activation further supports A as the tonal center."
48244,F# minor,90,"The chord sequence primarily alternates between F# minor and E major, which is a common progression in the key of F# minor (i-VII). The chroma activations strongly support this as they highlight the notes of the F# minor scale, specifically F#, G#, A, B, C#, and E."
48245,E minor,90,"The chord sequence consists primarily of E minor, G major, A major/minor, and D major, which strongly indicates E minor as the tonic. The frequent use of A major alongside E minor suggests an E Dorian or E Aeolian harmonic context."
48247,C major,75,"The harmonic sequence oscillates between C major and D major/minor chords. The consistent return to C suggests it functions as the tonic, while the D chords provide a Lydian-inflected progression. Chroma activations, dominated by C, D, and E, support the selection of C major."
48248,G major,95,"The chord progression of C-Em-G-D repeats consistently throughout the song, representing the IV, vi, I, and V chords in the key of G major. The strong presence of G in the chroma activations further confirms G as the tonic."
48249,Bb major,80,"The song consistently alternates between Eb major and Bb major chords, which strongly suggests a functional harmonic relationship like a I-V or IV-I progression in the key of Bb major. The inclusion of Bb major inversions (Bb:maj/3) further reinforces Bb major as the stable tonal center."
48290,D minor,75,"The chord sequence prominently features D:min for a longer duration than D:maj, suggesting D is the tonic. The chroma peak at D further supports this, leading to the conclusion that the key is likely D minor."
48291,G major,95,"The chord sequence is dominated by G major, C major, and D major chords, which clearly represent the tonic (I), subdominant (IV), and dominant (V) in the key of G major. The presence of B minor (iii) is also characteristic of this key, and the chroma activations, with higher values for G and B, are consistent with a G major tonal center."
48293,C major,95,"The chord sequence relies heavily on C, F, and G major chords, along with A minor and D minor, all of which are diatonic to the C major scale. The frequent resolution to the C major chord throughout the sequence strongly indicates C major as the tonic."
48294,G minor,95,"The chord progression consistently revolves around G minor, featuring common diatonic chords such as Bb major, C minor, Eb major, and a dominant D7. The chroma activations further support this, with strong prominence of G, D, and Bb, which are the root, fifth, and minor third of the G minor triad."
48297,Bb major,85,"The chord sequence spends a significant amount of time on Bb, Eb, and F major chords, which are the I, IV, and V chords in Bb major. While the earlier part of the sequence features D minor and D major, the overall harmonic progression in the second half strongly reinforces Bb major as the tonic."
48612,A major,90,"The chord sequence alternates between A major and D major, with A major appearing more frequently and serving as the concluding chord. The chroma activations are heavily centered on the note A, providing strong evidence that A major is the tonal center."
48615,E major,95,"The chord sequence consists entirely of alternating E major and A major chords, representing a standard I-IV progression in the key of E major. The chroma activations corroborate this, showing the highest peaks at E and A."
48616,B minor,95,"The chord sequence centers heavily on B minor, frequently alternating between the i (Bm), iv (Em), and VII (A) chords. The chroma activations confirm this, with B being the most prominent note and E and A also showing significant weight, all of which are consistent with the B minor key."
48618,G minor,95,"The chord sequence is overwhelmingly centered on G minor, which occupies nearly the entire 60-second duration. This is further corroborated by the chroma activations, which show high prominence for the notes G, D, and Bb (A#)."
48619,C major,85,"The chord sequence primarily features C major, F major, G major, and D minor, which are all diatonic chords within the C major scale. The inclusion of the Bb major chord is common in many styles of music as a borrowed chord from the parallel minor or Mixolydian mode, and the chroma activations are generally consistent with this tonal center."
48620,D minor,90,"The chord sequence is dominated by D:min, G:maj, and A:min/maj, which are the functional pillars of the D minor key. The chroma data also displays strong peaks for D, A, F, and G, all of which are essential components of the D minor scale."
48621,B major,95,"The chord progression is centered on the B major, E major, and F# major chords, which are the I, IV, and V chords in the key of B major. Additionally, the chroma activations strongly support this, with prominent spikes on B, F#, D#, and G#."
48622,B major,95,"The harmonic structure is dominated by the I (B major), IV (E major), and V (F# major) chords, which strongly define the key of B major. The chroma profile reinforces this with prominent B, F#, and E activations, consistent with the B major scale."
48789,Ab minor,95,"The chord sequence is dominated by an extended Ab minor chord. The chroma activations strongly support this, with high peaks on Ab, Eb, and Bb, which correspond to the tonic, dominant, and supertonic degrees of the Ab minor scale."
48957,A major,30,"The chord sequence consists almost entirely of unrecognized segments, with only a single A major chord at the end. Based on this limited harmonic information, A major is the most plausible key."
48961,D major,95,"The chord sequence consists almost entirely of D major, which is a strong indicator of D major as the tonal center. The chroma activations, which show D and F# as the most prominent notes, further support this conclusion."
48969,C major,95,"The chord sequence consists almost entirely of a C major chord. The chroma activations further support this, with C being the most prominent pitch class, followed by its dominant G and other scale degrees."
49088,C major,75,"The chord sequence frequently features C major, F major, and E minor chords, which are consistent with the I, IV, and iii chords in the key of C major. Despite some chromaticism, such as the frequent F# chords, the tonal center remains firmly in C major."
49090,G minor,90,"The harmonic progression revolves around G minor and its dominant, D major, with frequent use of the submediant Eb major chord, which is characteristic of the G minor scale. The chroma vector supports this conclusion with strong activations on the G and D notes, as well as the Eb (D#) note."
49093,D major,65,"The chord progression frequently centers around D major and includes the V chord A major, indicating a D major tonality. While there is chromaticism with C major and C# minor chords, the chroma activations strongly align with the D major scale, particularly with high prominence on E, G, D, C#, and F#."
49097,D minor,95,"The chord progression frequently uses D minor, F major, C major, and Bb major, which are all diatonic to the D minor scale. The dominant A major/minor chords and the chroma activations strongly support D minor as the tonic."
49098,D minor,95,"The chord sequence is firmly grounded in D minor, with frequent occurrences of Dm as the tonic, Gm as the subdominant, and A major as the dominant. The prevalence of these chords, alongside consistent chroma activations for D and A, confirms D minor as the key."
49132,D minor,70,"The chord sequence prominently features D:min7, F:maj, and A:min7, which are strongly indicative of D minor as the tonal center. While there are chromatic elements like F:7 and B:min7, these appear to be typical harmonic embellishments, and the chroma distribution, with its high A activation (the fifth of D), provides additional support for the key of D minor."
49296,F major,85,"The chord sequence is dominated by F major, with G minor (ii) and Bb minor (iv) providing functional or borrowed support within the key. The chroma data strongly supports this conclusion with a dominant F activation."
49430,G major,95,"The chord sequence consists primarily of G major, C major, E minor, and A minor, which are all diatonic chords in the key of G major. Given the frequent repetition of G major as the central harmonic anchor and the chroma profile supporting the notes of the G major scale, G major is the most likely tonic."
49438,C major,95,"The harmony alternates primarily between C major and F minor/C, which is a classic minor iv to I progression in the key of C major. The chroma profile further supports this, with the highest activations on C, G, and E, the constituent notes of the C major triad."
49637,D minor,95,"The chord sequence centers on D minor and A7, which represents a strong i-V progression in the key of D minor. The presence of the Bb major chord, often the VI chord in this key, further supports D minor as the tonic."
49638,Bb major,95,"The chord sequence is heavily dominated by Bb major and F major, which correspond to the I and V chords in the key of Bb major. The chroma data also shows a strong peak at A# (enharmonic to Bb) and F, consistent with this key."
49639,A minor,85,"The chord progression consistently features A minor, G major, D major, and E major. This combination is characteristic of A minor, where E major functions as the dominant (V) and the other chords fit within the natural minor or Dorian modes."
49640,E major,90,"The chord progression is centered on the E major chord, which appears frequently and for the longest durations. The presence of C and D major chords indicates common modal mixture, and the chroma activations strongly support the E major tonic and dominant, B."
49641,A major,75,"The chord sequence is dominated by an A major chord, which accounts for the vast majority of the identified harmonic content. Additionally, the chroma analysis shows a significant peak on A, which supports A major as the likely tonic."
49642,E minor,90,"The chord sequence is heavily anchored by E minor, which persists for a significant duration. The presence of B major as a dominant function chord (V) and the common usage of C major (VI) and G major (III) further confirm E minor as the tonic. The chroma data, particularly the high values for B and E, is consistent with this analysis."
49643,E minor,95,"The chord sequence is dominated by E minor, G major, and B minor, all of which are diatonic to the E minor scale. The chroma profile also shows high activations for the notes E, G, F#, and B, which strongly corroborate the key of E minor."
49830,A major,90,"The chord sequence consists of a repetitive A-E-F-G progression, where the A major chord consistently serves as the anchor at the beginning and end of phrases. While the use of major chords like F and G indicates modal mixture, the harmonic focus and structure strongly identify A as the tonic."
49831,G major,95,"The chord sequence relies heavily on G, C, and D chords, which function as the I, IV, and V chords in the key of G major. This is further corroborated by the chroma activations, which show significant emphasis on the notes G, C, and D."
49832,C major,95,"The chord sequence is heavily centered on C major, with recurring progressions of C, Bb, and F (I-bVII-IV in C major), which is a common rock or blues-inflected pattern. This is strongly supported by the chroma activations, which show the highest values for C and G."
49833,A major,90,"The harmonic progression is dominated by the A major chord, with a consistent pattern of A major, E minor, and G major. This sequence strongly implies the key of A Mixolydian, which is categorized as A major in this context, supported by the prominent A and E activations in the chroma data."
49836,D major,90,"The chord sequence is heavily dominated by the D major chord, with a recurring C major chord that suggests a D Mixolydian harmonic context, typically categorized under D major. The chroma activations also support this, showing prominent D, F#, and A notes."
49837,Bb major,85,"The chord sequence is heavily centered on Bb major, which acts as the tonic throughout. The recurring motif of G minor and F# major functions as a consistent harmonic pattern within the established Bb major key."
49838,C major,95,"The chord sequence primarily oscillates between C major and E minor, both of which are diatonic to the C major key. The consistent presence of F major, G major, and A minor chords provides strong harmonic support for C major."
49842,A minor,95,"The chord progression is centered around the A minor chord, which appears for more than half of the duration. The presence of functional harmonies such as D minor, C major, and the E7 dominant chord resolving to A minor strongly supports a key of A minor, and the chroma activations are also consistent with this tonic."
49847,B major,95,"The chord sequence consists entirely of B major and E major, which function as the I and IV chords in the key of B major. The chroma activations support this tonal center, showing significant presence for the notes B, D#, and F#, which comprise the B major triad."
49848,Eb major,95,"The chord progression is primarily comprised of Eb major, C minor, and Ab major, which corresponds to the I, vi, and IV chords in the key of Eb major. The chroma activations further support this, showing strong presence of Eb (D#), C, and Bb (enharmonically A#)."
49849,A major,100,"The chord sequence relies heavily on A major, D major, and E chords, which function as the I, IV, and V chords in the key of A major. This analysis is strongly supported by the chroma activations, which show significant peaks at A, C#, and E."
50048,E minor,95,"The chord progression consistently revolves around E minor, C major, and G major, which are all diatonic to E minor. The high E chroma activation further supports E minor as the tonic."
50049,E minor,90,"The sequence is composed of chords such as E minor, G major, C major, A minor, and D major. These chords are strongly diatonic to the E minor scale, and the progression prominently features E minor as the tonal center."
50051,B minor,90,"The chord progression consistently features Bm, G, D, and F#m, which are characteristic of the B minor scale. The song repeatedly emphasizes Bm as the tonal center, particularly with the sustained Bm chord at the conclusion of the clip."
50053,D minor,85,"The chord sequence frequently features D minor, Bb major, F major, and G minor, which are all diatonic to the D minor scale. The chroma activations show strong presence of D, F, and A#/Bb, which further support the D minor tonality."
50054,E minor,95,"The chord sequence cycles through E minor, G major, C major, and A minor, which are all diatonic to the E minor scale. The consistent repetition of the E minor chord, especially its significant duration at the end of the sequence, along with the chroma activations identifying E, B, and F# as prominent, strongly confirms E minor as the tonic."
50055,D major,100,"The chord sequence is firmly rooted in D major, frequently utilizing the tonic (D), subdominant (G), dominant (A), and vi (Bm) chords. The chroma profile shows strong activations for D and F#, which are key notes in the tonic triad of D major, further confirming the tonal center."
50061,C# minor,85,"The chord sequence primarily consists of C# minor and A major chords, which function as the i and VI chords in the key of C# minor. The chroma activations strongly support this, showing high values for the tonic (C#), third (E), and fifth (G#), while the tonic note (C#) is significantly more prominent than the other potential tonic A."
50092,G major,95,"The chord sequence is composed of standard diatonic chords in G major, including the tonic (G), subdominant (C), dominant (D), relative minor (Bm), and supertonic (Em). The chroma data also shows strong activations for the notes G, B, and F#, which are key components of the G major scale."
50096,D major,95,"The chord progression primarily features D major, G major, B minor, and F# minor chords, all of which are diatonic to the key of D major. The chroma profile further supports this with high activations for D, A, and G, which are key notes in the D major scale."
50099,E major,90,"The chord sequence is dominated by an E major chord for the vast majority of the recording, which strongly points to E major as the tonic. While there are some significant chroma activations in D, the explicit chord data provided is quite clear."
50267,D minor,95,"The chord sequence oscillates primarily between D minor and A minor, with additional Bb and C major chords, which are consistent with functional harmony in the key of D minor. The chroma activations further support this, showing significant presence of the tonic (D) and dominant (A) notes."
50272,E minor,95,"The chord sequence consists almost exclusively of E minor and G major chords, which are the tonic and relative major in the key of E minor. The high chroma activation for E strongly supports E minor as the key."
50282,D major,90,"The chord sequence is dominated by a D major chord which acts as the tonic, frequently alternating with a C major chord in a classic bVII-I mixolydian progression. The chroma activations further support D as the tonic, showing significant weight on D and C#."
50298,B major,90,"The chord sequence alternates between E major and B major, with B major functioning as the tonic. The inclusion of an E minor chord, commonly used as a iv chord in the key of B major, strongly reinforces this choice, and the piece concludes on a B major chord."
50370,Eb major,90,"The harmonic progression is clearly anchored in Eb major, featuring prominent use of the tonic (Eb), dominant (Bb), and other characteristic chords like Gmin7, F7, and Cmin7. The chroma activations are also consistent with the Eb major scale."
50419,C major,95,"The chord sequence consists primarily of G major, C major, and F major chords, which are the V, I, and IV chords in C major, respectively. The chroma activations reinforce this conclusion, with the most prominent peaks being C, G, and E, which correspond to the tonic triad of C major."
50423,C major,95,"The chord sequence consists entirely of diatonic chords from the C major scale, including C major, F major, G major, A minor, D minor, and E minor. The prevalence of C major as a central anchor and the chroma profile, which highlights the notes C, F, G, and A, strongly point to C major as the tonic."
50424,G minor,95,"The chord sequence is heavily centered around G minor and D minor, which strongly indicates G minor as the tonic. The chroma activations are also consistent with this, showing significant presence of notes found in the G minor scale such as G, D, F, and A#."
50450,A minor,85,"The chord sequence consists of A minor, F major, D minor, and C major, all of which are diatonic to both A minor and its relative major, C major. The strong emphasis on A minor chords in the initial section and the chroma data, which highlights A, C, and E while showing relatively low activation for G, point strongly toward A minor."
50451,D major,95,"The chord sequence consistently utilizes chords such as Gmaj7, Dmaj, Emin, Bmin7, and A major, which are all core chords within the D major key. The chroma activations further support this by showing strong peaks for the notes D, F#, G, A, and B, which are all found in the D major scale."
50453,Ab minor,90,"The chord sequence is heavily anchored by the Ab minor chord, with the other chords (C#min, Emaj, F#maj) fitting naturally within the Ab minor diatonic collection. The chroma activations reinforce this, showing high prominence for G# (enharmonic to Ab) and other key-related notes."
50454,F major,85,"The chord sequence consists of an alternating progression between Eb:maj7 and F:maj. This harmonic pattern, combined with the chroma activations, strongly points to F major as the tonic, with the Eb:maj7 functioning as a bVII chord, which is a common progression in many pop and rock contexts."
50455,C major,90,"The chord progression features a repeated sequence of F, G, E minor, and A minor, which are all diatonic to the key of C major. The frequent use of E minor as a pivot chord and the final chord resolution to C major strongly indicate that C major is the tonal center."
50456,F# minor,95,"The chord sequence consists primarily of F# minor, A major, and C# minor chords, all of which are diatonic to the F# minor scale. The significant duration of the F# minor and F# minor 7 chords, along with chroma peaks at F# and C#, strongly indicate that the key is F# minor."
50457,C# minor,95,"The harmonic progression is dominated by C# minor, B major, and Ab minor (enharmonically G# minor). These chords function as the i, VII, and v chords respectively within the key of C# minor. The chroma activations further support this, with prominent B, C#, and G# activity."
50464,G major,100,"The chord sequence consists almost entirely of G, D, Bm, and C, which are diatonic chords within the G major scale. The consistent use of the G-D-Bm-C progression confirms G major as the key."
50539,C major,90,"The chord progression alternates primarily between C major and F major, which correspond to the I and IV chords in the key of C major. The inclusion of E minor as the iii chord further strengthens the tonal center of C major, and the chroma activations (highlighting C, E, and G) are highly consistent with this key."
50544,C major,95,"The chord sequence consists primarily of an alternation between C major and F major, which correspond to the I and IV chords in the key of C major. The chroma activations also strongly highlight C and G, confirming C major as the most likely tonic."
50595,D minor,90,"The chord progression is heavily anchored by D minor and its relative major, F major, which appear frequently throughout the sequence. The chroma profile supports this, with significant activations for D and F, confirming the strong D minor tonal center."
50619,D major,90,"The harmonic sequence centers around the D major triad, with frequent use of G (IV), F#7 (V/vi), and Bm (vi). The chroma profile strongly emphasizes D and F#, consistently supporting the key of D major."
50623,B minor,90,"The chord progression consistently uses B minor, D major, G major, and A major, which correspond to the i, III, VI, and VII chords in the key of B minor. The frequent repetition of the Bm chord, along with high chroma activations for the notes B, D, and F#, strongly point to B minor as the tonic."
50723,C major,95,"The chord sequence consists almost entirely of an alternation between C major and F major chords. Given that the sequence frequently resolves to or centers on the C major chord, C major is the most likely key tonic."
50724,C major,95,"The chord sequence is clearly centered on C major, utilizing the tonic chord frequently alongside common diatonic chords like A minor, E minor, and D minor. The inclusion of the minor iv chord (F minor) is a common harmonic device used within the key of C major to add flavor, reinforcing the tonality rather than challenging it."
50725,D major,95,"The chord sequence heavily features the I-vi-IV progression (D major, B minor, G major) and the ii-V progression (E minor, A major), which are characteristic of the D major key. Furthermore, the chroma analysis shows stronger activations for the notes of the D major scale (specifically C#, D, E, F#, A, B) compared to their non-diatonic counterparts."
50726,Eb major,95,"The song is centered around the Eb major chord, with supporting Bb major and Ab major chords that represent the I, V, and IV functional harmony in the key of Eb major. The chroma activations, which show strong peaks at Eb (D#) and Bb (A#), provide further evidence confirming this key."
50727,Bb major,95,"The chord sequence consistently alternates between Bb major and G minor, with supporting IV (Eb) and V (F) chords, which strongly points to Bb major as the tonic. The high chroma values for Bb (A#), F, D, and G further corroborate this key signature."
50728,G major,95,"The chord sequence follows a repeating G major, E minor, D major, C major progression, which is a classic I-vi-V-IV pattern in G major. Chroma activations also support G as the tonal center."
50729,A major,95,"The chord sequence is composed primarily of A major, F# minor, E major, and D major, which function as the I, vi, V, and IV chords in the key of A major. The chroma profile further supports this, showing strong activations for notes in the A major scale, such as A, C#, E, F#, and D."
50730,D minor,90,"The chord sequence is heavily centered on D minor, frequently alternating with Bb major. Almost all chords, including F major and C major, are diatonic to the D natural minor scale, and the progression concludes on D minor, strongly supporting this key."
50731,B minor,95,"The chord progression prominently features B minor, F# minor, G major, and A major, which are consistent with the i-v-VI-VII progression in B natural minor. The chroma activations strongly support this with high values for B, F#, A, and G."
50732,D major,95,"The chord sequence consists entirely of diatonic chords within the key of D major (I: D, IV: G, V: A, vi: Bm, iii: F#m). The chroma activations also prominently feature D, A, and F#, which are the notes of the D major triad."
50740,F major,85,"The chord sequence consistently revolves around the progression F major, C minor, and Bb major, establishing F as the tonal center. The chroma profile supports this, highlighting notes corresponding to the F major scale with a flat seventh, characteristic of F Mixolydian. Although there is some chromatic movement at the very end, the primary harmonic focus remains on F major."
50741,A minor,90,"The chord sequence consistently revolves around A minor, with frequent use of A minor and D major, which is indicative of the A Dorian mode. The inclusion of chords like F major, C major, E minor, and G major further reinforces the A minor tonality."
50742,D major,95,"The chord sequence is heavily dominated by D, G, and A chords, representing the I, IV, and V chords in D major, along with the ii chord (E minor). This functional harmonic pattern, combined with the strong chroma activations for the notes in the D major scale, clearly points to D major."
50743,D major,98,"The chord sequence consists primarily of D major, G major, A major, and B minor, which are the I, IV, V, and vi chords of the D major scale. The chroma activations are also heavily centered on the notes D, F#, and A, which are the notes of the D major tonic triad."
50835,F major,95,"The chord sequence is dominated by F major, C major, and Bb major, which are the I, V, and IV chords in the key of F major. The chroma activations show strong peaks at F, G, and Bb (A#), further supporting this tonal center."
50860,C# minor,95,"The chord sequence consists almost entirely of alternating C# minor and B major chords, which establishes C# minor as the tonal center. The chroma activations are also consistent with this analysis, showing peaks at C# and B."
50862,C major,85,"The chord progression is frequently centered around C major and G major, which strongly indicates a C major tonality. The presence of Ab major and F minor suggests modal mixture, which is common in a C major context."
50863,C minor,75,"The chord sequence identifies C minor multiple times, and the chroma activations support this with high values for C and D, which are consistent with the C minor scale."
50864,E major,85,"The harmonic progression is heavily centered around E major, utilizing A major and D major as common functional chords, with the D major chord often functioning as a bVII in an E-major context. The chroma activation analysis reinforces this, as E is the most prominent pitch class."
50865,G major,85,"The chord sequence repeatedly centers on G major, which is sustained for the longest durations and serves as the beginning and end point of the progression. The accompanying F major and A major/minor chords are characteristic of a modal, rock-oriented harmonic structure rooted in G major."
50868,F minor,85,"The chord sequence is predominantly centered around F minor, indicated by frequent F:min and C:min chords. The inclusion of Eb:maj and C#:maj is common in F minor, and the shift to F:maj is a frequent tonal movement in minor keys."
50869,B major,90,"The chord progression repeatedly emphasizes B major, alternating with chords like C#:maj (a secondary dominant) and F#:maj (the dominant). The chroma activations support this as well, with the highest values corresponding to the notes B, F#, and D#, all essential components of the B major scale."
50882,D minor,85,"The chord progression frequently oscillates between G:min7 and D:min7, which strongly anchors the harmony in D minor. The inclusion of C:maj, F:maj, and Eb:maj is consistent with the D minor diatonic framework and its common modal interchanges."
50891,E minor,85,"The chord sequence is overwhelmingly centered on E minor and E minor 7, which account for the vast majority of the song's duration. Despite the presence of a G minor chord, which is likely a modal interchange or chromatic element, the tonal center remains strongly anchored to E minor."
50892,A major,85,"The chord sequence is heavily centered around A major and D major, which function as I and IV in the key of A major. The presence of A minor and C major represents common modal interchange or blues influence, and the strong activation of the 'A' chroma confirms A as the tonic."
50905,C minor,95,"The chord sequence follows a consistent i-iv-V progression in C minor, centered around C minor, F minor, and G major/dominant chords. This is a standard harmonic pattern, and the chroma activations for C and G strongly support this tonic and dominant relationship."
50910,C minor,85,"The harmonic progression is strongly centered around C, with frequent alternating occurrences of C minor and its dominant G major. Although the sequence ends on a C major chord, the prevalence of C minor chords throughout the clip and the stronger chroma activation for Eb over E suggest that C minor is the primary key."
50911,A major,95,"The chord sequence consists primarily of oscillations between A major (I) and D major (IV), which strongly establish A major as the tonic. This is further supported by the high chroma activation for the note A."
50912,C major,95,"The chord sequence primarily utilizes chords found in the key of C major, such as A minor, B half-diminished, C major, and G major. The ending progression involving Ab major and F minor, followed by G major and C major, is a common chromatic cadence (bVI-iv-V-I) in the key of C major, which is well-supported by the strong chroma activations for C and G."
50913,C minor,95,"The chord sequence is heavily centered on C minor, with frequent progressions involving F minor, G major/G7, and Ab major. This harmonic structure is strongly indicative of the C minor key, supported by the chroma activations reflecting the same tonal center."
50914,F major,90,"The chord sequence consists primarily of F, C, Bb, G minor, and A minor, which are the I, V, IV, ii, and iii chords in the key of F major. The chroma activations reinforce this conclusion, with high peaks on C, F, and G, all of which are diatonic to the F major scale."
50927,D minor,90,"The song frequently revolves around D minor and its dominant, A major, which is a classic progression for the key of D minor. The inclusion of a D major chord at the end is a common Picardy third, and the chroma profile, with prominent A, D, and E notes, is consistent with D minor."
50928,C minor,75,"The chord sequence centers on C minor, featuring frequent C minor and F minor chords, supported by the G major dominant. The chroma profile further confirms this with strong activations for C and G, despite some chromatic modulations in the latter part of the segment."
50936,C major,95,"The chord progression is dominated by C major, F major, and G major, which are the primary chords in the C major scale. The E minor and D minor chords are also diatonic to C major, and the chroma activations strongly support C major as the tonic."
50939,C major,75,"The chord progression features a strong reliance on C as a tonic, with frequent returns to C major and G major. While there is notable modal mixture with chords like F minor and C minor, the chroma activations strongly favor C major (specifically the presence of E and B over D# and A#) as the underlying harmonic center."
50940,C minor,95,"The chord progression is dominated by C minor and Ab major, strongly suggesting C minor as the tonic. Other chords such as Bb major and G minor fit within the C minor natural or harmonic minor scales, and the chroma profile aligns well with this key."
50944,D minor,70,"The harmonic progression is highly chromatic and features several modulations, but the prevalence of chords like D minor, G minor, and A minor suggests D minor as the primary tonal center. Additionally, the chroma activations show strong peaks at D and A, which are the tonic and dominant notes for D minor, supporting this identification despite the shift toward C minor at the end of the sequence."
50946,D minor,75,"The chord sequence is clearly centered on D, frequently alternating between D major and D minor chords, with occasional G minor/D chords. This constant oscillation between D major and D minor, combined with the presence of the subdominant G minor, strongly points to D minor as the home key, likely employing modal interchange."
50952,A major,90,"The chord sequence is dominated by D, E, and A chords, which center around A as the tonal center. The inclusion of the G major chord, while suggesting an A Mixolydian mode, is perfectly consistent with an A major key context."
50954,C minor,95,"The chord sequence consistently revolves around C minor as the tonic, frequently employing G major, G7, and Gsus4 as dominant chords resolving to it. This harmonic structure, combined with the strong chroma activations for C, G, and D#, clearly indicates C minor as the key."
50955,C major,100,"The chord sequence consists almost entirely of a C major chord, and the chroma activations strongly peak at C and G, confirming C major as the key."
50957,C major,95,"The chord sequence is heavily centered on C major, frequently using the tonic (C major), the subdominant (F major), the dominant (G major/G7), and the supertonic (D minor). The Ab major chords act as a common chromatic, non-diatonic inflection (the flat-VI), and the chroma activations strongly favor C, E, and G."
50959,D minor,85,"The chord sequence is dominated by an oscillation between D minor and G major, which is strongly indicative of the D Dorian mode. The chroma activations further support this, with prominent peaks at D, F, and G, consistent with a D minor tonality."
50972,A minor,90,"The chord sequence heavily utilizes chords derived from the A natural minor scale, specifically A minor, G major, F major, D minor, and E minor. The consistent return to A minor as a central harmonic anchor, supported by the chroma activations, strongly points to A minor as the tonic."
50973,E minor,95,"The chord sequence consists primarily of E minor, A minor, and B7, which is a standard i-iv-V7 functional progression in E minor. The chroma activations are also consistent with this, highlighting key notes like E, B, and D# (the major third of the B chord)."
50990,A minor,90,"The chord sequence consists primarily of D minor, E minor, F major, G major, and A minor, which are all diatonic to the A minor scale. The prominent use of the A minor chord as a harmonic center strongly indicates A minor as the key."
50991,E minor,95,"The chord sequence consistently oscillates between E minor (i), A minor (iv), and B7 (V), which is a standard harmonic progression in the key of E minor. The peak in the D# chroma is consistent with the B7 chord, which acts as the dominant in this key."
50998,Ab minor,90,"The chord progression is dominated by Ab minor chords, which are sustained for a significant portion of the clip. The chroma activations further support this, as they align well with the notes found in the Ab minor scale, confirming it as the harmonic center."
51000,C minor,95,"The chord sequence consists primarily of C minor, F minor, and G major, which corresponds to an i-iv-V progression in the key of C minor. The chroma activations are also consistent with this, with high values for C, D, and D# (Eb), all of which are essential notes in the C minor scale."
51001,C major,85,"The chord sequence frequently centers around C major, often using Ab major as a chromatic mediant. The piece concludes on a sustained C major chord, and the chroma activations strongly highlight C, E, and G, which are the primary tones of the C major triad."
51007,C major,95,"The chord sequence is dominated by frequent repetitions of C major and G major, along with appearances of F major and D major. This harmonic vocabulary strongly points to C major, with F acting as the IV chord and G and D acting as the V and V/V chords respectively."
51008,A major,100,"The chord sequence consists entirely of A major, D major, and E major (or E7) chords, which form a standard I-IV-V progression in the key of A major. The chroma activations support this with high concentrations on A and E, further confirming the tonic and dominant of the key."
51038,C# major,90,"The chord sequence consists primarily of C# major (I), F# major (IV), and Ab major (V), which are the foundational chords in the key of C# major. The frequent repetition of the F# major to C# major progression throughout the song strongly establishes C# as the tonic."
51118,G minor,30,"Since no chord information was available, the key was determined by analyzing the chroma activations, which show prominent peaks at G, D# (Eb), and F. These notes align strongly with the G minor scale."
51127,D major,95,"The chord sequence heavily features D, G, and A, which correspond to the I, IV, and V chords in the key of D major. The long durations of D major and the consistency of the I-IV-V progression provide strong evidence for D major as the tonic."
51129,F# major,95,"The chord sequence primarily revolves around F# major, B major, and C# major, representing the I, IV, and V chords in the key of F# major. The additional presence of Eb minor (enharmonic to the relative minor, D# minor) further confirms F# major as the tonal center."
51153,A minor,85,"The chord sequence consists almost entirely of an alternation between A minor and C major. Given the significantly longer duration spent on the A minor chord, it likely functions as the tonic of the piece."
51168,D minor,75,"The chord sequence consists entirely of repeated D minor chords amidst periods of silence or unrecognized harmony. The chroma profile supports this, showing strong activations for D and A, the root and fifth of the D minor chord, making D minor the most probable tonic."
51169,Bb minor,90,"The chord sequence is dominated by a sustained Bb minor chord, which serves as the tonal center. The chroma activations corroborate this, with prominent peaks at Bb (A#) and F, which are key components of the Bb minor triad."
51195,F major,95,"The chord sequence consists almost entirely of an F major chord, which strongly suggests F major as the tonic. The chroma activations support this, with F having the highest intensity."
51228,F minor,90,"The chord sequence consisting of F minor, Eb major, and Bb minor chords strongly aligns with the i, bVII, and iv chords in the key of F minor. The chroma activations, which show prominent F, Eb, and Bb tones, provide further evidence supporting this key."
51229,A minor,95,"The chord sequence consistently features A (minor and major), F major, G major, and E major. This progression is typical of A minor, where E major functions as the dominant (V) chord, and F and G are standard VI and VII chords in the minor key."
51230,A major,75,"The chord sequence frequently centers around A, with constant recurrence of the tonic (A) and dominant (E major). Despite the presence of both major and minor A chords and chromatic movements like the F major chord, A serves as the most consistent tonal center."
51231,C major,95,"The chord sequence is composed entirely of C, F, and G chords, which is a classic I-IV-V progression in the key of C major. The chroma activations reinforce this with strong peaks on the C and G notes."
51235,A minor,90,"The chord progression consists of A minor, G major, F major, D minor, and C major, all of which are diatonic to the key of A natural minor. The frequent repetition of the A minor chord as a central harmonic feature strongly points to A minor as the tonic."
51238,A minor,90,"The chord sequence features a repeated progression of A minor, G major, and E minor, which strongly suggests A minor as the tonic. The ending moves through A minor, G major, and F major, a common progression in the key of A minor. Chroma activations also support this, with prominent A, C, and E notes."
51239,G minor,90,"The chord sequence frequently utilizes C minor, D major, and Eb major, which are characteristic of the G minor harmonic landscape, especially in the context of the harmonic minor scale. The chroma activations further corroborate this with high prominence for G, D, and Eb (D#)."
51241,E minor,75,"While the chord sequence begins with chromatic movement that does not fit a single diatonic scale, the later sections strongly emphasize E minor, featuring extended durations on the E minor chord and supporting harmonies like A minor, D major, and G major. The chroma activations confirm this, showing a prominent peak at E."
51263,B minor,95,"The chord sequence is dominated by B minor, G major, and E minor, which are the i, VI, and iv chords in the key of B minor, respectively. The chroma activations show high concentrations at B and F#, which are the tonic and fifth of the B minor scale, further confirming this tonal center."
51271,E major,95,"The chord sequence heavily features E major, A major, and B major, which represent the I, IV, and V chords in the key of E major. The inclusion of C# minor as a vi chord is also standard for this key. Additionally, the chroma activations strongly align with this, showing high prominence for E, B, and G#."
51313,A minor,95,"The progression predominantly cycles between A minor, G major, F major, and C major, with the E major chord serving as the dominant (V) chord to resolve back to A minor. This is a very common progression in A minor, and the chroma activations for A, C, and E are consistent with this tonal center."
51317,D major,95,"The chord sequence is dominated by D, G, and A major chords, which function as the I, IV, and V chords in the key of D major. The chroma activations show high prominence for the notes D and A, confirming this tonal center."
51332,C minor,85,"The chord progression is a consistent alternation between C minor and F major. This pattern is characteristic of the Dorian mode, and given the prominence of the C and G notes in the chroma activations, C minor is the most likely tonic."
51333,B minor,95,"The chord sequence primarily alternates between G major and B minor, with a concluding progression involving D major, F#7, and B minor, all of which strongly point to B minor as the tonic key. The high chroma peaks for B and F# further confirm this tonal center."
51357,G major,95,"The chord progression frequently cycles between G major, C major, and D major, which corresponds to the I, IV, and V chords in the key of G major. The inclusion of A minor (the vi chord) fits perfectly within this key. The chroma activations are also highly consistent with the notes present in the G major scale."
51358,G major,95,"The harmonic progression is dominated by G major, C major, and D major chords, which are the I, IV, and V chords in the key of G major. The frequency of these chords, along with the final, extended G major chord, strongly indicates G major as the tonic."
51359,G major,95,"The chord progression relies almost exclusively on G major, C major, and D major chords, which function as the I, IV, and V chords in the key of G major. The chroma activations reinforce this conclusion with a strong emphasis on G."
51360,F minor,95,"The chord progression is dominated by F minor, Eb major, and C# major (enharmonic to Db major), along with Bb minor and Ab major. These chords are entirely diatonic to the F minor scale, where they function as the i, VII, VI, iv, and III chords respectively."
51389,A minor,85,"The chord sequence relies heavily on A, G, and F chords, which are characteristic of the A Aeolian (natural minor) mode. While there is an alternation between A major and A minor chords, the progression is strongly centered on A as the tonic."
51418,D major,90,"The chord sequence primarily uses diatonic chords from the key of D major, specifically D, A, F#m, and Bm. The F# major and B major chords at the end function as common secondary dominants within this key."
51419,B minor,95,"The chord sequence consistently centers around B minor, using chords like B minor, D major, and A major, which function as the i, III, and VII of the B minor scale. The inclusion of G major and F# minor also fits well within the B minor harmonic context."
51420,F major,85,"The chord sequence frequently utilizes chords such as F, Bb, C, G minor, and D minor, which are all diatonic to the F major scale. Although there are some instances of G major chords, which likely function as secondary dominants, the harmonic progression remains strongly centered around the F major tonality."
51421,D minor,85,"The chord sequence consists of D minor, G minor, Bb major, and F major. These chords fit well within the D natural minor scale, functioning as i, iv, VI, and VII respectively. The frequency and duration of the D minor and G minor chords support D minor as the tonic."
51423,F# major,95,"The chord sequence consists entirely of chords diatonic to the F# major scale, specifically F# major (I), B major (IV), C# major (V), Eb minor (vi), and Ab minor (ii). This progression is very stable within the key of F# major, and the chroma activations show strong peaks at F#, B, and Eb (D#), all of which are primary tones in that key."
51424,Ab major,75,"The harmonic progression centers around Ab major, frequently utilizing primary chords like Ab, Eb, Cmin, and Fmin. While the presence of C#:min and F#:min suggests chromatic movement or borrowed chords, the overall harmonic stability favors Ab major, which is also supported by the chroma profile where Gb (F#) is a diatonic note in the key."
51425,A minor,90,"The chord sequence consistently revolves around A minor, with frequent occurrences of A:min and A:min7. The accompanying chords (C:maj, E:min, and B:7) are functionally consistent with the key of A minor, and the chroma activation profile shows a strong, clear peak on A."
51426,Eb minor,95,"The chord sequence consists almost entirely of an Eb minor chord, and the chroma activations peak at D#/Eb, which strongly confirms the key as Eb minor."
51427,C major,90,"The chord sequence is dominated by C major, F major, G major, and A minor, which are primary chords in the key of C major. The chroma activations further support this, with the highest peaks centered on the tonic (C) and dominant (G) notes."
51428,F# minor,95,"The chord sequence consistently centers around F# minor (F#min7) and utilizes chords such as A, B, C#min, and E, which are all diatonic to the key of F# minor (and its relative major, A major). The chroma activations strongly align with this scale, featuring high energy in the notes F#, A, and C#."
51429,A minor,85,"The chord progression consistently features an alternation between A minor and C major chords, supported by G major and E minor, which strongly suggests the key of A minor."
51430,A minor,90,"The chord sequence is heavily dominated by chords rooted in A, specifically A minor, which accounts for the vast majority of the duration. The chroma profile reinforces A as the central pitch, strongly supporting a key of A minor."
51614,F# major,75,"The chord progression frequently cycles through a sequence of B:min7, C#:maj7, and F#:maj7, which is a common jazz-inflected progression that establishes F# major as the tonal center. The initial long-duration Eb:min7 chord can be interpreted as the relative minor (D# minor) of F# major, further reinforcing this key."
51615,A minor,90,"The chord sequence is heavily dominated by A minor and F major, with A minor occurring significantly more frequently and sustaining for a long duration, establishing it as the clear tonal center. This chord progression is typical of the A minor scale, which is the relative minor of C major."
51616,E minor,90,"The chord sequence consists of a repetitive alternation between E minor and F major, which is a classic i-bII Phrygian progression centered on E. Given the requirement to choose between major or minor, E minor is the most accurate classification for this tonal center."
51617,C major,95,"The harmony primarily alternates between C major and E minor with an occasional G major chord, all of which are strongly diatonic to C major. The chroma profile, which highlights C, E, G, and B, perfectly reinforces this tonal center."
51618,A minor,95,"The chord sequence consistently repeats the progression F major, G major, and A minor, which corresponds to a VI-VII-i progression in the key of A minor. This is a very common harmonic pattern in A minor, and the prominence of the A minor chord strongly suggests it is the tonal center."
51622,E minor,85,"The chord sequence alternates consistently between E minor and C major. E minor serves as the tonal center, given it appears as the most frequent chord and anchors both the beginning and the end of the sequence."
51623,F minor,85,"The chord progression primarily oscillates between F minor and Ab major, which are relative keys. The inclusion of C major chords, which act as the dominant of F minor, along with the frequent presence of the VI chord (Db major/C# major), strongly establishes F minor as the tonic."
51625,B minor,90,"The chord sequence is dominated by Bm and E, which function as the i and IV chords in B minor. The chroma activations further support this, with prominent B, D, E, and F# values, which are all part of the B minor/Dorian scale."
51628,D minor,95,"The chord sequence is heavily dominated by D minor and Bb major chords, which are the i and VI chords in the key of D minor, respectively. The chroma activations reinforce this conclusion by highlighting D, A, and Bb (A#), all of which are primary notes in the D minor scale."
51629,C major,95,"The chord sequence consists primarily of C major, A minor, F major, and G major chords, which are all diatonic to the C major scale. The chroma activations showing high values for C, E, and G further confirm C major as the tonal center."
51631,Ab minor,90,"The chord sequence is strongly anchored by Ab minor, E major, and C# minor, which are all characteristic chords in the key of Ab minor (enharmonically G# minor). The chroma activations further support this, with the highest activity concentrated on the notes belonging to the Ab minor scale."
51632,Eb minor,95,"The chord sequence is heavily dominated by Eb minor, which persists for over half of the duration. The subsequent chords such as F minor, Bb minor, and Ab major are functionally consistent with the Eb minor scale. Furthermore, the chroma activations strongly highlight the notes of the Eb minor triad (D#/Eb, F#/Gb, A#/Bb), confirming this tonal center."
51635,D major,5,"The chord sequence provided consisted only of 'N' labels, indicating the model could not identify any harmonic structure. The key assignment is based solely on the highest chroma activation (D), which offers very little evidence, resulting in low confidence."
51710,E minor,95,"The chord sequence is overwhelmingly dominated by E minor, and the chroma vector supports this identification with high activations for E and B, which are the root and fifth of the E minor triad."
51715,F# major,95,"The chord sequence relies heavily on the I, IV, V, vi, and ii chords of F# major (F#, B, C#, Eb minor, and Ab minor/G# minor). The chroma activations also strongly align with the notes found in the F# major scale, further confirming this tonal center."
51732,Bb minor,90,"The chord sequence prominently features Bb minor throughout, supported by functionally related chords like Eb minor (iv), F# major (VI), and Ab major (VII), which are standard within the Bb minor scale. Additionally, the chroma activations exhibit strong peaks on Bb, C, Db, and Ab, which are consistent with the Bb minor key."
51734,F# minor,90,"The progression starts with F# major, B, and C# chords but transitions into a sustained sequence of F# minor, B minor, and C# minor chords. Since the latter progression dominates the track, F# minor is the most representative key."
51755,G major,75,"The chord sequence contains many diatonic chords of G major, including G, Em, C, and D. While some chords like F major and D minor are non-diatonic, they are common modal borrowings in pop music. The chroma activations align well with the G major scale, showing strong presence of E, G, A, B, and F#."
51774,E minor,95,"The chord sequence is overwhelmingly centered on E minor, which serves as the primary harmonic anchor for the majority of the duration. The secondary chords (A:min7, G:7, D:maj) align with this tonality, and the high activations for E, B, and G in the chroma data provide strong corroborating evidence for E minor."
51775,A minor,90,"The chord progression is clearly rooted in A minor, with frequent returns to the A minor chord as the primary tonic, alongside supporting chords such as F major, C major, and various E-based chords."
51776,D major,95,"The chord sequence consists primarily of D major, B minor, and G major, which are the I, vi, and IV chords of the key of D major. The chroma profile strongly reinforces this, with the notes D, F#, and A (the root, third, and fifth of the D major chord) showing the highest activations."
51778,Eb minor,95,"The chord progression prominently features Eb minor, F# major, C# major, and Ab minor, which are all diatonic to the Eb minor scale. The chroma activations reinforce this key by showing significant activity at the notes D#/Eb, F#/Gb, G#/Ab, A#/Bb, and C#/Db."
51779,C major,70,"The progression oscillates between C minor and C major, with C major lasting the longest. The chroma activations are somewhat ambiguous but support a C tonal center, making C major the most likely key."
51783,G minor,85,"The harmonic progression is dominated by repeated cycles of G minor, F major, and Bb major, which strongly characterizes the key of G minor as a i-VII-III progression. This is further supported by the chroma profile showing significant activation for G and its leading tone, F#."
51785,C major,90,"The chord sequence primarily utilizes C major, F major, D minor, and G major, which are diatonic chords within the C major scale. Although there is a brief harmonic shift toward F major at the end, the frequent occurrences of C major as a central anchor strongly point to C major as the tonal center."
51921,E minor,95,"The chord sequence consists almost exclusively of Em and Am, which are the i and iv chords of E minor. The chroma activations are also consistent with this analysis, showing high peaks at E and A."
52034,F major,95,"The chord sequence is composed almost entirely of an F major chord throughout its duration. The chroma analysis shows a strong peak at F, consistent with an F major tonal center."
52036,C major,95,"The chord progression is dominated by C major, F major, and G major, which are the I, IV, and V chords in the key of C major. The sequence concludes with a ii-V-I cadence (D minor, G major, C major), which strongly confirms C major as the tonal center."
52040,F major,90,"The chord sequence is dominated by an F major chord for almost the entire duration, preceded by a brief D minor section. The chroma activations show strong prominence on F, A, and E, which are consistent with the F major scale, strongly suggesting F major as the tonic."
52043,F major,95,"The chord sequence is dominated by F major chords, with supporting chords like Bb major (IV), D minor (vi), C major (V), and G minor (ii), all of which are standard components of the F major scale. The chroma data further reinforces this with high activations for F, A, and Bb, confirming the tonic and key."
52045,F major,95,"The chord sequence is heavily dominated by F major, which accounts for the vast majority of the song's duration. This harmonic conclusion is strongly reinforced by the chroma activations, which feature prominent peaks at F and C, the tonic and fifth of the F major scale."
52052,D major,95,"The chord sequence consists entirely of D major, B minor, G major, and A major, which is a textbook I-vi-IV-V progression in D major. The chroma activations are also consistent with this key."
52059,F# minor,90,"The chord progression is centered on F# minor, which frequently appears and anchors the harmony. The inclusion of chords such as D major, G major, and A major is consistent with the F# minor scale, and the chroma activation data shows strong emphasis on F# and G, supporting this conclusion."
52225,A major,95,"The chord sequence is heavily dominated by A major, which acts as the tonic, and alternates with D major, which is the IV chord in the key of A major. The high chroma activation for A further confirms this assignment."
52227,C# major,90,"The chord sequence is heavily anchored by C# major and Ab major, representing the tonic and dominant in the key of C# major. The occasional appearance of Bb major and F minor chords also fits within this harmonic framework."
52229,G major,95,"The chord sequence consists entirely of alternating G major and D major chords, which is a clear I-V progression in the key of G major. The chroma profile further supports this analysis with significant peaks at G, B, and D, which are the primary notes of the G major scale and chord."
52250,G minor,95,"The harmonic content is dominated by G minor and C minor chords, which strongly indicate a G minor tonality (i-iv progression). The chroma profile, with G as the most prominent pitch and A#/Bb clearly represented, further confirms G minor as the key."
52251,D minor,50,"The chord sequence is sparse, but the prominence of D minor as the longest duration chord and the significant chroma activation of C# strongly suggest D minor (likely harmonic) over F major."
52255,D major,90,"The harmonic progression is dominated by D major, A major, and E minor, which strongly indicates D major as the tonal center (I-V-ii). The occurrence of E major as a secondary dominant (V/V) further supports this analysis, and the chroma activations are consistent with the notes of D major."
52257,G major,95,"The chord sequence consists almost entirely of G major, E minor, C major, and D major, which function as the I, vi, IV, and V chords in the key of G major. This strongly supports G major as the home key."
52259,C major,90,"The chord sequence consists primarily of alternating C major and F major chords, which is a classic I-IV progression characteristic of the key of C major. The chroma activations show strong peaks at C, F, and G, which further reinforce this tonal center."
52261,G major,95,"The chord sequence is heavily dominated by G major and C major, which are the tonic and subdominant in the key of G major. The inclusion of A major and D major suggests a V/V-V-I progression, which is very common in G major."
52275,E major,95,"The progression consists primarily of E, A, and B major chords, representing the I, IV, and V chords in the key of E major. The inclusion of C# minor (the vi chord) and the strong presence of E and B in the chroma activations further support E major as the tonal center."
52276,C major,95,"The chord sequence consistently features a repetitive I-IV-V progression (C major, F major, G major), which is characteristic of the key of C major. The chroma activations reinforce this analysis, with C, G, and F having the highest prominence."
52277,D major,85,"The harmonic structure is dominated by the consistent alternation between D major and G major, which strongly indicates a I-IV progression in the key of D major. Although the chroma data contains some noisy elements, the repetitive chord sequence is clearly centered around D major as the tonic."
52361,B major,85,"The chord sequence is heavily centered on B major, with frequent alternation between B major and E chords (minor/major) and the use of G major as a flat-VI chord. The chroma activations show B as the most prominent pitch, and the harmonic progression strongly points to B major with modal interchange."
52404,E major,85,"The chord sequence consistently revolves around the E root, alternating between E minor, E major, G major, and A major. This mixolydian-influenced progression is common in rock and blues, and the chroma activations, which are dominated by E, A, and G, strongly support E major as the tonal center."
52508,B major,95,"The chord sequence frequently repeats a pattern consisting of B major, Eb minor, and E major chords, which correspond to the I, iii, and IV chords in the key of B major. The chroma profile strongly aligns with this, showing peak activations at B and F#, which are the tonic and dominant of the B major scale."
52520,F major,95,"The chord sequence relies heavily on F, C, Bb, Dm, and Gm, which are all diatonic chords in the F major scale. The common progression I-V-vi-IV is present throughout, strongly suggesting F major as the tonic."
52521,A major,95,"The chord sequence consists entirely of an alternating progression between A major and D major. This strongly points to A major, where the A chord serves as the tonic and the D chord as the subdominant. The chroma activations, which show peaks at A, D, C#, and E, are consistent with the notes present in these chords."
52522,B major,95,"The chord sequence features a repeated progression of B major, C# minor, and E major, which correspond to the I, ii, and IV chords in the key of B major. The chroma activations show strong peaks at B and F#, which further confirm B major as the tonic."
52524,D major,90,"The chord sequence consists primarily of D major chords, and the chroma activations show a distinct peak at D, strongly indicating D major as the tonal center."
52525,D major,70,"The chord sequence is dominated by D major, with C major appearing as a bVII chord, which is a common progression in the key of D major. Although the chroma activations are somewhat ambiguous, the chord recognition strongly suggests D as the tonic."
52526,A major,95,"The chord sequence prominently features A major, F# minor, and E major, which are the I, vi, and V chords in the key of A major. The chroma activations, which show high concentrations of A, E, F#, and G#, strongly corroborate this analysis."
52568,G major,90,The chord sequence frequently features common G major progressions such as C major to D major to G major (IV-V-I) and includes secondary dominant chords like A major acting as V/V to transition to D major. The harmonic structure is clearly centered in G major.
52853,B major,90,"The chord progression frequently cycles through chords that are diatonic to the B major scale, specifically B, E, F#, Ab minor, and Eb minor (which is enharmonically D# minor, the iii chord). The chroma activations also strongly support this, showing high values for the tonic, dominant, and other scale degrees of B major, such as F#, G#, C#, and D#."
52855,Eb minor,75,"The harmonic progression is dominated by the Eb minor chord, which acts as the tonic. Other frequent chords like Ab major and Bb minor are common in the key of Eb minor, while the recurring G minor chords likely function as chromatic mediants or modal borrowings within the minor context."
52857,C minor,95,"The chord sequence consists primarily of Cmin, Bb, Ab, Gmin, and Eb, which are all diatonic chords within the key of C minor. The chroma activations are also consistent with the C minor scale, showing significant weight on C, D, Eb, G, Ab, and Bb."
52928,B minor,95,"The chord sequence is heavily anchored in B minor, utilizing chords like B minor, G major, E minor, and A major, all of which are diatonic to the B minor scale. The frequent return to B minor confirms it as the primary tonal center."
52929,E minor,95,"The chord sequence is heavily anchored by the E minor chord, which appears multiple times and accounts for the majority of the duration. Other chords in the progression, such as G major, B minor, and A major, are consistent with the E minor harmonic context, and the chroma profile shows strong activations for the E minor triad notes (E, G, and B)."
52931,A minor,95,"The chord sequence is almost entirely A minor and A minor 7, which strongly establishes A minor as the tonal center. The chroma activations align with this, showing high values for A, C, and E, which are the primary notes of the A minor triad."
52962,A major,95,"The chord sequence is dominated by A, D, and E major chords, which represent the I, IV, and V chords in A major. The inclusion of C# minor and F# minor, along with the chroma activations, strongly confirms this tonal center."
52969,D major,95,"The chord progression is primarily built upon D, A, and G major, which are the I, V, and IV chords of the D major key. The inclusion of C major chords is common in rock and folk progressions as a modal mixture or secondary subdominant, which reinforces rather than contradicts the home key of D major."
53247,D minor,90,"The chord sequence oscillates between D minor and G major, which strongly establishes D as the tonal center. The use of G major, which contains a B natural, is characteristic of D Dorian or D minor with a raised sixth degree."
53248,G minor,95,"The chord sequence consistently revolves around G minor as the tonic, frequently utilizing the dominant (D major/7) and subdominant (C minor) chords. This progression is a classic example of a minor key, specifically G minor, and the chroma activations support this by highlighting the tonic (G), dominant (D), and minor third (A#/Bb)."
53249,D major,95,"The chord sequence is heavily dominated by the D major chord, with functional harmonic support from E minor (ii) and A sus4 (V) chords. The chroma profile strongly aligns with this, showing high activations for D, A, and F#."
53250,F# minor,85,"The chord progression is composed primarily of F#m, D, A, Bm, and C#m, which are all diatonic to the key of F# minor. The significant chroma activations for F#, A, and C# further support F# minor as the tonal center."
53251,E minor,95,"The chord progression is overwhelmingly dominated by E minor chords, which occupy nearly the entire 60-second duration. The chroma activation profile supports this with high concentrations of E, G, and B, which are the root, minor third, and fifth of an E minor triad."
53636,C major,95,"The chord progression is dominated by C major, D minor, and A minor, which are the I, ii, and vi chords in the key of C major. The chroma profile also confirms a strong emphasis on C, consistent with C major."
53637,C major,85,"The harmonic progression predominantly alternates between F major and C major, which is typical of a I-IV relationship in the key of C major. The sequence concludes with D minor and E major chords, where E major functions as a secondary dominant (V/vi) leading into the D minor chord, which is consistent with the key of C major."
53638,G major,95,"The chord sequence consists entirely of diatonic chords within the G major scale (G, A, C, D, E). G major appears most frequently in terms of total duration and acts as the harmonic anchor, making it the most plausible key."
53639,E major,85,"The song is heavily dominated by an E major chord for the vast majority of the duration, which strongly suggests E major as the tonic. While the closing chords introduce some harmonic movement, the chroma profile reinforces E as the prominent pitch class."
53642,A major,90,"The chord progression prominently features A major as the tonic, alongside chords like D major, B minor, and secondary dominants such as C#7 and F#7, which are highly characteristic of the key of A major."
53643,Bb major,95,"The chord progression is dominated by Bb, Eb, and F major chords, which clearly function as the I, IV, and V chords in the key of Bb major. This harmonic analysis is strongly supported by the chroma activations, which show significant peaks at F, Bb (A#), and Eb (D#)."
53646,F major,75,"The chord progression begins with elements that suggest Ab major, but it modulates definitively to F major, as evidenced by the recurring F, Bb, and C chords towards the end. The chroma data also shows a high peak at F, supporting F major as the final tonal center."
53735,F# major,100,"The chord progression consistently cycles through F# major, B major, and C# major chords, which correspond to the I, IV, and V chords in the key of F# major. This is a very standard diatonic progression, and the chroma activations, showing strong peaks for F# and C#, further confirm the tonic and dominant notes of this key."
53736,E major,95,"The chord progression consistently uses E, A, B, and C# minor, which are the I, IV, V, and vi chords in the key of E major. The chroma profile strongly corroborates this, with E being the most prominent pitch and significant weight given to the other notes of the E major scale, such as A and B."
53742,D major,95,"The chord sequence oscillates primarily between D major and G major, which functions as a clear I-IV relationship in the key of D major. This is strongly supported by the chroma profile, which shows D and A (the tonic and dominant of D major) as the most prominent notes."
53743,C major,95,"The chord sequence is dominated by C major, F major, G major, and Bb major chords, which are all characteristic of the key of C major, with Bb major functioning as a common modal interchange (the bVII chord). This is further supported by the chroma activations, which are highest for the C, F, and G notes."
53744,C major,90,"The chord progression is dominated by C major, G major, and F major, which are chords strongly associated with the C major tonic. While chromatic chords such as Ab major and Eb major appear, they function as common borrowings, and the chroma activations strongly support C major by emphasizing the C and G notes."
53796,Bb minor,60,"The chord sequence consists of Bb major and Bb minor, with the sequence ending on Bb minor. The chroma activations show a very strong emphasis on A# (the enharmonic equivalent of Bb), which supports Bb as the tonic center for the piece."
53798,A major,75,"The chord sequence consists primarily of A major chords, and the chroma activation data is dominated by A and E, which are the root and fifth of the A major scale. Despite the significant sections of unidentifiable chords, these consistent indicators strongly point to A major."
53799,E major,95,"The chord sequence exclusively features E major, A major, and B major, which correspond to the I, IV, and V chords in the key of E major. This clear functional progression, combined with the high activation of E in the chroma profile, strongly indicates E major as the tonic."
53800,C major,95,"The chord sequence alternates consistently between C major and G major, which strongly indicates a I-V progression in the key of C major. The chroma profile confirms this by highlighting the core notes of the C major scale, particularly C, G, D, and E."
53801,C major,100,"The chord sequence consists entirely of a C major chord, and the chroma activations strongly support the key of C major with significant activity on the notes C, E, and G."
53803,C# major,95,"The chord sequence is overwhelmingly dominated by the C# major chord, which functions as the tonic. The secondary chord, F# major, acts as the subdominant (IV), and the chroma activations strongly align with the notes of the C# major scale."
53805,F major,95,"The chord sequence is composed primarily of F major, Bb major, and G minor chords, which function as the I, IV, and ii chords in the key of F major. The chroma activations showing high prominence for F and C further confirm F major as the tonic."
53807,C major,95,"The chord sequence consists entirely of alternating C major and A minor chords, which share the same key signature. C major is the most stable tonic in this context, and the repeated alternation strongly suggests a C major tonality."
53808,Eb major,95,"The harmonic progression predominantly alternates between Eb major and Ab major, which are the I and IV chords in the key of Eb major. The presence of Bb major as the dominant chord, along with chroma activations strongly centered on the notes of the Eb major scale, further confirms Eb major as the tonal center."
53810,G major,95,"The chord sequence is dominated by G, C, and D major chords, which correspond to the I, IV, and V chords in the key of G major. This is reinforced by the chroma activations, which show high peaks for notes belonging to the G major scale (G, D, and B)."
53811,C major,85,"The song is primarily rooted in C major, as evidenced by the frequent occurrence of C major and G7 chords which establish a clear tonic-dominant relationship. Although there is a harmonic excursion involving Ab major and Eb major chords, the progression centers around C major, confirming it as the primary key."
53812,Ab major,90,"The chord progression is centered on Ab major, utilizing chords diatonic to that key such as Ab major, Bb minor, C# (enharmonic to Db) major, and Eb major. The inclusion of the F# major chord (enharmonic to Gb major) functions as a common bVII chord in this context, and the consistent return to Ab major strongly establishes it as the tonic."
53813,C major,95,"The chord sequence is dominated by C, F, and G major chords, which correspond to the I, IV, and V chords in the key of C major. The presence of A minor as a diatonic chord further supports this tonality, and the chroma data shows a strong emphasis on C, E, and G, which are the notes of the tonic chord."
53814,F major,85,"The chord sequence primarily utilizes F, Gmin, Dmin, C, and Bb, which are all diatonic to F major. The chroma profile, showing strong activation of F, C, G, and D, further corroborates this key assignment."
53815,A minor,90,"The chord sequence frequently cycles between A minor and C major, occasionally introducing a D major chord, which strongly points towards A Dorian or A minor. The chroma activations confirm this, with high values for A, C, E, and G, which form the A minor seventh chord."
53816,D major,100,"The chord sequence consists almost entirely of chords belonging to the key of D major, specifically the tonic (D major), subdominant (G major), and dominant (A major). The chroma activations strongly support this, with high peaks at D, A, G, E, and F#, which constitute the D major scale."
53817,Ab major,95,"The chord sequence primarily consists of Ab major, F minor, Eb major, and Db major (labeled as C# major), which are functional chords within the Ab major scale. The chroma activations reinforce this with significant presence of Ab, Eb, and F notes, which are foundational to the Ab major tonality."
53818,C minor,90,"The progression is heavily centered around C minor, frequently using diatonic chords like Eb major, Bb major, Ab major, and F minor, which are all characteristic of the C minor key area. The chroma activations further support this, with strong presence of notes like Eb, F, G, Bb, and Ab, which align with the C natural minor scale."
53819,F major,90,"The chord sequence heavily features F major and C major chords, pointing to F major as the tonic. The presence of Ab, Eb, and C# major chords reflects common modal interchange from the parallel minor key."
53820,C major,95,"The chord progression is composed entirely of chords (C major, F major, G major, A minor) that are diatonic to the C major scale. The frequent use of the C major chord as a structural anchor, combined with the chroma activations supporting this scale, strongly confirms the key of C major."
53821,B major,75,"The chord sequence centers around the B major triad, with the longest duration chord being B major and several other chords (Abm, Ebm, C#, Eb) functioning within or related to the B major scale. The chroma activations also show significant peaks at B, D#, and C#, supporting this key identification."
53823,F major,95,"The chord progression is dominated by F major, C major, and Bb major, which correspond to the I, V, and IV chords in F major. The presence of A minor, acting as the iii chord, further supports F major as the tonic."
53824,Bb major,90,"The chord sequence is centered around Bb major, featuring a progression of Bb, F, Eb, and G minor chords which are diatonic to the key. The chroma activations confirm this, showing strong peaks at Bb and F, which are the tonic and dominant of the Bb major scale."
53825,Bb minor,85,"The chord sequence primarily alternates between Bb minor and F# major, which function as i and VI chords in the key of Bb minor. The chroma profile, showing strong activations for F#, A#/Bb, and C#, is consistent with the notes of the Bb minor scale."
53826,Ab major,95,"The chord progression is firmly rooted in Ab major, incorporating the tonic (Ab), dominant (Eb), and submediant (Fmin) chords. The chroma activations align with the notes of the Ab major scale, further confirming this tonal center."
53827,C major,90,"The chord sequence G-C-F-Bb-F-G functions strongly in the key of C major, with G as the dominant (V), C as the tonic (I), F as the subdominant (IV), and Bb as a common borrowed chord (bVII). The chroma activations of G, D, and A align well with the tonic and dominant scale degrees of C major."
53828,D minor,90,"The chord sequence primarily consists of Dm, Bb, Gm, C, and F, which are all diatonic to the D minor scale. The presence of G major chords alongside G minor chords is common in D minor pieces, often associated with the Dorian mode, and the chroma activations strongly support the key of D minor."
53829,D major,90,"The chord sequence cycles through D major, C major, G major, and G minor. The D major chord acts as the tonal center, while the use of C major (bVII) and G minor (iv) is a common harmonic device in rock and pop music within the key of D major."
53830,A major,95,"The harmonic progression is dominated by A major, D major, and E major chords, which correspond to the I, IV, and V chords in the key of A major. The chroma profile further supports this, with high activations for A, E, D, and C#, all of which are primary notes in the A major scale."
53845,Eb major,75,"The chord sequence is heavily dominated by an Eb major chord, which persists for over 36 seconds, strongly indicating it as the tonic. While the chroma activation is centered on G, this note is the major third of the Eb major chord, and the other chords present (F major, G major, C major) are common chromatic or borrowed chords often used in rock-based progressions with an Eb major tonic."
53846,D major,80,"The chord sequence (G, D, A) functions well as a IV-I-V progression in D major. The chroma activations, including the strong presence of D, A, and C#, fit perfectly within the D major scale, supporting this key assignment over G major despite the frequency of the G chord."
53852,Eb major,95,"The chord sequence consists almost entirely of Eb major and Ab major, which form a strong I-IV progression characteristic of the key of Eb major. The chroma activations further support this, showing the highest peaks at D# (Eb) and A# (Bb)."
53859,G minor,85,"The chord sequence is dominated by repeated cycles of G minor, F major, and Bb major chords, which clearly outline a i-VII-III progression in the key of G minor. While some G major chords appear, the sustained presence of G minor and its related chords points strongly toward G minor as the tonic."
53863,D minor,95,"The chord sequence centers on D minor, utilizing the tonic, relative major (F), and dominant (A). The chroma activations strongly correlate with the D minor triad (D, F, A), confirming the tonic."
53896,C major,90,"The chord sequence consistently features a vi-IV-I-V progression (Am-F-C-G), which is a common progression in the key of C major. The chroma activations are also highly consistent with the notes of the C major scale, supporting this conclusion."
54047,C# major,95,"The chord sequence is heavily centered on C# major, which appears frequently throughout the piece and dominates the duration. The additional chords (A major, E major, and F# major) are common harmonic borrowings in the key of C# major, and the chroma activations strongly support C# as the tonic."
54054,B major,75,"The chord sequence consists almost entirely of a single B major chord following an initial period of indeterminate harmonic content. This strong, sustained presence of the B major chord is the primary indicator for the key."
54082,E major,85,"The chord sequence follows a clear descending pattern of E-D-C-B, which acts as a I-bVII-bVI-V progression in E major. This is a common Andalusian-style progression, and E major is the most likely tonal center given the harmonic structure."
54166,A major,95,"The chord sequence consistently features A major, B minor, and E major, which correspond to the I, ii, and V chords in the key of A major. This functional progression is strongly supported by the chroma activations, which show high prominence for A, E, and B."
54167,C major,95,"The chord sequence is composed almost exclusively of C major, E minor, and G major chords, all of which are diatonic to the C major scale. The chroma activations show prominent peaks at C, E, G, and B, providing further evidence for the key of C major."
54168,C major,95,"The chord sequence consists primarily of C, F, G, and A minor chords, which are all diatonic to the C major scale. The chroma activations further support this by showing strong peaks on notes C, E, G, and A, which are central to the C major and A minor harmonic framework."
54169,G major,95,"The chord sequence relies heavily on G major, C major, and D major, which correspond to the I, IV, and V chords in the key of G major. This is reinforced by the chroma profile, which shows strong activations for the notes G, B, and D."
54171,E major,85,"The chord progression is dominated by E, A, and B major chords, which function as the I, IV, and V chords in the key of E major. The chroma activations strongly support this, as they show high activity for E, A, B, and the other notes in the E major scale."
54172,Db major,95,"The chord progression primarily consists of C# major, F# major, and Ab major, which corresponds to the I, IV, and V chords in the key of Db major (where C# is enharmonic to Db, and F# is enharmonic to Gb). This functional progression, supported by strong chroma activations for C# and G#, points clearly to Db major as the tonic."
54173,A major,95,"The chord progression is dominated by A major, D major, and E major, which correspond to the I, IV, and V chords in the key of A major. The chroma profile, with high values for A, E, C#, and G#, further supports this tonal center."
54206,C major,95,"The chord progression is characterized by a repetitive alternation between C major and F major chords, with a significant amount of time spent on the C major chord. This harmonic structure is highly characteristic of the key of C major."
54208,Eb major,95,"The chord sequence is dominated by the Eb major chord, which functions as the tonic, along with C minor and Ab major, which are common chords (vi and IV) in the key of Eb major. The chroma profile corroborates this, with strong activations for Eb (D#) and Bb (A#)."
54212,G minor,95,"The chord sequence consists almost entirely of a G minor chord, which strongly indicates G minor as the key. The chroma activations are consistent with this, showing prominence in G and D, the root and fifth of the G minor scale."
54213,C minor,95,"The chord sequence repeatedly centers on C minor and utilizes chords typical of that key, such as Ab major (VI), G major (V), and Eb major (III). The chroma activations, which show strong activity on C, G, and Ab, further corroborate the tonal center of C minor."
54215,F major,90,"The chord progression features frequent use of F major, D minor, and A minor chords, which are all diatonic to the F major scale. The high chroma activations for A, F, and D further support F major as the tonal center."
54225,C major,100,"The chord sequence is almost entirely a C major chord, and the chroma activations are heavily concentrated on the notes C, E, and G, which form the C major triad."
54226,C major,95,"The chord sequence consists entirely of alternating C major and F major chords, which function as the I and IV chords in C major. The chroma profile is dominated by C, E, and G, providing strong support for this analysis."
54227,C major,95,"The chord sequence oscillates between C major and F major, clearly establishing C major as the tonic. This analysis is strongly supported by the chroma activations, which show dominant peaks for the notes C, E, and G, which form the C major triad."
54228,C major,95,"The chord progression is dominated by C major, F major, and G major chords, representing the I, IV, and V chords in the key of C major. The chroma profile reinforces this tonality with strong activations on the notes C, E, and G."
54229,C major,95,"The chord sequence is essentially a sustained C major chord, which is heavily supported by the chroma activation peaks on C, G, and B notes. This evidence strongly indicates the key of C major."
54230,C major,95,"The chord sequence is heavily centered around C major, incorporating frequent F major, F major 7, and D minor 7 chords, all of which are diatonic to the C major scale. This analysis is strongly supported by the chroma activations, which show high values for the tonic (C), mediant (E), and dominant (G) notes of the key."
54231,C major,95,"The chord sequence is heavily centered on C major, featuring frequent appearances of the tonic chord, as well as common functional harmonies like G:7 and F:min. The chroma activations strongly corroborate this analysis by showing a high peak for C."
54232,C major,95,"The chord sequence primarily oscillates between C major and F major, which correspond to the I and IV chords in the key of C major. The chroma activations further support this, showing a very high dominance of C."
54236,E minor,85,"The chord progression is dominated by an E minor 7 chord and other chords from the E minor/G major scale. While the ending cadence (Cmaj7-D-G-D-Cmaj7) strongly suggests G major, the recurring main riff focuses on E minor, making E minor a strong choice for the tonic."
54298,E minor,90,"The chord sequence consistently revolves around E minor, frequently utilizing B major as a dominant (V) chord to establish a clear harmonic center. The prominence of E minor chords, combined with the supporting chroma data, strongly indicates E minor as the key."
54594,C major,95,"The chord sequence consists almost entirely of chords found in the C major scale, including C major, F major, A minor, D minor, and G major. The frequent use of C major as a tonal center, supported by the chroma activations, strongly points to C major as the key."
54622,Eb minor,70,"The chord sequence oscillates between chords based on Eb and F#, and the chroma activations are consistent with a key signature of six sharps or flats (such as Eb minor or F# major). Given the frequent appearance of Eb minor and major chords, Eb minor is the most likely key."
54623,Eb minor,90,"The song is anchored by a very long duration of the Eb minor chord, establishing it as the clear tonic. The subsequent harmonic movement between Ab minor and E major (the latter being enharmonically Fb major, the Neapolitan chord) is consistent with the Eb minor key, which is further supported by the chroma activations reflecting the notes of the Eb minor scale."
54682,A major,95,"The chord sequence is dominated by A major and E major chords, with a D major chord also present, forming a clear I-V-I-V-IV progression in A major. The chroma activations further support this conclusion, showing high values for the notes A, E, C#, and G#."
54683,D major,95,"The chord sequence heavily features the D, G, and A chords, which are the I, IV, and V chords in D major. The frequent use of D major as the primary tonal center, supported by the chroma profile showing strong D, A, and C# peaks, strongly indicates D major."
54684,F major,95,"The chord progression is dominated by F major, Bb major, and C major, which function as the I, IV, and V chords in the key of F major. The chroma activations also strongly support this analysis by highlighting the primary notes associated with the F major scale."
54685,G major,85,"The chord sequence consists of alternating C major and G major chords. While this could be interpreted as a I-V progression in C major, the strong F# activation in the chroma data points towards G major, where F# is the leading tone and the progression functions as IV-I."
54686,G major,95,"The chord sequence heavily features G major, C major, D major, and A minor, which is a standard I-IV-V-ii progression in the key of G major. The chroma profile further confirms this with high activations for G, D, and C, all of which are diatonic to the G major scale."
54687,G major,95,"The chord sequence consists primarily of G, C, and D chords, which form a classic I-IV-V progression in the key of G major. The frequent repetition and long duration of the G chord confirm it as the tonal center."
54688,D major,100,"The chord sequence is composed exclusively of the I, IV, and V chords in the key of D major (D, G, and A). This analysis is strongly supported by the chroma activations, which show the highest peaks at D and A."
54689,D major,95,"The chord progression is based on D major, G major, and A major, which function as the I, IV, and V chords in the key of D major. The frequent and long-duration usage of the D major chord confirms it as the tonic, and the chroma activations support this tonal center."
54690,Eb major,100,"The chord sequence consists entirely of Eb, Ab, and Bb major chords, which function as the I, IV, and V chords in the key of Eb major. This tonal center is strongly supported by the chroma analysis, which shows significant activation for the notes Eb (D#), Bb (A#), and Ab (G#)."
54691,A major,95,"The chord sequence consists entirely of an alternating pattern between A major and E major, which strongly establishes A major as the tonic. This I-V progression is supported by the chroma activations, which show significant weight on the tonic A and its dominant E."
54692,D major,95,"The chord progression is consistently composed of D major, G major, and A major chords, which corresponds to a I-IV-V progression in the key of D major. The chroma activations reinforce this, with high values for G, A, and D, which are the roots of these primary chords."
54693,A major,95,"The chord progression is dominated by A major, D major, and E major, which function as the I, IV, and V chords respectively in the key of A major. This tonal center is also well-supported by the chroma activations, which show significant weight on notes belonging to the A major scale."
54694,E major,95,"The chord sequence heavily utilizes E, A, and B major, which correspond to the I, IV, and V chords in E major. The inclusion of an A minor chord near the end is a common modal interchange (the minor iv chord) in this key, and the chroma analysis is consistent with E as the tonic."
54695,C major,90,"The chord progression frequently centers around C major, which acts as a primary resolution point throughout the sequence. The accompanying chords, including F major, A minor, D minor, and G major, are all diatonic to the C major scale, while the occasional D major and E major chords function as secondary dominants typical in this key."
54696,D major,85,"The chord sequence relies heavily on D major, C major, and E minor, which are characteristic of the D Mixolydian mode. Given the frequent usage and tonal focus on the D major chord, it functions as the tonic."
54697,D major,95,"The chord progression consistently features D, E minor, and A chords, which are the I, ii, and V chords in the key of D major. The repetition of this functional harmony, combined with the chroma activations supporting the D major scale, strongly points to D major."
54698,G major,95,"The chord progression consistently uses D, G, C, and E minor chords, which correspond to the V, I, IV, and vi chords in the key of G major. This repeating harmonic pattern strongly suggests G major as the tonal center."
54699,Ab major,95,"The chord sequence is a consistent I-V-vi-IV progression in Ab major, utilizing the chords Ab, Eb, Fm, and Db (labeled here as C#). The chroma activations support this conclusion with strong representations of the Ab major scale notes."
54701,F# major,90,"The chord sequence is heavily anchored by the F# major chord, which appears frequently throughout the piece. The chroma activations reinforce this with strong peaks at F#, C#, and G#, which are all primary notes in the F# major scale. While there is some harmonic variation, such as the use of minor chords like C# minor and Ab minor (enharmonic to G# minor), these function well within the context of an F# major tonality."
54703,E major,95,"The chord sequence consists primarily of E major, B major, and A major, which function as the I, V, and IV chords in the key of E major. The chroma activations are also concentrated on the notes B, E, and A, reinforcing the analysis."
54715,C minor,95,"The chord sequence is almost entirely comprised of C minor and C minor 7 chords, strongly indicating C minor as the tonal center. The chroma analysis supports this, with the highest activation peak on C."
54735,E major,95,"The chord sequence consists primarily of E major, F# major, Ab major (which functions here as G# major, the mediant), and B major, which are all characteristic of the key of E major (I, II, III, and V). The chroma activations support this, showing high values for E, F#, G#, and B, all of which are primary notes in the E major scale."
54830,A minor,95,"The chord sequence is heavily dominated by A minor, with frequent appearances of F major and G major, forming a standard VI-VII-i progression. The high A chroma activation strongly confirms A as the tonic, and the harmonic progression is very stable in the key of A minor."
54907,A major,95,"The chord sequence consists of chords (A, F#m, E, D) that are all diatonic to the A major scale. The chroma activations reinforce this conclusion by highlighting notes consistent with A major, such as A, E, F#, and C#."
54908,F# minor,95,"The chord progression frequently cycles through F# minor, B major, and E major, which is characteristic of the F# Dorian mode. The chroma activations strongly support this with clear peaks at F#, C#, and E, which are the fundamental notes of the F# minor harmony."
54909,E major,100,"The chord sequence is a standard I-IV-V progression (E, A, B) in the key of E major. The chroma profile strongly correlates with this, showing peak activations at E, A, and B."
54910,F# minor,90,"The chord progression is dominated by a persistent alternation between F# minor and E major chords. The chroma profile shows strong activations for F#, E, and C#, which are the core notes of the F# minor scale."
54911,A major,100,"The chord sequence is composed primarily of A, D, and E chords, which function as the I, IV, and V chords in A major. The presence of the F# minor chord (vi) and the A7 leading to D further solidifies this key signature."
54912,D major,100,"The chord progression consists almost entirely of D major, G major, and A major chords, which are the I, IV, and V chords in the key of D major. The chroma profile, with strong activations for D and A, further confirms this tonal center."
54913,G major,95,"The chord sequence consistently oscillates between G, E minor, and C, which are the I, vi, and IV chords in the key of G major. The chroma activations are also centered on G, providing further confirmation."
55111,E minor,95,"The chord sequence prominently features E minor, D major, and C major, which is a standard i-VII-VI progression in the key of E minor. The prevalence of these chords, along with the chroma activations being consistent with the notes of the E natural minor scale, strongly points to E minor as the key."
55121,F major,90,"The frequent use of F major, D minor, Bb major, and C major chords strongly suggests the key of F major. The chroma activations reinforce this conclusion, showing prominent peaks for the notes F, A, and C, which constitute the tonic triad of F major."
55237,F minor,90,"The chord sequence consistently features F minor, Bb major, C# (Db) major, and Ab major, which strongly establish F minor as the tonic. The harmonic progression is characteristic of F minor, and the chroma activations align well with the F minor scale."
55247,A minor,95,"The chord sequence is heavily anchored by A minor, which appears for the majority of the duration. Supporting chords such as D minor, F major, and G major fit naturally into the key of A minor, and the chroma profile shows a strong concentration on A and E, further confirming A minor as the tonic."
55248,C major,90,"The chord sequence shows a strong tonal center in C major, particularly evident in the repeated F major to C major cadence and the significant duration of the C major chord. This is further supported by the chroma activations, which are dominated by C and G, the root and fifth of the tonic triad."
55249,A major,95,"The chord progression is composed of A major, D major, B minor, and F# minor, all of which are diatonic to the key of A major. The chroma activations further support this, displaying significant presence of A, D, B, and C#."
55285,B minor,95,"The chord progression is dominated by B minor, supported by D major, A major, and G major, which are all diatonic to the B minor scale. The chroma activations further corroborate this, showing strong peaks at B, D, and A, reinforcing B minor as the tonic key."
55286,E minor,90,"The chord sequence consists of a repeating pattern of Em7, Cmaj, Dmaj, and Bmin, all of which are diatonic to the E natural minor scale. The consistent return to Em7 as the primary chord in the progression strongly suggests E minor as the tonic."
55288,A minor,95,"The chord progression frequently uses A minor, C major, D minor/D7, F major, and G major, which are all diatonic to A minor (or A dorian). The chroma activations strongly support this with high peaks at A, D, G, and C, further confirming A as the tonal center."
55289,E minor,95,"The chord progression consistently cycles between E minor, C major, and D major, which function as the i, VI, and VII chords in E minor. The additional use of B minor and A minor chords further confirms the key of E minor, and the chroma activations are consistent with the E minor scale."
55290,A minor,90,"The chord sequence oscillates between F major and A minor, with A minor being more prevalent and closing the sequence. Additionally, the chroma distribution shows prominent A, E, and F values while Bb is very low, strongly supporting A minor over F major."
55292,G major,95,"The chord sequence prominently features a repeating progression of E:min, B:min, C:maj, and G:maj, which is a vi-iii-IV-I progression in the key of G major. The concluding harmonic movement of C:maj, D:maj, G:maj, and A:min further reinforces this tonal center, and the chroma activations are consistent with the G major scale."
55295,C major,95,"The chord progression consists exclusively of diatonic chords within the C major scale (C, Am, F, G). The frequent returns to the C major chord and the overall harmonic structure strongly indicate that C major is the tonic key."
55332,A minor,95,"The chord sequence is dominated by A minor, with recurring F major, G major, and C major chords which are all diatonic to the A natural minor scale. The chroma profile strongly supports this analysis, showing a significant peak at A and a secondary peak at E, both of which are central to the A minor tonality."
55334,A minor,85,"The chord progression is dominated by chords such as A minor 7, D minor 7, and F major 7, which are all diatonic to the A minor scale. The chroma profile further supports this with high activity on the notes A, C, E, and G, which form the primary chords of the A minor key."
55336,E minor,85,"The chord sequence consists primarily of an E minor chord, which is supported by the chroma activations showing strong peaks for the notes E, G, and B, corresponding to the E minor triad."
55346,D major,95,"The chord sequence consists primarily of an alternation between D major (I) and B minor (vi), with a G major (IV) chord appearing at the end. These chords are diatonic to the D major scale, and the chroma profile (with high peaks at D and B) strongly supports D major as the tonal center."
55370,Eb minor,90,"The track is heavily dominated by the Eb minor chord, which persists for the majority of the duration. This, combined with the chroma peaks at D# (Eb) and A# (Bb), strongly supports Eb minor as the key."
55405,Bb minor,75,"The chord progression is centered on Bb, featuring Bb minor, Bb7, and Bb half-diminished chords, strongly suggesting Bb minor as the tonic. The chroma data also exhibits a significant peak at A#/Bb, reinforcing this conclusion."
55406,A minor,85,"The chord progression relies heavily on A:min and G:maj, which strongly suggest A minor as the tonic. The additional chords Bb:maj and F:maj are common non-diatonic or modal interchanges in A minor. The high A chroma activation confirms A as the central pitch."
55407,D minor,90,"The chord sequence consistently revolves around D minor, G major, F major, and A minor chords, which is characteristic of the D minor key or D Dorian mode. The chroma activations, showing strong peaks for G, C, A, D, and F, are fully consistent with this D-centered tonal center."
55409,A minor,95,"The chord sequence consistently revolves around an A minor tonality, characterized by the repeating i-VI-VII progression of Am, F, and G chords. The chroma profile supports this, showing significant activations for the notes A, C, and E, which define the A minor triad."
55411,C major,90,"The chord sequence consists primarily of F major, G major, A minor, C major, and D minor, which are all diatonic to the C major scale. The chroma activations strongly support this, with the highest values concentrated on the notes C, G, and A, which are central to the C major tonality."
55412,D minor,85,"The chord sequence consists of Dm, F, Bb, Am, and C, all of which are diatonic to the key of D minor. The frequent use of Dm as a chord, particularly in the beginning and middle of the sequence, strongly indicates D minor as the tonic."
55451,A major,85,"The chord sequence primarily utilizes F# minor, A major, and E major, which are diatonic to both the key of A major and its relative minor, F# minor. Given the progression's emphasis on these chords, A major is the most likely tonal center."
55452,Bb minor,95,"The chord sequence consists entirely of chords found within the Bb minor scale, including Bbm, Gb (F#), Ab major, Fm, and Ebm, which frequently resolve to Bbm. The chroma activations support this with high emphasis on A# (the tonic Bb) and F (the dominant), confirming Bb minor as the tonal center."
55488,A major,55,"Due to the absence of chord data, the key was identified using chroma activations, which show strong peaks for A, C#, and F#, the tonic, mediant, and submediant of the A major scale."
55550,A minor,40,"The harmony is defined by a repetitive and highly chromatic alternation between A minor and Ab minor, which obscures a traditional functional tonal center. A minor is selected as the key primarily because it is the more prominent chord, supported by the presence of A in the chroma activations, though the progression is fundamentally ambiguous."
55554,Eb major,85,"The chord progression centers around Eb major and Bb major, which form a strong tonic-dominant relationship in the key of Eb major. The inclusion of B major, a common chromatic mediant (bVI) in this context, does not detract from the stability of Eb as the tonic, and the chroma activations strongly support this tonal center."
55558,G major,65,"Although there is a long segment identified as C# major, the subsequent chord sequence clearly centers around the key of G major, utilizing a progression of G, C, and D chords, including the minor iv (C minor). The prevalence of this harmonic structure in the latter part of the audio suggests G major is the most likely tonic."
55710,C major,95,"The chord sequence consists primarily of C major, D minor, and A minor chords, which are all diatonic to C major. The chroma activations reinforce this, showing high values for C and G, which are the tonic and dominant notes of the key."
55711,D minor,85,"The chord sequence primarily oscillates between D minor and G minor, establishing D minor as the tonic. While the song begins with a D major chord, the overwhelming prevalence of D minor chords throughout the rest of the clip points to D minor as the key."
55712,D minor,95,"The chord sequence is heavily dominated by the D minor chord, which appears frequently throughout the progression. The addition of G major chords suggests a D Dorian or D minor harmonic context, and the chroma activations, with prominent D, E, F, and A, strongly support a D minor tonality."
55713,D minor,90,"The chord sequence is heavily centered on D minor, supported by related chords like F major and Bb major. The chroma activations, which show strong peaks at A, F, and D, further reinforce D minor as the tonal center."
55714,A minor,95,"The chord sequence consistently revolves around A minor and F major, with secondary appearances of C major and D minor, all of which are diatonic to the A minor scale. The high prevalence of A minor as a harmonic center strongly points to A minor as the tonic."
55715,A minor,85,"The chord progression is characterized by chords typical of A minor, such as Am, Bm, Em, and F (the VI chord). The prominence of C (the minor third of A) compared to C# (the major third) in the chroma activations strongly supports A minor over A major."
55716,B minor,90,"The chord sequence primarily utilizes B minor, D major, F# minor, and G major, which are all diatonic to the key of B minor. The chroma activations, which show significant peaks at B, D, and F#, further reinforce B minor as the tonic."
55717,Eb major,85,"The chord sequence centers on the progression of Ab major, E major, Bb major, and Eb major, which are strongly characteristic of the key of Eb major with the E major chord functioning as a common borrowed bVI chord. The chroma activations align with this analysis, showing strong activity in notes consistent with the Eb major scale and the E major chord."
55718,C major,95,"The chord sequence consists almost exclusively of C major and G major chords, which function as the I and V chords in the key of C major. This is further supported by the chroma activations, which show strong values for the notes G, B, D, and C, all of which are primary members of these two chords."
55719,E minor,85,"The chord sequence frequently repeats G major, D major, and E minor, which strongly suggests the key of E minor. While the initial E major chord is somewhat atypical, the dominant harmonic pattern throughout the progression clearly points towards an E minor tonality."
55899,D minor,90,"The chord sequence is heavily dominated by D minor, with C major serving as a common chord within that key. The chroma activations also show a primary peak at D, which aligns well with D minor as the tonic."
56143,A major,95,"The chord sequence is dominated by repeated alternations between A major and E major, which function as the tonic (I) and dominant (V) chords in the key of A major. The chroma activations further support this, with A and E being the most prominent notes."
56186,D minor,95,"The chord sequence consistently features D minor as the tonic, with frequent use of A major as the dominant (V) and F major as the relative major (III), forming standard progressions within the key of D minor."
56187,A minor,95,"The chord sequence consistently revolves around A minor, often alternating with its relative major, C major. The frequent use of E major and E7 chords serves as a strong dominant, resolving back to A minor throughout the sequence, which is further supported by the chroma activation peak at A."
56189,G minor,90,"The chord progression begins with an alternating pattern of G minor and D major, which establishes a clear G minor tonal center. The subsequent chords (C minor, Eb major, Bb major) are diatonic to the relative major (Bb major), consistent with a G minor harmonic context."
56249,C minor,90,"The chord sequence is heavily dominated by C minor, Bb major, Ab major, and Eb major, which are all chords found within the C natural minor scale. The harmonic progression points strongly toward C minor as the tonic."
56480,B major,95,"The chord sequence heavily features a repeated progression of B, A, G, F#, and E major chords. While the presence of A major and G major suggests a Mixolydian influence, B is clearly the tonal center, making B major the most appropriate key label."
56500,Ab major,90,"The chord progression prominently features C# major (enharmonically Db major), Eb major, and Ab major, which function as IV, V, and I in the key of Ab major. The frequent resolution to Ab major suggests it is the tonic key of the piece."
56502,D minor,90,"The chord sequence consists of a repetitive alternation between A major and D minor. This is a classic dominant-tonic (V-i) progression, which strongly establishes D minor as the key."
56504,C major,45,"The chord sequence is extremely limited, with only one identifiable 'C:maj' chord, making C major the most reasonable tonic despite the sparse data. The chroma activations do not provide a strong contradictory signal, supporting the selection based on the single available chord."
56505,C minor,95,"The chord sequence is heavily dominated by C minor, with frequent appearances of G minor, F major, and Eb major, all of which are diatonic to the C minor scale. The harmonic structure clearly centers on C as the tonic. This is also supported by the chroma profile, which shows significant peaks on C, D, D#/Eb, and G."
56506,E minor,90,"The chord sequence contains E minor, D major, C major, and B major, all of which are diatonic to the E minor scale (using B major as the harmonic minor V chord). The progression ends with a clear V-i cadence (B major to E minor), strongly confirming E minor as the tonic."
56508,B minor,90,"The chord sequence consists of B minor, A major, D major, and G major, which are all diatonic to the B minor scale. The frequent repetition of the i-VII-III-VI progression and the high chroma activation for the tonic note B strongly support B minor as the key."
56510,C# major,75,"The harmony primarily cycles between Ab major and C# major, which function as the dominant and tonic chords in the key of C# major. High chroma activations for C# and G# further support this tonal center."
56511,Bb major,95,"The song is dominated by a Bb major chord, and the chroma activations highlight Bb (A#) as the most prominent pitch, strongly indicating Bb major as the key."
56512,E major,95,"The chord sequence consists almost exclusively of E major chords throughout the sample, and the chroma profile shows a significantly dominant peak at E, which strongly indicates E major as the tonic."
56513,G minor,85,"The chord sequence consistently features a pattern of F major, Eb major, and D major chords resolving to G, which strongly indicates G as the tonic. The inclusion of the D major chord acts as the dominant (V) leading to the tonic, typical of a G minor harmonic context, despite the occasional use of G major chords."
56514,A major,70,"Although the chord sequence is mostly indeterminate, the only identified chord is A major. The chroma profile supports this, with A being the most prominent chroma activation."
56515,F# minor,85,"The chord sequence consists almost entirely of an F# minor chord, which strongly indicates F# minor as the tonal center. The chroma activations are consistent with this analysis, showing a significant F# component."
56516,A minor,85,"The chord sequence frequently returns to A minor and includes functional chords like D minor, F major, and G major, which are standard in the key of A minor. The chroma activations reinforce this with high prominence for A and E, and the inclusion of G# as a leading tone typical of the harmonic minor scale."
56517,A minor,85,"The chord progression frequently cycles between C major and A minor, which share the same notes. The significant duration of A minor chords and the sequence ending on an A minor chord strongly suggest A minor as the tonic. This is further supported by the chroma profile, which highlights the notes (A, C, E) of the A minor triad."
56518,G major,95,"The chord sequence heavily features G major, D major, A minor, and C major, which correspond to the I, V, ii, and IV chords in the key of G major. The frequency and arrangement of these chords strongly suggest G major as the tonal center."
56520,E minor,95,"The chord sequence is dominated by E minor, G major, and C major, all of which are diatonic to the E minor scale. The chroma activations show strong peaks on E, G, and B, which are the primary notes of the E minor triad, further supporting this conclusion."
56521,A major,75,"The chord sequence oscillates between F major and A major, with the A major chord appearing most frequently and being held for the longest duration, suggesting it is the tonal center. The chroma activations, which show strong peaks at A and G# (the leading tone of A major), provide further support for this conclusion."
56525,C minor,90,"The chord sequence primarily alternates between C minor and G minor, strongly indicating a tonic of C minor. This is consistent with the provided chroma activations, which show strong energy in C and G, reinforcing the C minor tonality."
56526,D minor,85,"The harmonic sequence is centered around D minor and A minor chords, with D minor appearing most frequently and ending the progression. Additionally, the chroma activations show strong peaks at D, A, and E, which are the core notes of the D minor tonic triad."
56527,C minor,75,"The chord sequence is dominated by C minor and F major chords. Given the sustained duration of the C minor chord and its placement at the end of the sequence, C minor is the most likely tonic, with F major acting as a common borrowed IV chord."
56528,E minor,90,"The chord sequence is dominated by repeated cycles of E minor, C major, and D major, which is a classic i-VI-VII progression in E minor. The frequent use of B minor as a v chord and the chroma profile, which highlights notes consistent with the E minor scale, further confirm the key."
56601,C major,90,"The chord sequence is heavily dominated by C major, which occupies the vast majority of the duration. Despite the inclusion of C minor and A minor chords, C serves as the clear tonal center throughout the piece."
56603,C minor,70,"The chord sequence contains a significant duration of a C minor chord, which is the most reliable indicator of the key despite the limited harmonic information. The chroma activations are relatively flat and somewhat ambiguous, so the explicit chord label provided is the primary basis for this determination."
56605,Bb minor,95,"The chord sequence consists almost entirely of a single chord, Bb minor, which strongly suggests Bb minor as the key. This is further corroborated by the high chroma activation for A# (the enharmonic equivalent of Bb)."
56606,F# major,90,"The chord sequence primarily alternates between F# major and Eb minor, which are the I and vi chords in the key of F# major. The chroma activations support this, with F# being the most prominent pitch class."
56712,A minor,85,"The chord progression frequently alternates between A minor and C major, supported by E minor and G major, all of which are diatonic to the key of A minor. While the inclusion of a B major chord is chromatic and atypical, the harmonic movement consistently centers around the relative relationship between A minor and C major."
56713,D major,95,"The harmonic content is dominated by D major, G major, and B minor chords, which are the I, IV, and vi chords in the key of D major. The extensive alternating pattern between D major and B minor further reinforces D major as the tonal center."
56714,G major,90,"The chord progression consistently uses chords diatonic to the G major scale, such as C major (IV), D major (V), E minor (vi), and G major (I). The final sequence of chords strongly reinforces G as the tonic, and the chroma profile is consistent with this key."
56795,D major,95,"The chord progression of D major, G major, B minor, and A major consistently outlines a I-IV-vi-V sequence in the key of D major. The chroma activations align well with this key, showing high values for B, G, F#, D, and A, which are all notes within the D major scale."
56798,F major,95,"The chord sequence primarily consists of Bb major, F major, C major, G major, and D minor, which are all strongly indicative of the key of F major. The progression utilizes common functional relationships like the IV-I-V and the secondary dominant G major, which is consistent with the F major scale. The chroma profile further supports this with high activations for F, C, and Bb."
56799,F major,80,"The chord sequence consists of an oscillation between F major and D minor, which are relative major and minor keys sharing the same key signature. F major is slightly more prominent in terms of total duration, making it the most likely tonal center."
56801,D major,95,"The chord sequence consists primarily of D major, A major, and B minor chords, which function as the I, V, and vi chords in the key of D major. The chroma profile further supports this key, showing prominent activations for D, A, and E, which are core notes within the D major scale."
56803,C# minor,95,"The chord sequence is strongly centered around C# minor, featuring chords like F# minor, E major, and A major, which are all part of the C# minor diatonic collection. The chroma activations, which show the strongest peaks at C#, E, and G#, provide further evidence that C# minor is the tonic."
56804,A minor,95,"The chord sequence primarily consists of A minor, D minor, and G major chords. These function strongly as the i, iv, and VII chords in the key of A minor, and the frequent emphasis on A minor suggests it is the tonic."
56805,C major,95,"The chord progression consistently alternates between C major and G major, which strongly establishes C major as the tonic. The presence of D minor and D major chords is consistent with the C major key context, and the chroma activations further support this by highlighting the C, G, D, and B notes."
56825,C major,90,"The chord sequence is heavily centered on C major, which is supported by the long initial duration of the C major chord and frequent use of functional G and F chords. The occurrence of Ab and Eb chords suggests modal mixture or borrowing, but the primary harmonic center remains firmly in C major."
56836,D minor,90,"The chord sequence consists primarily of D minor, F major, and Bb major, which are all diatonic to the D minor scale. The high activation for D in the chroma data further supports D as the tonic."
56895,A minor,95,"The chord progression is dominated by chords belonging to the A minor scale, including A minor, D minor, C major, F major, and E minor. The consistent return to the A minor chord as a tonal center strongly supports A minor as the key."
56901,A minor,60,"The chord sequence consistently centers around A minor, with the most sustained chords being A minor throughout the progression. The presence of chords like G major, C major, and D major supports this tonal center, despite some chromaticism from chords like Bb major and A major."
56903,D major,95,"The chord sequence consists primarily of D major, A major, and B minor, which correspond to the I, V, and vi chords in the key of D major. These chords strongly support the conclusion that the song is in the key of D major."
56904,Ab major,60,"The chord progression is highly chromatic, frequently oscillating between Ab major, E major, and G major. Ab major appears most frequently and serves as the primary harmonic anchor, making it the most plausible tonic, while the chroma activations align with the notes of the Ab major triad."
56905,D major,90,"The chord sequence consists of frequent movements between D major, C major, and E minor, which are characteristic of the D Mixolydian mode with D acting as the tonic. The chroma distribution also supports this, showing strong activations for notes within the D Mixolydian scale, particularly D, E, G, and C."
56908,G major,85,"The chord sequence is heavily centered on G major and C major, with G acting as the functional tonic. The presence of F major, acting as a bVII chord, and the secondary dominant E major leading toward E minor, strongly point towards G major as the key."
56912,A minor,90,"The chord progression frequently centers on A minor, supported by common functional harmonies like D minor, F major, and E major. The chroma activations reinforce this, with high prominence of notes C, E, and A, which constitute the A minor triad."
56929,G major,90,"The chord progression is heavily centered on G, with frequent returns to the G major chord. The presence of F major and Bb major chords, combined with the final D major chord, strongly supports G major, likely with a Mixolydian influence."
56958,C major,95,"The chord sequence is heavily centered on C major, frequently utilizing primary chords like F major and G major, alongside D minor. Although there is repeated use of C minor, the overall tonal center remains strongly anchored to C major."
57003,G major,95,"The chord sequence consists almost entirely of chords belonging to the G major diatonic scale (G, C, D, Bm, Em), and the G major chord is featured prominently. The chroma distribution reinforces this with high values for G, B, and D, which are the primary notes of the G major triad."
57004,Ab minor,95,"The harmony oscillates primarily between Ab minor and F# major (enharmonically Gb major), which function as the i and VII chords in the key of Ab minor. This harmonic pattern is characteristic of a minor key context, strongly suggesting Ab minor as the tonic."
57005,D major,90,"The chord sequence consistently revolves around the D major chord, often following patterns that point to D as the tonic (such as the repetition of D-G-Bm). This is strongly supported by the chroma activations, which show high concentrations on the notes D, A, G, and B, all of which are key components of the D major scale."
57007,B major,95,"The chord sequence prominently features the B major (I), E major (IV), C# minor (ii), and G# minor (abbreviated as Ab minor, vi) chords, which are all diatonic to the B major scale. The chroma activations corroborate this key, showing high values for B, D#, E, and A#, all of which are notes within the B major scale."
57009,F major,85,"The chord sequence is dominated by the repeating 'G:min - Bb:maj - F:maj - C:maj' sequence, which functions as a 'ii - IV - I - V' progression in F major. The ending sequence 'A:min - F:maj - D:min' corresponds to 'iii - I - vi' in F major, and the chroma activations are consistent with the F major scale."
57010,D minor,75,"The chord sequence centers on D, alternating between D minor and D major, while frequently utilizing F major and Eb major chords. The presence of the Eb major chord, which functions as a bII chord, is highly characteristic of the D Phrygian mode or minor keys in various rock and metal genres."
57012,D major,95,"The chord sequence consists almost entirely of D major and A major chords, establishing a clear I-V progression in D major. The chroma profile further supports this with significant activations on the notes D and A."
57038,D major,95,"The chord progression is heavily dominated by D major and F# minor chords, which are the I and iii chords in the key of D major. The chroma activations reinforce this with strong peaks at D, F#, and C#, all of which belong to the D major scale."
57043,Ab minor,95,"The chord sequence is heavily centered around an Ab minor tonic, especially given the long duration of the Ab minor chord. The recurring use of F# major (the subtonic), C# major (the subdominant), and E major (the submediant) is consistent with the harmonic vocabulary of Ab minor."
57047,G minor,95,"The chord sequence is dominated by G minor, which functions as the tonic, and C7, which acts as a secondary chord within the key. This recurring G minor-to-C7 progression strongly indicates G minor as the harmonic center."
57049,C major,95,"The harmonic progression prominently features chords diatonic to C major, including C, Dm, Em, F, G, and Am. The frequent use of the F minor chord as a borrowed iv minor chord and the consistent resolution to the C major chord strongly point to C major as the tonal center."
57050,G major,95,"The chord sequence consists primarily of G major, E minor, C major, and D major, which are the I, vi, IV, and V chords in G major. The presence of an A7 chord as a secondary dominant further reinforces G major as the home key."
57053,B minor,90,"The chord progression frequently alternates between B minor, D major, and A major, which are all diatonic to the B minor key signature. The constant emphasis on the B minor chord, supported by the chroma profile, strongly identifies B minor as the tonal center."
57054,G major,95,"The chord sequence consists primarily of G major, B minor, E minor, and C major chords, which are all diatonic to the G major scale. Both the chord progression and the highest-weighted chroma peaks (G, B, D) strongly point towards G major as the tonic."
57071,A minor,90,"The chord sequence relies heavily on A minor and F major, which are both diatonic to A minor. The presence of E minor7 and G7 chords further supports A minor as the clear tonal center."
57164,E major,95,"The chord sequence is dominated by E major and C# minor, which are the tonic and relative minor chords in the key of E major. The chroma activations also strongly align with the E major scale, particularly highlighting the tonic, dominant, and relative minor notes."
57166,C major,95,"The chord sequence consistently alternates between C major, G major, and F major, which correspond to the I, V, and IV chords in the key of C major. This harmonic progression strongly defines the tonic as C, and the chroma activations, highlighting C, G, and F, support this conclusion."
57175,A major,95,"The chord sequence consists primarily of A, E, C#min, and F#min, which are all diatonic chords in the key of A major. The chroma activations are also consistent with this key, showing high values for the tonic (A), dominant (E), and related scale tones."
57176,D major,95,"The chord sequence consists primarily of chords diatonic to the D major scale, including D, G, A, B minor, and E minor. The tonic D major is clearly established throughout the sequence, which is further supported by the chroma activations."
57234,Ab major,95,"The chord progression consistently uses the I (Ab major), IV (Db major), V (Eb major), and vi (F minor) chords, which are the primary chords in the key of Ab major. The chroma activations are also heavily weighted toward the notes of the Ab major scale, supporting this analysis."
57235,B minor,90,"The chord progression is centered on B minor, frequently featuring Bm, F#m, and G. The chroma activations reinforce this by showing strong activity on B, F#, D, and C#, which are the core notes of the B minor scale."
57241,C major,85,"The harmony oscillates between A minor and C major, which are relative keys sharing the same diatonic chords. The progression uses C major, A minor, and G major, all of which are diatonic to C major. Given the lack of a clear E major dominant to establish A minor and the relative emphasis on C chords in the sequence, C major is the most likely key."
57261,A minor,85,"The chord sequence is dominated by A minor, E minor, and C major, with E major frequently acting as a dominant that points to A minor. The chroma activations showing high prominence for A, C, E, and G are highly consistent with the A minor scale and its relative major, C major, confirming A minor as the most likely key."
57262,D minor,90,"The chord sequence is dominated by D minor and A minor chords, which function as the tonic (i) and dominant (v) in D minor. The chroma activations also align well with the D minor scale, confirming this choice."
57263,D minor,95,"The chord sequence is heavily dominated by D minor, which acts as the clear tonic throughout the piece. The chroma profile strongly supports this, with significant activation on D and A, representing the root and fifth of the D minor chord."
57265,A minor,90,"The chord sequence is heavily anchored around A minor, with frequent appearances of A minor, A minor 7, and D minor chords. The chroma activations further support this, with A, E, D, and C being the most prominent notes, which are all diatonic to the A minor scale."
57267,C major,90,"The chord sequence features a clear progression of diatonic chords within C major, specifically C, F, G, Dm, and Am. The chroma activations are also strongly centered around C, E, G, F, and A, which are consistent with the C major scale."
57300,Ab major,90,"The chord sequence is heavily dominated by the Ab major chord, which acts as the tonic. The other chords present, such as C# major (enharmonically Db major) and F# major (enharmonically Gb major), function as common modal interchanges or borrowed chords within the context of the Ab major scale, and the chroma activations align well with the notes in the Ab major key."
57303,F# major,90,"The chord sequence primarily utilizes F# major, C# major, B major, and Eb minor, all of which are diatonic to the F# major scale. The persistent return to the F# major chord and the chroma activations, which peak at F#, C#, and A#/Bb, strongly indicate F# major as the tonic."
57374,A major,95,"The chord sequence consists almost entirely of an A major chord, and the chroma profile shows strong activations for the notes A and C#, which are consistent with the A major triad. This provides very strong evidence for A major as the key."
57387,F# major,95,"The chord sequence consists primarily of F# major, B major, and C# major, which function as the I, IV, and V chords in F# major. The use of Eb minor acts as the vi chord, and the chroma activations align well with the notes of the F# major scale."
57391,A major,95,"The chord sequence consistently features chords diatonic to A major, such as A major (I), D major (IV), E major (V), F# minor (vi), and C# minor (iii). The recurring progression of vi-IV-V-I (F#m-D-E-A) strongly establishes A major as the tonal center."
57393,G minor,90,"The chord sequence is heavily dominated by G minor chords, supported by related chords like Bb major, F major, and C major, all of which fit within the G minor scale. The persistent return to G minor throughout the duration strongly indicates it is the tonic key."
57400,C major,95,"The chord progression centers around C major, Em, F, and Dm, all of which are diatonic to C major. The prominent chroma activations of C and E further confirm this key center."
57433,F# major,95,"The chord progression is centered around F# major and B major, with Ab minor appearing as the ii chord (enharmonically G# minor). The frequent use of these chords, combined with the presence of an E major chord as a characteristic flat-seven borrowing, strongly points to F# major, which is further supported by the high chroma activations for F#, G#, A#, and B."
57632,A major,95,"The chord sequence consistently revolves around the A major chord, which appears most frequently and acts as the tonic. The progression includes chords like F major, C major, and G major, which are common non-diatonic borrowings in the key of A major, often found in rock music, and the chroma activations strongly support this with A, E, and G# being prominent."
57636,B major,85,"The chord sequence consists primarily of B, D, E, and A major chords. While this progression borrows heavily from parallel modes, the clear tonic center is B, and the major quality is consistently maintained throughout the chords."
57663,B major,95,"The chord progression consistently alternates between B major and F# major, which acts as a I-V relationship. The frequent use of E major (the IV chord) further reinforces the key of B major."
57786,C# minor,95,"The chord sequence consists almost entirely of a C# minor chord. Furthermore, the chroma activations strongly peak at C#, E, and G#, which are the notes of the C# minor triad, confirming the tonal center."
57787,F major,95,"The chord sequence consists of F, Bb, C, and D minor, which are all diatonic to the F major scale (I-IV-V-vi). The chroma activations support this, with the highest values corresponding to notes of the F major scale."
57788,G major,95,"The chord sequence consists entirely of chords found in the G major scale (G, Am, C, Em, F), with G major acting as the stable tonic throughout. The frequent repetition of G major, combined with the presence of C, Am, and Em, strongly confirms G major as the key."
57790,C# minor,90,"The harmonic progression is heavily centered on C# minor, frequently using Ab major (enharmonic to G# major, the V chord in C# minor) to return to the tonic. The chroma data further supports this with a clear peak at C#."
57791,C major,90,"The chord sequence heavily features the primary chords of C major, including repeated patterns of C, Em, Am, and F (I-iii-vi-IV). The chroma activations strongly align with the C major scale, further confirming this tonal center."
57792,Bb major,95,"The chord sequence consistently utilizes the I (Bb major), vi (G minor), IV (Eb major), and V (F major) chords, which are characteristic of the key of Bb major. The chroma profile further supports this analysis, with significant activations for F and A# (Bb)."
57793,E minor,40,"The song is highly chromatic and non-functional, making a definitive key difficult to establish. E minor is selected as the tonic because it is the most sustained chord and fits the primary chroma activation peaks, despite the heavy presence of chromatic chords like Eb major."
57796,C major,75,"The chord sequence primarily alternates between C major and F minor, characteristic of using the minor iv chord in the key of C major. Despite some chromaticism near the end of the clip, the consistent repetition of C major chords throughout establishes it as the likely tonic."
57798,F major,95,"The chord sequence consistently utilizes chords from the F major scale, including the tonic (F major), dominant (C major), subdominant (Bb major), and relative minor (D minor). This harmonic structure, combined with the frequency of F major and C major, points clearly to F major as the tonal center."
57799,C minor,20,"Since the chord recognition output was empty, I relied on the chroma activations. The most prominent peaks in the chroma data (C, A#, D#, and G#) align with the notes found in the C minor scale."
57801,C minor,85,"The chord sequence oscillates primarily between C minor and Bb major, which is characteristic of the C minor key or C Aeolian mode. The chroma activations reinforce this with significant presence of C, G, and Bb, further supporting C as the tonic."
57802,B major,95,"The chord sequence consists primarily of B major, E major, and F# major chords, which represent the I, IV, and V chords in the key of B major. The secondary dominant C#7 chord is also common in this key. The chroma activations provide strong support, with the highest values corresponding to the root, fifth, and third of the B major chord."
57804,D minor,90,"The chord sequence repeatedly features D minor, G minor, and A major chords, establishing D minor as the clear tonal center. Occasional D major and D7 chords function as alterations or chromatic variations within the D minor harmonic context."
57909,E major,95,"The chord sequence contains E major, A major, C# minor, and F# minor, which are all diatonic chords within the key of E major. This analysis is further supported by the chroma activations, which show strong values for the notes E, G#, and B, constituting the E major triad."
57910,G major,95,"The chord sequence relies heavily on G major, C major, and D major, which are the I, IV, and V chords in the key of G major. Additionally, the E minor chord serves as the vi chord in this key, and the chroma activations are dominated by the notes G, B, and D, further confirming the key of G major."
57911,Eb major,95,"The chord sequence prominently features Eb, Ab, Bb, and Cmin, which correspond to the I, IV, V, and vi chords in the key of Eb major. The chroma activations reinforce this analysis, with significant energy on notes belonging to the Eb major scale."
57912,G major,95,"The chord sequence consists primarily of G major, C major, and D major, which are the I, IV, and V chords in the key of G major. Additional chords like A minor and B minor are the ii and iii chords, further confirming G major as the key."
57913,G major,90,"The chord sequence frequently features G:maj, which acts as the tonic. Other chords present, such as A:min7, D:maj, E:min, and C:maj, are all functional chords within the G major scale. The chroma activations support this, with the highest values corresponding to notes in the G major scale."
57914,F major,95,"The chord sequence consistently revolves around F major, Bb major, and C major, which correspond to the I, IV, and V chords in the key of F major. Additionally, the chroma activations show high values for F, C, and A, which are primary notes in the F major scale, further confirming this key."
57915,E major,95,"The chord sequence prominently features E major, B major, and A major, which function as the I, V, and IV chords in the key of E major. The chroma activations are consistent with this analysis, showing high prominence for the notes E and B."
57916,E major,95,"The harmonic progression is dominated by E, A, and B major chords, which correspond to the I, IV, and V chords in the key of E major. The presence of F# minor and C# minor chords as ii and vi functional chords, along with the chroma activations showing strong peaks at E, B, F#, and C#, consistently confirms E major as the key."
57918,D minor,75,"The chord progression frequently centers around D minor, evidenced by the repeated use of D:min, G:maj, and A:maj chords which function as a i-IV-V cadence. Although the piece exhibits chromaticism in its middle section, the tonal center consistently resolves to D, making D minor the most appropriate key label."
57919,F major,95,"The chord progression is dominated by chords that are all diatonic to the key of F major, including the I (F), IV (Bb), V (C), ii (G minor), vi (D minor), and iii (A minor). Both the chord sequence and the chroma activations strongly support F major as the tonal center."
57920,G major,95,"The chord sequence consists primarily of G major, C major, D major, and A minor, which are the I, IV, V, and ii chords in the key of G major. The high chroma activation for G and D further supports this conclusion."
57921,F major,95,"The chord progression is built primarily on F major, Bb major, and C major (I, IV, and V chords in F major), with supporting chords like D minor and G minor, all of which are diatonic to F major. Additionally, the chroma activations peak at F, strongly supporting this key."
57922,E minor,95,"The harmonic progression predominantly centers on the E minor chord, which is the most frequent and longest-lasting chord. The chord sequence, which includes A minor, C major, D major, G major, and B minor, is largely diatonic to the E minor scale, and the chroma activations strongly support E minor as the tonic."
57924,Bb minor,90,"The chord sequence is heavily centered around the Bb minor and Bb minor7 chords, which serve as the tonic. Other chords like Ab major, F# major, and C# major are diatonic or closely related to the Bb minor scale, and the chroma activations (F, A#/Bb, G#/Ab, C#/Db) support this tonal center."
58111,C major,95,"The chord progression is dominated by C major, G major, and A minor, which are the I, V, and vi chords of the C major scale. The chroma activations, which are highest for G and C, further corroborate C major as the key."
58128,G major,95,"The chord sequence is dominated by G major and C major chords, which points strongly toward G major as the tonic. This is further corroborated by the chroma analysis, which shows strong activations for the notes G, B, and D."
58129,C major,95,"The chord sequence is dominated by C major, E minor, F major, and G major, which are the I, iii, IV, and V chords in the key of C major. The chroma activations are consistent with this, highlighting the notes of the C major scale."
58130,Eb major,100,"The chord sequence is composed of repeating Eb major, Ab major, and Bb major chords, which function as the I, IV, and V chords in the key of Eb major. The chroma activations show prominent peaks at Eb, G, and Bb, which are the root, third, and fifth of the Eb major triad, strongly supporting this key assignment."
58133,D minor,85,"The chord sequence heavily features A major, D major, Bb major, and F major. In the context of D minor, A major serves as the dominant (V) chord (often using the harmonic minor leading tone C#), Bb major is the submediant (VI), and F major is the mediant (III). The chroma activations, which highlight A and F, further support this harmonic analysis."
58134,C# major,85,"The chord sequence consistently returns to C# major, and the final progression ends with an Ab major to C# major cadence, confirming it as the tonic. The use of chords like Eb minor (ii), F# major (IV), and B major (bVII) further fits the harmonic language of the key of C# major."
58135,G major,95,"The chord progression is dominated by G major chords and includes D major, C major, and E minor, which are all diatonic to the key of G major. The chroma profile further supports G major with strong activations on G, B, and D."
58136,A major,95,"The chord sequence prominently features A major, B minor, C# minor, and E major, which correspond to the I, ii, iii, and V chords in the key of A major. The frequent cycling between the tonic (A major) and the dominant (E major) further confirms this tonality."
58138,C major,95,"The chord progression is composed almost entirely of C major, F major, E minor, G major, and A minor, which are all diatonic to the C major scale. The frequent return to C major as a tonal center makes C major the clear tonic key."
58139,B major,90,"The chord sequence is dominated by a B major chord, which acts as the tonic. The recurring Ab minor and Ab major chords are likely enharmonic equivalents for G# minor (the vi chord) and potentially a chromatic inflection. The chroma activations are highly consistent with the B major scale, showing significant prominence of B, A#, F#, G#, and D#."
58140,F# major,95,"The chord sequence consistently rotates through the I (F# major), IV (B major), and V (C# major) chords, with an occasional vi (Eb minor) chord. These chords, along with the chroma activations identifying F#, C#, and B as the most prominent tones, strongly point to F# major."
58204,A minor,85,"The chord progression is dominated by A minor, with E major functioning as a dominant resolving to A minor. Despite the occasional non-diatonic Ab major and A major chords, the harmonic center consistently returns to A, which is further supported by the high chroma activation for A."
58207,C minor,95,"The chord sequence is dominated by C minor, G minor, F major, and Eb major, which are all diatonic chords within the C minor key area (specifically C natural minor or C Dorian). C minor acts as the clear tonic throughout the piece."
58210,E minor,85,"The chord sequence revolves around E minor, featuring characteristic progressions such as C major-D major-E minor (VI-VII-i) and E minor-F major (i-bII). The emphasis on E minor at the end of the sequence reinforces it as the tonal center."
58215,B major,90,"The chord sequence follows a persistent cycle of fifths (Ab-C#-F#-B), which functions as a series of secondary dominants (VI-II-V-I) leading to B. The chroma activations are consistent with this analysis, as they show high prominence for the notes G#, F#, C#, and B, all of which are key components of the B major scale."
58216,Bb major,95,"The chord sequence consists primarily of Bb major, G minor, Eb major, and F major, which are standard diatonic chords in the key of Bb major. This I-vi-IV-V progression is highly characteristic of the key, and the chroma activations, with a strong peak at Bb, support this conclusion."
58219,Ab major,95,"The chord sequence primarily revolves around Ab major and C# major, with occasional Bb minor chords, all of which are diatonic to the key of Ab major. The high chroma activation on G# (the enharmonic equivalent of the tonic Ab) further supports this conclusion."
58220,Bb major,95,"The song is dominated by a Bb major chord, which strongly points to Bb major as the tonic. The chroma data further supports this, with A# (enharmonic to Bb) being the most prominent pitch class."
58221,B minor,90,"The chord progression is dominated by B minor, G major, and A major, which is a classic i-VI-VII progression in B minor. The consistent repetition of this pattern, alongside the use of D major and C# minor, strongly supports B minor as the tonic."
58237,C# major,85,"The chord sequence is dominated by C# major, Ab major, F# major, and B major, which are consistent with the C# major scale (using I, IV, V, and bVII chords common in popular music). C# major functions as the primary tonic throughout the progression."
58273,B minor,60,"Although the majority of the chord sequence is marked as 'N', the concluding B minor and G major chords point to a B minor tonality. This is reinforced by the chroma distribution, which shows notable activity on the notes B, D, F#, and G."
58274,E minor,95,"The chord progression consistently features E minor, F# minor, G major, A major, and B minor, which strongly indicates E minor as the tonic. Additionally, the chroma activations show high values for E, F#, G, A, and B, which are highly consistent with the E minor scale."
58275,B major,90,"The chord sequence is dominated by B major, which acts as the tonic throughout the passage. Additional chords like E major (IV) and F# major (V) are strongly consistent with a B major tonality, and the chroma data shows a clear peak at B."
58276,D major,90,"The chord sequence is heavily centered around the D, G, and A chords, which function as the I, IV, and V chords in the key of D major. The frequent repetition of D:maj and the alignment of the chroma activations strongly confirm D major as the key."
58278,A minor,90,"The progression frequently features A minor, F major, C major, and G major, which are all characteristic of the A minor scale. The inclusion of the E major chord acts as a strong dominant, confirming A minor as the tonic."
58288,C major,90,"The chord sequence is dominated by chords diatonic to C major, including C major, A minor, D minor, and F major. The chroma activations support this conclusion with strong peaks at C, B, and A."
58290,D major,90,"The chord sequence consists primarily of chords diatonic to the D major scale, including D major, E minor, F# minor, G major, A major, and B minor. The frequent occurrence of D major and G major strongly suggests D major as the tonal center."
58292,C major,95,"The chord sequence consists primarily of C, F, and G major chords, which are the I, IV, and V chords in the key of C major. This harmonic structure is supported by the chroma profile, which shows strong activations for C and G."
58293,C major,95,"The chord sequence is heavily anchored in the C major scale, predominantly featuring the C major chord along with diatonic chords like F major, D minor, G major, and A minor. This progression provides a clear functional harmonic movement characteristic of the key of C major."
58294,A major,90,"The chord sequence prominently features A major, D major, E major, and B minor chords, which function as the I, IV, V, and ii chords respectively in the key of A major."
58295,D major,75,"The chord sequence contains D major and F# major, which are part of the D major scale. The chroma activations reinforce this with strong peaks in D, A, and C#, all of which are diatonic to D major."
58296,C major,60,"While the chord recognition model identifies a long segment of C#:min, the subsequent chord progression clearly follows functional patterns typical of C major, involving C major, D minor, and F major chords. The chroma activations are also consistent with the key of C major, suggesting the initial C#:min is likely an error or a temporary shift that does not represent the overall key."
58297,D major,95,"The chord sequence is heavily centered around the D major triad, with G major functioning as a subdominant, which strongly establishes D major as the tonic. The harmonic movement is simple and clearly supports D major throughout."
58303,G major,90,"The chord progression is dominated by G major, C major, and D major, which function as the I, IV, and V chords in the key of G major. This harmonic structure is strongly indicative of G major, and the chroma profile provides additional support for this analysis."
58304,D minor,85,"The chord sequence begins with a very long duration of D minor, establishing it as the clear tonic. The subsequent progression, alternating between chords like F major, C major, and Bb major, remains diatonic to the D minor scale, supporting D minor as the home key."
58307,G minor,95,"The chord sequence consists primarily of G minor, Eb major, C minor, and Bb major, all of which are diatonic to the G minor scale. The chroma activations show significant presence of G, C, Eb, and D, which reinforces G minor as the tonic."
58308,F major,75,"The chord progression alternates between F major and C major, which function as the tonic and dominant in the key of F major. Given the longer total duration of F major chords and the fact that the sequence concludes with F major, it is the most likely tonic."
58309,G major,95,"The chord sequence is composed almost entirely of G, C, D, and E minor chords, which are all diatonic to the key of G major. The prominence of the G major chord and the distribution of the chroma activations strongly support G major as the tonic."
58310,G minor,90,"The chord sequence is dominated by G minor, C minor, and D major, which are the fundamental chords in the key of G minor. The high chroma activations for G and D further support G minor as the tonal center."
58312,G major,95,"The chord sequence primarily utilizes G, Am, Bm, C, D, and Em, which are all diatonic chords in the key of G major. The recurring progression of IV-V-iii (C-D-Bm) and the tonicization of G confirm G major as the key."
58315,G minor,60,"The song begins with a clear G minor progression (Gmin7 to D7), which establishes the tonic. Although the progression becomes chromatic later with various dominant chords, G minor remains the most plausible tonal center."
58316,Eb minor,95,"The chord sequence is heavily dominated by Eb:min7 and Eb:min chords. Additionally, the chroma profile shows significant activations for D# (enharmonic to Eb) and A# (enharmonic to Bb), further supporting the conclusion of Eb minor."
58337,C# major,95,"The chord sequence is dominated by the I, IV, and V chords in the key of C# major (C# major, F# major, and Ab major), along with the vi chord (Bb minor). The chroma profile also shows high activations for C#, F#, and G#, which strongly support the key of C# major."
58339,C major,95,"The chord progression consistently oscillates between C major and F major, which corresponds to the I and IV chords in the key of C major. The chroma data is also heavily weighted toward C, reinforcing the choice of C as the tonic."
58340,B minor,90,"The chord progression is dominated by an oscillation between B minor and E minor chords, frequently incorporating D major and A major, which strongly indicates a tonal center of B minor. The chroma activations for D, F#, and E provide additional support for this B minor harmonic context."
58374,A major,95,"The chord sequence consists primarily of A major, C# minor, F# minor, and E major chords, all of which are diatonic to the A major scale. The chroma activations are also consistent with this, with high values for C#, E, and A, confirming the A major tonality."
58384,A major,95,"The chord progression frequently alternates between A major and C# minor, which are the I and iii chords in the key of A major. The inclusion of F# minor (vi) and E major (V) further confirms this, and the chroma activations are consistent with this tonal center."
58410,Ab major,95,"The chord sequence consists primarily of Ab major, C# major (which is enharmonically Db major), and Eb major, effectively establishing a standard I-IV-V progression in the key of Ab major. The chroma data also shows a high concentration of the G# (Ab) pitch class, strongly reinforcing the tonal center of Ab."
58412,Eb minor,90,"The chord sequence consists primarily of Eb minor, C# major, Ab major, and F# major, which are all characteristic chords within the Eb minor scale (the relative minor of F# major). The frequent repetition of the Eb minor chord throughout the sequence, particularly as an anchor in the latter half, strongly indicates that Eb minor is the tonic."
58462,E major,95,"The chord sequence is dominated by E major, A major, and B major, which represent the I, IV, and V chords in the key of E major. While there are brief occurrences of D major and C# major, the overall tonal center remains clearly rooted in E major, which is further supported by the high chroma activations for E and B."
58463,F# minor,95,"The chord sequence is heavily dominated by F# minor, with a brief B minor 7 chord that functions as a iv chord. The chroma profile reinforces this, with high peaks on F#, G#, A, and C#, which are the core notes of the F# minor scale."
58505,C major,85,"The chord sequence primarily oscillates between C major and E major. Since C major is the more frequent and stable chord, it is identified as the tonic, while E major acts as a chromatic mediant."
58507,G minor,95,"The chord progression is centered around G minor, featuring frequent use of G minor, Bb major, Eb major, and D minor, which are all diatonic to the G minor key. The chroma activations further support this, with high values for G, Bb, and D, confirming the G minor tonic and key signature."
58517,Bb minor,85,"The chord progression features recurring Bb minor, F minor, and C# major (enharmonically Db major) chords, which align with the i, v, and III chords of the Bb minor scale. Although the chord recognition labels C# major and there is an isolated F# major, the harmonic movement consistently revolves around a Bb minor tonic."
58604,C major,95,"The chord sequence repeatedly features the progression I-IV-ii-V (C major, F major, D minor, G dominant), which is the standard harmonic structure for C major. The usage of an F minor chord near the end is a common chromatic embellishment (the 'minor iv') often found in C major compositions."
59068,C major,80,"The chord sequence is heavily dominated by the C:7 chord, which functions as a blues-style tonic. The chroma activations reinforce this with strong activity in C, A#, and B, consistent with the notes of a C7 chord."
59173,C# major,95,"The chord progression prominently features C# major (I), F# major (IV), Eb minor (ii), Ab major (V), and Bb minor (vi), which are all functional chords within the key of C# major. The frequent use of these chords confirms C# major as the tonal center."
59176,B minor,85,"The harmony is strongly centered on B, with a progression frequently utilizing chords such as B minor, A major, G major, and F# major, which are all diatonic to the B minor scale. While the frequent use of B major chords introduces some ambiguity, the overall harmonic movement and the prominence of B minor chords point to B minor as the most suitable key."
59190,C major,95,"The chord sequence consists entirely of C major, D minor, and F major chords, which are all diatonic to the key of C major. The consistent return to C major as the primary harmonic center indicates it is the tonic."
59198,E minor,75,"The chord sequence consists almost entirely of alternating F major and E minor chords, which is a characteristic Phrygian modal progression. In this context, E minor serves as the tonic, despite the frequent presence of the F major chord."
59250,E minor,90,"The chord sequence uses common chords from the E minor scale (Em, G, Bm, D, Am) and consistently avoids the C major chord, which would be expected in the relative key of G major. The prominence of E minor and the high D# chroma activation, which serves as the leading tone in the E harmonic minor scale, strongly suggest E minor as the key."
59251,Eb major,90,"The chord sequence heavily features chords from the Eb major scale, including the tonic (Eb major), the IV chord (Ab major), the V chord (Bb major), the ii chord (F minor), and the vi chord (C minor). This functional harmonic progression strongly points to Eb major as the key."
59252,E minor,85,"The chord sequence repeatedly centers around E minor, featuring standard diatonic chords such as C, D, G, and E minor. The inclusion of the F major chord is consistent with E minor, often providing a Phrygian modal flavor in that key."
59284,Ab major,95,"The chord sequence consists primarily of Ab major, Eb major, F minor, and C# major (acting as the subdominant Db major), which are all functional chords within the key of Ab major. The chroma activations support this, with prominent peaks at G#/Ab and D#/Eb, which are key notes of the Ab major scale."
59286,D minor,95,"The chord progression consistently revolves around D minor, utilizing the i (D minor), VI (Bb major), and both the v (A minor) and V (A major) chords. This harmonic structure is characteristic of D minor, and the chroma activations strongly support D as the tonic, with significant energy at A (the dominant) and Bb."
59291,A minor,90,"The chord progression frequently oscillates between A minor and C major, with the sequence consistently returning to A minor. The chroma profile reinforces this with strong activations for A, C, and E, making A minor the most likely tonic."
59293,C major,95,"The chord sequence relies heavily on C major, A minor, F major, and G major, which are all diatonic chords within the key of C major. The frequent repetition of the I-V-vi progression (C-G-Am) strongly establishes C as the tonic."
59294,B minor,95,"The chord progression is centered around B minor, utilizing G major (VI) and F# minor (v) which are common in the key of B minor. The chroma activations strongly support this with high peaks at B, D, and F#, the notes of the tonic triad."
59375,C major,95,"The chord sequence consists almost entirely of C major, G major, and A minor, which are the I, V, and vi chords in the key of C major. The prevalence of these diatonic chords and the strong chroma activations for C and G confirm C major as the key."
59542,D minor,95,"The chord sequence consists primarily of repetitions between D minor and G7, both of which are diatonic to the D minor scale. The high chroma activations for D, F, and A further reinforce the D minor tonality."
59543,C# major,85,"The chord progression frequently cycles between C# major and F minor, which are both diatonic to the C# major scale. The prominence of F and G# in the chroma data strongly supports a harmonic context centered around C# major."
59544,C major,95,"The chord progression is primarily based on the sequence C-G-Am, which is a classic I-V-vi progression in C major. The later addition of F major (the IV chord) further confirms the key of C major as it follows the common I-V-vi-IV pop progression."
59545,Eb major,95,"The chord sequence consistently features Ab major, G minor, F minor7, and Eb major7, which are functional chords in the Eb major scale (IV, iii, ii, I). The chroma activations also prominently display the notes Eb, G, Ab, Bb, and D, which are all found within the Eb major scale."
59546,D major,95,"The chord sequence alternates between chords diatonic to D major, such as D major, G major, F# minor, and B minor. This harmonic content is strongly supported by the chroma activations, which show significant peaks at D, F#, and G, consistent with a D major tonal center."
59552,Bb minor,95,"The chord progression frequently centers on Bb minor and utilizes chords common to the Bb minor scale such as Gb major (spelled as F# major), Ab major, and Eb minor. The chroma activations strongly support this with a dominant peak at A# (Bb) and significant activation for G# (Ab) and F# (Gb), consistent with the Bb minor key."
59554,D minor,85,"The chord sequence primarily oscillates between D minor and C major chords throughout the track. Given the prominence of the D minor chord and the high chroma activation for D, the key is identified as D minor."
59555,C major,50,"Since the chord sequence provided no usable information, the key was inferred from the chroma activations. The strong presence of C, D, and B suggests a C major tonality."
59559,E major,95,"The harmonic progression is clearly built on the chords A major, B major, and E major, which correspond to the IV, V, and I chords in the key of E major. The chroma activations further support this, with strong prominence on E, A, B, and F#, which are all notes within the E major scale."
59595,C major,85,"The chord sequence relies heavily on oscillations between F major and G major, which function as the IV and V chords in the key of C major. The appearance of A minor (the vi chord) and the chroma activations, which are centered on the notes of the C major scale, provide strong evidence for C major as the tonal center."
59608,D major,85,"The chord sequence is dominated by D, A, and G, which represent the I, V, and IV chords in the key of D major. The presence of the C major chord as a bVII is common in rock and popular music compositions in this key."
59613,F minor,75,"The chord sequence is heavily centered around F:min, which appears frequently and for significant durations. The harmonic progression, including C:min (acting as a v chord) and Bb:min/Bb:maj, supports F minor as the tonal center."
59614,E minor,85,"The harmony is strongly centered around E, with frequent E minor and E major chords. The presence of A minor, G, D, C, and F chords fits well within the context of E minor (and E harmonic minor), and the chroma activations show a significant focus on E as the tonic."
59630,A minor,95,"The chord sequence consists primarily of A minor and G major chords, which is a classic i-VII progression in the key of A minor. This is supported by the chroma profile, which highlights the notes A, C, E, and G, all of which are essential to the A minor scale."
59631,C major,75,"The harmony centers strongly on C, with frequent appearances of C major, C minor, and C sus4 chords, as well as common related chords like F major and G major/minor. The prevalence of modal interchange (mixing major and minor qualities) makes the mode somewhat ambiguous, but the strong pull to C suggests C major as the most suitable key."
59633,F# minor,95,"The chord progression frequently cycles between F# minor, E major, and A major, which correspond to the i, VII, and III chords in the key of F# minor. The frequency and placement of these chords strongly point towards F# minor as the tonal center."
59634,A minor,95,"The chord sequence consists almost entirely of A minor and A minor 7, which strongly identifies the key as A minor. The chroma activations are also heavily focused on A, with C and E being prominent, which are the other notes of the A minor triad."
59635,E minor,95,"The chord sequence is dominated by E minor and E minor 7 chords throughout, establishing E as the clear tonal center. The chroma analysis strongly corroborates this, with high activations for E and B."
59915,C minor,40,"The chord sequence features a prominent C minor chord that is supported by a chroma profile with high activations for C, D#, and G, which are the primary notes of the C minor triad. The remaining chords, including the oscillating Ab minor and F# major, suggest a complex or non-traditional harmonic structure, but C minor remains the most plausible tonal center despite the high proportion of unidentified chords."
59982,Bb minor,85,"The chord sequence consistently revolves around Bb minor, which is the most frequent chord and acts as the tonal center. While there are appearances of Eb major, they function within the context of Bb minor, and the chroma activation for A#/Bb strongly supports this tonic."
59985,C# major,95,"The chord progression is heavily dominated by C# major, supported by functional harmony involving the dominant (Ab major) and subdominant (F# major) chords. The chroma data further reinforces this analysis with strong activations for the tonic and dominant notes."
60154,A minor,95,"The chord progression is centered on A minor, utilizing primary chords such as A minor, F major, E7, and D minor. The frequent resolution to A minor and the chroma distribution, which highlights notes belonging to the A natural or harmonic minor scales, strongly support this key."
60158,D major,85,"The chord progression is constructed using chords from the D major scale, including G major, B minor, E minor, A major, and D major. While the early part of the sequence emphasizes B minor, the harmonic movement towards the end, specifically the resolution to D major chords, strongly suggests D major as the tonic."
60255,F major,75,"The harmony is centered around F, with frequent F major chords throughout the progression. While there is a significant presence of F minor and Bb minor chords, these can be explained as modal mixture or borrowed chords within the F major tonality, supported by a chroma profile that emphasizes F, C, E, and Bb."
60277,C# major,95,"The chord progression is centered on C#:maj, with frequent usage of Ab:7 (the V chord) and F#:maj (the IV chord), confirming C# major as the tonic. The chroma activations are also strongly aligned with the notes of the C# major scale."
60353,C# major,95,"The chord progression is dominated by the C# major, F# major, and Ab major chords, which are the I, IV, and V chords in the key of C# major. The chroma activations show strong peaks at C# and G#, reinforcing C# as the tonic."
60355,B major,75,"The chord sequence initially suggests a progression in C major or G major, but the song modulates to B major, which is established by the final section using a clear B-E-F#-Abm (I-IV-V-vi) progression that centers on B major."
60356,G major,85,"The chord sequence is strongly grounded in G major, characterized by frequent returns to G and D major chords throughout the song. The chroma activations are also highly consistent with the G major scale, showing significant prominence for the notes G, D, and A."
60357,A major,95,"The chord sequence consists primarily of A, E, D, F#m, and Bm, all of which are diatonic chords within the key of A major. This harmonic structure is highly consistent with the A major scale and points strongly to A as the tonic."
60358,D major,95,"The chord progression relies heavily on G, D, A, and E minor chords, which are the IV, I, V, and ii chords in the key of D major. This harmonic structure is strongly supported by the chroma activations, which show significant levels for notes belonging to the D major scale."
60360,D major,90,"The chord sequence consists entirely of chords found in the D major scale, including G, A, F# minor, B minor, D, and E minor. The progression frequently utilizes IV-V-vi (G-A-Bm) and ends with a ii-V (Em-A) cadence, which strongly suggests a tonal center of D major."
60362,C major,85,"The chord sequence follows a clear descending circle-of-fifths pattern (A-D-G-C-F), which is a common progression in C major. In this context, the A major chord functions as a secondary dominant (V/ii) that resolves into the subsequent ii-V-I-IV progression, strongly establishing C major as the key."
60363,C major,90,"The chord sequence contains clear functional progressions such as ii-V-iii-vi (Dm7-G-Em7-Am7), which are characteristic of the C major scale. The frequent use of the C major chord and high chroma activations for C further support C major as the tonal center."
60842,E minor,85,"The chord sequence heavily emphasizes E, with E minor being the most frequent chord. While there is usage of E major and various other chords like B major, F# minor, and A major, these fit well within an E minor or E Dorian context. The chroma activations, which show strong E, B, and F# peaks, further support E as the tonic."
60919,E major,95,"The chord progression primarily uses E major, A major, and B major, which are the I, IV, and V chords in the key of E major. The inclusion of an A minor chord acts as a borrowed minor iv chord, which typically resolves back to the I chord, further confirming E major as the tonic."
60920,E major,85,"The chord sequence consistently returns to E major and concludes with a clear E major cadence. While there is a recurring section using G# minor (enharmonically labeled as Ab minor) and its dominant, E major serves as the overall tonal center."
60921,C major,90,"The chord sequence heavily features C major, F major, A minor, and G major, which are all diatonic to C major. The E major chord acts as a secondary dominant leading to A minor, while the overall resolution points to C major as the tonic. The chroma activation reinforces this with C as the strongest note."
60922,E minor,85,"The chord sequence centers on E minor, with the G major and C major chords being common to the E minor scale. This is further supported by the chroma activations, which show strong peaks at E, G, and B, the notes comprising an E minor triad."
60923,E major,95,"The chord progression is primarily E major, Ab major (G# major), C# minor, A major, and B major, which is a classic I-III-vi-IV-V sequence in the key of E major. The chroma activations reinforce this analysis by highlighting the notes G#, A, and E, which are central to the E major scale."
60924,D minor,90,"The chord sequence begins with a strong, repetitive D minor and A major (dominant) relationship, which clearly establishes D minor as the tonic. The subsequent progression to F major and C major represents a standard move to the relative major, confirming the overall harmonic content is centered around the D minor key signature."
60925,F major,95,"The chord progression is dominated by F major, supplemented by its subdominant (Bb major) and dominant (C major) chords, which strongly define the key of F major. The high activation of the note F in the chroma vector further confirms this tonal center."
60926,C major,95,"The chord sequence heavily utilizes the progression C-E-Am-F-G, which is firmly grounded in C major, where the E major chord acts as a secondary dominant (V/vi) leading to the A minor chord. The presence of occasional chromatic chords like F minor is common within a major key, and the chroma activations are highly consistent with the notes of the C major scale."
60927,E major,85,"The chord sequence begins with a progression strongly indicative of E major (C#m, F#m, B, E). Although there is a shift to E minor and other chords near the end, the chroma activations show a stronger presence of notes consistent with E major (such as D# and G#) compared to E minor, confirming E major as the primary key."
60928,E minor,95,"The chord sequence heavily features alternating A minor and E minor chords, with B major and B7 chords functioning as the dominant (V) leading back to the tonic (i) of E minor. The chroma activations confirm this, showing high values for E, B, and the leading tone D#."
60969,F# minor,95,"The chord progression revolves around the relative major and minor pair, F# minor and A major, with F# minor serving as the primary tonal anchor. The chroma profile shows strong peaks at F#, A, and C#, which are key notes within the F# minor scale."
60971,D minor,90,"The chord sequence is heavily centered on D:min, with frequent occurrences of the dominant A:maj and related chords like F:maj and Bb:maj, which are consistent with the D minor scale. The chroma data also supports this with significant activations for D, E, F, and A."
60973,C major,85,"The chord sequence (C major to E minor to A minor) is a common I-iii-vi progression in the key of C major. While E minor is held for a significant duration, the overall harmonic movement and the emphasis on C major early in the sequence strongly support C major as the tonic."
60974,C minor,85,"The chord sequence is heavily anchored around C, with recurring patterns of C minor and Ab major (the VI chord in C minor). This indicates C minor is the tonal center, despite the initial C major section."
61394,D minor,95,"The chord progression consists almost entirely of D minor and D minor 7 chords, clearly establishing D as the tonic. The chroma activation confirms this, with the highest peak at D."
61480,B minor,95,"The chord progression is centered on B minor, with frequent use of G major (VI), D major (III), A major (VII), and F# major (V), which are typical for the key of B minor. The dominant F# major resolving back to B minor further reinforces this tonic."
61495,E minor,95,"The chord sequence consists primarily of E minor and D major chords, with some C major, which are all functional in the key of E minor (or its relative major, G). The chroma analysis also shows the highest activations for notes E, G, A, and D, which strongly supports E minor as the tonic."
61496,A minor,75,"The harmonic progression frequently centers on A minor, utilizing common progressions like A minor-G-C. The prominent use of E major as a secondary dominant to A minor, alongside Bb major acting as a chromatic or Neapolitan element, strongly supports A minor as the tonal center."
61497,A minor,95,"The chord sequence centers around A minor and utilizes a consistent progression of chords (A minor, G major, F major, C major, D minor, and E major) that are diatonic to the A minor scale. The chroma activations showing high prominence of A, G, and E further support the choice of A minor as the tonic."
61498,E major,85,"The chord sequence is heavily centered on E, with E major appearing most frequently as the primary tonic. While there are some chromatic elements like the C major and B minor chords, they often function as borrowed chords or modal inflections within the key of E."
61499,A minor,95,"The chord sequence is dominated by A:min and includes a repeating A:min - G:maj - F:maj - E:maj pattern, which is a classic progression in A minor. The presence of E:maj acts as the dominant, strongly supporting A as the tonic."
61501,C major,95,"The chord sequence is firmly grounded in C major, utilizing diatonic chords like C major, G major, F major, E minor, and D minor. The chroma activations confirm this, showing high intensity for the notes C, G, E, and B, which are all part of the C major scale."
61502,C minor,75,"The chord sequence consistently cycles through A minor, Ab major, G major, and C minor. The recurring emphasis on C minor, combined with chroma activations that highlight C, G, and G#/Ab, strongly suggests C minor as the tonal center despite the non-functional and chromatic nature of the progression."
61503,Bb major,95,"The chord sequence consists primarily of diatonic chords within the Bb major scale, specifically Bb (I), Cmin (ii), Gmin (vi), F (V), and Eb (IV). The progression repeatedly returns to the Bb major chord as the tonal center. The chroma activations are also strongly aligned with the notes of the Bb major scale."
61504,C major,85,"The song predominantly features a C major, F major, and G major chord progression, establishing C major as the clear tonic. Although the piece modulates to its relative minor (A minor) in the middle section, indicated by the D minor, A minor, and E major chords, the harmonic structure primarily centers on C major throughout."
61505,C major,95,"The chord progression is dominated by the I (C major), IV (F major), and V (G major) chords, which are the primary chords in the key of C major. The chroma activations are also highest for C and G, confirming C as the tonal center."
61507,C major,80,"The chord sequence consists primarily of Fmaj7, Am, and G, which are diatonic to C major. The recurring Cm chord introduces a chromatic Eb, which functions as a common modal interchange chord in a C major context, and the chroma profile supports a center of C major."
61509,F# major,95,"The harmony is dominated by the alternation between F# major and B major, functioning as the I and IV chords in the key of F# major. The presence of the Eb minor chord (the vi chord) and the strong F# chroma activation further confirm this tonal center."
61510,A minor,85,"The chord sequence centers heavily on A minor, evidenced by the frequent use of the E major chord as a dominant resolving to A minor. Additionally, the progression includes secondary dominants like B major, and the chroma activations include G#, which is characteristic of the A harmonic minor scale."
61512,B major,95,"The chord sequence relies heavily on B major and Eb minor (enharmonically D# minor), which are both diatonic to the B major scale. The presence of E major and F# major further supports a B major tonality, as these are the IV and V chords of the key."
61673,Eb major,95,"The chord progression exhibits a repeating ii-V-I-IV cycle (Fm-Bb-Eb-Ab) that is strongly indicative of the key of Eb major. The chroma activations align well with this harmonic content, reinforcing the tonic and dominant relationships within this key."
61679,D minor,90,"The chord sequence heavily emphasizes the D minor chord, which appears frequently throughout the progression. The other chords present, including Bb major, F major, G minor, and C major, are all diatonic to the D minor (or F major) scale, further supporting D minor as the tonal center."
61731,G minor,90,"The chord sequence is composed of Eb major, C minor, and G minor, which correspond to the VI, iv, and i chords in the key of G minor. The chroma activations show a significantly stronger presence of A natural compared to G# (Ab), which supports the natural sixth of the G minor scale rather than the diatonic Ab of Eb major."
61767,F minor,95,"The chord progression is dominated by the F minor chord for nearly the entire 60-second duration. Additionally, the chroma activations show a strong peak at F, which is consistent with the tonic of F minor."
61768,E minor,95,"The song consistently alternates between E minor and C major chords, which function as the i and VI chords in the key of E minor. The chroma activations further support this by showing prominent peaks at C and E."
61772,F minor,70,"The chroma activations strongly align with the F minor scale, including significant peaks for F, G, Ab, Bb, C, Db, and Eb. The F major chord can be interpreted as a Picardy third or a modal interchange common in the key of F minor."
61775,Eb major,95,"The chord sequence consists primarily of alternating Eb major and Ab major chords, which correspond to the I and IV chords in the key of Eb major. The chroma profile supports this, showing strong activations for Eb (D#) and Bb (A#), confirming the harmonic center."
61777,G major,95,"The chord progression is dominated by G major, with supporting chords like C, D, Bm, and Em, which are all diatonic to G major. The chroma profile also confirms this, showing high activations for G, D, B, and F#, consistent with the G major scale."
61782,G major,95,"The chord progression is clearly rooted in G major, frequently cycling between the tonic (G), dominant (D), subdominant (C), and submediant (Em) chords. These functional relationships are strong indicators of the key of G major."
61854,Eb major,95,"The chord sequence consists almost entirely of an oscillation between Eb major and Bb major, which are the I and V chords in the key of Eb major. The chroma activations further support this with significant peaks on Bb and Eb, consistent with the tonic and dominant of this key."
61863,D major,95,"The chord sequence is firmly grounded in D major, featuring standard primary chords (D, G, and A) along with a characteristic minor iv chord (G minor), which frequently resolves back to the tonic D major."
61890,F# major,95,"The chord progression consistently uses F# major, B major, and C# major, which function as the I, IV, and V chords in the key of F# major. The chroma profile supports this analysis with a dominant F# peak."
62042,F minor,90,"The chord F minor dominates the vast majority of the track, strongly establishing it as the tonic. This is further supported by the chroma analysis, which shows F as the most prominent pitch class."
62164,Bb major,90,"The chord sequence frequently alternates between Bb major and G minor, which are relative keys. The chroma profile, with strong activations for Bb, G, and D, confirms the harmonic center of Bb major."
62171,D minor,85,"The chord sequence consistently emphasizes D minor, which is the most frequent and persistent chord. The progression of Dm-C-G is characteristic of the D Dorian mode, and the chroma profile displays a strong peak at D, which confirms D minor as the tonal center."
62184,Ab major,95,"The chord sequence is dominated by alternating Ab major and Eb major chords, which are the I and V chords in the key of Ab major. The chroma profile further supports this with high activations for the tonic (Ab) and dominant (Eb) notes."
62188,D major,100,"The chord sequence consists entirely of D major, G major, and A major chords, representing the I-IV-V progression in the key of D major. The chroma activations strongly support this with D as the most prominent note."
62375,Ab major,95,"The chord sequence consists of Ab major, Db major (labelled as C#), Eb major, and F minor, which represent the I, IV, V, and vi chords of the Ab major key. The chroma activations are also consistent with this, showing strong peaks at C, F, and Eb, which are core notes within the Ab major scale."
62381,A major,90,"The chord sequence consisting of F# minor, D major, A major, and E major is a classic vi-IV-I-V progression in the key of A major. This functional harmony is strongly supported by the chroma activations, which show A as the most prominent note."
62418,D major,90,"The sequence is heavily dominated by D major chords, with a recurring progression of D, G, C, and F, which points towards a D Mixolydian influence within the key of D major. The chroma activations showing D and A as the most prominent notes further confirm D as the tonic."
62587,E major,95,"The chord sequence consists almost entirely of E major, making it the most likely tonic. The chroma data supports this with significant activations for the notes E and B, which are primary components of an E major chord."
62637,C minor,95,"The harmonic progression oscillates between the i (C minor) and VI (Ab major) chords, which are both native to the C minor scale. This choice is strongly reinforced by the chroma profile, which shows a significant peak on the tonic note C."
62640,C major,85,"The harmonic progression is clearly centered on C, with the frequent alternation between C and G suggesting a strong tonic-dominant relationship typical of C major. The consistent use of Abmaj7 functions effectively as a borrowed bVI chord, which is a common chromatic element in this key."
62641,C minor,95,"The chord sequence almost exclusively alternates between C minor and Ab major, which represent the i and VI chords in the key of C minor. The overwhelming duration of C minor, combined with the chroma activations emphasizing C and G, strongly establishes C minor as the key."
62642,E minor,95,"The chord sequence is dominated by E minor, which accounts for the majority of the duration. The presence of A minor and A major chords functions within the E minor context (likely borrowing the A major chord from the E Dorian mode), and the high chroma activations for E and B provide strong corroborating evidence for E minor."
62643,G minor,85,"The chord sequence primarily utilizes Eb major, F major, C minor, and G minor, which are all diatonic to the G minor scale. The presence of a D major chord and F# diminished chords—which often function as a dominant (D7/F#) in the key of G minor—further reinforces G minor as the tonic."
62645,E major,95,"The chord sequence consists primarily of E major and A major chords, establishing E as the tonic. The recurring use of an A minor chord (a borrowed minor iv chord) is common in the key of E major. The chroma activations strongly support this analysis, with high prominence for E, B, and A."
62647,C major,85,"The chord progression consists of Am, F, C, and G, which are the vi, IV, I, and V chords in the key of C major. The chroma activations further support this, with prominent weights on the notes C, E, and G."
62648,D minor,95,"The chord sequence consistently revolves around the D minor tonic, frequently using the VI chord (Bb major) and the dominant V chord (A major/minor), which are standard in the D minor harmonic context. The repeated sequences of Bb and A resolving to D minor provide a strong tonal center, and the chroma activations, particularly the prominence of A and A#/Bb, further reinforce this key assignment."
62665,A minor,85,"The harmonic progression is clearly anchored around A, with a high prevalence of A minor chords and a very strong A peak in the chroma activations. The presence of B minor, E major, and D minor chords supports the key of A minor, with the A major chords functioning as chromatic alterations."
62666,A minor,95,"The chord sequence is dominated by A minor, which appears for the vast majority of the duration, with a brief movement to the relative major, C major. The chroma profile supports this, with significant peaks for A, C, and E, the constituent notes of the A minor triad."
62667,D minor,85,"The chord sequence consists entirely of an oscillation between D minor and F major. Since D minor appears as the first and last chord, it is the most likely tonic."
62670,A minor,90,"The chord sequence is heavily dominated by A minor and A minor 7 chords, establishing A minor as the clear tonal center. The chroma activations show a very strong presence of A, which aligns with the harmonic analysis."
62673,B minor,95,"The chord progression consistently follows a i-VII-VI-V pattern (Bmin-Amaj-Gmaj-F#maj), which is a common sequence in B minor. The chroma activations, which are highest for A, E, F#, B, and C#, strongly align with the B minor scale."
62687,C minor,85,"The chord sequence is heavily dominated by C minor and C minor7 chords, which serve as a stable tonal center. The accompanying chords, such as Eb major, Bb major, and F major, are diatonic to the C natural minor scale, and the chroma activations are consistent with this tonal content."
62854,C minor,95,"The chord sequence is dominated by C minor and Eb major, which are relative keys. The frequent returns to and extended duration of the C minor chord indicate it as the tonal center."
62902,A major,95,"The chord sequence heavily features A major, D major, and E major, which form a standard I-IV-V progression in A major. The inclusion of F# minor and C# minor as secondary chords further confirms the key, and the chroma profile aligns with this, showing strong activations for the tonic A and dominant E."
62903,Bb major,95,"The chord progression is dominated by repeated cycles of Bb major, Eb major, and F major chords, which correspond to the I, IV, and V chords in the key of Bb major. The chroma profile reinforces this with prominent activations for Bb, D, and F."
62904,A major,95,"The chord sequence consists primarily of A:7 and D:7 chords, shifting into a clear A major - D major - E major progression. This functional harmony strongly points to A major, which is also supported by the high chroma activations for A, D, and E."
62905,C major,90,"The harmonic progression is clearly centered on C major, utilizing the tonic (C), dominant (G), subdominant (F), and submediant (Am) chords throughout most of the song. While the initial Bb major chord suggests a flat-VII progression commonly found in popular music, the overall harmonic movement consistently resolves to C major."
62906,Eb major,90,"The chord sequence is dominated by Eb major and Ab major, which strongly establishes Eb major as the tonic. While the D7 chords appear frequently, they function as chromatic embellishments within the progression, and the chroma activations show a clear peak at Eb (D#)."
62907,B major,90,"The chord sequence concludes with a clear series of cadences (F# to B, E to F# to B), which strongly establishes B major as the tonic. This analysis is supported by the chroma profile, which shows prominent activations for the tonic (B), the major third (D#), the subdominant (E), and the dominant (F#)."
62908,G major,95,"The chord progression consists almost entirely of G major, C major, and D major, which are the I, IV, and V chords in the key of G major. The chroma activations further support this, with G and D being the most prominent notes."
62909,D major,100,"The chord progression is composed almost entirely of D major, A major, B minor, and G major chords. These chords correspond to the I, V, vi, and IV diatonic chords in the key of D major."
62910,A major,95,"The chord sequence is dominated by A major, with frequent use of D major (the IV chord) and G major (the bVII chord), which is a very common progression in A major rock music. The chroma activations align well with the notes of the A major scale (A, B, C#, D, E, F#, G#), further supporting this conclusion."
62911,F major,90,"The chord progression is based on Fmaj7, E half-diminished 7th, C7, and Dmin, all of which fit comfortably within the F major scale. The high chroma values for F, A, C, and E further support F major as the tonal center."
63039,B major,95,"The chord sequence is dominated by B major chords, with E major functioning as the IV chord. This harmonic structure, combined with the high prominence of the B note in the chroma activations, strongly points to B major as the key."
63098,B major,85,"The chord sequence consistently cycles through B major, F# major, C# minor, and E major chords, which forms a clear I-V-ii-IV progression in the key of B major. The occasional G major chord acts as a chromatic embellishment that does not disrupt the overall harmonic center."
63147,C major,70,"The chord sequence is heavily anchored in C major, utilizing frequent I, IV, and vi chords (C major, F major, and A minor). Although there are several chromatic chords present that deviate from the key, the functional harmony suggests C major as the most likely tonal center."
63224,D minor,75,"The chord sequence prominently features D minor and Bb major, which are relative keys. The appearance of the A major chord, functioning as a dominant (V) in D minor, combined with the presence of E and C# in the chroma activations, points towards D minor as the tonic."
63227,A major,75,"The harmonic progression is clearly anchored around A, with D and G chords functioning as subdominant and subtonic chords respectively. The frequent alternation between A major and A minor suggests a modal or blues-influenced context, but A remains the consistent tonic."
63228,G major,95,"The chord sequence is dominated by G major, C major, and D major chords, which correspond to the I, IV, and V chords in the key of G major. This standard harmonic progression strongly indicates that the song is in the key of G major."
63229,G minor,90,"The chord sequence is dominated by G minor, alternating with C major, Bb major, and Eb major. This set of chords is highly consistent with the key of G minor (or G Dorian), where G acts as the tonic, and the other chords function as standard diatonic or modal substitutions within that key."
63260,E minor,95,"The chord sequence is dominated by E minor, with frequent oscillations between E minor and A minor and supporting chords like G major and D major, which are standard for the key of E minor. The chroma activations are also consistent with this tonal center, showing high values for E, G, A, and B."
63261,A minor,90,"The chord sequence is firmly rooted in A minor, evidenced by the frequent return to A minor as the tonic, supported by common harmonic elements like D major, C major, F major, and E major. The chroma profile further substantiates this, showing A as the dominant pitch center."
63263,E minor,95,"The chord sequence revolves around E minor as the primary tonic, utilizing chords such as C, A minor, D, G, F# minor, and B major that all function within the E minor scale. The chroma activations are consistent with this analysis, showing the highest activations at E, G, and B, which are the notes of the E minor triad."
63411,G major,90,"The chord sequence consists almost entirely of G major and G7 chords, which strongly suggests G major as the tonic. The chroma data further supports this by identifying G as the most active pitch class."
63464,C major,100,"The chord sequence is dominated by C major, with G major (V) and F major (IV) functioning as the primary supporting chords, which is characteristic of the key of C major. This is further supported by the chroma activations, which show strong peaks at C, E, and G."
63470,F major,85,"The chord progression is centered around F major, with frequent returns to the tonic (F:maj) and use of its related chords like D:min (vi) and Bb:maj (IV). The presence of G:maj and Eb:maj is consistent with common secondary dominants and modal mixture within the key of F major."
63477,G major,95,"The frequent alternation between G major and C major chords, along with the distinct progression of A minor, B minor, C major, and D major, strongly establishes the key of G major."
63481,F major,95,"The chord sequence consists of F major, C major, G minor, and Bb major, which correspond to the I, V, ii, and IV chords in the key of F major. The chroma activations further support this, with strong prominence of the tonic (F) and dominant (C) notes within the scale."
63732,C major,80,"The chord sequence consists of a repeating alternation between F major and C major, which corresponds to a IV-I harmonic progression in the key of C major. The prominence of the C chroma in the provided activations further supports C major as the tonic."
63734,Eb minor,90,"The chord sequence consistently revolves around Eb minor, F# major, and C# major. Given that Eb minor is the most frequently occurring and longest-duration chord in the sequence, it functions as the tonic of the progression, following a common i-III-VII harmonic pattern."
63752,Bb major,95,"The chord progression is centered around Bb major and Eb major, which are the I and IV chords of the key. The inclusion of an F minor chord is a common use of the minor iv, which is frequent in the key of Bb major."
63753,C major,100,"The chord sequence consists entirely of C major, F major, and G major chords, which are the I, IV, and V chords in the key of C major. The chroma activations also strongly support this, with the highest values corresponding to the notes C, E, G, and F."
63754,D minor,95,"The chord sequence Dm-C-Bb-A is a classic descending progression in D minor, with the A major chord functioning as the dominant (V) that leads back to the tonic D minor. This sequence strongly defines the harmonic center as D minor."
63757,C major,95,"The chord sequence is composed entirely of alternating C major and F major chords, which strongly suggests a I-IV progression in the key of C major. The chroma profile supports this, with C and F being the most prominent notes."
63758,E major,95,"The chord sequence is heavily centered on E major (I), A major (IV), and B major (V), which are the primary chords of the key. The presence of F# major is a common secondary dominant (V/V) in this context, and the chroma activations strongly align with this harmonic progression."
63762,C major,10,"The chord recognition data is entirely null, and the chroma activations are relatively balanced across all 12 notes, providing no clear tonal center. As a result, the key is highly ambiguous and effectively impossible to determine reliably; C major is selected as a default."
63768,Eb major,95,"The chord sequence primarily revolves around Abmaj7, Bb, and Ebmaj7, which function as the IV, V, and I chords in the key of Eb major. The inclusion of the Ebmin7 chord is a classic chromatic borrowing (minor iv) often used in this key to transition back to the tonic or other chords."
63769,C# major,95,"The chord sequence consists of an oscillation between C# major and F# major, which functions as a I-IV progression in the key of C# major. The chroma activations align with this analysis, showing significant weight on the tonic (C#) and the subdominant (F#), as well as F (the enharmonic equivalent of E#, the major third of the tonic)."
63770,A minor,85,"The chord sequence consists primarily of A minor, D major, and G major chords, which forms a classic Dorian progression often associated with A minor. The significant duration of the A minor chord throughout the song indicates that A serves as the tonal center."
63789,E major,95,"The chord sequence consists primarily of A major, E major, and B major, which correspond to the IV, I, and V chords in the key of E major. The chroma activations show strong peaks on B, E, A, and C#, all of which are diatonic to the E major scale, providing strong evidence for this key."
63929,C major,25,"The chord recognition model failed to identify any chords, so the analysis is based solely on chroma activations. The prominent C, E, and B activations are consistent with a C major tonality."
63934,C major,80,"The chord sequence consistently returns to C major, which also has the highest chroma activation and appears for the longest durations throughout the track. While there is chromatic activity featuring chords like E major and D major, C major remains the clear tonal center."
63965,A major,85,"The progression repeatedly centers on the A chord, with frequent use of the C, D, and G chords, which are characteristic of the A Mixolydian mode or blues-rock harmony. The chroma activations confirm this, showing high values for A, E, and related scale tones, with the alternation between A major and A minor common in this style."
63966,F major,60,"The track shifts between F-centered harmony and an Eb major cadence at the end. F major is identified as the key due to the frequent repetition of F major and C major chords, which dominate the middle section, supported by high activations of F and C in the chroma."
63968,D minor,75,"The chord sequence oscillates frequently between D chords (both minor and major) and F major chords. Given that D is the most prominent chroma and the D minor chord appears for a significant duration, D minor is the most plausible tonal center for this progression."
63969,C minor,95,"The chord sequence is heavily dominated by C minor, which appears most frequently and for the longest duration. The other chords present, such as Eb major, D minor, F major, and G minor, are all diatonic to the C minor scale, further supporting this conclusion."
63971,D minor,75,"The harmony is heavily centered around the note D, which is the most prominent pitch in the chroma vector and the root of both major and minor chords identified. Given that the longest chord segment is D minor and the chroma peak for F (the minor third) is higher than that for F# (the major third), D minor is the most likely key."
63979,B minor,95,"The chord progression is dominated by B minor and D major, which are relative keys. Given that B minor appears significantly more frequently and consistently as the anchoring chord throughout the sequence, it is the most likely tonic."
63998,E minor,95,"The chord sequence consists almost entirely of an E minor chord, which is strongly supported by the dominant E chroma activation, clearly establishing E minor as the key."
63999,E minor,90,"The chord sequence is dominated by E minor and E minor 7, establishing a clear tonic center. Supporting chords such as C major 7 and G7 are consistent with the E minor tonality (the relative minor of G major), and the chroma activations strongly favor the note E."
64005,D major,90,"The chord sequence frequently utilizes a D major, A major, B minor, and G major progression, which strongly establishes D major as the tonal center. While there are recurring non-diatonic chords like C major and F major, these appear to be common borrowed chords rather than a modulation, and the overall harmonic motion centers on D major."
64006,E minor,80,"The chord sequence is dominated by an alternating E minor and C major progression, which clearly establishes E minor as the primary tonal center. Although the latter part of the sequence modulates to A major, the E minor section persists for the majority of the 60-second duration."
64007,D minor,85,"The chord sequence primarily utilizes chords found within the D minor scale, such as D minor, E minor, F major, C major, and Bb major. The high chroma values for F and E, along with the progression's focus on D minor, particularly at the end, support D minor as the key."
64008,E minor,65,"E minor is the most frequently occurring chord and serves as a strong harmonic anchor throughout the sequence. Although there are chromatic elements like C# minor and F# minor, the chroma activations strongly support the key of E minor, with significant energy in E, G, and F#."
64041,Bb minor,95,"The chord sequence consists almost entirely of a Bb minor chord sustained for nearly the full duration. This is strongly supported by the chroma activations, which show the highest peak at A# (Bb)."
64044,A minor,85,"The progression is centered around A minor and F major, with C major and G major also appearing, all of which are diatonic to the A minor scale. While C major is the relative major and a strong candidate, the frequent return to A minor as a pivot point makes A minor the most likely tonic. The final A major chord likely serves as a secondary dominant or a modal inflection."
64046,A minor,95,"The chord progression relies heavily on chords found within the A minor scale, including A minor, D minor, F major, G major, E minor, and B diminished. The frequency and duration of the A minor chords indicate it is the tonic of the piece."
64158,F major,90,"The chord progression frequently centers on the F major chord, using other diatonic chords like Bb major, D minor, C major, and A minor. These chords strongly support an F major tonality, and the prominence of the F major chord throughout the sequence suggests it acts as the tonic."
64160,A minor,90,"The chord sequence is dominated by A minor, with C major and E minor appearing as supporting chords. These chords are all diatonic to the A minor scale, and the chroma activations, particularly the high values for A, C, and E, further reinforce this tonal center."
64161,C minor,85,"The chord sequence primarily consists of C minor and F minor, which strongly establishes a C minor tonality. The final chords (F major and C major) suggest a Picardy third resolution at the end of the analyzed segment, and the chroma profile, with strong C and G activity, reinforces C as the tonal center."
64162,C minor,95,"The chord sequence consists entirely of alternating C minor and Ab major7 chords, which is a standard i-VI progression in the key of C minor. The chroma activations align with this analysis, showing strong peaks at C, Eb, and G, which are the main notes in these chords."
64163,F# major,75,"The chord progression is dominated by F# major and Bb minor (enharmonically A# minor), which function as the I and iii chords in the key of F# major. The chroma profile, while noisy, shows a peak on C#, which is the perfect fifth of the F# major tonic."
64164,E minor,95,"The chord sequence consists almost exclusively of E minor chords throughout the excerpt, which strongly establishes E minor as the tonic. This is well-supported by the chroma activations which highlight notes found in the E minor scale."
64165,E major,95,"The chord sequence is dominated by Emaj7 and Amaj7, which form a strong I-IV progression in the key of E major. The presence of a B major chord, which functions as the dominant (V) in this key, further reinforces E as the tonic. The chroma activations show high peaks at E, G#, A, and D#, which are all notes found within the E major scale."
64167,A minor,95,"The harmonic sequence heavily relies on the A minor, E major, F major, and C major chords, which are all diatonic within the A minor key and frequently cycle between these functional relationships. Additionally, the prevalence of E and A in the chroma activations strongly supports A minor as the tonic."
64227,D major,95,"The chord sequence is almost exclusively D major, which provides strong evidence for the key being D major. The chroma activations further support this by showing a prominent D, identifying it as the likely tonic."
64238,C major,95,"The chord sequence consists primarily of C major, F major, G major, and A minor, which are all chords within the C major scale. The harmonic progression functions as a standard I-IV-V-vi sequence, strongly establishing C major as the tonic."
64255,E major,95,"The chord sequence heavily features E major, A major, and B major chords, which are the I, IV, and V chords in the key of E major. The frequent use of F# major is a common secondary dominant (II) in this key, confirming E major as the tonic."
64264,C major,95,"The chord sequence is dominated by C major and Cmaj7 chords, indicating C as the tonic. The chroma activations confirm this with significant presence of C and G."
64265,C minor,60,"The chord sequence predominantly consists of 'N' (unknown chords), but the presence of a clear C minor chord provides the only functional harmonic information. Given this, C minor is the most likely key."
64267,C major,95,"The chord sequence heavily features C major and A minor, which are the tonic and submediant chords of C major. The presence of a G7 to C resolution and the chroma activations, which align with the C major scale, strongly confirm C major as the key."
64270,C# major,90,"The harmony is strongly centered around C# major, which appears for the majority of the sequence. Supporting chords such as F# major and Bb minor are diatonic to the C# major scale, and the chroma profile aligns well with this key."
64275,A major,95,"The chord sequence heavily features the A, D, and E chords, which correspond to the I, IV, and V chords in the key of A major. The addition of the B major chord functions as a secondary dominant (V/V) in the key of A major, confirming the tonal center."
64361,D minor,95,"The chord sequence is heavily dominated by an alternating pattern of D minor and A major, which function respectively as the tonic and dominant chords in the key of D minor."
64362,G minor,90,"The harmonic progression is clearly centered around G minor, evidenced by the frequent use of G:min7 and its dominant chord, D:7. The inclusion of Bb:7, C:min7, and F:7 suggests a movement toward the relative major (Bb major), which is common in G minor compositions, but the primary tonal center remains firmly in G minor."
64363,G major,95,"The chord progression is dominated by G7 and features frequent circle-of-fifths secondary dominant chains (B7, E7, A7, D7, G7) that establish a clear tonal center of G. The final chord is G major, and the harmonic movement is characteristic of blues-influenced music in G."
64423,G major,95,"The chord sequence heavily features G major, C major, and A minor chords, which correspond to the I, IV, and ii chords in the key of G major. This consistent functional harmony strongly points to G major."
64576,F major,95,"The chord sequence consists primarily of chords diatonic to the F major scale, including F major (I), Bb major (IV), A minor (iii), D minor (vi), G minor (ii), and C major (V). The recurring use of F major as a point of rest and the strong chroma activations for F, A, and Bb further confirm F major as the tonic."
64592,D major,95,"The chord sequence frequently revolves around D major (I), A major (V), and E/G# (a secondary dominant or II chord), strongly establishing D major as the tonic. The chroma distribution also aligns with this, showing significant activations for the notes D, F#, A, and G#, which are central to the D major scale and the included harmonic progression."
64804,D minor,25,"Since no chord information was available, I relied on the chroma activations, which show prominent activity at D, A, A#, and C, which are strong indicators of the D minor scale."
64952,C major,70,"The chord sequence consists almost entirely of F major and F major 7 chords, but the chroma activations show a distinct prominence of C and E, which strongly points toward C major as the tonal center. In this context, the F major chords function as a prominent IV chord in C major."
64953,Bb major,85,"The chord sequence containing Bb major, Eb major, and F minor strongly suggests Bb major, with the F minor chord functioning as a common minor iv chord borrowed from the parallel minor. The chroma activations are dominated by F, Eb, and Bb, which are the main components of the Bb major key signature, further confirming this selection."
64954,C minor,85,"The chord progression frequently centers around C minor, utilizing common chords in that key such as F major (IV), Eb major (bIII), and G minor (v). The chroma profile also shows a strong emphasis on C, which consistently acts as the tonic throughout the sequence."
64955,F# major,100,"The chord progression consistently alternates between F# major and C# major, which represents a standard I-V progression in the key of F# major. The chroma activations are also consistent with this, showing significant strength for the tonic and dominant notes."
64956,C# major,85,"The chord sequence primarily revolves around C# major, F# major, and Bb minor (enharmonically A# minor), which correspond to the I, IV, and vi chords in the key of C# major. The prominent chroma activations of G# (Ab), A# (Bb), and C# are also consistent with this key signature."
64998,A major,85,"The chord sequence consists primarily of A major, E major, and C# minor chords, which are all diatonic to A Major. The frequent use of F# minor and the occurrences of C# major act as a secondary dominant to F# minor, further reinforcing A Major as the tonal center."
64999,D major,85,"The chord progression begins with D, A, and G major chords, establishing D major as the tonal center. Although there is a brief modulation or shift involving C and G chords, the return to a D-based sequence (D, A/C#, B, A) confirms the home key as D major."
65000,E minor,95,"The chord sequence is dominated by E minor, with frequent occurrences of C major and D major, which are common chords in the key of E minor. The consistent return to E minor, particularly in the latter half of the clip, combined with high activations for E and B in the chroma data, strongly indicates E minor as the tonal center."
65002,B major,95,"The chord sequence is dominated by B major and E major chords, which function as the I and IV chords in the key of B major. The presence of the Ab minor chord acts as the relative minor (vi chord), and the chroma activations strongly peak at B, D#, and A#, all of which are primary tones in the B major scale."
65038,G major,95,"The chord sequence consists primarily of G major, D major, E minor, and C major, which are all diatonic to the key of G major. The chroma profile supports this, showing significant activations for the notes G, D, and A, which are prominent in the G major scale."
65039,F# minor,95,"The chord sequence is dominated by an F#min7 chord for almost the entire duration, which strongly implies F# minor as the tonal center."
65089,C major,85,"The chord sequence is clearly centered around C major, utilizing its inversions and frequent G major chords, with E major appearing as a common secondary dominant. The chroma activations showing significant prominence of C, E, and B further support this tonal center."
65154,C major,95,"The song is dominated by a C major chord for almost the entire duration, and the chroma activations show strong peaks at C, E, and G, which are the notes of a C major triad."
65217,D minor,90,"The chord sequence is dominated by repeated alternations between D minor and G major, which is characteristic of the Dorian mode on D. The chroma profile further supports this, showing D as the strongest tonal center."
65220,C major,95,"The chord sequence is heavily centered on C major, utilizing chords like C, Am, F, and G, which are standard diatonic chords in the key of C major. The periodic appearance of the D major chord is a common non-diatonic inflection, but it does not disrupt the strong sense of C major established by the rest of the sequence and confirmed by the chroma activations."
65412,D major,85,"The chord progression consists predominantly of D major, A major, and B minor chords, which are all diatonic to the key of D major. The frequent use of these chords in standard patterns strongly indicates D major as the tonal center."
65416,D minor,90,"The chord progression is centered around D minor, utilizing A major as a dominant and G minor as a subdominant, which strongly points to D minor. The recurring patterns and the chroma analysis (strong A, D, and C# activations) reinforce this conclusion."
65417,A minor,95,"The chord sequence is heavily centered on A minor, utilizing D minor and E major chords to reinforce the key. The chroma activations further support this, with strong peaks at A and G#, which is characteristic of the harmonic minor scale in A minor."
65472,A minor,85,"The chord progression is dominated by the A minor chord, which accounts for the vast majority of the song's duration. The transition between A minor and E minor strongly reinforces A as the tonal center, and the chroma activations are consistent with the notes of the A minor scale."
65475,D major,90,"The chord sequence is dominated by the D major chord, which serves as the clear tonic. The alternating F major chord suggests modal interchange or a blues-influenced harmonic structure, but the structural prominence of D confirms it as the tonal center."
65605,C major,95,"The chord progression is dominated by C major, D minor, A minor, F major, and G major chords, which are all diatonic to the C major scale. The chroma activations also show significant peaks for notes belonging to the C major scale, further supporting this key."
65652,D major,95,"The chord progression is clearly rooted in D major, frequently utilizing primary chords like D major, G major, A major, and E minor. The presence of the C major chord is a common borrowing from the parallel minor or a bVII chord, often found in D major compositions. The sequence also concludes on the tonic, reinforcing D major as the key."
65656,D major,95,"The chord sequence primarily utilizes D major, G major, A major, and E minor, which are all standard diatonic chords in the key of D major. The periodic appearance of C major acts as a common modal interchange chord (bVII) often found in pop and rock music in D major. The chroma profile strongly aligns with the D major scale, showing prominent activations for D, F#, A, G, and B."
65657,G minor,85,"The chord progression frequently centers on G minor as the tonic, supported by its dominant (D major/D7) and subdominant (C minor) chords, which are strong indicators of the key of G minor. The chroma activations are also consistent with the notes of the G minor scale."
65658,D major,90,"The chord progression primarily uses G, D, A, and E minor chords, which are all diatonic to the D major scale (IV, I, V, and ii chords respectively). This harmonic structure is further supported by the chroma activations, which strongly emphasize D, F#, and A, the notes of the D major tonic triad."
65659,D major,95,"The chord sequence is dominated by D major, G major, and A major chords, which are the I, IV, and V chords in the key of D major. This is further supported by the chroma activations, which show strong values for the notes D, F#, G, A, and B, all of which are members of the D major scale."
65660,G major,85,"The chord sequence is predominantly rooted in the G major scale, frequently utilizing the I (G), IV (C), and V (D) chords along with the relative minor (E minor). Although the song concludes with a progression that emphasizes E minor, the structural harmonic foundation remains centered in G major throughout most of the provided chord progression."
65661,G minor,85,"The harmonic sequence prominently features G minor chords and the D major chord, which serves as the dominant in the key of G minor. The song also frequently oscillates between G minor and D chords, reinforcing G minor as the tonal center."
65662,D major,95,"The chord sequence consists primarily of diatonic chords from the D major scale, including I (D), IV (G), V (A), and ii (Em). The presence of the C major chord is a typical bVII, which is common in rock and pop music within the key of D major. The chroma activations show strong prominence of D, F#, and A, which further supports D major as the tonal center."
65663,G major,95,"The chord progression is dominated by G major, D major, C major, and E minor chords, which are the primary chords within the key of G major. The chroma profile reinforces this conclusion with strong activations for G, D, B, and F#."
65665,D major,95,"The chord sequence prominently features D major, G major, and A major, which function as the I, IV, and V chords in the key of D major. The inclusion of the E minor chord (the ii chord) further supports this, and the chroma activations are consistent with the D major scale."
65666,D major,80,"The chord sequence initially moves through chords common to G major, but the progression shifts towards D major, concluding with a clear A major to D major cadence. The presence of A major and the final D major tonic firmly establish D major as the tonal center."
65667,D minor,80,"The harmony frequently cycles through G minor, D major/minor, and A major chords, with a clear cadential resolution toward D minor at the end. The chroma data also shows high prominence for D, A, and G, supporting a D minor tonal center despite the occasional use of D major and chromatic chords like Eb7."
65668,G major,95,"The chord sequence relies heavily on G major, C major, D major, and E minor chords, which are the primary chords of the G major key. The frequent returns to the G chord and the standard I-V-vi-IV progressions strongly support G major as the tonic. The usage of A major chords functions as a secondary dominant (V of V) leading to the D chord, a common harmonic movement in G major."
65669,D major,95,"The chord sequence prominently features the I (D major), IV (G major), V (A major), vi (B minor), and ii (E minor) chords, which are all diatonic to the D major scale. The sequence repeatedly resolves to D major, and the chroma profile confirms this with high activations for the notes D, A, B, and F#."
65670,D major,85,"The chord sequence oscillates between G major and D major, but the frequent use of D major, A major, and A7 chords creating cadences toward D establishes D major as the primary tonal center. While the subdominant chord (G) and its relative (C) are prominent, the harmonic resolution strongly supports D major."
65671,D major,95,"The chord sequence heavily features the chords of the D major scale, including the tonic (D major), subdominant (G major), dominant (A major), and the relative minor (B minor). The chroma activations also show high concentrations on the notes of the D major scale (D, E, F#, G, A, B, C#), confirming the key."
65672,D major,95,"The chord progression is centered on D major, utilizing the tonic (D), subdominant (G), and dominant (A) chords frequently, with supporting ii (E minor) and vi (B minor) chords. The chroma profile further supports this, showing strong activations for the notes in the D major scale (D, E, F#, G, A, B)."
65673,G major,90,"The chord sequence relies heavily on G major, C major, D major, and E minor, which are the primary chords in the key of G major. The repeated A major chords act as secondary dominants (V/V) leading into D major, a common progression in this key. The chroma analysis corroborates this by showing high activations for D, B, and G, which are central to the G major and D major chords."
65674,G major,80,"The chord progression is clearly centered around G major, featuring functional chords such as G major (I), C major (IV), A minor (ii), E minor (vi), and D major (V). The frequent A major chords act as secondary dominants (V/V) that lead into D major, which is common in this harmonic context."
65676,D major,90,"The chord sequence consists primarily of chords diatonic to the key of D major, including G, A, D, and E minor. Functional progressions like V/V (E major) and V/vi (B7) leading to minor chords are common in this key, and the chroma profile shows strong activations for the scale degrees of D major."
65678,G major,95,"The chord sequence heavily features I, IV, and V chords in G major (G, C, D) alongside frequent uses of the relative minor (E minor) and secondary dominants (B7 leading to E minor, A/A7 leading to D). The chroma activations also strongly support this, with high peaks at G, B, D, and F#, which are the notes of the G major scale."
65682,G major,90,"The chord sequence oscillates between chords typical of G major (G, C, D, Em, Am) and D major. The progression concludes with an A-D-G cadence, which is a strong functional indicator of G major. The chroma profile confirms this, showing significant activations for G, B, D, and E, while the low activation of C# strongly supports G major over D major."
65683,A major,90,"The chord sequence heavily utilizes the chords A, F#m, D, and E, which correspond to the I, vi, IV, and V chords in the key of A major. The frequent recurrence and long duration of the A major chord throughout the sequence, along with the chroma activations emphasizing A, C#, and E, strongly confirm A major as the tonic."
65749,C minor,95,"The chord sequence is heavily dominated by a C minor chord for almost the entire duration. This is strongly reinforced by the chroma analysis, which shows the highest activations for C, G, and D#, corresponding to the root, perfect fifth, and minor third of the C minor triad."
65755,C major,95,"The chord sequence consists of repeated progressions using C major, A minor, G major, and F major chords, which are all diatonic to the C major scale. The strong harmonic evidence for C major is further supported by the chroma activations."
65781,F minor,90,"The chord sequence is dominated by F minor, Db major (C#:maj), Ab major, and Eb major, which are all chords characteristic of the F minor key. While there is a brief modulation to F# minor at the end of the sequence, the harmonic foundation for the majority of the song is clearly F minor."
65782,F minor,75,"The harmony frequently revolves around F minor, with the consistent appearance of closely related chords such as Ab major, Bb minor, and Db major (represented as C# major). The chroma activations strongly support this analysis, showing high peaks at F, G# (Ab), and C."
65783,Eb major,80,"The harmonic content, which includes chords such as Eb major, Bb major, Ab major, and C minor, is consistent with both C minor and its relative major, Eb major. Given the prominent use of the I-V-vi-IV progression typical of many pop songs, Eb major is the most likely tonic."
65787,C# minor,75,"The harmony centers on C# with frequent use of C# minor, F# minor, and B major chords, which are consistent with the key of C# minor. The chroma activations confirm the prominence of C# and G#, the tonic and dominant of C# minor."
65788,C minor,95,"The chord sequence consistently centers around C minor, supported by frequent occurrences of the dominant chord (G major) and the subdominant chord (F minor). The progression is characteristic of C natural minor, and the chroma activations are highly consistent with the notes of the C minor scale."
65789,F minor,85,"The chord sequence heavily features F minor, which is further supported by the use of C7 as a dominant chord and the prevalence of related chords like Eb major and Ab major. The chroma activations are consistent with the F minor scale, which shares a key signature with Ab major."
65791,Eb minor,95,"The chord sequence heavily features chords from the Eb minor scale, including Eb minor, F# major, Ab minor, B major, and C# major, with Eb minor serving as the clear tonal center. The chroma activations are also strongly centered on the notes of the Eb minor triad (Eb, Gb/F#, and Bb)."
65792,B minor,95,"The chord sequence is dominated by B minor, with frequent use of the v (F# minor), VI (G major), and III (D major) chords, all of which are diatonic to the key of B minor. The chroma activations also support this with high peaks at B and F#."
65793,C minor,40,"The chord sequence is highly chromatic and moves through several tonalities, frequently alternating between C minor, E minor, and Eb major. The chroma profile shows strong peaks at C, G, and Eb (D#), which supports C minor as the central tonic despite the lack of a clear diatonic progression."
65794,Ab minor,95,"The chord sequence repeatedly features Ab minor, F# major, E major, and Eb major, which are characteristic chords in the key of Ab minor. The frequent use of Eb major as a dominant chord resolving to Ab minor, combined with chroma activations that align with the Ab minor scale, confirms this key."
65796,F# minor,95,"The chord sequence consistently revolves around F# minor and its dominant chord, C# major, with common diatonic chords like A major and D major also appearing. Additionally, the high chroma activations for F#, G#, A, and C# are strong indicators of the F# minor key."
65872,D major,95,"The chord sequence relies heavily on D, G, A, Bm, and Em7, all of which are diatonic to D major. The recurring progression of Bm-G-D-A is a standard vi-IV-I-V progression in the key of D major, and the chroma activations strongly support this with D and A being prominent."
65874,E minor,95,"The chord sequence is dominated by E minor, which functions as the tonal center. The accompanying chords, including A minor, C major, D major, and G major, are all diatonic to the E minor scale, confirming E minor as the key."
65876,A minor,95,"The chord sequence consistently features A min7, E min7, F maj7, and D min7, all of which are diatonic to the A minor scale. The repeated emphasis on A min7 as a central chord strongly supports A minor as the tonic key."
65877,B minor,95,"The chord sequence consists primarily of B minor, G major, and E minor chords, all of which are diatonic to the B minor scale. B minor acts as a clear tonal center throughout the progression, and the high B activation in the chroma data further supports this key."
65878,E minor,85,"The chord sequence consists primarily of E minor, G major, and D major. These chords belong to the same key signature and frequently oscillate between each other, suggesting either E minor or its relative major, G major. Given the frequent emphasis on E minor as an anchor in the progression, E minor is the most likely tonic."
65879,D major,100,"The chord progression is dominated by D, A, and G major chords, which correspond to the I, V, and IV chords in the key of D major. The presence of the B minor chord as the vi chord further confirms this diatonic relationship."
65880,F major,95,"The chord sequence consists primarily of F, Bb, and C chords, which are the I, IV, and V chords in the key of F major. The chroma activations support this, with strong peaks on F and C, which are foundational notes in the F major scale."
65890,A minor,95,"The chord sequence consistently revolves around A minor, with prominent chords including A minor, D minor, E minor, and E major. These chords are diatonic to the A minor scale (using harmonic minor for the E major), and the chroma activations strongly support this by highlighting A and E."
65891,B minor,90,"The chord sequence is heavily centered around the B minor chord, which accounts for the majority of the duration. The frequent usage of A major and E major alongside B minor is a common progression that suggests B minor as the tonic."
65892,B minor,40,"The harmony frequently oscillates between pairs of minor chords separated by a minor third, specifically B minor/D minor and C# minor/E minor. Due to this lack of a stable tonic and frequent, non-diatonic shifts, the key is ambiguous, but B minor is selected as the most prominent tonic in the initial section."
65893,E minor,90,"The song consists of a repetitive alternation between E minor and A minor chords. The chroma profile confirms this with E, A, and B being the most prominent pitches, which strongly supports E minor as the tonic."
65991,C major,95,"The chord sequence is dominated by the I (C), IV (F), V (G), and ii (Dm) chords, which are the primary chords in the key of C major. The frequent resolution to C major and the use of the F minor chord (iv) as a subdominant minor common in C major further reinforce this key."
65992,C major,100,"The chord sequence consists entirely of diatonic chords within the C major scale, specifically using the tonic (C), subdominant (F), supertonic (D minor), and dominant (G/G7) chords. The frequency and arrangement of these chords strongly resolve to C major, which is also supported by the chroma activations."
65993,C major,80,"The chord sequence consists primarily of C major, D minor, A minor, and Bb major. The high frequency of the C major chord and the presence of the Bb major chord (characteristic of the Mixolydian mode) strongly point to C major as the tonic. The chroma distribution also supports the C major/Mixolydian harmonic content."
65994,C major,100,"The chord progression is a repetitive cycle of C, F, and G chords, which correspond to the I, IV, and V chords in the key of C major. The chroma activations are also heavily weighted toward the notes C, E, and G, confirming C major as the key."
65996,C major,95,"The chord progression is dominated by C major, D minor, and F major chords, which are all diatonic to the C major scale. The chroma data further supports this with significant activations for the notes C, D, E, and F."
66011,B minor,95,"The chord sequence is dominated by B minor chords with an F# minor chord, which is the v chord in B minor. The chroma activations show a very strong peak at B, further confirming B minor as the tonal center."
66049,F# major,95,"The chord progression is dominated by the F# major chord, which appears for the vast majority of the song. The presence of the B major (IV) and Eb minor (vi, enharmonic equivalent to D# minor) chords further supports F# major, and the chroma activations strongly peak at F#, C#, and A#, consistent with the F# major triad."
66050,F# major,95,"The chord progression frequently utilizes B major, F# major, Ab minor, and Eb minor, which are the IV, I, ii, and vi chords in the key of F# major. The chroma activations reinforce this with a strong emphasis on F# as the tonic."
66051,C# major,95,"The chord sequence cycles predominantly between C# major, F# major, and Ab major, which correspond to the I, IV, and V chords in the key of C# major. This is a very clear functional progression typical of this key."
66052,C# major,95,"The chord sequence heavily features C#, F#, Ab, and Bb minor, which correspond to the I, IV, V, and vi chords of the C# major scale. The chroma activations also support this, with high values for C# and G#/Ab, consistent with the tonic and dominant of C# major."
66053,Ab major,90,"The chord sequence frequently alternates between Ab major and Bb minor, which corresponds to the I and ii chords in the key of Ab major. This tonal center is strongly supported by the chroma activations, which show a clear peak at G# (the enharmonic equivalent of Ab)."
66054,Eb minor,90,"The chord sequence primarily revolves around Eb minor, Ab minor, Bb minor, and B major, which function well within the key of Eb minor (i, iv, v, VI). The frequent use of Eb minor and its related chords, along with strong chroma activations for F#, A#, and B, strongly support Eb minor as the tonic."
66056,F major,95,"The chord progression consistently features F major, G minor, C major, and Bb major, which are the I, ii, V, and IV chords in the key of F major. The chroma profile reinforces this with prominent F, C, and A activations, consistent with the F major scale."
66057,Eb major,95,"The chord sequence consists primarily of Eb major, Bb major, and Ab major, which are the I, V, and IV chords in the key of Eb major. The chroma activations further support this by showing strong peaks on Bb and Eb."
66073,C major,90,"The chord sequence consistently revolves around C major, utilizing diatonic chords such as A minor (vi) and F major (IV). While the Bb:maj7 is a non-diatonic bVII chord, it is a common harmonic feature in popular music that does not disrupt the strong tonal center established by the frequent C major tonic."
66074,A major,95,"The chord sequence relies heavily on A major, D major, B minor, and F# minor, all of which are diatonic to the A major scale. Given the frequent returns to the A major chord, it functions clearly as the tonal center."
66075,F major,95,"The chord progression is dominated by F major, Bb major, and C major chords, which clearly function as the I, IV, and V chords in the key of F major. The chroma profile reinforces this conclusion with strong activations for F and A# (enharmonic to Bb)."
66076,A minor,90,"The chord progression consistently features F major, G major, and A minor, which are compatible with both A minor and C major. Given that the A minor chord is frequently returned to and acts as the tonal center, A minor is the most likely key. The chroma activations, which show strong peaks at A and E, further support this conclusion."
66078,A major,65,"The song progresses through a series of modulations, passing through G major, Ab major, A major, and Bb major. A major serves as one of the more stable sections, and the chroma activations showing high values for A and E provide additional support for this key."
66081,B minor,95,"The chord progression frequently utilizes B minor, A major, F# minor, and G major, which are all diatonic to the B minor scale. The B minor chord acts as the primary harmonic center, and the chroma activations strongly support this with high values for B, F#, and A."
66082,A major,75,"The song modulates from an initial progression centered around G major and E minor to a key centered around A major and F# minor. The concluding sequence, featuring chords like F#m, E, and Bm, strongly establishes A major as the final tonal center."
66083,Bb major,95,"The chord sequence consistently revolves around Bb, Eb, Cmin, and F, which form the primary functional harmony of Bb major. Frequent ii-V-I progressions (Cmin7-F7-Bb) and the strong presence of dominant 7th chords are characteristic of jazz or blues in the key of Bb."
66084,G minor,85,"The chord sequence is dominated by G-rooted chords (G7 and Gmin7) along with C7 and D7, which establishes G as the clear tonal center. The mixture of major and minor thirds in the tonic chord is a hallmark of blues-influenced harmony, most commonly associated with G minor or G Dorian."
66086,C major,100,"The chord sequence heavily features the I-V-vi-IV progression consisting of C major, G major, A minor, and F major, which is a classic and definitive pattern for the key of C major."
66087,A minor,95,"The harmonic progression is dominated by the alternation between A minor (A:min7 and A:min) and E7 chords, which represent the i-V relationship in the key of A minor. This frequent cycle is a hallmark of the key, and the chroma activations, particularly the high values for A and E, provide further support."
66089,B minor,95,"The chord sequence predominantly features a progression of B minor (i), G major (VI), and F#7 (V7), which strongly indicates the key of B minor. The chroma activations with high values for B, F#, G, and A further corroborate this harmonic center."
66090,D major,85,"The chord sequence consists primarily of E minor, D major, A major, B minor, and G major, all of which are diatonic to the D major scale. The frequent recurrence of these chords and the ending on a D major chord strongly point to D major as the tonic."
66091,D minor,95,"The chord sequence heavily features a repeating pattern of D minor, C major, and A minor chords, which is characteristic of the D minor scale. The chroma activations further support this, with prominent peaks on D, A, and C, confirming D minor as the tonal center."
66093,D minor,95,"The chord sequence is heavily anchored by the D:min chord, frequently alternating with A:min, A:7, and G:min. This harmonic structure is consistent with the D minor key, and the chroma activations, showing strong peaks at D and A, further confirm this tonal center."
66094,E minor,95,"The chord progression predominantly features Em, A, G, and D, which is characteristic of an E Dorian mode. The chroma activations are consistent with this analysis, showing high peaks at E, B, D, and A, which support E minor as the tonic."
66095,B minor,95,"The chord sequence consistently relies on the progression of B minor, G major, and F#7, which represents the i-VI-V7 functional harmony in the key of B minor. The chroma activations support this analysis by showing prominent peaks on the notes B, A, F#, and G, all of which belong to the B natural minor scale."
66096,A minor,95,"The chord progression consistently features A minor, F major, and E major chords, which is a classic i-VI-V progression in the key of A minor. The chroma profile also confirms this, with a high activation for A, the tonic note."
66097,B minor,95,"The chord sequence is heavily centered around B minor, utilizing chords like G major, E minor, and A major which are consistent with the B minor scale. The chroma activations showing a strong B peak further support B minor as the tonic."
66098,C major,95,"The chord sequence consists almost entirely of an alternating progression between C major and F major, which corresponds to the I and IV chords in the key of C major. The chroma activations further support this, showing a very high concentration on C, which aligns with C major."
66099,B major,95,"The chord sequence is dominated by B major, E major, and F# major chords, which correspond to the I, IV, and V chords in the key of B major. The inclusion of C# minor and Eb minor also aligns well within this key, and the chroma activations strongly support B as the tonic with prominent peaks at B, E, and F#."
66100,F# minor,95,"The chord sequence consistently features F#:min, B:min, D:maj, and C#:7, which forms a clear i-iv-VI-V harmonic progression in the key of F# minor. The chroma activations are also concentrated on the notes F#, A, and C#, which are the primary notes of the F# minor triad."
66112,E major,95,"The chord sequence consists primarily of E, A, B, and C# minor chords, which are all diatonic to the E major scale. This is further supported by the chroma activations, which show the strongest peaks at E, B, C#, and D#, all notes found within the E major scale."
66113,F major,95,"The chord progression is primarily composed of F major, Bb major, and C major, which function as the I, IV, and V chords in F major. The occasional inclusion of D minor (the vi chord) and the chroma activations strongly support the key of F major."
66114,F major,95,"The chord progression is dominated by an alternation between F major (I) and Bb major (IV), with a D minor (vi) chord appearing toward the end. These are all diatonic chords in the key of F major, and the chroma analysis shows a strong emphasis on F, supporting this conclusion."
66130,D major,90,"The chord sequence consists almost entirely of a D major chord, which is the tonic of the D major scale. The chroma activations are consistent with this, featuring high peaks for D, F#, and A, which are the constituent notes of the D major triad."
66131,F# major,95,"The chord sequence consists entirely of alternating F# major and B major chords, which functions as a I-IV progression in the key of F# major. The chroma profile further supports this with strong activations for F#, B, and C#, all of which are primary tones in the F# major key."
66134,C major,95,"The chord sequence revolves around C major, F major, and G7 chords, which are the I, IV, and V chords in the key of C major. The chroma activations also strongly correlate with the C major scale, showing prominent C, E, and G notes."
66136,C major,95,"The chord progression is built almost entirely on chords diatonic to C major, including C, Dm, Em, F, and Am, frequently cycling through them. The chroma activations reinforce this with high prominence for C, D, E, and F, which are stable notes within the C major scale."
66137,C major,95,"The chord progression consists entirely of an oscillation between C major and F major (or F7), which is a clear I-IV relationship in the key of C major. This harmonic structure is highly characteristic of C major."
66138,C major,85,"The chord sequence consists of alternating F major and C major chords. The strong chroma activation for C, combined with the harmonic content, strongly supports C major as the tonal center."
66141,E minor,85,"The chord sequence is dominated by E minor and A minor chords, which function as i and iv chords respectively in the key of E minor. The frequent recurrence and longer duration of the E minor chord strongly indicate it is the tonic of the progression."
66142,G major,95,"The chord sequence consists entirely of alternating G major and D major chords, which forms a clear I-V progression in G major. This is strongly reinforced by the chroma profile, which highlights the tonic (G), dominant (D), and leading tone (F#)."
66143,G minor,90,"The chord sequence is dominated by G:min, Eb:maj, and Bb:maj, which are all characteristic chords in the G minor key. The frequent occurrences of G:min as the focal point, supported by the chroma activations with high values for D and G, strongly indicate that G minor is the tonic key."
66144,C major,95,"The chord sequence consistently oscillates between C major and F major, which are the I and IV chords in the key of C major. The chroma profile further supports this, showing strong activations for both C and F notes, which are the roots of these dominant chords."
66150,E major,65,"Despite a highly chromatic and non-functional chord progression, the repetition of E major and E7 chords combined with the prominence of E and B in the chroma activations strongly suggests E as the tonal center."
66177,C major,95,"The harmonic progression is clearly rooted in C major, featuring chords like C, F, G, Am, and Dm, which are all diatonic to the C major scale. The chroma activations further support this, with C and G being the most prominent notes."
66178,Eb major,95,"The chord progression alternates consistently between Eb major and Ab major, strongly suggesting a I-IV relationship in the key of Eb major. The chroma profile supports this conclusion, with the highest activations corresponding to the notes Eb, Bb, and Ab."
66179,A major,95,"The chord sequence is heavily anchored around the A major triad, with clear I-IV-V functionality using A, D, and E chords. The chroma activations further support this, showing strong peaks at A, E, C#, and G#, which are the core notes of the A major scale."
66180,A major,95,"The chord progression is dominated by chords that belong to the A major scale, including the tonic (A major), the subdominant (D major), the dominant (E major), and the relative minor (F# minor). The chroma activations for A, C#, and E are also prominent, providing strong evidence for A major as the key."
66182,Bb major,95,"The chord sequence heavily features the chords Bb major, Eb major, F major, G minor, and C minor, which are all diatonic to the key of Bb major. The frequent use of these chords and the ending on the tonic Bb major chord strongly indicate the key is Bb major."
66183,F major,95,"The chord sequence heavily features F major, Bb major, C major, and G minor, which correspond to the I, IV, V, and ii chords in the key of F major. The chroma activations are also consistent with this analysis, showing prominent peaks at F, C, A, and Bb."
66184,B major,95,"The chord sequence consists primarily of B major, F# major, and E major, which correspond to the I, V, and IV chords in the key of B major. The chroma activations strongly support this, with the highest peaks occurring at F#, B, and C#, all of which are diatonic to the B major scale."
66185,D minor,85,"The chord sequence consists of D minor, F major, C major, and Bb major, all of which are diatonic to the D minor scale. Given that D minor is the most frequent chord and the sequence often returns to it, D minor is the most likely tonic."
66186,F# major,95,"The chord sequence prominently features F# major (I), B major (IV), and C# major (V) chords, which are the primary triads of the F# major scale. The inclusion of Ab minor is likely an enharmonic spelling of G# minor, the relative minor chord (vi) in this key, and the chroma activations strongly support these pitches."
66187,C# major,95,"The chord sequence consistently features the chords C#, F#, Bb minor, and Ab, which correspond to the I, IV, vi, and V chords of the C# major scale (where Bb minor is the enharmonic equivalent of A# minor). This functional progression is strongly supported by the chroma activations, which show high peaks for C# and G#."
66188,C major,100,"The chord sequence is dominated by C major, with frequent use of the subdominant (F major) and dominant (G major or G sus4) chords, which strongly indicates a C major tonality. The chroma analysis corroborates this, showing high activations for C and G, which are key components of the C major triad."
66193,D major,95,"The chord sequence is dominated by a D major chord throughout the entire duration, which strongly establishes D major as the key. This is further supported by the chroma activations, which show D as the most prominent pitch, along with significant presence of the D major chord tones F# and A."
66201,G major,95,"The chord progression is dominated by G major, C major, and E minor, which are all diatonic chords in G major (I, IV, vi). The chroma activations strongly support this with prominent G, B, and D peaks, which constitute the tonic triad."
66303,C major,95,"The chord progression relies heavily on C major, F major, and A minor chords, which are all diatonic to the C major scale. The consistent return to C major as the tonic strongly indicates that C major is the key."
66314,F major,95,"The chord sequence consists primarily of F major, Bb major, and C major, which are the I, IV, and V chords in the key of F major. The occasional D minor chord serves as a standard vi chord within this progression, and the chroma activations strongly align with the notes of the F major scale."
66315,Bb major,95,"The chord sequence heavily features Bb major, Eb major, F major, and G minor, which are all diatonic chords in the key of Bb major. The chroma activations are also consistent with the Bb major scale, specifically highlighting F, Bb, and Eb."
66316,E major,95,"The chord sequence prominently features E, A, B, and C# minor, which are all diatonic chords in the key of E major. The chroma activations further support this, with E, B, A, and G# showing high values, consistent with the E major scale."
66317,F# major,100,"The chord progression is dominated by F# major (I), B major (IV), and C# major (V), with occasional Eb minor (vi) chords, which is a classic I-IV-V-vi progression in F# major. The chroma activations align perfectly with this, showing high values for F#, C#, and B."
66318,A major,95,"The harmonic progression is dominated by A major, D major, and E major chords, which correspond to the I, IV, and V chords in the key of A major. The chroma profile further supports this with a very strong peak at A and secondary peaks corresponding to notes within the A major scale."
66319,F# major,95,"The chord sequence consists of B major, F# major, C# major, and Eb minor, which represent the IV, I, V, and vi chords of the F# major scale. This progression is highly characteristic of the F# major key."
66320,G major,95,"The chord sequence consists primarily of G major, C major, D major, and E minor, which are all characteristic of the G major scale. The heavy emphasis on the G major chord throughout the duration and the chroma activations (highlighting G, D, and B) strongly support G major as the tonic."
66321,E major,100,"The chord progression is dominated by A major, B major (including B7 and Bsus4), and E major, which correspond directly to the IV, V, and I chords in the key of E major. This analysis is strongly supported by the chroma activations, which show high peaks for A, B, and E."
66322,B major,95,"The chord progression is built around the tonic (B major), subdominant (E major), and dominant (F# major) chords, which are central to the key of B major. The inclusion of the vi (Ab minor) and ii (C# minor) chords further supports this analysis, and the chroma activations show a strong prominence of B and F#."
66323,D major,100,"The chord sequence consists primarily of D major, G major, and A major, which correspond to the I, IV, and V chords in the key of D major. The inclusion of B minor serves as the vi chord, further confirming the key."
66324,G major,95,"The chord progression frequently uses G major (I), D major (V), E minor (vi), and C major (IV), which are all chords diatonic to the key of G major. The harmonic center and the frequent return to the G major chord strongly support this key."
66375,A minor,95,"The chord sequence is dominated by an A minor chord with an E major chord at the end, establishing a strong i-V progression. This is supported by the chroma activations, which show A and E as the most prominent notes."
66389,G major,80,"The chord sequence consists almost entirely of a G major chord, which strongly points to G major as the key. Despite some ambiguity in the chroma activations, the chord label is definitive."
66390,F major,95,"The chord sequence is heavily dominated by the F major chord, which functions as the tonic. The presence of the C major (V) and D minor (vi) chords further reinforces F major as the tonal center, which is also supported by the high chroma activations for F, A, and C."
66392,C major,90,"The chord progression prominently features C major, G major, A minor, and D minor, all of which are diatonic to the C major scale. The prevalence of C major as the tonal center strongly supports C major as the key."
66395,A minor,80,"The chord sequence relies heavily on A minor and G major chords, suggesting a tonal center of A minor. Although an A major chord appears at the end, the overall harmonic progression and the distribution of chroma activations—which highlight notes consistent with the A minor scale—strongly point to A minor as the most likely key."
66401,A major,75,"The chord progression is heavily centered on A major, which appears for the majority of the duration. The presence of chords like D major, G major, and F major is typical for rock music in the key of A major, often employing modal mixture."
66402,Bb major,90,"The chord progression is built around the tonic Bb major, the supertonic C minor, and the dominant F major, which are all functional chords in the key of Bb major. The periodic use of Ab major functions as a common bVII modal interchange, and the chroma activations are highly consistent with the Bb major scale."
66406,A major,95,"The chord sequence prominently features the A major, E major, D major, and C# minor chords, which are the I, V, IV, and vi chords in the key of A major. The frequent return to the A major chord as the tonal center further supports this conclusion."
66408,D major,95,"The chord sequence is heavily centered on D major, frequently using the I (D), IV (G), V (A), and vi (Bm) chords which are all diatonic to the D major scale. The prominence of D in the chroma activations further confirms D as the tonal center."
66409,G major,50,"The harmony is highly chromatic and non-functional, with frequent, unpredictable shifts between major chords like G, Ab, A, and F. G major is chosen as the key because it has the longest cumulative duration and corresponds with the most prominent peak in the chroma activations."
66414,B major,95,"The chord progression prominently features B, E, F#, G#m (written as Abm), and C#m, which correspond to the I, IV, V, vi, and ii chords of the B major scale. The chroma profile, showing significant activations at B, F#, and G#, strongly supports the tonal center of B major."
66415,E major,95,"The chord sequence centers around E major, utilizing a progression of E major, C# minor, B major, and A major, which are all diatonic to the E major scale. The chroma activations strongly support this analysis with high values for E and B, the tonic and dominant notes of the key."
66416,C major,85,"The chord sequence is dominated by an alternation between C major and E minor chords, and the clear G7 to C cadence indicates a resolution to C major. The chroma activations further support this by showing high values for C and E, which are core notes within the key of C major."
66417,C major,100,"The chord sequence is composed almost entirely of C major, F major, and G major chords, which correspond to the I, IV, and V chords in the key of C major. The high chroma activations for C, G, and F provide strong corroborating evidence for this tonal center."
66418,Bb major,100,"The chord sequence consists primarily of Bb major, F major, and Eb major, which are the I, V, and IV chords in the key of Bb major. The chroma activations reinforce this, showing high values for A# (Bb) and F, which are central to the Bb major scale."
66420,Ab major,95,"The chord sequence centers around Ab major, Eb major, and C# major (enharmonically Db major), which function as the I, V, and IV chords in the key of Ab major. The recurring use of the F minor chord as a vi chord and the chroma data, which highlights Eb (as D#) and other scale tones, strongly support the identification of Ab major."
66421,C major,95,"The chord sequence consists entirely of C major, F major, G major, and A minor, which are all diatonic chords within the C major scale. The chroma activations further support this, with strong prominence for the C, G, F, and A pitches."
66422,C major,95,"The chord sequence is dominated by C major, G major, and F major chords, which correspond to the tonic (I), dominant (V), and subdominant (IV) chords in the key of C major. The chroma activations reinforce this analysis, with the highest values appearing on the notes C, G, and D, which are consistent with the C major scale."
66436,C minor,95,"The chord sequence oscillates almost exclusively between C minor and G minor, suggesting a tonic of C minor. The chroma activations are consistent with this analysis, showing high peaks for C, D#/Eb, G, and A#/Bb, which are all integral notes within the C minor key."
66437,Bb major,85,"The chord sequence frequently resolves to Bb major, which is supported by the final long duration of the Bb chord and the sequence of chords that fit well within the Bb major scale, such as G minor, F, and Eb. The chroma activations further support this, with high values for D, A, G, and Bb, which are all notes in the Bb major scale."
66441,D major,95,"The chord sequence is dominated by D major (I), G major (IV), and A7/A major (V) chords, which strongly define the key of D major. The inclusion of B minor (vi) further reinforces this tonal center, and the chroma activations strongly align with the notes of the D major scale."
66459,G major,95,"The chord sequence consists of E minor, G major, and D major. These chords correspond to the vi, I, and V chords in the key of G major, making it the most likely tonal center."
66493,F minor,85,"The progression features Fm, Db, and Eb chords, which are consistent with an F minor tonality using a i-VI-VII progression. The harmonic content aligns well with the F minor natural scale."
66495,A minor,95,"The chord sequence consists almost entirely of an A minor 7 chord. This is strongly supported by the chroma profile, which shows a significant peak at A, with additional activation for E and G, consistent with the notes of the A minor 7 chord."
66510,F major,95,"The chord sequence consists almost entirely of F major and F major 7, clearly establishing F major as the tonic. The chroma data further reinforces this with prominent F and C activations, consistent with the F major scale."
66516,D minor,85,"The chord sequence is overwhelmingly dominated by a D minor chord, which functions as the primary tonal center. While the brief D major and G major chords at the end introduce some harmonic variation or modal interchange, the overall harmonic content strongly supports D minor."
66518,A minor,90,"The chord sequence consists almost entirely of an alternation between A minor and G major, which is a classic progression in the A Dorian mode. This is strongly supported by the chroma activations, which show A as the most prominent pitch."
66519,C minor,85,"The chord sequence repeatedly features C minor and G major, which function as the i and V chords of C minor. The inclusion of Eb major (the III chord) and the frequent usage of C major (possibly a Picardy third or modal interchange) further support C minor as the tonal center."
66524,G major,85,"The chord progression alternates consistently between G major and F major chords, which is characteristic of a G Mixolydian mode where G functions as the tonic. The chroma analysis strongly supports this, showing high activations for the notes G, F, A, and B, which are all part of the G Mixolydian scale."
66542,C# major,95,"The song features a repeating progression of C#:maj and Ab:maj, which function as the I and V chords in the key of C# major, with Ab:maj being the enharmonic equivalent of the dominant G#:maj. The chroma activations further support this, with G# and C# being the most prominent notes."
66543,C# major,95,"The chord sequence relies heavily on the alternation between C# major and F# major chords, acting as the I and IV chords in C# major. The presence of the Ab major chord (the V chord) and the chroma activations, which are dominated by C# and G#, provide strong evidence for the key of C# major."
66544,C major,90,"The chord sequence is clearly centered on C major, which acts as the tonic throughout the progression. The inclusion of Bb, Ab, and F major chords is consistent with the C Mixolydian mode or blues-inflected rock, which is commonly classified under the C major key label."
66545,C# major,95,"The chord sequence is heavily centered on C# major, which spans the majority of the analyzed duration. This is strongly supported by the chroma activation, which shows a dominant presence of the C# pitch."
66546,Ab major,90,"The chord sequence consists primarily of alternating Ab major and C# major (enharmonically Db major) chords, which function as the I and IV chords in the key of Ab major. The chroma activations further support this, with the highest values corresponding to Ab (G#), Db (C#), and Eb (D#), which are the tonic, subdominant, and dominant notes of the Ab major scale."
66547,Eb major,95,"The chord sequence predominantly features Eb major, Ab major, and Bb major, which are the I, IV, and V chords in the key of Eb major. This functional progression is strongly supported by the chroma activations, which show significant peaks at the tonic (Eb), dominant (Bb), and other chord tones."
66659,A major,100,"The chord sequence is dominated by repeated cycles of A, D, and E chords, which function as the I, IV, and V chords in A major. The inclusion of the F# minor chord (the vi chord) and the strong chroma activations for A, C#, D, and E provide further evidence for this key."
66660,A major,95,"The chord sequence consists primarily of A, D, E, and F# minor, which are all diatonic chords within the A major scale. The chroma activations, which are highest on A, E, and C#, further reinforce A major as the key."
66723,F minor,85,"The chord sequence prominently features F minor and C7, establishing a strong i-V relationship characteristic of F minor. Additional chords such as Ab major, Eb major, and Bb minor further support this key, making F minor the most logical choice."
66724,C major,95,"The chord sequence is dominated by the tonic (C major), subdominant/dominant (D minor, G major), and mediant (E minor) chords, which are all diatonic to the key of C major. The progression frequently resolves to C major, strongly supporting this key assignment."
66739,F major,95,"The chord progression prominently features a ii-V-I (Gm7-C7-Fmaj7) and frequent oscillation between the tonic (F) and subdominant (Bb), which strongly indicate F major. The chroma activations align with this, showing high values for F and C, further supporting this analysis."
66740,A minor,60,"The identifiable chord progression E minor -> A minor -> F -> G aligns well with the key of A minor. Although the latter part of the sequence suggests a modulation and a large portion of the track is silent/unlabeled, the chroma activations show strong peaks on A, E, D, C, and B, which supports A minor as the tonal center."
66741,C# minor,95,"The chord progression consists almost exclusively of an alternation between C# minor and A7 chords, which establishes C# minor as the clear tonal center. The high activation for C# in the chroma analysis further reinforces this assignment."
66744,B major,95,"The chord sequence consists entirely of alternating B major and E major chords, which establishes B major as the clear tonal center (I-IV relationship). The chroma activations, showing strong B and E pitches, further support this identification."
66748,Eb minor,90,"The chord progression is dominated by Eb minor, F# major, and C# major, which represent the i, III, and VII chords in the key of Eb minor. This consistent cycle, along with the chroma activations, strongly points to Eb minor as the tonal center."
66752,C major,95,"The chord sequence consistently rotates through G major, F major, and C major, which are the V, IV, and I chords in the key of C major. This tonal center is further supported by the high chroma activations for C, G, and F."
66753,D major,75,"The chord sequence is heavily centered on D, with the D major chord being the most prominent, alongside common Mixolydian-style movements using G major and C major. Although the sequence concludes with a D minor chord, the overall harmonic prevalence of D major throughout the piece suggests it is the most appropriate tonic."
66756,G major,95,"The chord sequence primarily alternates between G major and C major (in a C/G inversion), which establishes G major as the tonic. This harmonic structure is strongly supported by the dominant G chroma activation."
66757,C major,100,"The chord sequence is dominated by repeated cycles of C major, G major, and F major, which are the I, V, and IV chords of the C major scale. The chroma activations reinforce this, showing high values for C, G, and F."
66766,Bb major,85,"The chord sequence is heavily dominated by the progression Bb major, G minor, C minor, and F major, which is a standard ii-V-I harmonic pattern in the key of Bb major. Although the song includes chromatic elements like Ab major and G major, these function as borrowed chords or secondary dominant-like motions that do not shift the primary tonal center."
66851,C# minor,95,"The chord sequence is heavily dominated by C# minor, which appears for the vast majority of the duration. The chroma profile further supports this, showing strong activations for C#, E, and G#, which are the notes of the C# minor triad."
66853,C minor,95,"The chord sequence is heavily centered on C minor and C minor 7, which function as the tonic. The G minor chord functions as the v chord in the key of C minor. The chroma data further supports this by showing high activations for the tonic (C), the minor third (D#), and the fifth (G)."
66856,Ab minor,95,"The chord sequence consistently revolves around Ab minor, E major, Eb minor, and F# major. These chords are diatonic to the key of Ab minor, strongly indicating it as the tonal center of the piece."
66857,C# minor,95,"The chord sequence consists entirely of a C# minor chord held for the duration of the clip. This is strongly supported by the chroma activations, which show C# as the most prominent pitch."
66858,Eb major,95,"The chord sequence is heavily centered around Ebmaj7, and the concluding ii-V progressions (Gmin7-C7-Fmin7-Bb7) strongly suggest an Eb major tonality. The chroma activations further support this, with prominent notes Eb, G, and Bb."
66859,C# minor,90,"The chord sequence consists primarily of F#:min7, Ab:7, and C#:min7. These chords function as the iv, V, and i chords in the key of C# minor, where Ab:7 serves as an enharmonic equivalent to G#:7, the dominant."
66860,A minor,90,"The chord sequence consists almost entirely of an alternation between A minor7 and D minor7, with A minor7 serving as the primary harmonic anchor. This progression, combined with the strong chroma activation on A, D, and E, clearly points to A minor as the tonic."
66873,Bb minor,95,"The chord sequence is heavily dominated by the Bb minor chord, which constitutes the majority of the song's duration, alternating frequently with F minor. This harmonic structure, combined with chroma activations that show strong emphasis on Bb (A#) and F, points conclusively to Bb minor as the key."
66876,Eb minor,95,"The chord sequence is heavily dominated by the Eb minor chord throughout the 60-second duration. The other chords present (B major, F# major, C# major) are all diatonic to the F# major/Eb minor key signature. The chroma profile further supports this, showing strong activations at D# (Eb) and F#."
66877,F# minor,95,"The chord sequence is almost entirely comprised of an F# minor chord, which dominates the 60-second snippet. The chroma activations are also consistent with this, showing a strong peak at F# and supporting presence for C# and G#."
66881,Eb minor,90,"The chord sequence alternates primarily between Ab chords and Eb minor, consistently resolving to Eb minor. The highest chroma activation is also for Eb, which strongly supports its role as the tonic."
66882,F minor,95,"The chord sequence consists almost entirely of an F minor chord, and the chroma activations are heavily weighted toward F, which strongly indicates that the key is F minor."
66886,Eb minor,90,"The chord sequence is heavily dominated by Eb minor, with C# major (enharmonically Db major) acting as a standard bVII chord in the key of Eb minor. The repetition and long duration of the Eb minor chord strongly establish it as the tonic."
66887,A minor,95,"The chord sequence oscillates almost exclusively between A minor and E minor chords, with the occasional G chord, strongly establishing A minor as the tonic. The chroma activations, showing peaks in A, E, and G, are consistent with this tonal center."
66895,B major,90,"The chord sequence consisting of E (IV), F# (V), and Ab minor (vi, which is enharmonic to G# minor) is a classic IV-V-vi progression in the key of B major. The chroma activations showing high prominence for F#, G#, D#, A#, and B further strongly support the key of B major."
66896,D minor,90,"The chord sequence is dominated by D minor and G major, which is characteristic of D Dorian mode, typically analyzed as D minor. The heavy emphasis on the D minor chord, supported by chroma activations centered on D, A, and F, clearly points to D minor as the tonic."
66903,D major,90,"The chord sequence consists almost entirely of an oscillation between D major and F# minor, which are both diatonic to the D major scale. Given that D major is a stable chord and F# minor functions as the iii chord within that key, D major is the most likely tonic."
66904,B minor,100,"The chord sequence consists of a consistent loop of B minor, G major, and E minor, which correspond to the i, VI, and iv chords in the key of B minor. The chroma analysis strongly supports this as well, with a dominant activation peak on B."
66905,C# minor,85,"The chord sequence consists of repeated cycles of C# minor, B major, and F# major, which points strongly to C# minor (i-VII-IV progression). This modal progression is common in many genres and the consistent repetition of C# minor as the focal point makes it the most plausible key choice."
66929,A minor,95,"The chord sequence is dominated by A minor, C major, and G major chords, which are the i, III, and VII chords in the key of A minor. The chroma activations confirm this with strong presence of A, E, and G, which are fundamental to the A minor scale."
66933,A minor,95,"The chord sequence consistently alternates between A minor and D minor with the inclusion of E7 chords, establishing a strong i-iv-V harmonic progression in the key of A minor."
66939,E minor,90,"The chord progression consistently oscillates between E minor and A minor, which corresponds to a i-iv relationship in the key of E minor. The chroma profile, showing strong activations for E, A, and B, further supports the tonic center of E minor."
66941,A minor,95,"The chord progression is dominated by the A minor chord and frequently employs the B:min/dim to E:maj to A:min cadence, which is a standard ii-V-i progression in the key of A minor."
67051,A minor,90,"The harmonic progression is heavily centered around A minor, D minor, and F major chords, all of which fit naturally within the key of A minor. The chroma activations showing prominence of A, C, and E further support this tonal center."
67101,G major,95,"The chord progression is dominated by G major and C major, functioning as the I and IV chords in the key of G major. The inclusion of the A minor chord as the ii chord further strengthens this analysis."
67102,A minor,85,"The harmonic progression is centered around the A minor key, strongly suggested by the frequent appearance of A minor, D minor, E minor, and F major chords. Although A major and G major chords are also present, they are consistent with modal borrowing or interchange common in A minor compositions."
67106,C# major,75,"The chord sequence is dominated by C# major, Eb minor, and Bb minor, which are all diatonic to the key of C# major. The frequent return to C# major as a stable point, particularly in the later section, suggests it serves as the tonic of the progression."
67121,D minor,85,"The chord sequence is heavily anchored around D minor and F major, which are relative keys sharing the same key signature. The frequent use of D minor chords and the chroma peaks at D and F strongly support D minor as the tonic."
67236,Bb major,85,"The chord sequence heavily alternates between Bb major and Ab major, strongly establishing Bb as the tonic chord. The high chroma activations for A# (Bb) and G# (Ab) further support Bb major as the tonal center, commonly seen in blues-rock progressions."
67257,E major,95,"The chord sequence is dominated by E major and A major, which function as the I and IV chords in E major. The presence of B major reinforces the V chord, and the chroma profile strongly aligns with the E major scale, with E, A, and B being the most prominent tones."
67286,A major,100,"The chord progression consists entirely of A, D, and E major, which represent the I, IV, and V chords in the key of A major. This is reinforced by the chroma distribution, which shows high activation for A, E, and D, all of which are primary notes in the A major scale."
67287,A major,90,"The chord sequence frequently returns to A major, which functions as the tonal center throughout the piece. The prevalence of the A-G-F progression (I-bVII-bVI) and the V-I cadence (E7 to A major) strongly establish A as the tonic in a Mixolydian-influenced rock context."
67288,A major,95,"The chord sequence consists primarily of A, D, and E chords, which function as the I, IV, and V chords in the key of A major. This is further supported by the chroma activations, which show the strongest peaks at A, E, and D."
67289,E major,95,"The chord progression is strongly rooted in E major, featuring the tonic (E major), dominant (B major/7), and supertonic (F# minor) chords. The secondary dominant C#7 acts as a V/ii, leading to the F# minor, and the inclusion of G major is a common modal mixture in the key of E major."
67291,C major,100,"The chord sequence heavily features C major, F major, and G7 chords, forming a standard I-IV-V progression in C major. The chroma activations show strong alignment with these chord notes, specifically C, E, and G, which further confirms the key."
67292,A major,95,"The chord progression prominently features A major, E major, and B minor, which are all diatonic to the key of A major. The chroma activations are also consistent with this key, showing strong peaks at A, E, F#, and C#."
67293,G major,95,"The chord sequence primarily oscillates between G major and C major, which functions as a I-IV progression. The prominence of the G major chord and the chroma data, which is heavily weighted toward G, confirm G major as the tonic."
67294,A major,95,"The frequent alternation between A and G major chords, combined with the D-E-A harmonic movement, strongly points to A Mixolydian or A major. The chroma profile reinforces A as the tonal center, as it features high activations for the notes in the A major scale."
67298,G minor,85,"The chord sequence is heavily centered around G minor, featuring frequent uses of G minor, D major, and Bb major, which are standard chords in the key of G minor. The dominance of these chords confirms the tonic is G and the mode is minor."
67300,C minor,75,"The harmony alternates primarily between C minor and Ab major, which are the i and VI chords in the key of C minor. While the Ab chords are present for a longer duration, the structural focus on C minor as a tonal center is very strong, suggesting C minor is the tonic."
67302,A minor,90,"The song consistently alternates between A minor and G major chords, which functions as an i-VII progression in A minor. The chroma activations, featuring significant energy at A and G# (the leading tone of A minor), further support this conclusion."
67303,A minor,75,"The harmonic sequence is centered around A, alternating between A major and A minor chords. The recurring pattern of chords (A-C-G-F#-F-E) suggests a chromatic descent often found in rock or progressive music, with A minor acting as the tonal center."
67306,F minor,90,"The chord sequence consistently features a pattern of F minor, Ab major, Eb major, Bb major, and C major, which strongly indicates the key of F minor. The use of C major as a V chord and Bb major as a IV chord fits well within the F minor harmonic context."
67329,A major,95,"The chord sequence consists primarily of chords diatonic to the A major scale, specifically A, D, E, and F# minor, which form common harmonic progressions. This is strongly supported by the chroma activations, which show significant peaks at the notes A, C#, E, and F#, which are characteristic of the A major key."
67330,C# minor,85,"The harmonic sequence is dominated by C# minor and E major chords, which are diatonic to the C# minor scale. Since C# minor appears most frequently and over a longer total duration, it is the most likely tonic."
67332,E major,90,"The chord sequence is dominated by E7, A7, and B7, which represent the I, IV, and V chords in the key of E major. The frequent occurrence of Ab:min7 is likely an enharmonic mislabeling of G#:min7, the iii chord in E major, further supporting the key. The chroma activations show high intensity on the notes E, G#, and B, which are the primary tones of the E major triad."
67333,C# minor,95,"The chord sequence is dominated by C#min7, which functions as the tonic. The other chords present (F#min, B, Emaj7) are all diatonic to the key of C# minor, and the chroma activations strongly support a C# root with E, G#, and B notes present."
67334,E major,95,"The chord progression is dominated by E major, E major 7, A major 7, and C# minor, all of which are diatonic to the key of E major. The chroma profile, with strong activations for E, G#, and A, strongly confirms E major as the tonal center."
67335,C major,95,"The chord sequence consists primarily of C major, G major, D minor, A minor, and E minor, which are all diatonic chords within the C major scale. The progression, which features recurring I-V and ii-V patterns, strongly establishes C as the tonic, and the chroma activations are consistent with the notes of the C major scale."
67336,A minor,85,"The chord sequence consists primarily of A minor, C major, and E minor, which are all diatonic to A minor. The frequent recurrence of A minor as a central chord, along with the progression pattern, strongly supports A minor as the tonic."
67363,Eb major,95,"The chord progression predominantly oscillates between the tonic (Eb major) and the dominant (Bb7) chords, with occasional occurrences of an F minor chord, which functions as the ii chord in the key of Eb major. The chroma activations also show high concentrations on notes Eb, Bb, and G, which are the primary notes of the Eb major triad."
67464,C major,85,"The chord sequence consists primarily of repeated alternations between C major and G major, with the G7 to C major cadences strongly establishing C as the tonal center."
67465,C major,95,"The chord sequence consists primarily of chords in the key of C major, such as C:7, D:min7, A:min7, G:7, and F:7, with a conclusive cadence to C:maj. The chroma profile further supports C major, with higher activations for the notes C, G, F, A, D, and E."
67466,A major,40,"The chord sequence is highly chromatic and non-functional, consisting primarily of A, E, Bb, and Ab major chords. A major is chosen as the tonic because the A major chord is the most sustained and frequently appearing chord in the sequence."
67467,B major,90,"The chord sequence is dominated by B major, which functions as the tonic. The alternating chords (C minor and Eb minor) are likely misidentified transcriptions of C# minor (the ii chord) and D# minor (the iii chord) in the key of B major. The chroma activations support this, showing significant energy in the B, D#, and F# bins, which constitute the B major triad."
67472,A major,95,"The chord sequence consists primarily of A, D, and E chords, which are the I, IV, and V chords in the key of A major. This classic harmonic progression strongly points to A major as the tonal center."
67473,C major,90,"The chord sequence consistently revolves around the C major triad, which is featured prominently with the longest durations. The progression utilizes chords like F major, A minor, G minor, and Bb major, which are all compatible with the C major or C Mixolydian scales. The chroma activations, which show strong peaks on C, G, A, and E, further support C as the tonal center."
67474,Ab major,65,"The harmony alternates persistently between Ab major and E major, which is a chromatic mediant relationship. Ab major is selected as the tonic given its high frequency in the sequence and its prominence in the chroma activations."
67547,F major,5,"The chord sequence consists entirely of 'N', providing no usable harmonic information. The chroma activations are relatively uniform across all notes, suggesting no clear tonal center, so F major was chosen as an arbitrary label due to the lack of evidence."
67552,D minor,95,"The chord sequence oscillates primarily between D minor and A minor, with F major chords appearing as well. These chords are all diatonic to the D minor scale, making D minor the clear tonic center."
67579,Ab minor,95,"The chord progression is dominated by Ab minor, which appears consistently throughout the piece. Additional chords such as B major, E major, C# minor, and Eb minor fit well within the harmonic framework of the Ab minor scale. The chroma activations further support this conclusion, showing significant peaks at G# and D#, which are the tonic and fifth of the key."
67581,C# minor,90,"The chord sequence is heavily anchored by the C# minor chord, which is the most frequent chord and appears for a substantial duration. The chroma analysis strongly supports this, showing the highest activations for C# and G#, which are the tonic and dominant notes of the C# minor scale."
67653,C# major,10,"The chord data was completely unavailable (marked as 'N'), and the chroma activations provided a relatively even distribution with no clear tonal center. Due to this lack of information, the key assignment is highly speculative, though C# major was selected due to the slightly higher prominence of the C# and D# pitches."
67654,B minor,90,"The chord sequence is dominated by B minor, and the chroma activations show a very strong peak at B, which clearly identifies it as the tonal center. F# minor acts as the dominant chord in the key of B minor, further supporting this conclusion."
67656,A minor,90,"The harmonic progression frequently uses E major, F major, and A minor/major, which strongly suggests the key of A minor. The chroma activations confirm this, showing prominence of A, C, E, and F, all of which are consistent with the A minor scale."
67658,F major,30,"Since the chord data was entirely missing ('N'), I relied on the chroma activations. The most prominent peaks in the chroma data are F and C, which strongly align with the F major scale, making it the most plausible key choice."
67660,Eb major,75,"The harmonic progression prominently features Eb minor and concludes with a sustained Eb major chord, serving as the tonal anchor. The chroma activations, particularly the high values for D#, G#, and A#, are consistent with an Eb-based tonality."
67744,C major,95,"The chord progression is almost entirely comprised of C major chords and their inversions, supported by a G major chord acting as a dominant. This harmonic pattern is highly indicative of the key of C major."
67831,D major,90,"The chord sequence consists primarily of D major and G major chords, which indicates a strong I-IV relationship in the key of D major. Since D major appears for the vast majority of the time, including both the beginning and the end of the sequence, it is identified as the tonic."
67836,A minor,95,"The harmony is heavily focused on A minor and D minor chords, with A minor acting as the tonal center for the majority of the track. The chroma profile further supports this, showing significant activation of A, C, and E, which are the primary notes of the A minor triad."
67837,D minor,95,"The chord progression is essentially a sustained D minor chord for nearly the entire duration, which strongly indicates D minor as the key. The chroma activations confirm this, showing a very high peak for D."
67838,E minor,100,"The chord sequence consists entirely of E minor and E minor 7 chords. The chroma analysis strongly corroborates this, with the highest activations appearing on E, G, and B, which are the root, minor third, and perfect fifth of the E minor triad."
67840,F major,85,"The chord sequence is dominated by F major and oscillates between Bb major (IV) and C major (V), which is a common progression in the key of F major. The chroma activations also support this, with high values for F, C, and Bb, all of which are key notes in the F major scale."
68187,C major,95,"The chord sequence consists primarily of C major, A minor, F major, and G major chords, which are the I, vi, IV, and V chords in the key of C major. The chroma profile further supports this, as the most prominent notes (G, C, F) align perfectly with the tonic triad and the scale."
68189,Eb major,95,"The chord sequence consistently features prominent chords like Eb major, C minor, and Ab major, which correspond to the I, vi, and IV chords of the key of Eb major. Additionally, the inclusion of Bb major (V), D minor (iii), and the chroma activations peaking on D#/Eb and G further reinforce the conclusion that the song is in the key of Eb major."
68192,Bb major,90,"The chord progression is dominated by Bb major and Eb major chords, forming a clear I-IV relationship that strongly establishes Bb major. The chroma activations align well with the notes of the Bb major scale, further supporting this identification."
68194,D major,95,"The chord sequence heavily features D, G, E minor, and A major chords, which are the I, IV, ii, and V chords in the key of D major. The consistent return to D major and the functional progression strongly support this key identification."
68195,B minor,85,"The chord sequence centers heavily around B minor and G major, which are common chords in the key of B minor. The progression also frequently touches upon chords from the relative major key of D major (such as Em, Am7, and D), and the chroma activations highlight the B, D, F#, and A notes, all of which are consistent with the B minor/D major harmonic framework."
68196,F# major,50,"The song is highly chromatic with significant modulations, making the tonal center unstable. While the beginning suggests A minor, the later section and the final cadence (Eb minor, Ab minor, C#7, F# major) combined with the chroma profile, which peaks at F#, point toward F# major as the most plausible key."
68253,A minor,95,"The chord progression consistently revolves around A minor, frequently returning to the tonic and utilizing characteristic chords such as F major, G major, and E7. The chroma activations support this analysis with strong presence of A, C, and E, confirming the tonic triad and tonal center of the song."
68255,C# minor,95,"The chord progression is dominated by C# minor, A major, and E major, which form a strong diatonic foundation for the key of C# minor. This is further corroborated by the chroma profile, which shows prominent activations for G#, E, and C#, all key notes in the C# minor scale."
68256,G minor,75,"The chord sequence frequently centers on G minor and incorporates chords like C minor, C major, and C7, which are characteristic of G minor or G Dorian. The chroma activations, showing strong peaks at G, D, and C, further support G minor as the tonal center."
68260,G minor,95,"The chord sequence is dominated by the G minor chord, which persists for the vast majority of the 60-second segment. The remaining chords and the chroma activations are all fully consistent with the key of G minor."
68278,B minor,90,"The chord sequence is dominated by B minor and A major chords, establishing a strong i-VII harmonic progression characteristic of B minor. The chroma activations showing high values for B, C#, and E further support this tonal center."
68279,G major,90,"The chord sequence prominently centers on G major as the tonic, evidenced by the frequent occurrence of G chords and the extended 12-second G major chord at the end. This is further corroborated by the chroma activations, which show strong values for notes within the G major scale (G, A, B, C, D, E)."
68280,A minor,85,"The chord sequence heavily features F major, E minor, and A minor, which are all diatonic to the A minor scale. The frequent movement between F major and E minor, along with the presence of C major and G major, strongly suggests A minor as the tonal center."
68281,A major,95,"The chord sequence (D-F#m-E-A) strongly follows the IV-vi-V-I progression in the key of A major. The chroma activations are consistent with this, highlighting the notes A, E, F#, B, and C#, which are all members of the A major scale."
68413,E major,100,"The chord sequence consistently cycles between E major, F# minor, and B7, which is a standard I-ii-V harmonic progression in the key of E major. The chroma activations align with this analysis, showing high values for the tonic (E), dominant (B), and supertonic (F#)."
68414,G major,95,"The chord sequence consistently follows a C-D-G pattern, which functions as a IV-V-I progression in the key of G major. This harmonic movement strongly establishes G as the tonic, which is further supported by the chroma activations."
68416,G major,95,"The chord progression is dominated by G major, D major, and occasional C major chords, which is a classic I-V-IV harmonic structure in the key of G major. The chroma activations strongly support this as well, with the highest values concentrated on the notes G, B, and D."
68419,D major,85,"The song predominantly features D major and F# minor chords. The chroma analysis shows a strong presence of D, F#, and C#, while the note G#, which would be present in the F# minor scale but not D major, has a very low activation level. This strongly suggests D major as the tonic."
68420,C major,95,"The chord sequence primarily oscillates between C major and F major, which are the tonic and subdominant chords in the key of C major. The chroma profile further supports this, showing strong activations for the notes C, E, G, and F, all of which are diatonic to the C major scale."
68424,E minor,95,"The chord sequence is heavily centered on E minor and E minor 7 chords, which act as the tonal center. The use of A minor, G major, and D major chords is very consistent with the E minor scale (or E Dorian mode), and the chroma activations strongly support the key of E minor."
68426,C# minor,95,"The chord sequence is heavily centered on C#:min, with frequent appearances of A:maj, B:maj, and E:maj, which are all diatonic to the C# minor scale. The chroma data further reinforces this by highlighting the core notes of the C# minor triad (C#, E, G#)."
68428,F major,75,"The chord sequence is dominated by F major, which functions as the tonic. The high F# chroma activation along with the F major chord suggests a Lydian characteristic, while the other chords can be interpreted as common chromatic variants, such as the minor iv and minor v chords, within the key of F major."
68429,C minor,95,"The chord sequence heavily utilizes C minor, Ab major, and Eb major, which are the i, VI, and III chords in C minor. The strong emphasis on C minor throughout the sequence, especially the long concluding chord, combined with the prominent C chroma peak, strongly points to C minor."
68434,D major,90,"The chord sequence prominently features D major, G major, and A major chords, which are the I, IV, and V chords in the key of D major. The frequent inclusion of the C major chord suggests a D Mixolydian influence or the use of the bVII chord, both of which are common in this harmonic context."
68456,A major,10,"The chord sequence consists entirely of 'N' (no identified chord), and the chroma activations are highly uniform, providing no strong evidence for a specific tonal center. A major was selected arbitrarily as the chroma for 'A' was the highest, though the low confidence reflects the lack of usable harmonic information."
68459,Ab major,95,"The chord sequence frequently uses F minor, C# major (enharmonic to Db major), and Eb major, which correspond to the vi, IV, and V chords in the key of Ab major. The strong presence and long duration of the Ab major chord further support this as the tonic key."
68582,A major,95,"The chord sequence is heavily dominated by the A major chord and its relative minor (F# minor). The chroma profile also shows strong alignment with the notes of the A major scale, particularly A, B, C#, and G#."
68583,G major,95,"The chord sequence consists primarily of G major and D major chords, representing a standard I-V progression in the key of G major. This harmonic analysis is supported by the chroma activations, which show strong peaks on the tonic (G), dominant (D), and leading tone (F#) of the G major scale."
68584,E major,90,"The chord sequence, featuring E, C#m, B, G#m (labeled as Abm), and F#, fits well within the key of E major as the I, vi, V, iii, and II chords, respectively. The chroma activations are also consistent with the notes of the E major scale, supporting this key assignment."
68586,A minor,95,"The chord sequence is dominated by the A minor chord for nearly the entire duration, and the chroma activations peak at A, C, and E, which correspond to the notes of the A minor triad."
68777,D major,75,"The chord sequence is firmly centered on D, with D major chords appearing frequently throughout the progression along with G, A minor, and F chords. While the inclusion of F major and D minor chords suggests modal mixture or a Dorian influence, the consistent return to the D major chord strongly establishes D as the tonic."
68778,D minor,85,"The chord sequence cycles through F major, G minor, A minor, and D minor, which are all part of the F major/D minor key family. The focus on D minor, particularly at the conclusion of the repeated segments, indicates that it is the tonal center."
68910,D minor,95,"The chord sequence consistently displays a i-VII-VI-V progression in D minor, featuring D minor, C major, Bb major, and A major chords throughout the song."
68911,C minor,85,"The chord sequence consistently revolves around C, utilizing chords such as Ab major, F minor, and C minor, which are all hallmarks of the C minor tonality. The chroma analysis also highlights C as the most significant pitch class, supporting the conclusion."
68912,A minor,85,"The chord progression frequently utilizes A minor and F major chords, establishing A as the tonal center. The recurring B minor/Bsus4 and D major chords indicate a strong A Dorian influence, but the overall harmonic center remains A minor."
68913,A minor,95,"The chord sequence consists of a repeating pattern of Am-G-Em-F, which clearly establishes A minor as the tonic. The chroma data further supports this analysis with significant activations for notes A, E, F, and G, all of which are consistent with the A minor scale."
68914,A minor,95,"The chord sequence centers on A minor, frequently using E major as the dominant and F major as the submediant. This strong harmonic structure, confirmed by high chroma values for A and E, clearly indicates the key of A minor."
68915,E minor,95,"The chord progression is dominated by E minor, and the final sequence of C major to D major to E minor represents a classic VI-VII-i cadence in E minor. This harmonic analysis is strongly supported by the chroma activations, which show a clear dominance of the E note."
68916,F minor,75,"The chord sequence is highly chromatic but consistently returns to F minor, which serves as the stable tonal center. The progression features F minor alongside other chromatic chords like Eb major and C# major, common in modern progressions that prioritize frequent movement over traditional functional harmony."
68917,C major,95,"The chord sequence consists almost entirely of a C major chord, which strongly indicates the tonic is C and the key is major. The chroma profile supports this, showing a distinct peak at C."
68918,A minor,90,"The chord sequence is heavily dominated by A minor, F major, and G major chords, which clearly represent the i-VI-VII progression in A minor. This is a standard functional progression in the key of A minor."
68919,E major,95,"The chord sequence consistently features E, A, B, and C# minor chords, which are characteristic of the E major key. The chroma activations also strongly corroborate this, showing high activity in the notes E, G#, A, B, and C#, which are the primary constituents of the E major scale."
68942,E minor,40,"The chord sequence is mostly unidentified, providing little harmonic context, but the chroma activations show a significant presence of the notes E, G, and B. These pitches strongly align with an E minor tonality, outweighing the brief appearance of a D major chord."
68948,C# minor,90,"The chord sequence primarily oscillates between C# chords (both major and minor) and Ab major chords, which functions as the dominant in the key of C# minor. This harmonic relationship, combined with significant chroma activations for G# and E, strongly indicates C# minor as the key."
68949,F minor,70,"The song is centered around F minor, as evidenced by the significant duration of the F minor chord and the presence of related harmonies such as Ab major (the relative major), C# major (the submediant, enharmonic to Db), and C major (the dominant of F harmonic minor). While the sequence includes some chromaticism and recurring G major chords, the harmonic framework consistently points to F minor."
68950,A major,90,"The chord sequence frequently resolves from E major to A major, which strongly indicates a V-I cadence in the key of A major. The recurring use of D major and the chromatic bVII chord (C major) are consistent with an A major tonal center, supported by the prominent chroma activations of A and D."
69011,Eb major,85,"The chord sequence consists entirely of chords diatonic to the key of Eb major (Eb major, F minor, Ab major, and C minor). The frequent use of the Eb major chord, including at the end of the sequence, strongly indicates that Eb major is the tonic."
69012,D minor,85,"The chord sequence consists of a consistent alternation between D minor and A minor, with the occasional F major chord. These chords are strongly diatonic to D minor, and the structure behaves like a vamp, establishing D as the tonic."
69064,E major,85,"The chord sequence consists primarily of E major, C# minor, and B major, which clearly establishes the key of E major. The chroma data supports this with high activations on E, G#, and B, which are the primary notes in the tonic chord."
69065,A major,95,"The progression is dominated by the alternating A major and E major chords, representing the I and V chords of A major. The inclusion of F# minor and C# minor chords further reinforces the tonal center of A major."
69067,B major,25,"Due to the absence of chord data, the key was identified solely through chroma activation analysis. The presence of significant activation in the B, E, F#, G#, and A# notes points towards B major as the most plausible key."
69068,A minor,80,"The chord sequence alternates frequently between A minor and C major, which are relative keys. Given the frequency and prominence of the A minor chords, it is likely the tonal center of the progression."
69072,D minor,95,"The chord sequence consists almost entirely of D minor and D minor 7 chords, which strongly indicates that the key is D minor."
69073,C major,95,"The chord sequence consists entirely of a C major chord, which is a very strong indicator of the key. The chroma activations, while containing some noise, also show C as the most prominent pitch class, further supporting the conclusion."
69176,F major,95,"The chord sequence heavily features F, Bb, C, Dmin, Gmin, and Amin, which correspond to the I, IV, V, vi, ii, and iii chords in the key of F major. The recurring progression of IV-V-I-vi reinforces this tonal center throughout the piece."
69214,F major,95,"The chord sequence heavily features the F, Bb, and C chords, which correspond to the I, IV, and V chords in the key of F major. The chroma activations also show strong emphasis on F, C, and Bb, reinforcing this conclusion."
69226,Ab major,90,"The chord sequence is dominated by Ab major, which accounts for the vast majority of the 60-second duration. C minor and Eb major are diatonic chords within the key of Ab major, which strongly supports it as the tonic."
69233,Bb major,95,"The chord sequence consists predominantly of Bb major, Eb major, and F major, which correspond to the I, IV, and V chords in the key of Bb major. The chroma profile, with strong activations for A# (Bb) and D# (Eb), provides additional confirmation for this key."
69234,E minor,65,"The chord progression is quite chromatic, frequently utilizing B:maj and E:maj/E:min, along with chords like G:maj and C:maj. These are all common in the context of E minor (using harmonic or melodic minor borrowings). The chroma activations (C, E, B, D) also align well with the notes in the E minor scale."
69235,Ab major,95,"The chord sequence alternates consistently between Ab major and C# major, which is the enharmonic equivalent of the subdominant Db major chord. This harmonic structure is highly characteristic of the key of Ab major. Additionally, the chroma profile shows strong activations on G# (Ab) and D# (Eb), which are essential components of the Ab major scale."
69237,C# major,95,"The chord sequence consists primarily of C# major, F# major, and Ab major chords, which represent the I, IV, and V chords in the key of C# major. The strong presence of this progression and the chroma data support C# major as the tonic."
69238,F# major,90,"The chord progression is dominated by chords belonging to the F# major scale, specifically F# major, C# major, B major, and G# minor. The Eb major chord (enharmonically D# major) acts as a secondary dominant leading towards the sixth scale degree, which is common in the key of F# major."
69240,C major,95,"The chord progression is dominated by repeated sequences of C, F, and G major chords, which forms a clear I-IV-V progression in C major. The chroma activations reinforce this with strong C and G values."
69242,F major,90,"The chord sequence is composed primarily of F, Bb, and C chords, which function as the I, IV, and V chords in the key of F major. This I-IV-V progression is a definitive characteristic of the key."
69244,Bb major,90,"The chord sequence centers around Bb major, Eb major, and G minor, which are all diatonic to the Bb major key. The recurring D major and D7 chords function as a secondary dominant (V/vi) resolving to G minor, which is common in this key. The chroma activations further support this, with D, Bb, and F having the highest prominence."
69245,C major,95,"The chord sequence consists primarily of C major, F major, and G major chords, which are the tonic, subdominant, and dominant chords of C major. The chroma profile supports this, showing strong activations for C and G, confirming C major as the tonal center."
69246,C major,95,"The chord progression is dominated by C major, F major, A minor, D minor, and G major, which are all diatonic chords in the key of C major. The presence of the D7 chord is a common secondary dominant (V/V) in this key. The chroma activations further support this, with high values for C, E, and G."
69247,C major,95,"The chord progression consists almost entirely of C, F, G, and A minor chords, which are the primary chords in the key of C major. The chroma profile shows strong activations for C and G, which further reinforces C major as the tonal center."
69248,E major,95,"The chord sequence is dominated by E major, A major, and B major, which functions as a I-IV-V progression in E major. The chroma activations further support this, with strong presence of the tonic (E) and related major scale notes."
69250,F major,95,"The chord progression features a clear use of chords from the F major diatonic scale, including F major (I), D minor (vi), Bb major (IV), G minor (ii), and A minor (iii). The chroma activations also support this, with strong peaks at A, C, and F, which correspond to the tonic triad of F major."
69259,D major,95,"The chord progression is heavily dominated by D major, G major, and A major chords, which function as the I, IV, and V chords in the key of D major. This analysis is strongly supported by the chroma activations, which show high prominence for the notes D and A."
69314,D major,90,"The song is characterized by a repetitive oscillation between D major and G major chords, which points directly to the key of D major. This analysis is strongly supported by the chroma activations, which show significant peaks at D and A, the tonic and dominant notes of the D major scale."
69319,G major,80,"The chord sequence alternates between a primary tonal center of G major (supported by the frequent G, C, D, and E minor chords) and a prominent modulation to A major. Given that the progression returns to G major motifs toward the end of the sequence, G major is identified as the home key."
69323,D major,95,"The chord sequence consists primarily of the I, IV, and V chords (D, G, and A) in the key of D major. The presence of a C major chord suggests a bVII chord which is commonly used in this key. The chroma activations align with the D major scale, strongly supporting this analysis."
69330,D major,90,"The chord sequence is heavily centered on D major and G major, representing a clear I-IV harmonic relationship in D major. Other diatonic chords like B minor and E minor reinforce this key, and the chroma profile supports the notes of the D major scale."
69458,A major,100,"The chord progression consists almost exclusively of A major and D major, with an E major chord appearing at the end, which are the I, IV, and V chords of the A major scale. The chroma profile further supports this by showing high activations for A, C#, D, E, and G#, which are the notes of the A major scale."
69576,C minor,90,"The chord sequence consistently oscillates between C minor and F minor, which function as the i and iv chords in the key of C minor. The frequent return to C minor and its position at the end of the sequence strongly establish it as the tonic."
69588,C minor,80,"The chord sequence consists of chords like Fm, Cm, Gm, and Bb7, all of which are diatonic to the C minor scale. The chroma profile confirms this with strong activations at C, G, and Ab, and low activation at Db, supporting a key of C minor."
69590,A minor,100,"The chord sequence is almost exclusively an A minor chord, which is heavily supported by the chroma profile showing a significant peak at A."
69593,G minor,85,"The harmonic content oscillates between F minor and G minor, but the presence of the D7 chord, which acts as the dominant (V) to G minor, strongly suggests that G minor is the tonal center."
69594,A minor,90,"The harmonic progression predominantly alternates between A minor and F major, which share the notes A, C, and E. Since A minor is a stable tonal center and is well-supported by both the chord sequence and the chroma profile, it is the most likely key."
69601,E major,95,"The song predominantly features E major, B major, and Ab minor (enharmonic to G# minor), which correspond to the I, V, and vi chords in the key of E major. The chroma activations are also consistent with this key, showing strong alignment with the notes of the E major scale."
69607,D major,95,"The harmonic progression is built around D major, G major, B minor, and A major, which function as the I, IV, vi, and V chords in the key of D major. The chroma activations strongly correlate with the notes of the D major scale (D, F#, G, A, and B), confirming this tonal center."
69608,G major,95,"The chord sequence consists primarily of G major, C major, D major, and E minor, which are all diatonic to the G major scale. The frequent use of G major as a harmonic anchor confirms it as the tonic."
69609,Eb major,95,"The chord sequence heavily relies on Eb major, Ab major, F minor, Bb sus4, and C minor, which are all diatonic chords within the Eb major scale. Additionally, the chroma activations strongly align with this key, showing high peaks at D# (Eb) and A# (Bb)."
69610,C major,100,"The chord sequence relies heavily on C, F, and G chords, which are the I, IV, and V chords of the C major scale. The chroma activations also show the highest peaks at C and G, confirming the tonic and dominant notes of C major."
69611,F# major,95,"The chord sequence is dominated by an alternation between F# major and B major, acting as the I and IV chords in the key of F# major. This is reinforced by the chroma activations, which show significant peaks at F#, C#, and B, consistent with the F# major scale."
69612,Bb major,95,"The chord sequence consists primarily of alternating between Bb major and Eb major, which are the I and IV chords in the key of Bb major, with consistent use of C minor as the ii chord. The chroma activations reinforce this conclusion with high values for the notes Bb and F, which are central to the key of Bb major."
69781,B major,90,"The chord sequence primarily revolves around B major, F# major, and E major, which strongly indicates a key of B major. The inclusion of A major (a common bVII chord in this context) and C# minor (the ii chord) further confirms this, supported by the prominent B and F# peaks in the chroma activations."
69904,D minor,95,"The chord progression repeatedly cycles between D:min, C:maj, and Bb:maj, which functions as an i-bVII-VI progression in D minor. The high prominence of D, C, and Bb in the chroma activations provides additional support for the D minor key."
69932,A major,90,"The chord sequence consists heavily of A major and D major, with B major and E major also appearing. These chords are strongly characteristic of the key of A major, and the chroma profile, with prominent E, C#, D, and A activations, further supports this conclusion."
69937,B minor,85,"The chord sequence primarily utilizes the chords B minor, D major, A major, and G major, which are all diatonic to the B minor scale. The progression is characteristic of a 'vi-I-V-IV' equivalent in a minor key context, strongly suggesting B minor as the tonal center."
69941,C# major,95,"The chord progression consistently revolves around C# major, F# major, and Ab major, representing the I, IV, and V chords in the key of C# major. The dominance of these chords, combined with the matching chroma activations, strongly establishes C# major as the tonal center."
70048,A major,85,"The chord sequence consists almost entirely of an alternation between A major and C# minor. These chords are the I and iii chords of the A major scale, which shares the same key signature as the C# minor scale. A major is chosen as the tonic due to the strong presence of the A major chord and the chroma data aligning well with the A major triad."
70050,Bb major,95,"The chord sequence consists primarily of G minor, Bb major, and Eb major, which are all diatonic to the key of Bb major (vi, I, IV). The sequence concludes with Bb major and F major chords, which further confirms a resolution to the tonic of Bb major."
70051,Bb major,95,"The chord sequence consists primarily of Bb, Dm, Eb, F, and Gm, which are all diatonic to the Bb major scale. This functional progression, combined with the chroma activations confirming these pitch classes, strongly points to Bb major as the key."
70052,E major,95,"The chord sequence consistently iterates through C#min, G#min (labeled as Ab:min), A, and E, which corresponds to the vi-iii-IV-I progression in the key of E Major. The chroma activations are also consistent with this, highlighting the notes E, G#, C#, and A."
70053,Bb major,85,"The chord sequence consists primarily of Eb, F, and Gmin chords, which form a classic IV-V-vi pop progression in the key of Bb major. The presence of the Bb major chord and the chroma data, which emphasizes notes of the Bb major scale including A natural, strongly support Bb major as the tonic."
70054,A minor,95,"The chord sequence consists primarily of alternating A minor and C major chords, with A minor appearing much more frequently and over a longer duration. The chroma activations showing peaks at A, E, and C strongly support the A minor tonality."
70056,E major,95,"The chord sequence consists primarily of E, C#m, B, A, and F#m, which correspond to the I, vi, V, IV, and ii chords in the key of E major. The chroma activations further support this, with high values for the key's scale degrees, particularly E, B, C#, D#, and G#."
70057,D major,95,"The chord sequence is dominated by the progression Bm, G, A, D, which corresponds to the vi-IV-V-I progression in D major. The high chroma activations for the D, A, G, and F# notes further confirm that the song is in D major."
70058,E major,95,"The chord sequence consists primarily of E, A, and B chords, which correspond to the I, IV, and V chords in the key of E major. The chroma activations also show significant peaks at E, A, B, and G#, further confirming this tonal center."
70059,B minor,95,"The chord sequence consists primarily of B minor, D major, E minor, and G major chords, which strongly suggests B minor as the tonic (i-III-iv-VI). The chroma activations also show prominent peaks at B, D, and F#, which are the notes of the B minor triad."
70060,B minor,95,"The chord sequence oscillates between B minor and F# minor, which function as the i and v chords in the key of B minor. This analysis is strongly supported by the chroma activations, which show significant peaks at B, F#, C#, and D, all of which are notes in the B minor scale."
70061,Ab major,95,"The chord sequence consistently rotates through Ab major, Eb major, Bb minor, and Db major (labeled here as C# major), which constitutes the I, V, ii, and IV chords in the key of Ab major. The chroma activations further support this, with strong peaks at Eb, Db, Ab, F, and Bb, all of which are notes within the Ab major scale."
70103,C# minor,95,"The chord sequence is heavily dominated by C# minor, accounting for nearly the entire duration of the clip. While the chroma values show a significant presence of G, the overwhelming prevalence of the C# minor chord makes it the most probable key."
70191,A major,85,"The song prominently features a repeated cycle of fifths progression (D-G-C-F-Bb-E-A), with A major acting as the stable harmonic center throughout the sequence. The chroma activations further support this, showing the highest weight on the tonic A and other scale tones like D and E."
70194,D major,95,"The chord sequence is composed almost entirely of G, A, D, and Bm, which are all diatonic chords in the key of D major. The frequent use of the G (IV), A (V), and D (I) chords, along with the appearance of the Bm (vi) chord, strongly indicates a tonal center of D major."
70213,Eb major,95,"The harmonic progression predominantly uses Eb, Ab, and Bb chords, which function as the I, IV, and V chords in Eb major. The inclusion of G major leading into C minor functions as a secondary dominant (V/vi) in this key, reinforcing the tonal center of Eb."
70215,E major,90,"The chord sequence centers around E major, with frequent use of the primary chords I (E), IV (A), and V (B). The inclusion of C# minor and its dominant (Ab/G# major) as a secondary progression, alongside chroma data that strongly correlates with the E major scale, confirms E major as the key."
70221,G major,85,"The chord sequence consistently revolves around G major, which acts as the tonic. The progression utilizes common chromatic chords, including the minor iv (C minor), the iii (B minor), and the bVI (Ab major), all of which are standard functional or modal interchanges within the key of G major."
70227,B minor,85,"The chord sequence transitions from Bb major to a sustained B minor section. Given the significant amount of time spent on B minor and the prominence of B, D, and A# (the leading tone for B minor) in the chroma activations, B minor is the most likely key."
70229,A minor,85,"The chord sequence consists of repeated phrases centered on A minor, using the progression C major, E minor, G major, and A minor. The periodic introduction of E major as a secondary dominant to A minor further solidifies A minor as the tonal center."
70244,G major,95,"The chord progression prominently features G, C, D, and E minor chords, which function as the I, IV, V, and vi chords in the key of G major. This harmonic structure is strongly supported by the chroma activations, which show significant peaks at G, A, and D, matching the notes of the G major scale."
70302,C minor,90,"The chord sequence frequently centers around C minor, prominently featuring chords like Ab major, Eb major, and F minor, which are diatonic to the key of C minor. The chroma activations support this tonal center with significant peaks at the tonic (C) and the minor third (Eb)."
70304,C major,90,"The chord sequence is dominated by progressions featuring C major, E minor, F major, A minor, and G major, which are all diatonic to the C major scale. While the song begins with a brief, likely introductory section containing Eb minor and Bb major, the remainder of the sequence firmly establishes C major as the tonal center."
70403,Bb major,95,"The chord sequence consists primarily of Bb, Eb, F, G minor, and C minor, which strongly define the key of Bb major. The chroma activations support this identification, with a high concentration on Bb."
70673,F minor,95,"The chord sequence oscillates primarily between F minor and C# major (enharmonically Db major), with an Ab major chord appearing as well. These chords are all diatonic to the F minor scale, where F minor is the tonic (i), Db major is the submediant (VI), and Ab major is the mediant (III). The chroma activations strongly support this, showing prominence in F, G#/Ab, C, and Db/C#, which are characteristic notes of the F minor/Ab major key area."
70713,B major,80,"The chord sequence centers on a B tonic, featuring recurring B, D, and E chords. The high chroma activation of D# strongly points to B major, with the frequent D major chords functioning as common borrowed chords from the parallel minor."
70717,B major,90,"The chord sequence is dominated by the alternation between B major (the tonic) and E major (the subdominant), with frequent use of F# major (the dominant). This clear V-I-IV harmonic movement strongly establishes B major as the key."
70719,C# major,95,"The chord sequence is dominated by repeated patterns of C# major, Bb minor, Ab major, and F# major, which correspond directly to the I, vi, V, and IV chords in the key of C# major. The chroma activations reinforce this conclusion, with notable peaks at C#, G#, F#, and A#, all of which are primary members of the C# major scale."
70883,F major,90,"The chord progression revolves around F major, frequently incorporating the Ab major chord as a common borrowed chord (bIII) typical in rock and blues. This harmonic structure, consistent throughout the sequence, strongly indicates F major as the tonic."
70887,F major,90,"The chord sequence is dominated by F:maj and Eb:maj, strongly suggesting F as the tonic with a prominent flat VII chord (Eb:maj), which is characteristic of F mixolydian or rock-influenced harmony. The inclusion of Bb:maj and C:maj further reinforces F major as the tonal center."
71009,F# major,75,"The chord sequence oscillates between F# major and Ab major, which suggests an F# major tonality, likely functioning as a I-II progression. The chroma activations showing a strong presence of C# (the dominant of F#) further support this tonal center."
71226,D minor,85,"The chord sequence is dominated by a D minor chord for the vast majority of the duration, suggesting it as the tonal center. The subsequent chords (G major, C major) are consistent with D Dorian, and the chroma profile shows D as the most prominent pitch, further reinforcing D minor."
71229,C major,90,"The chord sequence consists primarily of repeated alternations between C major and F major. Since C major chords have a longer total duration and the chroma profile shows a strong C, C major is identified as the key."
71231,B major,90,"The harmonic sequence is dominated by the B major chord, which persists for the vast majority of the duration. The Ab minor chord acts as the relative minor (vi chord) in B major, and the high chroma activations for B, A#, and G# strongly support this tonality."
71256,D minor,95,"The chord sequence is heavily dominated by D minor, with frequent appearances of its dominant chord (A major) and subdominant chord (G minor). The progression clearly outlines the i - iv - V relationship typical of the D minor key."
71257,D minor,95,"The chord sequence consistently relies on D minor, Bb major, and A major, forming a clear i-VI-V progression in D minor. The high activations for D, F, and A in the chroma data further support D minor as the tonal center."
71261,D minor,95,"The chord sequence frequently centers on D minor, utilizing common progressions such as the i-VI-VII (Dm-Bb-C) and sustaining the tonic Dm. The presence of G major and A major chords functions as secondary dominants, further reinforcing D minor as the tonal center."
71262,A minor,90,"The chord progression is characterized by a repeating pattern of F major, A minor, G major, and E minor/major, which strongly points to A minor. These chords are diatonic to the A minor scale, with the exception of the E major chord, which functions as the dominant in the harmonic minor. The chroma activations further support A minor by highlighting the key's central notes."
71263,A minor,95,"The chord progression repeatedly cycles between A minor and E major, which are the i and V chords in the key of A minor. Despite the final chord being A major, the harmonic foundation is clearly defined as A minor."
71264,F major,95,"The chord sequence cycles through D minor, Bb major, F major, and C major, which correspond to the vi, IV, I, and V chords in the key of F major. This harmonic analysis is supported by the chroma activations, which show strong values for the notes F and C, consistent with the F major scale."
71266,A major,85,"The chord sequence relies heavily on A major, B major, and D major chords, with A major functioning as the primary tonic. This harmonic analysis is supported by the chroma profile, which shows prominent activations for the notes A, C#, and E, which constitute the A major triad."
71334,C major,90,"The chord sequence C-G-Am-C is a standard I-V-vi-I progression that strongly points to C major. The chroma profile reinforces this with high activations for the notes C and E, both of which are central to the C major tonic triad."
71363,A minor,85,"The chord progression frequently centers around A minor, using chords like F major, G major, and C major, which are standard in the A minor tonality. The presence of E minor, D major, and A minor as central chords confirms the key of A minor, likely utilizing a mix of Aeolian and Dorian modes."
71364,A minor,90,"The song structure heavily relies on A minor, featuring the recurring Am-F-C-G chord progression throughout the track. While the later inclusion of D major chords introduces a Dorian flavor, the overall harmonic emphasis on A minor combined with the chroma activations confirms A minor as the tonic."
71365,A minor,90,"The chord sequence is dominated by A minor, C major, G major, and F major, which are standard chords in the key of A minor. The frequent returns to A minor and the chroma data confirming the prominence of A strongly support this conclusion."
71366,A minor,85,"The chord progression is dominated by the repeating A, G, C, and D chords, which are characteristic of A Dorian or A minor. The additional usage of F major, A minor, and E major strongly points toward A minor as the primary tonal center."
71367,A minor,90,"The harmonic progression prominently features alternating Amin and Emaj chords, establishing a strong i-V relationship that points to A minor. The presence of G# in the chroma activations further supports the use of the A harmonic minor scale."
71368,A minor,90,"The chord sequence is dominated by A minor, C major, and G major, which are the i, III, and VII chords in the key of A minor. A minor acts as the stable tonic throughout the piece, especially given its extended durations. While A major chords appear later, the overall harmonic center remains consistent with A minor."
71369,A minor,95,"The chord sequence consists primarily of A minor, G major, and C major, which are all diatonic to A minor. The progression ends with A minor, F major, C major, G major, F major, and E major, forming a clear cadence in A minor."
71370,E minor,85,"The progression is centered around E, using chords E minor, G major, and B major, which strongly establish E minor as the tonic. The B major chord functions as the dominant leading back to E. The occasional presence of E major, A major, and C major suggests modal mixture or borrowing from the parallel major, but E minor remains the tonal center throughout."
71371,D major,85,"The chord sequence is composed predominantly of A, D, and G chords, which function as the V, I, and IV chords in the key of D major. The chroma profile further supports this, showing significant activations for A, D, and G, all of which are primary chords within D major."
71372,C major,95,"The chord progression is dominated by the repeating I-V-vi-IV sequence (C, G, Am, F), which is firmly in C major. Occasional secondary dominants such as D major, E major, and A major are common in this harmonic context, further confirming C major as the tonic."
71488,E major,90,"The harmonic structure strongly centers on E major, utilizing the tonic (E major), the subdominant (A major), and the dominant (B major) chords. The persistent recurrence of the C major chord acts as a chromatic bVI borrowed chord, which is a common feature in this harmonic context."
71504,E major,85,"The chord progression consists of D, A, and E major chords, which are frequently used together in the key of E major (as bVII, IV, and I). The high chroma activation for E and the long duration of the E major chord strongly support E major as the tonic."
71506,B major,90,"The song is dominated by a B major chord, which functions as the tonic, and an Ab minor chord (enharmonically G# minor), which serves as the relative minor (vi chord) in the key of B major. The chroma activations corroborate this by showing high prominence for the notes B, A#, F#, G#, and D#, which are all members of the B major scale."
71511,G major,85,"The chord sequence consists of an alternation between G major and C major chords, which is a common harmonic progression in G major. The chroma activations show the highest prominence for G and D, which are key components of the G major scale, further supporting G as the tonic."
71515,A major,85,"The chord sequence is heavily anchored by A major and D major, indicating a tonal center of A major. Occasional G major chords and A minor chords suggest a mixolydian or modal influence, but the primary harmonic progression remains consistent with A major."
71516,A major,100,"The chord sequence consists almost entirely of an A major chord, and the chroma profile strongly confirms this with high activations for A, E, and C#."
71517,C major,95,"The chord sequence is dominated by C major chords, and the chroma activations show strong peaks for C and G, which are the fundamental components of the C major triad."
71582,F major,90,"The chord sequence exhibits clear functional harmony in F major, featuring the tonic (F major), subdominant (Bb major), dominant (C major), and common ii-V-I and vi-ii-V-I progressions (G minor, C major, A minor, D minor). The sequence begins and ends with F major, and the inclusion of a Bb minor chord (the minor iv) is a common harmonic variation in major keys. Despite the unusually high F# chroma activation, the overall harmonic structure strongly indicates F major."
71583,A major,95,"The chord sequence frequently uses A, E, F# minor, and D, which are the primary chords in the key of A major. The inclusion of B major and C# major as secondary dominants is characteristic of this key, and the chroma activations consistently support the A major scale."
71584,F# major,95,"The chord sequence primarily alternates between F# major and B major, which represent the I and IV chords in the key of F# major. The additional chords, including Eb minor and Bb major, commonly function as the vi and III chords within this key, confirming F# major as the clear tonal center."
71585,D major,95,"The chord progression D major, A major, B minor, and G major is a classic I-V-vi-IV sequence in the key of D major. The chroma activations further support this, with prominent peaks at D, E, F#, A, and B, all of which are notes within the D major scale."
71697,Bb minor,90,"The chord sequence consistently revolves around the Bb minor chord, which acts as the tonic. The recurring harmonic patterns featuring F# major and Eb minor are highly consistent with the key of Bb minor, and the chroma profile aligns with the scale by highlighting characteristic notes such as Bb, Ab, and A (the leading tone in harmonic minor)."
71698,C# minor,90,"The chord sequence is heavily centered around the C# minor chord, which appears frequently throughout the progression. The supporting chords, including B major, F# major, and Ab minor (enharmonic to G# minor), are all diatonic to or common variations within the key of C# minor. The chroma activations are also consistent with this analysis."
71700,B major,95,"The chord sequence is composed of B major, E major, F# major, and Ab minor chords, which correspond to the I, IV, V, and vi chords of the B major key. The chroma activations confirm this analysis, with strong peaks at E, G#, and F#, all of which are consistent with the B major scale."
71701,A minor,95,"The chord progression is dominated by the A minor chord, which acts as the tonic, alternating with C major and G major chords. These chords are diatonic to the A minor scale, and the high concentration of the pitch class A in the chroma activations further supports this conclusion."
71702,D minor,90,"The chord sequence heavily features D minor, A minor, F major, and C major, all of which are common in the key of D minor. The inclusion of an A major chord acts as a dominant chord, further reinforcing D minor as the tonal center."
71703,D minor,85,"The chord progression consistently cycles through D minor, F major, and G major, which strongly implies a D Dorian tonal center. This is a classic Dorian progression and is best categorized under the D minor key, given the minor tonic and the supporting chroma profile which highlights D, F, G, and E while emphasizing B over Bb."
71855,C major,85,"The chord progression relies heavily on a repeated sequence of C major, G major, D minor, and F major, all of which are diatonic to C major. The consistent return to these chords confirms C major as the key, despite the presence of an opening C minor chord."
71957,E minor,95,"The chord progression consistently revolves around E minor as the tonic, using supporting chords like C major, A minor, and D major that are consistent with the E minor scale. The high chroma value for E and the periodic use of E major chords further reinforce E minor as the home key."
72017,B major,85,"The chord progression alternates consistently between B major and F# major, which represents a standard I-V harmonic relationship in the key of B major. The chroma profile shows strong activations for F#, C#, and B, which are all primary notes within the B major scale."
72020,A minor,90,"The chord sequence is dominated by A minor, E major (a typical dominant chord in harmonic A minor), and C major, all of which strongly point to the key of A minor. This is further corroborated by the chroma activations, which show strong values for A, C, E, and G, consistent with the A minor scale."
72022,F major,75,"The chord sequence alternates between F major and D minor, which are relative keys. F major is the most likely tonic given the high duration of F major chords and the significant F chroma activation."
72046,A major,95,"The chord sequence consistently revolves around the I (A), IV (D), and V (E) chords of A major. The recurring use of B7 and F#7 are standard secondary dominants in this key, and the chroma activations strongly align with the tonic and dominant notes of A major."
72047,D major,95,"The chord sequence is composed almost entirely of D, G, and A chords, which function as the I, IV, and V chords in the key of D major. The chroma activations align strongly with this, showing high values for the scale degrees D, F#, and A."
72048,F# minor,85,"The progression heavily features F# minor, C# major, D major, and E major, which align well with the F# minor scale, specifically using C# major as the dominant chord. While there are some chromatic chords present, the harmonic focus remains on F# minor."
72049,C major,85,"The chord sequence is heavily dominated by the C major chord, which serves as the tonal center throughout the piece. While there are some chromatic elements, such as F# major and E major, the functional harmony is predominantly anchored in the key of C major."
72051,G major,95,"The chord sequence relies heavily on G major, C major, and D major, which function as the I, IV, and V chords in the key of G major. This is a standard diatonic progression, and the chroma activations strongly support this tonic and scale."
72053,Bb major,95,"The chord sequence consists of the repeating I-V-vi-IV progression (Bb-F-Gm-Eb), which is a classic harmonic structure in the key of Bb major. The chroma activations further confirm this, as the highest values align with the notes found in the Bb major scale, specifically the tonic (Bb/A#), dominant (F), and subdominant (Eb/D#)."
72055,F# major,90,"The chord sequence is heavily dominated by F# major, B major, and C# major chords, which act as the I, IV, and V chords in the key of F# major. The presence of Eb minor (the relative minor) further reinforces this tonal center, while the sporadic chromatic chords do not deviate from the overall harmonic structure."
72056,G major,95,"The chord progression is heavily focused on G major, C major, and D major, which are the I, IV, and V chords of G major. The inclusion of the E minor chord as the vi chord and the chroma data, which shows high activations for G, D, and A, strongly support this key center."
72057,A major,95,"The chord progression consistently features the D, A, and E major chords, which function as the IV, I, and V chords in the key of A major. This diatonic usage is strongly supported by the chroma activations, which show high concentrations on the A and E notes."
72110,G major,95,"The chord sequence consists almost entirely of a G major chord for the majority of the duration, which is a strong indicator of the key. The chroma activations further support this by showing prominent peaks at G and D, which are the root and fifth notes of the G major triad."
72113,A major,90,"The chord sequence consists entirely of A major chords during the identifiable segments, and the chroma activations strongly support this with dominant peaks at A, E, and G#, which correspond to the root, fifth, and third of A major."
72115,G major,95,"The chord sequence is overwhelmingly centered on G major, which occupies over 50 seconds of the 60-second clip. The brief inclusion of a Dm7 chord does not shift the tonal center established by the dominant presence of the G major chord."
72206,D minor,85,"The chord sequence is heavily weighted toward D minor, which appears frequently and with long durations throughout the progression. Other chords such as A minor, F major, and G minor are all diatonic to or commonly used in the key of D minor, reinforcing this tonal center."
72245,G minor,90,"The chord sequence consistently alternates between G minor and C minor, establishing G minor as the tonal center. The chroma activations align with the G natural minor scale, further supporting this analysis."
72246,G major,90,"The chord sequence consists of a repetitive oscillation between G major/maj7 chords and C maj7 chords, which functions as a I-IV progression in the key of G major. The high chroma activation for G further reinforces G as the tonal center."
72248,F minor,85,"The chord sequence consists of frequent oscillations between F minor and Eb major, following an initial Ab major chord. These chords are consistent with the F minor key, and the overall progression centers on F minor."
72255,C major,90,"The harmonic progression prominently features C major and G major chords, suggesting a clear tonal center in C major. The presence of D minor as a ii chord and the high chroma activations for G, C, D, and E reinforce this interpretation."
72313,D minor,85,"The chord sequence is heavily centered on D minor, which appears for the vast majority of the duration. While there are some D major chords present, they function well within a D minor context through modal interchange or secondary usage."
72359,C# minor,95,"The chord progression consistently features C# minor, A major, and F# minor, which are all diatonic to C# minor. The occasional use of B major as a major chord does not shift the tonal center away from C# minor, and the chroma activations are highly consistent with the notes in the C# minor scale."
72360,B major,90,"The chord sequence heavily features B major, E major, and F# major, which represent the I, IV, and V chords in the key of B major. The chroma activations are also concentrated on the notes B, F#, and C#, further reinforcing B major as the tonal center."
72436,D major,95,"The chord sequence revolves around D major as the primary tonal center, with frequent use of the G major chord acting as the subdominant (IV). The heavy emphasis on D major throughout the progression, especially the final sustained chord, combined with the significant chroma activation of D, strongly confirms D major as the key."
72451,D major,95,"The chord sequence is almost entirely composed of a D major chord. This is strongly supported by the chroma activations, which show significant peaks at D, A, and C#, corresponding to the tonic, dominant, and leading tone of the D major scale."
72474,F minor,85,"The chord sequence primarily oscillates between F minor, Bb minor, and C minor, which function well as the i, iv, and v chords in the key of F minor. The use of C minor specifically points to F minor, as the G natural in the C minor chord is diatonic to F minor but not to Bb minor."
72475,E major,90,"The chord sequence consists primarily of an alternation between E major and B major, which are the I and V chords in the key of E major. This harmonic oscillation strongly establishes E major as the tonal center."
72477,C# minor,95,"The chord sequence is heavily anchored on C#:min, which appears repeatedly, often sustained for long durations. Other chords like A:maj7 and E:maj are characteristic of the C# minor harmonic context (i, VI, III). The chroma data further reinforces this with high activations for the notes C#, E, G#, and A, which are all prominent in the C# minor key."
72480,G minor,90,"The chord progression frequently centers around G minor and Eb major, with consistent returns to the G minor chord. The additional chords, including Bb major, C minor, and F major, are diatonic to the G minor scale, and the high chroma activation for G further supports this conclusion."
72615,A minor,65,"The chord sequence frequently uses D major, A minor/major, and C major, which are characteristic of the A Dorian mode or A minor. The chroma activations show a strong A as the root and a higher frequency for C natural compared to C#, supporting A minor as the primary tonal center."
72623,C# minor,85,"The chord sequence is dominated by the C# minor chord, which accounts for a large portion of the song's duration. Additionally, the highest chroma activation corresponds directly to C#, further supporting C# minor as the tonic."
72624,G minor,90,"The chord sequence is dominated by G minor, which serves as the tonal center. The progression involving Bb major and C major points toward a G Dorian modality, and the chroma activations, particularly the prominence of Bb (A#) and D, are consistent with the G minor key."
72634,C# major,80,"The chord sequence ends on a C# major chord and features common functional harmony for C# major, including the IV (F# major), V (Ab major), and ii (Eb minor, enharmonic to D# minor) chords. The chroma activations further support this, with high values for the tonic, supertonic, and subdominant degrees of the C# major scale."
72686,C# major,95,"The chord sequence consists primarily of C# major, F# major, and Ab major, which function as the I, IV, and V chords in the key of C# major. The heavy emphasis on the C# major chord throughout the sequence, combined with the chroma activations identifying C#, F (E#), and G# (Ab), strongly confirm C# major as the tonic."
72997,B minor,95,"The harmonic progression is clearly anchored around B minor, which appears most frequently and holds the most weight as the tonic. D major, its relative major, is also prominent, and the high chroma activation for B supports B minor as the key center."
73069,C minor,95,"The chord sequence consistently features the progression Ab-Bb-Cm, which is a classic bVI-bVII-i cadence typical of C minor. The chroma activations further support this by showing prominent levels for C, G# (Ab), and A# (Bb)."
73114,G major,90,"The chord sequence is heavily centered around the I, IV, V, and vi chords of G major (G, C, D, and E minor). The recurring progression of these chords strongly supports G major as the tonic, despite the occasional use of borrowed chords like F major and Bb major."
73181,Ab major,75,"The harmonic progression centers around Ab, frequently employing the I (Ab major), IV (C#/Db major), and V (Eb major) chords. The inclusion of B major (enharmonically Cb major) as a bIII chord and the interchange between Ab major and Ab minor are common features in this style of music, pointing to Ab as the tonic."
73419,B minor,90,"The chord sequence and chroma activations are highly consistent with the key of B minor. The harmony relies heavily on chords such as B, D, A, F#, and E, which are diatonic to B minor, and the chroma profile shows a high presence of B, E, F#, A, and D, with a notably low activation for D#, confirming the minor tonality despite the frequent appearance of B major chords."
73420,D major,95,"The chord sequence consists primarily of D major, A major, and G major, which function as the I, V, and IV chords in the key of D major. The chroma activations further support this, showing the strongest presence for the notes D, A, and G."
73422,C# major,95,"The chord progression is dominated by C# major, F# major, and Ab major, which function as the I, IV, and V chords in the key of C# major. The chroma analysis strongly supports this with high activations for C# and G# (the enharmonic equivalent of Ab)."
73423,B minor,85,"The chord sequence is dominated by repeated B:min7 and F#:min7 chords, which establishes a clear B minor tonality. The chroma activations further support this by showing prominent peaks at B, E, and F#, which are consistent with the notes of the B minor scale."
73425,E major,90,"The song predominantly features the chords E, A, B, and C# minor, which are the I, IV, V, and vi chords of the key of E major. The chroma profile further supports this with E and A as the most prominent pitch classes."
73428,F major,85,"The chord sequence primarily oscillates between F major and C major, which function as the I and V chords in the key of F major. The chroma profile supports this, with the highest activation peak at F, consistent with F major as the tonic."
73431,A major,80,"The song begins with a progression centered in G major, but it modulates to A major, which dominates the latter half of the clip. The final chords clearly cadence in A major, establishing it as the final tonic."
73432,A major,95,"The progression is strongly centered on A major, with frequent use of the tonic (A) along with its relative minor (F# minor), dominant (E major), and subdominant minor (B minor). These chords are all diatonic to the A major scale, and the chroma profile confirms this with high activity on the primary notes A, E, B, and D."
73435,C major,95,"The chord sequence consists primarily of chords within the C major scale, including C major, A minor, D minor, F major, and G major. This is corroborated by the chroma activations, which show strong values for the notes found in C major."
73437,C major,95,"The chord progression is dominated by C major, with frequent movements to F major and F minor, which are common functional harmonies in the key of C major. This is strongly reinforced by the chroma activations, which show a peak at C, followed by G and F."
73492,D major,95,"The harmonic progression is dominated by D major, A major, and B minor, which correspond to the I, V, and vi chords in the key of D major. The chroma profile, showing strong activations for D and A, provides additional confirmation for this key."
73495,B minor,85,"The chord sequence consists primarily of Bm, G, D, A, and Em chords, which are characteristic of the B minor scale (i-VI-III-VII-iv). The chroma activations also support this, showing significant emphasis on the notes B, D, F#, and G, which form the core of the B minor harmony."
73687,A major,95,"The chord sequence is dominated by E major, A major, and D major chords, which function as the V, I, and IV chords respectively in the key of A major. The chroma activations are also consistent with the notes of the A major scale."
73689,E major,95,"The chord sequence consists primarily of E major, A major, and B major chords, which form a standard I-IV-V harmonic progression in the key of E major. The chroma profile supports this, with significant activations for the notes A, B, and E, which are central to this key."
73693,D major,85,"The chord sequence heavily features D, A, E, F#min, and G, which are all diatonic to the key of D major. The progression frequently utilizes D as the tonic, A as the dominant, and E as a secondary dominant (V/V), typical of the D major harmonic landscape."
73696,Ab major,95,"The chord sequence oscillates between Ab major, Bb minor, and C minor, which are the I, ii, and iii chords of the Ab major scale. The chroma activations show strong peaks at G#, A#, C, and D#, which are notes corresponding to the Ab major scale."
73704,G major,95,"The chord sequence consists of G major, D major, and C major, which form a standard I-V-IV progression in the key of G major. The chroma activations are also consistent with the G major scale, with high values for G, D, B, and E."
73741,F minor,75,"The harmonic progression is dominated by an oscillation between F minor and Ab major, which are relative keys. The chord durations and frequency slightly favor F minor, and the chroma profile is consistent with the F natural minor scale, with a strong emphasis on Ab (G#), F, and C."
73758,A major,95,"The chord progression is heavily centered around A major and D major, representing the I and IV chords. The occasional use of F# minor (vi) and E major (V) further confirms A major as the tonic key, which is also supported by the chroma activations showing high prominence of A, C#, and E."
73761,F major,95,"The chord sequence consists primarily of F major, D minor, A minor, and Bb major chords, all of which are diatonic to the F major scale. The high chroma activation for F and A further confirms F major as the tonic."
73763,C minor,90,"The harmonic progression is heavily focused on C minor, characterized by frequent C minor chords and functional movement involving G major and G minor chords. The chroma profile strongly supports this, with dominant peaks on C and G, which are the tonic and dominant notes of the key."
73768,E minor,90,"The chord sequence heavily features E minor, A minor, and B major, which form a strong i-iv-V progression characteristic of E minor. The concluding sequence of C major, D major, and E minor further supports E minor as the tonal center."
73770,A major,95,"The chord sequence consists primarily of A major and D major (I and IV) chords, supplemented by F# minor, B minor, and E major (vi, ii, and V). This harmonic progression is characteristic of the key of A major, and the high activation of 'A' in the chroma profile further supports this conclusion."
73772,F minor,75,"The chord sequence primarily oscillates between Ab major and F minor, which are relative keys. F minor serves as the tonal anchor throughout the progression, supported by the chroma data which prominently features G#/Ab."
73774,A major,100,"The chord sequence consists primarily of A, F#m, E, and D chords, which are the I, vi, V, and IV chords in the key of A major. This diatonic progression strongly confirms the key, and the chroma profile showing significant activity on the notes A, C#, and G# further supports this conclusion."
73788,C major,75,"The chord sequence primarily alternates between Bb major and C major with an occasional G minor chord. This progression is characteristic of C Mixolydian, which is categorized as C major, as all chords (Bb, C, Gm) are diatonic to the C Mixolydian scale."
73789,A minor,75,"The chord sequence consistently alternates between A minor and C major chords. Because A minor is the relative minor of C major and A minor has a longer total duration, A minor is the most likely tonic."
73792,A major,100,"The chord sequence prominently features A, D, and E major chords, which correspond to the I, IV, and V chords in the key of A major. The consistent repetition of these chords confirms the key."
73806,Ab major,95,"The chord sequence consists of Db major (labeled as C#), Ab major, Eb major, and F minor, which are all diatonic chords in the key of Ab major. This progression is highly characteristic of the key of Ab major, and the chroma activations, showing strong presence of G# (Ab), D# (Eb), and C, reinforce this conclusion."
73809,C major,90,"The chord sequence consists primarily of F, G, C, and A minor, which are all diatonic chords in C major. The absence of an E chord, which would be expected if the tonic were A minor, strengthens the conclusion that the key is C major."
73836,E major,95,"The chord sequence prominently features E major, A major, and B major, which are the I, IV, and V chords in the key of E major. The F# major chord acts as a secondary dominant (V/V) to B, further reinforcing E major as the tonal center."
73866,A minor,95,"The chord sequence consists primarily of A minor, D major, and E major chords. The movement between E major (the dominant chord) and A minor (the tonic chord) strongly establishes A minor as the key."
73868,D minor,95,"The chord sequence consists almost entirely of a D minor chord, and the chroma activations show high values for D, F, and A, which are the constituent notes of the D minor triad."
73875,C# major,85,"The chord sequence consistently revolves around C# major, with frequent use of the Ab major (V) and F minor (vi) chords, forming a classic I-V-vi progression. The chroma activations are also consistent with this, showing strong prominence of the tonic (C#), 3rd (E#/F), 4th (F#), and 5th (G#) degrees of the C# major scale."
73941,F major,85,"The chord sequence primarily utilizes chords such as F major, D minor, Bb major, G minor, and C major, all of which are diatonic to the key of F major. While there are some chromatic elements like C minor and C# major, they are likely non-functional or recognition artifacts, and the presence of D major can function as a secondary dominant in F major."
73942,F# minor,75,"The chord sequence begins with a progression centered on F# minor (F#m-E-D-E), and the F# chroma activation is the strongest, indicating it as the primary tonal center. While there is a clear modulation to B major later in the sequence, F# minor remains the defining key for the majority of the harmonic content."
73943,F minor,95,"The chord sequence is dominated by F minor, with strong supporting harmonic functions from C minor (v), C# major (VI), Eb major (VII), and Ab major (III). This progression aligns perfectly with the F minor scale, and the chroma activations strongly reinforce this tonic by highlighting the notes F, Ab (G#), C, and Db (C#)."
73944,Bb minor,95,"The chord sequence follows a strong functional progression, cycling through Bb minor, Eb minor, Ab major, C# major, and F# major before utilizing the F major chord as a dominant to resolve back to Bb minor. This cycle of fifths progression is characteristic of a piece centered in Bb minor."
73946,B major,85,"The chord sequence primarily revolves around B major and F# major, featuring frequent use of G# minor (labeled here as Ab minor) and D# minor (labeled as Eb minor). These chords correspond to the I, V, vi, and iii chords in the key of B major, which provides a strong functional harmonic basis. While there is a temporary shift towards A major and E major, B major remains the most stable tonal center."
73948,C# major,85,"The chord sequence follows a clear I-V-vi-IV progression (C# major, Ab major, Bb minor, F# major) throughout the majority of the duration, strongly establishing C# major as the home key. The chroma activations align well with the notes of the C# major scale."
73950,A major,95,"The chord progression repeatedly uses the A, C#min, F#min, D, and E chords, which correspond to the I, iii, vi, IV, and V chords in the key of A major. The chroma activations strongly support this, showing high values for the notes of the A major scale and low values for non-scale tones."
73951,A major,85,"The chord sequence transitions through a few different harmonic areas, including E minor and G major, but it ultimately settles into a stable A major tonality, evidenced by the recurrent A major, F# minor, D major, and E major chords. This conclusion is reinforced by the chroma activations, which show the strongest peaks at A, E, and C#, all of which are key notes in A major."
73952,G major,70,"The chord sequence navigates through several different harmonic areas, including F major and A minor, but consistently emphasizes G major toward the end of the clip, particularly with the D major to G major progressions. The chroma activations, which show strong peaks at G, D, A, B, C, and E, are consistent with a G major tonality."
73953,A minor,85,"The harmony is primarily based on chords from the A minor scale, including Amin, Fmaj, and Dmin. While a ii-V-I progression (Dmin-G7-Cmaj) appears multiple times, the frequent return to A minor as a home chord suggests it is the tonal center."
73954,D major,95,"The chord progression is dominated by the sequence B minor, G major, A major, and D major, which is a textbook vi-IV-V-I progression in D major. The chroma profile, which highlights D, A, and F#, also strongly supports this tonal center."
73955,E minor,95,"The chord sequence is dominated by E minor, G major, D major, and C major, which are all native to the E minor scale. The prominence of E, G, F#, A, and B in the chroma activations further confirms E minor as the tonic."
73956,C major,95,"The chord progression is centered around the primary chords of C major (C, F, and G). The frequent inclusion of the relative minor (A minor) and the secondary dominant E:7 are common harmonic features in this key. The chroma activations, which show strong values for C, E, and G, further support this conclusion."
73957,G minor,90,"The chord sequence consistently revolves around G minor, utilizing D major/minor as the dominant and C minor as the subdominant, which is characteristic of the key of G minor. The chroma activations confirm this with significant activity on the G, D, and A notes."
73958,F major,95,"The chord sequence relies heavily on F, Bb, C, Dm, and Gm, which are standard diatonic chords in the key of F major. The progression frequently utilizes ii-V-I patterns and cadences strongly to F major, supported by the presence of all diatonic pitches in the chroma activations."
73959,F major,95,"The chord sequence centers around the F major - G minor - C7 - F major progression, which is a classic I-ii-V-I progression in F major. The chroma activations, showing strong presence of F, C, and Bb, are highly consistent with the key of F major."
73964,C major,95,"The chord progression, consisting of repeated sequences of C, Dm, G, and Am, is a classic I-ii-V-vi progression strongly indicating the key of C major. The G major chord serves as a clear dominant (V) to C, and the harmonic content is consistently diatonic to C major."
73965,C minor,85,"The chord sequence centers on a repeating progression (Ab, Cm, Bb, Fm) using chords that are entirely diatonic to the C natural minor scale. Given the frequent use and harmonic prominence of the C minor chord, it is the clear tonic."
73966,Eb minor,90,"The chord sequence is dominated by the i, VI, III, and iv chords of the Eb minor scale (Eb minor, B major, F# major, and Ab minor). The chroma activations strongly support this analysis, showing high activation for the notes Bb, D#, and F#, which are key components of the Eb minor scale."
73967,G major,95,"The chord sequence relies heavily on G major, D major, and E minor, which forms a standard I-V-vi progression in G major. The dominance of the G chord and the chroma activations, which align with the G major scale, confirm this key assignment."
73968,G minor,95,"The progression is overwhelmingly dominated by the G minor chord, which appears frequently throughout the sequence. The other chords present, including Bb major, D minor, and F major, are all diatonic to the G minor scale, and the chroma activations support the G minor key signature."
73969,G major,95,"The chord sequence consists primarily of alternating G major and E minor chords, which represent the tonic and submediant in G major. The presence of the D major chord reinforces the key center of G major."
73970,E major,90,"The chord sequence relies heavily on E major, C# minor, B major, and G# minor (labeled as Ab minor), which are all characteristic of the key of E major. The recurring Ebm label is an enharmonic misidentification of D#m, which functions as the vii° chord in E major."
73971,Bb minor,85,"The chord sequence centers on Bb minor, with frequent appearances of Eb major (the IV chord) and F minor (the v chord), all of which are consistent with the key of Bb minor. The extended F#7 chord functions as a bVI7 in this context, supporting the minor tonality despite its slightly unusual duration."
73973,D minor,95,"The chord sequence is overwhelmingly centered on D minor and D minor 7, which strongly establishes D minor as the tonic. The chroma data further supports this with D being the most prominent pitch."
73976,D minor,95,"The chord sequence consists primarily of D minor, C major, and Bb major, which strongly indicates a D minor tonality (i-VII-VI progression). This is further reinforced by the heavy emphasis on the D minor and D minor 7 chords and the chroma activations, which show D and A as the most prominent pitches."
73977,D minor,95,"The chord sequence prominently features D minor and includes a progression (Dm-C-Bb-Dm) that is characteristic of the D minor key. The chroma data reinforces this, with a high D activation indicating D is the tonic."
74090,Eb major,90,"The chord progression is dominated by Eb major, Ab major, and Bb major chords, which function as the I, IV, and V chords in the key of Eb major. Additionally, the progression includes a C7 to F to Bb to Eb sequence, which acts as a standard ii-V-I tonicization pattern, further confirming Eb major as the key."
74111,C# major,95,"The harmonic progression primarily alternates between C# major (the I chord) and Ab major (the V chord), which is a strong indication of C# major as the tonal center. The chroma activations, showing strong peaks at C#, D#, and G#, further confirm this key."
74113,A minor,95,"The chord progression is dominated by F major, G major, and A minor, which forms a common VI-VII-i progression in the natural minor key of A minor. This is further corroborated by the chroma activations, which show the strongest peak on A, clearly establishing it as the tonal center."
74146,C major,95,"The chord sequence is heavily dominated by C major and F major, which correspond to the I and IV chords in C major. The chroma activations confirm this with significant prominence in the notes C and E, which are essential components of the C major chord."
74148,F major,95,"The chord sequence is composed of chords (F major, A minor, C major, D minor, Bb major) that are all diatonic to the F major scale. Both the chord progression and the chroma activations (which emphasize C, A, E, and F) strongly support F major as the tonic key."
74149,A minor,95,"The chord sequence is dominated by the tonic (A minor) and the submediant (F major). The chroma profile further supports A minor with prominent A, C, and B tones."
74192,Eb major,90,"The chord sequence is dominated by the Eb major, Bb7, and Ab chords, which function as the tonic, dominant, and subdominant in the key of Eb major. While there are some transient, likely misidentified, chords, the overall harmonic progression is clearly centered in Eb major."
74208,G minor,95,"The chord sequence is overwhelmingly centered on G minor, with frequent returns to this chord throughout the progression. The inclusion of C:maj and the descending lines (Bb-A-G) are common in the G minor/Dorian context, further reinforcing G as the tonic."
74214,G minor,80,"The chord progression frequently cycles between C minor, Eb major, and D major/minor, which are all functional within the key of G minor as iv, III, and V/v respectively. The chroma activations confirm this with strong presence at C, D, and Eb/D#."
74340,A major,85,"The chord sequence is heavily dominated by the A major chord, which functions as the tonal center. The chroma activations support this, with A being the most prominent pitch class, reinforcing the selection of A major."
74378,C major,95,"The chord sequence consists almost entirely of C major, G major, A minor, and F major chords, which are all diatonic to the C major scale. C major functions as the clear tonic throughout the progression."
74383,E major,95,"The chord sequence alternates between E major and F# minor, which represent the I and ii chords in the key of E major. The chroma data reinforces this with prominent activations for E and B, confirming E major as the tonal center."
74384,E major,45,The chord sequence is highly chromatic and alternates between E major and Eb major. E major is selected as the tonic due to the functional presence of the A major chord (IV) and the higher aggregate chroma activations for the E major triad compared to the Eb major triad.
74386,G major,85,"The chord sequence primarily revolves around G major, C major, and E minor, establishing G as the clear tonal center. While the later inclusion of F major chords suggests a G mixolydian influence, G major is the most fitting key classification."
74393,Bb minor,90,"The chord progression consistently features Bb minor as the tonic, with supporting chords like Ab major, F# major (enharmonic to Gb major), F minor, and C# major (enharmonic to Db major), which are all diatonic to the Bb minor scale. The chroma activations are consistent with these notes, further supporting Bb minor."
74474,D major,95,"The chord sequence consists almost entirely of a D major chord sustained for the duration of the sample. The chroma activations further support this, with a strong peak at D."
74506,F major,95,"The chord sequence consistently revolves around F major, utilizing standard functional harmony progressions such as the I-IV-ii-V-I cadence. Although there is an occasional Ab major chord, the resolution patterns and overall harmonic structure strongly point to F major as the tonal center."
74508,Bb minor,90,"The chord progression is centered around Bb minor and its relative major, C# major, frequently using chords such as F# major (VI), C# major (III), Ab major (VII), and Eb minor (iv). The persistent return to Bb minor and the use of A augmented as a leading-tone chord strongly suggest Bb minor as the tonic."
74509,C major,90,"The chord progression is dominated by ii-V-I cadences (Dmin7, G7, Cmaj) that establish C major as the clear tonic. The chroma activations are also consistent with the notes of the C major scale, further confirming the key."
74510,D major,95,"The chord sequence is heavily anchored by D major, utilizing common functional harmony including the tonic (D), subdominant (G), dominant (A7), and ii and iii chords (Emin7, F#min) typical of the D major scale. The chroma activations support this, with D being the most prominent pitch class along with other scale-related notes like A, G, and F#."
74512,Eb major,95,"The chord sequence is heavily centered around Eb major, with chords such as Ab major, C minor, and G minor, all of which are diatonic to the key of Eb major. The chroma activations further support this, showing prominence in Eb, Bb, and G, which are key components of the Eb major scale."
74514,A major,95,"The chord sequence is heavily centered on A major, which accounts for the vast majority of the duration. The other chords present, such as D major, B minor, and G major, are typical within an A major context (often as the IV, ii, and bVII chords respectively), and the high A chroma activation confirms A as the tonic."
74515,D major,95,"The chord sequence consists primarily of D major, A major, F# minor, G major, and B minor, all of which are diatonic to the D major scale. This harmonic progression strongly points to D major as the tonic."
74516,F major,95,"The chord sequence heavily features F major (I) and D minor (vi), along with Bb major (IV) and C major (V), which is a quintessential diatonic progression in the key of F major. The chroma activations reinforce this conclusion, with high peaks corresponding to F, D, and C, the key notes of F major."
74517,G major,95,"The chord sequence is heavily anchored around the G major tonic, featuring frequent use of primary chords (G, C, D) and relative minor chords (Em, Bm) that are standard for the key of G major. The prominent chroma activations of G, B, and D further confirm this tonal center."
74518,A major,95,"The chord progression prominently features A major, B minor, E7, and F# major chords, which are all diatonic to or standard secondary dominants within the key of A major. The presence of the E7 to A cadence and the chroma distribution, which peaks on A, E, and F#, strongly support A major as the tonic."
74528,A major,90,"The chord sequence is dominated by the tonic (A major) and the subdominant (D major), which strongly establishes A as the tonal center. The appearance of C major and G major chords is consistent with blues-rock harmonic patterns where modal mixture or borrowed chords (such as the flat-VII or flat-III) are common."
74529,D major,95,"The chord sequence is dominated by D major, with frequent occurrences of the tonic (D), subdominant (G), and dominant (A) chords, along with diatonic chords like B minor and E minor. This is strongly supported by the chroma activation, which shows D as the most prominent pitch class."
74531,G major,85,"The chord sequence consists of E minor, C major, and D major, which is a common vi-IV-V progression in the key of G major. The chroma activations are also consistent with the G major scale, supporting this analysis."
74532,F major,90,"The chord progression is dominated by F major, C major, A minor, and Bb major, which correspond to the I, V, vi, and IV chords in the key of F major. This is a classic, widely used harmonic pattern in pop music, making F major the most likely key."
74533,B minor,95,"The chord sequence consisting of B minor, A major, G major, and E minor is strongly indicative of the B minor scale. The prominent B, A, D, and E chroma activations provide additional support for this analysis."
74535,D major,95,"The chord sequence heavily features the D major, G major, B minor, and A major chords, which are all diatonic to the D major scale. The frequent recurrence of D major as a stable anchor point, combined with the typical I-vi-IV-V chord progression, strongly supports D major as the key."
74536,G major,95,"The chord sequence primarily utilizes G, C, D, Bm, and Em, which are all diatonic to the key of G major. The progression is consistent with a standard harmonic cycle in that key, and the chroma activations strongly align with the G major scale."
74537,G major,95,"The chord sequence consists primarily of G major, C major, and E minor, which are all diatonic to the key of G major. The frequency of these chords and the support from the chroma activations (which peak on G, A, and B) strongly point to G major as the tonic."
74552,F minor,90,"The chord sequence heavily features F minor, Eb major, and C# major (enharmonic to Db major), which constitute a recurring i-VII-VI progression typical of the key of F minor. The harmonic movement and the chroma activations, which show strong values for the F minor scale notes, consistently support F minor as the tonic."
74556,A major,90,"The song is centered around the A major chord, which appears frequently throughout the progression. The presence of A, C#, and E as prominent notes in the chroma distribution further supports A major as the key."
74691,E minor,95,"The chord sequence repeatedly alternates between E minor and D major chords, with secondary appearances of C major and G major. This harmonic structure is characteristic of E minor or E Dorian, and the high chroma activations for D, E, and G further support this center."
74692,A minor,95,"The chord sequence is dominated by A minor, C major, and F major chords, which are characteristic of the A minor tonality. The inclusion of the E7 chord serves as a strong dominant function, further solidifying A minor as the key."
74694,G major,95,"The chord sequence consists of a consistent I-V-vi-IV progression (G-D-Bm-C), which is a definitive hallmark of G major. The high chroma activations for G, D, and B further substantiate G major as the home key."
74695,A minor,75,"The chord sequence centers on A minor, frequently utilizing E major and E7 chords as dominants resolving back to A minor. The inclusion of D major, G major, and C major chords suggests modal interchanges or circle-of-fifths progressions that revolve around the A minor tonic."
74817,Eb minor,95,"The chord sequence consistently features Eb minor, B major, Ab minor, and C# major, which are strongly characteristic of the Eb minor key. The chroma activations further support this, with high values corresponding to the notes in the Eb minor scale."
74853,F# minor,90,"The chord sequence prominently features D major, E major, and F# minor, which are the VI, VII, and i chords in the key of F# minor. The sequence frequently returns to the F# minor chord, which also concludes the song, providing strong evidence for F# minor as the tonal center."
74856,G major,85,"The chord progression frequently utilizes G as the tonal center, alternating between major and minor qualities, and incorporates chords like F, C, and Bb that are characteristic of the G Mixolydian mode. This harmonic usage strongly points to G as the tonic."
74857,F major,90,"The chord sequence consistently features F major, along with its related chords Bb, C, and G minor. The frequent use of these chords confirms F major as the tonic, while the presence of Eb major indicates common mode mixture."
74864,A major,100,"The chord progression consistently uses A major, E major, F# minor, and D major, which is a classic I-V-vi-IV progression in the key of A major. The chroma activations are also consistent with the notes of the A major scale."
74867,A major,95,"The chord sequence consists primarily of A, D, E, and F# minor, which are the I, IV, V, and vi chords in the key of A major. The C# major chord appearing before F# minor acts as a secondary dominant, further reinforcing the key. The chroma activations also strongly support A major, showing high peaks for A, E, C#, and G#."
74868,E minor,90,"The chord sequence heavily features E minor as the tonic, with recurring D major, C major, and A7 chords, which is characteristic of an E Dorian or E minor progression. The chroma activations reinforce the E tonal center, with high values for E, D, and C."
74897,Bb major,90,"The chord sequence consists of a repetitive ii-IV-V-I progression (C minor - Eb major - F major - Bb major), which strongly establishes Bb major as the home key throughout the duration of the track."
74898,C minor,90,"The chord progression is almost entirely dominated by the C minor chord, which repeats for the vast majority of the duration with only a brief F major chord. This strongly suggests C minor is the tonal center of the piece."
74899,G minor,90,"The chord sequence is heavily dominated by G minor, which appears for the vast majority of the duration. The chord progression, including the C major and F major chords leading into G minor, strongly supports G minor as the tonal center."
74901,Bb major,85,"The chord sequence centers heavily on Bb major, with frequent movements to C minor and Ab major, all of which are diatonic to the Bb major scale. The initial Eb major to Bb major cadence further reinforces Bb major as the tonic."
74906,C major,90,"The chord progression consistently oscillates between C major and Bb major, which is a classic Mixolydian-style progression that establishes C as the tonic. The chroma activations reinforce this by showing high values for both C and Bb."
74925,A minor,85,"The chord sequence consists primarily of A minor, G major, F major, and C major, which are all diatonic to the A minor scale. The frequent recurrence of A minor as a central chord, along with the chroma profile, strongly indicates A minor as the tonic."
74937,C major,95,"The chord sequence consists primarily of C major and D minor, which are the I and ii chords in C major. The presence of F and G chords further confirms the diatonic harmony of the C major scale."
74938,D minor,90,"The chord progression repeatedly cycles through F major, G minor 7, A minor 7, and D minor, all of which are diatonic to the D minor scale. The frequent recurrence and emphasis on D minor as a landing point suggest it is the tonic."
75049,D major,70,"The chord sequence is predominantly centered around D major, with strong and frequent appearances of the D major and B minor chords. Although the later section of the song incorporates D minor, C major, and G major chords, suggesting modal interchange, D major remains the most consistent tonal center throughout the duration."
75051,E major,100,"The chord sequence consists entirely of the I, IV, V, and vi chords (E, A, B, C#m) in the key of E major. The chroma profile further supports this with the highest values corresponding to the tonic (E) and dominant (B) notes of the key."
75052,D minor,90,"The sequence consistently alternates between D minor, C major, and F major, which are all chords within the D natural minor scale. The chroma activations also show a strong emphasis on the tonic D, further supporting D minor."
75053,G major,95,"The chord sequence heavily utilizes G, D, C, and E minor chords, all of which are diatonic to the key of G major. The chroma activations further support this, with the highest values corresponding to notes within the G major scale."
75055,C major,90,"The harmonic progression is clearly centered on C major, featuring frequent C major chords and a prominent alternation with F major and F minor chords, which function as the IV and borrowed iv chords within the key of C major. This is further supported by the chroma activations, which show a strong peak at C."
75056,D major,98,"The chord sequence heavily features D major, G major, A7, and B minor chords, which are all diatonic to the D major scale. The recurring I-IV-V progression (D-G-A) combined with the chroma activations identifying D, G, and A as the most prominent tones confirms D major as the tonal center."
75057,E major,95,"The chord sequence consists primarily of repetitions of E major, A major, and B major chords, which function as the I, IV, and V chords in the key of E major. This analysis is strongly supported by the chroma activations, which show the highest peaks at E, B, and A."
75059,C major,95,"The progression is built around C major, F major, and G major chords, which are the I, IV, and V chords in the key of C major. The inclusion of an A minor and D7 (a secondary dominant) reinforces C major. Chroma data further supports this with high activations for C, D, E, G, and A."
75060,D major,95,"The chord progression frequently cycles through the I (D major), IV (G major), V (A major), and ii (E minor) chords, which strongly defines the D major tonality. This is further reinforced by the chroma activations, which show significant presence of the D major scale notes including D, F#, and A."
75061,D major,95,"The chord sequence heavily utilizes D major, G major, A major, and B minor, all of which are diatonic to the D major scale. The dominance of these chords and the strong chroma activity on D, A, and F# strongly point to D major."
75231,E minor,75,"The song's chord progression frequently features E minor, along with chords such as D major and C major which are diatonic to the E minor scale. The chroma analysis strongly supports this, showing a high concentration of E, D, and C with very low C#, which makes E minor more plausible than D major."
75232,E minor,75,"The harmonic progression centers heavily on E as the tonal center, with the chord sequence frequently alternating between E major and E minor. The presence of the B major chord strongly functions as the dominant for E, and the overall chroma profile, which highlights B and E, reinforces E minor as the most plausible key."
75233,C# minor,95,"The progression is overwhelmingly centered on C# minor and C# minor 7, which occupy the majority of the duration. The occasional A major and G major chords function as modal interchange chords (the VI and bVII respectively), which is a common harmonic device in a minor key."
75234,F# minor,90,"The chord sequence is heavily centered on F# minor, which appears frequently throughout the progression. The other prominent chords, including B minor, D major, E major, and C# minor, are all diatonic to the F# minor scale, and the chroma profile supports this with high activations on F#, G#, A, and B."
75238,B major,85,"The harmonic content frequently alternates between B major and Eb minor, which functions enharmonically as the iii chord (D# minor) in the key of B major. The chroma profile further supports this, showing strong activations for notes found in the B major scale."
75244,B major,85,"The harmonic progression is dominated by an alternation between B major and Eb minor (which is enharmonically D# minor, the iii chord in the key of B major). The chroma activations (high B, D#, A#, and F#) are consistent with this analysis, supporting B major as the tonic despite the minor variations in the final chords."
75265,F minor,95,"The chord sequence consistently revolves around F minor, frequently using chords such as Db major (VI), Eb major (VII), and Ab major (III). The inclusion of both C minor and C major as dominant (V) chords further confirms F minor as the tonic."
75267,E minor,90,"The chord sequence centers on E minor, frequently utilizing related chords such as G major, C major, and B minor. The appearance of B major resolving to E minor provides strong evidence for E minor, and the chroma profile, with a high B (the dominant of E minor) and notable E, G, and C, supports this interpretation."
75268,D minor,95,"The chord progression consistently revolves around D minor, frequently utilizing the sequence D:min - C:maj - Bb:maj - G:min - A:maj, which strongly defines the D minor key. The chroma activations also show a clear prominence of the D tonic note, further supporting this conclusion."
75269,C minor,95,"The chord sequence consistently revolves around C minor as the tonic, frequently utilizing the VI (Ab major) and V (G major) chords to establish a strong functional harmony. The chroma profile supports this interpretation with significant activations for C, G#, and G."
75270,E minor,95,"The chord sequence consistently features E minor as the tonic, accompanied by C major and B major. The frequent recurrence of the B major chord acting as a dominant (V) resolving to the E minor tonic confirms the key as E minor."
75271,Eb minor,85,"The chord sequence consists of alternating Eb minor and B major chords, with Eb minor serving as the clear tonal center throughout the song. This is supported by the chroma vector showing high activations for Eb and Bb, which are key components of the Eb minor scale."
75272,E major,95,"The chord sequence consists almost entirely of an E major chord, which is a strong indicator of the tonal center. The chroma activations support this with a prominent peak at E."
75273,A minor,95,"The chord sequence consistently features A minor, D minor, and E major chords, which is a classic i-iv-V progression in the key of A minor. The chroma activations, showing strong prominence on A and E, further support this harmonic analysis."
75276,E major,85,"The chord sequence is dominated by the E major chord, which serves as the primary tonal center throughout the clip. While there are frequent appearances of A minor and C major chords, the strong presence and duration of E major, supported by the high chroma activation for E, point strongly to E major as the key."
75372,C# minor,95,"The chord sequence consistently revolves around the C# minor chord, with frequent movements to the F# minor and Ab minor (enharmonically G# minor) chords. This i-iv-v progression is a standard functional harmonic pattern in C# minor, which is further supported by the chroma peaks at C#, F#, and G#."
75374,D minor,90,"The chord sequence heavily features D minor, G minor, and A major, which represent the i, iv, and V chords in the key of D minor, respectively. Given that D minor is the most frequent and stable chord, it is the clear tonic."
75376,C# minor,90,"The chord sequence is heavily anchored in C# minor, featuring the tonic C# minor, the dominant Ab major, the subdominant F# major/minor, and the relative major E major. The chroma activations showing high values for G# and C# further corroborate this tonal center."
75377,A major,40,"The harmony is dominated by the A7 chord, which strongly suggests A Major as the tonic, especially in a blues or rock context. The chroma data is relatively flat, providing little additional clarity to support or contradict this tonal center."
75378,C minor,95,"The chord sequence consists entirely of alternating C minor and Ab major chords, which is a clear i-VI progression in the key of C minor. The chroma activations are also consistent with this, showing strong emphasis on the C and G notes."
75379,G minor,85,"The chord progression is dominated by G minor, which often acts as the tonal center in these sequences. The recurring use of G minor, A minor, and D minor is highly characteristic of the G Dorian mode, where G minor functions as the tonic (i), A minor as the ii chord, and D minor as the v chord."
75381,A minor,90,"The chord sequence consists primarily of diatonic chords from the A minor scale, with Am recurring frequently as a clear tonal center. The chroma activations corroborate this with strong prominence on the notes A, E, and B, which are central to the A natural minor scale."
75384,B major,25,"The chord recognizer output was blank, so the key was inferred entirely from the chroma activations. The presence of B, A#, G#, and F# strongly suggests B major, though the signal is weak."
75385,C major,40,"The majority of the chord sequence is marked as 'N', providing limited harmonic information. The sequence ends on 'C major', and the chroma activations show a slightly higher prominence of 'G' (the dominant of C), making 'C major' the most plausible tonal center."
75387,Eb minor,100,"The chord sequence consists entirely of an Eb minor chord throughout the entire segment. This is strongly supported by the chroma activations, which show a prominent peak at D#/Eb."
75389,Bb minor,85,"The chord sequence primarily features Bb minor, F minor, and F# major (enharmonically Gb major), which are all chords derived from the Bb minor scale. The consistent return to Bb minor strongly suggests it as the tonic."
75393,B minor,85,"The chord sequence is composed primarily of B minor, G major, E minor, and D major chords, which are all diatonic to the B minor and D major scales. Given the prominence of the B minor chord at the beginning and throughout the sequence, it functions as a strong tonic."
75394,Ab major,75,"The chord sequence is dominated by Ab major and Ab minor, with the Ab major chord appearing for the longest duration. This suggests a tonal center of Ab, with the Ab minor chord acting as a borrowed chord frequently used in an Ab major context."
75395,G major,40,"The chord sequence contains E major and G major, which is a common progression in G major where E major functions as a secondary dominant (V/vi). The chroma analysis supports this with high activations for G and F#, which are integral to the G major scale, alongside G# as a chromatic note from the E major chord."
75396,A minor,95,"The chord sequence consists primarily of A minor, G major, and F major chords. These chords are characteristic of the A minor key, with A minor acting as the clear tonic throughout the progression."
75413,C# minor,90,"The chord sequence is heavily centered around C# minor and Ab7, which functions as the dominant (V7) chord in the key of C# minor. The chroma data further supports this, showing strong peaks at C# and G#/Ab, consistent with the tonic and dominant of this key."
75414,C minor,95,"The chord sequence consistently revolves around the C minor chord, accompanied by G minor, F major, and Eb major. This sequence strongly defines a C minor key center, and the repetitive nature of these chords confirms this tonality."
75416,F# minor,95,"The chord sequence consists almost entirely of an F# minor chord, and the chroma profile confirms this with the strongest peak at F#."
75417,Ab major,95,"The chord sequence is composed of C# major, Ab major, and Eb major chords, which correspond to the IV, I, and V chords in the key of Ab major. This standard functional harmonic progression and the prominence of Ab and its major seventh (G) in the chroma activations strongly indicate Ab major."
75419,D major,85,"The chord sequence consists primarily of B minor, A major, D major, and G major, which are all diatonic to the D major scale. The frequency of the D major chord and the cadence structure, including several A major to D major transitions, strongly suggest D major as the tonal center."
75422,G minor,90,"The chord sequence consistently revolves around a recurring pattern (F-Eb-D-G), where the D major chord functions as the dominant leading to G. This harmonic structure is characteristic of G minor, and the chroma activations are highly consistent with the notes of the G minor scale."
75424,E major,95,"The chord sequence is dominated by repeated E major chords throughout the provided duration, and the chroma analysis shows a significantly high activation for E, confirming E major as the likely key."
75429,D minor,75,"The harmonic sequence centers on D, featuring both major and minor versions of the D chord alongside the Bb major chord. The frequent return to D and the use of the Bb major chord, which is the bVI in D minor, strongly suggest D minor as the tonal center, a conclusion also supported by the chroma activations showing a strong D and A presence."
75430,F major,95,"The chord sequence consists almost entirely of an alternation between F major and Bb major chords, which is a classic I-IV progression in the key of F major. The chroma activations also strongly correlate with these notes (F, A, C, and Bb), confirming the harmonic analysis."
75431,D minor,85,"The chord sequence consists primarily of D minor, B-flat major, and G minor, all of which are diatonic to the D minor scale. The high duration of the D minor chord and the prominence of D, A, and F in the chroma activations strongly support D minor as the tonic."
75432,D minor,95,"The chord sequence is overwhelmingly centered on D minor, with frequent use of the VI chord (Bb major). The chroma activations strongly reinforce this conclusion, showing clear peaks at D, F, and A, which are the constituent notes of the D minor triad."
75433,F major,90,"The chord sequence consists primarily of F major, Bb major, G minor, and C major chords, which correspond to the I, IV, ii, and V chords in the key of F major. The chroma activations showing prominence in D, A, and Bb are also consistent with the F major scale."
75434,D minor,95,"The chord sequence exclusively contains D minor as the identifiable chord. The chroma activations reinforce this conclusion, as the notes D, A, and F (the components of a D minor triad) show the strongest signal levels."
75435,D minor,95,"The chord sequence is heavily dominated by D minor, with recurring Bb major and F major chords forming a clear i-VI-III harmonic structure within the key of D minor. The chroma activations reinforce this, showing high prominence for the notes D, F, and A, which are the primary chord tones for D minor."
75436,Bb major,90,"The chord progression is dominated by Bb major and D minor chords. Given the frequency and duration of the Bb major chord, it functions as the tonic of the piece. The chroma activations confirm this with a strong presence of the notes Bb (A#), D, and F."
75437,D minor,95,"The chord progression is overwhelmingly dominated by the D minor chord, frequently alternating with Bb major, which is a classic i-VI harmonic movement in D minor. The chroma activations showing strong peaks on D, A, and F further reinforce this tonal center."
75439,F major,90,"The chord sequence consists primarily of Bb major, D minor, and F major chords. These chords function well as the IV, vi, and I chords in the key of F major. The chroma profile, showing strong activations for A, Bb, and F, is also highly consistent with an F major tonal center."
75440,F major,95,"The chord progression is composed primarily of F major, D minor, and Bb major chords, which are the I, vi, and IV chords in the key of F major. The frequent recurrence of these chords and the resolution on the F major chord strongly indicate F major as the tonic."
75441,D minor,95,"The chord sequence is heavily dominated by D minor, Bb major, and F major chords, which are all primary chords within the D minor key. The presence of the A major chord, functioning as the dominant (V) chord, strongly confirms D minor, and the chroma profile, with high values for A and D, aligns perfectly with this tonal center."
75443,D minor,85,"The chord sequence is dominated by D minor, Bb major, and F major chords, which are consistent with the D minor scale. The inclusion of the A major chord, which functions as the V chord in D harmonic minor, further strengthens this key assignment, and the chroma activations strongly align with the tonal center of D."
75454,A minor,95,"The chord progression centers strongly on A minor, utilizing common chords like F major (VI), G major (VII), and E major (V). The high chroma activations for A and E further reinforce A minor as the tonal center."
75456,D minor,90,"The chord sequence is dominated by D minor, which appears most frequently and functions as the harmonic center. The supporting chords, including G major, F major, and A minor, are common in the key of D minor, and the chroma activations strongly support this by highlighting D, A, F, and C as the most prominent notes."
75458,A minor,95,"The chord sequence is dominated by A:min, D:min, F:maj, C:maj, and E:7, which is a textbook harmonic progression in A minor. The chroma activations show strong peaks at A, D, E, and C, further supporting A minor as the tonal center."
75475,C major,100,"The chord progression is a clear and repetitive cycle of the primary chords (I, IV, V) in C major, specifically C major, F major, and G major. The chroma profile, with strong activations for C, E, F, and G, fully confirms this analysis."
75476,F major,30,"In the absence of chord information, the prediction is based solely on the chroma activations, which show a strong peak at F. F major is the most likely tonal center given the prominence of the F chroma and supporting tones like E, G, and C."
75578,A major,100,"The chord sequence is dominated by the tonic (A major), subdominant (D major), and dominant (E major) chords, which is a classic I-IV-V progression in the key of A major. The chroma activations support this analysis with the strongest peaks appearing on A, E, and D."
75579,D major,95,"The chord sequence consists primarily of alternating D major and A major chords, which function as the I and V chords in the key of D major. The chroma activations (highlighting A, E, and C#) are consistent with the D major scale."
75580,E major,90,"The chord sequence is dominated by E major, B major, and A major, clearly establishing E major as the tonic. While chromatic chords like Eb major and Ab major are present, they are infrequent and do not displace the strong functional progression of I-V-IV in E major."
75581,C major,95,"The chord sequence consists primarily of C major, D minor, and G major chords, which function as the I, ii, and V chords in the key of C major. The frequent resolution of G to C confirms this as the tonic center."
75582,C major,95,"The chord sequence primarily utilizes C, F, G, and Am, which are all diatonic to the C major scale. The frequent appearance of the C major chord and high chroma activations for C and G provide strong evidence for the key of C major."
75583,C major,100,"The chord sequence consists almost entirely of the tonic (C), subdominant (F), and dominant (G) chords in the key of C major, with a ii chord (D minor) included as well. The chroma activations also show peak values for the primary notes C, E, G, and F, which confirms the key of C major."
75585,C major,95,"The harmonic progression is strongly centered on C major, characterized by the constant alternation between C major (the tonic) and G major (the dominant). The inclusion of F minor, acting as a minor iv borrowed chord, and E major strongly supports C major as the key."
75586,A minor,85,"The chord sequence consists of chords diatonic to A minor and its relative major, C major, including A minor, F major, G major, E minor, and C major. Given the frequent emphasis on A minor as a central chord in the progression, A minor is identified as the tonic."
75587,Bb major,100,"The chord sequence is composed almost entirely of Bb major, Eb major, and F major, which are the I, IV, and V chords in the key of Bb major. The chroma activations corroborate this with a strong emphasis on A#/Bb, confirming the tonal center."
75588,C major,100,"The chord progression consistently uses the I, IV, V, and vi chords in C major (C, F, G, and Am). The chroma data, showing a strong concentration on the note C, further confirms this key."
75589,A minor,85,"The chord sequence prominently features Am, G, C, and F, which are all diatonic to the A minor scale. The inclusion of the D major chord is a common inflection in the key of A minor (often as a Dorian IV or secondary dominant), and the frequent return to and ending on Am strongly supports A minor as the tonic."
75626,E minor,75,"The chord sequence strongly centers on E minor, with E minor chords appearing frequently and serving as the tonic. The recurring B chords (both major and dominant) function as the dominant of E minor, and the inclusion of G major and A major chords is common within the E minor tonality. Chroma activations showing high levels of B, D#, and E further support this harmonic center."
75680,C# major,80,"The chord sequence primarily consists of C#, E, B, and F# major chords. C# functions as the tonic, and the progression follows a common rock pattern (I-bIII-bVII-IV) in C# major, where the E and B major chords are borrowed from the parallel minor."
75681,E minor,85,"The progression is heavily anchored by the E:min chord, with frequent usage of the relative major (G:maj) and the dominant (B:maj) chords. The inclusion of C:maj, D:maj, and A:maj is consistent with the E minor scale, and the chroma data shows a clear peak at E."
75682,C# major,85,"The chord sequence frequently features C# major, F# major, and Ab major, which are the I, IV, and V chords in the key of C# major, respectively. The prominent chroma activations at C#, G#, and D# correspond to the tonic, dominant, and supertonic degrees of the C# major scale, providing strong evidence for this key."
75683,G major,95,"The chord sequence heavily utilizes G major, D major, C major, and E minor, which are all diatonic chords within the G major scale. The chroma analysis further supports this by highlighting G as the most prominent note."
75684,G major,95,"The chord progression features C major, A minor, G major, D major, and E minor, all of which are diatonic to the G major scale. The frequent use of G major as a chord and the presence of D major (the dominant) strongly points to G major as the tonic key."
75685,E minor,90,"The chord sequence relies heavily on E minor, C major, and D major, which function as the i, VI, and VII chords in the key of E minor. The inclusion of A major as the IV chord is also typical in the E Dorian or minor context, reinforcing E minor as the tonic."
75686,C# minor,95,"The chord sequence is heavily centered on C# minor, with frequent returns to the tonic and usage of diatonic chords like A major and B major. This is strongly reinforced by the chroma activations, which show significant peaks for the notes C#, E, and G#, which make up the C# minor triad."
75692,D major,95,"The chord sequence consistently uses D major, G major, A major, and E minor, which represent the I, IV, V, and ii chords in the key of D major. The chroma profile, with prominent activations for D, G, A, F#, and E, further supports this analysis."
75693,D major,95,"The chord sequence consistently utilizes D major, G major, and A major, which represent the I, IV, and V chords in the key of D major. The presence of the F# minor chord acting as the vi chord, along with the chroma profile confirming D as a primary note, strongly points to D major as the tonal center."
75746,Ab minor,95,"The chord progression consistently alternates between Ab minor and Eb major, which function as a tonic and dominant (i-v or i-V) relationship within the key of Ab minor. The chroma activations also strongly support this, showing significant peaks at G# (Ab) and D# (Eb), which are central notes to these chords."
75900,Eb major,95,"The chord sequence is heavily centered around Eb major, with frequent use of the primary chords Eb major, Ab major, and Bb major, as well as the relative minor C minor. This is further supported by the chroma profile, which shows the highest activations at D# (enharmonic to Eb) and A# (enharmonic to Bb)."
75901,E major,90,"The chord sequence frequently resolves to E major, featuring common functional chords such as the F#7 and G#7 (which was likely misidentified as Ab7 by the chord recognition model). The chroma activations strongly support the key of E major, with notable peaks for E, F#, G#, C#, and D#."
75903,Ab major,90,"The chord progression primarily alternates between Ab major and C# major, which indicates a strong harmonic center of Ab major. The chroma activations reinforce this with significant presence of notes belonging to the Ab major scale."
75904,Bb major,75,"The song alternates between a harmonic sequence centered on Bb major and one centered on E major. Since the chord progression begins and ends with the Bb major centric material, Bb major is the primary key, featuring a tritone-related modulation to E major."
75905,Ab major,90,"The chord progression frequently centers on Ab major, which appears for extended durations. The use of C# major (enharmonic to the subdominant Db major) and Eb major (the dominant V chord) further reinforces Ab major as the tonal center, supported by the chroma activations."
75906,F major,80,"The harmonic content consists almost entirely of an alternating Eb major and F major progression. This bVII-I progression is a common characteristic of F Mixolydian, and given the prominence of the F major chord in the sequence and the supporting chroma activations, F major is the most likely key."
75909,Eb minor,90,"The chord sequence consistently revolves around Eb minor, F# major, and C# major, which are diatonic to the Eb minor scale. The high frequency and duration of the Eb minor chord, especially in long sections, indicates it as the tonic."
75910,Bb major,85,"The chord progression is heavily centered on the Bb major chord, which persists for the majority of the duration. The presence of Eb and Ab chords is consistent with common pop progressions in the key of Bb major, such as using the bVII and IV chords to return to the tonic. The chroma activations, particularly the strong A#/Bb, further support Bb as the tonic."
75978,G major,95,"The chord progression frequently cycles through the I, IV, and V chords (G major, C major, and D major/D7) of the G major scale. The inclusion of A minor, E minor, and the secondary dominant E7 are all standard harmonic practices within the key of G major, and the sequence concludes on a G major chord."
76082,E minor,95,"The chord sequence follows a consistent, repeating pattern of C major, B major, E minor, and G major. These chords strongly function within the key of E minor, with E minor acting as the tonic, G major as the relative major, C major as the submediant (VI), and B major as the leading-tone dominant (V)."
76117,F major,90,"The chord progression primarily features chords diatonic to F major, including Fmaj, Bbmaj, Cmaj, and Dmin. Despite the recurrent Emaj chord, the music consistently returns to Fmaj, establishing it as the clear tonic."
76128,Eb major,95,"The song consists primarily of an alternating progression between Eb major and Ab major, which functions as a I-IV progression in the key of Eb major. The chroma activations also align with this analysis, showing high peaks on the notes Eb, Ab, G, Bb, and D, which are all part of the Eb major scale."
76129,F major,85,"The chord sequence primarily oscillates between D minor and F major, which are relative keys. Given that F major and its chord tones (F, A, and C) are more prominent in the chroma activations than the D minor tonic, F major is the most likely key."
76130,C major,95,"The chord progression is dominated by C major and F major (I and IV) with a G major (V) chord introduced near the end, which is characteristic of the key of C major. The chroma activations strongly support this as well, showing high intensity for the notes C, E, and G, which constitute the C major triad."
76131,D major,95,"The chord sequence consists primarily of D major, G major, A major, and B minor chords, all of which are diatonic to the D major scale. The chroma analysis strongly corroborates this, showing a peak on the D note, confirming D major as the tonic."
76236,C# major,95,"The chord progression is dominated by C#:maj, F#:maj, Ab:maj, and Bb:min, which correspond to the I, IV, V, and vi chords in the key of C# major. The frequent resolution to the C#:maj chord and the high chroma activations for C# and G# further support this tonal center."
76239,C minor,95,"The chord progression is heavily centered on C minor, which appears consistently throughout the majority of the excerpt. The presence of relative major (Eb major) and subdominant minor (F minor) chords is highly characteristic of C minor, and the chroma profile shows a strong C tonic."
76240,Bb minor,90,"The chord sequence consistently revolves around Bb minor, with frequent use of the iv-VII-III-i progression (Eb:min, Ab:maj, C#:maj, Bb:min). The chroma activations, which are dominated by Bb, provide further evidence that the piece is in the key of Bb minor."
76241,B minor,90,"The chord sequence consists primarily of B minor, G major, E minor7, and D major chords, all of which are diatonic to the B minor scale. The frequency and arrangement of these chords strongly establish B minor as the tonal center."
76243,F major,90,"The chord sequence consists primarily of F major, Bb major, and D minor chords, which are all diatonic to the F major scale (I, IV, vi). The chroma profile also supports this, showing strong activations for the notes F, A, and C, which are foundational to F major."
76244,F# major,95,"The chord sequence consists entirely of functional chords diatonic to the F# major scale, including the tonic (F#), dominant (C#), subdominant (B), and various secondary degrees (Eb minor, Ab minor, Bb minor). The frequent use of these chords, particularly the resolution-like motion between C# and F#, confirms F# major as the tonal center."
76247,E major,95,"The chord sequence consists entirely of an E major and D major oscillation, which strongly centers on E as the tonic. This progression is characteristic of the E Mixolydian mode, which is typically categorized as E major in this context. The high chroma activation for E also confirms E as the tonal center."
76248,C major,95,"The chord progression frequently utilizes C major and G major, functioning as the tonic and dominant chords in C major. The appearance of A minor, E minor, and the secondary dominant D major chord further confirms C major as the key."
76252,C major,100,"The progression is a clear repetition of the vi-II-V-I cycle (A min7 - D7 - G7 - C major), which is a standard functional progression defining the key of C major. The chroma activations are also consistent with this, showing strong emphasis on C, G, and A."
76281,A minor,85,"The chord progression is heavily centered around A, featuring A:min9, A:min7, and an F:maj chord, which is a common bVI chord in the key of A minor. The chroma activations reinforce this with significant presence of A, B, D, E, and G, which align well with the A minor scale."
76282,E minor,90,"The chord sequence is heavily dominated by E minor (Em and Em7), which serves as the primary harmonic center. The presence of G major and D major is consistent with the key of E minor, where G is the III chord and D is the VII chord."
76283,C major,85,"The chord sequence F-Dm-Am-G-Dm is a common progression in C major (IV-ii-vi-V-ii). The chroma activations support this, with strong F, G, D, and E notes and a notable lack of Bb (A#), which would be expected in F major."
76284,G major,85,"The chord sequence consists of C, Bmin, Emin, and D, which are all diatonic to the key of G major (representing the IV, iii, vi, and V chords respectively). The chroma profile confirms this with a high F# activation and very low F natural activation, which is consistent with the G major scale and inconsistent with C major."
76285,B major,95,"The chord progression consistently uses the vi (Ab minor), V (F# major), IV (E major), and I (B major) chords, which are all diatonic to the B major key. The chroma activations align perfectly with the B major scale, strongly supporting this identification."
76286,F major,95,"The chord sequence consists primarily of F major and Bb major, which represents a clear I-IV progression in the key of F major. This is strongly supported by the chroma activation, which shows F as the most prominent pitch."
76287,C# major,100,"The chord sequence consists almost entirely of a C# major chord, and the chroma activations are heavily weighted toward C#, confirming C# major as the tonal center."
76288,G minor,85,"The chord sequence is heavily centered around G minor, supported by the frequent appearance of G minor and its resolution at the end. The presence of chords like F major, Eb major, and Bb major is consistent with the G minor key, and the chroma activations reinforce this by highlighting F, G, and D."
76349,Eb major,85,"The song is dominated by a repeating oscillation between Eb major and Bb major (specifically Bb/D), which strongly establishes an Eb major tonality. The chroma data supports this with high activations for Eb and the major seventh degree, D. Although there is a prominent F# major chord in the middle, the surrounding harmonic content is otherwise consistently centered on Eb major."
76351,B major,80,"The song is anchored by a repeating progression of A-B-F#, which points to B major as the tonic, using A as the bVII chord and F# as the V chord. The chroma activations reinforce this with strong peaks at B and F#. The middle section introduces a harmonic shift, but the return to the main riff confirms B major as the home key."
76352,Ab major,90,"The chord sequence is dominated by Ab major, which appears frequently and acts as the harmonic anchor. The presence of Eb major, the dominant of Ab, and the supporting chroma activations confirm Ab major as the tonic."
76353,F minor,85,"The chord sequence primarily oscillates between F minor and Ab major, which are relative keys. The frequent recurrence of F minor chords suggests it acts as the tonal center."
76354,Bb major,90,"The chord sequence consistently revolves around Bb major, frequently alternating between the tonic Bb and the subdominant Eb. The chroma profile confirms this with the highest activation for Bb, which is the most prominent pitch throughout the piece."
76355,C major,85,"The chord sequence primarily utilizes chords like Eb, Bb, F, and C, which are consistent with C major through the use of borrowed chords (bIII, bVII, and IV) common in popular music. The second section focuses on G, F, and C, further reinforcing C as the tonal center, and the chroma activations support this with high values for C, G, and Bb."
76356,B major,90,"The chord sequence consists of a repeating pattern of B major, E major, A major, and F# major, which corresponds to a I-IV-bVII-V progression in B major. The chroma activations also support this, showing strong presence for the key's constituent notes including B, C#, D#, E, F#, and A#."
76357,Eb major,95,"The chord sequence consists primarily of Ab major, Bb major, and Eb major, which function as the IV, V, and I chords in the key of Eb major. The chroma profile reinforces this with strong activations for Eb, Bb, and Ab, confirming the harmonic content."
76478,Ab minor,75,"The chord sequence consistently revolves around the Ab minor chord, supported by Eb minor and C# major (enharmonic for Db major), which form a functional progression in the key of Ab minor."
76479,F# major,95,"The chord sequence consistently revolves around a vi-ii-V-I progression (Eb:min, Ab:min, C#:maj, F#:maj) in F# major. The chroma activations, showing strong presence of F# and its relative minor D#, further confirm this tonal center."
76482,D minor,90,"The sequence is consistently built around D minor and G major, which is characteristic of D Dorian or D minor, while the occasional A major chords suggest a D harmonic minor influence. These chords strongly support D minor as the tonic key."
76486,C major,20,"The chord sequence provides almost no harmonic information as it is mostly composed of unrecognized labels ('N'). Given the single identifiable chord is C major and the chroma activations are ambiguous, C major is selected as the most plausible key."
76490,F minor,60,"The chord sequence is highly chromatic and non-functional, frequently oscillating between F minor, F# major (often spelled as Gb major), and Eb minor. These chords are commonly used in modern minor-mode progressions with modal interchange or Phrygian characteristics. Given the persistent focus on F as a harmonic root, F minor is the most plausible tonic."
76491,B minor,95,"The chord sequence is dominated by B minor, preceded by E minor and F# major, which form a strong iv-V-i cadence in B minor. The chroma activations, which show high values for the tonic B and the third D, further corroborate this analysis."
76497,E minor,95,"The chord progression is heavily centered on E minor, with frequent use of the dominant chord (B major or B7) and tonic chord (E minor). The presence of the relative major (G major) and the submediant (C major) are standard diatonic relationships within E minor, and the chroma activations strongly support this key, showing high values for B, E, G, and C."
76499,D major,95,"The chord sequence consists almost entirely of a D major chord, which strongly establishes D major as the tonal center."
76500,E minor,90,"The chord sequence is heavily dominated by E minor, which appears consistently and for the longest durations throughout the track. The chroma activations confirm this, with a very high value for the tonic E, supporting E minor as the clear harmonic center."
76501,E major,85,"The chord progression is clearly rooted in E major, featuring frequent use of the tonic (E major), subdominant (A major), and dominant (B sus4). The inclusion of C major and G major represents common chromatic modal interchanges (specifically the bVI and bVII chords) frequently used in rock and pop music within this key."
76504,E major,95,"The chord sequence alternates between E major and B major, which represent the I and V chords in the key of E major. The chroma activations reinforce this, with high values for B and E, confirming E major as the tonic."
76506,G major,90,"The chord sequence consistently cycles through G major, E minor, and D major, which are the I, vi, and V chords in the key of G major, respectively. The chroma activations further support this by showing strong presence in D, E, G, and B, all of which are diatonic notes in G major."
76509,B minor,100,"The chord sequence consists almost entirely of a B minor chord for the duration of the track. The chroma analysis confirms this with strong activations for B, F#, and D, which are the notes of the B minor triad."
76511,Eb major,95,"The chord progression is built around Eb, Bb, G minor, and Ab, which are diatonic to the Eb major scale. The chroma activations show strong presence of the scale degrees Eb, F, G, and Bb, confirming Eb major as the most likely key."
76513,B minor,95,"The chord sequence is heavily centered on B minor, with G major and E minor acting as standard diatonic chords (VI and iv) within the B minor key. The chroma activations also show significant presence of B, F#, and G, which strongly reinforces B minor as the tonic."
77233,C major,95,"The chord progression relies heavily on the I, ii, IV, and V chords (C, Dm, F, G) of the C major scale, returning frequently to the tonic C. The chroma activations support this conclusion, as the notes of the C major scale have significantly higher activation values than the chromatic pitches."
77234,E major,95,"The chord progression is dominated by E major, with frequent use of B major and Ab minor, which are the V and vi chords respectively in E major. The chroma profile further supports this with high activations for B, D#, E, and G#."
77235,C major,90,"The chord progression frequently cycles between C major, E minor, and A minor, which are all diatonic chords within the C major scale. The consistent return to C major throughout the sequence strongly establishes it as the tonic."
77236,G major,95,"The harmonic structure relies heavily on C, G, D, and E minor chords, which are all diatonic to the G major scale. The chroma profile, with high values for G, D, C, E, and B, provides consistent evidence supporting this key."
77304,G major,75,"G major is the most frequent and longest-lasting chord in the sequence, making it the most plausible tonal center. The presence of D minor is consistent with the use of the G Mixolydian mode, which often incorporates the minor v chord."
77308,C major,95,"The chord progression includes C major, F major, G major, and A minor, all of which are primary diatonic chords in the key of C major. C major is the most frequently occurring chord, and the chroma profile displays significant activity on C, E, and G, which are the components of the C major triad."
77309,B major,95,"The chord progression alternates between B major and E major, which strongly indicates a I-IV relationship in the key of B major. The chroma activations for B, E, and F# are consistent with the notes in the B major scale."
77311,C major,95,"The harmonic progression is composed almost entirely of chords belonging to the key of C major (I, IV, V, and ii chords). Furthermore, the chroma activations strongly reinforce this with high values for C, G, and E, which are the primary notes of the C major triad."
77312,A major,95,"The chord sequence is overwhelmingly centered on A major, which dominates the majority of the duration. The occasional D major chord acts as a IV chord, further confirming the key of A major, and the chroma activations are consistent with this tonal center."
77315,C major,95,"The chord sequence is dominated entirely by the C major chord. The chroma activations are also consistent with the key of C major, with strong support for the tonic (C) and dominant (G) notes."
77316,A minor,90,"The chord sequence heavily utilizes A minor, D minor, and G major chords, which form a common i-iv-VII progression typical of A minor or A Dorian. The chroma activations support this tonal center with significant activity on A, G, and D."
77317,C major,95,"The chord sequence consists entirely of chords found in the C major scale (C, F, G, A minor), with C major functioning as the clear tonic given its high frequency and long duration throughout the piece. This is further corroborated by the chroma activations, which show strong peaks at C, E, and G."
77374,B major,75,"The chord sequence prominently features the progression Ab:min7, C#:min7, and F#:7. Interpreting Ab as G#, this corresponds to a vi-ii-V progression (G#m7-C#m7-F#7) in the key of B major. Despite some noise and an anomalous F:min chord, the recurring vi-ii-V harmonic pattern is a strong indicator of B major."
77375,E minor,95,"The chord sequence consistently revolves around E:min as the tonic, with significant usage of A:min, B:min, G:maj, and D:maj, all of which are diatonic to E minor. The chroma activations reinforce this with strong peaks at E, A, B, and G, which are the fundamental notes of the E minor scale."
77376,D major,95,"The chord sequence consists primarily of E:min, A:maj, D:maj, and B:min, which are the ii, V, I, and vi chords respectively in the key of D major. The prominent ii-V-I-vi progression (E:min7-A:7-D:7-B:7) strongly establishes D major as the tonal center."
77377,D minor,95,"The chord sequence consistently features a recurring i-VI-iv-VII progression (D minor, Bb major, G minor, C major) in the key of D minor. This key assignment is strongly supported by the frequent appearance of the D minor tonic chord and the alignment with the provided chroma activations."
77378,C major,95,"The chord sequence is composed almost entirely of C major, F major, A minor, and G major chords, which are the primary chords in the key of C major. The strong emphasis on the C major chord throughout the sequence, supported by the diatonic functionality of the other chords, clearly indicates C major as the key."
77379,A major,95,"The chord sequence heavily features A major, D major, E major, F# minor, and B minor, which are all diatonic to the key of A major. The consistent progression and frequent arrival at the A major and F# minor chords confirm A major as the tonic."
77380,F major,95,"The chord sequence consists primarily of F major, Bb major, and C major, which correspond to the I, IV, and V chords in the key of F major. The inclusion of A minor as a iii chord further reinforces F major as the tonic."
77382,E minor,90,"The chord sequence is heavily centered around E minor, frequently utilizing E minor, A minor, G major, and C major chords, which are consistent with the E minor scale. The high chroma activations for E, G, and B, combined with the recurring E minor chord throughout the progression, strongly confirm E minor as the tonic."
77385,Db major,80,"The chord progression is dominated by a repeated ii-V-I pattern (Eb:min7 - Ab:min7 - C#:7), which is a classic jazz progression in the key of Db major. The chroma activations reinforce this with strong activity in the Db, Eb, Ab, and Bb pitch classes, corresponding to the 1st, 2nd, 5th, and 6th scale degrees of the Db major scale."
77386,F major,90,"The chord progression is dominated by the repeated use of G:min7, C:7, A:min7, and D:min7, which function as the ii, V, iii, and vi chords in the key of F major. The chroma activations are also consistent with this key."
77548,Ab minor,40,"Despite the chord recognition returning 'N' for the majority of the duration, the final chord 'Ab minor' matches the chroma distribution, which shows significant activity in G# (Ab), D# (Eb), and B (Cb), all of which are consistent with the Ab minor triad."
77549,E minor,95,"The chord sequence oscillates primarily between E minor and B minor, which functions as the i and v chords in E minor. The chroma activations further support this, with high prominence for E, G, B, D, and F#."
77550,Bb minor,95,"The chord sequence consists almost entirely of a Bb minor chord and its seventh extension, which provides strong evidence for a Bb minor tonality. The chroma activations further support this, with significant peaks at the tonic (A#/Bb), minor third (C#/Db), fifth (F), and seventh (G#/Ab) of the Bb minor scale."
77564,D minor,95,"The chord sequence is heavily centered on D:min and A:7, which functions as the dominant in the key of D minor. The inclusion of C:maj and G:7 chords is consistent with the D minor diatonic scale and its modal variations, and the chroma activations strongly support D as the tonal center."
77566,G minor,95,"The chord progression is dominated by G minor, Eb major, and C major, which strongly indicates G minor with a Dorian influence. The chroma activations are consistent with this analysis, showing high values for the notes G, D, and Eb."
77573,D major,95,"The chord sequence consists primarily of B minor, D major, G major, and A major, all of which are diatonic to D major. Given the frequent use of D major and its functional relationship to the other chords, D major is the most likely tonic."
77577,F# minor,85,"The chord sequence consistently oscillates between F#, A, and B chords, with F# chords appearing most frequently and the sequence ending on F# minor. The chroma activations show significant peaks at F#, A, and E, which correspond perfectly with the F# minor scale."
77825,Ab minor,60,"The chord progression features several occurrences of Ab major, F# major, and E major, all of which are consistent with the key of Ab minor (where F# is the enharmonic equivalent of the VII chord, Gb major). Although the harmonic content is quite chromatic, the recurring Ab root and the final Ab minor chord suggest Ab minor as the tonic."
77826,D minor,85,"The progression begins with a D major section but quickly transitions to a consistent D minor harmonic focus, featuring recurring D minor7, G minor7, and A chords. This shift, combined with high chroma activation of D and A, strongly supports D minor as the key."
77831,A minor,95,"The chord sequence is heavily dominated by the A minor chord, which appears frequently and for significant durations. The use of E major as a dominant chord and the high chroma activation for the note A strongly support A minor as the tonal center."
77832,Ab major,90,"The chord sequence is clearly centered on Ab major, utilizing the I-bVII-IV (Ab-Gb-Db) progression common in popular music. The chroma analysis strongly corroborates this, with the highest activations occurring at Ab, Eb, and Db, which correspond to the first, fifth, and fourth scale degrees."
77833,F major,90,"The chord sequence is dominated by F major chords, which serve as the tonic or home base throughout the progression. While there is a recurring chromatic descending sequence, the high frequency of F major chords and the chroma profile, which peaks on F, strongly point to F major as the key."
78067,B major,90,"The chord progression consistently features B major as the central and most sustained chord, which functions as the tonic in this context. The accompanying chroma activations show a strong emphasis on B, F#, and D#, which are core components of the B major scale."
78096,C minor,95,"The chord sequence is dominated by a C minor chord which makes up the vast majority of the song's duration. The chroma analysis strongly supports this, with the highest activations occurring on C, G, and D#, which form the C minor triad."
78099,F# minor,95,"The harmony is dominated by F# minor and D major chords, with a brief mention of E major, which is a classic progression for the key of F# minor (i - VI - VII). The chroma profile also prominently highlights F# and A, reinforcing F# minor as the tonal center."
78100,A minor,95,"The chord sequence is dominated by A minor and F major, with A minor being the clear tonic center. The high activation of the note A in the chroma data further supports A minor as the key."
78101,F# minor,90,"The chord progression consistently features F# minor, B minor, and D major, which are all characteristic chords within the key of F# minor. The high chroma activation for F# further confirms that it functions as the tonal center."
78102,C minor,75,"The chord progression is dominated by C minor and F minor (a common iv-i relationship in C minor), despite the occasional presence of C major. The chroma profile reinforces this by showing a strong emphasis on the C tonic and G dominant notes."
78104,D minor,95,"The chord sequence is heavily dominated by D minor and D minor 7 chords, accounting for the vast majority of the duration. The chroma analysis also shows a very strong activation for D, which aligns perfectly with the harmonic content."
78207,A major,95,"The chord sequence is dominated by A major and D major chords, alongside A7 (represented as A:maj/b7), which strongly suggests an A major tonality. This is further corroborated by the chroma activations, which show high values for A, C#, and D, all central to the A major scale."
78244,B major,70,"The track moves from C minor to a section emphasizing B major7 and E major7, finally concluding on B major7. Thus, B major is the identifying key."
78249,G minor,95,"The chord sequence is heavily dominated by G minor chords (including G minor 7). The use of D major and D minor as functional chords and the relative major Bb major support G minor as the tonal center. Chroma data shows high activations for G, D, and A# (Bb), which are consistent with G minor."
78252,B minor,95,"The chord sequence consists almost entirely of a B minor chord for the duration of the 60-second clip, which is a strong indicator of the key. The chroma activations support this analysis by showing presence in the B, D, and F# pitch classes that comprise a B minor triad."
78834,A minor,75,"The chord sequence primarily oscillates between A chords (A minor/major) and C major chords, strongly establishing A as the tonal center. The alternating usage of A minor and C major is characteristic of an A minor tonality, with A major likely functioning as a variation or modal inflection within that context."
78835,B minor,75,"The chord sequence is dominated by a repeated cycle of A minor, E minor, and B minor chords. These chords belong to the B minor/D major key area, and the chroma activations strongly support B as the tonic, making B minor the most consistent harmonic interpretation."
78836,D major,85,"The chord sequence is heavily dominated by D:7 and D:maj, which account for the majority of the song's duration, strongly suggesting D major as the tonal center. While there are initial chords in Ab and C#/Db, the harmonic progression settles firmly into D."
78839,A major,95,"The chord sequence heavily features the I (A), V (E), and IV (D) chords of A major, along with the iii (C#m) chord, all of which strongly support A major as the tonic."
78840,A major,80,"The chord sequence heavily features A major and E major, which points to a strong tonic-dominant relationship in the key of A major. The inclusion of C major and A minor chords is common in rock and popular music as modal interchange, and the chroma activations of A, E, and G# provide additional support for A major as the tonal center."
78843,D# minor,30,"The chord sequence was uninformative. The chroma activations show a strong prominence of D# and A#, which are the tonic and fifth of D# minor, while the presence of F# and C# further supports this assignment."
78845,A minor,90,"The chord sequence consists primarily of A minor, E minor, and C major, which are all consistent with the A minor scale. The high chroma activations for A, E, and G further reinforce A minor as the likely key."
78847,A minor,95,"The chord sequence consists primarily of A minor and D minor, with an F major chord also present. These chords are all diatonic to the key of A minor. Furthermore, the chroma activations strongly support this with peaks on A, E, and C, which are the notes of the A minor triad."
78848,C minor,90,"The song predominantly oscillates between the C minor and Bb major chords. Given that these chords, along with the occasional G minor, are diatonic to the C minor scale and C minor serves as the primary harmonic center, C minor is the most likely key."
78852,D minor,85,"The chord sequence primarily utilizes D minor, A minor, and F major, all of which are diatonic to the D minor key. Given the significant duration of the D minor chord and its placement at the beginning, it functions most strongly as the tonic."
79339,Eb minor,90,"The chord progression repeatedly cycles through Eb minor, B major, and C# major, which forms a classic i-VI-VII progression in the key of Eb minor. The persistent return to the Eb minor chord strongly establishes it as the tonic center of the piece."
79340,C minor,85,"The chord sequence is dominated by C minor and Eb major chords, which share the same key signature and frequently appear in C minor progressions. The chroma profile reinforces this with high activations for Bb, G, Eb, and C, all of which are primary notes in the C minor scale."
79344,C minor,95,"The chord sequence is heavily dominated by C minor chords, which strongly suggests C minor as the tonic. This is further supported by the chroma activations, which show the highest intensity at C."
79363,D major,95,"The chord progression predominantly alternates between D major and G major, establishing a clear I-IV relationship characteristic of the D major key. The chroma activations support this, with D, G, and A showing the highest values, all of which are primary notes within the D major scale."
79364,E major,95,"The chord progression is dominated by E major and A major, which represent the I and IV chords in E major. This is reinforced by the high chroma activation values for E, G#, B, and A, which are all consonant with the E major scale."
79365,D major,95,"The chord progression prominently features D major, G major, B minor, and A sus4, which are the I, IV, vi, and V chords in the key of D major. The chroma profile, with strong activations for D and F#, further supports this tonal center."
79366,G major,95,"The chord sequence is composed of G major, C major, D major, and E minor chords, which are the I, IV, V, and vi chords in the key of G major. The high chroma values for G, B, and D further corroborate G major as the key."
79367,B major,100,"The chord sequence consists primarily of B, E, F#, and Ab minor (enharmonic to G# minor), which function as the I, IV, V, and vi chords in the key of B major. The chroma profile strongly supports this, with the highest activations at B and F#, which are the tonic and dominant notes of the key."
79368,E major,100,"The chord sequence consists primarily of E major, B major, C# minor, and A major, which correspond to the I, V, vi, and IV chords in the key of E major. The chroma activations align with this analysis, showing high intensity for the notes E, B, A, G#, and D#, all of which are essential members of the E major scale."
79369,E major,100,"The chord sequence consistently features E major, A major, and B major, which are the I, IV, and V chords in the key of E major. The chroma activations strongly align with this harmonic progression."
79372,G major,95,"The chord sequence consists primarily of G major, C major, E minor, and D major, all of which are diatonic to G major. Given the frequent usage of G major and the typical cadences formed by these chords, G major is the most likely tonic."
79604,F minor,85,"The chord sequence is dominated by F minor, which appears repeatedly and for the longest durations. The inclusion of the subdominant (Bb minor) and the relative major (Ab major) further reinforces F minor as the tonal center."
79731,D major,95,"The chord sequence consists primarily of chords in the D major scale, such as D, G, A7, Em7, and Bm. The frequent ii-V-I progressions like Em7-A7-D strongly point to D major as the key."
79733,D major,85,"The chord sequence is dominated by a D major chord for the majority of the duration provided. The chroma activations are consistent with this, showing significant prominence in D and F#, which are primary notes within the D major triad."
79734,D major,95,"The chord progression is dominated by D major and A major (along with A:sus4 and D:maj/5 variants), which are the tonic and dominant chords in the key of D major. The chroma activations confirm this with significant emphasis on A and D."
79736,A major,95,"The chord sequence is dominated by repeated iterations of A, D, and E chords, which function as the I, IV, and V triads in the key of A major. The chroma activations align with this analysis, showing high values for E, A, D, and C#, all of which are central tones in the A major scale."
79744,D major,95,"The chord sequence consists primarily of D major, G major, and A major, which represent the I, IV, and V chords in the key of D major. This strong functional harmonic relationship, along with the high chroma activation for D, confirms the key is D major."
79745,E major,90,"The chord sequence features a repetitive pattern of E major, A major, and C# minor, which strongly suggests the key of E major (I-IV-vi progression). This is supported by the chroma activations, which show a high concentration on E and A, with E being the most prominent, confirming it as the likely tonic."
79746,C# major,90,"The chord sequence is dominated by C#:maj and Ab:maj, which function as the tonic and dominant in the key of C# major (with Ab:maj being an enharmonic spelling of the dominant G#:maj). The presence of A:maj and E:maj chords can be explained as chromatic mediant relationships, which are common in this harmonic context. The frequent use of C# in the bass in the A:maj/3 chord further reinforces C# as the tonal center."
79749,G major,85,"The chord sequence features G major, C major, E minor, and D major, which are all diatonic chords within the key of G major. The chroma activations are consistent with this key, showing prominent values for G, E, B, and C, which are all members of the G major scale."
79753,E major,100,"The chord sequence consists entirely of E major, A major, and B major, which form a I-IV-V progression in the key of E major. The chroma activations are also consistent with this key, showing high values for E, B, G#, and A."
79754,E major,100,"The chord progression is a clear I-V-vi-IV pattern (E, B, C#m, A) which is common in E major. The chroma activations align perfectly with the E major scale, reinforcing this conclusion."
79755,B major,95,"The chord sequence follows a persistent I-V-vi-IV progression (B major, F# major, Ab minor, E major), which is characteristic of the key of B major. The chroma activations strongly support this with dominant peaks at B, F#, and G#/Ab."
79756,G major,100,"The chord progression is dominated by G major, with supporting chords (E minor, C major, D major) all belonging to the G major diatonic scale. Additionally, the chroma vector shows strong activations for the notes G, B, and D, which are the components of the G major triad."
79757,D major,95,"The chord sequence is composed primarily of D major, G major, and B minor, which are all diatonic chords within the key of D major. The chroma activations reinforce this conclusion, showing high values for the tonic, third, and dominant notes of the D major scale."
79758,D major,95,"The chord sequence consists entirely of an alternation between D major and G major, which function as the I and IV chords in the key of D major. The chroma activations are consistent with this analysis, showing significant peaks at D, G, and A."
79759,E major,95,"The chord sequence consistently alternates between E major and A major, with E major acting as the stable tonic throughout. The chroma data strongly supports this, with the highest activations being E, A, G#, and B, which are the primary notes of the E major and A major chords."
79760,D minor,85,"The harmonic progression is clearly centered around D, with significant usage of both D minor and D major chords. The frequent returns to D minor and the high chroma activity on D strongly support D minor as the tonic key."
79784,E minor,20,"The chord sequence consists almost entirely of unrecognized segments, with E minor being the only identified chord. This aligns with the chroma profile, where E is the highest value, though the overall lack of harmonic data makes the confidence very low."
79799,E major,10,"The chord sequence was labelled entirely as 'N', providing no harmonic context. The chroma activations were relatively flat, with small peaks at E, F, and B, making E major a plausible, though highly uncertain, guess."
79895,A minor,90,"The chord sequence consists primarily of A minor, F major, and D minor, which are all diatonic to the A minor scale. The strong chroma activations for A and C further reinforce A minor as the tonic."
80000,G major,95,"The chord sequence consists primarily of chords diatonic to the G major scale, including G, A minor, C, and D. The frequent return to the G major chord and the chroma distribution, which highlights G, D, and B, strongly support G major as the tonic."
80001,D major,95,"The chord sequence cycles through D major, F# minor, and G major chords, which are all diatonic to the D major scale (I-iii-IV). These chords strongly establish D as the tonic, and the chroma activations are consistent with this analysis."
80002,F# major,95,"The chord sequence consistently features the I (F# major), ii (Ab minor), and V (C# major) chords, which strongly establish F# major as the tonal center. The chroma activations confirm this, showing a high prominence for F#, G#, and C#. Occasional deviations like E major and B major are common harmonic colorings within this key."
80005,E major,100,"The chord sequence consisting of E major, C# minor, A major, and B major represents the I, vi, IV, and V chords, which are characteristic of the key of E major. The chroma activations are also consistent with this key, showing high peaks at E, B, A, and C#."
80076,F# major,60,"The chord sequence primarily utilizes F# and B chords, with F# serving as the central harmonic anchor. Although the sequence features a mix of major and minor chord qualities, F# is the most frequent tonic, making F# major the most suitable classification."
80087,F# major,95,"The chord sequence is dominated by F# major chords, and the chroma profile shows significant activations for F#, A#, and C#, which strongly align with the F# major triad."
80088,F major,75,"The song predominantly alternates between F major and A major chords, which is characteristic of a harmonic progression in F major where the A major chord functions as a secondary dominant (III) or a chromatic mediant. The high chroma activations for F, A, and A# (Bb) are consistent with the F major scale, further supporting F major as the tonic."
80089,Db major,85,"The chord sequence consists primarily of the chords Db (C#), Eb, and Bb, which are characteristic of the key of Db major, often appearing in a I-II-vi progression. The chroma activations, which show strong peaks for Eb, Ab, and F, are also consistent with this key."
80090,Eb major,40,"The chord sequence consists almost entirely of unrecognized segments, but provides a single Eb major chord. The chroma profile is dominated by an Eb/D# peak, which supports Eb as the likely tonic."
80091,F major,65,"The chord data is null, so the key was identified from the chroma activations. The presence of strong F, G, C, and E activations strongly aligns with the F major scale."
80142,Eb minor,90,"The song is almost entirely comprised of Eb minor and Eb minor7 chords, strongly suggesting Eb as the tonic. The chroma activations further support this, showing high values for D#, F#, and A#, which are the constituent notes of the Eb minor triad."
80145,C major,95,"The chord sequence consists primarily of C major and E minor chords, which function as the I and iii chords in the key of C major. The chroma profile, showing strong peaks at C, E, G, and B, is consistent with this analysis."
80159,A minor,75,"The harmony centers on A minor and A major chords, with a characteristic movement involving Bb and A, suggesting an A minor or Phrygian context. The chroma profile supports this, as A is the most prominent note and G# (the leading tone in A minor) is also heavily represented."
80162,D major,90,"The chord progression is primarily composed of D major, A major, and B minor chords, all of which are diatonic to the key of D major. The strong presence of these chords, combined with the chroma activations highlighting D and A, supports D major as the most likely tonic."
80163,Eb major,75,"The chord sequence is heavily anchored around Eb major, with frequent occurrences of the tonic (Eb), dominant (Bb), and subdominant (Ab) chords, forming a strong I-V-IV basis. The frequent F# major chords act as a common chromatic borrowing (bVI) frequently seen in pop and rock music, and the chroma analysis shows strong activation of notes consistent with the Eb major/minor tonality."
80239,C# minor,90,"The chord sequence consistently alternates between A major, C# minor, and Ab minor (which is enharmonically G# minor). This progression is characteristic of the key of C# minor, where A major acts as the VI chord and G# minor functions as the v chord. The chroma activations, showing strong presence of A, G#, and E, further corroborate this key signature."
80301,A minor,95,"The chord sequence relies heavily on the progression D minor, G major, and A minor, which is a common progression in the key of A minor. The chroma activations are also centered around A, further confirming A minor as the tonic."
80307,E major,85,"The chord sequence consistently features E major as the primary tonal center, frequently oscillating with G major and A major. This progression (I-bIII-IV) is common in rock and blues, effectively functioning in the key of E major with Mixolydian inflections. The chroma activations also highlight E, B, and G, further supporting E as the tonic."
80311,G major,90,"The chord progression is dominated by an alternation between G major and B minor, functioning as I and iii in G major, with support from the V (D major) and IV (C major) chords. The appearance of the C minor chord acts as a borrowed minor iv, a common harmonic device in G major, and the chroma profile supports this tonality."
80312,B minor,90,"The harmonic progression is consistently built around the B minor chord, frequently alternating with D major and E major, which is characteristic of the B Dorian mode. The chroma activations align with this analysis, showing high prominence for B, D, and A."
80426,F# minor,65,"The chord progression is dominated by a repeated F# minor 7 and C# minor 7 pattern, which defines the key of F# minor. The presence of E minor 7 and other chords suggests a modal or jazz-influenced context, but F# minor provides the most consistent harmonic center."
80429,C minor,95,"The chord progression is almost entirely dominated by C minor with some alternating F major chords. The chroma activation profile strongly supports C as the tonic, showing a significant peak at C and G."
80439,G major,90,"The chord sequence consistently cycles between G major, E minor, and F major. F major acts as the bVII chord, which is a common borrowed chord in the key of G major, and the chroma activations (with prominent E, B, D, and G) align well with this tonal center."
80449,F major,95,"The chord sequence is composed of F major, C major, Bb major, and D minor, which are all diatonic chords in the F major scale, with F major serving as the clear tonic. The chroma activations support this, showing the highest concentrations on F, A, and C, the notes of the F major triad."
80491,G minor,85,"The chord sequence consists primarily of G minor, F major, C minor, and Bb major, which are all chords diatonic to the G minor scale. Given that G minor appears frequently and serves as a point of stability throughout the sequence, it is the most likely tonic."
80503,D minor,95,"The chord sequence is heavily centered on D minor, utilizing chords like F major, A minor, C major, G minor, and Bb major, which are all diatonic to the D natural minor or D Dorian scale. The chroma analysis strongly supports this with high activations for D, A, F, and G."
80783,Eb major,85,"The chord progression is dominated by Eb major and Ab major, functioning as the I and IV chords in the key of Eb major. The chroma profile further supports this key, with high activations for D# (Eb) and A# (Bb)."
80786,C major,85,"The chord sequence oscillates primarily between C major and D major, which is characteristic of a C Lydian tonality. Given the frequent return to and emphasis on the C major chord, C major is the most appropriate tonic."
80793,C major,30,"Since the chord sequence is empty, the key is estimated from the chroma activations, which exhibit a dominant peak on C and include supporting notes consistent with the C major scale."
81238,A major,95,"The chord sequence consists primarily of A major, F# minor, and D major chords, all of which are diatonic to the A major scale (I, vi, IV). The chroma activations also strongly corroborate this, showing high energy for A, C#, and E, which constitute the A major triad."
81241,C minor,90,"The chord sequence consistently uses C minor as the tonic, with frequent use of G major (the dominant) and Ab major (the submediant), which are standard chords in the key of C minor. The chroma profile further supports this, showing strong activity on C and D."
81243,D major,95,"The chord progression is dominated by chords from the D major scale, including I (D), IV (G), V (A), vi (Bm), and iii (F#m). The chroma activations also align strongly with the D major scale tones, confirming this assessment."
81244,G major,95,"The chord progression is centered on G major, with frequent C major (IV) and occasional D major (V) chords, indicating a clear I-IV-V progression in G major. The high chroma activation for G, along with significant activations for D and C, strongly supports G major as the tonic."
81246,E major,85,"The harmony oscillates primarily between E major and A major, which are the I and IV chords in the key of E major. The chroma activations, which show strong E, A, B, and C# content, further support E major as the most likely tonic."
81248,E major,95,"The chord sequence is dominated by an E major chord for the vast majority of the duration. Furthermore, the chroma activations show strong peaks at E, G#, and B, which are the primary notes of the E major triad, strongly supporting E major as the tonal center."
81252,G major,85,"The chord sequence is dominated by G major and its relative minor, E minor. The appearance of an F major chord is characteristic of a bVII chord often used in the key of G major, and the chroma profile, with strong activity at B, E, and G, is highly consistent with the G major scale."
81355,E major,95,"The chord progression features the I (E major), iii (Ab minor, enharmonically G# minor), vi (C# minor), ii (F# minor), IV (A major), and V (B major) chords, all of which are diatonic to the key of E major. The chroma activations strongly support this with major peaks at G#, E, B, and F#, which are characteristic of the E major scale."
81356,Bb major,95,"The chord progression is centered around Bb major, F major, and Eb major, which are the primary chords in the key of Bb major. Secondary chords like G minor and C minor further support this key, and the overall harmonic movement consistently resolves to the tonic."
81357,Bb major,95,"The chord sequence consistently cycles through Bb major, G minor, Eb major, and F major. These chords represent the I, vi, IV, and V harmony in Bb major, which is a classic and highly stable progression confirming the key."
81364,A major,95,"The chord sequence primarily features the I-vi-IV-V progression using A major, F# minor, D major, and E major chords, which is characteristic of the key of A major. This is further supported by the chroma activations, where the highest values correspond to notes within the A major scale (A, E, B, F#, C#, D)."
81368,C# major,95,"The chord sequence is dominated by C#:maj, Bb:min, and Eb:min, which correspond to the I, vi, and ii chords in the key of C# major (enharmonically equivalent to Db major). The chroma activations strongly reinforce this tonic, as C# is the most prominent note."
81370,Eb minor,75,"The progression features a significant presence of Eb minor and Eb major chords, along with Ab major. Despite the long section of unrecognized chords, the harmonic center appears to be centered on Eb."
81382,Bb major,95,"The chord sequence consists entirely of alternating Bb major and G minor chords, which are the I and vi chords in the key of Bb major. This harmonic pattern, combined with the high activation of Bb (A#) and G in the chroma, strongly supports a key of Bb major."
81450,C major,95,"The chord sequence heavily utilizes C major, F major, G7, D minor, and A minor, which are all diatonic chords within the key of C major. The chroma activations provide additional support, showing the highest energy levels on notes that belong to the C major scale."
81451,F major,90,"The chord sequence consisting of F major, D minor, G minor, and C major is strongly characteristic of the F major key, where these represent the I, vi, ii, and V chords respectively. The chroma activations support this with strong peaks at F, A, and C, further reinforcing F major as the tonal center."
81452,D major,95,"The chord sequence relies heavily on standard functional harmony within the key of D major, utilizing the tonic (D major), subdominant (G major), dominant (A major), and the ii and vi chords (E minor and B minor). The chroma activations strongly support this, as the most prominent pitches (D, E, F#, G, A, B) align perfectly with the D major scale."
81454,C major,90,"The chord sequence cycles primarily through diatonic chords common to C major and its relative minor, A minor, including Am, Dm, C, F, Em, and G. The clear resolution of G7 to C major, along with the consistent use of the C and F major chords, strongly supports C major as the tonal center."
81455,E major,95,"The chord sequence consists primarily of E major, A major, F# minor, C# minor, and B7, which are all diatonic to the key of E major. This harmonic progression strongly points to E major, which is further supported by the chroma activations showing high peaks for notes belonging to the E major scale."
81461,B minor,90,"The chord sequence consists primarily of B minor, D major, E minor, G major, and A major/A7, which are all diatonic to the B minor scale. Given that the piece frequently returns to B minor and starts and ends on it, B minor is the most appropriate key label."
81462,F major,90,"The chord sequence follows a functional progression characteristic of F major, including standard cadences and secondary dominants like the G major and A major chords. The chroma activations are highly consistent with the F major scale, showing prominent peaks for F, Bb, C, A, and D."
81463,F major,75,"The chord sequence is dominated by the F major chord, with supportive chords including D minor, A minor, and C major, all of which are diatonic to F major. The inclusion of a C7 to F major progression strongly suggests a dominant-tonic relationship, establishing F major as the tonic."
81465,B major,85,"The chord sequence consistently relies on B major, C# minor, and E major, which form the primary functional harmony of the B major scale. While there are brief passages featuring Eb major and Ab minor, the overall harmonic center remains firmly in B major throughout the piece."
81466,E major,95,"The chord progression is dominated by E major, B major (and B7), and A major, which function as the I, V, and IV chords in the key of E major. The inclusion of the C# minor chord, which is the relative minor (vi) of E major, and the chroma activation profile further support E major as the tonal center."
81468,C minor,95,"The chord sequence consists entirely of alternations between C minor and F minor chords, which is a clear i-iv progression indicating a C minor tonality. The chroma activations reinforce this with high values for C, D#, G#, and A#, all of which are essential notes in the C minor scale."
81476,F major,95,"The chord progression is dominated by the F major, Bb major, and C major chords, which represent the I, IV, and V chords in the key of F major. Additionally, the chroma profile shows strong activations for F, A, and C, which are the fundamental tones of the F major tonic triad."
81478,C major,95,"The chord sequence consists almost entirely of an alternation between C major and F major, which are the I and IV chords in the key of C major. The chroma profile reinforces this conclusion with strong activations on C, F, G, and E, which correspond to the tonic, subdominant, dominant, and mediant notes of the C major scale."
81479,E major,95,"The chord sequence primarily oscillates between F# minor (the ii chord) and Ab minor, which functions as G# minor (the iii chord). The progression concludes with a resolution through B major (the V chord) to E major (the I chord), strongly establishing E major as the key."
81480,B minor,90,"The chord sequence heavily features B minor, G major, and A major, which forms a standard i-VI-VII progression in B minor. The chroma activations reinforce this, with high values for B, D, and F#, which are the notes of the B minor triad."
81481,Bb minor,95,"The chord sequence oscillates consistently between Bb minor and Eb major, which is a common i-IV progression in the Bb Dorian mode. The chroma activations strongly support this as well, with a significant peak at A# (Bb)."
81483,Eb minor,85,"The chord sequence, featuring frequent usage of the Eb minor chord and common chords like B, C#, and F#, strongly suggests Eb minor (enharmonically D# minor) as the key. The progression can be analyzed as a VI-i-VII-III progression in the key of Eb minor, and the harmonic content centers on the Eb minor chord, which is the final chord in the sequence."
81484,B minor,95,"The chord sequence consists primarily of B minor and E minor, which strongly indicate B minor as the tonal center. The chroma activations further support this by showing B as the most prominent pitch class."
81487,G minor,65,"The chord sequence alternates between G minor and F major, which is a common i-VII progression in G minor. The chroma activations also strongly support the notes found in the G minor scale (G, Bb, D, F, A, C)."
81489,D major,95,"The harmonic progression is clearly centered around D major, utilizing the I (D), IV (G), and V (A) chords extensively. The presence of diatonic chords such as E minor and F# minor, along with B major functioning as a secondary dominant to E minor, further reinforces the key of D major."
81490,C major,95,"The chord sequence consists almost entirely of C major and F major chords, clearly establishing a I-IV harmonic progression in C major. The chroma activations reinforce this with a dominant C tone, providing high confidence in the tonal center."
81491,F# minor,95,"The chord sequence consists of F#:min, B:7, C#:min7, and D:maj, which are all consistent with the key of F# minor. The frequent repetition of this cycle, especially with the use of B:7, strongly establishes F# minor as the tonic."
81492,Ab major,85,"The chord sequence is dominated by the Ab major chord, which functions as the tonic. The presence of C# major and F# major chords, alongside the chroma profile, further supports Ab major as the key."
81493,E minor,90,"The chord sequence is dominated by E:min7, D:7, and G:7, which are highly characteristic of the key of E minor. The chroma activations showing peaks at E, F#, G, and D further confirm this tonal center."
81495,E major,90,"The chord sequence features a prominent E major chord sustained for most of the duration, and the B major to E major transition serves as a strong V-I cadence. These harmonic features, supported by the high activation of E in the chroma analysis, point to E major as the tonic."
81497,C major,95,"The chord sequence revolves around C major and includes diatonic chords such as F, G, D minor, A minor, and E minor, which all strongly point to C major. The chroma activations confirm this, with a clear peak on C."
81498,C major,95,"The chord sequence consists entirely of alternating C major and F major chords, which function as the I and IV chords in the key of C major. The chroma activations are consistent with this analysis, showing high values for the notes present in these chords."
81499,E minor,80,"The chord sequence repeatedly establishes an E minor harmonic center using a recurring i-III-iv-V7 pattern (Em, G, Am, B7). While the song concludes with a cadence in G major, the strong initial focus and frequent returns to the E minor tonic throughout the sequence strongly suggest E minor is the primary key."
81501,E major,95,"The chord progression consistently uses chords found within the E major scale, specifically the I (E), IV (A), V (B), vi (C#m), and iii (G#m/Abm) chords. The chroma analysis also reinforces this with strong activations for E, G#, and B."
81504,D major,95,"The chord progression is almost entirely composed of D major chords, and the chroma activations show a clear peak at D, F#, and A, which are the notes that define a D major triad."
81506,D major,95,"The chord sequence is dominated by a repeated progression of D:7, A:7, and G:7, which is a classic blues-based I-IV-V pattern in the key of D major. The final chord is D:maj, further confirming D as the tonic."
81507,E major,95,"The chord sequence consistently uses E major, B, A, C# minor, and F# minor chords, which are all diatonic to the E major key signature. The chroma activations are also strongly centered on notes belonging to the E major scale, specifically E, A, B, and C#."
81508,E major,95,"The chord sequence predominantly features E major, A major, and B major, which correspond to the I, IV, and V chords in the key of E major. The chroma activations reinforce this, with strong peaks on E, A, B, and G#, which are all notes within the E major scale."
81509,E major,95,"The chord progression is dominated by the I, IV, and V chords (E, A, B) in the key of E major. The inclusion of secondary dominants and the vi chord (C# minor) further reinforces this tonal center, and the chroma profile shows strong activations on the notes E, A, and B, which are consistent with the E major scale."
81510,F major,95,"The chord sequence relies heavily on F major, D minor, Bb major, and C major chords, which are the primary chords of the F major key. The chroma activations are consistent with this analysis, showing strong peaks at F, A, and C."
81511,B major,95,"The chord sequence repeatedly uses B major, Ab minor, E major, and F# major/7, which constitute a standard I-vi-IV-V progression in B major. The chroma activations reinforce this with significant presence of B, F#, G#, and D#, all of which belong to the B major scale."
81514,F# major,95,"The chord sequence is heavily dominated by F# major, B major, and C# major, which function as the I, IV, and V chords in F# major. The inclusion of the G#min7 chord (labeled as Ab:min7) acts as the ii chord, further solidifying this tonality. The chroma activations align with this analysis, showing high peaks for the primary chords of the key."
81516,A major,70,"The chord sequence consists primarily of a sustained A major chord following a period of silence. The chroma activations show strong peaks at A and E, which are the tonic and dominant of the A major scale, supporting this key."
81517,B major,95,"The chord sequence consists of alternating B major and E major chords, which is a common I-IV-I progression in B major. This is further supported by the chroma activations, which show strong values for the B major triad notes (B, D#, and F#) and the fourth scale degree (E)."
81519,C major,100,"The chord sequence heavily features the I-IV-V progression (C major, F major, G major), which is characteristic of the key of C major. The chroma activations also show significant weight on the C, E, F, G, and B notes, which are all part of the C major scale."
81520,D major,95,"The chord sequence consists almost entirely of D major and G major, which represent the I and IV chords in the key of D major. The high D chroma activation further confirms this as the tonic."
81523,C# minor,90,"The chord sequence consists primarily of C# minor, F# minor, and G# minor (labeled as Ab minor), which function as the i, iv, and v chords in the key of C# minor. This harmonic structure is strongly supported by the high chroma activations for C#, E, and G#."
81526,F major,90,"The harmonic sequence heavily relies on the F major triad, with Bb major, D minor, and C7 chords establishing a strong F major tonal center. The use of A7 acts as a secondary dominant leading into D minor, which is consistent with the progression in the key of F major."
81527,D major,85,"The harmony frequently oscillates between D major, A major, and E major chords. Given that D is the most prominent note in the chroma activations and the chord sequence frequently resolves to or features D major, D major is the most likely key."
81528,D major,95,"The chord sequence consists of D, G, and A/A7 chords, which are the I, IV, and V chords in the key of D major. The chroma profile also shows strong activations for the notes D, A, and F#, providing further confirmation of this key."
81531,E major,100,"The chord sequence consistently follows a IV-V-I progression (A major - B major/7 - E major), which strongly establishes E major as the tonic. The chroma activations support this, with prominent peaks on E, B, and A, corresponding to the I, V, and IV chords respectively."
81532,G major,95,"The chord progression is dominated by G major, C major, D major, and E minor, which are all standard chords within the G major scale (I, IV, V, vi). The chroma analysis also shows high activations for G, D, E, B, and F#, providing strong confirmation for the key of G major."
