track_id,key,explanation
2014,C major,"The chord sequence features F major, C major, G major, D minor, and A minor prominently, all of which are diatonic to C major. The recurring F#:hdim7 likely functions as a chromatic passing/secondary diminished chord (vii°7/iii), common in C major contexts. The G:maj as a natural V chord, along with the final C:maj, further supports C major as the tonic."
1533,G major,"The chord sequence is heavily centered on G major, with D major (V), C major (IV), and E minor (vi) all serving as diatonic chords in G major. The progression I-V-I and IV-V-I patterns strongly confirm G major as the tonic."
6213,Eb major,"The chord sequence is dominated by Eb:maj, Ab:maj (IV), and Bb:7 (V7), which are the primary I, IV, and V chords in Eb major. The extensive use of dominant 7th chords (Eb:7, Ab:7, Bb:7) is consistent with a blues/jazz style in Eb major. There is a brief modal detour through D:7 and G:min (likely a tonicization of G minor or the relative minor of Bb), but the sequence consistently returns to the Eb major tonal center."
49,C major,"The chord sequence consists entirely of C major, F major, and G major chords, which are the I, IV, and V chords of C major. C major appears most frequently and in the strongest positions, clearly establishing it as the tonic."
4347,Eb major,"The chord sequence is dominated by Eb:maj, with Bb:7 (V7) and Ab:maj (IV) as the main supporting chords, all diatonic to Eb major. The frequent return to Eb:maj as a tonal center and the use of Bb:7 as a dominant seventh resolving to Eb strongly confirm Eb major as the key."
5028,Eb major,"The chord sequence is dominated by Eb:maj7 as the tonic, with repeated ii-V-I progressions (F:min7 → Bb:7 → Eb:maj7) and IV chord appearances (Ab:maj7), all hallmarks of Eb major. The C:7 functions as a secondary dominant (V7/ii) leading to F:min7, and the brief chromatic detours (B:maj7, F#:7) are transient tonicizations that resolve back to Eb major."
4424,Bb major,"The chord sequence is built around the I-ii-V7-I progression in Bb major: Bb:maj (I), C:min7 (ii7), F:7 (V7), resolving back to Bb:maj. The B:dim7 acts as a chromatic passing diminished chord between Bb and Cm, a common jazz/pop device. The E:7/E:dim7 chords are likely enharmonic or recognition errors for Eb-related chords, consistent with a Bb major tonality."
1579,C major,"The chord sequence is built entirely on C, F, and G major chords, which are the I, IV, and V chords of C major. The progression strongly centers on C as the tonic, with F and G providing the classic subdominant and dominant functions."
968,C major,"The chord sequence is built around C major as the tonal center, with the I (C:maj), IV (F:maj), V7 (G:7), vi (A:min), and ii7 (D:min7) chords all diatonic to C major. The repeated I-vi-ii-V7 progressions and I-IV-V7 patterns strongly confirm C major as the key."
933,C major,"The chord sequence is heavily centered on C major, with F major (IV) and G7 (V7) serving as the primary supporting chords. The D major chord appears briefly as a secondary dominant (V/V), which is a common embellishment in C major. The overall harmonic progression strongly confirms C major as the tonic."
2084,C major,"The chord sequence strongly centers on C major through repeated V7-I cadences (G:7 → C:maj), with characteristic jazz harmony including C:maj6, F:maj6/F:7 (IV), D:min7 (ii), and A:7 acting as a secondary dominant to D minor. The opening chromatic passage (Ab:min7, G:7, Gb:7, F:hdim7, Fb:maj7) appears to be a chromatic intro leading into the main tonal center, and the recurring pattern of G:7→C:maj confirms C major as the key."
3742,F major,"F major appears most frequently and for the longest total duration. The sequence includes a clear ii7-V7-I progression (G:min7 - C:7 - F:maj), strongly confirming F as the tonic. Chromatic chords like Db:7 (likely a tritone substitution for G7) and E:maj appear briefly as decorative or secondary dominant-type chords, but F major is unambiguously the home key."
4735,G major,"The chord sequence is built around G (I), C (IV), and D7 (V7), which are the primary chords of G major. Supporting chords include Am7 (ii7) and G7 (acting as V7/IV), all consistent with G major tonality."
3493,Eb major,"The chord sequence is dominated by Eb:maj, with the other chords (F:min7 as ii, Ab:maj as IV, Bb7 as V, Bb:sus4 as V) all functioning diatonically within Eb major. There is a middle section with modal mixture borrowing from Eb minor (Cb:maj, Db:maj, Bb:min7, Eb:min), but the song clearly centers on Eb with functional V–I motion returning to Eb:maj at the end."
5006,Bb major,"The chord sequence is built around Bb major as the tonic, with Eb (IV), F:7 (V7), C:min (ii), and G:min (vi) — all diatonic to Bb major. The recurring Bb:7 functions as a secondary dominant (V7/IV) leading to Eb, a common blues/gospel inflection that reinforces the Bb major tonality."
1097,G major,"The chord sequence repeatedly features A:hdim7 - D:7(b9) - G:maj7, a textbook ii°7 - V7(b9) - I progression in G major. Supporting chords like A:min7 (ii), E:min7 (vi), and G:maj6/G:maj7 (I) all reinforce G as the tonic. Chromatic passing chords (Bb:7, Ab:7) and secondary dominants (A:7(b9) as V7/ii, B:7 as V7/vi) are consistent with jazz-style embellishment within a G major framework."
2143,C minor,"The chord sequence repeatedly features the ii-V-i progression in C minor (D:min7 → G:7 → C:min7/C:min9), which is the strongest indicator of the tonic. While there are modulating sections (e.g., F:min7 → Bb:7 → Eb:maj for a ii-V-I in Eb, and E:min7 → A:7 → D:maj for a ii-V-I in D), the song consistently returns to C minor as its home key."
1668,F minor,"The chord sequence is built around F:min as the tonic, with C:7 (V7 in F minor) repeatedly resolving back to F:min. The Bb:min7 functions as the iv chord, and Db:9 serves as the bVI chord, all consistent with F minor. The pattern repeats twice, reinforcing F minor as the key center."
5859,G major,"The chord sequence is dominated by G major and D7, which are the I and V7 chords in G major. The occasional C major chord reinforces this as the IV chord. The strong tonic-dominant relationship clearly points to G major."
3438,C major,"The chord sequence is dominated by C:maj, F:maj, and G:7, which are the I, IV, and V7 chords in C major. The repeated cadential motion of G7 resolving to C major strongly confirms C major as the tonic."
1986,C minor,"In C minor, both G minor (v) and F minor (iv) are diatonic chords, making the alternating G minor–F minor pattern a classic iv–v oscillation in the minor key. The C minor chord appearing at the end further confirms C minor as the tonic."
3508,G major,"The chord sequence strongly centers on G major, with D:7 (the dominant seventh) repeatedly resolving to G:maj, establishing a clear tonic-dominant relationship. C:maj functions as the subdominant (IV), and A:min as the supertonic (ii), all diatonic to G major. The C:aug chord is a chromatic passing chord but doesn't disrupt the overall G major tonality."
2969,G major,"The chord sequence strongly centers on G major, with G:maj7, G:maj9, G:maj, and G:maj6 serving as the tonic chord and D:7 functioning as the dominant seventh (V7) resolving repeatedly to G. The diatonic chords E:min7 (vi), A:min7 (ii), and C:maj (IV) further confirm G major, while C:min is a borrowed iv chord and A:7 acts as a secondary dominant (V7/V) leading to D:7."
402,F major,"The chord sequence is strongly centered on F major, featuring the core diatonic chords F (I), Bb (IV), C7 (V7), Dm (vi), and Gm (ii) prominently and repeatedly. The secondary dominants (A7→Dm, F7→Bb, E7→Am, D9→Gm) are typical embellishments within an F major tonal framework, confirming F major as the key."
6432,G major,"The chord sequence revolves heavily around G major as the tonic, with D major (V), C major (IV), E minor (vi), and A minor (ii) all appearing as diatonic chords in G major. The repeated G-D-C-Am-Em progressions strongly confirm G major as the key."
2975,C major,"The chord sequence is anchored in C major throughout, with frequent ii-V-I progressions (Dm7–G7–C:maj) and diatonic chords like F:maj, A:min. There are brief tonicizations to E major (via B:7) and D minor (via A:7), but the song consistently returns to C major as its tonal center."
5482,C minor,"The three chords present—C minor, F minor, and G major—perfectly outline the i, iv, and V chords of C minor. G major serves as the dominant (V) of C minor, F minor is the subdominant (iv), and C minor is the tonic (i), forming a classic minor-key harmonic framework. C minor is the most frequently occurring chord, further confirming it as the tonic."
3934,D minor,"The chord sequence is dominated by D minor and A7, which is the dominant seventh chord (V7) in D minor. The A7 resolving to D minor is a classic V7-i cadential motion, strongly confirming D minor as the tonal center."
210,F minor,"The chord sequence is centered on F as the tonic, with F:maj as the most frequent chord. The surrounding chords—Ab:maj (bIII), Eb:9 (bVII), Bb:min (iv), Db:maj (bVI), and C:min (v)—all belong to the F natural minor scale, strongly indicating F minor. The use of F:maj instead of F:min for the tonic chord is a common Picardy third or stylistic choice (especially in pop/rock genres) that does not change the overall minor key context."
5498,G minor,"The chord sequence is dominated by G:min7/G:min9 as the tonic chord, with Bb:9 (III), Eb:maj6 (VI), and C:min9 (iv) all fitting neatly into the G natural minor (Aeolian) scale. These diatonic relationships—i, III, VI, and iv—strongly confirm G minor as the key."
2686,C major,"The chord sequence is strongly centered on C major, with the ii-V-I progression (Dm7 - G7 - Cmaj) appearing repeatedly as a foundational pattern. Supporting diatonic chords like F:maj and A:min reinforce C major, while secondary dominants A:7 (V/ii) and D:7 (V/V) are typical chromatic embellishments within a C major tonal framework."
2376,C major,"The song opens with a classic I–ii–V7–I progression in C major (C:maj, D:min, G:7, C:maj), which is repeated to firmly establish the key. The bulk of the remaining chords—F:maj7 (IV), E:min7 (iii), D:min7 (ii), G:7 (V), A:min7 (vi)—are all diatonic to C major, with occasional color chords like Bb:maj (borrowed bVII) and D:maj (V/V or secondary dominant) providing mild chromatic variety."
246,C major,"The chord sequence is dominated by C major, F major, and G7, which are the I, IV, and V7 chords in C major. The occasional C7 acts as a secondary dominant (V7/IV), a common blues/gospel embellishment, but the overall tonal center is clearly C major."
5785,Bb major,"Bb major is clearly the tonic, as it appears most frequently and functions as the home chord. The diatonic chords C:min7 (ii7), Eb:maj (IV), G:min7 (vi7), and F:7 (V7) all fit neatly within Bb major. The F:min chord is a borrowed iv from Bb minor (modal mixture), and D:7 acts as a secondary dominant (V7/vi) leading to G:min, both common chromatic embellishments in a Bb major context."
1346,A minor,"The chord sequence is heavily dominated by A minor, with F major (the bVI chord) as a recurring secondary chord. The appearance of E major (the major V chord, a common harmonic device in minor keys) further confirms A minor as the tonic. D minor (iv) also supports the Aeolian/natural minor tonality centered on A."
5912,A minor,"The song opens and repeatedly returns to an A minor tonic with chromatic inner-voice motion (Am → Am(#5) → Am6), a classic bossa nova/jazz device. The supporting chords—Dm7, G7(b9), C, F—are all diatonic to C major/A minor, and the E7 chord (the dominant of A minor) resolving back to Am further confirms A minor as the tonal center."
4357,F major,"The chord progression revolves around F major as the tonic, with Bb major (IV), C7 (V7), and G minor (ii) as supporting chords - all diatonic to F major. The strong presence of the V7 (C7) resolving to I (F major) confirms F major as the key, and F major appears most frequently and for the longest durations."
755,C major,"The sequence is anchored by the recurring G:7(b9) → C:maj cadences (a classic V7b9 → I resolution), with C:maj appearing prominently throughout. Secondary dominants like A:7 → D:min7 (V/ii → ii) and E:7 → A:min (V/vi → vi) are typical of diatonic C major harmony. The occasional G:min and F:min6 suggest modal mixture borrowing from C minor, but the overall tonal center is clearly C major."
1215,C minor,"The chord sequence strongly centers on C minor as the tonic. The repeated D:min7(b5) is the half-diminished ii° chord diatonic to C minor, and the later appearances of D:min7(b5) - G:7 - C:min form a classic ii°7–V7–i cadence in C harmonic minor. Supporting chords like Eb:maj (III), F:min (iv), and Bb:7 leading to Eb are all consistent with C minor tonality."
1468,F major,"The chord sequence prominently features Gm7 - C7 - Fmaj6, a classic ii-V-I progression in F major, which repeats throughout the song. The A:hdim7 - D:7(b9) - Gm motion is a secondary ii-V-i to the vi chord (G minor), which is typical in jazz standards in F major. The bridge modulates through Bb and Ab before returning via C7 back to the main F major tonality."
5226,C major,"The chord sequence repeatedly opens and returns to C:maj6(9) followed by F:maj/9 and G dominant chords, a classic I–IV–V progression in C major. F:maj7 and D:min7 are diatonic to C major as well. The Bb:maj, F:min, and Db:maj7 chords are chromatic borrowings (bVII, iv, and bII) common in jazz/pop harmony, but the tonal center of C major is well-established throughout."
2518,C major,"The song is dominated by an alternating C13–Bb13 vamp for the first 40 seconds, a classic funk/blues pattern where C functions as the tonic I7 chord and Bb acts as the bVII, both common in C mixolydian/blues. The remaining section features chromatic ii–V movements typical of jazz/funk, but the strong emphasis on C as the returning tonic throughout supports C major (blues/mixolydian) as the overall key."
2400,Eb major,"The chord sequence is dominated by Eb:maj, Ab:maj, Bb:7, C:min, and G:min — all diatonic to Eb major (I, IV, V7, vi, iii). The D:7 chords function as secondary dominants (V7/iii) briefly tonicizing G minor before resolving back into the Eb major framework, confirming Eb major as the tonal center."
3988,Eb major,"The chord sequence is strongly centered on Eb major, with the recurring progression Eb:maj - F:min7 - Bb:7 (I - ii7 - V7) being the backbone of the song. Bb:7 repeatedly resolves to Eb:maj, and G:min functions as the iii chord in Eb major. The middle section features some chromatic passing chords and secondary dominants (e.g., D:7 tonicizing G:min), but these are decorative and do not challenge the overall tonal center of Eb major."
4655,C major,"The chord sequence is strongly centered on C major, with C:maj as the most frequent and longest-duration chord, and G:7 serving as the dominant (V7). The presence of F:maj (IV) and secondary dominants (D:7, C:7, E:7, A:7) are all consistent with functional harmony in C major, following classic blues/pop patterns typical of this key."
4604,C minor,"The chord sequence is dominated by C:min and G:7, which form a classic i-V7 relationship in C minor. G7 acts as the dominant seventh resolving to C minor as the tonic, confirming C minor as the key. The occasional Bb:maj also fits as the VII chord in C minor."
1856,E minor,"The chord sequence is strongly centered on E minor, which appears most frequently and serves as the clear tonal center. The progression features characteristic E minor harmonies: i (E:min), iv (A:min), V/V7 (B:maj/B:7), III (G:maj7), VI (C:maj), and VII7 (D:7), all diatonic to E natural or harmonic minor. Secondary dominants like E:7 (V/iv) and F#:7 (V/V) further reinforce E minor as the tonic."
566,Eb major,"The chord sequence is dominated by the repeated ii-V-I progression in Eb major: F:min7 → Bb:7(b9) → Eb:maj7, with C:min7 (vi) also appearing as a diatonic chord. The central tonic chord is clearly Eb:maj7, and the secondary dominants (C:7 resolving to F:min, D:7 resolving to G:min) function as applied chords within this tonal center. The brief excursion to G minor in the middle section is a temporary tonicization before returning to the main Eb major framework."
5668,C major,"The chord sequence is dominated by C major and G major, which are the I and V chords of C major. The D minor chord (ii in C major) also fits naturally into the key of C major. The frequent return to C major reinforces it as the tonic."
2849,B major,"The chord sequence prominently features B:maj (I), G#:min (vi), F#:7 (V7), E:maj7 (IV), and C#:min7 (ii) — all diatonic to B major. The G:7 likely represents a chromatic passing chord, and the long stretch of chromatic descending 9th chords is a brief transitional passage. The overall tonal center is clearly B major."
1589,Bb major,"The chord sequence is strongly centered on Bb major, with Eb:maj (IV), F:7 (V7), G:min (vi), C:7 (V7/V), and D:7 (V7/vi) all functioning as diatonic or secondary dominant chords within Bb major. The frequent returns to Bb:maj as a tonal anchor confirm it as the tonic."
1439,F major,"The chord F:maj6 appears most frequently and functions as the tonic throughout the piece. The recurring pattern of Bb:maj6 (IV), G:9–C:9–F (II–V–I), and F:7–Bb (I7–IV) are all classic F major jazz progressions. Secondary dominants like D:7(b9)–G:hdim7–C:7 (V/ii–vii°/V–V) further reinforce F as the tonal center."
419,Eb major,"Eb:maj appears most prominently as the tonic chord, and Bb:7 functions as the dominant seventh (V7) repeatedly resolving to Eb. Ab:maj serves as the subdominant (IV), and the secondary dominants (C:7→F:7→Bb:7→Eb) outline a typical circle-of-fifths progression within Eb major, consistent with a jazz/blues style in that key."
3248,Ab major,"The chord sequence is centered around Ab:maj as the tonic, with Eb:9/Eb:7 functioning as the dominant (V) and Db:maj as the subdominant (IV). Supporting chords like F:min (vi), Bb:7 (II7 acting as a secondary dominant to Eb), and Ab:7(b9) (I7 leading to IV) all fit naturally within Ab major, confirming this as the key."
1855,A major,"The chord sequence is heavily centered on A:maj as the tonic, with frequent use of E:maj (V), F#:min (vi), and D:maj (IV) — the classic I-V-vi-IV progression in A major. The occasional D:min (iv) is a borrowed chord from A minor, and B:7 functions as a secondary dominant, all consistent with A major as the key."
6134,Eb major,"The song repeatedly begins with Eb:maj and Bb:aug (an augmented dominant, common in Eb major), and features frequent Bb:7 → Eb:maj cadences confirming Eb as the tonic. Secondary dominants like C:7 (V7/ii tonicizing F:min) and F:7 (V7/V) are all consistent with Eb major functional harmony."
895,G major,"The sequence is centered on G major, with G:maj/G:maj7/G:maj6 as the tonic, C:9 as the IV chord, A:min7 as ii, and D:7 as V7—all diatonic to G major. The F:maj6 (bVII) is a common borrowed chord in rock/pop music and does not contradict the G major tonality."
6218,F major,"The chord sequence is dominated by F:9 and C:7(#9) alternating throughout, which represents the tonic (I) and dominant (V7) of F major. The C7 chord consistently resolves back to F:9, confirming F as the tonal center. The other chords (Ab:min7/Db:9, Bb minor/Eb:7, Gb:9) appear as chromatic passing chords or jazz substitutions common in funk/jazz harmony, but the overall framework clearly centers on F major."
3457,A minor,"The chord sequence repeatedly gravitates toward A minor as its tonal center, with C major, G major, and D minor 7 all being diatonic to A natural minor. The D major chord (instead of D minor) is a common modal mixture or secondary dominant (V/G) found in minor-key songs. The F major chord near the end also fits as the VI chord in A minor, further confirming the key."
6235,D major,"The chord sequence is dominated by D major (I), A major (V), and G (IV), forming a classic I-IV-V pattern in D major. The recurring G → A → D progressions strongly reinforce D as the tonic. The chromatic Bb chord is a brief passing bVI chord, and the F#-B-E-A section is a chain of secondary dominants that ultimately resolves back to D, all consistent with D major."
6084,G minor,"The sequence is dominated by G:min as the primary tonic chord, with C:min functioning as the iv chord — a classic minor key progression. The appearance of G:7 resolving to C:min represents a brief tonicization of C minor (iv), but the music consistently returns to G minor as its home base."
1605,E major,"The chord sequence is dominated by E, B, and A, which correspond to I, V, and IV in E major — a classic rock progression. The occasional F#:maj and D chords are typical rock/Mixolydian embellishments (II and ♭VII) that fit naturally within an E major framework. The repeated return to E as the tonal center confirms E major as the key."
2645,F major,"The chord sequence is strongly centered on F major, with F:maj appearing frequently as the tonic. The presence of Bb:maj (IV), C:7 (V7), and G:min7 (ii7) all point clearly to F major. Secondary dominants like G:7 (V/ii) and D:7 (V/iii) further reinforce functional harmony in F major, and the F:7 chords are typical blues-inflected IV preparations in this key."
4359,F major,"The chord sequence is strongly centered on F major, with the classic I (F), IV (Bb), V (C/C7) progression recurring throughout. The G minor 7 functions as the ii chord in F major, and the F:7 adds a bluesy color typical of the genre without undermining the tonal center of F."
4451,G major,"The chord sequence is dominated by G major, with D7 (the dominant seventh) resolving back to G major repeatedly, and C major as the subdominant. The C minor chord appears as a chromatic mixture (borrowed iv chord) but doesn't disrupt the overall G major tonality. The I-IV-V7-I progressions strongly confirm G major."
2706,Ab major,"The progression repeatedly begins and returns to Ab:maj and features a clear ii-V-I cadence in Ab major (Bb:min7 → Eb:7 → Ab:maj). The many secondary dominants (F:7 as V7/Bb, C:7 as V7/Fm, G:7 as V7/Cm) and chromatic passing chords (B:dim7, D:hdim7) are characteristic of jazz harmony, all orbiting around Ab as the tonic."
5092,Bb major,"The chord sequence is centered on Bb major, with Eb major (IV) and F:7 (V7) serving as the primary diatonic supporting chords. The brief C:maj chord functions as a secondary dominant (V/V) leading to F:7, a common chromatic embellishment in Bb major, further confirming the tonic."
5794,C major,"The chord sequence is dominated by C major, F major, and G7, which are the I, IV, and V7 chords in C major. The D major chord (acting as a secondary dominant to G) is a common chromatic embellishment but doesn't alter the overall tonal center of C major."
2473,C major,"The chord sequence is clearly centered on C major, with C:maj6 and C:maj7 serving as the tonic. The recurring ii-V-I progressions (Dm7-G7-Cmaj, with secondary dominants Em7-A7 leading to Dm7) are quintessential jazz harmony in C major. The bridge section's C7-Fmaj7 is a subdominant excursion (IV) and Am7-D7 functions as a secondary dominant (V/V), all consistent with C major."
3278,C major,"The chord sequence is dominated by G:7 (the dominant seventh) repeatedly resolving to C:maj (the tonic), which is a strong indicator of C major. Supporting chords like F:maj (IV), A:min (vi), and D:7 (V/V) all fit naturally within the C major diatonic framework."
3967,C major,"The chord sequence strongly centers on C major, with C:maj6 repeatedly appearing as the tonic and G:7 functioning as the dominant. The progression is rich in secondary dominants typical of jazz (E:7 → A:min7, D:7 → G:7, A:7 → D:min7), and core diatonic chords like F:maj7 (IV), D:min7 (ii), and A:min7 (vi) all support C major. There is a brief tonicization of F major (G:min7 → C:7 → F:maj7), but the overall harmonic center is clearly C major."
1028,D major,"The chord sequence is anchored strongly by D major as the tonic, with E minor (ii), A7 (V7), and G (IV) all functioning as diatonic chords in D major. The move from D:7 to G:9 is a classic I7-IV (blues-influenced) motion, and G:min appears as a borrowed iv chord. B:7 acting as a secondary dominant to E:min7 further confirms D major as the tonal center."
86,D minor,"The chord sequence is strongly centered on D minor, with D:min appearing most frequently and the A:7 (dominant seventh) repeatedly resolving to D:min, confirming it as the tonic. The supporting chords G:min (iv) and F:maj (III) are all diatonic to D natural/harmonic minor. There is a brief excursion to D major and related chords (B:min, F#:min, E:min7, A:maj), suggesting a parallel major interlude, but the song returns firmly to D minor."
5276,Eb major,"The chord sequence is dominated by Eb:maj as the tonic and Bb:7 as the dominant seventh (V7), both hallmarks of Eb major. The presence of Ab:maj (IV), Eb:7 moving to Ab (a blues-inflected IV chord), and secondary dominants like C:7 and F:7 leading back through Bb:7 all confirm a functional tonal center of Eb major."
1564,D major,"The chord sequence is built around D major, G major, and A major/A7, which are the I, IV, and V chords in D major. The D:7 chord functions as a secondary dominant (V7/IV), and the Em, F#m, and Bm7 chords are all diatonic to D major (ii, iii, vi). This is a classic I-IV-V progression in D major."
5940,G major,"The song begins and ends on G:maj, with D:7 serving as the dominant (V7) throughout. Secondary dominants are prevalent: B:7 tonicizes E:min (vi), A:7 functions as V/V leading to D:7, and chains like F#:min7→B:7→E:min are typical ii-V-i moves within G major's relative minor. All harmonic activity strongly centers on G as tonic."
992,C minor,"The chord sequence is dominated by C:min7 (appearing for the vast majority of the duration) with F:min7 as the next most prominent chord, functioning as the iv chord in C minor. The brief chromatic chords (F#:hdim7, F:7(#11), E:7(b5,#9), A:7(b5,#9)) appear to be short jazz-style passing or substitution chords, but the overall tonal center clearly resolves to C minor."
3371,Bb major,"The chord sequence repeatedly features the classic Bb major progression: Gm7 → C9 → F7 → Bb (vi–II7–V7–I), which is a very characteristic Bb major cadential pattern. Supporting chords include Cm7 (ii), Eb:maj (IV), and C:min7→F:7(b9) (ii–V), all diatonic or common secondary-dominant elaborations of Bb major. The F:min7–Bb9 pairs suggest brief Eb-major color but function as passing chords within the broader Bb major context."
5550,Eb major,"The chord sequence is clearly centered on Eb major, which appears as the most frequent and longest-duration chord. The progression features classic functional harmony in Eb: Bb:7 as the dominant (V7), Ab:maj as the subdominant (IV), and Eb:7 as a secondary dominant leading to Ab. The E:dim7 functions as a chromatic passing diminished chord, and C:7 and F:9 serve as secondary dominants, all consistent with a jazz-style Eb major framework."
3780,Eb major,"The progression centers on Eb major as the tonic, with diatonic chords including F:min7 (ii), G:min7 (iii), Ab:maj7 (IV), Bb:7 (V7), and C:7 functioning as a secondary dominant (V7/ii). The recurring cadential pattern of F:min7 → Bb:7 → Eb:maj7 strongly confirms Eb major as the key. The occasional Ab:min7 is a borrowed chord from the parallel minor, a common jazz/pop substitution."
3580,C major,"The chord sequence exclusively uses C major, F major, and G major, which are the I, IV, and V chords of C major. C major appears most frequently and for the longest durations, clearly functioning as the tonal center."
5175,G major,"The chord sequence is centered around G major, featuring its diatonic chords: G (I), Am (ii), C (IV), D7 (V7), and Em (vi). The repeated D7 resolving to G confirms G as the tonic, and the A7 functions as a secondary dominant (V7/ii) adding color within the G major framework."
3190,F major,"The chord sequence is strongly centered on F major, with clear tonic (F:maj), subdominant (Bb:maj), and dominant seventh (C:7) chords forming a classic I-IV-V7 pattern. The G:min (ii) and A:min (iii) chords are also diatonic to F major, and the F:7 is a common blues-inflected tonic chord in this key."
507,F major,"The chord sequence repeatedly returns to F:maj as the tonic, with C:7 (V7) resolving to F:maj confirming F major. Secondary dominants (G:7 → C, D:7/Eb:7 as chromatic approach to G:7), tritone substitutions (Db:7 for G7), and the presence of Bb:maj (IV) all reinforce F major as the tonal center. The chromatic jazz-style voice leading (F:7, E:7, Eb:7, D:7) is a common bebop technique that doesn't contradict the underlying F major tonality."
2852,G major,"G major (or its relative, E minor) is the clear tonic of this piece, with G:maj appearing repeatedly as a resolution point throughout. The sequence features classic jazz circle-of-fifths progressions like A:min7 - D:7 - G:maj (ii-V-I in G), and secondary dominants such as B:7 - E:min and E:7 - A:min functioning as V7/vi and V7/ii within G major. The overall harmonic language is jazz-oriented G major with heavy use of secondary dominants."
4212,F major,"The chord sequence repeatedly features the ii-V-I progression in F major (G:min → C:7 → F:maj), which appears multiple times and is the dominant pattern. Secondary dominants like D:7 → G:7 → C:7 form a chain of fifths leading back to F, and F:7 → Bb:maj is the IV chord (common in F major). G minor functions consistently as the ii chord, firmly establishing F major as the tonic."
5633,C major,"The chord sequence revolves entirely around C major, F major, and G7, which are the I, IV, and V7 chords of C major. The consistent return to C major as the tonic and the dominant seventh G7 resolving to C confirms C major as the key."
310,F major,"The chord sequence is dominated by F:maj and C:7 (the tonic and dominant seventh of F major), with supporting chords like Bb:maj (IV), G:min7 (ii7), and G:min (ii) all diatonic to F major. The repeated I–V7 motion (F:maj to C:7) and the presence of Bb:maj strongly confirm F major as the tonic."
1142,C minor,"The chord sequence is clearly centered on C minor, which appears most frequently as the tonic. The other chords—F minor (iv), Ab major (VI), Bb major (VII), Eb major (III)—are all diatonic to the natural minor scale, while the G major chord (V) reflects the harmonic minor with a raised 7th. This is a classic minor-key progression firmly in C minor."
6296,C minor,"The chord sequence revolves around C minor as the tonic, with F minor (iv), D half-diminished (iiø7), and G7(b9) (V7 with b9) all functioning as classic minor-key harmony. The repeated resolution of G7(b9) back to C minor strongly confirms C minor as the key."
3349,G major,"The sequence opens and repeats a clear G major tonal center with I-V7 (G:maj - D:7) progressions and typical diatonic movements (G7-C-E7-Am-Adim-D7-G), which is the primary key area. The middle section features jazz-style modulations through Ab, A, and Bb key areas (likely a bridge), before returning to G-C material with chromatic descent (Ab-G7-Gb7-F7), all consistent with a jazz standard in G major that employs secondary dominants and brief tonicizations."
6594,C major,"The chord sequence is strongly centered on C major, featuring the classic jazz ii-V-I progression (Dm7 - G7 - Cmaj) repeatedly throughout. Secondary dominants like E7 (V/vi leading to Am7) and D7 (V/V leading to G7) further confirm C major, while the diminished chords (C°7, Eb°7, C#°7) serve as chromatic passing chords within the key."
1376,C major,"The song revolves around C:maj7 as the tonic chord, with repeated ii-V-I progressions (D:min7 - G:7 - C:maj7) confirming C major as the key. Secondary dominants like A:7 → D:min7 (V/ii) and B:7 → E:min7 (V/iii) are typical jazz elaborations, while the F:min7 - Bb:7 pattern functions as a backdoor dominant, all consistent with jazz harmony in C major."
2348,C major,"The chord sequence opens firmly in C major with repeated C:maj and G:7 (dominant) chords, followed by a classic I-IV (C-F) progression. The chain of secondary dominants (A:7→D:7→G:7→C:maj) reinforces C as the tonal center. The latter portion shifts toward A minor (vi of C major) with E:maj as its dominant, but given the strong C major establishment at the start and the relative minor relationship, C major is the overall key."
6252,G major,"G major is strongly indicated by the prevalence of G:maj as the tonic chord throughout the sequence. The other chords—D:maj/D:7 (V), C:maj (IV), B:min (III), E:min (VI), and A:min (II)—are all diatonic or closely related to G major. Secondary dominants like A:7 (V/V) and E:7 (V/II) provide typical harmonic color while reinforcing G major as the tonal center."
3303,C major,"The chord sequence is dominated by C:maj, G:7, D:min7, A:min, and F:maj, which are the I, V7, ii7, vi, and IV chords of C major. Repeated ii7–V7–I cadences (D:min7–G:7–C:maj) strongly confirm C major as the tonic, with E:7 and D:7 functioning as secondary dominants (V7/vi and V7/V respectively)."
2295,E minor,"The chord sequence revolves around E minor as the tonic, with B7 serving as the dominant seventh chord (V7) that strongly resolves back to E minor. A minor functions as the subdominant (iv) chord. This classic i-V7-iv-i progression firmly establishes E minor as the key."
4235,Eb major,"The chord sequence strongly centers on Eb major, with the recurring ii-V-I cadence of F:min7 → Bb:7 → Eb:maj appearing multiple times as the primary harmonic motion. Ab:maj functions as the IV chord, C:dim as a passing diminished chord, and C:7 acts as a secondary dominant (V7/ii) leading to F:min7, all of which are consistent with Eb major tonality."
2531,Bb major,"The three primary chords — Bb major (I), Eb major (IV), and F major (V) — form a classic tonic-subdominant-dominant relationship in Bb major. The D minor chord that appears near the end functions as the iii chord, which also fits naturally within Bb major. The repeated cycling of V-IV-I (F-Eb-Bb) is a hallmark rock/pop progression in this key."
796,F major,"The progression repeatedly features F:maj7 as a structural anchor, with G:min7 → C:7 acting as a clear ii7–V7 in F major. The chromatic secondary dominants (A:hdim7 → D:7(b9) → G:min7 forming a ii–V–i targeting the ii chord of F, and the Gb:maj7 functioning as a tritone substitute for C7) are characteristic jazz elaborations that further confirm F major as the tonal center."
287,A major,"The sequence is dominated by A major as the primary tonic chord, frequently alternating with G major (bVII), which is a classic I–bVII pattern in rock music suggesting A Mixolydian or A major with modal borrowing. The E–D alternation reinforces A major (V–IV), and the F–G section (bVI–bVII) is also consistent with modal borrowing in A major."
6359,Bb major,"The progression is dominated by Bb:maj (I) and F:7 (V7), the most fundamental tonic-dominant relationship in Bb major. The brief G:min (vi) and D:7 (V7/vi) section is a common secondary dominant excursion that reinforces Bb major as the home key."
6589,D major,"The chord sequence is heavily centered on D major, which appears most frequently and for the longest durations. The other chords (G major, F#minor, B minor, A major) are all diatonic to D major (I, IV, iii, vi, V), confirming D major as the key."
5336,D major,"The chord sequence centers heavily on D major, with B minor (vi), E minor (ii), and A7 (V7) all being diatonic to D major. The G minor chord is a borrowed chord from the parallel minor (D minor), which is a common chromatic substitution. The repeated A7 → D major motion confirms D major as the tonic."
4125,A minor,"The chord sequence is dominated by A minor, which appears most frequently and is the clear tonal center, especially with the ending A:min7. The chords Am, C, G, and D all fit within A natural minor or A Dorian (the D major chord suggesting a raised 6th), and the overall harmonic language strongly points to A minor as the key."
2327,C minor,"The chord progression is dominated by C:min, Ab:maj, and Bb:maj, which are the i, VI, and VII chords in C minor. C minor appears most frequently and functions as the tonal center throughout the entire sequence."
3200,E minor,"The chord sequence revolves around E:min (i), A:min (iv), and B:7 (V7), which are the primary chords of E natural/harmonic minor. The dominant seventh B:7 repeatedly resolves to E:min, strongly confirming E minor as the tonic."
3257,F major,"The chord sequence is centered on F major as the tonic, with frequent ii-V-I motion (Gm7-C7-F) and use of the IV chord (Bb:maj). The F:7 serves as a secondary dominant leading to Bb, and D:7 acts as a secondary dominant to Gm, all consistent with a classic blues/jazz progression in F major."
4123,D major,"The chord sequence is strongly centered on D major, which appears most frequently throughout. A:7 functions as the dominant seventh (V7) resolving to D:maj (I), and G:maj appears as the subdominant (IV). E:7 acts as a secondary dominant (V7/V) leading to A:maj (V), all consistent with D major tonality."
2312,C major,"While G major appears prominently in the early section (with D:7→G suggesting G as tonic), the later portions of the sequence repeatedly establish C major through strong functional progressions: F:maj (IV) and G:7 (V7) resolving to C:maj (I). The closing G:7→C:maj cadence is a classic V7-I in C major. The earlier D:7 can be understood as V7/V (a secondary dominant) within C major, and the C:min chords are borrowed from the parallel minor."
1664,Bb major,"The chord sequence strongly centers on Bb major, with the classic I (Bb), IV (Eb), and V7 (F:7) chords appearing repeatedly throughout. The ii chord (C:min7) and the Bb:7 leading to Eb further confirm a standard Bb major blues/pop progression. The A:7 chords likely function as brief chromatic embellishments but don't disrupt the overall Bb major tonality."
1452,A major,"The chord sequence is built primarily around A major (I), D major (IV), E major (V), and F# minor (vi), which are all diatonic to A major. The repeated I-IV-V-vi progressions strongly confirm A major as the tonic."
924,D major,"D:maj appears most prominently as a recurring tonal center throughout the piece. The frequently repeated Bb:min7 → Eb:7 → D:maj progression is a classic jazz tritone-substitution ii-V-I in D major (Bbm7 substituting for Em7, and Eb7 substituting for A7), which firmly establishes D as the tonic. The bridge section confirms this with an A:7(#9) acting as the dominant V7 before returning to Bb:maj and then D:maj."
3063,D minor,"The sequence opens and recurs with A:7 resolving to D:min, which is a strong V7–i cadential pattern in D minor. The F major sections (with C:7 → F:maj) are consistent with the relative major of D minor. Overall, D minor serves as the primary tonal center, with natural movement to and from its relative major F."
368,Bb major,"The chord sequence is heavily centered on Bb major, which appears most frequently and for the longest durations. The typical I-IV-V7 progression (Bb-Eb-F7) strongly confirms Bb major, with C:7 functioning as a secondary dominant (V7/V) leading to F. Other chords like G:min (vi) and C:min7 (ii) are diatonic to Bb major as well."
4782,A minor,"The chord sequence revolves around A minor as the tonic, with D minor (iv) and E7 (V7) as supporting harmonics. The presence of E7 (with G#) acting as the dominant seventh chord strongly confirms A minor, as this is characteristic of the harmonic minor scale. The repeated return to A minor reinforces it as the tonal center."
5250,F major,"The chord sequence revolves around F:maj as the tonic (I) and C:7 as the dominant seventh (V7), which is the classic I-V7 relationship in F major. The D:7 → G:min progression represents a secondary dominant (V7/ii → ii), further confirming F major as the key."
2520,C major,"The chord sequence repeatedly cycles through Dm7 - G7 - Cmaj, which is a classic ii7 - V7 - I progression in C major. The G7 dominant seventh chord resolving to C major is a strong indicator of C major tonality."
5210,Bb major,"The chord sequence is anchored firmly in Bb major, with Bb:maj serving as the tonic and F:7 functioning as the dominant seventh (V7) throughout. Supporting chords like G:min (vi), D:min (iii), Eb:maj (IV), and C:7 (V7/V) all diatonically or functionally fit Bb major. The recurring Bb:maj → F:7 cadential motion reinforces Bb as the tonal center."
6058,C major,"The chord sequence is strongly centered on C major, with frequent G:7 → C:maj cadences (V7→I) throughout. The chain of secondary dominants (E:7 → A:7 → D:9/D:7 → G:7 → C:maj) is a classic cycle-of-fifths progression leading back to C, and supporting chords like F:maj and D:min7 are diatonic to C major. This resembles a jazz/ragtime harmonic style firmly rooted in C major."
2311,D major,"The chord sequence is firmly centered on D major. The recurring I–vi–II7–V7 pattern (D:maj – B:min – E:7 – A:7) is a classic turnaround in D major, with E:7 acting as V7/V (secondary dominant) and A:7 as the dominant V7. Supporting chords like G:maj (IV), E:min7 (ii), D:7 moving to G:maj (I7→IV), and F#:min (iii) all confirm D major as the tonic."
4675,G minor,"The chord sequence revolves strongly around G minor as the tonic, with D:7 (V7 of G minor, featuring F# as the leading tone) appearing repeatedly as the dominant. Supporting chords like Eb:maj (bVI), C:min (iv), and the brief tonicization of C minor via G:7 are all consistent with G minor harmony. The persistent i–V7 (Gm–D7) motion throughout the sequence firmly establishes G minor as the key."
5256,D major,"The song begins and ends on D:maj7, and the final cadential motion is a clear ii-V-I in D major: E:min7 – A:7 – D:maj7. The progression also features secondary ii-V-I tonicizations of E major (F#:min7 – B:7 – E:maj7) and C major (D:min7 – G:7 – C:maj7), which are common jazz modulations but ultimately resolve back to D major as the tonic."
858,C major,"The sequence opens and closes strongly in C major, with repeated G:7 → C:maj cadences establishing the tonic clearly. The Eb:maj and G:maj sections appear to be brief modulations or secondary key areas, but the song returns to C:maj at the end with E:min, F:maj, C:maj, and C#:dim (a common chromatic passing chord in C major), confirming C major as the overall tonic."
2484,Eb major,"The chord sequence is firmly rooted in Eb major. The recurring ii-V-I progression (F:min7 → Bb:7 → Eb:maj) is a classic functional harmonic pattern in Eb major, and Ab:maj serves as the IV chord. G:min (iii) and F:min (ii) also fit naturally within the Eb major diatonic scale."
2133,G major,"The chord sequence centers strongly on G major, with G:maj as the tonic, D:7 as the dominant (V7), and A:min as the supertonic (ii). The E:7 chords function as secondary dominants (V7/vi) leading to A:min. The recurring Eb:7 chords are likely tritone substitutes for A:7 (the V7/ii), a common jazz-influenced substitution. The borrowed C:min (iv) and G:dim are chromatic embellishments within the G major framework."
237,F major,"The chord sequence strongly centers on F major, with F:maj appearing repeatedly as the tonic, C:7 functioning as the dominant seventh (V7), Bb:maj as the subdominant (IV), and D:min, G:min, and A:min as the vi, ii, and iii chords respectively. Secondary dominants like F:7 (leading to Bb) and G:7 (leading to C) are consistent with functional harmony in F major."
2107,C major,"The chord sequence is centered around C major, with diatonic chords like C:maj, E:min, A:min, F:maj, and G:7 all fitting naturally into C major. The D:7 chord acts as a secondary dominant (V7/V) resolving to G:maj, a common harmonic device in C major, further confirming the key."
6328,F major,"The chord sequence is dominated by F:maj (I), C:7 (V7), and Bb:maj (IV) — the three primary chords in F major. The C:7 repeatedly resolves to F:maj, confirming F as the tonic. The A:7 and F:7 appear as secondary dominants (V7/vi and V7/IV respectively), which are common embellishments within the F major framework."
2301,D major,"The chord sequence consistently cycles through D:maj, A:maj, B:min, F#:min, G:maj, and A:maj, which are all diatonic chords in D major (I, V, vi, iii, IV, V). The tonic D major chord appears most frequently and the progression strongly reinforces D as the tonal center."
1408,C major,"The chord sequence is dominated by C major, with G7 as the dominant seventh chord and Dmin7 as the ii chord, all classic diatonic functions in C major. The frequent cadential motion G7→C major strongly confirms C as the tonic, and there are no sustained chromatic elements that would suggest a different key center."
350,C major,"The chord sequence alternates almost exclusively between C major and G7, which are the tonic (I) and dominant seventh (V7) chords of C major. The predominance of C major and its resolution from G7 strongly confirms C major as the key."
6040,F major,"The chord sequence is strongly centered on F major, with the classic I (F:maj), IV (Bb:maj), and V7 (C:7) chords of F major appearing repeatedly. The F:7 chord functions as a secondary dominant (V7/IV) resolving to Bb, and the G#:dim (enharmonically Ab:dim) acts as a passing diminished chord, both common embellishments in F major. The overall harmonic framework is a straightforward blues/pop progression in F major."
3198,F major,"The chords G minor (ii), C7 (V7), F major (I), and Bb major (IV) all diatonically belong to F major. The repeated ii–V7–I cadential pattern (G:min → C:7 → F:maj) strongly confirms F major as the tonic."
4129,D major,"The chord sequence is centered on D major, which appears most frequently and for the longest durations. The other chords—G major (IV) and A7 (V7)—are the classic subdominant and dominant chords in D major, forming a clear I-IV-V progression. The D7 chords function as secondary dominants leading to G major, further reinforcing D major as the tonic."
3905,Bb minor,"The sequence begins and ends prominently on Bb:min7 and Bb:min9, strongly suggesting Bb minor as the tonic. Supporting evidence includes Db:maj7 (bIII), Ab:maj7/Ab:7 (bVII), Eb:min7 (iv), and F:min7 (v), all diatonic or closely related to Bb minor. The recurring Gm7b5–C7 pattern functions as a secondary ii–V pointing toward F (the v of Bb minor), consistent with jazz-style chromatic inner progressions around a Bb minor center."
2135,D minor,"The chord sequence is heavily centered on D minor as the tonic, with repeated D:min patterns and A:7 chords functioning as the dominant (V7) resolving back to D minor. The F:maj, C:7, and G:min chords are diatonic to D natural minor (or related to the relative major F), confirming D minor as the key."
5202,C major,"The chord sequence revolves around C major, F major, G major, and A minor — all diatonic to C major. C major appears most frequently and functions as the tonic, with F (IV) and G (V) as the primary subdominant and dominant chords, a classic I-IV-V progression in C major."
4394,G major,"G major appears most frequently and holds the longest durations (4.0s twice), strongly suggesting it as the tonic. The surrounding chords—C (IV), D (V), F (bVII), and Bb (bIII)—are all common in rock-style G major progressions, with the bVII and bIII being typical borrowed chords in that genre. The Db and A chords appear briefly and likely represent chromatic passing chords or recognition errors."
3183,F major,"The chord sequence is built almost entirely around F major diatonic chords: F (I), Dm (vi), Gm (ii), C7 (V7), Bb (IV), and Am (iii). The repeated I–vi–ii–V7 progressions and the frequent resolution to F major strongly confirm F major as the key."
4147,D minor,"The chord sequence centers around D minor as the tonic, with frequent returns to D:min. The presence of A:maj and A:7 (the dominant with a raised leading tone) are characteristic of harmonic minor, and the other chords—F:maj (bIII), C:maj (bVII), and G:min (iv)—all fit naturally within D natural/harmonic minor."
6617,D major,"The chord sequence is firmly anchored on D major, with the opening and closing sections repeatedly oscillating between D:maj6 and A:min7/4 (Amin7 with D in the bass), both strongly implying D as tonic. The middle sections feature jazzy ii-V progressions (E:min7–A:7 resolving back to D, and passing through G:maj7, G:min7–C:7, etc.) that are consistent with D major as the home key."
713,F major,"The recurring Gm7–C7–Fmaj progression is a classic ii–V–I in F major and appears as the main cadential motion throughout the piece. The Cm7–F7 passages function as a ii–V leading to the Bb (IV) area, and the Em7–A7–Dm section is a secondary ii–V–i to Dm (the vi chord in F major). All harmonic activity points to F major as the tonic."
2643,G major,"The chord sequence is heavily centered on G major (I), C major (IV), and D7 (V7), which are the primary diatonic chords of G major. Secondary dominants like A7 (V/V) and the presence of A minor (ii) further confirm G major as the tonic. The song follows a classic I-IV-V progression throughout."
5167,C major,"The chord sequence strongly centers on C:maj7 as the tonic, which appears repeatedly as a point of resolution. The progression features classic C major patterns: IV (F:maj7), V7 (G:7), and ii7-V7-I (D:min7 - G:7 - C:maj7). Additional color comes from secondary dominants (A:7 tonicizing D, D:7 tonicizing G), a borrowed iv chord (F:min), and other chromatic embellishments, all common in jazz-inflected C major harmony."
5666,C major,"The chords C major (I), G7 (V7), and D minor (ii) are all diatonic to C major. The repeated V7 (G7) resolving to I (C major) is a classic dominant-to-tonic motion, strongly confirming C major as the key."
3158,G minor,"The chord sequence strongly centers on G minor as the tonic, with repeated G:min7 and G:min chords. The classic ii°–V–i progression in G minor appears multiple times: A:min7(b5) (ii°7) → D:7/D:7(b9) (V7) → G:min (i), which is a hallmark of G minor harmony. Supporting chords like C:min7 (iv), F:9 (bVII), and G:7(b9) as a secondary dominant further confirm G minor."
5257,C major,"The chord sequence is built around C major as the clear tonal center, with F:maj (IV) and G:7 (V7) as the primary supporting chords. Secondary dominants like C:7 (V7/IV) and A:7 (V7/ii) briefly tonicize other scale degrees but ultimately resolve back to C, and the G:maj section functions as a brief tonicization of the dominant before returning to C major."
2935,Eb major,"The chord sequence is strongly centered on Eb major, with Eb:maj appearing frequently as the tonic. The common chords Bb:7 (V7) and Ab:maj (IV) reinforce Eb major as the tonal center, and the progression follows typical functional harmony in Eb major throughout."
2565,G major,"The chord sequence is strongly centered on G major, with the classic ii7-V7-I progressions (Am7-D7/D9-Gmaj) appearing repeatedly throughout. Secondary dominants like A:7 (V7/ii) and E:7 (V7/vi) along with borrowed chords like C:min6 are typical chromatic embellishments within a G major framework."
3641,A minor,"The chord sequence is dominated by the repeating Am–G–F pattern, which is a hallmark progression in A minor. The appearances of E:7 (the harmonic minor V7 chord) cadencing back to Am strongly confirm A minor as the tonic, and Dm7, G7, and Cmaj7 are all diatonic to the A natural minor scale."
4238,F major,"The chord sequence strongly centers on F major, with F:maj as the tonic (I), G:min as the supertonic (ii), and C:7 as the dominant seventh (V7). Secondary dominants like G:7 (V7/V) and D:7 (V7/ii) are typical embellishments within F major, and the brief Bb:min is a borrowed chord from the parallel minor—all consistent with F major as the tonal center."
798,G major,"The chord sequence is overwhelmingly centered on G major, with G:maj as the most frequent chord and D:7 (V7 of G) appearing repeatedly as the dominant. Supporting chords like C:maj (IV), A:min7 (ii7), and A:7 (V7/V) all point clearly to G major as the tonic."
6372,A major,"The only chord present is E:7, a dominant seventh chord. E7 most naturally functions as the V7 chord in A major, making A major the most likely key."
447,F major,"The chord sequence strongly centers on F major, with F:maj as the tonic, C:7 as the dominant (V7), and Bb:maj as the subdominant (IV). The F:7 (I7) → Bb:maj pattern is a classic blues move, and the D:7 → G:7 → C:7 → F:maj chain of secondary dominants (V7/V/V → V7/V → V7 → I) is characteristic of a 12-bar blues in F major. The repeated two-chorus structure confirms F major as the key."
5721,D minor,"The chord sequence repeatedly features the pattern G:min (iv) → A:7 (V7) → D:min (i), which is the classic minor key progression in D minor. The A:7 chord (with its raised 7th, C#) functions as the dominant seventh resolving to D:min, and G:min6 as the subdominant. There is a brief chromatic digression through Ab:min7, Db:9, Gb:maj, Eb:maj7, but the music consistently returns to the D minor tonal center."
1162,Ab major,"The chord sequence is dominated by the Bb:min7 → Eb:7 pattern, which is a ii-V in Ab major, and this vamp repeats throughout the song. Most conclusively, the sequence ends with Bb:min7 → Eb:9 → Ab:maj6, a clear ii-V-I resolution to Ab major. The other chords (C:min7/F:7 and D:min7/G:7) appear to be passing ii-V progressions characteristic of jazz harmony, but the tonal center remains Ab major."
2051,A minor,"The chord sequence centers on A minor as the tonic, with repeated i–V progressions (Am to E:aug/E:7) that are characteristic of A harmonic minor (the raised 7th, G#, appears in the augmented E chord). Supporting chords include iv (Dm), VI (F), and III (C), all diatonic to A minor, with Bb as a flattened VII (from natural minor). The consistent return to Am and the dominant E:7 strongly confirm A minor as the key."
624,C major,"The chord sequence prominently features diatonic chords from C major: C, Am, Em, G, Dm, and F. Secondary dominants like C7 (resolving to F) and D7 (resolving to G) reinforce C major as the tonal center. Most tellingly, the song ends on C major with an exceptionally long duration of 18.5 seconds, confirming C major as the key."
3253,C major,"The chord sequence repeatedly features D:min7(b5) → G:7 → C:maj7, a clear ii-V-I cadence in C major, with C:maj7 serving as the primary resolution point (appearing multiple times with long durations). The G:min7(b5) → C:7 → F:min sections represent a secondary ii-V-i in F minor (the subdominant minor, a common jazz borrowing), while C:min7 → F:7 → Bb:maj7 is a brief tonicization of Bb—all typical of jazz harmony centered on C major."
805,F major,"The opening sections (which repeat) clearly establish F major through a I–V–IV–V7–I progression: F:maj9 (I), C:maj9 (V), Bb:9 (IV), and C:7 (V7) resolving back to F:maj7. This pattern repeats twice, firmly grounding the song in F major. The later section features heavy chromaticism typical of jazz-influenced bridge passages, but the primary tonal center is unambiguously F major."
6366,Eb major,"The chord sequence is primarily centered on Eb major, with clear I–IV–iii–VI7–ii–V7 jazz progressions (Eb:maj7, Ab, G:min7, C:7, F:min7, Bb:7) that recur multiple times. There is a contrasting bridge section in G major (G:maj7, E:min7, A:min7, D:7), but the song returns to Eb major framing, confirming Eb major as the home key."
3533,Bb major,"The chord sequence is dominated by Bb major (tonic) and F7 (dominant seventh of Bb), which are the two most prominent and longest-lasting chords. The C major chord functions as a secondary dominant (V/V) leading to F, which then resolves back to Bb. This strongly points to Bb major as the key."
3972,Ab major,"The chord sequence is dominated by Ab:maj, with Db:maj (IV) and Eb:7 (V7) as the primary other chords. This classic I-IV-V progression strongly confirms Ab major as the key."
1257,Bb major,"The chord sequence is strongly centered on Bb major, featuring the tonic (Bb:maj), subdominant (Eb:maj), dominant seventh (F:7), supertonic (C:min7), and submediant (G:min7) — all diatonic to Bb major. The frequent returns to Bb:maj and the classic I–IV–V7 progressions confirm Bb major as the key."
10,F minor,"The chord sequence is heavily centered on F:min6 as the tonic, which recurs throughout as the home chord. Supporting this are iv (Bb:min7/Bb:min6), ii°7 (G:min7b5), and V7(#5) (C with augmented 5th and b7) — all diatonic or common alterations in F minor. The Ab:7, Db:maj7, and Gb:maj7 function as bIII, bVI, and bII (Neapolitan) respectively, all typical chromatic chords within a jazz-flavored F minor context."
3131,G major,"The song is dominated by a repeating I-ii-I7/3-IV progression in G major (G:maj, A:min/min7, G:maj7/3, C:maj), which accounts for the vast majority of the progression. The D:7 chord functions as V7 reinforcing G major. The bridge section featuring Bb, F, Eb, and C chords introduces borrowed/modal color but does not override the strong G major tonal center established throughout."
5151,E minor,"The chord sequence strongly centers on E minor as the tonic, with a repeating progression of Em7 - A - F#m7 - B that functions as i - IV - IIm - V in E minor. The A major chord serves as the IV (a common Dorian/raised subdominant in minor), B major is the dominant (V with raised leading tone), and the occasional D major and G major chords reinforce the aeolian/natural minor flavor typical of E minor pop/rock."
551,A major,"The chord sequence strongly centers on A major as the tonic. The recurring A:maj chord is supported by diatonic chords like E:maj (V), F#:min (vi), C#:min (iii), and D:maj (IV). The C:maj (bIII) and G:maj (bVII) are borrowed chords common in rock/pop contexts, and the C#:7 acts as a secondary dominant (V7/vi) leading to F#:min, all consistent with A major."
1431,C major,"The clearest cadential points in this jazz-style progression are the repeated ii-V-I resolutions to C major: D:min7 → G:7(b9) → C:maj6/9. The G:min7 → C:7(b9) → F:maj7 motion functions as a ii-V-I in the subdominant key of F (IV in C major), and the A:7 → D:min7 segment acts as a VI7 → ii leading back into the dominant-to-tonic resolution on C. Overall, C major serves as the home key with frequent excursions to the subdominant area."
4871,Bb major,"The chord sequence strongly centers on Bb major: F:7 (V7) repeatedly resolves to Bb:maj (I), Eb:maj appears as the IV chord, and C:7 functions as a secondary dominant (V7/V). The Eb:min chord is a borrowed iv from the parallel minor, a common chromatic inflection in Bb major, and G:7 acts as V7/ii. Together these point clearly to Bb major."
4177,D minor,"The chord sequence is dominated by D:min (i), G:min (iv), and A:7 (V7), which are the core functional chords of D minor. Repeated V7-i cadences (A:7 resolving to D:min) confirm D minor as the tonal center, and supporting chords like Bb:maj (VII) and D:7 (acting as a secondary dominant to G:min) are consistent with D minor harmony."
4676,Bb major,"The chord progression is dominated by Bb:maj, G:min, Eb:maj, and F:maj, which correspond to I, vi, IV, and V in Bb major — a classic pop progression. The G minor reinforces Bb major as its relative minor, and the occasional D:maj functions as a secondary dominant (V/vi). The tonal center is clearly Bb major."
3061,Bb major,"The chord sequence is dominated by Bb major, with frequent appearances of Eb major (IV) and F7 (V7), forming a classic I-IV-V7 progression in Bb major. The F7 dominant seventh chord strongly resolves to Bb, confirming Bb as the tonic."
1666,C major,"The chord sequence is dominated by the classic I-vi-IV-V7 progression (C major, A minor, F major, G7), which is a hallmark of C major. The G7 chord functions as the dominant seventh resolving to C major, and the later E7 and D7 chords act as secondary dominants (V7/vi and V7/ii) within C major."
6348,C major,"The chord sequence is strongly centered on C major, with C:maj as the most prominent tonic chord and the clear V7-I motion of G:7 resolving to C:maj appearing multiple times. F:maj (IV) and G:7 (V7) are the primary supporting chords, while D:7, A:7, and E:7 function as secondary dominants creating circle-of-fifths motion typical of C major tonality."
1512,Eb major,"The chord sequence is dominated by Eb:maj (I) and Bb:7 (V7), the two most fundamental chords in Eb major. The C:7(b9) acts as a secondary dominant (V7/F or a chromatic embellishment), and F:hdim7 is a half-diminished chord consistent with Eb major harmony. The pattern repeats twice, confirming Eb major as the tonal center."
1706,A minor,"The chord sequence prominently features E:7 resolving to A:min (V7→i in A minor), as well as the relative major C:maj (III) and the subdominant D:min (iv). The recurring section with F:maj, A:min, and E:7 further confirms A minor as the tonal center. While D:min appears frequently as the iv chord, it consistently functions in relation to A minor rather than as a tonic."
1505,F major,"F major is strongly established as the tonic, appearing most frequently throughout the progression. The core diatonic chords of F major are all present: F:maj (I), Bb:maj (IV), C:7 (V7), D:min7 (vi), G:min7 (ii), and A:min (iii). The F:7 acts as a secondary dominant (V7/IV) leading to Bb, while G:7 serves as V7/V, and the Eb:maj is a borrowed bVII chord common in rock and pop contexts."
3956,G major,"The chord sequence clearly outlines a 12-bar blues structure in G major, with the primary chords being G (I), C (IV), and D7 (V7). The use of dominant 7th chords on the I and IV (G:7 and C:7) is characteristic of blues harmony, and D:7 serves as the dominant. G:maj is the most frequently occurring chord and functions as the tonic throughout."
3297,F minor,"The chord sequence strongly points to F minor: C:7 functions as V7 (dominant seventh) resolving to F minor, E:dim is the leading-tone diminished chord (vii°) in F minor, and the final F:min6 confirms the tonic. The Eb:maj chord at the start acts as the subtonic (bVII) chord, also common in minor keys."
2515,C major,"The chord sequence is strongly centered on C major, with G:7 (V7) repeatedly resolving to C:maj (I), which is the defining cadential motion of C major. Secondary dominants like A:7→D:min (V7/ii) and D:maj→G:7 (V/V) are common embellishments within C major, and the overall harmonic progression confirms C major as the tonic."
4170,C major,"The progression revolves around C:maj, Bb:maj, and F:maj, with C:maj appearing most frequently and for the longest durations, clearly establishing it as the tonic. The use of Bb:maj (bVII) and F:maj (IV) alongside C:maj is a classic rock/Mixolydian-flavored I–bVII–IV pattern, firmly centered on C major."
5649,F major,"The chord sequence consists almost entirely of F major, C major, and D minor, which are the I, V, and vi chords in F major. The repeating I–V–vi–V pattern (F–C–Dm–C) is a very common pop progression in F major, and the frequent return to F as a resting point confirms it as the tonic."
5176,G major,"The chord sequence strongly centers on G major, with G:maj appearing prominently as the tonic and D:7/D:7(b9) functioning as the dominant (V7) at the end. Diatonic chords like A:min7 (ii) and E:min (vi) appear throughout, while chromatic chords like G#:dim7 and Bb:dim7 function as passing diminished chords, and B:7, E:7, and A:7 act as secondary dominants—all consistent with jazz-inflected G major harmony."
6364,G major,"The chord sequence is dominated by G major and D7, which are the tonic (I) and dominant seventh (V7) chords in G major. C major also appears, functioning as the subdominant (IV), further confirming G major as the key."
1527,F major,"The chord sequence is dominated by F:maj (I), C:7 (V7), D:min (vi), and G:min7 (ii7), all diatonic to F major. The D:7 functions as a secondary dominant (V7/ii), the bridge features tonicizations of C and Bb (both closely related to F major), and the overall tonal center consistently returns to F:maj."
1017,Bb major,"Bb:maj appears most frequently and functions as the tonic throughout the progression. The dominant F:7 and subdominant Eb:maj are the other primary chords, along with C:min (ii) and secondary dominants like G:7 (V/ii) and C:7 (V/V), all of which are characteristic of Bb major. The repeated I–IV–V7–I cadential patterns strongly confirm Bb major as the key."
4349,C major,"The chord sequence is heavily centered on C major, with the classic I (C:maj), IV (F:maj), V7 (G:7), ii7 (D:min7), and vi (A:min) chords all prominently featured. The C:7 chords suggest a blues influence (acting as I7 moving to F:maj), and the middle section with B:7→E:min represents a secondary dominant tonicization of the vi chord, which is a common embellishment within C major. The song consistently returns to C:maj as its tonal center."
5907,C minor,"The chord sequence strongly centers on C minor, with C:min appearing as the tonic chord multiple times. The G:7 chord functions as the dominant seventh (V7) in C minor, creating a clear tonic-dominant relationship. The D:min and A:min chords are likely chromatic borrowings or recognition errors, but the overall harmonic gravity firmly points to C minor."
4058,Eb major,"The chord sequence strongly centers on Eb major. Eb:maj7 appears prominently and repeatedly as the tonic chord, and the recurring ii-V-I progressions in Eb major (F:min7 → Bb:7 → Eb:maj7) confirm this key. Some chromatic passing chords and a brief apparent modulation in the middle section are typical jazz harmony devices that don't displace the overall tonal center of Eb major."
5603,A minor,"The chord sequence features a strong V7→i resolution with E:7 moving to A:min, confirming A minor as the tonic. The opening B:7→E:min pattern functions as V/V→v (secondary dominant to the minor dominant), a common jazz/blues device. The descending circle-of-fifths chain (E:7→A:7→D:7→G:7→C:maj) consists of secondary dominants cycling back toward the tonic area, all consistent with A minor."
3650,C major,"The chord sequence is firmly rooted in C major, with C:maj as the most frequently occurring and longest-held chord. The progression heavily features the I (C), IV (F), and V7 (G7) chords, which are the primary diatonic chords of C major. The C:7 chords act as secondary dominants moving to F, further reinforcing C as the tonic."
622,C major,"C major is the clear tonal center, appearing most frequently throughout the sequence. The repeated pattern of G:7 (or G:aug as an embellished dominant) resolving to C:maj, along with A:min (vi) and D:7 (V7/V) all point strongly to C major. The F:min chords are borrowed from the parallel minor, and the secondary dominants (A:7, B:7, E:7) are chromatic embellishments within a C major framework."
765,A minor,"The song opens with A minor for a dominant 25 seconds, establishing it firmly as the tonic. The E major chord (the raised dominant V chord from the harmonic minor scale) and F major (VI in A minor) further confirm A minor as the key. The G7–C progressions suggest brief tonicization of the relative major (C major), which is common in A minor music."
2003,F major,"The chord sequence is dominated by F:maj, with frequent G:min7 and C:7 functioning as ii7 and V7 respectively, forming a clear ii-V-I progression in F major. The F:7 chords serve as secondary dominants (V7/IV) adding blues flavor but not destabilizing the tonal center of F major."
1051,F major,"The chord sequence is dominated by F:maj (I), C:7 (V7), G:min (ii), and D:7 (V7/ii), which are all diatonic or secondary dominant functions in F major. There is a brief contrasting section featuring C:maj and G:7 (suggesting a temporary tonicization of C), but the sequence repeatedly returns to F:maj as the tonal center, making F major the overall key."
3021,G major,"The chord sequence is strongly centered on G major, with the primary chords being G (I), C (IV), D7 (V7), and Am/Am7 (ii), all diatonic to G major. The E7 chord functions as a secondary dominant (V7/vi) resolving to Am, which is a very common embellishment in G major. The repeated D7→G resolutions further confirm G major as the tonic."
2069,Eb major,"The chord sequence opens and returns repeatedly to Eb:maj as the tonic, with clear ii–V–I motion in Eb major (F:min7 – Bb:7/9 – Eb:maj). There are extended sections tonicizing C minor (D:hdim7 – G:7(b9) – C:min7, which is a classic ii°7–V7–i in C minor), but C minor functions as the relative minor of Eb major rather than an independent tonal center. The overall harmonic language and frequent return to Eb:maj confirm Eb major as the home key."
5700,A major,"The chord sequence is heavily anchored on A:maj, which appears repeatedly as the primary resting point throughout the progression. Supporting chords include B:min7 (ii), E7 (V7), and D:maj (IV), all diatonic to A major. The F#:min in the bridge section also fits as the vi chord in A major, further confirming A major as the key."
5194,G major,"The chord sequence is dominated by G major, C major, and D7 — the I, IV, and V7 chords of G major — repeated in a clear pattern throughout most of the progression. The opening G minor and C minor chords may represent a brief chromatic or modal intro, but the overwhelming majority of the harmonic content firmly establishes G major as the tonic."
3039,A minor,"The chord sequence repeatedly returns to A:min7 as a tonal center, and the recurring E:7(#9) chord functions as a dominant (V7) resolving to A:min7, which is a strong indicator of A minor. The presence of F:maj7 (bVI) and B:hdim7 further supports A minor, while the G:min7 suggests some modal borrowing or Dorian coloring common in minor-key music."
1317,G major,"The chord sequence is built around G major as the tonic, with repeated I (G:maj), IV (C:maj), ii (A:min/A:min7), and V7 (D:7) progressions. The consistent return to G:maj and the dominant D:7 resolving to G:maj strongly confirms G major as the key."
976,C major,"The chord sequence revolves around C major as the tonic, with D minor 7 (ii7) and G7 (V7) serving as the classic ii-V-I progression in C major. The extended duration of C major and the repeated ii7-V7 motion strongly confirm C major as the key."
521,D minor,"The progression repeats clearly as D:min → B:maj → F:maj → A:min, with D minor as the structural anchor (starting and ending each phrase). F major (bIII) and A minor (v) are diatonic to D natural minor, and the B major chord functions as a chromatic or flamenco-style major VI chord—a common feature in Spanish/flamenco-influenced music in D minor. D minor is unambiguously the tonic throughout."
1787,Eb major,"The most prominent and recurring progression is F:min7 → Bb:7 → Eb:maj7, a classic ii7–V7–I in Eb major. This pattern repeats multiple times throughout the sequence and anchors the harmony strongly around Eb. The middle section features secondary dominants (D:hdim7–G:7–C:min7, A:hdim7–D:7(b9)–G:min7, G:min7–C:7) that function as tonicizations of chords diatonic to Eb major (vi, iii, and ii respectively), further confirming Eb major as the tonal center."
3053,F major,"The chord sequence strongly centers on F major, with multiple ii-V-I progressions resolving to Fmaj7 (Gm7-C7-Fmaj7). Secondary dominants like D7(b9) resolving to Gm7 (V7/ii → ii) and other chromatic chords are typical jazz embellishments within F major. The song ends definitively on F:maj and F:maj9, confirming F major as the tonic."
3274,F major,"The chord sequence is clearly centered on F major, with F:maj appearing most frequently as the tonic. The diatonic chords G:min (ii), C:7 (V7), Bb:maj (IV), D:min (vi), and A:min (iii) all strongly support F major. D:7 functions as a secondary dominant (V7/ii) resolving to G:min, and the Bb:min is a borrowed chord (iv), both common embellishments in F major."
6093,G major,"The chord sequence is centered on G major, with G:maj as the clear tonic and D:7 (V7) as the dominant, both appearing frequently. Supporting diatonic chords include C:maj (IV), A:min7 (ii7), and E:min (vi), while secondary dominants like B:7 (V7/vi), A:7 (V7/ii), and E:7 (V7/vi) add color without obscuring the G major tonality."
568,Eb major,"The song opens and closes with Eb:maj as the tonal center, supported by the classic ii7-V7-I progression (F:min7 - Bb:7 - Eb:maj) recurring multiple times. C:7(b9) functions as a secondary dominant (V7/ii) and there is a brief tonicization of G major in the middle section, but the music consistently returns to Eb major as its home."
3308,Eb major,"The chord sequence is dominated by the I-vi-ii-V progression in Eb major (Eb:maj - C:min7 - F:min7 - Bb:7), which repeats throughout the song. The secondary progression Bb:min7 - Eb:7 - Ab:maj represents a ii-V-I in Ab (the IV of Eb major), a common subdominant tonicization, and Ab:min is a borrowed iv chord—both typical in Eb major contexts."
4486,F major,"The chord sequence is centered on F major, with the primary chords being F (I), Bb (IV), and C7 (V7), which are the core chords of F major. Secondary dominants like F7 (V7/IV leading to Bb), G7 (V7/V leading to C7), and A7 (V7/ii leading to Dm) further confirm F major as the tonal center."
6113,F major,"The clearest tonal anchor is the ii-V-I progression in F major: Gm7 → C7 → F(7#5), which firmly establishes F as the tonic. The opening alternation of F7#5 and Bb7#5 is consistent with F major (I7 and IV7 in a blues/jazz idiom), and the A minor section functions as the iii chord in F major. The song then cycles through modulations by major thirds (Cm7-F7-Bb, Ebm7-Ab7-Db, C#m7-F#7-B), a characteristic jazz device, but F major is clearly the point of origin."
4210,D major,"D major appears most frequently and for the longest durations, functioning clearly as the tonic. The other chords—E minor (II), F# minor (III), G major (IV), A major/A7 (V/V7), and C# diminished (VII°)—are all diatonic to D major. Secondary dominants like D7 (leading to G) and C#7 (leading to F# minor) further confirm D major as the tonal center."
3531,D minor,"The chord sequence centers on D as the tonic, with G:min (iv), A:maj (V), and Bb:maj (VI) all being characteristic chords of D minor. The D:maj chord functions as a tonic with a raised third (common in flamenco and other genres), while Eb:maj serves as a Neapolitan (bII) chord—a hallmark of minor key harmony. The overall harmonic language strongly points to D minor."
1057,C# minor,"The progression repeatedly centers on C#:min as the tonic, with A:maj (VI) and B:maj (VII) serving as the characteristic subtonic/mediant chords of natural minor. Supporting chords like F#:min (iv), G#:min (v), and E:maj (III) all diatonically fit C# natural minor, confirming C# minor as the key."
6475,C major,"The chord sequence is strongly centered on C major, featuring prominent ii-V-I progressions (D:min7 - G:7 - C:maj7) throughout. F:maj7 (IV) and D:min7 (ii) are also common diatonic chords. Chromatic embellishments like F:min6 (borrowed iv), A:7 (secondary dominant V7/ii), and Eb:dim7 are consistent with jazz-style C major harmony."
417,Bb major,"The chord sequence is dominated by Bb:maj, with Eb:maj (IV) and F:7 (V7) as the primary supporting chords, forming a classic I-IV-V7 progression in Bb major. The occasional G:min (vi) and C:min (ii) chords are diatonic to Bb major, further confirming the key. Bb major is clearly the tonal center throughout."
681,C major,"C:maj7 appears consistently as the tonic chord throughout the sequence, always serving as the point of resolution. The chromatic descending dominant seventh chords (B7→Bb7→A7→Ab7→G7) function as a turnaround leading back to C, and the F dominant and Bb7 chords are jazz-style extensions common in C major jazz harmony. The overall pattern strongly centers on C major as the tonic."
1220,D minor,"The chord sequence strongly centers on D minor. The recurring D:min chord functions as the tonic, and the A:7 chord (with C# as its third) serves as the dominant seventh (V7) in D minor, a hallmark of the harmonic minor scale. Supporting chords like F:maj (III), Bb:maj (VI), G:min7 (iv), and C:7 (VII7) all fit naturally within D minor tonality."
3052,F major,"The song opens with a clear F major tonal center, featuring the characteristic ii–V–I progression (G:min7 – C:7 – F:maj) repeated multiple times over the first ~28 seconds. While the song modulates later (briefly to A major via B:min7–E:7–A:maj, and then toward G major via A:min7–D:7–G:maj, suggesting a jazz standard with key changes), the predominant and opening key is F major."
2709,Bb major,"The chord sequence is heavily centered on Bb, F, and Eb, which function as I, V, and IV in Bb major. The C:maj chords act as secondary dominants (V/V), and occasional chromatic chords like D:maj and brief G:maj passages are passing or secondary-function chords. The tonal gravity consistently returns to Bb, confirming Bb major as the key."
4,F major,"F:maj is the most frequently recurring chord and functions as the tonic throughout the progression. The ii-V-I cadences (G:min7 → C:7 → F:maj) and the chain of secondary dominants (D:7 → G:7 → C:7 → F:maj) strongly confirm F major. Other chords like Bb:maj (IV), D:min (vi), and A:min (iii) are all diatonic to F major, while E:7 and B:7 function as secondary dominants (V7/vi and V7/III respectively)."
473,G minor,"The chord sequence is dominated by G:(b3,*5), which is a G minor chord (minor third, no fifth). The supporting chords—C minor (iv), Bb (bIII), and Ab (bII/Neapolitan)—all fit within the chromatic/natural minor context of G minor. The classic i–bII–bIII progression strongly confirms G minor as the key."
2820,Eb major,"The chord sequence repeatedly centers on Eb:maj7 as the tonic, with Bb:7 functioning as the dominant (V7) and Ab:maj7 as the subdominant (IV), all hallmark functional chords in Eb major. Secondary dominants like Eb:7(b9)→Ab and brief tonicizations of G major and Bb major appear as passing progressions, but the song consistently returns to Eb major cadences (F:min7→Bb:7→Eb:maj)."
3411,D major,"D:maj is the most frequently occurring chord and consistently functions as the tonic throughout the sequence. The progression features classic diatonic and secondary dominant relationships in D major: F#:min7 (iii), B:7 (V7/vi), E:min (ii), E:7 (V7/ii), A:7 (V7), and D:maj (I). The opening D:7 → G:maj is a secondary dominant (V7/IV → IV) move, typical of the D major tonal center."
1421,C major,"The chord sequence strongly centers on C major with clear functional harmony. The progression features I (C:maj), V7 (G:7), ii (D:min), and IV (F:maj) chords, all diatonic to C major. Secondary dominants like A:7 (V/ii) and D:7 (V/V) reinforce the tonal center of C, and the repeated cadential motion G:7→C:maj confirms C major as the key."
273,D minor,"The chord sequence is heavily centered on D minor in its various forms (Dmin7, Dmin6, Dmin9, D7(#9), D7(b9)), which consistently appear throughout the progression. The recurring A:7 chord functions as the dominant (V7) in D minor, and chords like G:min7 (iv) and F:maj (III) further confirm D natural/harmonic minor. The chromatic passing chords (Eb:9, Ab:7, Db:maj7, etc.) are typical of jazz or funk-influenced harmonic language overlaid on a D minor tonal center."
881,Ab major,"The chord sequence is dominated by a classic I–vi–ii–V progression in Ab major: Ab:maj6 (I), F:min7 (vi), Bb:min7 (ii), Eb:7 (V7). This pattern repeats throughout the excerpt. The Ab:7 → Db:maj6 motion (I7 → IV) further confirms Ab major, as does the use of D:dim7 as a chromatic passing chord (functioning as a vii°7/V or passing diminished between IV and I)."
3949,C major,"The chord sequence is dominated by C major, F major, and G7, which are the I, IV, and V7 chords in C major. The G7 chord strongly implies C as the tonal center, and C major appears most frequently and in structurally prominent positions throughout."
6374,F major,"The chord sequence is dominated by F:maj (I), C:7 (V7), and Bb:maj (IV), which are the primary chords of F major. The repeated I–V7–I cadences (F–C7–F) and subdominant Bb strongly confirm F major as the tonic. Secondary dominants like G:7 (V7/V) and D:7 (V7/vi) are also consistent with a functional F major harmonic framework."
3109,G major,The chord sequence is heavily centered on G major with D:7 (the dominant seventh) repeatedly resolving back to G major. The presence of C major (IV) and A:7 (secondary dominant V/V) further confirms G major as the tonic.
3483,Bb major,"The chord sequence is built predominantly around Bb:maj (I), F:maj (V), G:min (vi), Eb:maj (IV), D:min (iii), and C:min (ii), all of which are diatonic to Bb major. Common progressions like Bb–F–G:min–Eb and G:min–C:min–F–Bb confirm the tonic as Bb. Secondary dominants such as C:7 (V/ii) and D:7 (V/vi) further support a Bb major tonal center."
4611,Ab major,"The chord sequence is heavily centered on Ab:maj as the tonic, with frequent returns to it. The supporting chords—Db:maj (IV), Eb:maj/Eb:7 (V/V7), Bb:min7 (ii), and F:min (vi)—all belong to the Ab major diatonic set, making Ab major the clear key."
4229,Eb major,"The song repeatedly returns to Eb:maj7 as its tonal center, and the recurring F:min7 → Bb:7 → Eb:maj7 progression is a classic ii-V-I resolution in Eb major. The sequence also features ii-V approaches to the IV chord (Bb:min7 → Eb:7 → Ab:maj7) and a chain of descending ii-V's (G:min7→C:7, F:min7→Bb:7) all leading back to Eb, which is characteristic of a jazz standard in Eb major."
295,Eb major,"The song prominently features the I-vi-ii-V progression in Eb major (Eb:maj - C:min - F:min7 - Bb:7), which repeats multiple times and anchors the key firmly. Secondary dominants like C:7 (V7/vi) and G:7 (V7/ii or V7/vi) are common embellishments within Eb major, and the song both begins and ends on Eb:maj."
3089,C major,"The chord sequence is heavily centered on C major, with frequent returns to C:maj as the tonic. The dominant G:7 resolves to C:maj repeatedly, and diatonic chords like A:min, E:min, D:min7, and F:maj all belong to the C major scale. The occasional F:min and F:min6 provide chromatic color but do not undermine the strong C major tonality."
5508,Bb major,"The sequence strongly centers on Bb major, with the tonic Bb:maj appearing prominently at the start and later sections, paired with IV (Eb:maj), ii (C:min7), and V (F:7/F:sus4) in classic Bb major progressions. Secondary dominants such as G:7 (V/vi), C:7 (V/V), and A:7 (V/iii) enrich the harmony without displacing the Bb tonal center."
6474,G major,"The song opens with a clear I–IV–I–vi–V7–I progression in G major (G, C, G, Em7, A7, D7, G), which is repeated twice. The D7–G cadences firmly establish G as the tonic. The middle section temporarily tonicizes E minor and A minor via secondary dominants, but these are passing modulations within the broader G major framework."
3931,Eb major,"The chord sequence is strongly centered on Eb major, with repeated ii-V-I progressions (F:min7 → Bb:7 → Eb:maj7) and diatonic chords including Ab:maj7 (IV), G:min7 (iii), and C:min7 (vi). Secondary dominants like C:7(b9) resolving to F:min7 and brief chromatic passages (the A:min7→D:9→G:maj7 digression) are common in jazz harmony over a primary Eb major tonal center."
5772,C major,"The chord sequence is built around the classic I-vi-ii-V7 progression (C-Am-Dm-G7), which are all diatonic chords in C major. The repeated G7 dominant seventh chord resolving to C major strongly confirms C as the tonic, and all other chords (Am, Dm, Em) are native to the C major scale."
349,G major,"The sequence is dominated by G major chords, with D7 serving as the dominant (V7) and Am7 as the supertonic (ii7), forming classic ii7-V7-I progressions in G major. The presence of C major (IV) and A7 as a secondary dominant (V7/V) further confirms G major as the tonal center."
864,F major,"The chord sequence is firmly rooted in F major, with the core diatonic chords F (I), Bb (IV), C7 (V7), Gm (ii), and Dm (vi) appearing throughout. The D7 and G7 chords function as secondary dominants (V7/ii and V7/V respectively), which are common embellishments in F major progressions."
6529,F major,"The repeating harmonic pattern at the opening features a series of descending ii–V pairs (Eb min7→Ab9, D min7→G13, G min7→C13) that resolve sequentially, with the final pair (G min7→C13) landing on F:maj7 — a clear ii–V–I in F major. F:maj7 then appears as a stable tonic (4 seconds), and the subsequent chords (D min7 as vi, Bb min7 as borrowed iv, Eb maj7 as bVII, C min7 as borrowed v) are all consistent with F major using common jazz borrowings from the parallel minor and blues-inflected modes."
2772,D minor,"The recurring progression D:min7 → G:min7 (iv) → E:hdim7 (iiø7) → A:7(b9) (V7b9) → D:maj7 is a classic jazz D minor cadential pattern (iiø7–V7b9–i). The G:min7 as iv, E half-diminished as iiø7, and A7b9 as the dominant all confirm D minor as the tonal center. The D:maj7 chords are jazz-style tonic i chords with a Picardy/major quality, common in jazz minor contexts."
5269,F major,"The chord sequence repeatedly features the ii-V-I progression in F major (G:min7 - C:7 - F:maj7), with F:maj7 as the clear tonal center. Secondary dominants like D:7 (V7/ii) and A:7 (V7/vi) are typical jazz embellishments around F major, and the C:min7 - F:7 - Bb:maj7 passage is a brief tonicization of the IV chord. The F:min7 chords represent a borrowed iv chord, a common jazz substitution in F major."
1737,A minor,"The chord sequence repeatedly features E:7(b9) → A:min as a clear V7-i cadence in A minor, with A:min appearing as the primary tonal center throughout. The B:min7 → E:7 → A:min progression (ii°-V-i) also confirms A minor, and the Bb:min7 → Eb:7 passages function as tritone substitutions for the E:7 dominant resolving to A:min. The brief G:maj7 and C:maj7 passages are consistent with the relative major and its subdominant."
2180,G major,"The chord sequence revolves around G major as the tonic, with A minor (ii) and D7 (V7) serving as the primary supporting chords. This I-ii-V pattern strongly establishes G major, and C major (IV) also appears briefly, further confirming the key."
3418,C major,"The chord sequence is strongly centered on C major, with the primary chords being C:maj (I), F:maj (IV), and G:7 (V7) — classic C major tonal pillars. The E:7 leading to A:min is a secondary dominant (V7/vi), and the D:maj/D:7 acts as a secondary dominant to G, all of which are typical embellishments within a C major framework."
6231,F major,"The chord sequence is dominated by the I-vi-ii-V progression in F major (F:maj, D:min, G:min7, C:7), which repeats throughout the entire piece. The C:7 functioning as the dominant seventh resolving to F:maj, along with the Bb:maj (IV) appearance, firmly establishes F major as the tonic."
5824,G major,"The chord sequence is strongly centered on G major, with the tonic (G:maj), subdominant (C:maj), dominant seventh (D:7), and relative minor (A:min) all appearing prominently and frequently. Secondary dominants like A:7 (V/V) and G:7 (V/IV) further confirm G major as the tonal center."
2547,C major,"The chord sequence is strongly centered on C major, with C:maj as the most frequently occurring chord. G:7 functions as the dominant V7, F:maj as the subdominant IV, and D:min7 as the supertonic ii7, all diatonic to C major. Secondary dominants like D:7 (V7/V) and chromatic passing chords like C#:dim7 and Eb:dim7 further confirm typical C major harmonic elaboration."
4209,G major,"The chord sequence revolves clearly around G major, with C major (IV) and D7 (V7) serving as the primary supporting chords. This I-IV-V7 progression is a classic indicator of G major, and the G:maj chord appears most frequently and at structurally important positions."
2575,G major,"The song is clearly in G major. It repeatedly establishes G as the tonic (G:maj, G:maj7), uses C major as the IV chord, and features a classic ii-V-I cadence (A:min9 → D:7 → G:maj) multiple times. Secondary dominants like B:7 (V7/vi leading to E:min7) and E:7 (V7/ii leading to A:min9) are consistent with G major tonality."
2527,F minor,"The repeating progression Db:maj – Bb:min – F:min7 fits neatly into F minor, where Db is the bVI, Bb minor is the iv, and F minor is the tonic (i). The F:min7 chord consistently receives double the duration (4s) compared to the other chords, emphasizing it as the harmonic center. This bVI–iv–i pattern is a very common progression in minor-key music."
4302,G major,"The chord sequence is built around G major as the tonic, with D:7 functioning as the dominant (V7) and C:maj as the subdominant (IV). The classic I-V7-vi-IV and I-IV-I-V7 progressions strongly confirm G major as the key."
1110,C major,"The chord sequence is strongly centered on C major, with C:maj as the most frequent chord and G:7 (the dominant seventh) repeatedly resolving to C:maj, confirming C as the tonic. The F:min and C:7 chords in the middle section represent blues-influenced modal mixture (borrowing from the parallel minor), but the overall tonal center remains C major."
4743,C major,"The chord sequence is firmly rooted in C major, with C:maj as the tonic chord appearing most frequently. The G:7 (dominant seventh) resolves repeatedly to C:maj, and D:7 functions as the secondary dominant (V/V) leading to G:7, all of which are classic functional harmony patterns in C major. F:maj serves as the subdominant (IV), completing the standard I-IV-V progression."
1607,G major,"The chord sequence is heavily centered on G:maj as the tonic, with frequent appearances of A:min (ii), B:min (iii), and D:7 (V7) — all diatonic to G major. The repeated V7 (D:7) → I (G:maj) cadential motion strongly confirms G major as the key, despite various chromatic passing chords like Db:7, Ab:dim, and F:7."
463,G major,"All the chords (G major, B minor, E minor, A minor, D major) are diatonic to G major. The sequence opens prominently on G major and the recurring D major functions as the dominant (V) resolving back through the progression. While E minor is also a candidate, the structural weight on G and the D–G relationship points to G major as the tonic."
3321,G major,"The chord sequence is heavily centered on G major as the tonic, with frequent use of C major (IV), D major/D7 (V/V7), and A minor (ii), all of which are diatonic to G major. The D7 chord functioning as a dominant seventh resolving to G further confirms G major as the key."
2287,C major,"The progression is dominated by C:maj (tonic) and G:7 (dominant seventh), which are the two most fundamental chords in C major. D:min7 functions as the ii chord in C major, further confirming the key. The occasional D:7 acts as a secondary dominant (V/V), a common embellishment in C major."
4595,A minor,"The chord sequence is built around A:min7 as the tonic, with D:min7 (iv) and E:7 (V7) forming the classic i–iv–V7 progression in A minor. The repeated E:7(#5,#9,#11) acting as a dominant seventh confirms A as the tonal center, and the final A:maj is a Picardy third cadence, a common ending gesture in minor-key songs."
1749,F major,"The chord sequence is built around F major (I), Bb major (IV), C7 (V7), and D minor (vi), which are all diatonic to F major. The A7 chord functions as a secondary dominant (V7/vi) tonicizing D minor, a common embellishment in F major. The frequent return to F major confirms it as the tonic."
4943,Eb major,"The chord sequence is firmly rooted in Eb major, with the tonic Eb:maj7 appearing prominently and repeatedly. The classic ii-V-I progression in Eb (F:min7 - Bb:7 - Eb:maj7) appears multiple times throughout. The Bb:min7 - Eb:7 - Ab:maj7 passages represent a tonicization of the IV chord (Ab), a common jazz maneuver within Eb major, and G:min7 - C:7 - F:min7 is a ii-V-i in F minor (the ii chord of Eb), all consistent with Eb major as the home key."
623,G major,"The chord sequence is strongly centered on G major, with the primary chords being G (I), D/D7 (V/V7), C (IV), and E minor (vi) — all diatonic to G major. The B major and B7 chords function as secondary dominants (V/vi) leading to E minor, and A major appears as V/V (secondary dominant of D). The repeated cadential motion D7→G confirms G major as the tonic."
6160,Eb major,"The chord sequence is centered on Eb:maj, which appears with the longest durations (9.0s twice) and functions as a clear tonic. Bb:7 (V7) repeatedly resolves to Eb:maj, and other diatonic chords like Ab:maj (IV), F:min (ii), and C:min (vi) further confirm Eb major. Chords like G:7 and C:7 function as secondary dominants (V7/vi and V7/IV), which is consistent with Eb major harmony."
52,C major,"The chord sequence is clearly centered on C major, with C:maj as the most frequent and longest-duration chord. The dominant G:7 repeatedly resolves to C:maj, and the supporting chords F:maj, A:min, and D:7 (functioning as V/V) all fit naturally within the C major diatonic framework."
6596,A minor,"The chord sequence repeatedly features the i-ii⁰7-V7(b9) progression (A:min → B:hdim7 → E:7(b9)), which is a hallmark of A harmonic minor. Supporting chords like D:min (iv), G:7 (VII), C:maj7 (III), and F:maj7 (VI) all belong to the A minor diatonic/harmonic minor framework. The strong, recurring pull of E:7(b9) resolving to A:min confirms A minor as the tonic."
2429,G major,"The chord sequence is dominated by G, C, D, and F major chords. The repeated D:maj → G:maj motion (V→I in G major) acts as the primary cadential pattern throughout, with many phrases resolving to G. C functions as IV and F as the characteristic bVII (flatted seventh, common in rock), both of which are idiomatic in G major. While C appears frequently, it acts as a subdominant rather than a tonic, with the D-G cadences confirming G as the home key."
6294,E minor,"The chord sequence is anchored by E minor as the tonic (i), with B:7 serving as the dominant (V7) and A:min as the subdominant (iv), which are the defining functional chords of E minor. The E:7 chords act as secondary dominants (V7/iv) leading to A minor, and the F:hdim7 likely represents a half-diminished chord in a chromatic or modal context within E minor. The overall harmonic motion strongly confirms E minor as the key."
2442,C minor,"The chord sequence is strongly centered on C minor, with clear V7–i cadences (G:7 → C:min) throughout. Supporting this are the iv chord (F:min/F:min7), the bVI (Ab:maj), and the bVII7 (Bb:7), all of which are characteristic chords in C minor. The D:dim7 likely functions as a diminished seventh leading into the dominant or tonic area of C minor."
4384,C major,"The chord sequence is built around C major, G7, F major, and C7, which are the I, V7, IV, and I7 chords in C major. The G7 (V7) resolving to C major (I) is a strong indicator of C major tonality, and the C7 functioning as a secondary dominant to F further supports this key."
2594,C minor,"The chord sequence repeatedly features G:7 resolving to C:min, which is the classic V7→i cadence strongly confirming C minor as the tonic. Supporting chords such as F:min (iv), Eb:maj (III), Ab:7 (VI), and Bb:7 (VII) are all diatonic or commonly borrowed in C minor. The frequent return to C:min as a point of rest further confirms it as the tonal center."
2288,F major,"The chord sequence is strongly centered on F major, with C:7 (V7) resolving to F:maj (I) repeatedly throughout, and Bb:maj (IV) and G:min (ii) as supporting diatonic chords. The Bb:min is a borrowed iv chord from the parallel minor, a common chromatic inflection in F major songs."
4091,C major,"The chord sequence is dominated by the ii-V-I progression in C major (D:min7 → G:7 → C:maj), which repeats multiple times throughout the sequence. A:min7 functions as the vi chord, and E:maj appears as a secondary dominant (V/vi) resolving to A:min. The F:min7 is a borrowed chord (from the parallel minor), but C major is clearly the tonal center."
1544,Bb major,"The chord sequence is anchored around Bb:maj7 as the tonic (I), with C:min7 (ii), F:7 (V7), and G:min7 (vi) all diatonic to Bb major appearing frequently. The recurring ii-V7-I motion (C:min7 → F:7 → Bb:maj7) strongly confirms Bb major. The chromatic chords (G augmented, A augmented, secondary dominants like D:7→G:min7 and G:7→C:min7) are typical jazz embellishments within a Bb major tonal center."
2589,C major,"The chord sequence strongly centers on C major, with C:maj as the tonic (I), D:min as the supertonic (ii), and G:7 as the dominant seventh (V7) — all diatonic to C major. The A:7 chord functions as a secondary dominant (V7/ii) tonicizing D minor, which is a common embellishment within C major."
6201,C major,"The chord sequence is centered around C major, with the primary chords being C:maj, A:min, D:min7, F:maj, and G:7 — all diatonic to C major. The G:7 functions as the dominant seventh resolving to C, and secondary dominants like E:7 (V/vi), A:7 (V/ii), and D:7 (V/V) appear as chromatic embellishments that reinforce the C major tonality."
1939,C major,"The chord sequence is heavily centered on C major, with F major (IV), G7 (V7), and A minor (vi) as the primary supporting chords — all diatonic to C major. The D7 functions as a secondary dominant (V7/V), and C:7 acts as a secondary dominant to F major (IV), both common embellishments in C major. The overall harmonic motion strongly confirms C major as the tonic."
2787,Bb major,"The chord sequence is a classic 12-bar blues in Bb, with the three primary chords being Bb7 (I7), Eb7 (IV7), and F7 (V7) repeated twice through the sequence. The G:min7 and C:7 function as vi-II7 turnaround figures leading back to F:7 (V7), and the E:maj chord is likely a tritone substitution for Bb7. The repeated structure and dominant-seventh chords on I, IV, and V are hallmarks of blues in Bb major."
3118,D minor,"The chord sequence strongly centers on D minor, which appears repeatedly as a long-duration tonic chord. The A:7 chord functions as the dominant (V7) resolving to D minor (i), a classic V7-i cadence in D minor. Supporting chords like F:maj7 (bIII), C (bVII), Bb (bVI), and G:min (iv) are all diatonic or characteristic of D natural/harmonic minor."
2675,G major,"The chord sequence revolves around G:maj, A:min7, D:7, and C:maj, which correspond to I, ii7, V7, and IV in G major. The repeated ii7-V7-I progressions (Am7-D7-Gmaj) strongly confirm G major as the tonic."
2906,C major,"The sequence opens and returns repeatedly to C:maj with G:7 as the dominant, strongly confirming C major as the tonic. The F:min (iv) and F:min6 are borrowed chords from the parallel minor, a common technique in C major. The central E:maj/B:7 section represents a tonicization of the mediant (III), but the piece consistently gravitates back to C:maj with G:7 resolutions."
3265,F major,"The chord sequence is centered around F:maj7 as the tonic, with C:7 serving as the dominant (V7), Bb:maj7 as the subdominant (IV), G:min7 as the supertonic (ii), and Bb:min7 as a borrowed iv chord from F minor — all classic functional harmony in F major. The ii-V-I (G:min7 - C:7 - F:maj7) at the end further confirms F major."
935,C major,"The chord sequence is entirely diatonic to C major, featuring only C, F, and G major chords (I, IV, and V). C major appears most frequently and for the longest durations, clearly establishing it as the tonic."
1366,Bb major,"The chord sequence is heavily centered on Bb:maj as the tonic, with F:7 serving as the dominant seventh chord. The secondary dominant chain (D:7 → G:7 → C:7 → F:7) is a classic blues/jazz device that ultimately resolves back to Bb major, confirming Bb major as the key."
5469,C major,"The chord sequence revolves entirely around C major, F major, and G major, which are the I, IV, and V chords of C major. C major appears most frequently and clearly functions as the tonic, with F and G providing the classic subdominant and dominant support."
2096,G major,"The chord sequence is built around G, Em, C, and D, which are the I, vi, IV, and V chords of G major. The presence of D7 further confirms G major as the tonal center, functioning as a dominant seventh resolving to G."
2869,F major,"F:maj7 is the most frequently occurring chord and functions as the tonic throughout. Classic ii-V-I progressions in F major appear (G:min9 → C:9/C:7(b9) → F:maj7), and supporting chords like Bb:maj7 (IV) and C:sus4 (V) further confirm F major. The Eb:9 and Db:9 chords are chromatic/jazz embellishments common in soul and jazz styles, consistent with F as the tonal center."
2375,Bb major,"The three most frequently occurring chords are Bb:maj (I), F:maj (V), and Eb:maj (IV), which form a classic I–IV–V pattern in Bb major. These chords dominate the entire 60-second segment, while the remaining chords (Db:9, Gb:9, C:7) appear briefly and likely represent chromatic passing chords or recognition errors. Bb major is the clear tonal center."
5198,C major,"The chord sequence is anchored by a strong I-IV-V7 progression in C major (C:maj, F:maj, G:7), with C major and G:7 appearing repeatedly and for significant durations. Secondary dominants like E:7 (V/vi leading to A:min) and D:maj (V/V leading toward G) are common embellishments within a C major tonal center, and borrowed chords like G:min7 and Bb:maj add color without undermining the key."
4121,C minor,"The chord sequence is dominated by C:min, with F:min (iv) and G:maj (V) as the main supporting chords. The presence of G major as the dominant (V) and F minor as the subdominant (iv) are classic indicators of C natural/harmonic minor, confirming C minor as the key."
2398,G major,"The chord sequence alternates between G major and D7, which are the tonic (I) and dominant seventh (V7) chords in G major. This classic I-V7 alternation strongly confirms G major as the key."
4721,C major,"The chord sequence strongly centers on C major, with the classic I-V7 (C-G7) progression dominating throughout. The presence of C:7 acting as a secondary dominant leading to F:maj (IV) reinforces the blues/folk pattern typical of C major, and the repeated cadences back to C:maj confirm it as the tonic."
1053,C major,"The song opens with a clear and repeated ii-V-I progression in C major (Dm7 - G7 - Cmaj), stated four times in a row, strongly establishing C major as the tonic. The middle section features chromatic or modulating passages (Ab, Db, Bbm, C7, Fm, E7, A), likely a bridge or contrasting section. The sequence ends with Dm7 - G7, pointing back to C major as home."
6272,G major,"The chord sequence features G major (I), C7 (IV7), and D7 (V7), which is a classic I-IV-V blues/shuffle progression in G major. The dominant 7th chords on the IV and V are characteristic of blues harmony in G, and G:maj is the tonal center throughout."
3299,F major,"The chord sequence is built almost entirely around F major, C major, and Bb major, which are the I, V, and IV chords in F major. The recurring A:(b3,*5) chords represent A minor (vi in F major), further supporting the key. The song also ends on a prolonged F:maj chord, confirming F major as the tonic."
3356,F major,"The chord sequence is centered on F major, with F:maj6 serving as the tonic chord appearing repeatedly. The classic ii-V-I progressions (G:min7 → C:7 → F:maj6) strongly confirm F major as the key. Secondary dominants such as D:7 (V/ii) and A:7 → D:7 (part of a descending dominant chain back to F) are consistent with functional harmony in F major."
356,Eb major,"The chord sequence strongly centers on Eb major, with the primary chords being Eb:maj (I), Ab:maj (IV), Bb:maj (V), C:min7 (vi), F:min7 (ii), and G:min7 (iii) — all diatonic to the Eb major scale. The song opens with Eb:maj9 and cycles through these chords repeatedly, and the frequent cadential motion through Bb:maj back to Eb and Ab confirms Eb major as the tonic."
4892,C major,"The song opens with a strong C major tonic–dominant progression (C:maj–G:7–C:maj) lasting about 20 seconds, firmly establishing C major. The subsequent chords (C:7→F:maj, and I–IV–V cadences) are all consistent with C major. The later A minor passages (with E:7 as its dominant) represent movement to the relative minor, which is a common feature within a C major tonal center."
6270,C major,"The chord sequence is dominated by C major, G major, and F major, which are the I, V, and IV chords of C major. These three chords together strongly establish C major as the tonic, with no accidentals or chromaticism to suggest another key."
2218,F major,"The chord sequence is clearly centered on F major, with F:maj serving as the tonic and C:7 functioning as the dominant (V7). G:min7 appears repeatedly as the ii7 chord, and the ii–V–I progression (G:min7–C:7–F:maj) recurs throughout. Secondary dominants like D:7 (V7/v) and chromatic passing chords (Ab:dim, Bb:aug) are typical embellishments within a functional F major framework."
2024,D major,"The chord sequence revolves around D major as the tonic, with G major (IV) and A7 (V7) as the primary supporting chords. This classic I-IV-V progression firmly establishes D major as the key."
5634,C major,"The chord sequence repeatedly returns to C:maj9 as a clear tonic, with cadential motion like G:7(b9) → C:maj9 confirming C as the tonal center. Diatonic chords such as D:min7 (ii) and F:9 (IV) support C major, while the recurring G:min7 (instead of G:maj/G7) and C:min9 reflect common jazz modal mixture/borrowing from C minor without displacing C major as the key."
525,Bb major,"The song opens in G minor (with D:7 as the dominant), but G minor is the relative minor of Bb major. The second and larger portion of the piece (roughly 35+ seconds) strongly establishes Bb major through a clear I-IV-V7 framework with Bb:maj, Eb:maj, and F:7. Given that Bb major dominates the overall duration and harmonic weight of the clip, Bb major is the primary key."
1266,Eb major,"The progression opens and repeatedly returns to Eb:maj as the tonic, with Bb:7 serving as the dominant 7th chord (V7) resolving to Eb. The initial sequence Eb:maj - C:min - F:min - Bb:7 - Eb:maj is a classic I - vi - ii - V7 - I in Eb major. While there are secondary dominants and chromatic chords (like C:7, G:7, F:7 for circle-of-fifths movement), the overall harmonic center firmly points to Eb major."
735,Bb major,"The most clearly functional harmonic relationships throughout this sequence center on Bb major: Eb (IV) appears repeatedly and prominently as Eb maj7, F/F7 (V/V7) appears frequently, and Bb (I) appears multiple times. The classic IV–V–I motion of Eb → F → Bb strongly supports Bb as the tonic. The G major chords act as a raised VI (common in blues/pop-influenced styles), while the chromatic sections (E7, B minor, etc.) function as secondary dominants or passing harmonies within that tonal context."
382,D minor,"The chord sequence is dominated by D:min9 (44 out of 60 seconds), making D minor the clear tonal center. The brief Eb:min9 functions as a chromatic neighbor or modal color chord before returning to D:min9, which is characteristic of jazz or neo-soul harmony in D minor."
1569,C major,"The chord sequence is firmly centered on C major, with C:maj appearing frequently as the tonic and G:7 acting as the dominant seventh chord resolving to C. Diatonic chords like F:maj (IV) and D:min (ii) further confirm C major, while secondary dominants like D:7 (V7/V) and A:7 (V7/ii) are common embellishments within a C major context."
4404,C major,"The opening section strongly establishes C major with the classic I-IV-V7 progression (C, F, G7). The second half shifts toward G major (with D as V of G), suggesting a modulation to the dominant, but C major is clearly the home key given the strong initial establishment with G:7 functioning as V7 of C."
2028,F major,"The chord sequence is dominated by F:maj as the tonic, with Bb:maj (IV) and C:7 (V7) as the primary supporting harmonies — classic I, IV, V7 function in F major. The recurring ii-V motion (G:min7 → C:7) further confirms F major, as does the characteristic I7 → IV move (F:7 → Bb:maj) common in blues-influenced F major songs."
375,Eb major,"The chord sequence strongly centers on Eb major as the tonic, with frequent appearances of Eb:maj and its dominant Bb:maj/Bb:7 (V and V7). Other chords like Ab:maj (IV), F:min (ii), and C:min (vi) are all diatonic to Eb major, and secondary dominants like Eb:7 (V7/IV) and C:maj (V/ii) further confirm the Eb major tonality."
455,Bb major,"The chord sequence is dominated by Bb major, F major (often as F7), Eb major, G minor, C minor, and D minor — all diatonic to Bb major. The recurring I (Bb), IV (Eb), V (F/F7), vi (Gm), and ii (Cm) progressions strongly confirm Bb major as the tonic. The occasional D major chord functions as a secondary dominant (V/vi) resolving to G minor, which is also consistent with Bb major."
5697,D minor,"The chord sequence is heavily centered on D:min as the tonic, with A:7 functioning as the dominant seventh (V7) in D minor—a hallmark of harmonic minor. F:maj (III) and G:min (iv) also fit naturally within D minor, and the constant return to D:min confirms it as the tonal center."
1996,C major,"The chord sequence is dominated by C, F, G, and Am — the I, IV, V, and vi chords of C major. The progression resolves repeatedly to C major, and all chords (including Em) are diatonic to C major, confirming C major as the key."
3160,A minor,"The chords Am, Dm, F, C, G all belong to the natural A minor scale (i, iv, VI, III, VII), and the recurring E major chord functions as the dominant V chord drawn from harmonic minor. The repeated cadential motion Dm→E→Am strongly confirms A minor as the tonic."
5191,D major,"The song opens with a classic D major tonic chord (with descending bass) moving through G:maj (IV) and A:7 (V7), a textbook I–IV–V progression in D major. Secondary dominants like D:7 (V7/IV leading to G) and F#:7 (V7/vi leading to B:min) reinforce D major as the tonal center. The later oscillation between B:min (vi) and A:maj (V) is consistent with D major harmony."
1010,F major,"The chord sequence centers strongly on F major as the tonic, with C:7 serving as the dominant (V7) and Bb:maj as the subdominant (IV). The F:7 chord is a blues-inflected tonic seventh chord leading to Bb (IV), and G:7 functions as a secondary dominant (V7/V) leading to C:7. This repeating 12-bar blues-style progression is definitively in F major."
5745,E major,"The sequence is dominated by E power chords (approximately 35 seconds), with D and F# appearing as supporting chords. In a rock/power-chord context, the D chord functions as a bVII (flat-seventh), which is extremely common in rock music in a Mixolydian/major framework, while F# serves as the II chord. The strong emphasis on E throughout makes E major (or E Mixolydian) the most likely key."
5247,G major,"The chord sequence is dominated by G major as the tonic chord, with D:7 (the dominant seventh) resolving back to G:maj throughout. The occasional C:maj serves as the subdominant (IV) chord, reinforcing the G major tonality with a classic I-IV-V7-I harmonic framework."
5033,F major,"The progression is strongly centered on F major, with F:maj as the primary tonic chord. The recurring C:7 (V7 of F) resolving to F:maj is a clear dominant-to-tonic motion, and G:min functions as the ii chord in F major. The Db:7 chords appear as tritone substitutions for G:7 (V7/V), a common jazz/pop chromatic substitution that further confirms F major as the tonal center."
2535,F major,"All chords in the sequence (F major, A minor, G minor, C7, Bb major, G minor 7) are diatonic to F major: I, iii, ii, V7, IV, and ii7 respectively. The repeated V7 (C7) resolving to I (F major) strongly confirms F major as the tonic."
4088,C minor,"The chord sequence is dominated by C minor and G major, which form the i–V relationship characteristic of C minor (G major being the dominant with raised leading tone). The occasional Gb:min appears to be a chord recognition error, and the C:maj near the end is likely a Picardy third cadence, a common technique in minor-key music."
5739,F major,"The chord sequence is strongly centered on F major, with frequent appearances of F:maj, Bb:maj (IV), C:maj/C:7 (V/V7), G:min (ii), A:min (iii), and D:min (vi) — all diatonic to F major. The A:7 chord functions as a secondary dominant (V7/vi) leading to D:min, further confirming F major as the tonic."
2205,F major,"The chord sequence is centered on F major, with repeated I (F:maj), IV (Bb:maj), V7 (C:7), and ii7 (G:min7) progressions—all diatonic to F major. The F:7 chord functions as a secondary dominant tonicizing Bb (IV), and the D:min chords serve as the vi chord, further confirming F major as the tonic."
651,Eb major,"The chord sequence is dominated by the recurring F:min7 → Bb:7 pattern, which is the classic ii–V of Eb major. This is confirmed mid-sequence when the ii–V resolves to Eb:maj7 (Bb:min7, Eb:7, Ab:maj7 suggests a brief excursion to Ab, and C:min7, F:7, Bb:maj7 a brief visit to Bb major), but the song consistently returns to the F:min7/Bb:7 vamp, placing the overall tonal center firmly in Eb major."
4446,C major,"The chord sequence is clearly centered on C major, with C:maj appearing prominently and G:7 (V7) repeatedly resolving to C:maj. Secondary dominants like D:7 (V7/V), A:7 (V7/ii), and C:7 (V7/IV) are used for color, along with borrowed chords from the parallel minor (F:min, Bb:7, Eb:maj7), which is a common jazz/blues technique. The tonic-dominant relationship between C and G:7 is unmistakable throughout."
5699,Bb major,"The chord sequence is dominated by Bb:maj (I), Eb:maj (IV), and F:7 (V7), which are the primary diatonic chords of Bb major. C:7 functions as a secondary dominant (V7/V), further reinforcing Bb major. The Bb chord appears most frequently and for the longest cumulative duration, confirming it as the tonic."
5938,F major,"The chord sequence is centered on F major, which appears most frequently and at structurally prominent positions (including the long final chord). The chords Bb (IV), C7 (V7), Dm (vi), and G7 (II7, a secondary dominant to C) all function naturally within F major. The brief Db:7 is a chromatic passing chord (likely a tritone substitute for G7) that doesn't undermine the clear F major tonality."
3259,Eb major,"The chord sequence is clearly centered on Eb major, with Eb:maj appearing most frequently and serving as the tonic. The progression heavily features the classic I (Eb), IV (Ab), V7 (Bb7) relationship, along with Eb7 acting as a secondary dominant leading to Ab (IV), all of which are standard functional harmony in Eb major."
5205,Eb major,"The chord sequence is dominated by Eb major, with Bb7 (the dominant seventh) and Ab major (the subdominant) as the primary supporting chords. This I-IV-V7 harmonic framework strongly confirms Eb major as the key."
3654,C minor,"The chord sequence is dominated by C minor in various forms (C:min, C:min7, C:min6), which serves as the clear tonal center. Supporting chords include F:min7 (iv7), G:7 (V7), and Bb:7 (VII7), all characteristic of the C minor harmonic/natural minor environment. The A:7 chord is a chromatic secondary dominant, but does not displace C minor as the overall key."
3820,Bb major,"The most frequent chord is Bb:maj, and the progression C:min7 → F:7 → Bb:maj forms a clear ii-V-I cadence in Bb major, appearing multiple times. Extended circle-of-fifths motion (G:min7 → C:7 → C:min7 → F:7 → Bb:maj) also firmly establishes Bb as the tonic. The prominent Eb:maj functions as the IV chord, Bb:7 acts as a secondary dominant (V7/IV) tonicizing it, and Ab:7 is a borrowed bVII7 chord, all common in jazz/R&B in Bb major."
722,C major,"The chord sequence strongly centers on C major, with the tonic C:maj appearing frequently and prominently. The dominant G:7 repeatedly resolves to C:maj, and the presence of D:min (ii) and F:maj (IV) are all diatonic to C major, confirming a clear C major tonality."
833,C major,"The chord sequence is dominated by C major, with frequent use of F major (IV) and G major (V), the two primary diatonic chords in C major. The presence of A minor (vi) further confirms the key of C major, as all chords fit neatly into its diatonic harmony."
2440,F major,"The chord sequence strongly centers on F major, with F:maj as the recurring tonic and C:7 (V7) as the dominant, both appearing multiple times. Diatonic chords like D:min (vi), G:min (ii), and Bb:maj (IV) all fit naturally within F major, and the secondary dominants (F:7 resolving toward Bb, D:7 resolving toward G:min) are typical of functional harmony in F major."
4852,Eb major,"The chord sequence is built around a classic I-vi-ii-V progression in Eb major: Eb:maj (I), C:min (vi), F:min7 (ii7), and Bb:maj/Bb:7 (V/V7). The G:min chord also fits as the iii chord in Eb major, and F:7 functions as a secondary dominant (V7/V). Eb:maj is clearly the tonal center throughout."
5962,C major,"The chord sequence is built around a clear C major tonal center, with repeated I-V7-I cadences (C-G7-C), IV (F:maj7), and ii (D:min7) chords all diatonic to C major. There is a brief tonicization of E minor in the middle section (F#:min7-B:7-E:min7), but the music consistently returns to C major, which anchors the overall key."
4984,Ab major,"The chord sequence is dominated by chords diatonic to Ab major: Ab (I), Db (IV), Eb (V), F minor (vi), Bb minor (ii), and C minor (iii). The recurring Ab:maj as a stable tonic chord, along with progressions like Ab:7→Db:maj (V7/IV→IV) and Db→Ab (IV→I), strongly anchor the harmony to Ab major. F minor appears frequently as the relative minor, but Ab major functions as the tonal center throughout."
2172,G major,"The chord sequence is heavily centered on G major, with frequent appearances of G:maj, D:7 (the dominant seventh), C:maj (the subdominant), and E:min (the relative minor/vi chord). The D7 resolving to G major is a clear V7-I cadential motion, confirming G major as the tonic."
4990,E minor,"The chord sequence alternates exclusively between E minor and D major, with E minor appearing more frequently and acting as the clear tonal center. The D major chord functions as the subtonic (bVII) in E minor, a very common progression in rock and folk music. The persistent return to E minor confirms it as the tonic."
5552,G major,"The progression repeatedly centers on G major as the tonic, with the recurring pattern G–G maj7–G7–C maj7–F9–G–Am7–D9 featuring a ii–V (Am7–D9) that resolves back to G. The D7/D9 acting as V of G is a strong indicator, and while there is a brief tonicization of Eb major in the bridge and some Mixolydian color (the F9/bVII chord), the song consistently returns to G major as its home."
3685,Eb major,"The chord sequence is dominated by Eb major, with frequent use of Bb7 (the dominant seventh) and Ab major (the subdominant), all diatonic to Eb major. The C minor appearances function as the relative minor (vi), further confirming Eb major as the tonic."
1629,Bb major,"The chord sequence repeatedly features C:min7 → F:7 → Bb:maj, which is the classic ii-V-I progression in Bb major. Additionally, Bb:7 moving to Eb:maj is a typical I7-IV move (common in blues/jazz within Bb major), and C:7 → F:7 functions as a V7/V → V in Bb major, all confirming Bb major as the tonic."
2063,C minor,"The chord sequence is dominated by an alternating C minor and D minor vamp. The presence of D minor (rather than D diminished) suggests a Dorian flavor, which is common in jazz and funk. The secondary progression (Bbm - Eb9 - Abmaj7 - G dominant) functions as a brief digression before returning to C minor, with the G dominant chord acting as V resolving back to C minor, confirming C as the tonal center."
767,F major,"The chord sequence repeatedly features G:min7 - C:7 - F:maj, which is a classic ii-V-I progression in F major, strongly establishing F as the tonic. Additional progressions like D:min7-G:7-C:maj7 (ii-V-I in C, the V of F) and C:min7-F:7-Bb:maj7 (ii-V-I in Bb, the IV of F) are consistent with jazz-style modulations within F major. The recurring return to the G:min7-C:7-F:maj pattern confirms F major as the home key."
3679,C major,"The chord sequence revolves strongly around C as the tonal center, with frequent F (IV) and G (V) chords forming classic C major progressions (F–G–C). The E:maj chords function as secondary dominants (V/vi) leading to A:maj, and the D:maj–G:maj–C pattern further reinforces C major through a chain of dominant preparations. Despite the chromaticism from the secondary dominants, C major is the clear tonic."
1602,C major,"The chord sequence is dominated by C major (24 seconds total) and G7 (20 seconds total), which is the dominant seventh of C major, strongly establishing C as the tonic. Secondary dominants like A7 (V7/ii leading to D minor) and D7 (V7/V leading to G7) are typical chromatic embellishments in C major, and the borrowed F minor chord is a common modal mixture. The overall harmonic function clearly points to C major."
2075,F major,"The chord sequence is dominated by F major, Bb major, and C major (with occasional C7), which are the I, IV, and V chords of F major. F major appears most frequently and serves as the clear tonal center throughout the progression."
4142,Eb major,"The song centers on Eb:maj as the tonic, with repeated ii-V-I cadences (F:min7 → Bb:7 → Eb:maj) clearly confirming Eb major. Secondary dominants such as G:7 → C:min (V7/vi), C:7 → F:min (V7/ii), and D:7 → G:min7 (V7/iii) are all consistent with Eb major, characteristic of a jazz standard with extensive chromatic ii-V substitutions."
2598,Bb minor,"The chords Bb, Db, Eb, Gb, and Ab all fit perfectly within the Bb natural minor scale (Bb, C, Db, Eb, F, Gb, Ab). The progression centers heavily on Bb as the tonic, with the surrounding chords functioning as bIII (Db), iv (Eb), bVI (Gb), and bVII (Ab) — classic minor-key harmonic moves common in rock and pop. The consistent return to Bb:maj as the anchor chord confirms it as the tonal center."
4117,F major,"The chord sequence is strongly centered on F major, with the primary chords being F (I), Bb (IV), C/C7 (V/V7), and Dm (vi) — all diatonic to F major. The C:7 chord acts as a dominant seventh resolving to F, confirming the tonic. The A:maj and G:maj chords appear as secondary dominants (V/vi and V/V respectively), which is common in the genre."
357,Ab major,"The chord sequence is centered around Ab major, with its primary diatonic chords appearing prominently: Ab (I), Db (IV), Eb (V), Bb min7 (ii7), F min (vi), and Eb7 (V7). The recurring C:7 chords function as secondary dominants (V7/vi) resolving to F minor, a common embellishment in Ab major. The overall progression strongly confirms Ab major as the tonic."
3445,C major,"The chord sequence is dominated by diatonic chords of C major: C (I), Em7 (iii), Fmaj7 (IV), Am (vi), and G (V). The recurring verse progression C–Em–F–Am is a classic C major pattern, and the bridge section (F–C/E–Dm–Em–A7–Dm) also fits neatly within C major with secondary dominants. The E:7 chords function as V7/vi (secondary dominants to A minor), reinforcing the tonic of C major."
6486,C major,"The chord sequence consists almost entirely of C major, G7, and F major, which are the I, V7, and IV chords in C major. G7 functions as the dominant seventh resolving to C major throughout, strongly confirming C major as the tonic."
4826,F major,"The chord sequence consists entirely of F major and Bb major, which are the I and IV chords in F major. The song begins on F major and repeatedly alternates between F (I) and Bb (IV) in a classic I–IV pattern, with F serving as the tonic anchor throughout."
5512,Eb major,"The chord sequence is strongly centered on Eb major, with Eb:maj functioning as the tonic (I), Bb:7 as the dominant (V7), F:min7 as the supertonic (ii7), C:min7 as the submediant (vi7), and Ab:maj as the subdominant (IV). The Gb:dim7 and E:dim7 chords serve as chromatic passing diminished chords, and the brief Bb:min7 - Eb:7 motion represents a momentary tonicization of the subdominant Ab. All harmonic activity consistently resolves back to Eb major."
2058,C major,"The chord sequence is built around C major, G major, A minor, and F major — the I, V, vi, and IV chords of C major. The recurring D:7 chords function as a secondary dominant (V7/V), which is a common chromatic embellishment in C major. All harmonic motion points clearly to C as the tonal center."
2651,Bb major,"The song prominently features the classic I-vi-ii-V progression in Bb major (Bb:maj - G:min - C:min7 - F:7), which appears twice in the sequence and accounts for a large portion of the duration. Bb:maj appears at the start, middle, and end as a clear tonic, and other chords like Eb:maj (IV) reinforce Bb major. Secondary dominants such as D:7/D:9 (V7/vi) and G:7 (V7/ii) are common chromatic elaborations in this key."
596,Bb major,"The progression strongly centers on Bb major, with Bb:maj as the repeated tonic chord. The sequence follows a classic jazz/blues pattern: I (Bb) → I7 (Bb:7) → IV (Eb) → V7/vi (D:7) → vi (G:min7) → II7 (C:7) → V7 (F:7) → I (Bb), which is a textbook Bb major jazz blues turnaround repeated throughout the entire excerpt."
2638,G major,"The chord sequence is heavily centered on G major, with frequent use of G, C, D, Bm, Am, and Em — all diatonic to G major. The presence of A:7 and D:7 functioning as secondary dominant and primary dominant respectively, resolving to G, further confirms G major as the tonic."
829,F major,"The chord sequence is centered around F major, with F:maj as the primary tonic chord, C:7 as the dominant (V7), G:min as the supertonic (ii), and Bb:maj as the subdominant (IV)—all diatonic to F major. D:7 and A:7 function as secondary dominants (V7/ii and V7/vi respectively), adding chromatic color but not obscuring the clear F major tonality."
3792,C major,"The chord sequence is overwhelmingly centered on C major, with G7 acting as the dominant seventh resolving repeatedly to C. The other chords—F major, A minor, E minor, and D minor7—are all diatonic to C major. The brief B major and D7 chords represent secondary dominants (V/vi and V/V) that briefly tonicize E minor and G, but the overall tonal center is firmly C major."
1014,Bb major,"The chord sequence is dominated by Bb:maj (I), Eb:maj (IV), and F:7 (V7), which are the primary chords of Bb major. The occasional C:7 chord functions as a secondary dominant (V7/V) leading to F, further confirming Bb major as the key."
5012,G major,"The chord sequence is centered on G major as the tonic, with strong I-IV-V7 progressions (G:maj, C:maj, D:7) throughout. The presence of A:min (ii), C:maj (IV), and D:7 (V7) all resolving back to G:maj confirms G major as the key."
4680,G major,"The chord sequence consists entirely of G major and D7 chords. D7 is the dominant seventh chord in G major, and G major is the tonic. This I-V7 alternation strongly confirms G major as the key."
1701,D major,"The chord sequence consists entirely of D major and A major chords. A major is the dominant (V) chord in D major, making this a classic I-V alternation. D major is clearly the tonic as it appears most frequently and for the longest durations."
469,Eb major,"The chord sequence is heavily centered on Eb major, with Bb:7 serving as the dominant (V7) chord resolving repeatedly to Eb. Ab major appears as the subdominant (IV), and F minor as the ii chord, all diatonic to Eb major. The frequent I-V7-I progressions confirm Eb major as the key."
4653,G major,"G major is the dominant tonal center, appearing far more frequently than any other chord. The D:maj (V), A:min (ii), C:maj (IV), and F#:dim (vii°) chords all fit naturally within G major. The occasional chromatic chords like A:maj, B:maj, and E:maj function as secondary dominants, which is common in G major progressions."
4820,D major,"The chord sequence is heavily centered on D major, with I (D), IV (G), V (A), and ii (E minor) appearing frequently—all diatonic to D major. The A:7 functions as V7 resolving to D, and E:7/E:maj acts as a secondary dominant (V/V) leading to A. The overall harmonic motion strongly confirms D major."
2730,Bb major,"The chord sequence features clear ii-V-I progressions in Bb major (C:min7 - F:7 - Bb:maj), with the tonic Bb:maj7 opening the progression and Bb:maj closing it. Chords like Eb:maj7 (IV), D:min7 (iii), and the passing diminished chords are all consistent with Bb major, suggesting a jazz standard in that key."
6346,D minor,"The opening progression (Dm - C - Bb - A) is a classic Andalusian/harmonic minor cadence firmly rooted in D minor, with A major functioning as the raised V (dominant) chord. The song frequently returns to D minor and A major throughout, and the extended A major chord at the end (10 seconds) reinforces its role as the dominant leading back to D minor."
512,Bb major,"The chord sequence is built around clear Bb major functional harmony: I (Bb:maj), ii (C:min7), V7 (F:7), and IV (Eb:maj6). The D:7 chords function as secondary dominants (V7/vi) resolving to G:min (the vi chord). The augmented and diminished chords (Bb:aug, B:dim7, G:min(#5)) are chromatic embellishments within the Bb major framework."
3153,C major,"The chord sequence revolves around F major (IV), G major (V), C major (I), and A minor (vi), all of which are diatonic to C major. The repeated IV-V-I progressions strongly confirm C major as the tonic."
6431,C major,"The progression is firmly rooted in C major, with clear I (C:maj), IV (F:maj), and V7 (G:7) chords recurring throughout. The middle section features a classic circle-of-fifths chain of secondary dominants (E:7 → A:7 → D:7 → G:7 → C:maj), and borrowed chords like F:min and Eb:dim add chromatic color but don't destabilize the tonic."
1061,Ab major,"The chord sequence repeatedly returns to Ab:maj7 as the tonic, with clear V7-I cadences (Eb:7 → Ab:maj7) confirming Ab major. The progression features a series of ii-V pairs (Bb:min7–Eb:7, C:min7–F:7, Db:min7–Gb:7) that are characteristic jazz secondary dominants, along with a brief tonicization of F major (G:min7–C:7–F:maj7), but the overall harmonic center remains Ab major throughout."
5763,G major,"The chord sequence is clearly centered on G major, with G:maj as the most frequent and structurally prominent chord. The D:7 (V7 of G) repeatedly resolves to G:maj, and other chords like C:maj (IV), A:min (vi), and E:min (iii) are all diatonic to G major. Secondary dominants like E:7→A:min and A:7→D:7 further confirm G major as the tonal center."
1021,C major,"The chord sequence is strongly centered on C major, with C:maj as the most frequent and structurally important chord. The presence of F:maj (IV), G:7 (V7), D:min7 (ii7), and A:min (vi) are all diatonic to C major, and the repeated V7 (G:7) to I (C:maj) resolutions confirm C as the tonic. The occasional Ab:maj and Eb:maj chords are brief chromatic passing chords that do not displace the overall C major tonality."
5610,C major,"The chord sequence strongly centers on C major, with I (C:maj), IV (F:maj), V7 (G:7), and ii (D:min) all present — classic diatonic chords in C major. The C:7 chords function as secondary dominants (I7 leading to IV), a common blues/folk inflection, and G:7 consistently resolves back to C:maj, confirming C as the tonic."
650,G major,"The chord sequence is strongly centered on G major, with G:maj as the clear tonic. The frequent use of D:7 (V7 of G) resolving to G:maj, along with the ii chord (A:min/A:min7) and IV chord (C:maj), all point to a classic I-ii-V7-I progression in G major. The G:7 chord functions as a secondary dominant (V7/IV) leading to C:maj, which is a typical blues/pop device within G major."
272,F major,"The chord sequence strongly centers on F major, with I (F), ii (Gm), IV (Bb), V7 (C7), and vi (Dm) all present — classic diatonic chords of F major. The repeated resolution to F major and the prominent use of C7 as the dominant seventh confirm F major as the tonic."
878,C major,"The chord sequence revolves around C major, A minor, F major, and G major — the classic I, vi, IV, V progression in C major. The C:maj/5 (C major with G in the bass) is the tonic chord, and the frequent returns to it along with the G major (dominant) and F major (subdominant) strongly confirm C major as the key."
1630,F major,"The chord sequence is dominated by the ii-V-I progression in F major: Gm7 (ii7) → C7 (V7) → Fmaj7/Fmaj6 (I), which repeats throughout the song. Additional secondary dominants like D:7 (V7/V) and G:7 (V7/ii) further support F major as the tonic. The middle section's chain of dominants (A7→D9, G7→C9) also resolves back into the main F major pattern."
2731,Eb major,"All four chords in the repeating pattern—Bb (V), Eb (I), Ab (IV), and F minor (ii)—are fully diatonic to Eb major. The progression functions as V–I–IV–ii in Eb major, a common pattern that strongly supports Eb major as the tonic."
885,C major,"The chord sequence is firmly rooted in C major, with the primary chords being C:maj (I), G:7 (V7), D:min7 (ii7), F:maj (IV), E:min (iii), and A:min (vi) — all diatonic to C major. The D:7 functions as a secondary dominant (V7/V) leading to G:7, a common embellishment in C major progressions."
576,C major,"The chord sequence is strongly centered on C major, with the primary chords being C:maj, F:maj, G:7, A:min, E:min, and D:min7 — all diatonic to C major. The recurring I-IV-V7-I progressions and the frequent return to C:maj as a tonal center confirm C major as the key. The brief tonicizations (C:7→F, B:7→E:maj, A:7→D) are typical secondary dominant embellishments within a C major framework."
6597,A major,"The song exclusively uses D major, A major, and E major chords, which are the IV, I, and V chords of A major. The A major chord appears most frequently and functions as the tonal center, with D and E serving as the subdominant and dominant respectively."
4318,F major,"The chord sequence repeatedly features the classic ii-V-I progression in F major: G:min7 (ii7) → C:7 (V7) → F:maj (I), which appears multiple times and strongly establishes F as the tonic. Supporting chords include Bb:maj (IV), A:min (iii), and secondary dominants like E:7 (V/iii) and D:7 (V/ii), all consistent with F major. The chromatic passing chords (Ab:dim7, F#:dim, G#:dim) are typical embellishments within this tonal framework."
6601,C major,"The chord sequence is built around repeated ii-V-I progressions in C major (Dm7 → G7 → Cmaj), which is the most definitive harmonic pattern in this key. Supporting chords include Fmaj (IV), Amin (vi), and secondary dominants like D7 (V/V) and E7 (V/vi), all fully consistent with C major tonality."
5000,G major,"The chord sequence features multiple ii-V chains (F#min7–B7–Emin7–A7) that function as secondary dominants cycling through G major's related chords. The middle section makes the key explicit: D7–Gmaj (V–I in G major) appears several times, and a longer progression A:min–B:7–E:min7–G:7–C:maj–D:7–G:maj clearly outlines G major with typical secondary dominants. G major is the consistent resolution point throughout the song."
4008,G major,"The chord sequence is firmly rooted in G major, with the tonic G:maj appearing frequently and prominently. The classic I-IV-V7 progression (G-C-D7) and the ii chord (A:min) are all diatonic to G major. Secondary dominants like G:7 (V7/IV) and A:7 (V7/V) add color but reinforce the G major tonal center."
807,C major,"The chord sequence is firmly centered on C major, with G7 functioning as the dominant, F major as the subdominant, D minor and A minor as diatonic minor chords, and frequent cadential motion back to C major. The prevalence of C:maj and G:7 resolutions confirms C major as the tonic."
1267,A minor,"The chord sequence is heavily centered on A:min, which appears throughout as the tonic. The presence of E:maj (the dominant V chord in A minor) repeatedly resolving to A:min strongly confirms A minor as the key. Supporting chords like C:maj (III) and F:maj (VI) are also diatonic to A natural minor."
1467,A major,"The song opens and closes with strong A major cadential patterns using I (A), IV (D), and V (E) chords, which are the primary markers of A major. While the middle section features apparent modulations through F major and Bb major territory, the song returns emphatically to A-D-E progressions, confirming A major as the tonic key."
4576,Bb major,"The chord sequence repeatedly features the classic ii–V–I progression in Bb major: C:min7 (ii) → F:7 (V7) → Bb:maj6 (I). The D:min7–G:7 segments function as iii–VI within Bb major, and the D:7–G:7–C:7 section represents descending circle-of-fifths motion (secondary dominants) that is common in jazz, all orbiting around Bb as the tonic."
1836,D major,"The chord sequence is built almost entirely around D major, A major/A7, B minor, and G major — which are the I, V, vi, and IV chords of D major. D major appears most frequently and for the longest durations, clearly functioning as the tonic. The A7 chord reinforces D as the tonal center by acting as a dominant seventh."
2407,C major,"The chord sequence is dominated by C:maj as the tonic, with F:7 (IV7), C:7 (I7), and G:7 (V7) appearing throughout. This pattern — I, IV7, I7, V7 — is characteristic of a 12-bar blues progression in C major, strongly confirming C as the tonic in a major context."
4504,E minor,"The chord sequence alternates primarily between E:min and C:maj, with E:min appearing for significantly longer total duration (~34s vs ~22s for C:maj). The variants E:min7 and E:min6 reinforce E as the tonal center, and C major functions as the VI chord in E minor—a very common relationship. The C:maj/3 (C major with E in the bass) further emphasizes E as a foundational pitch."
3676,Bb major,"The chord sequence is overwhelmingly dominated by Bb:maj (I) and F:7 (V7), which is the classic tonic-dominant relationship in Bb major. The occasional C:min/C:min7 chord functions as the ii chord, further confirming Bb major as the key."
4030,F major,"The chord sequence is dominated by F:maj (I), Bb:maj (IV), C:maj (V), G:min7 (ii7), and D:min (vi), all diatonic to F major. The F:7 functions as a secondary dominant (V7/IV) resolving to Bb:maj, a common device in F major. The Ab:maj and Bb:maj near the end are slightly chromatic but don't override the overwhelmingly clear F major tonality established throughout."
3823,G major,"The chord sequence strongly centers on G major, with D:7 functioning as the dominant (V7) and C:maj as the subdominant (IV). The repeated I-V7-I and I-IV-I progressions are classic indicators of G major tonality."
6000,G major,"The chord sequence strongly centers on G major, with the recurring I-IV-ii-V7 progression (G-C-Am-D7) being textbook G major harmony. The D7 chord acts as the dominant seventh resolving to G, and all chords are diatonic to G major. The E7 near the end functions as a secondary dominant (V7/vi) leading to A minor, which is a common embellishment within G major."
1416,D minor,"The chord sequence prominently features D:min, G:min, A:7, and the secondary dominant E:7 (V7/V), creating a classic i–iv–V7/V–V7–i pattern in D minor repeated multiple times. The presence of F:maj (III), Bb:maj (VI), and C:7 (VII7) are all diatonic or common chromatic elements in D minor. While there are brief excursions toward F major territory, the frequent return to D:min as a tonal center and the A:7–D:min resolutions confirm D minor as the key."
5387,Ab major,"The chord sequence is strongly centered on Ab major, with Ab:maj appearing frequently as the tonic and Eb:7 functioning as the dominant seventh (V7) throughout. Supporting chords like Bb:min7 (ii7) and F:7 (V7/ii) are typical secondary dominants in Ab major, and the frequent cadential motion Eb:7 → Ab:maj confirms the key."
2034,D major,"The chord sequence is strongly centered on D major, with D:maj appearing frequently as the tonic. The chords E:min (ii), G:maj (IV), A:7 (V7), and B:min (vi) are all diatonic to D major, and the A:7→D:maj motion confirms a strong V7→I resolution. Secondary dominants like B:7 (V7/vi) and E:7 (V7/V) add color but don't undermine the clear D major tonality."
3653,C major,"The chord sequence is strongly centered on C major, with C:maj appearing frequently as the tonic, G:7 as the dominant, and F:maj as the subdominant. D:7 functions as a secondary dominant (V7/V), A:min is the relative minor (vi), and the occasional F:min and Bb:maj are borrowed chords from the parallel minor, all consistent with C major."
4139,F major,"The song opens and repeatedly returns to a strong F:maj6 - C:7 vamp, where C7 functions as the dominant (V7) of F major, firmly establishing F as the tonic. The Bb:maj chords function as IV in F major, and the middle sections that briefly tonicize Bb major (with C:min7 - F:7 acting as ii-V in Bb) and cycle through ii-V progressions (Bb:min6 - Eb:7, A:min7 - D:7, G:min7 - C:7) are characteristic jazz-style bridge material that ultimately resolves back to the F major theme."
1357,G major,"G major is the clear tonal center, with G:maj as the most frequent and structurally prominent chord throughout. The D:7 (V7) repeatedly resolves to G:maj, confirming G as the tonic, while A:min7 (ii7), E:min7 (vi7), and C:maj (IV) are all diatonic to G major. The G#:dim chords function as chromatic passing chords between G and A:min, and secondary dominants like F#:7 and E:7 add color without destabilizing the key."
1797,G major,"G major is strongly established as the tonic throughout the progression, with the dominant D:7 resolving to G:maj repeatedly. The chord vocabulary—G:maj (I), C:maj (IV), D:7 (V7), E:min (vi)—is classic G major, with secondary dominants like B:7 (V7/vi) and A:7 (V7/V) adding color. Borrowed chords like C:min and C:min6 are common chromatic alterations in G major contexts."
5889,F major,"The chord sequence is clearly centered on F major, with F:maj as the tonic and C:7 (V7) as the dominant appearing frequently throughout. Supporting chords like G:min (ii) and C:7 (V7) are diatonic to F major, while D:7, A:7, and G:7 function as secondary dominants (V7/vi, V7/ii, V7/V respectively), all of which are common in the F major harmonic context."
3839,F major,"The chord sequence alternates almost exclusively between F major and C7, which is the I and V7 chords in F major. This classic tonic-dominant relationship strongly establishes F major as the key."
602,Ab major,"The chord sequence is dominated by Ab:maj, with Db:maj (IV) and Eb:7 (V7) serving as the other primary chords. This I-IV-V7 progression strongly confirms Ab major as the key."
1030,Ab major,"The chord sequence follows a classic 12-bar blues structure in Ab major, with Ab as the tonic (I), Db:maj as the subdominant (IV), and Eb:7 as the dominant (V7). The frequent Ab:7 chord is typical of blues style (I7 leading to IV), and the occasional E:7 is a chromatic passing chord resolving down to Eb:7. The bridge section with Bb:7 and F:min7 represents a ii-V motion pointing back toward Eb7, reinforcing Ab as the tonal center."
4731,C major,"The chord sequence is firmly rooted in C major, with the recurring ii-V-I progression (Dmin7 - G7 - Cmaj) being the defining harmonic motion throughout the piece. The F:maj chord further reinforces the C major tonality as the IV chord. The C:aug, Ab:7, and Bb:maj chords are chromatic embellishments that don't disrupt the overall C major tonal center."
2723,C major,"The chord sequence alternates between C major and G7, which are the tonic (I) and dominant seventh (V7) chords of C major. This classic I-V7 alternation strongly establishes C major as the key."
256,C major,"The chord sequence is strongly centered on C major, with C:maj appearing frequently as the tonic. The progression features classic diatonic chords in C major (F:maj as IV, G:7 as V7, A:min as vi, D:min as ii), all pointing clearly to C major as the tonal center."
195,D major,"The chord sequence is dominated by D major, G major, and A major, which are the I, IV, and V chords in D major — a classic tonic-subdominant-dominant relationship. The occasional C major chord functions as a borrowed bVII chord, common in rock and pop music within a D major context."
3020,C major,"The chord sequence is centered on C major, with F major (IV) and G7 (V7) as the primary supporting chords — a classic I-IV-V progression. C:7 acts as a secondary dominant (V7/IV) leading to F, and D:7 serves as V7/V leading to G7, all of which are typical embellishments in C major blues/gospel/country harmony."
105,E minor,"The chord sequence features a recurring F#m7(b5) - B7 - Em cadence, which is a classic iiø7 - V7 - i progression in E minor (with B7 being the harmonic minor dominant). The broader descending fifth sequence (Am7 - D7 - Gmaj - Cmaj - F#m7b5 - B7 - Em) is diatonic to E minor and repeatedly resolves to Em as a tonal center, confirming E minor as the key."
4069,Eb major,"The chord sequence begins and ends on Eb major, with the core progression revolving around I (Eb:maj), ii7 (F:min7), and V7 (Bb:7) — all diatonic to Eb major. Secondary dominants like G:7→C:min and C:7→F:min7 are characteristic jazz embellishments, and the brief digression to G:maj7 (via D:7) is a passing modulation, but the song consistently returns to Eb as its tonic center."
1288,C major,"The chord sequence is dominated by C major, with G7 (the dominant seventh) and F major (the subdominant), which are the classic I, IV, and V7 chords of C major. The repeated resolution from G7 to C major strongly confirms C as the tonic."
2667,Eb major,"The chord sequence is strongly centered on Eb:maj7 as the tonic, with frequent ii-V-I progressions in Eb major (F:min7 - Bb:7 - Eb:maj7) and secondary dominants like C:7(b9) tonicizing F minor (the ii chord). There is a brief modal/bridge section featuring G:min7, B:maj7, and Eb:min7, but the sequence consistently returns to Eb:maj7 as the point of resolution, confirming Eb major as the key."
4764,C major,"The chord sequence is centered around C major with strong functional harmony. G:7 (dominant seventh) resolving to C:maj (tonic) is prominent throughout, while D:7 functions as a secondary dominant (V7/V) leading to G. F:maj (subdominant) and A:min (vi) are also diatonic to C major, confirming the key."
714,F major,"The progression is clearly centered on F major, with the tonic F:maj appearing frequently, C:7 functioning as the dominant V7, and Bb:maj as the subdominant IV—classic I-IV-V blues/jazz harmony in F. Secondary dominants like D:7 (V7/ii) and G:7 (V7/V) further confirm F major as the tonal center."
4213,A minor,"The chord sequence strongly centers on A minor as the tonic, with frequent returns to A:min throughout. The presence of E:maj and E:7 (with the raised G# as the leading tone) functioning as the dominant (V) in A minor is a strong indicator, as is the use of D:min (iv), B:hdim7 (iidim7), and C:maj (III). The C:maj chord functions as the relative major (III), not the tonic, given the overall harmonic framework."
3968,C major,"The song prominently features C:maj7 as the tonic chord, returning to it repeatedly. There are clear ii-V-I progressions in C major (D:min7 - G:7 - C:maj7) and a series of secondary ii-V-I chains cycling through related keys (B:hdim7 - E:7 - A:min7, F#:hdim7 - B:7 - E:min7) that are characteristic of jazz harmony in C major. The C:min7 and Eb:maj7 passages represent modal mixture (parallel minor) rather than a key change."
4054,C major,"All chords present (C major, F major, G major, E minor) diatonically belong to C major (I, IV, V, iii). The frequent alternation between F:maj6 and C:maj strongly suggests C as the tonal center, with F (IV) and G (V) functioning as subdominant and dominant harmonies resolving to C."
1218,E minor,"The song begins and ends with E:min lasting a combined 38 seconds, making it the clear tonal center. The presence of B:maj (the dominant V chord), G:maj (III), D:maj (VII), and A:min7 (iv) are all diatonic or closely related to E natural/harmonic minor, strongly supporting E minor as the key."
2986,G major,"The chord sequence is built almost entirely around G major (I), C major (IV), and D major/D7 (V/V7), which are the primary diatonic chords in G major. The D:7 chord strongly confirms G as the tonic through its dominant function, and A:min fits as the ii chord in G major, further supporting this key."
4666,Eb major,"The chord sequence strongly centers on Eb major, with frequent returns to Eb:maj as the tonic. The Bb:7 (V7) resolving to Eb:maj is a defining feature, and the Ab:maj (IV), F:min (ii), and C:7 (V7/ii secondary dominant) all function naturally within Eb major. The Db:maj (bVII) is a common flat-seventh chord in pop/jazz contexts in Eb major."
6116,Eb major,"The chord sequence is strongly centered on Eb major, with Eb:maj6 appearing repeatedly as the tonic and Bb:7 (V7) as the dominant. Supporting diatonic chords include Ab:maj (IV), C:min (vi), and F:min (ii), all consistent with Eb major. Chromatic chords like Ab:min (iv borrowed) and brief tonicizations of G and Gb add color but do not displace Eb as the clear tonal center."
5383,A major,"The chord sequence strongly centers on A as the tonic, with A and G alternating throughout as the primary harmonic motion. The presence of E major (V) and D major (IV) further supports A major as the key. The recurring G major chord functions as the characteristic bVII (flat-seventh) borrowed chord, very common in rock music in A major contexts."
4418,G major,"The chord sequence is dominated by G:maj (tonic), with C:maj (IV), D:7 (V7), and E:min (vi) — all diatonic chords in G major. The repeated resolution of D:7 to G:maj strongly confirms G major as the key."
1557,Eb major,"The chord sequence is strongly centered on Eb major, with the tonic Eb:maj/maj7/maj6 appearing prominently throughout. The dominant Bb:7 resolves repeatedly back to Eb, and the subdominant Ab:maj further confirms Eb major. Secondary dominants like C:7→F:min and F:7→Bb:7 are typical functional embellishments within Eb major."
892,C major,"The chord sequence features C7, F7, and G7 — the I7, IV7, and V7 chords of C major — in a classic 12-bar blues pattern. Blues music typically uses dominant seventh chords on all three scale degrees, making C major the clear tonal center."
5902,C major,"The chord sequence is dominated by a recurring I-ii7-V9-I pattern in C major (Cmaj7 - Dmin7 - G9 - Cmaj7). The latter section briefly tonicizes A minor (the relative minor) with an E7(b9) acting as V7/vi, but then returns through G7(b9) back toward C, with the sequence ending on F:maj7 (IV in C major), confirming C major as the tonic."
6555,A minor,"The chord sequence revolves strongly around A minor as the tonic, with Am appearing most frequently and acting as the harmonic center. The E major chord (dominant V) is characteristic of A harmonic minor, and other chords like Dm (iv), C (III), G (VII), and F (VI) all fit naturally within the A natural and harmonic minor framework. The repeated Am–Dm–C–E and Am–C–G–Am–E progressions reinforce A minor as the key."
5790,C major,"The chord sequence is strongly centered on C major, with frequent C:maj chords and clear dominant-tonic motion via G:7 to C:maj. The F:maj (IV) and D:7 (V7/V) are diatonic or secondary dominant functions in C major. The Eb:maj, Ab:maj, and F:min are borrowed/chromatic chords (bIII, bVI, iv), common in blues-influenced or rock music in a major key."
573,F major,"The chord sequence is heavily centered on F major, with C:7 (the dominant seventh) and Bb:maj (the subdominant) appearing frequently as the primary supporting chords. The presence of D:min (vi) and G:min (ii) further confirms the key of F major, following classic I-IV-V-vi-ii functional harmony."
3939,C major,"The chord sequence revolves around C major and G7, which are the tonic (I) and dominant seventh (V7) chords in C major. The prolonged presence of C major (totaling 36 seconds) and the G7 acting as a dominant function strongly confirms C major as the key."
6189,G major,"The chord sequence revolves strongly around G major as the tonic, with frequent G:maj chords and the classic I-IV-V (G-C-D) progressions. Secondary dominants like B:7 (V7/vi leading to E:min) and A:7 (V7/V leading to D:7) are typical embellishments within G major, and D:7 resolving to G:maj confirms G as the tonal center."
5218,C major,"The chord sequence is heavily centered on C major, with F:maj (IV) and G:7 (V7) as the primary supporting chords. Secondary dominants like D:7 (V7/V) and C:7 (V7/IV) reinforce the functional harmony in C major, while D:min and A:min are diatonic to C major as well. The G:min is a brief modal borrowing but does not undermine the clear tonal center of C major."
3606,D minor,"The chord sequence revolves around D minor as the tonic, with A:7 functioning as the dominant seventh (V7) resolving back to D minor multiple times. The E:7 chords act as secondary dominants (V7/V) leading to A:7, and the brief G:min→C:7→F:maj progression is a ii-V-I tonicization of F major (the relative major), which is common in D minor compositions."
4698,C minor,"C minor appears as the most frequent and structurally prominent chord throughout the progression. The repeated V7–i cadences (G:7 → C:min), the use of D:hdim7 as a ii°7 predominant chord leading to G:7, and the presence of characteristic C minor harmonies (F:min7 as iv, Eb:maj as bIII, Ab:maj as bVI) all strongly confirm C minor as the tonic. The brief excursions to related keys (Eb major, Ab major) are typical of jazz-influenced C minor progressions."
1422,F major,"The chord sequence is dominated by F:maj, Bb:maj (IV), C:7 (V7), and D:min (vi), which are the primary diatonic chords of F major. The repeated V7-I resolutions (C:7 to F:maj) strongly confirm F major as the tonic."
2577,G minor,"The progression is centered on G minor as the tonic, with D:7 functioning as the dominant seventh (V7) resolving to G minor, and C:min serving as the subdominant (iv). This classic i–V7–iv–i pattern in G minor is repeated consistently throughout the passage, confirming G minor as the key."
729,E minor,"The chord sequence alternates exclusively between E minor and B7, which is the dominant seventh chord (V7) in E minor. This strong tonic-dominant relationship firmly establishes E minor as the key."
986,F major,"The chord sequence is strongly centered on F major, with the repeated I-IV-ii-V7 progression (F:maj, Bb:maj, G:min, C:7) resolving back to F. The F:7 functions as a secondary dominant (V7/IV) moving to Bb, a common embellishment in blues/jazz-influenced styles. The brief Db:maj and C:min are chromatic excursions that don't undermine the clear F major tonality established throughout."
2797,C minor,"The chord progression centers on C minor as the tonic (i), with G major as the dominant (V, using the raised 7th from harmonic minor), F minor as the subdominant (iv), and Bb major as the subtonic (VII). All chords are diatonic to C minor, and the repeated C minor to G major motion (i–V) strongly confirms C minor as the key."
2981,F major,"The chord sequence is centered on F major, with C7 functioning as the dominant (V7), G minor as the ii chord, D minor as the vi chord, and A minor as the iii chord—all diatonic to F major. The sequence ends on F:maj6, further confirming F as the tonic."
6030,C major,"The chord sequence repeatedly features F:min7 → Bb:7 → C:maj7, which functions as a iv–♭VII–I cadence in C major (borrowing from C minor), a common jazz harmonic device. The D:min7(b5) → G:7 pattern is a ii–V in C (often used even in major-key jazz tunes), and C:maj7 consistently appears as the point of resolution. The heavy chromaticism (descending dominant chords, altered extensions) and modal mixture are characteristic jazz elaborations around a C major tonal center."
4484,C major,"The chord sequence features C, F, G, Dm, Em, and Am — all diatonic to C major. The progression begins and ends on C major, and the frequent I-IV-V motion strongly confirms C major as the tonic."
563,C minor,"The chord sequence is dominated by C:min (i), G:maj (V), and F:min (iv), which are all diatonic to C minor. The recurring i-V-iv-i pattern (C minor, G major, F minor) is a classic minor key progression, with G major serving as the dominant chord in C minor."
6141,Db major,"The chord sequence repeatedly features the ii-V-I progression in Db major: Eb:min7 → Ab:7 → Db:maj7, confirming Db as the tonal center. The chain of secondary dominants (F:hdim7 → Bb:7(b9) → Eb:min7 → Ab:7 → Db:maj7) is a classic extended ii-V chain leading to the I chord. Passing tonicizations of F major and Gb minor add color but do not displace Db major as the home key."
1852,F major,"F:maj is clearly the tonic chord, appearing most frequently and prominently throughout. The progression features C:maj as the dominant (V), while G:maj, A:min, and E:min all function naturally as diatonic chords in F major (II, iii, and vii respectively). The recurring Db:min6 chord appears to be a chromatic passing/borrowed chord (bVI minor) that adds color but doesn't disrupt the overall F major tonality."
4932,F major,"The chord sequence is strongly centered on F major, with F:maj appearing repeatedly at structurally important positions and C:7 (the dominant seventh of F) resolving back to F:maj throughout. Secondary progressions like G:min7–C:7 (ii–V in F) and brief tonicizations of Bb (via C:min7–F:7–Bb:maj) and D minor (via A:7–D:min7) are all diatonic or closely related to F major, confirming F major as the tonic."
950,F major,"The song repeatedly centers on F:maj as the tonic, with C:7 functioning as the dominant (V7) and G:min7 as the supertonic (ii7), all core diatonic functions in F major. The recurring pattern F:maj → D:min7 → G:9 → C:7 strongly reinforces F major tonality. The middle section briefly tonicizes D minor and A major but resolves back to the F major framework each time."
1745,Eb major,"The chord sequence is built around a classic I-vi-ii-V progression in Eb major: Eb:maj7 (I) - C:min7 (vi) - F:min7 (ii) - Bb:7 (V), which repeats extensively throughout the song. The brief Bb:min7 - Eb:7 - Ab:maj7 passage is a secondary II-V-I tonicizing the IV chord (Ab), and the bridge's C:7 - F:min7 represents a secondary dominant to the ii chord, all consistent with Eb major as the home key."
2734,C minor,"C minor is clearly the tonal center, with C:min7 appearing most frequently and for the longest durations. The other chords — Bb:maj (bVII), F:min7 (iv), and G:7 (V7) — all fit naturally within C minor, and the D:7 → G:7 motion functions as a secondary dominant (V7/V → V7) leading back to C minor."
903,C major,"All chords in this sequence are diatonic to C major: C (I), F (IV), Dm7 (ii7), Em7 (iii7), and Gmaj7 (V). The progression strongly centers on C as the tonic, with the V chord (Gmaj7) providing clear dominant function pointing back to C."
2994,Eb major,"The sequence is clearly centered on Eb major, with a recurring I–iv–V7–I progression (Eb:maj → Ab:min6 → Bb:7 → Eb:maj). The Ab minor (iv) is a borrowed chord from the parallel minor, a common coloristic device. Secondary dominants are used throughout: C7 resolves to F:min (V7/ii → ii), G:7 resolves to C:min (V7/vi → vi), and F:7 serves as a dominant of Bb (V7/V)."
5797,C major,"The chord sequence is strongly centered on C major, with frequent appearances of C:maj as a tonic, along with diatonic chords F:maj (IV), G:7 (V7), E:min (iii), A:min (vi), D:min (ii), and D:min7 (ii7). Secondary dominants like A:7 (V7/ii) and C:7 (V7/IV), as well as the borrowed F:min (iv), add color but clearly function within C major."
128,F major,"The chord sequence is clearly centered on F major, with F:maj as the tonic and C:7 (V7) as the dominant throughout. Supporting chords include G:min7 (ii), D:min (vi), A:min7 (iii), and the ii-V-I pattern (G:7 → C:7 → F:maj), all diatonic to F major. The F#:dim7 appears as a passing diminished chord between F and Gmin, a common embellishment in this key."
5581,Eb major,"The chord sequence strongly points to Eb major, with Eb:maj as the tonic (I), F:min7 as the supertonic (ii), and Bb:7 as the dominant seventh (V7). The repeated ii-V-I pattern (F:min7 → Bb:7 → Eb:maj) is a classic functional progression confirming Eb major. The E:dim likely functions as a chromatic passing chord between Eb and F:min7."
4763,C major,"The chord sequence is dominated by C major and G7, which are the tonic (I) and dominant seventh (V7) chords in C major. The brief appearance of F major (IV) and C7 further supports C major as the tonal center. This is a classic I-V7-I progression firmly rooted in C major."
4930,G major,"The chord sequence is centered firmly on G major, which appears most frequently and functions as the tonic. The progression features classic functional harmony in G major: D7 (V7), C major (IV), A minor (ii), and E minor (vi), along with secondary dominants like E7→Am, G7→C, and A7→D7, all of which are typical embellishments in a G major context."
3367,G major,"The chord sequence is clearly centered on G major, with G:maj appearing frequently as the tonic chord. The progression features diatonic chords from G major (Em, C, D7, Bm, Am) with D7 functioning as the dominant seventh chord resolving to G. The G:7 briefly tonicizes C major (as a secondary dominant), which is a common embellishment in G major."
3547,F major,"The chord sequence centers on F major with C7 acting as the dominant seventh chord and Bb major as the subdominant, forming a classic I-IV-V7 progression in F major. The F major chord appears most frequently and functions as the tonic, confirming F major as the key."
6013,Eb major,"The chord sequence is firmly rooted in Eb major, with Eb:maj appearing prominently as the tonic throughout. The sequence features classic functional harmony in Eb: Ab:maj (IV), Bb:7 (V7), and F:min (ii), all diatonic to Eb major. Secondary dominants like C:7 (V7/ii) and G:7 (V7/iii or V7/vi) add color but consistently resolve back to Eb major."
1580,Bb major,"The chord sequence is heavily centered on Bb:maj as the tonic, with F:7 serving as the dominant seventh chord—the clearest indicator of Bb major. Secondary dominants like C:7 (V7/V) and G:7 (V7/vi) further confirm functional harmony in Bb major."
3490,G major,"The chord sequence repeatedly features Am7 - D7 - Gmaj7, a classic ii-V-I resolution in G major, which appears multiple times and seems to function as the primary tonal center. The sections in Bb major (Cm7 - F7b9 - Bbmaj6) represent a tonicization of the bIII/relative area, and the A7 - Dmaj passage functions as a V/V leading back, all consistent with a G major tonal framework in a jazz context."
4065,F major,"The chord sequence is built around F:maj (I), Bb:maj (IV), and C:7 (V7), a classic I–IV–V progression in F major. The dominant seventh C:7 repeatedly resolves to F:maj, strongly confirming F as the tonic. The occasional F:7 is a secondary dominant (V7/IV) pointing toward Bb, which is a common blues/rock embellishment within the key of F major."
5702,D minor,"D:min7 is by far the most frequent chord, and the repeated A:7 → D:min7 motion (V7–i) strongly establishes D minor as the tonic. The Bb:7 (bVI) and C:maj7 (bVII) are characteristic of D minor's natural/aeolian scale, and the G:min7 – C:7 – F:maj7 passage is a brief ii–V–I digression to the relative major (F), which further confirms D minor as the home key."
6283,G major,"G major is the clear tonal center, with G:maj appearing most frequently and the sequence D:9 → G:maj confirming G as the tonic. The recurring G:maj, E:min7, A:min, and D:9 chords are all diatonic to G major, and the F#:min7(b5) → B:7 → E:min passages are secondary dominant motion (V/vi) within G major. The C:7 chords function as a bluesy IV7, a common substitution in popular/blues-influenced music."
5731,G major,"G major is clearly the tonic, appearing most frequently and functioning as the home chord throughout the progression. The D:7 (V7) resolving to G:maj is a classic dominant-to-tonic motion, and the chain of secondary dominants (E:7 → A:7 → D:7 → G) is a common circle-of-fifths pattern typical of jazz/popular music in G major. Supporting diatonic chords like C:maj (IV), A:min (ii), and E:min (iii) further confirm G major as the key."
3723,F major,"The chord sequence is dominated by F:maj7 (the tonic, accounting for the most duration) and G:min7 (the ii chord), with C:7 and C:7(b9) functioning as the V7. The classic ii-V-I cadence (G:min7 → C:7 → F:maj7) appears multiple times, strongly confirming F major. The A:hdim7 → D:7(b9) → G:min7 is a secondary ii-V-i motion toward the ii chord, a common jazz embellishment within F major."
1782,D minor,"The chord sequence strongly centers on D minor, with D:min appearing multiple times as the tonic and A:7 (the dominant seventh of D minor) repeatedly resolving back to it. Supporting chords like F:maj (III), Bb:maj6 (VI), E:hdim7 (ii°7), and G:min (iv) are all diatonic or standard chromatic chords in D minor. The recurring V7–i cadences (A:7 → D:min) confirm D minor as the key."
6426,Bb major,"The chord sequence is dominated by Bb:maj, with Eb:maj (IV), F:7 (V7), and C:7 (II7/V, a secondary dominant) all pointing strongly to Bb as the tonic. This is a classic I-IV-V progression in Bb major."
110,F major,"The chord sequence repeatedly features F:maj as a tonic, with G:min7 functioning as the ii7 chord and C:7(b9) as the dominant V7, clearly cadencing to F:maj. The pattern C:min7 → F:7 → Db:maj → Gb:maj7 represents a temporary tonicization of Gb/Bb via ii-V motion, and the F:dim → G:min7 → C:7(b9) → F:maj cadences further reinforce F major as the home key."
493,D major,"The chord sequence is built around D major as the clear tonic, with A:7 functioning as the dominant (V7), G:maj as the subdominant (IV), B:min as the submediant (vi), and E:min7 as the supertonic (ii). The D:7 chords act as secondary dominants (V7/IV) leading to G:maj, which is a common blues-influenced pattern. All chords are consistent with D major."
4345,Bb major,"The chord sequence is dominated by Bb major, Eb major, and F7, which correspond to the I, IV, and V7 chords in Bb major. This classic tonic-subdominant-dominant progression strongly confirms Bb major as the key."
4689,F minor,"The chord sequence begins and ends on F minor, which is the most prominent chord (appearing multiple times and holding 8 seconds at the start). The other chords—Ab major (III), Eb major (VII), Db major (VI), Bb major (IV with major quality, borrowed from Dorian/parallel major), C minor (v), and G minor (ii in natural minor)—all fit comfortably within F natural minor or a modal mixture thereof. The strong tonic emphasis on F minor makes this the most logical key."
3077,G major,"The chord sequence is dominated by G major, with frequent use of E minor, C major, and D major — the classic I, vi, IV, V progression in G major. The G:sus4 chords are embellishments of the tonic. All chords belong diatonically to G major."
1919,C major,"The chord sequence is dominated by C major (I) and F major (IV), with G7 (V7) and Dmin7 (ii7) also appearing — all diatonic to C major. The G7 → C resolution is a classic dominant-to-tonic cadence confirming C as the tonal center."
5640,G major,"The chord sequence revolves around G major, C major, and D major, which are the I, IV, and V chords of G major. G major appears most frequently and for the longest durations, strongly suggesting it as the tonic."
856,F major,"The chord sequence prominently features F:maj, Bb:maj, and C:7, which function as I, IV, and V7 in F major—a classic tonal framework. The G:maj chords serve as secondary dominants (II, acting as V/V), and D:7 functions as V7/II (secondary dominant of G), both common in jazz/blues progressions in F major. The repeated return to F:maj as a tonal center confirms F major as the key."
457,Eb major,"The chord sequence repeatedly establishes Eb major as the tonic, with a classic I (Eb) - IV (Ab) - V7 (Bb7) framework appearing throughout. Secondary dominants like F:7 (V/V) and chromatic passing chords like Db:9 (bVII) are common in jazz/pop harmony in Eb major. The middle section briefly tonicizes G minor (with D:7 → G:min7) before returning to the Eb major tonal center."
2214,C major,"The chord sequence is anchored strongly in C major, with the primary chords being C:maj (I), F:maj (IV), G:maj/G:7 (V/V7), D:min (ii), and A:min (vi) — all diatonic to C major. Secondary dominants such as D:7 (V7/ii), A:7 (V7/ii area), and E:maj (V/vi) are used as embellishments, while the chromatic F:min chords serve as passing color. The frequent returns to C major and the strong V7–I cadential patterns (G:7–C:maj) confirm C major as the key."
4601,Bb major,"The chord sequence is dominated by a recurring progression of Bb:maj - D:7 - Eb:maj6 - C:min7 - F:9/F:7 - Bb:maj, which firmly establishes Bb major (I - V7/IV - IV - ii7 - V7 - I). The brief section in Gb major (with Ab:min7 and Db:7) is a transient modulation (to the bVI area) before the song returns to the Bb major material, confirming Bb major as the home key."
3837,C major,"The chord sequence is built around the core diatonic chords of C major: I (C), IV (F), V (G), vi (Am), and ii (Dm). The E:7 functions as a secondary dominant (V7/vi) leading to A minor, and G:7 acts as the standard V7 in C major, both confirming C major as the tonal center."
4471,C major,"The chord sequence contains a clear IV–V7–I cadence in C major (F–G7–C), which is the strongest functional harmonic evidence. The recurring Dm, G7, and Am chords fit naturally as ii, V7, and vi in C major, and the Bb is a common borrowed ♭VII chord from the parallel minor. The song ending on Dm reflects the clip cutting mid-phrase on the ii chord rather than indicating D minor as the tonic."
5787,F major,"The sequence strongly centers on F major, with the recurring I-#ii°7-ii7-V7 pattern (F:maj, Ab:dim7, G:min7, C:7) being a classic jazz turnaround in F. The secondary dominant chain (F:7→Bb:7→Eb:7→Ab:7) is a chromatic passing sequence, and the closing progression (F:maj, D:min, G:7, C:7) confirms the tonic as F major through its vi-V/V-V motion back to I."
5397,D major,"The chord sequence revolves around D, A, and G major, which are the I, V, and IV chords of D major. D major appears most prominently as the tonic, with the progression strongly centered around the I-IV-V relationship characteristic of D major."
3774,C major,"The chord sequence is dominated by ii-V-I progressions in C major (D:min7 → G:7 → C:maj7), which appear repeatedly throughout. Secondary dominants and brief tonicizations to related keys (D minor, A minor, F major) are present but all function within the broader context of C major as the tonic."
2437,G major,"The chord sequence repeatedly resolves to G:maj as a tonic, with A:min (ii) and C:maj (IV) as supporting diatonic chords. The recurring descending cycle of dominant 7ths (B:7→E:7→A:7→D:7→G:7→C:7) is a common jazz/blues elaboration that ultimately circles back to the G major tonal center, confirming G major as the key."
1941,F major,"The chord sequence is dominated by F:maj7 - G:min7 - C:7, which is a classic I - ii - V progression in F major. The song both begins and ends on F:maj7 and G:min7, strongly reinforcing F as the tonal center. The chromatic chords (E:7 tonicizing A:min, Bb:7, etc.) are brief secondary-function or passing chords that don't disrupt the overall F major tonality."
6276,C major,"The chord sequence is strongly centered on C major, with repeated G:7 → C:maj cadences (V7-I) and the diatonic chords D:min7 (ii), A:min7 (vi), and F:maj7 (IV) all supporting C as the tonic. Secondary dominants like D:7 (V7/vi) and brief tonicizations of F via G:min7–C:7 add color but don't displace the overall C major tonality."
3640,Eb major,"The chord sequence is dominated by Eb:maj, Bb:7 (V7), Ab:maj (IV), F:min (ii), C:min (vi), and G:min (iii), all of which are diatonic to Eb major. The Bb:7 repeatedly resolving to Eb:maj strongly confirms Eb as the tonic. The D:7/3 is a secondary dominant (V7/iii) briefly tonicizing G minor, which is consistent with Eb major harmony."
5113,F major,"The chord sequence strongly centers on F major, with the recurring progression F:maj - A:min - D:min - G:min - C:7 representing I - iii - vi - ii - V7 in F major. The C:7 consistently resolves back to F:maj (V7→I), confirming F as the tonic. The occasional Db:7, Ab:maj, and G:7 chords are chromatic embellishments or secondary dominants within the F major context."
5443,G major,"The chord sequence is built primarily around G major (I), C major (IV), and D major/D7 (V/V7), which are the classic tonic, subdominant, and dominant chords in G major. The repeated D7 → G major resolutions strongly confirm G as the tonic. The A major chord functions as a secondary dominant (V/V), leading to D, which further reinforces G major."
3868,B minor,"The chord sequence is centered heavily around B minor, with frequent appearances of B:min, and strong functional dominants F#:7 (V7 of B minor), G:maj (VI), E:min (iv), and A:maj (VII), all characteristic of the natural/harmonic minor scale of B. The song ends on B:maj, which is a classic Picardy third—a major tonic chord concluding a minor-key piece—further confirming B minor as the key."
4016,F major,"The chord sequence centers firmly on F major, with Bb (IV), C7 (V7), and G7 (secondary dominant, V7/V) all functioning within F major. The repeated cadential motion G7→C7→F is a classic ii7-V7-I (or V/V→V→I) progression, confirming F as the tonic."
1502,G major,"The chord sequence is dominated by G major, E minor, C major, D major/D7, and B minor — all diatonic to G major (I, vi, IV, V, ii). The repeated D7 resolving to G major strongly confirms G as the tonic. The brief Bb:maj near the end is a chromatic inflection that doesn't override the clear G major tonality established throughout."
3192,C major,"The chord sequence strongly centers on C major, with G7 and G major serving as dominant chords and F major as the subdominant. The I-V-IV progression is a classic indicator of C major tonality."
821,C minor,"The chord sequence prominently features C:min as a tonal center, with G:7 functioning as the dominant (V7) and D:7 as the secondary dominant (V7/V). The recurring pattern D:7 → G:7 → C:min strongly establishes C minor as the tonic, while the subdominant-area chords (F:7, Bb:7, Eb:maj7, Ab:7) are all consistent with C minor harmony. The middle chromatic circle-of-fifths passage is a characteristic jazz/Latin bridge before returning to the C minor framework."
5088,C minor,"The chord sequence begins and repeatedly returns to C:min6 and C:min7, and the Ab:7 chord (bVI in C minor) is a characteristic borrowed chord of the C minor tonality. The passage also includes sections with C:maj7, F:maj7, A:7(b9), D:min7, and G13, which reflect common jazz modal mixture borrowing from the parallel C major—this oscillation between parallel minor and major is typical of jazz harmony. The overall tonal center is C, and the preponderance of minor-quality C chords and the Ab:7 points to C minor as the primary key."
4282,Bb major,"The chord sequence revolves around Bb, Eb, and F as the primary chords, which correspond to the I, IV, and V degrees of Bb major. The occasional G major and C major chords function as secondary dominants (V/vi and V/V respectively), further reinforcing Bb as the tonal center."
5514,C minor,"The chord sequence is heavily centered on C:min7 as the tonic, with G:7 and G:7(b9) functioning as the dominant (V7) of C minor, and D:dim7 serving as the leading-tone diminished seventh chord (vii°7) in C minor. The F:min7 chords act as the iv chord, further confirming C minor. There is a brief tonicization of Eb major/F minor (Bb:7 → Eb:maj7 → F:min7 → C:7(b9)), but the progression consistently returns to C minor."
3431,F major,"The chord sequence clearly centers on F major, with C:7 functioning as the dominant seventh (V7) and G:min as the ii chord. The D:7 chords act as secondary dominants (V7/ii, tonicizing G minor), while G:7 serves as V7/V leading back to C:7. This classic blues/jazz progression with secondary dominants strongly confirms F major as the tonic."
2788,C major,"The chord sequence is built almost entirely from diatonic chords in C major: C (I), F (IV), D minor (ii), E minor (iii), and G7 (V7). The repeated V7 (G:7) resolving to I (C:maj) strongly confirms C as the tonic, and all chords fit neatly within the C major scale."
4356,G major,"The chord sequence is dominated by G major, C major, and D major, which are the I, IV, and V chords of G major. G major appears most frequently and for the longest durations, serving as the tonal center throughout the progression."
3345,G major,"The chord sequence features E:min7, B:min7, A:min7, C:maj, D:maj, and G:maj, all of which are diatonic to G major (vi, iii, ii, IV, V, I respectively). The recurring progression E:min7 - G:maj/3 - D:maj - C:maj strongly outlines G major, and the frequent D:sus4 resolving to D:maj (V resolving) further confirms G major as the tonal center."
2826,E minor,"The chord sequence is dominated by E:min, B:min, and G:maj, which correspond to the i, v, and III chords in E natural minor. These chords are all diatonic to the E natural minor scale (E, F#, G, A, B, C, D), strongly suggesting E minor as the key."
2978,F major,"The chord sequence is dominated by F major, with frequent Bb major (IV) and C7 (V7) chords, all classic diatonic functions in F major. The D minor appearances serve as the vi chord, and the brief C major/G7 passages suggest a secondary dominant tonicizing C, all consistent with F major as the tonic."
4281,C minor,"The chord sequence repeatedly features C:min7 as a tonal center, with G:7(#9) functioning as the dominant (V7) resolving back to C minor throughout. The F:7 chord acts as a subdominant color (IV7 in minor), while the chromatic chords (E:7(b5), Eb:7(b5), Ab:7) are jazz substitutions and approach chords typical of bebop-style harmony. The middle section tonicizes Ab major (a bVI in C minor) before returning, reinforcing C minor as the global key."
1928,A minor,"The sequence is strongly centered on A minor, with A:min as the primary tonic chord appearing at the start of each repeated section. The progression includes classic A minor functional harmony: D:min (iv), E:7(b9) and E:hdim7 (V and leading-tone functions), B:hdim7 (iið7), C:maj7 (bIII), and G:7 (bVII7). The Bb chords (including Bb:7) likely function as a bII (Neapolitan-style) chromatic chord common in jazz-flavored minor-key writing."
1553,Eb major,"The chord sequence strongly centers on Eb major, with Eb:maj as the recurring tonic, Bb:7 as the dominant (V7), F:min/F:min7 as the supertonic (ii), and C:min7 as the submediant (vi). The Ab:min is a borrowed iv chord from the parallel minor, and the occasional E:maj and Gb:maj are chromatic/borrowed chords that don't disrupt the overall Eb major tonality."
1824,A major,"The chord sequence is dominated by A major as the tonic, with D major (IV) and E7 (V7) appearing repeatedly, forming a clear I-IV-V7 progression in A major. The classic A:maj7 → A:7 → D:maj → D:min pattern (I - I7 - IV - iv) is a hallmark of A major songs, and the B:7 functions as a secondary dominant (V/V) leading to E7, further confirming A major as the key."
4542,Bb major,"The chord sequence strongly centers on Bb major, with Bb:maj appearing prominently as a tonic chord throughout. The ii-V-I progressions (C:min7 → F:7 → Bb:maj) and the descending circle-of-fifths chain (D:7 → G:7 → C:7 → F:7 → Bb:maj) are classic jazz/blues patterns all resolving to Bb. Secondary dominants like G:7 (V of Cm) and the blues-inflected Eb:7 and Bb:7 are typical embellishments within Bb major."
2197,Eb major,"The chord sequence strongly centers on Eb major, with repeated ii-V-I progressions (F:min7 → Bb:7 → Eb:maj) confirming Eb as the tonic. Diatonic chords like C:min7 (vi), G:min7 (iii), and Ab:maj (IV) further support this key. Secondary dominants such as G:7 (V7/vi) and C:7 (V7/ii) add color but don't displace the Eb major tonal center."
3886,D minor,"The chord sequence is heavily centered on D minor as the tonic, with G minor (iv) and A7 (V7) forming a classic minor key cadential pattern (i–iv–V7–i). The occasional Bb major (VI) and the brief tonicization of F major (the relative major via Gm7–C7–F) are all diatonic to D natural/harmonic minor, confirming D minor as the key."
1496,C major,"The chord sequence is built almost entirely around C major (I), F major (IV), and G7 (V7), which are the primary chords of C major. The G7 consistently resolves to C major, confirming C as the tonic. The brief C:7 chord functions as a secondary dominant (V7/IV) leading to F major, a common embellishment in blues-influenced C major progressions."
1687,G major,"The chord sequence is firmly rooted in G major, with the primary pillars being G:maj (I), C:maj (IV), D:7 (V7), and A:min (ii). The frequent B:7 chords function as secondary dominants (V7/vi) resolving to E:min (vi), a classic move in G major. The D:7 repeatedly resolves back to G:maj, confirming G as the tonal center."
355,F major,"The chord sequence centers strongly on F major as the tonic, with C:7 functioning as the dominant (V7) and Bb:maj as the subdominant (IV), both core diatonic chords in F major. G:min7 serves as the ii chord, and the various secondary dominants (A:7→D:min, E:7→A, D:7) add chromatic color but don't displace F as the tonal center."
533,C major,"The chord sequence is a classic jazz progression firmly rooted in C major. The repeated ii-V-I cadences (D:min7 - G:7 - C:maj7) and the use of secondary dominants (E:min7 - A:7 - D:min7 as a ii-V-I in the ii chord, and G:min7 - C:7 - F:maj7 as a temporary tonicization of IV) all confirm C major as the tonic."
948,C major,"The chord sequence is strongly centered on C major, with frequent returns to C:maj as the tonic. The chords F:maj (IV), G:7 (V7), and D:7→G (secondary dominant to V) all function within the key of C major, confirming C major as the tonic."
3473,C major,"The chord sequence is heavily centered on C:maj7 (appearing repeatedly and framing major sections), with D:min7 functioning as the ii chord — a classic I–ii relationship in C major. The chromatic chords (Db:7(b5), Db:maj7, A:7(b5), Bb:7) are typical jazz chromatic approach/passing chords and tritone substitutions around the diatonic framework. The F:maj7 section mirrors the same chromatic-passing-chord pattern a fourth higher, functioning as the IV area within C major."
343,C major,"The chord sequence is dominated by C major, F major, G major, D minor, E minor, and A minor - all diatonic to C major. There are clear V7-I cadences (G7 to C:maj) and the progression follows typical C major functional harmony throughout, with C as the tonal center."
5782,F major,"The chord sequence is built around F:maj (I), Bb (IV), and C:7 (V7) — the primary tonal pillars of F major. The Bb:7 functions as a bluesy IV7, C:7 as the dominant, and passing chords like F#:dim and C:dim are brief chromatic embellishments. The D:min (vi) and G:7 (II7/V of V) in the later section further confirm F major as the tonal center."
4095,C major,"The chord sequence is dominated by chords diatonic to C major: C (I), F (IV), G (V), Am (vi), Dm (ii), Em (iii), Edim (vii°), and G7 (V7). Secondary dominants like A7→Dm and C7→F further reinforce C as the tonal center. The F#:maj and C#:maj appear briefly and are likely chord recognition errors or chromatic passing chords."
6214,F major,"The sequence is heavily centered on F major as the tonic, with C:7 functioning as the dominant seventh (V7) and Bb:maj as the subdominant (IV), both classic diatonic chords in F major. Additional chords like D:min (vi) and G:7 (V7/V) further confirm the F major tonality."
2480,F major,"The chord sequence is heavily centered on F major, with the predominant chords being F:maj (I), Bb:maj (IV), C:7 (V7), G:min (ii), and D:min (vi) — all diatonic to F major. The F:7 chords function as secondary dominants (V7/IV) leading to Bb:maj, which is a common blues/jazz inflection but doesn't change the overall tonal center of F major."
1221,Bb major,"The chord sequence prominently features Bb:maj7 at the start of each repeated section, with C:min7 (ii) and F:7 (V) providing a clear ii-V-I resolution back to Bb:maj7. The D:min7 functions as iii in Bb major, and the various secondary ii-V-I chains (e.g., F:min7→Bb:7→Eb:maj7, E:min7→A:7→D:min7, D:min7→G:7→C:min7) are typical jazz modulations away from and back to the home key of Bb major."
3795,G major,"The chord sequence strongly centers on G major, with D dominant chords (D7, D9, D13) functioning as the V7 and G major chords (Gmaj6, Gmaj7, Gmaj9) as the tonic. The A:min7 acts as the ii chord and the D7→G progressions are classic V→I resolutions in G major. The C:min6 appears to be a borrowed iv chord (from G minor), a common chromatic substitution in jazz/soul contexts."
5102,Ab major,"The chord sequence revolves strongly around Ab as the tonal center. The progression features Ab:maj7 (I), Eb:maj7 (V), Db:maj7 (IV), Bb:min7 (ii), C:min7 (iii), and F:min9 (vi) — all diatonic to Ab major. The recurring Eb:7 → Ab:maj7 cadence is a clear V7-I resolution confirming Ab as the tonic."
5967,A minor,"The chord sequence repeatedly features Am as the tonic with E:7 (V7) resolving back to Am, which is the classic dominant-to-tonic motion in A minor. Supporting chords like C, F, and Dm are all diatonic to A natural minor, and the D:7 functions as a secondary dominant or a chromatic color chord within the A minor context."
2846,C major,"The chord sequence revolves entirely around C major, G major, and F major, which are the I, V, and IV chords of C major. C major appears most frequently and functions as the tonic, with G major as the dominant and F major as the subdominant, forming a classic I-IV-V progression in C major."
1513,C major,"The chord sequence is dominated by C major (in various forms: C:maj, C:maj7, C:sus4, C:9) and G:7, which is the dominant seventh chord in C major. F:maj appears repeatedly as the subdominant (IV), and the overall I–V7–IV progression strongly confirms C major. The occasional C:7 and D:7 function as secondary dominants (V7/IV and V7/V), which are typical embellishments within a C major context."
2862,G minor,"The sequence opens with a prolonged G:min (14s) followed by repeated D:7 chords, which function as the dominant seventh resolving to G minor — a classic V7-i pattern in G minor. While G:maj appears briefly (possibly as a Picardy third or modal mixture), the overall tonal center established by the G:min and D:7 relationship points strongly to G minor."
4692,G major,"The chord sequence is dominated by G, C, D, Am, Bm, and Em — all diatonic to G major. The recurring progressions like Am7–C–G (ii–IV–I) and G–D–C (I–V–IV) strongly confirm G major as the tonic. The F#m/b7 likely represents a vii° variant, also consistent with G major."
5123,C major,"The chord sequence is built almost entirely on C major (I), F major (IV), and D minor (ii), all of which are diatonic to C major. C major appears most frequently and functions as the tonic, with F and Dm serving as subdominant-area chords, confirming C major as the key."
2397,D minor,"The chord sequence consistently cycles through Dm - F - C - Bb, which are the i, III, VII, and VI chords in D minor. The progression begins and repeatedly returns to D minor, establishing it as the tonic. These chords all belong to the natural minor scale of D minor."
4248,F major,"The chord sequence strongly centers on F major, with the recurring ii-V-I progression of G:min7 → C:7 → F:maj appearing multiple times as the primary cadential motion. The D:min7 → G:7 figure functions as a vi7-II7 turnaround (or a secondary dominant sequence leading to V) within F major, and the bridge section briefly tonicizes G major before returning to G:min7 → C:7 → F, reinforcing F as the tonic throughout."
2664,F minor,"The chord sequence repeatedly begins and returns to F:min, with D:min7(b5) as a ii° chord, G:min7/C:7 as a ii-V motion, and Bb:min as iv, all strongly supporting F minor. The C:7 (V7 from harmonic minor) resolving to F:min is a definitive cadential motion, while the Db:maj7 and Ab:maj sections represent VI and III chords diatonic to F natural minor."
4193,G major,"The song opens with a clear I–IV–V7–I progression in G major (G–C–D7–G), repeated several times. Around the midpoint, it modulates to C major (C–F–G7–C), which is the subdominant of G. The G major section is longer in duration (~34s vs ~26s), and the song begins and is established in G, making G major the primary key."
3618,F major,"The chord sequence strongly centers on F major, featuring the classic I (F:maj), IV (Bb:maj), V7 (C:7), ii (G:min7), and vi (D:min7) chords typical of F major. The D:7 acts as a secondary dominant (V7/ii leading to G:min7), and the Bb:7 adds a blues inflection, but the overall harmonic structure repeatedly resolves around F major as the tonic."
1798,Bb major,"The chord sequence is dominated by an alternation between Bb:7(#9) and Eb:9, which function as I7 and IV7 in a Bb blues/funk context. The opening F:7(#9) acts as the V7 chord, and the recurring F:(3,5,b7,9,11,13) later confirms the V chord role. The Gb7 passages appear to be chromatic passing chords or tritone substitutions common in funk, while the overall structure is consistent with a 12-bar blues framework centered on Bb."
2704,F major,"The chord sequence revolves entirely around F, Bb, and C — which are the I, IV, and V chords of F major. F appears most frequently and acts as the tonal center, with Bb (IV) and C (V) providing classic subdominant and dominant function, confirming F major as the key."
4784,F major,"The chords F major (I), Bb major (IV), G minor (ii), and C7 (V7) are all diatonic to F major and appear repeatedly throughout the sequence. The V7–I motion (C7 to F) further confirms F major as the tonic."
709,Eb major,"The chord sequence strongly centers on Eb:maj9 as the tonic, which appears repeatedly throughout. The surrounding chords—F:min9 (ii), Bb:7(b9) (V7), Ab (IV), and C:7(b9) as a secondary dominant (V7/ii)—all reinforce Eb major. The B:9(b5) chords function as tritone substitutions for the dominant (Bb7), a common jazz technique that further confirms the Eb major key center."
4627,C major,"The chord sequence is dominated by C major, F major, G major, E minor, and A minor, which are all diatonic to C major (I, IV, V, iii, and vi respectively). Secondary dominants like B7 (V7/vi leading to E minor) and D major (V/V leading to G) further confirm C major as the tonal center."
4072,G major,"The chord sequence strongly centers on G major, with G:maj as the tonic, D:7 as the dominant (V7), C:maj as the subdominant (IV), and A:min as the supertonic (ii). The G:7 (I7→IV) is a blues-style dominant seventh on the tonic, and C:min is a borrowed iv chord from the parallel minor, both common in rock/blues contexts. The frequent A:7→D:7→G:maj cadential motion confirms G major as the key."
4811,G major,"The chord sequence is strongly centered on G major, with G:maj appearing frequently as the tonic chord. The progression features classic diatonic chords in G major: E minor (vi), A minor (ii), C major (IV), and D7 (V7), all pointing clearly to G as the tonal center. The repeated V7-I cadences (D7 to G:maj) confirm G major as the key."
4206,Eb major,"The chord sequence is dominated by Eb:maj and Bb:7 (V7 of Eb), which together strongly establish Eb as the tonic. The C:7 acts as a secondary dominant (V7/ii) resolving to F:min, which is the ii chord in Eb major. The song both begins and ends on Eb:maj, further confirming Eb major as the key."
3062,Eb major,"The chord sequence is built almost entirely around Eb major (I), Ab9 (IV), and Bb9 (V), which are the primary tonic, subdominant, and dominant chords in Eb major. The presence of Eb:7 and Eb:9 suggests a blues-inflected style, where the tonic chord takes a dominant 7th quality, but the overall tonal center remains firmly on Eb."
5290,G major,"The chord sequence is heavily centered on G major, with G:maj appearing most frequently and longest. The predominant chord movements are I (G), IV (C), and V7 (D:7), which are the primary diatonic chords of G major. Secondary dominants like B:7 (V/vi leading to E:min) and A:7 (V/ii) further confirm G major as the tonal center."
4935,C major,"The chord sequence is heavily centered on C major, with the diatonic chords Cmaj7, Dmin7, G7, Em, and Fmaj all appearing prominently. The repeated V7–I motion (G7→C) strongly confirms C as the tonal center. The brief D7→Gmaj7 section is a secondary dominant (V7/V) that still functions within the C major framework."
5109,C major,"The chord sequence is dominated by C:maj/C:maj7 as the clear tonic, with D:min7 (ii), F:maj (IV), and A:min7 (vi) all diatonic to C major. The F:min7 is likely a borrowed iv chord from C minor, a common chromatic substitution. The F:dim may be a misidentification by the chord recognizer, but the overall harmonic content strongly points to C major."
1925,C major,"The chord sequence centers strongly on C major, with C:maj6 appearing as the tonic chord throughout. The frequent G:9 and G:7 chords function as the dominant (V), and F:9/F:maj6 functions as the subdominant (IV). The bridge features a classic ii-V-I progression (A:min7 - D:7 - G:7 resolving to C), further confirming C major as the key."
1067,G minor,"G minor is by far the most prevalent chord throughout the sequence, appearing repeatedly and for the longest total duration. The Eb minor chord functions as a recurring secondary chord (bVI in G minor), and the occasional Db minor and Eb major chords support a chromatic/modal flavor around G minor as the tonic."
6532,C minor,"The song opens with a clear C minor establishment: C:min, Eb:maj (bIII), and G:7 (V7 in C minor with raised leading tone) recurring multiple times. While the latter half of the sequence shifts toward C major (with D:min7–G:7–C:maj7 ii-V-I progressions), this is consistent with a classical parallel-major shift or extended tonality. The tonic throughout is C, and the minor mode is most prominently established at the outset."
2146,C major,"The chord sequence is strongly centered on C major, with the primary harmonic motion involving C, F, G7, and Dmin7 — all diatonic to C major. The E7→Amin section is a secondary dominant (V7/vi) tonicizing the relative minor, and the G/D7→G7→C progression reinforces C as the tonic through a ii-V-I-type motion back home."
4917,C major,"The chord sequence is strongly centered on C major, with repeated I-ii7-V7-I progressions (C:maj, D:min7, G:7, C:maj) and the presence of A:min7 (vi7) as a diatonic chord. The C:7 leading to F:maj is a brief tonicization of the IV chord, which is a common elaboration within C major."
2472,F major,"The chord sequence revolves around F major as the tonic, with C:7 functioning as the dominant V7 chord and Bb:maj as the subdominant IV chord. The F:7 chord is a secondary dominant leading to Bb, a common blues/jazz inflection. This classic I-IV-V progression strongly confirms F major as the key."
4086,G major,"The chord sequence is dominated by G major, C major, and D major, which are the I, IV, and V chords of G major. The E minor (vi) and A minor (ii) chords further support G major, and the occasional F major acts as a borrowed bVII chord, a common addition in rock/pop styles within G major."
2275,C major,"The chord sequence is clearly centered on C major, with C:maj appearing prominently as the tonic throughout. Classic C major functional harmony is present: the ii-V7-I progression (D:min7 - G:7 - C:maj) appears multiple times, along with F:maj (IV) and various secondary dominants (A:7 as V7/ii, E:7 as V7/vi). The chromatic passing chords (C#:dim, Eb:dim, F#:dim) and G:aug are typical embellishments in jazz/popular styles in C major."
6519,Eb major,"The chord sequence is strongly centered on Eb major, with Eb:maj appearing repeatedly as the tonic, Bb:7 functioning as the dominant (V7), Ab:maj as the subdominant (IV), and F:min7 as the supertonic (ii). The D:min7–G:7–C:min passage represents a brief secondary dominant tonicization of the vi chord (C minor), which is entirely consistent with Eb major harmony."
3008,Bb minor,"The repeating pattern of Bb:min7, Eb:sus4, F:min, C:min7, and Db fits perfectly in Bb minor: Bbm7 is i, Eb is iv, Fm is v (natural minor), Cm7 is ii, and Db is bIII. The Bb minor chord appears most frequently and functions as the tonic, with all other chords diatonically supporting it."
5948,Bb major,"The progression strongly centers on Bb major, with Bb:maj as the clear tonic, F:7 as the dominant (V7), Eb:maj as the subdominant (IV), G:min as the submediant (vi), and C:7 functioning as a secondary dominant (V7/V). The C#:dim7 acts as a passing diminished chord (chromatic embellishment), and the Bb:7 serves as a secondary dominant leading to Eb, all consistent with jazz-style harmony in Bb major."
3601,A minor,"The chord sequence strongly centers on A minor, with the repeated pattern of A:min → E:maj → F:maj → D:min → E:maj → A:min. The E:maj chord (rather than E:min) indicates use of the harmonic minor scale (raised 7th), a hallmark of A harmonic minor. Supporting diatonic chords such as C:maj (III), G:maj (VII), and D:min (iv) all confirm A minor as the tonic."
2512,G major,"The chord sequence is dominated by G:maj as the tonic, with frequent ii-V-I progressions in G major: A:min7 → D:7 → G:maj. Supporting chords like E:min7 (vi), C:maj7 (IV), and the chain E:min7 → A:7 → A:min7 → D:7 → G:maj all point clearly to G major. There is a brief tonicization of A major (B:min7 → E:7 → A:maj), but the song consistently returns to G major as its tonal center."
1195,F major,"The chord sequence strongly centers on F major, with C:7 functioning as the dominant seventh (V7) repeatedly resolving to F:maj (I). G:min serves as the ii chord, D:min as the vi chord, and G:7 acts as a secondary dominant (V7/V). The secondary dominants A:maj (V/vi→D:min) and D:7 (V7/ii→G:min) are typical embellishments within an F major framework."
2968,Eb major,"The progression is anchored firmly on Eb:maj as the tonic, with repeated ii-V-I patterns in Eb major (F:min7 → Bb:7 → Eb:maj). The Ab:maj (IV), G:min7 (iii), and C:7 (V7/ii as a secondary dominant) all fit naturally within the Eb major harmonic framework. The chord sequence repeats multiple times, each time resolving back to Eb:maj."
1802,D major,"The repeating progression C–G–D fits naturally as bVII–IV–I in D major, a classic rock-style cadential pattern. D major receives twice the duration of the other chords (4s vs. 2s each), reinforcing it as the tonic. All three chords are major, consistent with the flat-VII and subdominant borrowings common in D major rock contexts."
6433,F major,"The chord sequence is heavily centered on F major, with the classic I (F), IV (Bb), and V7 (C7) chords of F major appearing repeatedly. Secondary dominants like F:7 (V7/IV leading to Bb), D:7 (V7/ii leading to G minor), and G:7 add color but don't displace the clear F major tonality. The song begins and ends on F major, reinforcing it as the tonic."
2290,F major,"The chord sequence is clearly centered on F major, with F:maj appearing most frequently as the tonic. C:7 functions as the dominant (V7) of F, and Bb:maj serves as the subdominant (IV). Secondary dominants like F:7 (V/IV) and G:7 (V/V) further confirm F major as the key."
3428,F major,"The chord sequence is strongly centered on F major, with F:maj appearing most frequently and functioning as the tonic. The Bb:maj (IV) and C:7 (V7) chords confirm a classic F major tonal framework, while G:7 acts as a secondary dominant (V7/V) and F:7 prepares the Bb (IV). The early Eb:maj and Eb:7 chords are likely chromatic passing chords or recognition errors."
5959,A minor,"The chord sequence consistently cycles through Am, C, G, F — a very common progression in A minor (i, III, VII, VI). The Am chord is the clear tonal center, appearing at the start of every cycle, and all chords belong to the A natural minor scale."
4975,G major,"The chord sequence prominently features the ii-V-I progression in G major: A:min7 → D:7 → G:maj, which is the classic cadential pattern confirming G as the tonic. G major chords (Gmaj, Gmaj6, Gmaj7) dominate the sequence, and other chords like E:min (vi) and B:min7 (iii) diatonically support G major. The recurring Eb:maj7 functions as a chromatic bVI borrowed chord, common in jazz and pop harmony."
557,D major,"This chord sequence features D7, G7, and A7, which are the I7, IV7, and V7 chords of D major — a classic 12-bar blues progression in D. The dominant 7th quality on all three chords is characteristic of blues harmony, with D functioning as the tonic."
6592,F major,"The chord sequence repeatedly begins and ends on F:maj, with C:maj acting as the dominant and Bb as the subdominant, forming clear I-IV-V-I cadential patterns in F major. The other chords (Eb, Ab, Gb, D, G) appear to be chromatic mediants or borrowed chords passing through a descending sequence before returning to F. The consistent cadential formula of Bb-C-F strongly reinforces F as the tonic."
1653,G minor,"The chord sequence revolves heavily around G minor as the tonic, with F major (VII), C minor (iv), Eb major (VI), and both D minor and D major (v/V) appearing as supporting chords. These chords—particularly G minor, F major, C minor, and Eb major—are all diatonic to G natural minor (Aeolian), and D major acts as the classical dominant (V) of G minor. The frequent return to G minor throughout confirms it as the tonal center."
5203,F major,"The chord sequence features a prominent ii-V-I progression in F major: G:min9 (ii) → C:9 (V) → F:maj6 (I), which repeats multiple times and serves as the main harmonic pattern of the song. D:7 functions as a secondary dominant (V/ii) leading back to G minor, and the middle sections with Bb:min9/Eb:9 and F:min7/Ab:min/Eb:maj7 appear to be modulating bridge sections before returning to the G:min9–C:9 vamp in F major."
5723,C major,"The chord sequence is dominated by C major, F major, and G major — the I, IV, and V chords of C major. These are the primary diatonic chords of C major and appear repeatedly throughout the progression. The D7 at the end could be a secondary dominant (V7/V), which is a common chromatic embellishment in C major."
4780,C major,"The chord sequence is heavily centered around C major as the tonic, with G:7 functioning as the dominant seventh repeatedly resolving to C:maj. Secondary dominants such as D:7 (V/V) and E:7 (V/vi leading to A:min) are common embellishments within C major. The overall progression pattern—including the use of F:maj (IV), A:min (vi), and the many G7→C cadences—is characteristic of a ragtime or march-style piece firmly in C major."
2360,G major,"The chord sequence revolves around C major, G major, D major, and E minor, which are the IV, I, V, and vi chords of G major respectively. The frequent resolution to G major and the repeated I-V-vi-IV (G-D-Em-C) and IV-I-V (C-G-D) progressions are hallmarks of G major. All chords present are diatonic to the G major scale."
4707,A minor,"The progression alternates exclusively between A minor (i) and E major (V), which is the dominant chord in A harmonic minor (featuring the raised 7th, G#). This classic i–V oscillation strongly points to A minor as the tonic."
6309,C major,"The chord sequence strongly centers on C major, with C:maj appearing frequently and G:7 acting as the dominant V7. The secondary dominants (C:7 → F, A:7 → D:7 → G:7 → C) form a classic cycle-of-fifths progression that is characteristic of C major harmony."
259,Eb major,"The chord sequence is dominated by Eb:maj (I) and Bb:7 (V7), a classic tonic-dominant alternation strongly pointing to Eb major. The brief F:min7 functions as the ii chord in Eb major, further confirming the key. The occasional C:maj is a brief chromatic passing chord and does not undermine the overall tonal center of Eb major."
2601,Eb major,"The chord sequence repeatedly features the ii7-V7-I progression in Eb major: F:min7 → Bb:7 → Eb:maj7/Eb:maj, which strongly establishes Eb as the tonal center. Supporting chords like G:min (iii), C:min7, and F:min7(b5) → Bb:7 (a ii°-V cadence) are all diatonic or functionally related to Eb major. The Eb:min9 and chromatic jazz substitutions (e.g., Ab:7(#11), Db:7(#11)) reflect modal mixture and tritone substitutions common in jazz, but the overall tonal gravity resolves consistently to Eb major."
1134,Bb major,"The chord sequence is centered on Bb:maj as the tonic, with Eb:maj as the subdominant (IV) and F:7 as the dominant seventh (V7), forming a classic I-IV-V7 progression in Bb major. Secondary dominants like G:7 (V7/ii) and C:7 (V7/V) further reinforce the Bb major tonal center."
2562,A major,"The chord sequence is strongly anchored in A major, with A:maj appearing prominently throughout (totaling ~15 seconds) and E:7 (V7 of A) repeatedly functioning as the dominant. The recurring pattern A:maj → A#:dim7 → E:7 is a classic I–#Idim7–V7 progression in A major, and the later A:7 → D:maj confirms a I7–IV blues/jazz motion also consistent with A major. Secondary dominants like C#:7 → F#:min (V7/vi) further reinforce A major as the tonic."
2791,G major,"The chord sequence is dominated by G major, C major, and D7, which are the I, IV, and V7 chords of G major. The occasional B7 leading to E minor represents a secondary dominant (V7/vi) resolving to the vi chord, a common progression in G major. G major is clearly the tonic throughout."
6003,C major,"The chord sequence is heavily centered around C major, with G:7 functioning as the dominant V7 chord resolving to C. The D:min7 acts as ii7 and the A:min7 as vi7, both diatonic to C major. This is a clear I-V7 based progression in C major."
1681,F major,"The chord sequence strongly centers on F major, with the recurring I-IV-V7-I cadences (F:maj, Bb:maj, C:7, F:maj) and the frequent ii-V-I progressions (G:min7 → C:7 → F:maj). Secondary dominants like D:7 (V7/ii) and G:7 (V7/ii) further reinforce F major as the tonal center, and the overall harmonic language is consistent with a jazz/swing style in F major."
4590,C major,"The chord sequence is dominated by G:7 resolving to C:maj, a classic V7-I cadence establishing C as the tonal center. Supporting chords like D:min7 (ii7) and F:maj7/F:maj6 (IV) further confirm C major, while borrowed chords like C:min6 and F:min6 from the parallel minor and passing diminished chords (G#:dim7, C#:dim7, Eb:dim7) are characteristic chromatic embellishments common in jazz-style C major writing."
1432,Eb major,"The chord sequence is dominated by Eb:maj, with Bb:7 serving as the dominant seventh chord resolving to Eb. The presence of Ab:maj as the subdominant and Eb:7 as a secondary dominant (leading to Ab) all point clearly to Eb major as the tonic key."
5004,C major,"The chord sequence is dominated by C major, F major, G major, A minor, D minor, and E minor - all diatonic to C major. The recurring I-vi-IV-V pattern (C-Am-F-G) strongly confirms C major as the tonic. The occasional Bb major chord is a borrowed bVII chord, a common chromatic device in pop/rock music that doesn't undermine the overall C major tonality."
395,C major,"The chord sequence is strongly centered on C major, with C:maj appearing frequently as the tonic. The progression features diatonic chords from C major: E minor (iii), F major (IV), G major (V), A minor (vi), all confirming C major as the key."
5294,G major,"The chord sequence is built around G major, with repeated I-vii°7/ii-ii7-V7 progressions (G:maj7 - Bb:dim7 - A:min7 - D:7) and supporting chords like C:maj7 (IV) and E:min7 (vi). There is a brief modulation to Bb major in the bridge (C:min7 - F:7 - Bb:maj7), but the song consistently returns to G major as its tonal center."
148,Eb major,"The chord sequence repeatedly centers on Eb:maj6(9) as a clear tonic, with strong support from Ab:maj7 (IV) and Bb:7(b9) (V7) resolving to Eb, both fundamental diatonic functions in Eb major. The G:min7 (iii), C:9 (VI, secondary dominant), and F:9 (II, dominant preparation) further confirm Eb major, while borrowed chords like Ab:min7 (iv) and chromatic substitutions add color without undermining the tonal center."
33,C minor,"The chord sequence is dominated by C minor, which appears most frequently and for the longest durations. The other chords—G major (V), F minor (iv), Bb major (VII), and Eb major (III)—all function naturally within C minor, confirming C minor as the key."
1890,F major,"The chord sequence is dominated by F:maj and C:7 (the I and V7 of F major), with frequent appearances of D:min7 (vi), G:min7 (ii), Bb:maj (IV), and A:min (iii) — all diatonic to F major. The repeated I–V7 cadential motion (F:maj–C:7–F:maj) and the overall harmonic structure strongly confirm F major as the tonic."
6221,A minor,"The chord sequence opens and repeatedly returns to A:min as the tonic, supported by D:min (iv) and E:7 (V7), which are the classic chords of A natural/harmonic minor. Although there is a contrasting section featuring E:min and B:7 (suggesting a brief tonicization of E minor), the overall progression consistently gravitates back to A:min, confirming A minor as the key."
3180,G minor,"The chord sequence is strongly centered on G minor, with G:min7/G:min appearing most frequently as the tonic chord. Supporting chords like Bb:maj7 (III), F:maj7 (VII), Eb:maj (VI), D:min7 (v), and C:7 (IV) all fit naturally within the G natural/Aeolian minor scale, confirming G minor as the key."
6623,C major,"The chord sequence is dominated by C, F, and G chords, which form a classic I-IV-V relationship in C major. The repeated pattern of C-A-F-G (I-VI-IV-V) and C-F-G are both hallmark progressions in C major. The occasional E major and D chords function as secondary dominants (V/vi and V/V respectively), which are common embellishments in C major."
803,F major,"The chord sequence is strongly centered on F major, with frequent appearances of F:maj (I), Bb:maj (IV), G:min7 (ii7), and C:7 (V7) — all diatonic to F major. The D:7 and E:7 chords function as secondary dominants (V7/ii and V7/vi respectively), adding chromatic color but not undermining the overall tonal center of F major."
2759,Eb major,"Eb:maj appears as the clear tonic throughout the piece, consistently preceded and followed by Bb:7 (the dominant seventh in Eb major). The other prominent chords—F:min (ii), Ab:maj (IV), G:min (iii), and C:min (vi)—are all diatonic to Eb major, with chromatic chords like G:7 and D:7 functioning as secondary dominants within the key."
2424,C major,"The chord sequence strongly centers on C major, with the classic I-ii-V7-I progression (C major, D minor, G7, C major) repeated throughout. The G7 dominant seventh chord resolving to C major is a hallmark of C major tonality, and D minor (ii) reinforces this key as well."
448,Eb major,"The chord sequence is strongly centered on Eb major, with the primary chords being Eb:maj7 (I), Ab:maj7 (IV), F:min7 (ii), Bb:7 (V), and G:min7 (iii) — all diatonic to Eb major. The repeated ii-V-I progressions (F:min7 → Bb:7 → Eb:maj) firmly establish Eb as the tonic."
1635,Eb major,"The dominant harmonic pattern throughout the sequence is Fmin7 → Bb9 → Ebmaj, a classic ii–V–I progression in Eb major. Supporting diatonic chords like Gmin (iii) and Cmin (vi) further confirm Eb major as the tonic. The opening F:min6/C:9 and Eb:min6/Bb:9 phrases appear to be introductory or modulatory material before settling firmly into Eb major."
946,E major,"The chord sequence is strongly centered on E major, with frequent appearances of E:maj as the tonic and B:7 as the dominant (V7). The ii-V-I progression (F#:min7 - B:7 - E:maj) is repeated multiple times, confirming E major as the home key. There is a brief modulation to G major in the middle section (G:maj7, D:7, D:9), but the sequence consistently returns to E:maj and B:7 patterns."
6043,B major,"The chord sequence is dominated by B major, with F# and E as the other primary chords. This classic I–V–IV progression (B–F#–E) is strongly characteristic of B major, and all chords in the sequence are diatonic to that key."
5150,D major,"D major is strongly supported by the frequent and long-duration appearances of D:maj as the tonic, with A:7 repeatedly functioning as the dominant seventh (V7→I). Secondary dominants are prevalent throughout (E:7 as V7/V, B:7 as V7/vi, Gb:7 as V7/ii), which is characteristic of D major harmony. Chords like E:min (ii), B:min (vi), and G:maj (IV) also fit neatly into the D major diatonic framework."
5867,Eb major,"The chord sequence is strongly centered on Eb major, with Eb:maj appearing frequently and for long durations as the tonic. The Bb:7 functions as the dominant, Ab:maj as the IV chord, and F:min as the ii chord — all diatonic to Eb major. Secondary dominants like C:7 (V7/ii) and the Bb:min7–Eb:7–Ab:maj progression (a ii–V–I in the subdominant region) are typical of jazz harmony in Eb major."
3498,D minor,"The chord sequence predominantly alternates between D minor (i) and Bb major (bVII), which is a classic tonic–subtonic relationship in natural/Aeolian minor. The song opens with D major before settling heavily into D minor as the tonic, with Bb as its bVII, strongly pointing to D minor as the key."
115,G major,"The chord sequence prominently features the ii7-V7-I progression in G major (A:min7 - D:7 - G:maj), which repeats multiple times throughout. The presence of C:maj (IV) and D:7 (V7) further reinforces G major as the tonic. While there are A minor elements (D:min7 as iv, and E:7 as V/vi), the recurring resolution to G:maj via D:7 strongly establishes G major as the key."
4651,C major,"The chord sequence features a repeated ii-V-I progression in C major: Dm7 (ii7) → G7 (V7) → Cmaj7 (Imaj7). The A7 chord functions as a secondary dominant (V7/ii), resolving back to Dm7, which is a common jazz harmonic device in C major. The overall tonal center clearly gravitates toward C major."
3932,D minor,"The chord sequence is heavily centered on D minor, with recurring use of Dm, Bb major (bVI), G minor (iv), and A major/A7 (V/V7 with raised 7th from harmonic minor). The frequent A:maj and A:7 chords act as the dominant of D minor, and the E:7(b9) serves as a secondary dominant leading to A. All of these are classic hallmarks of D minor harmony."
1829,Eb major,"The chord sequence repeatedly resolves to Eb:maj7 and Eb:maj as the tonic, with the classic ii-V-I progression F:min7 → Bb:9 → Eb:maj7 confirming Eb major. The opening bars feature a chain of descending ii-V progressions (A:min7b5/D:7, G:min7/C:7, F:min9/Bb:maj) that cycle through the circle of fifths and land on Eb. The Ab:min chord is a borrowed bVI (minor subdominant) commonly used in jazz-influenced Eb major contexts."
3708,C major,"The chord sequence strongly centers on C major with a repeated I - V7/IV - IV - I - V7/V - V7 - I progression (C:maj, E:7, F:maj, C:maj, D:7, G:7, C:maj). The E:7 functions as a secondary dominant to F (V7/IV), and D:7 functions as V7/V leading to G:7, which resolves back to C. The pattern repeats three times, firmly establishing C major as the tonic."
5641,G major,"The chord sequence strongly centers on G, with G:9 appearing frequently as the tonic and A:min7 → D:7 acting as a classic ii–V progression resolving to G. The A:hdim7 → D:7(b9) → G:9 cadences confirm G as the tonal center. The Bb:maj6/Bb:min6 section represents a brief detour (likely a bridge or B section of a jazz standard), and the Db:7 chords function as tritone substitutes for the dominant D7. The overall structure is consistent with a jazz standard in G major."
5741,E minor,"The chord sequence repeatedly features E:min as the tonic, with B:7 (the dominant seventh in E minor) resolving back to E:min multiple times, strongly confirming E minor as the key. Supporting chords like C:maj (VI), A:min (iv), and G:7 (VII7) all belong to the E minor harmonic/natural minor framework, while the chromaticism (E:maj, F:min, G:aug, B:aug) reflects embellishments common in minor-key music."
2353,C major,"The chord sequence is built around C major (I), F major (IV), G7 (V7), and D minor (ii), all diatonic to C major. The Eb dim7 and D# dim7 are brief chromatic passing chords, common in classical/traditional harmony. C major is heavily emphasized throughout as the tonal center."
6625,E major,"The song centers on E major as the tonic, with B:7 consistently functioning as the dominant 7th (V7) that resolves back to E:maj. The repeating inner progression Am - D - G - C is a descending circle-of-fifths sequence (borrowing from parallel minor/modal mixture) that leads into B7 - E, confirming E as the tonal center. The strong V7-I cadences (B7 to E) throughout make E major the clear key."
3002,A major,"The chord sequence revolves entirely around A major, D major, and E major, which are the I, IV, and V chords of A major. A major appears most frequently and for the longest durations, clearly establishing it as the tonic."
3901,Bb major,"The progression is centered on Bb major, with F:7 serving as the dominant seventh (V7) resolving to Bb:maj throughout. The sequence Bb:7 → Eb:maj is a classic IV chord move typical of blues in Bb, and C:7 acts as a secondary dominant (V7/V) leading back to F:7. This is a standard 12-bar blues structure in Bb major."
791,Eb major,"The sequence is strongly centered on Eb major, with Eb:maj and its variants (Eb:maj7, Eb:9) as the tonic and Bb:7(b9) repeatedly functioning as the dominant (V7) resolving back to Eb. The Ab:maj chord confirms the subdominant (IV) of Eb major, and F:9/F:7 act as the supertonic (II7) pre-dominant. The B:9 chords appear to be tritone substitutions for the dominant Bb7, a common jazz/blues technique, reinforcing the Eb major tonality."
301,G major,"The chord sequence alternates between G major and D7, which are the I and V7 chords in G major. The G major chord receives the most duration and clearly functions as the tonic, while D7 serves as the dominant seventh, confirming G major as the key."
3500,F major,"The chord sequence strongly centers on F major, with C7 (V7), Bb major (IV), G7 (secondary dominant of V), and F7 (I7 leading to IV) all functioning within F major. This is a classic 12-bar blues progression in F major."
265,C major,"The progression is firmly centered on C major, with C:maj as the most frequent and prominent chord. The dominant G:7 resolves repeatedly to C, and secondary dominants like D:7 (V/V) and D:min7 are diatonic or functional within C major. The subdominant F:maj also appears regularly, confirming the I-IV-V framework of C major."
6378,E major,"The chord sequence strongly centers on E major. The recurring E:maj chord functions as the tonic, C#:min is the vi chord (diatonic to E major), A:maj is the IV, and the B:7 chord is a clear dominant seventh resolving back to E:maj, confirming E major as the key. The F#:maj chord acts as a secondary dominant (V/V), further reinforcing the E major tonality."
3311,F major,"The chord sequence clearly centers on F major, with F:maj serving as the tonic throughout. Classic functional harmony supports this: C:7 as the dominant (V7), G:min7 as the supertonic (ii), Bb:maj as the subdominant (IV), and D:min as the submediant (vi). Secondary dominants like D:7 (V7/vi) and G:7 (V7/V) are also present, along with a chromatic Eb:9 (bVII) that is common in jazz/blues contexts but doesn't undermine the F major tonal center."
6236,F major,"The chord sequence is strongly centered on F major, which appears most frequently and for the longest durations. The chords Bb (IV), C7 (V7), Dm (vi), Am (iii), and Gm (ii) all belong to the F major diatonic set, with A7 and F7 functioning as secondary dominants (V7/vi and IV7 respectively), which is consistent with F major."
2951,A major,"The chord sequence is dominated by A, D, and E chords, which are the I, IV, and V of A major. The appearance of G (*3,*5) is a flat-VII chord, commonly used in rock music as a borrowed chord. The presence of E:maj as the dominant confirms A major as the tonic."
4276,C major,"The progression is heavily centered on C as the tonic, with C13 appearing most frequently and functioning as the I chord. The presence of G13 (V7) reinforcing C, along with F9(#11) as the IV chord, strongly suggests C major (blues/jazz context). The dominant 7th quality on the I chord (C13, C7) is characteristic of blues and jazz, where the tonic chord commonly carries a b7."
1448,D major,"The chord sequence revolves almost entirely around D major (I), A7 (V7), and G major (IV) — the classic I-IV-V progression in D major. The dominant A7 consistently resolves back to D major, confirming D as the tonic."
1751,G major,"The chord sequence is dominated by G:maj (I), D:7 (V7), and A:min7 (ii7), all diatonic to G major, with the repeated I–V7–ii–V7 progression strongly confirming G as the tonic. The occasional chromatic chords (Eb:maj, C:min, Eb:7) and secondary dominants (A:7 as V7/V) are brief embellishments that do not undermine the clear G major tonal center."
1795,Eb major,"The chord sequence is dominated by Eb:maj (I), Ab:maj (IV), Bb:maj (V), G:min7 (iii), C:min (vi), and F:min7 (ii) — all diatonic to Eb major. The repeated I–iii–IV–V progression and the V7 (Bb:7) resolving back to Eb strongly confirm Eb major. The F#:dim chord is likely a misidentification by the recognizer (possibly F:dim or a chromatic passing chord) and does not undermine the clear tonal center."
6337,F major,"The chord sequence is clearly centered on F major, with F:maj as the tonic and C:7 (V7) as the dominant, forming a strong I–V7–I relationship throughout. F#:dim functions as a chromatic passing diminished chord (vii° of V or a chromatic neighbor), D:7 acts as a secondary dominant (V7/ii) leading to G:min7 (ii7), and other chromatic chords like Bb:min and Eb:7 are borrowed from the parallel minor—all common in F major blues/jazz progressions."
5944,Bb major,"The chord sequence strongly centers on Bb major, with the tonic Bb:maj appearing frequently alongside core diatonic chords: Eb:maj7 (IV), F:7 (V7), C:min7 (ii), D:min7 (iii), and G:min7 (vi). The chromatic chords (A:7, B:7, F#:dim7, Db:7, C:7) function as secondary dominants and passing chords typical of jazz harmony, but they all resolve back into the Bb major framework. The sequence ends firmly on Bb:maj, confirming Bb major as the key."
2920,Eb major,"The chord sequence is strongly centered on Eb:maj7 as the tonic, with the recurring I-ii-V-I progression (Eb:maj7 → F:min7 → Bb:7 → Eb:maj7) firmly establishing Eb major. The C:7 functions as a secondary dominant (V7/ii) leading to F:min7, and the F#:dim7 acts as a passing diminished chord—all consistent with Eb major tonality."
4372,C major,"The chord sequence is strongly centered on C major. G:7 functions as the dominant seventh (V7) and resolves repeatedly to C:maj (I), while F:maj serves as the subdominant (IV) and D:7 acts as a secondary dominant (V7/V). The extended G:7 at the opening and the consistent G7–C motion throughout firmly establish C major as the tonic."
3444,F major,"This is a classic blues progression in F major. The sequence features the characteristic I7 (F:7) and IV7 (Bb:7) chords typical of a 12-bar blues, followed by a ii-V-I turnaround (Gm7 - C7 - F7) that strongly confirms F as the tonic. The D:7 functions as a secondary dominant (V7/ii) leading to G:min7."
31,G major,"The chord sequence is centered on G major, with E minor (vi), D major (V), and C (IV) as the primary supporting chords — all diatonic to G major. The B:aug and C:min/5 chords are chromatic/borrowed elements (from G minor parallel), and the half-diminished chords function as passing or secondary chords, but G major remains the clear tonal center throughout due to its frequency and long durations."
4433,C major,"The chord sequence is heavily centered on C major, with the recurring I-ii7-V7 (C:maj, D:min7, G:7) progression firmly establishing C as the tonic. Additional chords like F:maj (IV) and A:min7 (vi) further reinforce the C major tonality, and the D:7 acts as a secondary dominant (V/V) before returning to the tonic."
6198,D major,"D:maj7 appears most frequently and functions as the tonic (I) chord throughout the progression. The other prominent chords—G:maj7 (IV), A (V), F#:min7 (III), B:min7 (VI), and E:min7 (II)—are all diatonic to D major, and the D:7 chord acts as a secondary dominant (V7/IV) resolving to G:maj7. The G:min chords represent modal mixture (borrowed iv from D minor), a common coloristic device in this key."
1304,G minor,"The sequence F#:dim → G:min (vii°–i in G minor) appears twice as a clear cadential figure, strongly anchoring the tonic to G minor. D:7 → G:min confirms the V7–i relationship in G minor, and F:maj serves as the characteristic ♭VII chord while C:7 functions as IV7 (common in minor-key jazz/pop contexts). The recurring Bb:min6 is a chromatic variant of the III chord used as a passing harmony."
127,F major,"The chord sequence follows a classic 12-bar blues pattern in F major, with F:maj as the I chord, Bb:maj as the IV chord, and C:7 as the V7 chord. The F:7 chord is a characteristic blues move serving as a dominant seventh on the I chord to lead to the IV (Bb:maj), which is typical in blues harmony."
6595,Bb major,"The chord sequence is dominated by Bb:maj, G:min7, Eb:maj, and F:maj, which correspond to the I, vi, IV, and V chords in Bb major. This classic I–vi–IV–V progression is a strong indicator of Bb major as the tonal center. The occasional C:sus4 adds a chromatic touch but does not undermine the overall Bb major tonality."
4132,F major,"The chord sequence revolves around F major (I), Bb major (IV), and C7 (V7), which are the primary chords of F major. The F7 chord acts as a secondary dominant (V7/IV) leading to Bb, a common blues-inflected move that still supports F as the tonic. F major appears most frequently and functions as the clear tonal center."
1287,Bb major,"The chord sequence is strongly centered on Bb major, with Bb as the tonic (I), F:7 as the dominant seventh (V7), C:min as the supertonic (ii), and Eb:maj as the subdominant (IV). The G:7 chords function as secondary dominants (V7/ii) resolving to C:min, and C:7 acts as V7/V leading to F:7, all classic functional harmony within Bb major."
667,Eb major,"The chord sequence is clearly centered on Eb major as the tonic, with Bb7 functioning as the dominant (V7), Ab major as the subdominant (IV), Eb7 as a blues-inflected I7 leading to IV, and F7 as a secondary dominant (V7/V). The repeated I–IV–V7 movements and frequent returns to Eb:maj strongly suggest a 12-bar blues structure in Eb major."
4256,C major,"The chord sequence is strongly centered on C major, featuring a repeated progression of C:maj - D:min7 - E:min7 - G:7 - C:maj, which outlines the I, ii, iii, and V7 chords of C major. The A:7(b9) functions as a secondary dominant (V7/ii) leading to D:min7. The later bridge section moves briefly to F major (with C:7 acting as V7/IV, leading into F:maj with ii (G:min7) and iii (A:min7) chords of F), but the primary and returning tonal center throughout the sequence is C major."
4687,F major,"The chord sequence is heavily centered on F major, with C:7 functioning as the dominant (V7) chord repeatedly resolving to F. The brief appearance of Bb:maj (IV) and F:7 leading to Bb further confirms F major tonality. This is a classic I-V7 progression in F major."
3237,Eb major,"The chord sequence is strongly centered on Eb major, with Bb:7 functioning as the dominant (V7) repeatedly resolving to Eb:maj. Supporting chords include Ab:maj (IV), F:min7 (ii), and C:min7 (vi), all diatonic to Eb major. The Eb:7 → Ab:maj motion is a typical blues-inflected I7→IV move, consistent with an Eb major tonal center."
814,G major,"The chord sequence is dominated by G:maj, A:min (ii), and D:7 (V7), forming a classic I–ii–V7–I progression in G major. The middle section includes a brief excursion through Bb and a circle-of-fifths chain (E:7–A:7–D:7) that ultimately resolves back to G:maj, confirming G major as the tonal center."
3918,A minor,"The progression centers on A minor, with recurring ii-V-I patterns in A minor (B:min7(b5) → E:7 → A:min7) establishing it as the tonic. The sequence also features a descending cycle of ii-V motions through related keys (F#m7b5-B7, Em7b5-A7, Dm7b5 etc.), which is characteristic of jazz harmony built around a minor tonic, and the progression consistently resolves back to A:min. This resembles the harmonic language of standards like 'Autumn Leaves.'"
430,Eb major,"The chord sequence is strongly centered on Eb major, with Eb:maj appearing as the clear tonic throughout. The repeated V7 (Bb:7) and augmented dominant (Bb:aug) resolve back to Eb:maj, and secondary dominants like C:7 (V7/ii) tonicizing F:min further confirm Eb major. The Ab:min chord is a borrowed iv from Eb minor, a common coloristic device in major-key music."
4888,F major,"The chord sequence is built around F:maj (I), G:min7 (ii7), C:7 (V7), and D:min7 (vi7), all diatonic to F major. The recurring I–ii7–V7 cadential pattern strongly establishes F as the tonic. The secondary dominant chain (E:7–A:7–D:7–G:7–C:7) is a common jazz-style turnaround that ultimately resolves back to F major."
692,D minor,"The chord sequence strongly centers on D minor as the tonic. The prominent A major chords function as the dominant (V) in D harmonic minor (with raised 7th), while G minor (iv), C major (VII), and C#dim (leading-tone diminished resolving back toward D) all support D minor tonality. The repeated pattern of A:maj → D:min and C#:dim → A:maj confirms the harmonic minor framework in D minor."
2809,C major,"The chord sequence is centered around C major, with repeated I-IV-V7 (C-F-G7) progressions and secondary dominants (C7 leading to F, E7 leading to F) that are common in C major. The tonic C major chord appears most frequently and the G7 consistently resolves back to C, confirming C major as the key."
2946,D minor,"D:min appears repeatedly as the clear tonal center, with A:7 functioning as the dominant (V7) resolving to it throughout. Supporting this are characteristic D minor chords like E:hdim7 (ii°7), G:min (iv), C:7 (VII), F:maj (III), and Bb:maj (VI), forming textbook jazz minor progressions. The chromatic chords (Eb:9, Db:9 as tritone substitutes) are common jazz alterations that don't disrupt the overall D minor tonality."
2574,A minor,"The chord sequence strongly centers on A minor, with the recurring A:min - E:7 - A:min pattern (i - V7 - i) being a classic minor key progression. Supporting chords like D:min (iv), F:maj (VI), G:7 - C:maj (VII7 - III) are all diatonic to A natural minor, and the brief A:maj appearance is likely a Picardy third or a momentary tonicization of D minor."
5630,E major,"The first and longer section of the song (roughly 43 seconds) centers on E major, A major, and B7/sus4 chords, which are the I, IV, and V chords in E major. The later section introduces G, C, D, and Em, which could suggest a brief modal shift or a section in G major, but the song spends significantly more time in the E major context, making E major the most likely overall key."
6394,Bb major,"Bb is clearly the tonic, functioning as the I chord (Bb:maj6). The Eb:maj (IV) and C:min7/F:7 (ii-V) are diatonic to Bb major, confirming the key. The Bb:7 and Ab:9 (bVII) are blues/soul inflections common in this genre rather than indicators of a different key."
5892,C major,"The chord sequence strongly centers on C major, with repeated I-ii-V7-I progressions (C:maj, D:min7, G:7, C:maj) and a clear dominant-tonic relationship throughout. Secondary dominants like B:7 (V7/vi), A:7 (V7/ii), and D:7 (V7/V) are common embellishments within a C major framework, further confirming the key."
3491,E major,"The chord sequence is dominated by E:maj, A:maj, and B:maj, which are the I, IV, and V chords of E major. The presence of F#:min (ii) and B:7 (V7) further confirms E major as the tonic. The D#:maj chord near the end is likely a chromatic embellishment or recognition error."
6262,Eb major,"The chord sequence is centered on Eb:maj as the tonic, with Bb:7 functioning as the dominant seventh (V7) resolving repeatedly to Eb. The presence of Ab:maj (IV), F:min7 (ii), and Eb:7 (V7/IV) are all diatonic or secondary dominant functions in Eb major, confirming a classic blues/jazz progression in Eb major."
5204,G major,"The chord sequence is heavily centered on G major, with C major (IV) and D major/D7 (V) as the primary supporting chords. The presence of Em (vi), Am (ii), and F#dim (vii°) all confirm the key of G major, as these are all diatonic chords within that key."
1063,C major,"The chord sequence is dominated by C major, G7 (the dominant seventh), and F major, which are the I, V7, and IV chords in C major. The repeated resolution of G7 to C major strongly confirms C as the tonic."
2744,Eb major,"The chord sequence is clearly centered on Eb major as the tonic, with Bb:7 functioning as the dominant V7 and Ab:maj as the IV chord. The progression features typical jazz harmony with a descending circle-of-fifths sequence (G7→C7→F7→Bb7→Eb) and secondary dominants, all resolving back to Eb:maj as home."
6200,Bb major,"The chord sequence begins with a Bb minor vamp (Bb:min7, Eb:min7, F:7), but the song clearly shifts to Bb major in the second section, where the repeated pattern of Bb:maj → C:7 → F:7 → Bb:7 establishes a strong II7–V7–I progression in Bb major. The circle-of-fifths turnaround (Bb:7, Eb:7, Ab:7, Db:7, Gb:7) and the ending on Bb:7 are consistent with a jazz/blues context in Bb major, where the tonic often appears as a dominant seventh chord."
3751,Db major,"The chord sequence repeatedly features the ii-V-I progression in Db major: Eb:min7 → Ab:7(b9) → Db:maj7/maj9, which is the clearest tonal anchor. The song consistently resolves to Db:maj7, confirming it as the tonic. The D:min7 → G7 figures appear to be chromatic ii-V approaches (a half-step above Db) common in jazz, reinforcing Db as the home key."
2888,C major,"The chord sequence is firmly centered on C major, with C:maj appearing for the longest durations (10s, 10s, 4s) as the clear tonic. The progression features the diatonic chords Dm, Em, F, and G:7 (the dominant), while the B:7, A:7, and D:7 chords function as secondary dominants (V7/iii, V7/ii, and V7/V respectively), a common practice in C major harmony."
2136,D minor,"The chord sequence is centered on D minor as the tonic, with A:7 functioning as the dominant V7 (containing C#, characteristic of the harmonic minor scale). G:min7 serves as the iv chord and Bb:7 as the VII7, both common in D minor progressions. The repeated i–V7 motion strongly confirms D minor as the key."
2379,C minor,"The chord sequence alternates predominantly between C minor (i) and G major (V), with a brief appearance of F minor (iv). These three chords—i, iv, and V—are all diatonic to C minor, strongly confirming C minor as the key."
3667,Ab major,"The chord sequence is heavily centered on Ab major, with frequent appearances of Ab:maj/Ab:maj6 as the tonic, Db:maj as IV, Bb:min7 as ii, Eb:9 as V, and F:min as vi — all diatonic to Ab major. The ii-V-I progressions (Bb:min7 - Eb:9 - Ab:maj6) confirm Ab major as the key, and the Ab:7 chords moving to Db are a classic jazz technique of treating the tonic as a dominant of IV."
6026,C major,"The most prominent chord is C:maj, which appears at structural points with the longest duration (4.0s) and is repeatedly reinforced by clear V7–I cadences (G:7→C:maj). The chain A:9→D:min→G:9→G:7→C:maj forms a ii–V–I progression in C major, strongly establishing it as the tonic. The recurring F#:hdim7→B:7→E:min passages represent a tonicization of the iii chord (E minor) within C major, a common jazz technique."
4026,Eb major,"The chord sequence strongly centers on Eb major, with repeated I–V7 motion (Eb:maj – Bb:7) and the classic progression Eb:maj6 – Gb:dim7 – F:min7 – Bb:7 – Eb:maj, which is a I – #ii°7 – ii7 – V7 – I in Eb major. The middle section (G:min7 – C:min7 – F:7 – Bb:7) functions as a ii–V–I in Bb, reinforcing Bb as the dominant and Eb as the overall tonic."
483,E minor,"The chord sequence is heavily centered on E minor, which appears throughout as the most frequent chord. The presence of B7 (the dominant seventh) resolving to E minor is a strong indicator of E minor tonality, along with the supporting chords A minor (iv), G major (III), C major (VI), and D major (VII) — all diatonic to E natural/harmonic minor."
147,Eb major,"The chord sequence is strongly centered on Eb as the tonic, with Ab and Bb serving as the IV and V chords respectively—the classic I-IV-V in Eb major. These three chords appear most frequently throughout the sequence. The G:maj and C:maj chords are likely raised/major versions of what would normally be the III and VI (Gm and Cm) in Eb major, a common occurrence in rock and pop genres, while the occasional E:maj appears to be a chromatic passing chord or recognition error."
4353,Ab major,"The progression is built around a repeating jazz turnaround: Ab:maj6 (I) – C:min7 (iii) – F:7 (V7/ii) – Bb:min7 (ii) – Eb:7 (V7) – Ab:maj6 (I), which is quintessentially in Ab major. The middle section reinforces this with Db:maj6 (IV) and a return to Ab:maj6/5 via Eb:7 (V7), all functional harmony centered on Ab as the tonic."
416,C major,"The chord sequence features G:7 (V7) resolving to C as a consistent pattern throughout, firmly establishing C as the tonic. While the piece begins with C:min6 (suggesting parallel minor or modal mixture), it transitions clearly into C major territory with C:maj, C:maj7, D:min, and G:7—all diatonic to C major. The overall harmonic motion points to C major as the home key."
2371,F major,"The chord sequence centers around F major as the tonic, with strong cadential motion from C:7 (V7) to F:maj throughout. Diatonic chords such as G:min (ii), A:min (iii), Bb:maj (IV), and D:min (vi) all reinforce F major, while secondary dominants like G:7 (V7/vi), F:7 (V7/IV), and D:7 add color without displacing the overall tonal center of F major."
5795,C major,"The chord sequence revolves around C major as the tonic, with G:7 serving as the dominant seventh chord resolving to C. The presence of F:maj (IV) and D:7 (secondary dominant V/V) reinforces the C major tonality through classic functional harmony."
5726,G major,"The chord sequence is dominated by G:maj, C:maj, and D:maj chords, which form the classic I-IV-V progression in G major. The occasional Bb and Eb chords are borrowed chords (bIII and bVI) from the parallel minor, a common chromatic embellishment in pop/rock music. The tonal center of G is strongly reinforced throughout the sequence."
3142,C major,"The chord sequence is heavily centered on C major, featuring the classic I (C:maj), IV (F:maj), V7 (G:7), ii (D:min7), and iii (E:min7) chords that are all diatonic to C major. The repeated G:7 → C:maj resolutions strongly confirm C as the tonic. The F#:7 and Bb:maj are brief chromatic passing chords that don't disrupt the overall C major tonality."
3458,G minor,"The chord sequence is dominated by G:min as the tonic, with C:min (iv) and D:7 (V7) serving as the primary harmonic supports. The repeated V7-i cadences (D7 to Gm) and the overall prevalence of G minor as the resting point strongly confirm G minor as the key."
1105,F major,"The recurring progression G:min7 → C:7 → F:maj7 is a classic ii–V–I in F major, and F:maj7 serves as a stable resting point (appearing with up to 4.0s duration). The D:7 chords function as secondary dominants (V/ii), while the Bb:min7–Eb:7–Ab:maj7 sections represent modal interchange borrowed from F minor, and the D:min7–G:7–C:maj7 passages are a brief ii–V–I tonicization of the IV chord (C)—all common in jazz harmony centered on F major."
4756,Eb major,"The chord sequence is heavily dominated by Eb:maj as the tonic, with Bb:7 (V7), Ab:maj (IV), and F:min7 (ii) all functioning as diatonic chords in Eb major. There is a brief tonicization of G major (via A:min7 - D:7 - G:maj), but the music consistently returns to Eb major, making it the clear home key."
5009,Eb major,"The chord sequence is dominated by Eb:maj as the tonic, with Bb:maj and Bb:7 functioning as the V chord, F:7 acting as V/V (secondary dominant), and C:min7 as the vi chord. This is classic functional harmony centered on Eb major."
4822,Eb major,"The chord sequence is dominated by Eb:maj, with Ab:maj (IV) and Bb:7 (V7) as the primary supporting chords, forming a classic I-IV-V progression in Eb major. F:min7 functions as the ii chord, and G:min/b3 (Gm/Bb) is the iii chord in first inversion, all consistent with Eb major. The occasional D:7 and F#:dim7 are chromatic embellishments that do not disrupt the overall tonal center."
1792,C major,"The chord sequence is clearly centered on C major, with the tonic C:maj appearing frequently and supported by the classic V7–I motion (G:7 → C:maj) and the ii–V7–I progression (D:min7 → G:7 → C:maj). Secondary dominants like A:7 (V7/ii leading to D:min) and C:7 (I7 acting as V7/IV leading to F:maj) are characteristic embellishments within a C major framework."
3665,Bb major,"The sequence opens with a clear Bb major tonic (Bb:maj, Bb:maj7), moves through ii (C:min7) and V7 (F:7) back to Bb:maj, establishing Bb major firmly. Throughout the progression, D:7 functions as a secondary dominant (V7/vi) resolving to G:min (vi), and F:7 repeatedly serves as the dominant returning to Bb:maj6. The C#:dim7 and other chromatic chords are passing/secondary diminished chords common in jazz-inflected Bb major harmony."
3898,C major,"The chord sequence repeatedly features the classic C major cadential motion G:7 → C:maj7, with diatonic chords D:min7 (ii), F:maj (IV), and C:maj7 (I) appearing prominently throughout. The song also makes extensive use of secondary dominants (A:7 → D:min7 as V7/ii, E:7 → A:min as V7/vi), which are characteristic of C major harmony with tonicization of related chords."
3281,Bb major,"The chord sequence is dominated by Bb major, with Eb major (IV) and F7 (V7) as the primary supporting chords, forming a classic I-IV-V7 progression in Bb major. The brief G minor appearance functions as the relative minor (vi), further confirming Bb major as the tonic."
6633,A minor,"The chord sequence begins and ends on A minor, which also appears most frequently throughout. The chords G major (VII), C major (III), and E minor (v) are all diatonic to A Aeolian/natural minor, strongly supporting A minor as the tonic. The D major and D7 chords (a raised IV) are common modal mixture chords in minor-key songs, particularly in folk and pop styles."
2504,F major,"The chord sequence is dominated by F major and C7, which are the tonic (I) and dominant seventh (V7) chords in F major. The occasional appearance of Bb major reinforces F major as the tonic, as Bb is the IV chord in F major. This is a classic I-IV-V7 progression firmly establishing F major."
6425,C major,"The chord sequence is heavily centered on C major, with G:7 (the dominant seventh) and F:maj (the subdominant) serving as the primary supporting chords. There is a brief modal excursion to the relative A minor area (with E:7 and B:7 as secondary dominants), but the progression consistently returns to C:maj as the tonal center."
2525,Db major,"The chord sequence is strongly centered on Db major, which appears repeatedly as the tonic. The progression features classic functional harmony in Db major: Ab:7 (V7), Gb:maj (IV), Eb:min7 (ii), and Ab:7 (V7) all supporting Db as tonic. The Db:7 → Gb:maj moves suggest a blues influence (I7 → IV), and Bb:7 acts as a secondary dominant (VI7) leading to Eb:min7 (ii), further confirming Db major as the key."
389,G major,"The chord progression clearly revolves around G major as the tonic, with C major (IV) and D7 (V7) providing classic subdominant and dominant function. This I-IV-V7 pattern is repeated consistently throughout, firmly establishing G major as the key."
5758,G major,"G major is clearly the tonal center: G:maj has the longest cumulative duration (~22 seconds) and the progression Eb:7 → A:dim7 → D:7(b9) → G:maj appears three times as a classic jazz turnaround (using tritone substitutes and diminished chords) that firmly establishes G as the tonic. The A:7 → D:9 figure reinforces this as a II–V motion in G major, and the various dominant seventh chords (D:7, G:7) function as secondary dominants within the G major framework."
1348,F major,"The chord sequence is strongly centered on F major, with F:maj appearing most frequently as the tonic, C:7 serving as the dominant seventh (V7), and Bb:maj as the subdominant (IV). Secondary dominants such as D:7 (V7/ii) and G:7 (V7/V) are consistent with functional harmony in F major, and the ii chord (G:min/G:min7) further confirms this key."
5225,A major,"The chord sequence is dominated by A major (I), C# minor (iii), D major (IV), and E major (V) — the core diatonic chords of A major. The E:7 functions as a dominant seventh resolving to A, and the B:maj chord acts as a secondary dominant (V/V) leading to E. The A:7 moving to D is a classic blues-influenced subdominant motion, all consistent with A major as the tonic."
2367,G major,"The chord sequence is built around G, D, Em, and C — which are the I, V, vi, and IV chords of G major. The B:maj and A:maj chords appear as secondary dominants (V/vi and V/V respectively), which are common embellishments in G major. The consistent return to G as the tonal center confirms G major as the key."
6565,G major,"The chord sequence is strongly centered on G major, with G:maj appearing repeatedly and for long durations. The ii-V-I progressions (A:min7 → D:7 → G:maj) are clear hallmarks of G major, and the other chords (C:maj as IV, E:min as vi, B:7 and E:7 as secondary dominants) all fit neatly within the G major tonal framework."
201,Eb major,"The chord sequence is centered around Eb major, with the tonic Eb:maj appearing prominently and repeatedly throughout. The recurring F:min7 → Bb:7 is a classic ii–V in Eb major, and G:min7 → C:7 → F:min7 → Bb:7 outlines a ii-V/ii–ii–V chain also pointing strongly to Eb. Ab:maj (the IV chord) and Ab:maj/5 further reinforce Eb as the tonic, while the chromaticism (Ab:min7–Db:7, D:7(b9), etc.) represents secondary dominant excursions common in jazz harmony."
5693,F major,"The chord sequence is strongly centered on F major, with the tonic F:maj appearing frequently and prominently. The chords G:min (ii), Bb:maj (IV), C:7 (V7), D:min (vi), and A:min (iii) are all diatonic to F major, and the repeated progression F:maj → A:min → D:7(b9) → G:min7 → C:9 outlines a classic I–iii–VI7–ii7–V9 pattern in F, with secondary dominants adding color but ultimately resolving back to F."
877,F major,"The chord sequence is built around a classic I-IV-V progression in F major: F:maj (I), Bb:maj (IV), and C:7 (V7). The F:7 chord functions as a secondary dominant (V7/IV) leading to Bb:maj, a common blues/gospel device that reinforces F as the tonic."
3386,G major,"The chord sequence is heavily centered on G major, which appears most frequently and functions as the tonic. The D:7 chord repeatedly resolves to G:maj as a classic V7-I cadence, and secondary dominants like A:7 (V7/V), E:7 (V7/vi), G:7 (V7/IV), and B:7 (V7/vi) all point back to G major as the tonal center. The overall functional harmonic language is consistent with G major."
2548,C major,"The chord sequence is dominated by the alternating C:maj7 and G:sus4 pattern (I and V in C major), which repeats extensively at both the start and end of the progression. The D:7 → G:sus4/G:7 passage functions as a V/V → V → I resolution back to C:maj7, further confirming C major. The middle section (B:min7, E:7, A:maj7) appears to be a brief chromatic excursion before returning to the tonic."
3560,G major,"G:maj7 appears prominently and repeatedly as the tonic chord, with D:7 functioning as the V7 and A:min7 as the ii chord — all hallmarks of G major. The Eb:9 and Eb:7 chords are tritone substitutions for A7 (a common jazz device replacing the II7/V7 of D), and E:7(b9) acts as a secondary dominant (V7/vi) leading to A:min7. The C:min6 is a borrowed iv chord from the parallel minor, common in jazz harmony in G major."
6383,G major,"The progression is strongly centered on G major, with D:7 (V7) repeatedly resolving to G:maj (I), and supporting chords like C:maj (IV), E:min (vi), and A:7 (V7/V) all fitting naturally within G major. The song opens and closes on G:maj, further confirming G major as the tonic."
4280,C major,"The chord sequence revolves entirely around C, G, and F major chords, which are the I, V, and IV chords in C major. C major appears most frequently and for the longest durations, clearly establishing it as the tonic."
5832,Bb major,"The chord sequence is centered on Bb major, with prominent appearances of the I (Bb:maj7), ii (C:min7), iii (D:min7), IV (Eb:maj7), and V7 (F:7) chords. The D:7(#5) and G:7(#5) function as secondary dominants (V7/iii and V7/ii respectively), while the C#:dim7/Db:dim7 are chromatic passing diminished chords. The brief F:min7–Bb:7–Eb:maj7 digression is a ii–V–I tonicization of the IV chord, all consistent with Bb major."
1980,C major,"The chord sequence repeatedly returns to C:maj7 as a clear tonic, with numerous ii-V-I patterns in C major (D:min7→G:7→C:maj7, A:min7→D:7 as a secondary dominant). There is a brief digression to E minor/major (F#:min7b5→B:7→E:min7/E:maj7) in the middle section, but the progression consistently resolves back to C:maj7, confirming C major as the overall key."
1073,F minor,"The chord sequence repeatedly features G:min7(b5) → C:7(b9) → F:min7, which is a classic ii°7–V7–i progression in F minor. Supporting chords like Ab:maj7 (bIII), Db:maj7 (bVI), and C:min7 all fit naturally within F minor. The occasional F:maj7 likely represents a Picardy third or a chord recognition artifact at phrase endings."
1172,C major,"The progression is clearly centered on C major, with the tonic C:maj appearing frequently alongside its diatonic ii7 (D:min7) and V7 (G:7) chords. The Eb:dim functions as a chromatic passing chord (between C/E and D minor), and the various secondary dominants (A:7 as V7/ii, C:7 as V7/IV, D:7 as V7/iii) are common embellishments within C major jazz-style harmony."
2374,Eb major,"The chord sequence is strongly centered on Eb major, with Eb:maj functioning as the tonic (I), Ab:maj7 as the subdominant (IV), and Bb (V) providing dominant function. Secondary dominants like G:7 (V/vi resolving to C:min7) and F:7 (V/V resolving toward Bb) further confirm the Eb major tonal center, as does the frequent return to Eb:maj throughout the progression."
4237,C minor,"The chord sequence is overwhelmingly centered on C:min as the tonic, with F:min (iv) and G:min (v) serving as subdominant and dominant functions in natural/Aeolian minor. The Ab:7 chord functions as the ♭VI with a dominant seventh, a common chromatic color chord in minor keys. The C:7 near the end acts as a secondary dominant (V7/iv) leading to F:min6, further reinforcing C minor."
271,Eb major,"The chord sequence prominently features Eb:maj (I), F:min (ii), G:min (iii), Bb:7 (V7), C:min (vi), and Ab:maj (IV), all of which are diatonic to Eb major. The recurring Bb:7 → Eb:maj cadences strongly confirm Eb as the tonic, and secondary dominants like D:7 (V7/vi→G:min) and G:7 (V7/vi→C:min) are consistent with Eb major harmony."
149,F major,"The chord sequence is dominated by F major (I), Bb major (IV), and C7 (V7), which are the primary chords of F major. The secondary chords—A minor (vi), D minor (ii), and G minor7 (ii of C, functioning as part of a ii-V progression back to F)—all fit naturally within the F major diatonic framework. The repeated I-IV-I-V7 patterns strongly confirm F major as the key."
2785,C major,"The chord sequence is clearly centered on C major, with the recurring G:7/G:9 (dominant) resolving to C:maj6/C:maj7 (tonic) establishing a strong V–I relationship. Classic ii–V–I progressions (D:min7 → G:7 → C:maj) further confirm C major as the tonic, while the Eb:dim, Eb:9, and Ab:maj6 chords serve as chromatic passing or borrowed chords common in jazz-inflected harmony."
4861,Bb major,"The chord sequence centers heavily on Bb:maj as the tonic, with F:7 functioning as the dominant seventh (V7) and Eb:maj as the subdominant (IV), all characteristic of Bb major. Secondary dominants like G:7 (V7/vi) and C:7 (V7/F) add color but don't disrupt the overall Bb major tonality."
2285,D minor,"The chord sequence revolves around D:min as the tonic, with G:min (iv) and A:7 (V7) serving as the primary supporting harmonies. The A:7 resolving to D:min is a classic dominant-to-tonic motion in D minor, and the brief E:7 functions as a secondary dominant (V7/V) leading to A:7, further confirming D minor as the key."
2224,F minor,"The song centers on F:min7 as the tonic, with recurring ii-V-i progressions in F minor: G:hdim7 (ii∅7) → C:7/#5 (V7 altered) → F:min7 (i). The Db:7/9 chords function as bVI, a hallmark of minor key jazz harmony. The bridge briefly tonicizes Ab major (Bb:min7–Eb:7–Ab:maj7, the relative major) and C major (D:min7–G:9–C:maj7, the V of F minor), before returning to the F minor vamp."
630,C major,"The chord sequence is centered around C major, with the predominant chords being C:maj, G:7 (dominant seventh), D:min, A:min, and E:min — all diatonic to C major. The sequence repeatedly resolves with G:7 to C:maj (V7–I cadences), and the final chord is C:maj. Chromatic chords like Db:dim and Ab:7 function as passing or secondary diminished chords within the key."
5263,Eb major,"The chord sequence is dominated by Eb:maj, with Ab:maj and Bb:maj/Bb:7 serving as the IV and V chords respectively, forming a clear I-IV-V pattern in Eb major. The frequent return to Eb:maj as a tonal center and the functional dominant-tonic relationships (Bb7 resolving to Eb) confirm Eb major as the key."
2500,C major,"The chord sequence is built around C major (I), G7 (V7), and F major (IV), which are the primary chords of C major. The G7 repeatedly resolves to C major, confirming C as the tonic. The C7 and A major appear briefly as secondary dominants (leading to F and D minor respectively), which is common chromatic color in C major."
5709,F major,"The chord sequence is centered on F major, with frequent returns to F:maj as a tonic. The diatonic chords Dm, Bb, Gm, and C7 (vi, IV, ii, V of F major) are all present, and the final cadence of C9 → F:maj confirms F as the tonic. Secondary dominants like A7→Dm and E7→Am are typical embellishments within an F major context."
1536,G major,"The chord sequence repeatedly features the ii7-V7-I progression Am7-D7-Gmaj, which is a strong indicator of G major as the tonic. Secondary dominants such as B7 (V7/vi leading to Em), A7 (V7/V leading toward D), and G7 (V7/IV leading to C) all function as tonicizations within a G major framework. The overall harmonic motion consistently resolves back to G major as the tonal center."
4036,C major,"The chord sequence is clearly centered on C major, with C:maj7 appearing repeatedly as the tonic chord. Classic jazz functional progressions in C major are present throughout: ii-V-I (D:min7 - G:7 - C:maj7), secondary dominants (A:7 leading to D:min7, C:7 leading to F:maj7), and a passing C#:dim7 between C and D:min7, all hallmarks of jazz harmony in C major."
1833,F major,"The chord sequence strongly centers on F major, with the repeated pattern of F:maj, Bb:maj (IV), G:min7 (ii), and C:7 (V7) resolving back to F:maj being the clearest indicator. The Bb:min (borrowed iv) and Ab:dim are common chromatic embellishments in F major. The middle section uses secondary dominants (A:7→D, G:7→C:7) that all function within the F major framework."
5328,D major,"The chord sequence strongly centers on D major, with D:maj (I), B:min (vi), E:min7 (ii), and A:7 (V7) all being diatonic to D major. The E:hdim7 is likely a chromatic passing chord or a chord recognition error, but the overall harmonic pattern clearly outlines a I–vi–ii–V progression in D major."
2339,Bb major,"The chord sequence is strongly centered on Bb major, with Bb:maj as the clear tonic. The recurring pattern of Bb (I), C:min (ii), and F:7 (V7) is a classic ii-V-I progression in Bb major, and the occasional Eb:maj (IV) and C:7 (V/V secondary dominant) further confirm Bb major as the key."
4998,F major,"The chord sequence is dominated by the classic ii-V-I progression in F major: Gm7 (ii7) → C9 (V9) → Fmaj7/Fmaj9 (I), which recurs multiple times. Secondary dominants appear (A7→Dm and G7→C), which are standard functional substitutions within F major. The Bb:maj7 (IV) and Bb:min6 (borrowed iv) further reinforce F as the tonal center."
943,Eb major,"Eb (in both power-chord and full major form) is by far the most frequently occurring and longest-duration chord throughout the sequence, accounting for roughly 20+ seconds of the 60-second clip. Supporting diatonic chords Ab:maj (IV) and Bb:maj (V) reinforce Eb as tonic. The recurring B:maj can be interpreted as the enharmonic Cb major (♭VI borrowed from the parallel Eb minor), Gb:maj as ♭III from the parallel minor, and the C-F-G-C passage as a brief digression to the natural VI area, all consistent with the heavy modal mixture typical of rock/metal harmony centered on Eb major."
6635,Eb major,"The chord sequence is strongly centered on Eb major: Eb:maj functions as the tonic (I), F:min as the supertonic (ii), Bb as the dominant (V), and Ab:maj as the subdominant (IV), all diatonic to Eb major. The Db:maj/Db:7 chords are borrowed flat-VII chords, a common chromatic addition in this key, while F:min7 reinforces the ii chord, further supporting Eb major as the tonal center."
700,G major,"The chord sequence is dominated by G major, C major, and D major, which are the I, IV, and V chords of G major. The presence of A major (acting as a secondary dominant V/V) and D7 further reinforces G major as the tonal center."
3156,F major,"The chord sequence strongly centers on F major, with F:maj7 appearing repeatedly as the tonic chord, G:min7 as the ii, C:7 as the V7, and Bb:maj7 as the IV — all diatonic to F major. The D:7 → G:min7 motion is a secondary dominant (V7/ii), and the chain A:7 → D:7 → G:7 → C:7 → F:maj7 is a classic circle-of-fifths progression of secondary dominants resolving back to the tonic F."
2628,E major,"The chord sequence is dominated by a repeating E–A–D–G cycle, with E clearly functioning as the tonic. In a rock/blues context, the pattern I–IV–♭VII–♭III (E, A, D, G) is extremely common. The later appearances of E:7 (a blues I7), followed by C major (♭VI) and D major (♭VII) leading back to E major, further confirm E as the tonal center."
1810,C major,"The chord sequence revolves around C major and G major (I and V in C major), with F major (IV) and D major (V/V, a secondary dominant) also appearing. The presence of F natural (rather than F#) rules out G major as the key. The progression consistently returns to C major, confirming it as the tonic."
4164,D major,"The chord sequence is dominated by D major and A7, which are the tonic (I) and dominant seventh (V7) chords in D major. The G major chord also appears briefly, serving as the subdominant (IV) in D major. This classic I-IV-V7 harmonic framework strongly confirms D major as the key."
5609,Db major,"The chord Db:maj appears most frequently and prominently throughout the progression. The classic ii-V-I pattern in Db major is evident (Eb:min7 → Ab:7 → Db:maj), strongly confirming Db as the tonic. The other chords (Bb:7, F:7, A:7) function as secondary dominants tonicizing various scale degrees, which is typical of jazz harmony in this style."
2171,G major,"The chord sequence clearly centers on G major as the tonic, with D:7 functioning as the dominant (V7) and recurring resolutions to G:maj. The pattern G - G7 - C:maj - C:min7 is a classic move in G major, where G7 acts as a secondary dominant (V7/IV) leading to C (IV), and C:min7 is a borrowed chord from the parallel minor. Chords like A:min7 (ii), B:min7 (iii), E:min (vi), and D:7 (V7) all fit naturally within the G major diatonic framework."
4015,G major,"The chord sequence is centered firmly on G major, with repeated ii-V-I progressions (Am7 - D7 - Gmaj7) and a IV chord (C:maj7). The G#:dim7 is a chromatic passing diminished chord between G and Am, a common jazz device in G major. The tonic G:maj7 appears most prominently and consistently throughout."
5765,Eb major,"The chord sequence is heavily centered on Eb major, with frequent appearances of Eb:maj as the tonic chord. The other chords (Ab:maj, Bb:7, C:min, F:min, G:min) all function as diatonic or closely related chords in Eb major (IV, V7, vi, ii, iii respectively). The Bb:7 acting as the dominant seventh chord repeatedly resolving to Eb:maj confirms Eb major as the key."
774,F major,"The chord sequence is overwhelmingly centered on F major, with C:7/C:9 serving as the dominant (V7) chord repeatedly resolving back to F. Additional chords like Bb:maj (IV) and G:min (ii) further confirm F major as the tonic, making this a clear I–V7 based progression in F major."
5533,F minor,"The chord sequence repeatedly centers on F:min7 as the tonal home, with classic ii-V-i progressions in F minor: G:min7(b5)→C:7→F:min7 and D:min7(b5)→G:7(b9)→C:7(b9)→F:min7 (acting as ii/V→V→i). The bVI (Db:maj7), bIII (Ab:maj7), and iv (Bb:min7) chords are all diatonic to F minor, confirming F minor as the tonic despite a brief tonicization of Bb minor in the middle section."
66,F major,"The chord sequence is heavily centered on F major as the tonic, with C:7 functioning as the dominant (V7) and Bb:maj as the subdominant (IV). The G:7 acts as a secondary dominant (V7/V), and the F:7 → Bb:maj move is a classic blues/jazz subdominant approach. The sequence resolves back to F:maj repeatedly, confirming F major as the key."
6238,C major,"The chord sequence repeatedly features G7 resolving to C:maj, establishing a clear V7-I relationship with C as the tonic. Supporting diatonic chords include A:min (vi) and D:9 (V/vi as a secondary dominant). The sections featuring Bb:min9 - Eb:9 - Ab:maj represent a ii-V-I cadence in Ab (a chromatic excursion), and the C:min6 chords reflect use of parallel minor (modal mixture), which is common in jazz/R&B harmony—but the persistent G7 → C cadential motion anchors the piece in C major."
5577,G major,"The chord sequence is clearly centered on G major, which appears as the most frequent chord and functions as the tonic. D:7 serves as the dominant (V7) resolving to G, and A:7 acts as a secondary dominant (V7/V). The other chords (A:min7, B:7, E:7, G:dim) are consistent with secondary dominants and diatonic/chromatic embellishments within G major."
3971,E major,"The chord sequence is dominated by E major, with prominent appearances of A major (IV) and B7 (V7), forming a classic I-IV-V progression in E major. The E7 chord is typical of blues-influenced music and acts as a secondary dominant to A, but the overall tonal center is clearly E major."
3773,F major,"The chord sequence repeatedly features the classic F major progression: F:maj (I), D:7 (VI7/secondary dominant to ii), G:min7 (ii7), and C:7 (V7), with Bb:maj (IV) also appearing. There is a brief tonicization of A major in the middle section (E:7, A:maj), but the song clearly centers on F major throughout, with the main progression returning multiple times."
3347,F major,"The chord sequence is dominated by F major (I), Bb major (IV), and C7 (V7), which are the primary diatonic chords in F major. The G7 chord functions as a secondary dominant (V7/V) leading to C7, a common harmonic device in F major. The overall progression strongly reinforces F as the tonic."
5537,C major,"The chord sequence is firmly centered on C major, with repeated I-ii7-V7 progressions (C:maj - D:min7 - G:7/G:9) and clear subdominant motion to F:maj (IV). Secondary dominants like D:7 (V7/ii) and chromatic passing chords like Eb:dim and F#:dim are typical embellishments in C major. The frequent return to C:maj as a point of rest confirms C as the tonic."
5080,Eb major,"The chord sequence is heavily centered on Eb major, with Ab major (IV) and Bb7 (V7) as the primary supporting chords. This classic I-IV-V7 pattern in Eb major is consistent throughout the entire progression, confirming Eb major as the key."
1128,Bb major,"The chord sequence is centered around Bb major, with the primary chords being Bb:maj (I), Eb:maj (IV), F:maj/F:7 (V), D:min (iii), and G:min (vi), all diatonic to Bb major. G:7 functions as a secondary dominant (V7/vi) leading to G:min, and D:7 acts as V7/vi within that tonicization, while C:7 serves as a II7 chord — all common secondary dominants in a Bb major context."
5973,Eb major,"The chord sequence repeatedly centers on Eb:maj as the tonic, with Bb:7 functioning as the dominant (V7) and Ab:maj as the subdominant (IV). Secondary dominants like C:7 (V7/ii leading to F:min) and G:7 (V7/iii or V7/vi) add color but consistently resolve back to Eb-based harmony, confirming Eb major as the key."
802,Bb major,"The chord sequence is built around a classic Bb major framework: Bb (I), C minor (ii), F7 (V7), and Eb (IV). The G7 chord acts as a secondary dominant (V7/ii) leading to C minor, and the E diminished chord (E, G, Bb) functions as a leading-tone diminished chord to F, reinforcing the dominant. The repeated I–ii–V7–I cadences firmly establish Bb major as the tonic."
2879,F major,"The chord sequence is centered on F:maj and C:7 (the dominant seventh of F), which appear most frequently and at structurally important positions including the beginning and end. Secondary dominants like G:7 (V7/V), A:7 (V7/ii), and F:7 (V7/IV leading to Bb:maj) all function as typical chromatic embellishments within F major. The overall harmonic language is strongly functional and clearly oriented around F as the tonic."
4050,F major,"The chord sequence is dominated by F major, Bb major, and C7, which are the I, IV, and V7 chords in F major. The G major chord is a secondary dominant (V/vi or used as a chromatic passing chord), which is common in F major. The strong tonic-subdominant-dominant motion confirms F major as the key."
2266,G major,"The chord sequence is dominated by chords that fit neatly into G major: G:maj7 (I), C:maj7 (IV), D:7 (V7), A:min7 (ii), E:min7 (vi), and F#:hdim7 (vii°). The B:7 functions as a secondary dominant (V7/vi) resolving to E:min7, a common embellishment in G major. The final shift to E:maj7 and A:maj7 may indicate a brief tonicization or modulation near the end of the clip, but the overwhelming bulk of the progression firmly establishes G major."
1500,Bb major,"The chord sequence is firmly centered on Bb major, with the recurring I–I7–IV–iv–I–V7–I progression (Bb–Bb7–Eb–Ebm–Bb–F7–Bb) as the main theme. The secondary chords (Gm7, Cm7, F7) function as vi–ii–V in Bb major, and the circle-of-fifths sequence (D7–G7–C7–F7) acts as a chain of secondary dominants resolving back to Bb."
2692,Eb major,"The chord sequence strongly centers on Eb major, with Eb:maj appearing as the clear tonic and supported by diatonic chords including F:min (ii), G:min (iii), Ab:maj (IV), Bb:7 (V7), and C:min (vi). Secondary dominants like G:7 (V7/vi leading to C:min) and B:dim (vii°/vi) reinforce Eb major, as do typical jazz/blues moves like Eb:7 resolving to Ab:maj (I7→IV). The E:dim and Db:7 are chromatic embellishments common in this style."
5273,F major,"The chord sequence strongly centers on F major, with repeated ii-V-I progressions (G:min7 - C:7 - F:maj) being the backbone of the song. Secondary dominants like A:7 leading to D:min and E:7 leading to A:min are typical of jazz-influenced harmony within F major, adding chromatic color without departing from the overall tonal center."
5982,G minor,"The sequence is heavily centered on G minor as the tonic, with D:7 functioning as the dominant seventh chord resolving repeatedly to G:min. Supporting chords like C:min (iv), Bb:maj (III), A:dim (ii°), and F:7 (VII7) all fit naturally within the G natural/harmonic minor scale, confirming G minor as the key."
1407,A major,"The chord sequence is dominated by A major, D major, and E major, which are the I, IV, and V chords of A major. The E:7 chord serves as the dominant seventh reinforcing A as the tonic, and the F:min chords are likely F# minor (vi in A major) mislabeled by the chord recognizer. The B:7 is a secondary dominant (V7/V) also consistent with A major."
1078,Bb major,"The chord sequence is centered around Bb:maj as the tonic, with F:7 functioning as the dominant (V7) and Eb:maj as the subdominant (IV), both classic pillars of Bb major. Supporting chords like C:min (ii), G:min7 (vi7), and C:7 (V7/V) all fit naturally within the Bb major tonality, confirming this key."
5025,C major,"The chord sequence is dominated by clear ii-V-I progressions in C major: D:min7 - G:(dominant) - C:maj/C:maj7/C:maj6, which appear repeatedly throughout. The A:7(b9) acting as a secondary dominant (V7/ii) resolving to D:min, and G:7(b9) resolving to C:maj7 are characteristic of jazz harmony in C major. The F:min7 is a borrowed subdominant minor chord (iv) from C minor, a common modal mixture device in jazz."
2278,D major,"The chord sequence is dominated by D:maj, A:maj, B:min, and G:maj, which correspond to the I, V, vi, and IV chords in D major — one of the most common progressions in popular music. The occasional D:min chord represents a brief modal mixture (borrowed chord) but does not override the strong D major tonality established throughout."
2631,D major,"The progression repeatedly cycles through D:maj - F:hdim7 - E:min7 - A:7 - D:maj, which is a jazz-style chromatic approach (I - chromatic passing chord - ii7 - V7 - I) firmly centered on D major. The E:min7 as ii and A:7 as V7 resolving to D:maj are strong indicators, and even the digression through F#:maj and C#:7 (a brief tonicization of F#, the III of D) returns to the same D-centered progression."
4906,G minor,"The sequence opens and strongly establishes G minor with G:min7 as the tonic, C:min7 as the iv chord, D:7 as a clear V7, and Eb:7 as the VI7 — all diatonic functions in G minor. The chord G:min6 appears repeatedly for an extended duration (11 seconds total), further cementing G minor as the tonal center. The later section with F:min7/Bb:7/Eb:7/Bb:min7 appears to be a modulating passage, but the overall harmonic weight points to G minor."
1206,C major,"The chord sequence strongly centers on C major, with the classic ii7-V7-I progression (Dm7-G7-Cmaj) appearing repeatedly throughout. The G:7 acts as the dominant seventh resolving to C:maj, and the C#:dim serves as a chromatic passing chord. The D:7 functions as a secondary dominant (V7/V) leading back to G7, all consistent with C major tonality."
717,C major,"The chord sequence is dominated by C major (the tonic) and G7 (the dominant seventh), which is the classic I–V7 relationship in C major. The brief appearance of D7 functions as a secondary dominant (V/V), further reinforcing C major as the tonal center."
728,F major,"The chord sequence is centered on F major, with F:maj as the tonic and C:7 as the dominant seventh appearing frequently throughout. The ii-V-I progressions (G:min7 - C:7 - F:maj) and secondary dominants (D:7 as V/ii, D:9 as V/ii) are all consistent with F major. The chain of B:min7 - E:7 - A:min7 - D:7 - G:7 - C:7 near the end is a classic jazz turnaround of sequential ii-V's ultimately resolving back to F."
4889,G minor,"The chord sequence strongly centers on G minor, with D:7 (V7) repeatedly resolving to G:min, A:hdim7 functioning as the ii° chord leading to D:7, and C:min serving as the iv chord. The appearances of Bb:maj and F:7→Bb:maj represent brief tonicizations of the relative major, which is very common in G minor jazz/classical contexts."
5819,C major,"C major is strongly established throughout the progression. The frequent C:maj chords, the ii-V-I patterns (D:min7 → G:7 → C:maj), and the overall tonal center all point to C major. Secondary dominants (A:7, D:7, E:7) and the G:aug chord (a chromatic embellishment of the dominant) are common jazz-style decorations within a C major framework."
2370,C major,"The chord sequence is centered around C major, with the dominant G:7 resolving repeatedly to C:maj, and F:maj serving as the subdominant. The chromatic elements like C:aug and F:min (borrowed from the parallel minor) are common embellishments within a C major framework."
6274,C minor,"The chord sequence prominently features C minor, Eb major, Bb major, F minor, and Ab major — all diatonic to C minor (i, bIII, bVII, iv, bVI). The recurring progression C:min → Eb:maj → Bb:maj → F:min strongly suggests C minor as the tonal center, with C minor appearing as the clear point of departure and return throughout the sequence."
2945,C major,"The chord sequence is centered on C major as the tonic, with G:7 functioning as the dominant seventh (V7→I), D:min as the supertonic (ii), and A:min7 as the submediant (vi). The D:7 acts as a secondary dominant (V7/V), and F:min6 is a borrowed iv chord from C minor, which is a common chromatic inflection in C major pieces."
1901,C major,"The chord sequence is dominated by C major, with diatonic chords including D minor, E minor, F major, and G major (with occasional G7), all of which are native to the C major scale. C major appears most frequently and functions as the clear tonal center throughout."
2526,Eb major,"The chord sequence is anchored by the I–IV–V7 framework of Eb major: Eb:maj7 (I), Ab:maj7 (IV), Bb:7 (V7), and F:min7 (ii). The frequent G:7 → C:min motion represents a secondary dominant (V7/vi) tonicizing the vi chord (C minor), while A:hdim7 → D:7 → G:min represents secondary dominant activity around the iii chord (G minor). Despite this chromatic color, the overall tonal center is clearly Eb major."
297,C major,"The chord sequence features the classic circle-of-fifths motion Am–Dm7–G7–C7–F–Bb, which is a hallmark of C major in Latin/jazz harmony (vi–ii–V–I–IV–bVII). A strong indicator is the passage Db:7→C:7(b9)→C:maj, where Db7 functions as a tritone substitution for G7, clearly resolving to C as the tonic. The A:7 chords function as secondary dominants (V/ii) leading to Dm, reinforcing the ii chord within C major rather than establishing D minor as an independent center."
6488,Eb major,"The chord sequence is dominated by Eb:maj (I), Bb:7 (V7), and F:min7 (ii7), which are the primary functional chords in Eb major. The frequent V7→I motion (Bb:7→Eb:maj) and use of C:7 as a secondary dominant (V7/ii) further confirm Eb major. There is a brief modulation to Eb minor in the middle section (bridge), but the song clearly centers on Eb major overall."
2894,G major,"The chord sequence revolves entirely around G major, C major, and D7, which are the I, IV, and V7 chords in G major. The G7 chords function as secondary dominants (V7/IV) leading to C major, a common blues/country pattern. G major is clearly the tonic with D7 serving as the dominant."
3354,F major,"The chord sequence repeatedly cycles through F major, D minor 7, Bb major 9, and C major, which are the I, vi, IV, and V chords in F major. This classic I-vi-IV-V progression strongly establishes F major as the tonic."
1817,Eb major,"The chord sequence is dominated by Eb:maj6 (tonic, I), Bb:7 (dominant, V7), and Ab:maj (subdominant, IV) — the three primary chords of Eb major. The F#:dim (enharmonically Gb dim) functions as a chromatic passing/leading chord into the Bb7, reinforcing the dominant function. The repeated V7–I cadences (Bb7 → Eb) confirm Eb major as the tonal center."
3034,Eb major,"The chord sequence revolves almost entirely around Eb major, C minor, and Ab major, which are the I, vi, and IV chords in Eb major. Eb major is strongly established as the tonic by its frequent and longer duration appearances throughout the sequence."
1136,Bb major,"The chord sequence strongly centers on Bb major, with the classic I (Bb:maj) - ii7 (C:min7) - V7 (F:7) - I progression repeated multiple times. The Bb:7 → Eb:maj movement is a typical blues-influenced I7→IV move in Bb major, and the C:7 functions as a secondary dominant (V7/V). The G:min7 is the vi chord, all consistent with Bb major."
1654,A minor,"The chord sequence alternates predominantly between A minor and E major, which is a classic i-V relationship in A minor. The E major chord functions as the dominant (V) in A minor, with the raised third (G#) acting as the leading tone, strongly implying A minor as the tonic."
4617,D minor,"The chord sequence strongly centers on D minor as the tonic, with frequent returns to D:min and A:maj acting as the dominant (V) chord drawn from the harmonic minor scale. F:maj (III) and Bb:maj (VI) are diatonic to D natural minor, while G:maj (instead of G minor) suggests a slight Dorian influence or a borrowed chord, but the overall tonal center is unambiguously D minor."
920,G major,"The chord sequence is firmly rooted in G major, with G:maj appearing as the primary tonic chord. The progression features a classic chain of secondary dominants moving through the circle of fifths: E:7 → A:7 → D:7 → G:maj, which is a hallmark of jazz/swing harmony in G major. The G:7 → C:maj movement further confirms G as the tonic, with C functioning as the IV chord."
5543,Bb major,"The chord sequence is dominated by Bb:maj (I), Eb:maj (IV), and F:7 (V7), which are the primary diatonic chords of Bb major. The C:7 functions as a secondary dominant (V/V) leading to F:7, and the occasional C#:dim (enharmonically Db:dim) acts as a passing diminished chord, all consistent with Bb major tonality."
3504,C major,"The chord sequence repeatedly features the classic ii-V-I progression in C major (Dm7 - G7 - C:maj), with F:maj as the IV chord and F:min as a borrowed iv chord—both common in C major songs. The middle section contains a chain of secondary dominants (E7 - A7 - D7 - G7) that leads back to C, further confirming C major as the tonic."
5727,A minor,"The progression is anchored firmly in A minor, with the recurring Am (with descending bass line) → Fmaj7 → Dm7 → Bø7 → E7 pattern, all diatonic to A minor. The B half-diminished chord is the ii° and E7 is the dominant (V7) of A minor. The brief modulating passage (Ab:min7 → Db:7 → Gb:maj7 → Gm7 → C:7 → Fmaj7) appears to be a jazz-style chromatic excursion before returning to the A minor framework."
708,C major,"The progression is centered firmly on C major, with C as the most frequent and structurally prominent chord. Classic secondary dominants appear throughout (C7→F, D7→G7→C, E7→Am7), all functioning within a C major tonal framework. The repeated I–IV–vi–ii–V–I cadential patterns confirm C major as the key."
2140,C major,"The chord sequence repeatedly centers on C:maj6 as the tonic, with the classic G:7→C:maj6 cadence (V7→I in C major) appearing multiple times. The other chords function as secondary dominants and ii-V progressions within C major: B:min7(b5)→E:7→A:min7 is a ii-V-i to the vi chord, D:min7→G:7 is ii7-V7 in C, and E:7→A:min7 and D:7 act as secondary dominants, all consistent with a jazz-style C major framework."
4440,C major,"The chord sequence is heavily centered on C major, with G:7 (the dominant seventh) resolving repeatedly to C:maj, and D:min7 functioning as ii7 in C major. The C:7 near the end acts as a secondary dominant (V7/IV) leading to the concluding F:maj chord, which is the IV chord in C major — all consistent with C major tonality."
2462,C major,"The progression repeatedly begins and returns to C:maj, with strong tonic-dominant (C-G) and tonic-subdominant (C-F) motion throughout, anchoring the key of C major. The ii-V-I in C (D:min7 - G:7 - C:maj) further confirms this. The brief excursion through F#:min7 - B:7 - E:maj7 represents a temporary tonicization of E major before returning to C major."
3449,F major,"The chord progression is built around F:maj as the tonic, with C:7 (V7) and Bb:maj (IV) as the primary supporting chords, and G:min7 (ii7) also appearing regularly—all hallmark functional chords in F major. The F:7 chords serve as secondary dominants leading to Bb:maj (IV), a common blues-influenced move within F major. The brief bridge section with A:7, A:min7, D:7, G:7, and G:min7 represents a secondary dominant chain that resolves back to C:7 and ultimately F major."
6379,F major,"The chord sequence is built primarily around F major (I), Bb major (IV), C7 (V7), and D minor (vi) — all diatonic to F major. The A major chord functions as a secondary dominant (V/vi) resolving to D minor, which is a common embellishment in F major. The repeated I-IV-V7-I progressions strongly confirm F major as the tonic."
2300,C major,"The chord sequence is dominated by the repeating pattern C - F - D - G, which centers strongly on C major. C functions as the tonic (I), F as the subdominant (IV), G as the dominant (V), and D major acts as a secondary dominant (V/V) or a raised II chord—common in rock and pop contexts. The frequent return to C and the V-I (G to C) motion confirm C major as the key."
3015,A minor,"The chord sequence is dominated by A minor (i) and D minor 7 (iv), which together account for the majority of the duration. Supporting chords like F major 7 (VI), C major 7 (III), and E major 7 (V, the harmonic minor dominant) all fit naturally into A minor. The Eb and D major chords appear to be chromatic passing chords or recognition artifacts."
3731,C major,"The chord sequence is strongly centered on C major, with the tonic C:maj appearing frequently alongside the dominant G:7 and subdominant F:maj — all core diatonic chords in C major. Secondary dominants like E:7 (V7/vi) and D:7 (V7/V) further reinforce C as the tonal center, and the recurring cadential pattern D:min7 → G:7 → C:maj confirms C major as the key."
6467,Eb major,"The song opens with a clear Eb major progression: Eb (I), Fmin7 (ii), Bb7 (V7), and Abmaj7 (IV), spending approximately the first 30 seconds firmly in Eb major. The song then modulates upward by half steps through E major (F#min7–B7–Emaj7) and then toward F/F minor (Fmaj7, Ghdim7, C7b9), a common jazz ascending modulation device. Since the bulk of the song is anchored in Eb major and the modulations appear to be secondary key areas or bridge sections, Eb major is the primary key."
6479,Db major,"The chord sequence is heavily centered on Db:maj as the tonic. The B:maj (enharmonically Cb major) functions as the bVII chord, Gb:maj as IV, and Ab:maj as V — all diatonic or closely related to Db major. The E:maj chords are likely chromatic or enharmonic mislabelings by the recognizer, but the overall harmonic gravity firmly points to Db major."
1879,C major,"The chord sequence is dominated by C:maj, G:maj, A:min, D:min, and F:maj, all of which are diatonic to C major (I, V, vi, ii, IV). The D:maj chords function as a secondary dominant (V/V) and E:maj as V/vi, both common chromatic embellishments in C major. The sequence begins and ends on C:maj, further confirming C major as the tonic."
1616,Eb major,"The chord sequence frequently returns to Eb:maj (I), features Bb:maj7/Bb:7 (V), Ab:maj (IV), C:min7 (vi), and F:7 (V7/V), all of which are diatonic or secondary-dominant functions in Eb major. The Bb:7 → Eb:maj motion confirms Eb as the tonic, and the song both begins and ends on Eb:maj, reinforcing this key center."
5816,C major,"The chord sequence revolves around C major, G major, and F major, which are the I, V, and IV chords of C major respectively. The C major chord appears most frequently and for the longest durations, confirming it as the tonic."
5424,Bb major,"The chord sequence is firmly rooted in Bb major, with Bb:maj as the tonic (I), Eb:maj as the subdominant (IV), F:7 as the dominant seventh (V7), and C:7 functioning as the secondary dominant (V7/V). The brief appearance of Bb:7 is characteristic of a blues-influenced style where the tonic chord is played as a dominant seventh, further confirming Bb major."
4925,C major,"The chord sequence is clearly centered on C major, with the I (C:maj), IV (F:maj), and V7 (G:7) chords dominating throughout. The brief appearance of C:7 and D:7 are typical secondary dominant embellishments, and the overall harmonic pattern strongly confirms C major as the tonic."
3496,Bb major,"The chord sequence is heavily centered on Bb:maj as the tonic, with F:7 functioning as the dominant seventh (V7), Eb:maj as the subdominant (IV), G:min as the relative minor (vi), and C:7 leading back to F:maj (ii7–V). Secondary dominants like D:7 (V7/vi) and Bb:7 (V7/IV) further confirm Bb major. The repeated I–V7–IV–vi progressions and overall harmonic vocabulary strongly point to Bb major."
3374,C minor,"The chord sequence repeatedly features C:min7 as a tonal center, with D:hdim7 (ii∅7 in C minor), Db:maj7 (Neapolitan/bII), F:7 (iv area), and Eb:7 (bIII). The D:hdim7 (D-F-Ab-C) is particularly characteristic as the ii∅7 in C minor. The recurring resolution back to C:min7 confirms C minor as the tonic."
163,Eb major,"The chord sequence is dominated by Eb:maj (I), Ab:maj (IV), and Bb:7 (V7), forming a classic tonic-subdominant-dominant progression in Eb major. The brief D:7 and G:min/G:maj section appears to be a chromatic excursion or secondary dominant tonicization, but the song consistently returns to Eb major harmony, confirming Eb major as the key."
3187,F major,"The chord sequence revolves around F major as the tonic, with C7 functioning as the dominant (V7), G minor7 as the supertonic (ii7), and Bb major as the subdominant (IV). The F7 chord appears as a secondary dominant (V7/IV) leading to Bb major, a common move in F major. All chords fit neatly into a classic F major harmonic framework."
1574,C major,"The chord sequence strongly centers on C major, with G:7 functioning as V7 resolving to C:maj, and F:maj serving as the IV chord. The recurring pattern of E:7 → A:min is a classic secondary dominant (V7/vi → vi) within C major, and D:7 acts as V7/V. The frequent returns to C:maj as a tonal center confirm C major as the key."
3273,F major,"The chord sequence revolves around F:maj7 as the tonic (I), with G:min7 (ii), A:min7 (iii), Bb:maj7 (IV), and C:7 (V7) all being diatonic to F major. The recurring D:7(b9) → G:min7 motion is a secondary dominant (V7/ii) resolving to the ii chord, a common jazz/soul embellishment. The transient Ab:9 and G:7 chords appear as chromatic passing chords in a brief contrasting section but don't override the strong F major tonality established throughout."
3709,Bb major,"The chord sequence is built around the classic I-vi-ii-V progression in Bb major: Bb:maj7 (I) - G:min7 (vi) - C:min7 (ii) - F:7 (V), which repeats throughout the song. The secondary section (F:min7 - Bb:7 - Eb:maj7) represents a brief tonicization of Eb (the IV), a common jazz substitution, before returning to the home key via D:min7 - G:min7 - C:min7 - F:7."
5152,Bb major,"The chord sequence clearly centers on Bb major, with the primary chords being Bb (I), Eb (IV), and F/F7 (V/V7), which are the classic tonic, subdominant, and dominant chords of Bb major. The C7 functions as a secondary dominant (V7/V) leading to F, further confirming Bb major as the key."
5873,G major,"The chord sequence is centered on G major, with G:maj as the tonic and D:7 (V7) as the dominant, appearing repeatedly throughout. C:maj (IV) and G:7 (acting as V7/IV) further confirm G major tonality, while A:7 functions as a secondary dominant (V7/V or V7/ii), all consistent with a G major framework."
3447,Bb major,"The chord sequence heavily features Bb major (I), Eb major (IV), C minor 7 (ii7), and F dominant (V), which are the core diatonic chords of Bb major. The recurring D7(#5)/F#dim → G minor pattern represents a secondary dominant progression (V7/vi → vi), a very common device in Bb major. The closing Bb major and C minor 9 further confirm Bb as the tonic."
1501,G minor,"The chord sequence revolves around G:min as the tonic, with C:min (iv) and D:7 (V7) being the other primary chords—all diatonic to G harmonic minor. The B:maj chords are likely Bb major (III in G minor) mislabeled enharmonically by the chord recognizer, and F:7 functions as VII7, a common chord in minor keys. The repeated V7 (D:7) to i (G:min) cadences confirm G minor as the key."
3453,F major,"The chord sequence is built entirely around F major, Bb major, and C7, which are the I, IV, and V7 chords in F major. These are classic tonic, subdominant, and dominant functions that strongly establish F major as the key."
6085,D major,"The chord sequence is centered on D major, with G major (IV) and A7 (V7) as the primary supporting chords. This I-IV-V7 progression is a classic indicator of D major, and D:maj appears most frequently and with the longest durations throughout the sequence."
3958,C major,"The chord sequence strongly centers on C major, with C:maj appearing frequently as the tonic (I), G:7 as the dominant (V7), D:min7 as the supertonic (ii7), and F:maj as the subdominant (IV). The A:7 chords function as secondary dominants (V7/ii) resolving to D:min7, while B:7 acts as V7/iii pointing toward E:min7. The F:min is a borrowed chord (iv) from the parallel minor, a common embellishment in C major."
4467,Eb major,"The chord sequence is heavily centered on Eb:maj as the tonic, with Bb:7 functioning as the dominant seventh and Ab:maj as the subdominant—all core diatonic chords in Eb major. Secondary dominants like Eb:7 (leading to Ab) and G:7 (leading to C:min) further confirm Eb major as the key."
4352,C major,"The chord sequence is dominated by C major, G major, and A minor (vi), which form a classic I–V–vi progression in C major. The F major and F:maj7 chords serve as the IV chord, completing the ubiquitous I–V–vi–IV pattern. The brief Bb major chord is a borrowed bVII, common in pop music in C major, and does not undermine the overall tonal center of C."
113,C major,"The chord sequence is anchored firmly in C major, with repeated ii-V-I progressions (D:min7 - G:7 - C:maj) appearing multiple times. The predominant chords—C:maj, D:min7, G:7, A:min, and F:maj—are all diatonic to C major. Secondary dominants like E:7 (V/vi) and B:min7-E:7 (ii/V of vi) are typical chromatic embellishments within a C major framework, and the brief tonicizations (e.g., A major section, F major area) return consistently to C."
2477,C major,"The chord sequence is strongly centered on C major, with the recurring progression C:maj, E:min, F:maj, G:7 representing I, iii, IV, V7 in C major. Secondary dominants like D:7 and D:9 (V7/V) reinforce C as the tonal center, and the brief middle section featuring B:7 and E:min appears to be a temporary tonicization of the relative minor (E minor/G major area) before returning to C major."
3132,G major,"The chord sequence is heavily centered on G major, with prominent use of D:7 (V7 of G), A:min7 (ii of G), and C:maj7 (IV of G). The recurring pattern of G:maj → G:maj7 → G:7 → C:maj7 → F:9 → G:maj → A:min7 → D:9 strongly confirms G major as the tonic, with the F:9 acting as a blues-influenced ♭VII chord. There is a brief modulation to Eb major in the middle section, but the sequence clearly returns to and resolves in G major."
580,E minor,"The chord sequence is almost entirely built around E minor, G major, and B minor 7, which are all diatonic to E minor (i, III, and v7 respectively). The occasional A major chord (A:maj/5) functions as a borrowed IV chord, which is common in minor key music. The persistent return to E minor as the tonal center confirms E minor as the key."
1680,C minor,"The chord sequence is strongly centered on C minor, with frequent returns to C:min as the tonic. The surrounding chords—F:min (iv), G:min (v), Bb:maj (bVII), Eb:maj (bIII), and Ab:maj (bVI)—are all diatonic to C natural minor. The occasional Db:maj likely functions as a Neapolitan (bII) borrowed chord, which is a common chromatic alteration in minor keys."
4329,C major,"The chord sequence is strongly centered on C major, with the classic I-vi-ii-V7 (C-Am-Dm-G7) progression appearing multiple times and resolving to C:maj. Secondary dominants like B:7→E:min (V7/vi) and C:7→F:maj (V7/IV) are consistent with C major tonality, and the repeated G:7→C:maj cadences confirm C as the tonic."
5571,F major,"The chord sequence prominently features F major (I), Bb major (IV), and C7 (V7), which form a classic I-IV-V7 progression in F major. The dominant seventh chord C7 resolving to F major is a strong indicator of F as the tonal center."
6377,C major,"The chord sequence is built almost entirely around the I-V-vi-IV progression (C-G-Am-F), which is one of the most common progressions in C major. The tonic C major chord appears prominently and frequently, and all chords are diatonic to C major, confirming C major as the key."
5815,Eb major,"The four chords present—Eb major, F minor, Ab major, and Bb major—correspond exactly to the I, ii, IV, and V chords of Eb major. The progression cycles primarily through IV (Ab), V (Bb), I (Eb), and ii (Fm), which is a classic functional harmonic pattern firmly rooted in Eb major."
3802,G major,"The chord sequence is heavily centered on G major, with I (G), IV (C), and V (D7/D9) chords forming the backbone throughout. The A7 briefly functions as a secondary dominant (V/V) leading to D, reinforcing the G major tonality."
4865,A minor,"The chord sequence centers strongly on A minor, with A:min appearing as the recurring tonic, E:7 serving as the dominant (V7 of A minor), and D:min/D:min6 as the subdominant (iv). The G:7 functions as the subtonic seventh chord (♭VII7), and F#:dim acts as a leading-tone diminished chord, all consistent with the A natural/harmonic minor tonality."
4978,Eb major,"The chord sequence strongly centers on Eb as the tonic, with clear ii-V-I progressions in Eb major: F:min7 - Bb:7 - Eb and the recurring IV chord Ab:maj6. The use of dominant 7th chords on the tonic (Eb:7, Eb:9) is characteristic of jazz and blues styles where the tonic chord is commonly voiced as a dominant seventh. The overall harmonic motion consistently resolves back to Eb."
1762,Eb major,"The chord sequence is centered on Eb:maj as the tonic, with repeated I–ii7–V7 progressions (Eb:maj – F:min7 – Bb:7) throughout. The sequence also features a descending circle-of-fifths chain of secondary dominants (D:7 → G:7 → C:7 → F:7 → Bb:7 → Eb:maj), a hallmark of jazz harmony in Eb major, confirming the key unambiguously."
6233,G major,"The progression centers strongly on G major, with Gmaj7 as the tonic (I), Amin7 as ii, D7 as V7, and Cmaj7 as IV. The E7 chords function as secondary dominants (V7/vi) leading to Amin7, G7 acts as V7/IV leading to Cmaj7, and A7 functions as V7/ii. The F:7 chords are chromatic or tritone substitutions but don't override the clear G major tonal center."
6089,Eb major,"The chord sequence strongly points to Eb major, with the classic jazz ii-V-I progression (F:min7 → Bb:7 → Eb:maj) appearing repeatedly throughout. The tonic Eb:maj appears prominently and the sequence resolves to Eb:maj at the end. Other chords like C:min (vi) and the secondary dominant G:7 (V/vi) are consistent with Eb major harmony."
873,C major,"The chord sequence is heavily centered on C:maj with frequent G:7 → C:maj cadences, confirming C as the tonic. The A:min chord functions as the vi (submediant) in C major, and E:7 acts as a secondary dominant (V7/vi). Other chords like D:min7 (ii) and D:7 (V7/V) are also diatonic or secondary dominants within C major."
6365,G major,"The chord sequence is dominated by G major, with diatonic chords including A minor, B minor, C major, E minor, and D7 (the dominant seventh). D7 resolving to G major is a strong V7-I cadential motion, firmly establishing G major as the tonic."
3216,C major,"The chord sequence strongly centers on C major, with I (C), ii (Dm), V (G/G7), vi (Am), iii (Em), and IV (F) all diatonic to C major. The frequent G7→C resolutions confirm C as the tonic."
1519,F major,"The chord sequence is dominated by F, Bb, and C major chords, which correspond to the I, IV, and V degrees of F major. F major appears most frequently and serves as the clear tonal center, with Bb (IV) and C (V) providing strong functional support. The G major chord at the beginning is a non-diatonic chord (bII or simply chromatic) but doesn't undermine the overall F major tonality."
4044,C major,"The chord sequence strongly centers on C major, with C:maj appearing repeatedly as the tonic. Classic functional harmony is evident throughout: A:7 acts as V7/ii resolving to D:min, D:7 as V7/V resolving to G:7, and G:7 resolving back to C:maj. The F:min chord is a borrowed iv from the parallel minor, a common chromatic inflection in C major music."
2467,C# minor,"The chord sequence prominently features C#min, A major, B major, and F#min — all diatonic to C# natural minor (i, VI, VII, iv). After the opening riff, E major disappears entirely from the progression, while C#min consistently serves as the tonal center. The B major chord functions as the subtonic VII (natural minor) rather than the dominant of E major, which is typical in rock/pop minor-key progressions."
959,Eb major,"The chord sequence is dominated by chords from Eb major: Eb (I), Bb (V), Ab (IV), F (II), and Gm (iii), all of which are diatonic to Eb major. The opening I-V-IV-I progression in Eb major firmly establishes the tonic. Later there is a brief excursion to Gb/Db harmony, but the bulk of the song (especially the first ~30 seconds) is clearly centered on Eb major."
5032,C major,"The chord sequence strongly centers on C as the tonic, with C:maj and C:7 functioning as the I chord throughout. The repeated progression I-I7-IV-iv-II7-V7-I is characteristic of a blues/jazz style in C major, and the Eb:7 (bVII7) and F:7 (IV7) reinforce the blues inflection common in the genre while still maintaining C as the tonal center."
2121,G minor,"The chord sequence repeatedly features G:min7 as a tonal center, with D:7 acting as the dominant seventh resolving to G minor (V7–i). Supporting chords like Bb:maj (III), C:min (iv), and F:maj (VII) are all diatonic to G minor, strongly confirming G minor as the key."
784,D minor,"The chord sequence strongly centers around D minor, with D:min appearing prominently at the start and in the repeated sections. The presence of A:7 (V7 in D minor), E:hdim7 (ii°7 in D minor), and F:maj7 (III in D minor) all confirm D minor as the tonal center. The Bb:maj (bVI), G:min (iv), and the Neapolitan-flavored Eb:maj7 are common chromatic alterations in minor-key jazz harmony."
6292,G major,"The chord sequence is dominated by G major, with C major as the subdominant (IV) and D7 as the dominant seventh (V7), all of which are primary chords in G major. The G7 chords function as secondary dominants leading to C, but the overall tonal center is clearly G major."
3168,F major,"The chord sequence is a classic jazz progression firmly centered on F major. The recurring ii-V-I cadences (Gmin7-C7-Fmaj7) and the tonic F:maj7 chord appearing prominently and repeatedly confirm F as the tonic. Secondary dominants (A:7→Dmin7, D:7→Gmin7, E:7→Amin7) and borrowed chords (Bb:min7, Eb:7) are typical jazz embellishments within an F major framework."
4727,F major,"The sequence is dominated by F:maj (I) and C:7 (V7), a classic tonic-dominant relationship in F major. The brief appearances of F:min and Bb:min toward the end are likely borrowed chords (modal mixture) from the parallel minor, which is a common technique in F major. The overall harmonic center clearly points to F major."
6289,G major,"The chord sequence clearly centers on G major, with G:maj appearing prominently at the start and end. The progression features a classic circle-of-fifths chain of secondary dominants (E:7 → A:7 → D:7 → G:maj), and additional diatonic chords like C:maj (IV) and A:min7 (ii) firmly confirm G major as the tonic."
2123,F major,"The chord sequence is centered strongly on F major, with C7 (V7) repeatedly resolving to F (I). The progression includes classic F major jazz harmony: ii7-V7-I (Gm7-C7-F), a secondary dominant to Dm (A7-Dm, which is vi in F), and a subdominant tonicization via Cm7-F9-Bb (ii-V-I in Bb, the IV of F). All roads lead back to F major."
4083,C major,"The chord sequence is strongly centered on C major, with the classic I (C:maj), IV (F:maj), and V7 (G:7) chords appearing repeatedly. The ii-V-I progressions (D:min7 → G:7 → C:maj) further confirm C major as the tonic. Secondary dominants like D:7, A:7, and C:7 are typical jazz-style embellishments within the key of C major."
4768,D major,"The chord sequence is dominated by D major, A major, B minor, and G major, which are the I, V, vi, and IV chords in D major — a classic progression. The E minor 7 chord also fits as the ii chord in D major. The occasional C major 7 chord (bVII) suggests some modal mixture but doesn't displace D major as the tonic."
644,C major,"The chord sequence alternates exclusively between C major and G7, which is the dominant seventh chord in C major. The G7 resolving to C major is a classic V7-I cadence, strongly establishing C major as the tonic."
4187,C major,"The sequence is firmly rooted in C major, with C:maj as the clear tonic (appearing frequently and for the longest durations), G:7 as the dominant, and D:min as the supertonic (ii). The D:7 and A:7 function as secondary dominants (V7/V and V7/ii respectively), which are common embellishments in C major progressions."
3537,C major,"The song begins and repeatedly returns to C:maj7, with a clear ii-V-I cadence in C major (D:min7 → G:7 → C:maj7) appearing in both iterations of the chord sequence. The various ii-V-I moves through F major, Eb major, and Db major are typical jazz modulations that ultimately resolve back to C, confirming C major as the tonal center."
5297,C minor,"The tonic chord C:min appears frequently and is repeatedly approached by G:7 (the dominant seventh V7 in C minor), forming strong V7-i cadential motion throughout the piece. The F:min7 (iv7) and Ab:7 (bVI7) are characteristic of C minor harmony, and even the brief C:maj section in the middle represents a parallel-major interlude before returning to C minor."
707,B minor,"The chord B:min7 dominates the progression with a combined 24 seconds of duration, strongly suggesting B as the tonic. Supporting chords like D major (III), G major (VI), A major (VII), and F# minor (v) are all diatonic to B natural minor, confirming B minor as the key."
189,C major,"The chord sequence is centered on C major, with G:7 functioning as the dominant (V7→I), D:min as the supertonic (ii), and F:maj as the subdominant (IV). The chain D:7→G:7→C reinforces a ii7-V7-I cadential pattern in C. The recurring B:7 chords act as chromatic neighbor harmonies between C:maj chords rather than implying a different key center."
6280,C major,"The song is strongly centered on C major, with C:maj appearing for 12 seconds at the start and recurring throughout. The surrounding chords—D:min7 (ii7), G:7 (V7), A:min (vi), F:maj (IV), E:min (iii)—are all diatonic to C major, and secondary dominants like B:7 (V/iii), D:7 (V/V), and C:7 (acting as V/IV) are common chromatic inflections within a C major framework."
3353,E minor,"The chord sequence strongly centers on E minor as the tonic. The repeated B:7 → E:min cadences (V7 → i) confirm E minor, while A:min functions as iv and G:maj as the III (bIII). The D:7 → G:maj motion is a secondary dominant (V7/III → III) within the E minor framework. E:min is the most frequent and structurally prominent chord throughout."
6206,G major,"The chord sequence strongly centers on G major as the tonic, with D:7 serving as the dominant seventh (V7) resolving to G:maj throughout. The progression features a classic circle-of-fifths chain of secondary dominants: B:7 → E:min → A:7 → D:7 → G:maj, which is a hallmark of G major harmony. G:maj appears most frequently and at structurally important positions, confirming it as the tonal center."
4463,C major,"The chord sequence is dominated by C major, F major, and G7, which are the I, IV, and V7 chords in C major. The A minor (vi) also fits naturally in C major. The E major and F minor add slight chromaticism but don't override the clear tonal center of C major."
6369,G major,"The chord sequence is strongly centered on G major, which appears as the most prominent and longest-duration chord. The D:7 (dominant seventh) resolving to G:maj is a classic V7-I cadence in G major. The C:maj (IV) and brief G:7 leading to C also fit naturally within G major. The C:min is a chromatic borrowing (iv) which is common in G major contexts."
250,F major,"The chords F:maj, Bb:maj, C:7, G:min7, and D:min are all diatonic to F major, and the C:7 (dominant seventh) resolving to F:maj confirms the tonal center. The A:7 functions as a secondary dominant (V7/ii) tonicizing D minor, a common technique within F major."
3001,D minor,"The chord sequence strongly centers on D minor, with D:min as the tonic appearing frequently throughout. A:7 and A:7(#5) function as the dominant (V7) resolving to D minor, while E:min7(b5) serves as the ii°7, G:min as the iv, and Bb:maj as the bVI — all characteristic chords of D minor. The E:7 chords likely function as secondary dominants (V7/V leading to A7). The brief Eb:maj passages appear to be chromatic neighbor/passing chords that don't alter the overall D minor tonal center."
4319,A minor,"The chord sequence is dominated by Am and F alternating repeatedly at the start, strongly establishing A minor as the tonic. The other chords (C, G) are all diatonic to the A natural minor scale (as III and VII), and the sequence begins and returns to Am, further confirming A minor as the tonal center."
1222,C major,"The chord sequence is built around the classic I–vi–ii–V7 progression in C major (C:maj – A:min7 – D:min7 – G:7), which repeats throughout the song. Secondary dominants such as A:7 (V7/ii) and the Bb:7(#11) (a tritone substitution for the dominant or a chromatic approach chord) are common jazz embellishments that still point to C as the tonal center."
3607,C minor,"The chord sequence is dominated by C:min and G:7 (the tonic and dominant seventh of C minor), which appear repeatedly throughout. Supporting chords like Eb:maj (III), Bb:7 (VII7), and F:min (iv) all fit naturally within the C natural/harmonic minor framework, confirming C minor as the key."
5539,F major,"This chord sequence is a classic 12-bar blues in F. The core chords are F (I), Bb7 (IV7), and C7 (V7), which are the primary pillars of a blues in F. Secondary dominants like D7 (leading to G7) and G7 (leading to C7) are common blues embellishments, all pointing back to F as the tonic."
4940,F major,"All the chords — F major (I), A minor (iii), Bb major (IV), C major (V), G minor (ii), C7 (V7), and D minor (vi) — are diatonic to F major. The repeated I–IV–V and V7–I cadential motions strongly confirm F major as the tonic."
5606,C minor,"The chord sequence strongly centers on C minor. G:7 (dominant seventh) repeatedly resolves to C:min (tonic), confirming a V7-i relationship. The other chords—F:min (iv), Bb:maj (VII), Eb:maj (III), Ab:maj (VI), and D:dim7 (vii°7)—all fit naturally within the C natural/harmonic minor scale, further confirming C minor as the key."
999,C major,"The chord sequence is firmly rooted in C major, anchored by the recurring C:maj - F:maj - G:7 - C:maj progressions and the ii-V-I patterns (D:min7 - G:7 - C:maj, A:min7 - D:min7 - G:7 - C:maj). The chromatic descending dominant chain (C:7 → B:7 → Bb:7 → A:7 → D:7 → G:7) is a classic secondary-dominant chromatic approach to the V7 in C major, common in jazz and boogie styles."
6210,F major,"The chord sequence is heavily centered on F major, with F:maj/F:maj6 appearing most frequently as the tonic. The supporting chords—Bb:7 (IV7), C:7 (V7), and G:min7 (ii)—all diatonically support F major. The use of Bb:7 as a dominant-7th IV chord and F:7 moving to Bb:7 is characteristic of blues harmony in F major."
773,D minor,"The chord sequence is clearly centered on D minor, with frequent returns to D:min and dominant A:7 chords (including A:7(b9)) providing strong V7→i cadences. The recurring pattern D:min → A:maj/3 → D:7/b7 → G:maj/3 → C:7/b7 → F:maj/3 is a descending circle-of-fifths progression typical of jazz/Latin music in D minor, and the overall harmonic motion consistently resolves back to D minor as the tonic."
305,C major,"The chord sequence strongly centers on C major, with frequent G:7 → C:maj cadential resolutions (the dominant-to-tonic motion in C). Secondary dominants like D:7 (V7/V), E:7 (V7/vi), and A:7 (V7/ii) are used to tonicize other scale degrees, all consistent with C major. F:maj (IV), A:min (vi), and D:min (ii) further confirm the C major key."
2591,G major,"The A section repeatedly resolves to Gmaj7 via a clear ii–V–I cadence (Am7–D7–Gmaj7), confirming G as the tonic. The preceding Dm7–G7 and Cm7–F7 pairs form a descending ii–V sequence that ultimately lands on G. The bridge (Cm7–F9–Bbmaj) briefly tonicizes Bb before the Am7–D9 ii–V leads back to G major for the return of the A section."
4532,G major,"The chord sequence is strongly centered on G major, with repeated I-IV-I-vi-ii-V progressions (G-C-G-Em-Am-D7). The C:7 (dominant 7th on IV) is a typical jazz/blues-inflected subdominant, and the F#m7-B7-Em7 digression is a ii-V-I tonicization of the relative minor (E minor), before returning to G. The D:7 consistently functions as the dominant V7, confirming G major as the tonic."
3600,F major,"The chord sequence is centered around F major, with C:7 functioning as the dominant V7 chord, and Bb:maj as the subdominant IV chord. The D:7 to G:min progression is a secondary dominant (V7/ii) resolving to the ii chord, all consistent with F major. The song clearly begins and ends on F major."
1322,G major,"The chord sequence strongly centers on G major as the tonic, with recurring G:maj chords and classic diatonic progressions like ii-V-I (A:min7 - D:7 - G:maj) and the iii chord (E:min7). Chromatic passing diminished chords (G#:dim7, Bb:dim7, D#:dim7) and secondary dominants (A:7, G:7) are used as embellishments but don't undermine the clear G major tonal center. The C:maj7 functioning as IV and C:min as a borrowed iv chord further confirm G major."
5796,C minor,"The most clearly defined tonal center in the sequence is the repeated progression Cm–Eb–Ab–Bb, which is a classic i–III–VI–VII pattern firmly rooted in C minor. This pattern repeats multiple times and occupies a large portion of the 60-second clip. The opening section featuring D, Bb, C, F could suggest F major, but the prominence and repetition of the C minor modal progression overrides that interpretation as the overall key."
5811,G major,"The chord sequence is strongly centered on G major, with the tonic G:maj appearing frequently and the dominant D:7 (V7) consistently resolving to it. Classic ii-V-I progressions (A:min7 - D:7 - G:maj) and secondary dominants like G:7 leading to C:maj (IV) and A:7 leading to D:7 all confirm G major as the tonal center."
5696,Bb major,"The chord sequence is built primarily around Bb major (I), Eb major (IV), and G minor (vi), all of which are diatonic to Bb major. The repeated I–IV motion and the vi chord appearance confirm Bb major as the tonic."
1060,C major,"The chord sequence strongly centers on C major, with F major (IV) and G7 (V7) as the primary supporting chords — a classic I-IV-V progression. The C:7 chord functions as a secondary dominant (V7/IV) leading to F major, which is a common blues/gospel inflection within C major."
5031,G major,"G major is strongly supported by the frequent appearance of G:maj (including a 6.0s duration early on) and the recurring V7–I motion of D:7 resolving to G:maj. Supporting diatonic chords such as A:min (ii), C:maj (IV), E:min (vi), and F#:maj (chromatic/leading-tone area) all point to G major as the tonal center. The E:7→A:min passages represent a tonicization of the vi chord within G major."
3520,F major,"The most frequently occurring chords—G:min7, C:7, F:maj, and D:min7—correspond to ii, V7, I, and vi in F major. The repeated ii–V–I motions (G:min7→C:7→F, D:min7→G:7→G:min7→C:7→F) are characteristic of jazz-style cadences resolving to F. The sequence also features brief excursions via ii–V–I progressions to D major, Db major, and Eb major, but ultimately returns to and closes on F:maj, confirming F major as the home key."
988,F major,"F appears most frequently throughout the progression, acting as the tonal center. The recurring Eb major chord (the bVII) alongside Bb (IV) and C (V) is a classic Mixolydian or rock-style pattern in F major. The A major and D major chords function as a secondary dominant chain (V of vi → vi area), which is common chromatic embellishment in F major rock/pop contexts."
1031,G major,"The chord sequence strongly centers on G major, with G as the tonic and a clear I-ii7-V7 (G-Am7-D7) progression repeated multiple times. Secondary dominants like G7 (V7/IV leading to C) and A7 (V7/V leading to D) are common in G major contexts, and the C#dim7 is a chromatic passing chord typical in this key."
5869,Eb major,"The chord sequence is dominated by Eb:maj (I), Bb:7 (V7), Ab:maj (IV), and F:min7 (ii), which are all diatonic to Eb major and outline a classic I–ii–IV–V7 progression. The Ab:min6 (iv with added 6th) is a borrowed chord from the parallel minor, a common coloristic substitution, and the Eb:7 functioning as V7/IV supports the Ab chord. The final C:maj–D:min7–G:7 suggests a brief modulation toward C major, but the bulk of the song firmly establishes Eb major."
410,B major,"The chord sequence is dominated by B:maj, F#:maj, G#:min7, D#:min7, E:maj, and C#:min — all diatonic to B major (I, V, vi, iii, IV, ii respectively). The recurring C#:7 functions as a secondary dominant (V7/V) leading to F#:maj, further reinforcing B major. The B:maj7 opening and frequent B–F#–G#m–C# patterns are classic hallmarks of a song in B major."
4308,Eb major,"The chord sequence is dominated by Eb:maj (I), C:min (vi), F:min7 (ii), and Bb:7 (V7), which is a classic I-vi-ii-V progression in Eb major. The repeated resolution of Bb:7 to Eb:maj strongly confirms Eb as the tonic. The middle section features a chain of secondary dominants (G:7, C:7, F:7) before returning to the main progression, but the overall tonal center is clearly Eb major."
1647,A major,"The chord sequence revolves around diatonic chords in A major: F#m (vi), D (IV), Bm (ii), A (I), and E (V). The chorus section featuring A-E-D-E strongly establishes A as the tonic with a clear I-V-IV-V progression. While the verse lingers on F#m, giving a minor feel, the overall harmonic context points to A major."
6483,G major,"The chord sequence strongly centers on G major, with G:maj appearing frequently as a clear tonic. The D:7 chords function as the dominant (V7) resolving to G, and A:min acts as the ii chord in a classic ii-V-I progression. Secondary dominants like E:7 (V7/vi) leading to A:min and B:7 (V7/iii) leading to E:min are common embellishments within G major, and the occasional C:min chords represent chromatic mixture (borrowed iv)."
1372,G major,"The chord sequence is heavily centered on G major, with C major (IV) and D7 (V7) serving as the primary supporting chords. This I-IV-V7 progression is a classic indicator of G major, and G major chords dominate the sequence in both frequency and duration."
711,F major,"The chord sequence is predominantly built around F major: the tonic F:maj, with ii (G:min7), V7 (C:7), IV (Bb:maj), and vi (D:min) all prominent and recurring. The secondary dominant A:7 resolving to D:min and F:7 resolving to Bb:maj are typical chromatic embellishments within F major. There is a brief modulation to A major near the end (E:7 → A:maj6(9), F#:min7, B:min7), but F major is overwhelmingly the home key throughout most of the progression."
2009,C major,"The chord sequence prominently features C major, D minor, F major, and G major, which are the I, ii, IV, and V chords of C major. The E minor and A minor also fit naturally as the iii and vi chords of C major. The frequent return to C major as a tonal center confirms C major as the key."
1492,C major,"The chord sequence is firmly rooted in C major, featuring the tonic C:maj, dominant G:7, subdominant F:maj, and diatonic chords like E:min, D:min, and A:min. The repeated I–V7–I cadences (C–G7–C) and the secondary dominant D:7 (V7/V) further confirm C major as the key."
3691,Eb major,"The chord sequence is strongly centered on Eb major, with Eb:maj appearing most frequently as the tonic, supported by the dominant Bb:7 (V7) and subdominant Ab:maj7 (IV). Diatonic chords like F:min7 (ii) and G:min7 (iii) further confirm Eb major, while chords like Bb:min7, Ab:min7, and Db:maj are borrowed from the parallel minor (Eb minor), a common technique in pop and R&B."
3800,D major,"The chord sequence is dominated by D major, with A major (V), G major (IV), and B minor (vi) as supporting chords. These are all diatonic to D major, and D:maj is clearly the tonal center given its frequency and prominence."
790,D minor,"The chord sequence strongly centers on D minor, with the repeated pattern of D:min → Bb:maj → G:min → A:7 (the tonic, bVI, iv, and dominant seventh of D minor). The E half-diminished seventh chord functions as the ii°7 leading into the A:7 dominant, further confirming D minor. The C:7 → F:maj segment (VII7 → III) is also characteristic of minor key harmony."
1065,Eb major,"The chord sequence is heavily centered on Eb major, which appears most frequently and for the longest durations. The other prominent chords (Ab major, Bb7, F minor) are all diatonic to Eb major (IV, V7, and ii respectively), strongly confirming Eb major as the key."
3969,C major,"The chord sequence is heavily centered on C major, with frequent returns to C:maj as the tonic. The chords G:maj, G:7, F:maj, A:min, E:min, and D:min all belong to the key of C major, and the D:7 functions as a secondary dominant (V7/V). The overall harmonic language is clearly functional and diatonic to C major."
1683,C major,"The chord sequence is dominated by C:maj7 (appearing multiple times with long durations) and the classic ii-V-I progression in C major: D:min7 - G:7 - C:maj7. The section with G:min7 - C:7 - F:maj7 is a ii-V-I in F major (the IV chord of C), and the descending chromatic dominant chain (Bb:7, A:7, Ab:7, G:7) is a classic jazz approach leading back to C. The Eb:min7 - Ab:9 passages appear to be chromatic/substitute ii-V moves, common in jazz harmony."
1361,Eb major,"The chord sequence is firmly rooted in Eb major, with the primary chords being Eb (I), Ab (IV), Bb7 (V7), Gm (iii), Cm (vi), and Fm (ii) — all diatonic to Eb major. The recurring Gm–Cm–Fm–Bb7 progression is a classic circle-of-fifths motion resolving back to Eb, confirming Eb as the tonal center."
3327,G major,"The chord sequence is heavily centered on G major (I) and C major (IV), which are the two most frequently occurring chords throughout the progression. Supporting diatonic chords such as A:min7 (ii), E:min7 (vi), D:9 (V), and B:min7 (iii) all confirm G major as the tonal center. The bridge section introduces some chromatic chords (F:maj7, D:min7, G#:min7) but the progression consistently returns to G and C, reinforcing G major."
283,D major,"The chord sequence is built around D major, G major, and A major — the I, IV, and V chords of D major — with B minor appearing as the vi chord. D major appears most frequently and for the longest durations, clearly functioning as the tonic, and the progression follows a classic I-IV-V-vi pattern consistent with D major."
2735,C major,"The chord sequence strongly centers on C major, with the most frequent progression being D:min7 → G:7 → C:maj, which is a classic ii7–V7–I cadence in C major. G:7 serves as the dominant throughout, and secondary dominants like A:7 (V7/ii), E:7 (V7/vi), and D:7 (V7/V) are used to tonicize diatonic scale degrees, a hallmark of jazz harmony in C major. The song begins and repeatedly returns to C:maj as the tonic."
3836,A minor,"The chord sequence strongly centers on A minor as the tonic, with the recurring A:min7 chord and the E:7 (V7 of A minor) cadencing back to it repeatedly. The repeated pattern A:min7 → C:min6 → G:maj/3 → Bb:dim is a characteristic chromatic-passing progression common in jazz/latin A minor contexts. There is a brief digression to C major (D:min7 → G:7 → C:maj6(9)), but the overall tonality returns to A minor."
266,F major,"The chord sequence repeatedly features the ii-V-I progression in F major (G:min7 → C:7 → F:maj), with D:7 functioning as V7/ii (secondary dominant of G minor). The middle section contains a chain of secondary dominants (E:min7-A:7-D:9-G:7-G:min7-C:7) that resolves back to F major, all consistent with F major as the tonic."
4230,Eb major,"The chord sequence is firmly rooted in Eb major, with the recurring I (Eb:maj7), IV (Ab:maj), and V7 (Bb:7) chords establishing a clear tonal center. Secondary dominants like C:9→F:min9 (V9/ii→ii) and D:7→G:min (V7/iii→iii) and G:7→C:min (V7/vi→vi) all function as typical chromatic embellishments within Eb major. The borrowed Ab:min (iv from Eb minor) is a common mixture chord that does not displace the key."
3141,C major,"The chord sequence is dominated by C:7 (lasting the longest durations) and G:7 (V7), strongly centering on C as the tonic in a blues context. The Eb:7(#11) and Db:7(#11) chords are chromatic/tritone substitution passing chords (Db:7 being a tritone sub for G:7), which are typical of jazz-blues in C. All dominant 7th chords on I, V, and chromatic approach tones point to C major/blues."
393,A minor,"The chord sequence is dominated by A minor and E7 (the dominant seventh in A minor), which is a classic minor key cadential pattern. The occasional G major chord is the subtonic (VII) common in natural minor. The tonic is clearly A minor."
2060,Eb major,"The chord sequence is dominated by Eb:maj as the tonic, with Bb:7 functioning as the V7 resolving repeatedly to Eb:maj, and Ab:maj serving as the IV chord — all hallmarks of Eb major. The middle section briefly tonicizes C major (with D:min7–C:maj–G:7 patterns), but the song consistently returns to the Eb major framework, making Eb major the overall key."
4585,G major,"The chord sequence is heavily centered on G major, with the most frequently occurring chords being G:maj (I), C:maj (IV), D:maj (V), and E:min (vi) — all diatonic to G major. The recurring D:7 chord functions as the dominant seventh resolving to G, and the C#:hdim7 appears as a chromatic passing chord, further confirming G major as the tonic."
4265,G minor,"The chord sequence is strongly centered on G minor, with G:min appearing repeatedly as the tonic. Supporting chords include D:7(b9) (V7 of G minor), C:min (iv), Eb:maj7 (bVI), and F:7 (bVII), all of which are diatonic or characteristic chords in G minor. The Gb:dim chord is likely an enharmonic spelling of F#dim (vii°), the leading-tone diminished chord in G minor, further confirming the key."
5246,F major,"The chord sequence revolves around F:maj, Bb:maj, C:7, and D:min, which correspond to the I, IV, V7, and vi chords in F major. The C:7 functioning as a dominant seventh resolving to F:maj further confirms F as the tonic. This is a classic I-IV-V-vi progression in F major."
1471,A major,"The most prominent repeating progression is F:maj - D:maj - A:maj - E:maj, which corresponds to bVI - IV - I - V in A major, a very common chromatic progression in rock music. A major and E major serve as the tonic and dominant, with D as the subdominant and F as the flat-VI chromatic mediant. The B major chord that appears in another section can be heard as a non-diatonic II chord, common in rock contexts."
4227,Bb major,"The chord sequence is strongly centered on Bb major, with Bb:maj appearing frequently as the tonic and F:7 serving as the dominant seventh. The presence of Eb:maj (IV), Bb:7 (I7 resolving to IV), and the secondary dominants G:7 and C:7 leading to F:7 all fit naturally within a Bb major framework. The passing diminished chords (E:dim, Gb:dim) are chromatic embellishments common in Bb major blues/jazz progressions."
2211,F major,"The chord sequence strongly centers on F major, with F:maj as the tonic, Bb:maj as the IV, C:7 as the dominant V7 resolving to F, and G:min as the ii chord. The G:7 functions as a secondary dominant (V7/V) leading to C:7, a classic blues/jazz progression in F major."
699,C major,"The chord sequence strongly centers on C major, with repeated ii-V-I progressions (D:min - G:7 - C:maj) and I-IV motion (C:7 - F:maj). There is a brief tonicization of G major in the middle section (E:min, A:7, D:maj, G:maj), but the sequence consistently returns to C:maj as the tonal center, confirmed by multiple G:7 → C:maj resolutions."
1000,C major,"The chord sequence is built around C, G, Am, Em, and F — all diatonic to C major. C major appears prominently at the start and end, functioning as the tonic, while G major serves as the dominant and F major as the subdominant, confirming C major as the key."
931,C major,"The chord sequence consistently cycles through C major, A minor, F major, and G7 — the classic I-vi-IV-V7 progression in C major. The G7 functioning as the dominant seventh chord strongly resolves to C major, confirming C as the tonic."
6535,G major,"G major appears most frequently and for the longest durations, functioning as the tonic. D major appears as the V chord, strongly reinforcing G as the tonal center. The F and Eb power chords (bVII and bVI) are common chromatic borrowings in rock music, which fits the overall harmonic profile of this sequence."
2902,F major,"The chord sequence revolves around F major (I) and C7 (V7), the classic tonic-dominant relationship in F major. D minor (vi) and G7 (V7/V, a secondary dominant leading to C7) further confirm F major as the tonal center."
5384,C major,"The chord sequence is heavily centered on C major, with G:7 (the dominant seventh) repeatedly resolving to C:maj throughout. The diatonic chords D:min (ii), E:min (iii), F:maj (IV), and A:min (vi) all confirm C major as the key. The B:7 chord is a secondary dominant (V/iii) functioning within the C major context."
585,Bb major,"The chord sequence is strongly centered on Bb major, with the most frequent chords being Bb:maj (I), Eb:maj (IV), F:7 (V7), G:min (vi), and C:min7 (ii), all diatonic to Bb major. Secondary dominants like C:7 (V7/V) and C#:dim7 (passing diminished) are typical embellishments in this key, and the repeated I–V7–I cadential motion firmly establishes Bb as the tonic."
3638,Bb major,"Bb:maj appears most frequently and with the longest durations (8.0s, 8.0s, 4.0s), functioning as the tonic. F:7 serves as the dominant seventh (V7), C:7 as a secondary dominant (V7/V), and G:min7 as the vi chord—all diatonic or common in Bb major. The overall progression resembles a jazz/blues cycle firmly rooted in Bb major."
3201,D minor,"The song is centered on D minor throughout. The recurring D:min as the tonic, combined with A:maj and A:7 functioning as the dominant (V) chord—characteristic of harmonic or melodic minor—strongly points to D minor. The appearance of G:min (iv), Bb:maj (bVI), F:maj (bIII), and C:maj (bVII) are all diatonic to D natural/harmonic minor, confirming D minor as the key."
1965,F major,"The chord sequence is dominated by F and Bb, which function as I and IV in F major. F appears most frequently and serves as the clear tonal center, with Bb acting as the subdominant. The occasional B:maj (enharmonically near Bb) and D:maj chords appear to be chromatic passing chords within an otherwise straightforward F major (likely blues-influenced) harmonic framework."
2507,E major,"The chord sequence prominently features E:maj, A:maj, and B:7, which are the I, IV, and V7 chords of E major. The notes surrounding these chords (C#, D#, F#, G#) all belong to the E major scale, and the recurring B:7 (dominant seventh) strongly implies resolution to E. The extended B:7 at the end further reinforces E major as the tonic."
1430,F major,"The chord sequence is strongly centered on F major, with the core progression featuring I (F:maj), IV (Bb:maj), V7 (C:7), ii (G:min7), and vi (D:min7) — all diatonic to F major. The F:7 chord acts as a secondary dominant resolving to Bb (IV), and the Bb:min6 is a borrowed iv chord from the parallel minor, which is a common chromatic inflection. These functional relationships all confirm F major as the key."
5746,D minor,"The chord sequence is strongly centered on D minor as the tonic, with frequent returns to D:min throughout. The supporting chords F:maj (III), Bb:maj (VI), and A:min (v) are all diatonic to D natural minor, while the G:maj (IV major instead of iv minor) suggests a Dorian modal inflection, which is common in many genres. The overall harmonic movement clearly points to D minor as the key."
348,F major,"The chord sequence is clearly centered on F major, with F as the tonic and C7 as the dominant. The progression features F:7 moving to Bb:maj (IV chord), a B:dim passing chord, and a classic turnaround of D:7 → G:7 → C:7 back to F, which is characteristic of a 12-bar blues in F major."
98,G major,"The chord sequence is dominated by G:maj, A:min, C:maj, D:7, and E:min, which are all diatonic to G major. The recurring I–ii–I–IV (G–Am–G–C) progression and the D:7 as a dominant chord strongly confirm G major as the tonic. The F#:min–B:maj sections suggest brief tonicizations of E minor (the relative minor), and there is a short modulation to G minor in the middle, but the overall tonal center returns to G major."
406,G major,"The chord sequence repeatedly features Am7 - D7 - Gmaj7, a classic ii7-V7-Imaj7 progression strongly establishing G major as the tonal center. The other chromatic chords (C#:hdim7, F#:7, E:7, etc.) function as secondary dominants and passing chords within a jazz harmonic language, but the song consistently returns to G major as its home."
4313,G major,"The opening theme, repeated twice, firmly establishes G major with a classic I–IV–(passing #iv°7)–V–I progression (G, C, C#dim7, D, Gmaj7), followed by diatonic ii and iii chords (Am7, Bm7). Later sections feature secondary dominants and brief tonicizations of C major (D:min7–G:7–C:maj7 as ii–V–I in C), but these function as departures from and returns to the home key of G major."
3070,Bb major,"The chord sequence is strongly centered on Bb major, with the classic I (Bb:maj), IV (Eb:maj), ii (C:min7), and V7 (F:7) chords recurring throughout. The E:dim7 functions as a chromatic passing diminished chord (between Eb and F), and the Bb:dim7 acts as a brief passing chord, both common in Bb major harmony. The overall tonal center is unambiguously Bb major."
5223,C major,"The chord sequence is clearly centered on C major, with C:maj appearing frequently as the tonic and G:7 functioning as the dominant V7. Secondary dominants such as A:7 (V7/ii leading to D:min), D:7 (V7/V), C:7 (V7/IV leading to F:maj), and E:7 (V7/vi leading to A:min) all reinforce a functional harmonic framework in C major."
3962,C major,"The chord sequence repeatedly returns to C:maj7 as its tonic, with clear ii-V-I progressions in C major (D:min7, G:7, C:maj7) appearing multiple times. The Bb:maj7 is a common borrowed bVII chord in C major, and chords like A:min7 (vi), E:min7 (iii), and G:7 (V7) all reinforce C as the tonal center, despite some chromatic excursions to other key areas in the bridge."
252,F major,"The chord sequence repeatedly features G:min (ii), C:7 (V7), and F:maj (I) — a classic ii–V–I in F major. The C7 resolves to F major multiple times, strongly confirming F as the tonic. Bb major (IV) and G:7 (V7/vi) are also diatonic or secondary-dominant embellishments consistent with F major."
3296,C major,"The chord sequence is dominated by C major as the tonic, with F (IV), G (V), and Bb (bVII) as supporting chords—a common rock/pop pattern with a Mixolydian flavor. The recurring C–F–A–Bb–C progression and the frequent returns to C major confirm it as the tonal center, while the A major chord functions as a chromatic or secondary dominant color chord (V/ii)."
1350,Eb major,"The chord sequence strongly centers on Eb major, with Eb:maj as the tonic, Bb:7 functioning as the dominant seventh (V7), and F:min7 as the supertonic seventh (ii7) — all hallmark chords of Eb major. The E:dim7 acts as a chromatic passing diminished chord (enharmonically Fb dim7), a common embellishment between Eb and the dominant area."
292,G minor,"The chord sequence is dominated by a repeated D:7 → G:min progression, with D7 functioning as the dominant seventh chord (V7) resolving to G minor (i). The A:maj/A:7 chords appear briefly as secondary dominants (V/V), further reinforcing G minor as the tonal center."
2335,G minor,"The progression repeatedly centers on G minor, with the pattern G:min → Eb:7 → D7(#5) → G:min7 → C:7 → F:sus4 → Bb:maj6, which maps cleanly onto i → bVI7 → V7(#5) → i7 → IV7 → bVII → bIII in G minor. The D7(#5) chord functions as the dominant resolving to G minor, and the song returns to this tonic repeatedly, confirming G minor as the key."
3250,C minor,"The chord sequence is dominated by C minor, with G major (the dominant V chord from harmonic minor) and F minor (the iv chord). This i–iv–V pattern is a classic C harmonic minor progression. The brief C major appearance is likely a chord recognition error or a momentary parallel major inflection."
3954,D minor,"The chord sequence strongly points to D minor as the tonic. A7 functions as the dominant seventh (V7) repeatedly resolving to D minor (i), while Bb major (bVI) and G minor (iv) are both diatonic chords in the natural minor scale of D minor. The frequent A7→Dm cadences confirm D minor as the key."
5720,Eb major,"The chord sequence clearly centers on Eb major, with the tonic Eb:maj appearing prominently and the classic V7→I motion (Bb:7→Eb:maj) reinforcing Eb as the tonal center. The F:min7 functions as ii in Eb major, and Ab:7 as IV7, while the F#:min7→B:7 and Ab:min7→Db:7 progressions appear to be jazz-style ii-V chromatic detours (possibly tritone substitutions or side-slipping) common in jazz harmony."
1508,E major,"The chord sequence prominently features the I-V-vi-IV progression in E major (E-B-C#min-A), which repeats multiple times and is one of the most common progressions in popular music. Other chords like F#min (ii) and D major (bVII, a common modal mixture) are consistent with E major. The song begins and ends on E major, further confirming it as the tonic."
3803,C major,"The chord sequence strongly centers on C major, with repeated progressions featuring the tonic C:maj, dominant G:7, and supertonic D:min7. The D:7 → G:7 → C:maj cadences confirm C as the tonal center. The F:min6 (borrowed iv from parallel minor) and secondary dominants (D:7, B:7, F:7) add chromaticism but do not displace C major as the overall key."
1806,C major,"The progression is strongly centered on C major, with C:maj appearing prominently and G:7 functioning as the dominant seventh. Secondary dominants like D:7 (V7/V), A:7 (V7/ii), and C:7 (V7/IV) are used to tonicize other diatonic chords, a common jazz/blues technique, but all point back to C as the tonic. The D:min7 at the end further confirms C major tonality."
3633,Ab major,"All chords (F:min, C:min, Db:maj, Ab:maj, Bb:min, Eb:maj) are diatonic to Ab major / F minor. The most structurally prominent and frequently recurring chord with the greatest total duration is Ab:maj, and the common chorus progression F:min–Db:maj–Ab:maj–Eb:maj (vi–IV–I–V) strongly suggests Ab major as the tonic. The natural minor coloring (C:min as iii, Bb:min as ii) is consistent with a pop/rock treatment of Ab major."
114,E minor,"The chord sequence is centered on E minor, which appears most frequently and holds the longest duration (especially the final 9-second E:min). The other chords—A:min, C:maj, D:maj, G:maj, and D:7—are all diatonic to E natural minor (relative to G major). The occasional E:maj acts as a secondary dominant (V of Am), a common coloristic device in minor keys."
3106,Eb major,"The chord sequence strongly centers on Eb major, featuring the classic I (Eb:maj), V (Bb:maj), vi (C:min), and IV (Ab:maj) progression. The presence of Bb:7 (V7) resolving to Eb:maj and F:7 acting as a secondary dominant (V7/V) further confirm Eb major as the tonic."
5301,G major,"G major is clearly the tonic, appearing most frequently and for the longest durations. The progression features a chain of secondary dominants (E:7 → A:7 → D:7 → G:maj), which is a classic cycle-of-fifths pattern resolving to G. Supporting diatonic chords like E:min (vi) and C:maj (IV) further confirm G major as the key."
3096,C major,"The chord sequence is firmly rooted in C major, with C:maj as the most frequent and longest-held chord. The recurring D:7 → G:7 → C:maj progressions represent the classic V7/V → V7 → I cadential pattern in C major, and F:maj serves as the subdominant while F:min is a borrowed chord — all typical of C major harmony."
2149,C major,"The chord sequence strongly centers on C major, with the recurring progression D:7 → G:7 → C:maj forming a clear ii7-V7-I (or V7/V - V7 - I) cadential pattern. C:maj, G:7 (V7), A:min7 (vi), and F:maj (IV) are all diatonic to C major, and they appear most frequently and with longer durations. Chromatic chords like F:min, C:min6, F:aug, and G:min6 function as borrowed or passing chords common in C major jazz/pop harmony."
5008,G major,"The chord sequence revolves around G major as the tonic, with a repeated I-vi-ii-V progression (G:maj, E:min, A:min7, D:7) that is textbook G major. The dominant seventh chord D:7 consistently resolves back to G:maj, confirming G major as the key."
306,Bb major,"The chord sequence is dominated by Bb:maj (I) and F:maj/F:7 (V/V7), with Eb:maj (IV), C:min7 (ii7), and D:min (iii) all diatonically fitting Bb major. The recurring V7-I cadences of F:7 → Bb:maj firmly establish Bb as the tonic. Chromatic chords like G:7 (acting as V7/ii) and Ab:7 add color but don't undermine the clear Bb major tonality."
3225,C major,"The chord sequence is dominated by C, Dm, Em, F, G, and Am — all diatonic to C major. The G major chord functions as the dominant (V), F as the subdominant (IV), Dm as the supertonic (ii), and Am/Em as minor diatonic chords. The occasional D:maj (V/V), B:maj, and F:min appear to be chromatic/secondary-function chords that don't displace the overall tonal center of C major."
2475,Ab major,"The chord sequence is dominated by Ab:maj as the tonic, with Eb:7 functioning as the dominant (V7) and Db:maj as the subdominant (IV), all of which are core diatonic chords in Ab major. The frequent ii-V-I motion (Bb:min7 → Eb:7 → Ab:maj) further confirms Ab major as the key, with the A:dim chords serving as chromatic passing diminished chords."
5302,A major,"The chord sequence clearly outlines a blues progression in A major, with A:maj/A:7 functioning as the tonic (I), D:7 as the subdominant (IV7), and E:7 as the dominant (V7). The repeated I7-IV7-V7 pattern with dominant seventh chords throughout is characteristic of a 12-bar blues in A major."
3746,G major,"The chord sequence is clearly centered on G major, which appears most frequently as the tonic. The recurring progression of G:maj, E:min, D:7 outlines a classic I–vi–V7 pattern in G major, and the C:maj/C:7 chords function as IV. The brief G:7→C:maj move is a blues-inflected IV tonicization, and the A:7–D:7 functions as a secondary dominant leading back to G, all consistent with G major."
1761,Eb major,"The chord sequence is centered on Eb major, with the recurring progression Eb - Gm - Cm - Fm - Bb7 functioning as I - iii - vi - ii - V7 in Eb major. The F7/F9 chords act as secondary dominants (V7/V) leading to Bb7, and the C7 appears as another secondary dominant, all consistent with Eb major tonality."
6133,F major,"The chord sequence is strongly centered on F major, with the tonic (F:maj), subdominant (Bb:maj), and dominant seventh (C:7) appearing repeatedly throughout. Secondary dominants like F:7 (V7/IV) and passing chromatic chords like Bb:min6 (borrowed iv) and Db:7 (tritone sub of G7) are idiomatic embellishments common in jazz or blues in F major."
2845,Bb major,"The chord sequence strongly centers on Bb major, with Bb:maj appearing as a tonic chord throughout. The progression features diatonic chords (Eb:maj as IV, Gm as vi, Cm7 as ii, F:7 as V7) along with several secondary dominants (A:7 leading to D:min, G:7 leading to C:min), and a borrowed iv chord (Eb:min). The repeated ii–V–I motion (Cm7–F7–Bb) further confirms Bb major as the tonic."
6593,F major,"The chord sequence is anchored strongly in F major, with the I (F), IV (Bb), and V7 (C7) chords prominently featured throughout. The G:7 acts as a secondary dominant (V7/V) leading to C, while the A:7 → D:min pattern represents V7/vi resolving to the vi chord (D minor) within F major. The overall harmonic motion is consistent with F major tonality."
4796,Eb major,"The chord sequence strongly centers on Eb major. The recurring pattern Ab:maj7–Db:9–Eb:maj represents IV–bVII–I in Eb, and the F:min7–Bb:7 progression is a classic ii–V leading back to the tonic. The middle section further confirms Eb major with Ab:maj–Eb:maj–F:min7–Bb:7–Eb:maj7, a clear IV–I–ii–V–I in Eb. The chromatic chords (G:min7, C:9, F:7) function as secondary dominants within the Eb tonal framework."
3772,C major,"The chord sequence is strongly centered on C major, featuring the primary diatonic chords I (C:maj), IV (F:maj), V7 (G:7), vi (A:min), and ii (D:min). C:7 acts as a secondary dominant (V7/IV) leading to F:maj, and D:7 functions as V7/V leading to G:7, both common embellishments in C major. The sequence also concludes on C:maj, confirming the tonic."
1984,G minor,"The chord sequence is centered on G minor as the tonic, with clear i (G:min), iv (C:min), bVI (Eb:maj), bIII (Bb:maj), and bVII (F:maj) chords all diatonic to G minor. The repeated D:7 chord acts as the dominant seventh (V7) using the raised 7th from the harmonic minor scale, and the C#:dim7 functions as a diminished passing chord leading to D, both strongly confirming G minor as the key."
702,C major,"The chord sequence is strongly centered on C major, with C:maj as the most prominent chord, supported by F:maj (IV) and G:7 (V7) as primary diatonic pillars. The A:7 and D:7 function as secondary dominants (V7/ii and V7/V) within C major, and the C:7 near the end likely acts as a temporary dominant pivot toward F:maj, a common move in C major contexts."
5350,A minor,"The chord sequence is heavily centered on A minor, which appears most frequently and functions as the tonic. The surrounding chords—E:min, D:min, F:maj, G:maj, and C:maj—are all diatonic to A natural minor. The occasional E:maj chord suggests a harmonic minor inflection, where the dominant is raised to create a leading tone back to A minor."
3255,F major,"The chord sequence revolves around F major (I), Bb major (IV), and C7 (V7), which are the classic I-IV-V7 progression in F major. The F:7 chord acts as a secondary dominant (V7/IV) leading back to Bb, a common blues/gospel inflection that still firmly places the key in F major."
2316,F major,"The chord sequence is firmly rooted in F major, with the tonic (F:maj), subdominant (Bb:maj), and dominant seventh (C:7) all prominently featured. The A:7 and G:7 chords function as secondary dominants (V7/vi and V7/V respectively), which are common embellishments within a F major tonal framework."
6056,Eb major,"The chord sequence is heavily centered on Eb:maj as the tonic, with Bb:7 (the dominant seventh, V7) repeatedly resolving back to it. Supporting chords like C:min7 (vi) and F:min (ii) are diatonic to Eb major, confirming the key."
38,A minor,"The entire progression alternates between Am7 and D7, which is a classic i–IV vamp in A minor (Dorian). The D7 chord contains F#, the raised 6th degree characteristic of the Dorian mode, and Am7 functions as the tonic chord throughout. This strongly points to A minor as the key."
3485,Eb major,"The progression revolves around Eb, Bb, Ab, G, and C as the main chords. In Eb major, Eb = I, Bb = V, Ab = IV, with G major (III) and C major (VI) functioning as borrowed major chords instead of the diatonic minor iii and vi—a hallmark of rock harmony. The consistent pattern of Bb–Eb–G/C–Ab (V–I–III/VI–IV) strongly supports Eb as the tonic."
5978,Eb major,"The chord sequence is clearly centered on Eb major, with Eb:maj as the most frequent and structurally prominent chord. The surrounding chords strongly support this key: Bb:7 functions as V7, Ab:maj as IV, and F:min7 as ii, all diatonic to Eb major. Secondary dominants like C:7 (V7/F) and F:7 (V7/Bb) are consistent with a jazz/ragtime-style elaboration of an Eb major tonal center."
1477,C major,"The chord sequence revolves around C major, F major, and G major, which are the I, IV, and V chords of C major. C major appears most frequently and functions as the tonal center, with G major serving as the dominant and F major as the subdominant."
1171,C major,"The chord sequence is strongly centered on C major, with G:7 serving as the dominant seventh and F:maj as the subdominant. The chain of secondary dominants (E:7 → A:7 → D:7 → G:7 → C:maj) is a classic circle-of-fifths progression leading back to the tonic, and the Ab:maj chords are chromatic passing chords (bVI) common in C major contexts."
6062,C major,"The chord sequence repeatedly returns to C:maj7 as the tonic, with classic ii-V-I progressions (D:min7 - G:7 - C:maj7) confirming C major as the key. The chain of secondary dominants (A:7 - D:7 - G:7 - C:maj7) and the bridge section tonicizing E:min7 (as the vi chord) are all consistent with C major. The borrowed F:min7 and Bb:7 add typical jazz chromaticism (bIVm7 and bVII7) without undermining the overall tonic."
4949,A minor,"The progression is centered on A minor as the tonic, with strong supporting chords typical of A natural minor: Dm (iv), G7 (♭VII7), Cmaj7 (♭III), and Fmaj7 (♭VI). The C#dim7 functions as a secondary diminished chord (vii°7/iv) leading to Dm, further confirming the A minor tonality. The frequent and sustained return to Am throughout the sequence solidifies it as the tonic."
2600,F major,"F major is strongly supported by the frequent and long-duration appearances of F:maj as a tonic chord, with C:7 functioning as the dominant seventh (V7) repeatedly resolving to F. The chord sequence also features typical secondary dominants in F major: D:7→G:7→C:7→F forms a circle-of-fifths chain, and Bb:maj appears as the subdominant (IV), all consistent with F major."
2696,D major,"The chord sequence is heavily centered on D major, with a recurring I-IV-I-vi-V7 progression (D-G-D-Bm-A7) that strongly establishes D as the tonic. The A7 chord functions as the dominant seventh resolving to D, further confirming D major. The brief appearances of C major and A major represent minor chromatic excursions but do not displace the clear D major tonality."
3528,F major,"The chord sequence is heavily centered on F major, with Bb major (IV), C7 (V7), D minor (vi), and G minor (ii) all functioning as diatonic chords in F major. The A7 chord acts as a secondary dominant (V7/vi) leading to D minor, which is a common embellishment in F major. The overall harmonic progression strongly confirms F major as the tonic."
6118,Eb major,"The chord sequence is dominated by the ii-V-I progression F:min7 - Bb:7 - Eb:maj7, which strongly establishes Eb major as the tonic. The A:min7 - D:7 - G:maj sections are secondary ii-V-I excursions to the mediant (G major), a common jazz harmonic device, while the G:hdim7 - C:7(b9) - F:min7 suggests a brief tonicization of F minor (the ii chord), all of which orbit around Eb major as the home key."
6352,F major,"The two most prominent chords are F:7 (4s) and Bb:7 (5s), which function as the I and IV chords in an F blues progression. The descending chromatic turnaround (C7, A7, Ab7, G7, Gb7) is a classic blues device that leads back to the tonic F7, further confirming F as the tonal center. This is characteristic of a 12-bar blues in F major."
5632,C major,"C major is the clear tonal center, with C:maj appearing prominently and repeatedly as the resolution chord. G:7 functions as the dominant (V7) resolving to C throughout, and D:min and A:min serve as ii and vi respectively. The chain of secondary dominants (B7→E7→A7→Dm) is typical of jazz-style harmony tonicizing chords within C major."
5929,A minor,"The chord sequence is dominated by A:min7 throughout, with E:(3,#5,b7) (an augmented dominant 7th, E7#5) functioning as the V7 of A minor. Supporting chords like D:min7 (iv), C:maj7 (bIII), and F:9 (bVI) are all diatonic or common borrowed chords in A minor, firmly establishing A minor as the tonal center."
2416,C major,"The chord sequence is heavily centered on C major, with frequent I (C), IV (F), and V (G) chords, all diatonic to C major. The presence of Dm (ii) and G7 (V7) further confirms C major as the key."
3514,F major,"The chord sequence is built around the classic I–V7/ii–ii7–V7–I progression in F major: F:maj (I), D:7 (V7/ii), G:min7 (ii7), C:7 (V7). The bridge confirms F major with E:7–A:min (V7/vi–vi) and G:7–C:9 (V7/V–V), all secondary dominants functioning within F major. F major is the clear tonal center throughout."
6225,F major,"The chord sequence repeatedly features G:min → C:7 → F:maj, which is a classic ii–V–I progression in F major. F:maj appears as the primary tonic chord, C:7 serves as the dominant seventh, and G:min is the supertonic (ii). The D:7 and A:7 chords function as secondary dominants (V/ii and V/V respectively), common in jazz-influenced harmony centered on F major."
