track_id,key,explanation
2014,F major,"The sequence contains frequent returns to F major, D minor, and C major, which all fit within the F major scale. While there is some chromaticism, these diatonic chords anchor the progression in F major."
1533,G major,"The chord sequence heavily features the I (G major), IV (C major), and V (D major/D7) chords, which are the primary chords of the G major scale. The repetition of G major as the tonic and the presence of E minor as the vi chord further confirm G major as the key."
6213,Eb major,"The song is centered in Eb major, heavily relying on the I-IV-V progression (Eb, Ab, Bb). The frequent use of Ab minor (a common borrowed chord) and the temporary shift to G minor (the relative minor) are consistent with the functional harmony of the key of Eb major."
49,C major,"The chord sequence consists primarily of C major, F major, and G major chords, which correspond to the tonic (I), subdominant (IV), and dominant (V) in the key of C major. The frequent resolution to the C major chord confirms C major as the clear tonal center."
4347,Eb major,"The chord progression primarily features Eb major, Bb7, and Ab major, which function as the I, V, and IV chords in the key of Eb major. The inclusion of F minor and G minor as ii and iii chords further reinforces this diatonic relationship."
5028,Eb major,"The chord progression is centered in Eb major, heavily utilizing ii-V-I cadences (Fmin7-Bb7-Ebmaj7) and reinforcing Ebmaj7 as the primary tonic. While there are secondary harmonic movements such as the Gmin7-C7-Fmin7 progression and temporary shifts, the functional harmony clearly returns to and relies upon the Eb major tonality."
4424,Bb major,"The progression is centered around a repeating Bb:maj - C:min7 - F:7 - Bb:maj cycle, which is a standard I-ii-V-I harmonic pattern in Bb major. The sporadic diminished and chromatic chords act as brief passing tones between these functional harmonies."
1579,C major,"The progression is composed entirely of the chords C major, F major, and G major, which function as the I, IV, and V chords in the key of C major. The frequent resolution to the C major chord clearly establishes it as the tonic."
968,C major,"The chord sequence heavily utilizes the I-vi-ii-V progression (C-Am-Dm-G) and the I-IV progression (C-F), which are hallmarks of the key of C major. The consistent return to the C major tonic and the exclusive use of diatonic chords confirms C major as the key."
933,C major,"The chord sequence revolves around C major, F major, and G major chords, which function as the I, IV, and V chords in the key of C major. The persistent resolution to the C major chord and the occasional use of the D major chord as a secondary dominant to G confirm this tonal center."
2084,C major,"The harmonic sequence centers on C major, with repeated cadences resolving to C major throughout the piece. The progression frequently utilizes modal interchange chords such as C minor 6th and F minor 6th, which are characteristic of functional harmony in the key of C major."
3742,F major,"The chord progression is anchored around F major, which appears prominently throughout the sequence and serves as the resolution point for the C7 to F cadences. While there are several chromatic chords such as E major and Db7, they function as non-diatonic passing chords, and the overall harmonic stability resides firmly in F major."
4735,G major,"The chord sequence consists primarily of G major, C major, and D7, which correspond to the I, IV, and V chords in the key of G major. The presence of A7 chords functions as a secondary dominant (V/V) that resolves to D7, further reinforcing G major as the tonic."
3493,Eb major,"The chord sequence is heavily grounded in the Eb major scale, with frequent use of the tonic (Eb), subdominant (Ab), and dominant (Bb) chords, including a recurring ii-V-I progression (Fmin7-Bb7-Ebmaj). Although there is some transient chromaticism, the consistent return to the Eb tonic confirms Eb major as the key."
5006,Bb major,"The progression revolves around the I (Bb), IV (Eb), and V (F) chords, with frequent cadences including ii-V-I (Cmin-F7-Bb) and vi-V-I (Gmin-F7-Bb) patterns. These harmonic movements are strongly rooted in the Bb major key signature."
1097,G major,"The chord sequence consistently relies on ii-V-I progressions in G major, such as A:hdim7 - D:7(b9) - G:maj7. While the harmony frequently visits the relative minor (E minor) and utilizes chromatic turnarounds, the G major tonality remains the strongest organizing center."
2143,C minor,"The chord sequence consistently revolves around C minor, frequently using chords like C:min9, C:min7, F:9, and G:7. Although there are brief modulations to other keys like Eb Major and D Major, the frequent return to C minor establishes it as the primary key of the piece."
1668,F minor,"The progression consistently centers on F minor, utilizing the C7 chord as a dominant to resolve back to the tonic. This harmonic pattern, combined with the recurring F minor chords throughout the sequence, clearly establishes F minor as the key."
5859,G major,"The chord sequence is dominated by G major and D7 chords, which act as the I and V chords in the key of G major. The occasional inclusion of the C major chord, which functions as the IV chord, further reinforces G major as the key."
3438,C major,"The chord sequence consists primarily of C, F, and G7 chords, functioning as the I, IV, and V chords in the key of C major. The strong harmonic pull toward the C major chord clearly establishes it as the tonic."
1986,G minor,"The progression is dominated by a persistent alternation between G minor and F minor. Since G minor is the most frequent chord and functions as the stable tonic, G minor is the chosen key."
3508,G major,"The chord sequence consists primarily of G major, C major, D7, and A minor chords. These represent the I, IV, V, and ii chords in the key of G major, with the frequent returns to G major and D7 clearly establishing G as the tonic."
2969,G major,"The progression is consistently centered around G major, featuring frequent use of the tonic G, the dominant D7, and the supertonic Am7, which establishes a clear ii-V-I harmonic framework in G major."
402,F major,"The progression is centered around F major, utilizing its primary chords (F, Bb, C7) throughout. The frequent appearances of A7, D minor, and G minor are typical functional movements within the key of F major."
6432,G major,"The chord progression is dominated by G major, C major, and D major, which function as the I, IV, and V chords in the key of G major. The inclusion of A minor and E minor chords, which are the ii and vi chords respectively, further solidifies the key of G major."
2975,C major,"The chord progression is anchored in C major, evidenced by repeated ii-V-I (Dm-G-C) and I-IV-V (C-F-G) movements. Despite temporary excursions to other keys like E major and D minor, the piece repeatedly returns to C major, identifying it as the home key."
5482,C minor,"The chord sequence heavily relies on the alternation between C minor and G major, which function as the tonic (i) and dominant (V) in the key of C minor. The recurring presence of F minor acts as a subdominant (iv) chord, reinforcing the overall minor tonality centered on C."
3934,D minor,"The sequence consists entirely of D minor and A7 chords, which represent a standard i-V7 relationship within the key of D minor."
210,F major,"The sequence is strongly anchored to F major, which serves as the consistent tonic and home chord. The recurrent harmonic movement involving Ab major and Eb9 chords suggests a bluesy or Mixolydian-inflected progression that frequently resolves to F."
5498,G minor,"The chord sequence is heavily centered on G minor, with G:min7 and G:min9 acting as the primary tonic chords. The inclusion of Bb major, Eb major, and C minor supports a diatonic G minor harmonic framework, confirming the key."
2686,C major,"The chord sequence consistently returns to C major and frequently employs the ii-V-I progression (Dmin7-G7-Cmaj), which strongly establishes C major as the tonal center."
2376,C major,"The chord sequence begins with a repeated I-ii-V-I progression in C major, which clearly establishes the tonal center. Although the progression introduces some chromaticism and modal interchange chords later on, the harmonic framework consistently remains grounded in the key of C major."
246,C major,"The chord sequence consists primarily of C, F, and G7 chords, which represent the I, IV, and V chords in the key of C major. The frequent resolution to the C major chord clearly establishes C major as the tonal center."
5785,Bb major,"The harmonic progression is clearly centered around Bb major, featuring common functional chords such as the tonic (Bb), subdominant (Eb), and dominant (F), as well as frequent ii-V-I cadences (Cm-F-Bb). Secondary dominants, including C major (V/V) and D7 (V/vi), further reinforce the key of Bb major."
1346,A minor,"The progression is centered heavily around the A minor chord, which acts as the tonic. The frequent use of the F major (VI) chord, along with the E major (V) and D minor (iv) chords, establishes a clear A minor tonality."
5912,C major,"The chord sequence contains clear functional cadences, such as Dm7 to G7(b9) resolving to Cmaj6, which establish C major as the tonal center. While the sequence features a prominent, recurring riff based on A minor, the overall harmonic progression consistently resolves toward C major."
4357,F major,"The chord progression relies heavily on F, Bb, and C7, which correspond to the I, IV, and V chords of the F major scale. The consistent use of these chords confirms the key of F major."
755,C major,"The chord sequence is heavily anchored in C major, with many measures featuring C major chords and their extensions. While there are some temporary harmonic shifts towards A minor and G minor, these passages resolve back to the tonic C major, confirming it as the home key."
1215,C minor,"The chord sequence is centered around C minor, frequently alternating with the ii chord (D minor7(b5)) and utilizing the dominant chord (G7) to resolve back to the tonic. These patterns, along with secondary progressions leading into the relative major of Eb, strongly establish C minor as the key."
1468,F major,"The chord progression frequently utilizes ii-V-I (Gm7-C7-Fmaj6) and iii-vi-ii-V-I (Am7b5-D7-Gm-C7-Fmaj6) patterns, which are characteristic of F major. Despite some brief modulations to other key centers, the music repeatedly resolves back to the Fmaj6 chord, establishing F major as the tonic."
5226,C major,"The chord progression frequently centers around C major, often anchoring on C:maj6(9) and utilizing the primary diatonic chords C, F, and G. Although the piece features complex jazz-influenced chromaticism and secondary dominants, the harmonic motion consistently returns to the tonic of C."
2518,C major,"The chord sequence is dominated by an alternating vamp between C7 and Bb7 chords, which is characteristic of the C Mixolydian mode. While the latter part of the sequence introduces some chromatic movement and temporary shifts, the primary harmonic foundation remains firmly centered in C major."
2400,Eb major,"The chord sequence is based on chords diatonic to Eb major, frequently utilizing the I, iii, vi, and IV chords, which are characteristic of this key. The progression consistently resolves back to the Eb major chord, and the middle section introduces secondary dominants (like D7) and ii-V resolutions that are typical of a major key functional harmony centered on Eb."
3988,Eb major,The chord sequence consistently relies on the ii-V-I progression (F:min7 - Bb:7 - Eb:maj) in the key of Eb major. The frequent return to Eb:maj as the primary tonic and the established harmonic patterns confirm this key center.
4655,C major,"The chord sequence centers on C major as the tonic, with frequent use of the dominant chord G7. The progression uses secondary dominants like E7, A7, and D7 in a cycle of fifths that resolves back to the tonic, confirming C major as the key."
4604,C minor,"The chord progression relies heavily on the C minor tonic and the G7 dominant, which strongly establishes C minor as the tonal center. Other chords like Eb major are consistent with the C minor scale, confirming the key."
1856,E minor,"The chord sequence centers heavily around E minor, frequently utilizing the B major dominant chord and the A minor subdominant to reinforce the tonic. The recurring circle of fifths progression that resolves back to E minor further confirms this as the home key."
566,Eb major,"The chord sequence is dominated by the ii-V-I progression (F minor-Bb major-Eb major), which establishes Eb major as the primary tonal center. While there is a transient modulation to G minor, the sequence consistently returns to and concludes within the key of Eb major."
5668,C major,"The progression is centered around C major and G major chords, representing the I and V chords of C major. The inclusion of the D minor chord, which functions as the ii chord in C major, further solidifies this key signature."
2849,B major,"The harmonic sequence is anchored by the B major chord as the tonal center. The progression frequently utilizes diatonic chords such as C# minor (ii) and F#7 (V), which strongly resolve to the B major tonic, confirming B major as the key."
1589,Bb major,"The chord sequence is firmly rooted in Bb major, frequently using the primary triads (Bb, Eb, F7). The presence of chords like C7 (V/V), D7 (V/vi), and Gm (vi) are common functional elements that reinforce the tonic center of Bb major."
1439,F major,"The chord sequence frequently returns to F:maj6 and utilizes the G:9 to C:9 to F:maj6 progression, which is a classic II-V-I cadence in the key of F major. The remaining chords, including Bb:maj6 and C:min7, fit well within the diatonic functional harmony of F major."
419,Eb major,"The progression is consistently centered on Eb major, using Bb7 as the dominant to resolve back to the tonic Eb major. Frequent use of Eb major, Bb7, and F7, along with secondary dominants like C7, establishes a clear harmonic framework in the key of Eb major."
3248,Ab major,"The chord progression is centered around Ab major, frequently utilizing its tonic (Ab) and dominant (Eb) chords. The inclusion of common functional progressions, such as the ii-V-I cadences and the secondary dominant Bb:7 leading into Eb:7, confirms Ab major as the key."
1855,A major,"The sequence consistently returns to A major as the tonic chord. The use of E major (V) and D major (IV) establishes the diatonic framework, while the frequent inclusion of D minor (iv) leading to A major acts as a characteristic minor plagal cadence that reinforces the home key."
6134,Eb major,"The chord sequence is firmly anchored in Eb major, featuring frequent returns to the tonic chord, as well as the ii (F:min) and V (Bb:7) chords. Although there are secondary dominants like C:7, they are used to tonicize the ii chord within the key of Eb, maintaining the overall tonal center."
895,G major,"The chord sequence is firmly rooted in G major, utilizing functional harmonies like the C (IV), A minor (ii), and D7 (V) chords to establish the tonic. The repetitive structure of I-IV movements and the presence of the dominant D7 chord strongly reinforce the G major tonality."
6218,F major,"The chord sequence heavily emphasizes F as the tonal center, frequently alternating between F9 and C7/C7(#9) chords. The consistent return to F9 and the presence of the major third in the tonic chord strongly point to F major as the key."
3457,A minor,"The chord sequence frequently centers on A minor, utilizing chords like C major, G major, D minor, and F major. The inclusion of D major suggests a Dorian modal influence, but the overall harmonic context supports A minor as the tonal center."
6235,D major,"The chord sequence centers on the tonic (D major) and dominant (A major) chords, which appear frequently throughout the progression. The progression also features a sequence of secondary dominants (F# major to B major to E major to A major), which is a common device used to reinforce the key of D major."
6084,G minor,"The chord progression consistently oscillates between G minor and C minor, establishing G minor as the tonic key. The presence of G:7 acts as a secondary dominant leading into the C minor chord, reinforcing this tonal center."
1605,E major,"The sequence is consistently centered around E, with frequent use of the tonic E and dominant B, which establishes E major as the primary key. While there are appearances of F# major and D major that add modal mixture or chromaticism, the overall progression remains rooted in E major."
2645,F major,"The chord sequence is heavily centered around the tonic F major, featuring typical progressions such as I-ii-V (F-Gmin-C). The presence of secondary dominants like D7 and G7, alongside frequent returns to the F chord, further confirms F major as the established key."
4359,F major,"The chord sequence centers around F major, evidenced by the frequent use of F as the tonic chord, along with the IV (Bb) and V (C/C7) chords. The recurring ii-V-I progressions (Gmin7-C7-F) further solidify F major as the tonal center."
4451,G major,"The chord sequence centers on G major, utilizing the primary chords of the scale: I (G), IV (C), and V (D7). The presence of the minor iv chord (C minor) is a classic harmonic move that returns to the tonic (G), firmly establishing the key."
2706,Ab major,The chord progression prominently features the tonic chord (Ab major) and utilizes standard ii-V-I and circle-of-fifths progressions (such as Bb:min7-Eb:7-Ab:maj and C:7-F:7-Bb:7-Eb:7) that firmly establish Ab major as the home key.
5092,Bb major,"The chord sequence prominently features the tonic (Bb), subdominant (Eb), and dominant (F7) chords, which are characteristic of the key of Bb major. The regular repetition of these functional chords confirms Bb as the tonal center."
5794,C major,"The progression is built around the primary chords of C major, specifically I (C major), IV (F major), and V (G7). The presence of the D major chord serves as a secondary dominant (V/V) that resolves into the G7, which is a common technique in the key of C major."
2473,C major,"The chord sequence centers on C major, frequently utilizing ii-V-I and iii-vi-ii-V progressions typical of this key, such as Emin7-A7-Dmin7-G7. The constant resolution to C:maj6 and the cadential function of the G-based dominant chords further establish C as the tonal center."
3278,C major,"The chord progression frequently cycles between G7 and C major, which establishes C major as the tonal center. While the sequence includes a brief modulation into G major via an A minor to D7 to G major progression, the harmony consistently returns to C major."
3967,C major,"The chord progression frequently centers around the C:maj6 chord and utilizes standard ii-V-I cadences (D:min7 to G:7 to C:maj6) as well as secondary dominants like E:7 and D:7, which are hallmarks of the key of C major."
1028,D major,"The chord sequence consistently revolves around D major as the tonic, utilizing functional harmonic movements like ii-V-I (E minor-A7-D major) and the characteristic borrowing of G minor, which frequently resolves back to the tonic."
86,D minor,"The chord sequence repeatedly centers on D:min and utilizes the A:7 chord as the dominant to reinforce this tonic. Although there are brief shifts to D major and its relative chords, D:minor remains the primary tonal anchor throughout the progression."
5276,Eb major,"The chord sequence is centered around Eb major, frequently utilizing functional harmonies such as the tonic (Eb), dominant (Bb7), and subdominant (Ab major). The inclusion of the minor iv (Abmin6) and the sequence of secondary dominants (G7-C7-F7-Bb7) are characteristic of a jazz-influenced progression in Eb major."
1564,D major,"The chord sequence consistently features the D major tonic, along with frequent use of the subdominant (G) and dominant (A/A7) chords. The inclusion of diatonic chords like B minor and E minor, as well as the secondary dominant E major, further supports D major as the tonal center."
5940,G major,"The chord sequence consistently utilizes chords such as G major, D7, and A7, which establish G major as the tonal center. The inclusion of common progressions like ii-V-I (Am7-D7-G) and secondary dominants like B7 leading to E minor further reinforces the G major key context."
992,C minor,"The chord sequence is predominantly centered around C:min7, which functions as the tonic. The frequent use of F:min7 reinforces the key of C minor as the iv chord, and the scattered chromatic chords do not create a strong enough cadence to shift the tonal center away from C."
3371,Bb major,"The sequence utilizes various ii-V progressions that frequently resolve toward Bb major, such as Cmin7-F7 to Bbmaj. While it explores related tonal areas like F major and Eb major, the consistent return to Bb major-related harmony identifies it as the primary key."
5550,Eb major,"The harmonic progression is clearly anchored around Eb major, featuring frequent use of the tonic (Eb), subdominant (Ab), and dominant (Bb7) chords. Secondary dominants like C7 and F9 help establish and reinforce this tonal center throughout the progression."
3780,Eb major,"The progression is centered around frequent ii-V-I cadences (Fmin7-Bb7-Ebmaj7), which is characteristic of the key of Eb major. Secondary chords like Gmin7 and C7, as well as occasional borrowed chords like Abmin7, are common stylistic variations within this key."
3580,C major,"The chord sequence consists primarily of C major, F major, and G major chords, which are the I, IV, and V triads in the key of C major. The consistent return to the C major chord confirms it as the tonic."
5175,G major,"The progression consists primarily of chords within the G major scale, such as G, Am, C, and D7, with frequent resolutions to the G major tonic chord. The presence of these chords, along with the A7 secondary dominant, strongly establishes G major as the key."
3190,F major,"The sequence is consistently centered on the F major chord, using the dominant (C7) and subdominant (Bb major) to establish a strong tonal center. The inclusion of G minor and A minor chords fits naturally within the F major scale, confirming it as the key."
507,F major,"The progression frequently centers on the F major chord and utilizes common jazz turnaround sequences, such as ii-V-I progressions (Gm7-C7-F) and chromatic dominant substitutions (Db7 to F), which are characteristic of the key of F major."
2852,G major,"The chord sequence frequently centers on G major chords and utilizes standard ii-V-I progressions (Am7-D7-Gmaj7) in G major, alongside common jazz secondary dominants like B7 and E7, confirming G major as the key."
4212,F major,"The chord progression is dominated by repeated ii-V-I sequences in F major (Gmin-C7-Fmaj). Other chords, such as D7 and A7, function as secondary dominants leading towards the ii chord, further reinforcing F major as the tonic."
5633,C major,"The chord sequence consists primarily of C major, F major, and G7 chords, which represent the I-IV-V chord progression in the key of C major. The frequent return to the C major chord indicates that it functions as the tonic."
310,F major,"The progression is strongly defined by frequent use of F major and C7, representing the I and V chords in F major. The occurrence of ii-V-I cadences in F (Gmin7-C7-F) and the resolution to Fmaj6 at the end clearly confirm the tonic as F major."
1142,C minor,"The chord sequence revolves around C minor as the tonic chord, to which the progression frequently returns. The use of the G major chord as a dominant function (V) in a minor context, alongside subdominant (F minor) and relative major (Eb major) harmonies, strongly supports C minor as the key."
6296,C minor,"The chord sequence is centered on C minor, utilizing chords like C minor, F minor, D half-diminished, and G7(b9). The recurring ii-V-i cadential movement (D half-diminished to G7(b9) to C minor) strongly supports the key of C minor."
3349,G major,"The chord sequence establishes a clear G major foundation early on with standard I-V and ii-V-I cadences. While the latter half of the song introduces a series of chromatic modulations, these function as sequential deviations that do not override the initial and overarching tonic of G major."
6594,C major,The chord sequence is dominated by the functional ii-V-I progression in C major (Dmin7-G7-Cmaj7). The presence of secondary dominants like E7 leading to A minor and D7 leading to G7 further reinforces the tonal center of C major.
1376,C major,"The progression is grounded by the frequent return to C:maj7, which serves as the tonic. The sequence utilizes common jazz harmonic devices such as the cycle of fifths resolution (A:7 to D:7 to G:7 to C:maj7) and the backdoor progression (F:min7 to Bb:7 to C:maj7), all of which strongly reinforce C major as the key."
2348,C major,"The sequence establishes C major through constant use of the tonic chord and standard harmonic resolutions like G7 to C. The presence of secondary dominants and the circle of fifths progression reinforce this key, while the final section introduces the relative minor (A minor) and its dominant (E major)."
6252,G major,"The chord sequence consistently relies on the G major tonic, supported by its dominant (D, D7) and subdominant (C) chords. The usage of secondary dominants, such as E7 resolving to A minor, is typical of G major functional harmony."
3303,C major,"The progression frequently uses the ii-V-I cadence (Dm7-G7-C) and the characteristic IV-iv-I (F-Fm-C) plagal cadence, which strongly establishes C major as the tonic."
2295,E minor,"The chord sequence centers on E minor, with frequent returns to this chord serving as a tonic. The presence of the B7 chord acting as a dominant (V) resolving to E minor confirms the key is E minor."
4235,Eb major,"The sequence consistently employs the ii-V-I progression (F min7 - Bb 7 - Eb maj), which is a primary indicator of the key of Eb major. Additionally, the use of the minor iv chord (Ab minor 6) resolving to the tonic (Eb major) is a classic harmonic device that further confirms Eb major as the tonal center."
2531,Bb major,"The chord progression relies heavily on Bb major, Eb major, and F major, which function as the tonic (I), subdominant (IV), and dominant (V) chords in the key of Bb major. The additional use of D minor (vi) further confirms this key center."
796,F major,"The chord progression consistently returns to Fmaj7 as a tonic center and makes frequent use of standard ii-V progressions like Gm7-C7, which are characteristic of F major. The presence of A-hdim7 and D7(b9) functions as a secondary ii-V leading to the G minor chord, which is a common harmonic movement within the key of F major."
287,A major,"The sequence heavily oscillates between A major and G major, and later E major and D major, which is characteristic of the A Mixolydian mode. Given that the piece centers around these harmonic patterns for the majority of the duration, A major is the most appropriate key."
6359,Bb major,"The chord sequence primarily alternates between F:7 and Bb:maj, which strongly establishes a V-I relationship in the key of Bb major. The inclusion of G:min and D:7 functions as the vi chord and its secondary dominant (V7/vi) within the context of the key."
6589,D major,"The sequence is composed entirely of chords diatonic to the D major scale, including the tonic (D major), subdominant (G major), dominant (A major), and the vi (B minor) and iii (F# minor) chords. The consistent return to D major throughout the progression strongly establishes it as the tonic."
5336,D major,"The chord progression centers on D major, utilizing diatonic chords such as the ii (E minor), vi (B minor), and V (A7). The recurring G minor chord acts as a borrowed minor iv, a common harmonic device within the key of D major."
4125,A minor,"The chord sequence centers on the repeated alternation between A minor and C major, establishing A minor as the clear tonic. The later appearance of D major chords is common in the A Dorian mode or as an extension of the A minor harmony, reinforcing the home key of A minor."
2327,C minor,"The chord sequence consists primarily of C minor, Ab major, and Bb major, which form a common i-VI-VII progression in the key of C minor. The frequent repetition of these chords confirms C minor as the tonal center."
3200,E minor,"The progression centers around E minor as the tonic, using A minor and B7 as the iv and V7 chords, which strongly establishes E minor as the key."
3257,F major,"The chord sequence is heavily centered around F major, featuring repeated ii-V (Gmin7-C7) and I (F) progressions. Other chords like Bb and D7 function within the diatonic context or as secondary dominants typical of the key of F major."
4123,D major,"The chord progression is dominated by D major, A major, and G major, which are the I, V, and IV chords in the key of D major. The frequent use of E7 as a secondary dominant leading to A reinforces the tonal center as D."
2312,C major,"The chord sequence frequently utilizes the tonic (C), subdominant (F), and dominant (G) chords of C major. While it begins with a focus on G major, the harmonic progression stabilizes around C major, concluding with multiple cadences (IV-I and V-I) that strongly confirm C major as the tonal center."
1664,Bb major,"The chord sequence primarily utilizes chords diatonic to the Bb major scale, such as the I (Bb), IV (Eb), and V (F) chords, along with the ii (Cmin) chord. Frequent returns to the Bb major chord confirm it as the tonic, establishing Bb major as the clear key."
1452,A major,"The chord sequence prominently features A major as the tonic, supported by common functional chords in that key such as D major (IV), E major (V), and F# minor (vi). The recurring presence of these chords strongly establishes A major as the tonal center."
924,D major,"The chord sequence is anchored by D major, which appears repeatedly as the resolution point. The frequent A7 chords functioning as dominant chords leading into D major strongly support D major as the tonal center, despite the presence of significant chromaticism and complex borrowed chords."
3063,F major,"The chord progression frequently oscillates between D minor and F major, which are relative keys. Given the consistent resolution to F major, particularly in the latter half of the sequence through common ii-V-I progressions (Gm7-C7-F), F major is the most appropriate key center."
368,Bb major,"The chord progression frequently centers on Bb major as the tonic, supported by standard functional harmony within that key, such as the V (F major), IV (Eb major), and V/V (C7) chords."
4782,A minor,"The chord sequence primarily alternates between A minor and D minor, with an E7 chord acting as a strong dominant, which is a hallmark of the A minor key. A minor functions as the clear tonic throughout the progression."
5250,F major,"The chord progression is dominated by the I chord (F major) and the V7 chord (C7), which establishes a clear F major tonal center. The inclusion of the ii chord (G minor) and the D7 chord, which functions as a secondary dominant to the G minor chord, further confirms this key."
2520,C major,"The chord sequence consists of a repeating Dmin7, G7, and Cmaj progression, which functions as a classic ii-V-I cadential movement that strongly establishes C major as the tonic."
5210,Bb major,"The chord sequence frequently returns to Bb major as the tonic and relies on standard functional progressions such as Bb:maj-F:7-Eb:maj (I-V-IV). Additionally, the use of C:7 and C:9 chords functions as a secondary dominant (V/V) to lead toward the dominant F:7, which is characteristic of the key of Bb major."
6058,C major,"The harmonic progression is clearly centered around C major, featuring frequent tonic resolutions (C:maj) and standard functional sequences such as the ii-V-I (D:min7, G:7, C:maj) and circle-of-fifths secondary dominant chains (E:7, A:7, D:7, G:7) that establish and reinforce the tonic."
2311,D major,"The chord sequence consistently features D:maj, B:min, E:7, and A:7, which functions as a classic 'I-vi-ii-V' progression in the key of D major. The inclusion of G:maj and E:min7 further reinforces the D major tonal center."
4675,G minor,"The chord sequence consistently revolves around the G minor tonic and the D7 dominant, indicating a clear G minor tonality. The frequent use of G minor, D7, and C minor chords strongly reinforces this harmonic center throughout the progression."
5256,D major,"The chord sequence cycles through several tonal centers using ii-V-I progressions, including E major and C major. However, because the piece begins and concludes on a Dmaj7 chord and concludes with an Em7-A7-Dmaj7 cadence, D major is the most appropriate tonal center."
858,C major,"The chord sequence centers on C major, utilizing functional cadences like ii-V-I (Dmin7-G7-C) and frequently returning to the tonic. While the progression modulates to Eb major and G major, these are transient and the overall harmonic stability resides in C major."
2484,Eb major,"The chord sequence is centered around the Eb major chord acting as the tonic, supported by frequent appearances of the ii-V progression (F minor and Bb dominant 7) resolving back to the tonic. The use of the IV chord (Ab major) further reinforces Eb major as the key."
2133,G major,"The chord progression is clearly centered around G major, utilizing the I (G:maj), ii (A:min), and V (D:7) chords throughout. The use of E:7 as a secondary dominant to the ii chord, along with chromatic substitutions like Eb:7 and the minor iv chord (C:min), are common expansions of the standard G major harmonic vocabulary."
237,F major,"The chord progression predominantly uses the F major, Bb major, G minor, and C7 chords, which are the I, IV, ii, and V chords in the key of F major. The repeated cadence patterns and the consistent return to the F major tonic strongly establish F major as the key."
2107,C major,"The chord sequence consists primarily of chords diatonic to the key of C major, including the tonic (C), subdominant (F), dominant (G), and relative minor (Am). The frequent resolution to the C major chord and the use of the secondary dominant D7, which resolves to G, strongly establish C major as the tonal center."
6328,F major,"The chord progression frequently cycles between F, Bb, and C, which correspond to the tonic, subdominant, and dominant chords in the key of F major. The resolution to F major as the primary tonal center strongly supports this key assignment."
2301,D major,"The chord sequence consists primarily of D major, A major, B minor, F# minor, and G major, which correspond to the I, V, vi, iii, and IV chords in the key of D major. This diatonic progression strongly establishes D major as the tonal center."
1408,C major,"The harmonic progression is clearly anchored in C major, featuring the primary functional chords of the key: C (I), G7 (V), and D minor (ii). Frequent cadences resolving to C major and the overall stability of these chords confirm C major as the tonic."
350,C major,"The sequence alternates between C major and G7 chords, which act as the tonic (I) and dominant (V) chords, respectively. This progression strongly establishes C major as the tonal center."
6040,F major,"The chord progression is clearly rooted in F major, featuring the tonic (F), subdominant (Bb), and dominant (C7) chords extensively throughout the sequence. The frequent recurrence of F major as the anchor point, combined with standard cadences to the tonic, confirms F major as the key."
3198,F major,"The chord progression is dominated by G minor, C7, and F major chords, which function as the ii, V, and I chords in the key of F Major. The frequent return to F major and the inclusion of the IV chord (Bb major) strongly establish this as the tonic key."
4129,D major,"The chord sequence is composed of D major, G major, and A7 chords, which correspond to the I, IV, and V chords in the key of D major. The frequent tonicizations of D and the movement between the I, IV, and V chords confirm that D major is the key."
3905,Bb minor,"The progression repeatedly centers around the ii-V movement of Bb minor7 to Eb7, which is a foundational ii-V pattern in the key of Bb minor. Despite significant chromaticism and complex jazz-style extended chords, the sequence consistently returns to these Bb minor tonal centers and resolves on Bb:min9."
2135,D minor,"The chord sequence centers on D minor and features its dominant, A7, prominently. Other chords like F major, G minor, and C7 are all compatible with the D minor key, reinforcing this tonality throughout the piece."
5202,C major,"The progression features the primary chords of C major: C major (I), F major (IV), and G major (V), with A minor (vi) appearing as the relative minor. The frequent returns to C major and the standard functional harmony indicate that C major is the tonic key."
4394,G major,"The chord sequence centers on G major as the tonic, characterized by its frequent return and duration. The progression includes typical blues-rock substitutions like the bVII (F major), bIII (Bb major), and bVI (Eb major) chords, which are common in G major or G Mixolydian compositions."
3183,F major,"The chord progression is dominated by the I-vi-ii-V (F-Dm-Gm-C7) and I-vi-IV-V (F-Dm-Bb-C7) patterns, which are characteristic of F major. The frequent resolution to the F major chord and the use of supporting diatonic chords like A minor further confirm the key."
4147,D minor,"The chord progression is centered around D minor as the tonic and utilizes the dominant chord A major/A7 to establish the key. The inclusion of F major, C major, and G minor chords further reinforces the D minor tonality, as these are all diatonic chords within that scale."
6617,D major,"The chord sequence consistently centers around D chords as the primary harmonic anchor, frequently utilizing A:7 to resolve back to D:maj6. While there are modulations and chromatic movements, the progression heavily relies on the D major tonic and cadences associated with it."
713,F major,"The progression is built on frequent ii-V patterns, such as Gmin7-C7 and Cmin7-F7, which center around the key of F major. The inclusion of the vi chord (D minor) and its secondary dominant (A7) further reinforces F major as the tonal center."
2643,G major,"The chord progression is dominated by G, C, and D chords, which are the I, IV, and V chords in the key of G major. The frequent G major tonic and resolutions from D7 to G major clearly establish G major as the key."
5167,C major,"The chord sequence centers on C major, utilizing a clear ii-V-I cadence structure (Dm7-G7-Cmaj7) and a cycle of fifths (Em7-A7-D7-G7-Cmaj7) that resolves to the tonic. The inclusion of the Fmin chord acting as a minor iv (a common modal interchange in C major) further reinforces this tonal center."
5666,C major,"The chord progression prominently features C major, G7, and D minor chords, which function as the I, V, and ii chords in the key of C major. The frequent resolution to the C major chord confirms C major as the established tonic."
3158,G minor,"The chord sequence centers on G:min7 and features recurrent ii-V-i cadences, specifically using A:min7(b5) and D:7 to resolve to G:min, which strongly points to G minor as the key."
5257,C major,"The chord sequence is dominated by the primary triads of C major (C, F, G), with frequent returns to C major as the tonal center. The use of secondary dominants like A:7 resolving to D:min and G:7 resolving to C supports the key of C major throughout the piece."
2935,Eb major,"The chord sequence consistently revolves around the I (Eb), IV (Ab), and V (Bb) chords, which establish Eb major as the tonal center. The use of secondary dominants like F7 and G7, alongside consistent cadences to Eb, confirms this key."
2565,G major,"The chord sequence centers on G major, frequently using the ii-V-I progression (A minor, D, G). The presence of secondary dominants and borrowed chords like C minor are common in this harmonic context, confirming G major as the home key."
3641,A minor,"The chord progression is dominated by an A minor, G major, and F major sequence, which is a characteristic i-VII-VI movement in A minor. The presence of secondary dominants like A major (leading to D:min) and E:7 (leading to A:min), along with standard ii-V-I progressions, further confirms A minor as the home key."
4238,F major,"The progression is centered around F major, frequently using the I-ii-V-I sequence (F-Gm-C7-F). The inclusion of D7 as a secondary dominant to the ii chord and Bb minor as a borrowed iv chord are common harmonic embellishments within the key of F major."
798,G major,"The harmonic progression is centered around the G:maj (I), C:maj (IV), and D:7 (V) chords, which strongly establish the key of G major. Secondary dominants like A:7 and E:7, along with the usage of the minor subdominant chord (C:min), are characteristic idiomatic features commonly found in the key of G major."
6372,E major,"The chord sequence consists entirely of an E7 chord, which often functions as the tonic in a blues or rock context using the Mixolydian mode. Given the lack of other harmonic information, E major is the most logical interpretation."
447,F major,"The chord progression is centered on F major, as evidenced by the frequent use of the tonic (F), subdominant (Bb), and dominant (C7) chords. The inclusion of D7, G7, and C7 indicates a standard circle-of-fifths progression that functions as a secondary dominant chain leading back to the tonic, further confirming the key of F major."
5721,D minor,"The harmonic progression consistently revolves around D minor, utilizing G minor and A dominant chords as primary functional components (ii-V-i). Despite brief modulations to other keys and chromatic passages, D minor remains the most frequent and central tonic."
1162,Ab major,"The chord sequence heavily features the ii-V progression (Bb:min7 to Eb:7), which is characteristic of the key of Ab major. Furthermore, the piece frequently returns to these chords and concludes with an Ab:maj6, which provides a strong tonic resolution."
2051,A minor,"The progression centers around the A minor chord and utilizes E augmented and E7 as the dominant, which are characteristic of the A minor key. Additionally, the inclusion of F minor as a borrowed chord and frequent returns to the tonic further support A minor as the key."
624,C major,"The chord sequence primarily utilizes chords diatonic to the C major scale, such as C, Dm, Em, F, G, and Am. Although there is some chromatic movement, the progression frequently resolves to or highlights the C major chord, which concludes the segment with a long duration."
3253,C major,"The chord sequence features multiple ii-V-I progressions, most notably the D:min7(b5) to G:7 to C:maj7, which serves as a recurring harmonic anchor. Although there are borrowed chords from F minor and a brief excursion to Bb major, the frequent resolution to C:maj7 confirms C major as the primary key."
805,F major,"The chord progression frequently utilizes the I, IV, and V chords (F, Bb, C) of F major, creating a clear harmonic center. While the latter part of the sequence introduces chromaticism, the progression is consistently anchored around the F tonic, with the final F:7 chord reinforcing this key."
6366,Eb major,"The song is centered in Eb major, evidenced by the recurring ii-V-I progressions (Fmin7-Bb7-Ebmaj7) and stable Ebmaj7 tonality. Although the piece briefly modulates to G major in the middle section, it consistently returns to the primary Eb major key."
3533,Bb major,"The chord sequence primarily oscillates between Bb major and F major, establishing a strong I-V relationship in the key of Bb major. The inclusion of the C major chord functions as a secondary dominant (V of V), reinforcing the tonal center of Bb."
3972,Ab major,"The chord sequence consists primarily of Ab major, Db major, and Eb7 chords. These represent the I, IV, and V7 chords in the key of Ab major, which establishes a clear functional harmonic progression in that key."
1257,Bb major,"The chord sequence is firmly grounded in Bb major, frequently using the tonic (Bb major), subdominant (Eb major), and dominant (F major/F7) chords. The inclusion of secondary dominants like C7 and common functional progressions such as ii-V-I further confirms Bb major as the tonal center."
10,F minor,"The chord sequence centers around F:min6 as the primary tonic. Functional harmonies, such as the G:min7(b5) to C dominant chords resolving to F minor, confirm that the progression is firmly established in the key of F minor."
3131,G major,"The chord sequence consistently revolves around the G major, A minor, and C major chords, which correspond to the I, ii, and IV chords in the key of G major. The frequent return to G major as a resolution point throughout the progression strongly establishes it as the tonic."
5151,E minor,"The chord sequence consistently revolves around the progression E minor, A major, F# minor, and B major. This cycle is characteristic of E minor, specifically employing the Dorian mode, given the use of A major and B major chords."
551,A major,"The chord sequence centers on A major, featuring primary chords such as A (I), D (IV), E (V), and the relative minor F#m (vi). The inclusion of secondary dominant chords like C#7 and borrowed chords like C (bIII) and G (bVII) are common stylistic devices in the key of A major."
1431,C major,"The progression features recurring ii-V-I cadences resolving to C major (D:min7, G:7, C:maj) and contains movements toward F major as a subdominant area. The harmonic resolution to C major as the final tonal center confirms the key."
4871,Bb major,"The chord sequence centers around Bb major, frequently using the iv-V-I cadence (Ebm-F7-Bb) which is a hallmark of this key. The inclusion of secondary dominants like C7 and G7 supports the harmonic function of Bb major as the tonic."
4177,D minor,"The chord sequence is heavily centered around the D minor tonic, with frequent use of the iv (G minor) and V (A7) chords. The consistent V-i cadences (A7 to D minor) and the primary focus on D minor throughout the progression confirm D minor as the key."
4676,Bb major,"The song predominantly uses Bb major, G minor, Eb major, and F major chords, which form a strong I-vi-IV-V progression clearly establishing Bb major as the tonic. Occasional occurrences of D major and Db major function as chromatic passing chords that do not disrupt the overall harmonic center."
3061,Bb major,"The chord sequence is composed almost entirely of Bb major, Eb major, and F dominant seventh chords, which correspond to the I, IV, and V chords in the key of Bb major. The consistent return to the Bb major chord establishes it clearly as the tonic."
1666,C major,"The chord sequence heavily features the progression C major, A minor, F major, and G7, which corresponds to the I, vi, IV, and V chords in the key of C major. The inclusion of E7, which acts as a secondary dominant leading to A minor, is consistent with the established functional harmony of this key."
6348,C major,"The chord sequence centers around C major, frequently resolving to it and employing standard secondary dominant progressions like A7 to D7 to G7 to C. While there are modulations and tonicizations of other chords, the primary harmonic focus remains on C major."
1512,Eb major,"The chord progression is clearly centered on Eb major, characterized by the frequent alternation between the tonic (Eb major) and the dominant (Bb major or Bb7). The inclusion of C:7(b9) and F:hdim7 provides standard harmonic movement that reinforces the home key of Eb major."
1706,D minor,"The chord sequence frequently returns to D:min, often using A:7 as a dominant chord to establish it as the tonic. While there are prominent sections that modulate to A minor using E:7 as a secondary dominant, the overarching harmonic structure revolves around D minor."
1505,F major,"The chord progression prominently features the tonic (F major), subdominant (Bb major), and dominant (C major) chords, which are the primary chords in the key of F major. The inclusion of A minor, G7, and D minor further reinforces this tonal center."
3956,G major,"The progression is centered around the I-IV-V chords (G, C, D7) in G major, which appear frequently throughout the sequence. The minor chords (G minor and C minor) near the end serve as a brief harmonic shift, but the overall tonal gravity remains firmly rooted in G major."
3297,F minor,"The chord sequence oscillates between dominant-related chords and settles on an F minor6, which functions as the tonic. The frequent presence of C7 (the V chord in F minor) and Eb major (the VII chord in F minor) strongly supports F minor as the tonal center."
2515,C major,"The progression frequently centers on C major and utilizes clear ii-V-I cadences (Dmin-G7-C), which are characteristic of that key. While there are secondary dominants and chromatic chords present, the harmonic structure consistently resolves back to C major."
4170,C major,"The chord progression consistently revolves around C major, utilizing F major (IV) and Bb major (bVII) chords. This I-bVII-IV harmonic pattern is a standard progression found in C major, particularly in rock and pop music."
5649,F major,"The chord sequence primarily revolves around F major, C major, and D minor. These chords function as I, V, and vi respectively in the key of F major, and the repeating nature of the progression strongly establishes F as the tonic."
5176,G major,"The progression repeatedly centers on G major, utilizing common jazz-style chromatic passing chords like G#dim7 and Bbdim7. The inclusion of secondary dominants and the minor iv chord (Cm) resolving back to G are characteristic features of the key of G major, reinforced by the final ii-V cadence (Am7-D7) resolving toward the tonic."
6364,G major,"The chord sequence consists primarily of G major, D7, and C major chords, which represent the I, V7, and IV chords in the key of G major. The frequent return to the G major chord and its function as the harmonic center strongly establishes G major as the key."
1527,F major,"The progression is heavily centered around F major, frequently using the classic I-vi-ii-V (F-Dm-Gm-C) turnaround. Although there are temporary shifts to C major and Bb major, the song consistently returns to the F major harmony, confirming it as the tonic key."
1017,Bb major,"The chord sequence centers on Bb major, evidenced by the frequent use of F7 and Faug as dominants resolving back to the tonic Bb major. Supporting chords such as Eb major and C minor further solidify this as a traditional functional progression in the key of Bb major."
4349,C major,"The chord sequence primarily revolves around C major, demonstrated by frequent cadences resolving to C. Although there is a prominent section modulating to the relative minor (E minor), the piece consistently returns to C major for its resolution."
5907,C minor,"The progression is rooted in C minor, frequently using the tonic C minor chord and the G7 dominant chord to establish the key center."
4058,Eb major,"The chord sequence centers around Ebmaj7, which acts as the tonic. Common functional harmonies in the key of Eb major, such as the ii-V-I progression (Fmin7-Bb7-Ebmaj7), are clearly present throughout the progression, confirming the key."
5603,E minor,"The chord sequence frequently returns to E minor following a B7 chord, creating a clear V-i relationship. The inclusion of an F#m7(b5) leading to B7 further strengthens E minor as the home key."
3650,C major,"The chord progression relies heavily on the I, IV, and V chords (C, F, G) within the key of C major. Frequent resolution to the C:maj chord and standard cadences like G7 to C confirm C major as the tonal center."
622,C major,"The chord sequence centers heavily on C major, which appears frequently throughout the progression. The presence of functional chords like G:7 (the dominant) and D:7 (the secondary dominant), along with the borrowed F:min chord, is characteristic of the key of C major."
765,A minor,"The song is centered around A minor, as evidenced by the long opening chord and the recurring A minor to E major (i-V) cadence. While the progression includes a brief ii-V-I sequence in the relative major key of C major, the piece maintains its foundation in the A minor tonality throughout."
2003,F major,"The chord sequence consistently revolves around the F major tonic chord, frequently utilizing the ii-V-I progression (G minor, C7, F major), which strongly establishes F major as the key."
1051,F major,"The progression consistently establishes F major as the tonic by frequently using the C7 to F major cadence. While there are temporary shifts and modulations, including sections focused on C major and F minor, the harmonic structure predominantly centers on F major throughout the piece."
3021,G major,"The progression is consistently centered on the G major chord and utilizes a common functional harmonic cycle (I-IV-ii-V), specifically G, C, Am, and D7. The presence of E7 acts as a secondary dominant leading to the A minor chord, which is typical in the key of G major."
2069,Eb major,"The harmonic structure centers on the key of Eb major, frequently utilizing its relative minor (C minor) through ii-V-i progressions such as D:hdim7-G:7-C:min7 and ii-V-I progressions like F:min7-Bb:7-Eb:maj. These standard jazz cadences consistently emphasize these two tonal centers, with Eb major acting as the overarching home key."
5700,A major,"The chord sequence primarily features the A major chord, along with B minor and E major, which function as the I, ii, and V chords in A major. Although the progression shifts to F# minor, which is the relative minor, it ultimately returns to A major, establishing it as the tonic."
5194,G major,"While the sequence begins with a G minor cadence, it quickly shifts into a G major tonality. The rest of the chord progression is centered on the I-IV-V relationship in G major, using G, C, and D7 chords to establish the key."
3039,A minor,"The chord sequence centers on A minor, evidenced by the frequent return to A:min7 as a home chord. The use of B:min7 and E chords creates a ii-V-i progression in A minor, and the recurring G:min7-C-F:maj7 segments function as secondary harmonic movements that resolve back to the tonic."
1317,G major,"The chord sequence prominently features the chords G major (I), C major (IV), A minor (ii), and D7 (V), which form a standard I-IV-ii-V progression in the key of G major. The frequent return to the G major chord confirms it as the tonal center."
976,C major,"The chord sequence cycles primarily between C major, D minor 7, and G7, which represents a clear ii-V-I progression in the key of C major. The consistent return to C major as the tonic confirms this tonal center."
521,F major,"The chord sequence consists of D minor, B major, F major, and A minor. Given that B major is likely a misidentification of Bb major, this progression (vi-IV-I-iii) is a standard sequence within the key of F major."
1787,Eb major,"The chord sequence is dominated by the ii-V-I progression (Fm7-Bb7-Ebmaj7), which strongly establishes Eb major as the tonic. While there are functional diversions into related chords or secondary ii-V progressions (such as those leading to C minor or F minor), the overall harmonic structure consistently resolves to Eb major."
3053,F major,"The chord progression is driven by frequent ii-V-I sequences, such as Gmin7-C7-Fmaj7 and Amin7-D7-Gmin7. The frequent resolution to F major chords, along with the overall harmonic structure, strongly establishes F major as the tonic."
3274,F major,"The progression is consistently built around the I-VI-ii-V sequence in F major, using chords like F, D7, Gm, and C7. The recurring use of these chords, along with common borrowed chords like the Bb minor, strongly establishes F major as the tonal center."
6093,G major,"The progression is rooted in G major, frequently cycling through the tonic (G), subdominant (C), and dominant (D7) chords. The inclusion of secondary dominants like B7 (V/vi), A7 (V/V), and E7 (V/ii) reinforces the functional harmonic structure typical of the key of G major."
568,Eb major,"The chord sequence primarily utilizes ii-V-I progressions (F:min7 - Bb:7 - Eb:maj) in the key of Eb major. Although there is a brief modulation to G major mid-sequence, the harmony consistently returns to and settles on Eb major as the tonic."
3308,Eb major,"The chord sequence primarily utilizes the progression Eb major, C minor, F minor, and Bb major, which is a classic I-vi-ii-V progression in the key of Eb major. Although there is a brief modulation to Ab major, the song consistently returns to the Eb major tonal center throughout."
4486,F major,"The sequence is strongly centered around F major (I) and C7 (V), which indicates a F major tonality. The frequent use of Bb major (IV) and secondary dominants like G7 (V/V) and A7 (leading to D minor) is consistent with the functional harmony of the F major scale."
6113,F major,"The chord sequence establishes F major through ii-V-I patterns at the beginning and frequently returns to it or related chords before undergoing a series of modulations, making F major the primary tonal center for the piece."
4210,D major,"The progression is centered around D major, frequently returning to the tonic chord and utilizing its dominant A7. The inclusion of E minor (ii), F# minor (vi), and G major (IV) strongly supports the key of D major throughout the piece."
3531,D major,"The chord sequence repeatedly centers on D:maj, which serves as the tonal anchor throughout the song. The recurring use of G:min alongside D:maj and A:maj is characteristic of a D tonal center, with G:min functioning as a common modal interchange chord (iv) in the key of D major."
1057,C# minor,"The progression is consistently built around the C# minor chord, frequently alternating between C# minor, A major, and B major, which corresponds to the i-VI-VII progression in C# minor. The appearance of other diatonic chords like E major (III) and F# minor (iv) further solidifies C# minor as the tonal center."
6475,C major,"The harmonic sequence is consistently grounded in C major, primarily featuring the ii-V-I progression (Dm7-G7-Cmaj7) and frequent resolutions to Cmaj7. The use of diatonic chords like Emin7 and the borrowed subdominant Fmin6 further confirms C major as the tonal center."
417,Bb major,"The chord sequence primarily consists of Bb major, Eb major, and F7 chords, which correspond to the I, IV, and V chords in the key of Bb major. The presence of G minor and C minor as vi and ii chords further establishes the tonal center of Bb major."
681,C major,"The progression is consistently anchored around C major chords (C:maj7, C:7), which serve as the tonic. The surrounding chords, including the F and Bb variations and the chromatic descending line (B, Bb, A, Ab, G), function as jazz-influenced harmonic substitutions and leading tones that resolve back to the tonic center of C."
1220,D minor,"The chord sequence consistently revolves around D minor, F major, A7, and Bb major. These chords are strongly characteristic of the D minor scale, indicating that D minor is the tonic."
3052,F major,"The song begins with clear ii-V-I progressions in F major. While it subsequently modulates to A major and G major, F major is the primary and initial key established throughout the first half."
2709,Bb major,"The progression is centered around Bb, F, and Eb, which correspond to the I, V, and IV chords in the key of Bb major. The inclusion of chords like D major and G major functions as secondary dominants, which is common in this key."
4,F major,"The chord sequence frequently utilizes the ii-V-I progression (G minor, C7, F major), which strongly establishes F major as the tonal center. While there are secondary dominants like D7 and E7 used to create harmonic tension, the consistent resolution back to F major confirms the key."
473,G minor,"The chord sequence is heavily centered around the G minor chord, which functions as the tonic. The recurring presence of Ab major and Bb major chords aligns with the G natural minor scale, where they serve as the VI and VII chords respectively."
2820,Eb major,"The chord sequence centers heavily on Eb major, Ab major, and Bb dominant chords, which are the fundamental components of the Eb major key. The inclusion of recurring ii-V-I cadences, particularly F minor to Bb dominant to Eb major, strongly reinforces this tonal center."
3411,D major,"The chord sequence consistently resolves to D major and utilizes standard functional progressions like the circle of fifths (F#min7-B7-E7-A7-Dmaj), which strongly establishes D as the tonic."
1421,C major,"The chord progression is strongly rooted in C major, frequently utilizing the I, ii, IV, and V chords, along with secondary dominants such as A7 and D7 that resolve within the key. This recurring functional structure establishes C as the clear tonic."
273,D minor,"The chord sequence is heavily centered around D minor, frequently utilizing D minor chords (D:min, D:min7, D:min6, D:min9) and its dominant (A:7, A:9). Although there is significant chromaticism and complex chord substitutions typical of jazz or fusion music, the harmonic progression consistently returns to the D minor tonic."
881,Ab major,"The chord sequence is heavily centered around the I-vi-ii-V progression (Abmaj6, Fmin7, Bbmin7, Eb7), which clearly establishes Ab major as the tonal center. The occurrence of chromatic chords such as Ddim7 and the descending dim7 sequence are common extensions within this key context."
3949,C major,"The chord progression frequently uses C major, F major, and G7, which are the I, IV, and V chords in the key of C major. The addition of A minor as a vi chord further confirms that the progression is diatonic to the C major scale."
6374,F major,"The chord sequence is clearly centered on F major, characterized by the frequent alternation between the F major tonic and the C7 dominant. The consistent use of the Bb major subdominant and the frequent resolutions back to F major establish a strong tonal center."
3109,G major,"The chord progression predominantly uses G major and D7, which represent the tonic and dominant chords in the key of G major. Occasional appearances of the subdominant (C major) and the secondary dominant (A7) confirm the G major tonality."
3483,Bb major,"The chord sequence consists primarily of chords diatonic to the key of Bb major, such as Bb major (I), F major (V), Eb major (IV), G minor (vi), C minor (ii), and D minor (iii). The frequent use of these chords, the anchoring presence of the Bb tonic, and the resolution to a Bb major chord at the end strongly support Bb major as the key."
4611,Ab major,"The chord sequence is heavily centered around the Ab major tonic, featuring frequent use of typical functional progressions such as Bb minor (ii), Eb major (V), and Ab major (I). The inclusion of Db major (IV) and F minor (vi) further confirms Ab major as the established key."
4229,Eb major,"The chord sequence consistently centers on Eb major, utilizing functional progressions such as ii-V-I turnarounds (e.g., Fmin7-Bb7-Ebmaj7) that anchor the tonic. Despite a temporary modulation to C major, the progression frequently resolves back to the Ebmaj7 chord, establishing Eb major as the primary key."
295,Eb major,"The chord sequence primarily revolves around the Eb major key, utilizing standard progressions like I-vi-ii-V (Eb-Cm-Fm-Bb) and frequently returning to the tonic. While there are temporary modulations to related keys such as C minor and G minor, the overall harmonic structure consistently anchors itself back to Eb major."
3089,C major,"The progression predominantly features chords found in the C major scale, such as C, Am, F, G, Dm, and Em, with a clear focus on the C major tonic. The use of the minor iv chord (F:min) is a common harmonic device used within the key of C major to add flavor while remaining centered on the tonic."
5508,Bb major,"The chord sequence consistently revolves around the Bb major tonic, featuring standard diatonic progressions such as I-IV-ii-V (Bb-Eb-Cm-F). Although there are brief secondary dominant relationships and excursions to closely related keys like Eb major, the overall harmonic movement firmly grounds the song in Bb major."
6474,G major,"The progression is centered around G major, featuring the characteristic I-IV-iv (G-C-Cm) movement. The use of secondary dominants like A7 and E7, along with the frequent return to the G chord, strongly establishes G major as the tonic."
3931,Eb major,"The chord sequence is heavily grounded in Eb major, featuring multiple ii-V-I progressions (F:min7, Bb:7, Eb:maj7) and common functional chords like G:min7 and C:min7. While there is a transient modulation to G major, the harmonic material consistently returns to the Eb major tonal center."
5772,C major,"The chord sequence relies heavily on a repeated I-vi-ii-V progression (C-Am-Dm-G), which is characteristic of the C major key. The inclusion of the iii chord (Em) remains within the diatonic scale, and the progression resolves clearly to C major."
349,G major,"The chord progression is clearly rooted in G major, frequently using the tonic (G), subdominant (C major), and dominant (D7) chords. The presence of the ii chord (A minor) and its resolution through the dominant to the tonic further reinforces G major as the key."
864,F major,"The chord sequence consistently revolves around F major, evidenced by the frequent use of the tonic chord F, the dominant C7, the subdominant Bb major, and common jazz-style turnarounds involving D7 and G7. These harmonic movements strongly establish F major as the tonal center throughout the piece."
6529,Eb major,"The chord sequence utilizes extensive cycle-of-fifths progressions and secondary dominants, which is common in jazz. Despite the heavy chromaticism, the progression consistently resolves towards Eb, specifically finishing on an Ebmaj7 chord, indicating Eb major as the tonal center."
2772,D major,"The chord progression frequently centers around D major chords, such as D:maj7 and D:maj9, with clear functional resolutions provided by the recurring A:7(b9) to D:maj7 sequence. While the inclusion of D:min7 and G:min7 suggests movement into the parallel minor, these function as chromatic borrowings rather than a shift in tonal center."
5269,F major,"The harmonic sequence is clearly centered around F major, featuring the I (Fmaj7), ii (Gmin7), and V (C7) chords extensively. The presence of secondary dominants like D7 (V/ii) and the IV chord (Bbmaj7), along with the common jazz substitution of the iv chord (Fmin7), confirms the tonal center of F major."
1737,A minor,"The chord progression frequently utilizes ii-V-i cadences in A minor (Bmin7-E7-Amin7) alongside ii-V-I cadences in G major. Given the frequent and sustained focus on the A minor chord as a resolution point throughout the progression, A minor is the most appropriate tonal center."
2180,G major,"The chord sequence consists primarily of G, A minor, C, and D major chords, which are all diatonic to the G major scale. The recurring harmonic movement featuring ii-V-I progressions clearly centers on G major as the tonic."
3418,C major,"The chord sequence is firmly rooted in the key of C major, as evidenced by the frequent return to the C major tonic and the consistent use of diatonic functional chords like F major (IV) and G7 (V). Secondary dominants, such as E:7, are used to reinforce the tonic and introduce temporary movement to the relative minor, further confirming the key."
6231,F major,"The chord sequence consistently relies on the I-vi-ii-V progression (F-Dm-Gm-C) in F major. While there is a brief detour with a Bb minor chord (the minor iv), which is a common borrowing in major keys, the harmonic center remains clearly rooted in F major throughout."
5824,G major,"The progression is dominated by chords belonging to the G major scale, including G major (I), C major (IV), D major (V), and A minor (ii). Frequent cadences returning to G major and the use of functional harmonies like the secondary dominant D7 confirm G major as the tonic key."
2547,C major,"The chord sequence consistently revolves around the C major triad, reinforced by frequent ii-V-I cadences (Dmin7-G7-Cmaj) and a clear subdominant-minor (Fmin6) to tonic motion, establishing C major as the clear key."
4209,G major,"The harmonic progression is clearly rooted in G major, utilizing the tonic (G major), subdominant (C major), and dominant (D7) chords. The frequent return to and long duration of the G major chord confirms it as the tonic."
2575,G major,The chord sequence consistently centers on G major as the tonic. The harmonic progression includes a clear ii-V-I cadence (A minor-D7-G major) and secondary dominants (B7 and E7) that reinforce G major as the key.
2527,Db major,"The chord sequence consists entirely of Db major, Bb minor, and F minor 7, which correspond to the I, vi, and iii chords in the key of Db major. This common I-vi-iii progression repeats throughout, establishing Db major as the clear tonal center."
4302,G major,"The chord sequence consistently revolves around the G major tonic, frequently using D7 as the dominant and C major as the subdominant. The recurring patterns and chord choices are typical of a standard I-IV-V progression in the key of G major."
1110,C major,"The chord sequence is heavily centered on C major, which acts as the tonic, supported by its dominant (G7/G) and the minor subdominant (F minor) modal interchange. The frequent return to the C major chord confirms it as the tonal center of the piece."
4743,C major,"The chord sequence is dominated by C major, F major, and G7 chords, which form a standard I-IV-V progression centered around C major. The presence of D7 acts as a secondary dominant (V/V) leading into G7, which further reinforces C major as the tonic."
1607,G major,"The chord progression frequently centers on the G major chord, supported by standard ii-V-I cadences (A minor, D7, G major). Despite some chromatic passing chords such as F7 and Ab diminished, the consistent return to G major and the prevalence of diatonic chords define the tonal center."
463,G major,"The chord sequence consists entirely of diatonic chords from G major, including the tonic (G), mediant (Bm), submediant (Em), supertonic (Am), and dominant (D). The consistent repetition of these chords with G as the recurring anchor point clearly establishes G major as the key."
3321,G major,"The chord sequence is centered around G major, as evidenced by the frequent use of G major, C major, and D major chords (I, IV, and V). The presence of A minor and B minor chords, combined with the recurring C minor chord (acting as a minor iv), confirms G major as the tonal center."
2287,C major,"The harmonic progression is clearly centered around C major, evidenced by the frequent return to the C tonic, the regular use of the G7 dominant chord, and the presence of D minor7 as the predominant (ii) chord. The occasional use of D7/D major chords functions as secondary dominants (V of V) to the dominant G7."
4595,A minor,"The chord sequence is heavily rooted in A minor, frequently utilizing the i (A:min7), iv (D:min7), and V (E:7) chords to establish that key. While the sequence includes chromatic elements and secondary dominant progressions, they consistently resolve back to the A minor tonal center, concluding with an A:maj chord as a Picardy third."
1749,F major,"The chord progression is heavily centered around F major, with frequent use of the subdominant (Bb major) and dominant (C7) chords, which are defining features of the key. The presence of D minor and A7, where the latter acts as a secondary dominant leading to the vi chord, further reinforces F major as the tonic."
4943,Eb major,"The chord sequence consistently revolves around the Eb major chord and frequently employs functional ii-V progressions (Fm7 to Bb7) within the key of Eb major. Although there are temporary excursions to the subdominant area (Ab major), the overall harmonic center is clearly established as Eb major."
623,G major,"The progression heavily relies on chords diatonic to G major, such as G, C, D, and E minor. The use of B major as a secondary dominant to E minor, alongside frequent cadences resolving to the tonic G major, confirms the key."
6160,Eb major,"The chord sequence prominently features the Eb major chord as a tonal center, frequently using standard functional progressions like ii-V-I (Fmin7-Bb7-Eb) and V-I (Bb7-Eb) to reinforce Eb major as the key."
52,C major,"The chord sequence heavily features C major as the tonic and G7 as the dominant, with typical diatonic progressions like F major and A minor, all of which strongly reinforce C major as the tonal center."
6596,A minor,"The chord sequence centers heavily on A minor, frequently utilizing the B half-diminished and E dominant chords as a ii-V progression resolving to the tonic. Although there are brief harmonic excursions into the relative major (C major) and its related ii-V-I progressions, the composition consistently returns to the A minor chord as its primary tonal center."
2429,C major,"The chord sequence frequently uses C, F, and G major chords, which are diatonic to C major, along with the D major chord commonly acting as a secondary dominant. The clear resolution from G to C throughout the sequence confirms the tonic as C major."
6294,E minor,"The chord sequence is firmly rooted in E minor, evidenced by the recurring i-iv-V patterns including E minor, A minor, and B7. The repetition of the tonic E minor chord throughout the progression confirms its functional role as the home key."
2442,C minor,"The chord sequence is centered around C minor, evidenced by the frequent return to the C minor chord and the repeated use of G7 as a dominant resolution. The presence of F minor as a subdominant and the overall harmonic motion strongly establish C minor as the tonic key."
4384,C major,"The chord sequence primarily features C major, G7, and F major chords, which correspond to the I, V, and IV chords in C major. The persistent recurrence of C major as a resolution point and the functional use of these chords clearly indicate the key of C major."
2594,C minor,"The progression is centered around C minor, frequently utilizing the i-V movement (C:min to G:7) and standard functional harmony sequences such as F:min, Ab:7, and Eb:maj that align with the C minor scale."
2288,F major,"The chord sequence heavily utilizes the I (F), ii (G min), IV (Bb), and V (C7) chords, which are all diatonic to F major. The recurring use of the IV-iv-I (Bb-Bbmin-F) progression is characteristic of this key."
4091,C major,"The chord sequence consistently relies on the ii-V-I progression (Dmin7-G7-Cmaj) and vi-ii-V-I progression (Amin7-Dmin7-G7-Cmaj), which are characteristic of the key of C major. The use of E major as a secondary dominant to resolve into A minor and the occasional minor iv chord (Fmin7) are common functional and idiomatic embellishments within the C major tonality."
1544,Bb major,"The progression is consistently centered around the ii-V-I cadence (Cmin7, F7, Bbmaj7), which strongly establishes Bb major as the tonic. Although the sequence includes various altered chords and temporary secondary dominants, the harmonic structure frequently resolves to the Bbmaj7 chord, confirming its tonal center."
2589,C major,"The chord progression is clearly rooted in C major, utilizing the primary functional chords I (C major), ii (D minor), and V7 (G7). The presence of the A7 chords acts as a secondary dominant leading to the D minor chord, which is a standard harmonic movement within the key of C major."
6201,C major,"The chord sequence is dominated by C major, A minor, F major, D minor, and G7 chords, all of which are diatonic to the C major scale. The inclusion of secondary dominants such as E7 (leading to A minor) and the cycle-of-fifths progression (A7, D7, G7, C) strongly reinforce C major as the key."
1939,C major,"The chord sequence is clearly centered on the C major tonic, frequently resolving to C major throughout. The use of diatonic chords such as F (IV), G (V), Amin7 (vi), and Dmin7 (ii), along with the secondary dominant D7 (V/V), strongly supports C major as the key."
2787,Bb major,"The chord sequence primarily utilizes the I (Bb), IV (Eb), and V (F) chords of Bb major, consistently resolving back to the tonic. Frequent ii-V-I progressions (Gmin7-C7-F7) further support Bb major as the established key."
3118,D minor,"The chord sequence consistently revolves around D minor, frequently using the A7 chord as a dominant preparation for D minor. The inclusion of chords like Bb, C, F, and G is consistent with the D minor key signature and its diatonic chords, reinforcing D minor as the tonal center."
2675,G major,"The chord progression features a repeated use of G major, C major, A minor 7, and D 7 chords. These correspond to the I, IV, ii, and V chords in the key of G major, which strongly establishes G major as the tonal center."
2906,C major,"The chord sequence heavily features the C major tonic, with numerous cadences returning to C major throughout the piece, including a clear use of the borrowed F minor chord (the minor iv) resolving to C. While there is a notable modulation to E major in the middle section, the song consistently returns to its primary C major tonality, particularly in the final phrases."
3265,F major,"The chord sequence centers around Fmaj7 as the tonic. It features a standard ii-V-I progression (Gm7-C7-Fmaj7) and a classic IV-iv-I motion (Bbmaj7-Bbm7-Fmaj7), both of which are characteristic of the F major key."
935,C major,"The chord sequence consists primarily of C major, G major, and F major chords, which correspond to the I, V, and IV chords in the key of C major. The frequent return to the C major chord confirms it as the tonic."
1366,Bb major,"The progression is heavily centered around the tonic Bb major and its dominant F7. The section featuring D7, G7, C7, and F7 creates a circle-of-fifths movement that resolves back to the tonic, further confirming Bb major."
5469,C major,"The chord sequence relies almost exclusively on the C, F, and G chords, which function as the I, IV, and V chords in C major. The frequent resolution to the C major chord strongly establishes it as the tonic."
2096,G major,"The chord sequence relies heavily on G major, E minor, C major, and D major chords, which correspond to the I, vi, IV, and V chords in the key of G major. This progression clearly establishes G major as the tonic."
2869,F major,"The chord sequence consistently centers around the F:maj7 chord as a tonal home base. The presence of typical ii-V-I movements, such as G:min to C to F, and the consistent return to F major harmony throughout the passage strongly indicate F major as the key."
2375,Bb major,"The chord sequence primarily revolves around Bb major, F major, and Eb major, which represent the I, V, and IV chords in the key of Bb major. While there are some chromatic chords such as Db:9 and Gb:9, the tonal center remains consistent throughout the progression."
5198,C major,"The chord sequence consistently revolves around C major, frequently utilizing primary diatonic chords like C major, F major, and G7. Despite passages involving secondary dominants and borrowed chords that modulate momentarily, the song repeatedly establishes and returns to C major as the clear tonal center."
4121,C minor,"The chord sequence primarily utilizes C minor (i), F minor (iv), and G major (V), which constitutes a standard i-iv-V harmonic progression in the key of C minor. The consistent return to C minor as a resolution point and the presence of the G major dominant chord strongly establish C minor as the tonic."
2398,G major,"The chord progression is a straightforward alternation between G major and D7, which function as the I and V chords in the key of G major."
4721,C major,"The chord sequence is composed primarily of C major, G7, and F major chords, which correspond to the I, V, and IV degrees in C major. The frequent return to C major as the tonal center strongly establishes it as the tonic key."
1053,C major,"The chord sequence opens with multiple repetitions of a Dm7-G7-C ii-V-I progression, which clearly establishes C major as the tonic. While the progression modulates and introduces chromatic elements later, C major remains the foundational harmonic center for the majority of the sequence."
6272,G major,"The progression is centered around G, C, and D chords, representing the I, IV, and V degrees of the G major scale. The frequent repetition of the G major chord as a structural anchor strongly establishes G major as the tonic."
3299,F major,"The chord sequence is heavily centered around F major and C major chords, which are the tonic and dominant in the key of F major. The occasional inclusion of Bb major and A minor chords also fits within the diatonic harmony of the key, and the sequence concludes with a prolonged F major chord that confirms F as the tonic."
3356,F major,"The harmonic progression is centered around F major, evidenced by the frequent occurrence of Fmaj6 and the common ii-V-I cadence (Gmin7-C7-Fmaj6). Secondary dominant chords such as D7 and A7 appear throughout the sequence, but they resolve back to the tonic or dominant in a way consistent with the key of F major."
356,Eb major,"The chord sequence consists primarily of chords diatonic to the Eb major scale, including the tonic Eb, the subdominant Ab, the dominant Bb, and the vi, ii, and iii chords (C minor, F minor, and G minor). These chords recur throughout the progression and strongly establish Eb major as the tonal center."
4892,C major,"The progression begins with a strong C major foundation, reinforced by frequent cadences involving G7 and secondary dominants (A7-D7-G7-C). While there is a significant section focused on A minor, the relative minor of C major, the overall harmonic center returns to the C major tonality."
6270,C major,"The chord progression is centered on C major, utilizing the primary chords of the key: C (I), F (IV), and G (V). The use of D major functions as a secondary dominant (V/V) leading to G, which further establishes and reinforces C major as the tonic key."
2218,F major,"The chord sequence consistently revolves around the F major chord, using ii-V-I progressions (Gmin7-C7-F) which are definitive of the key of F major. Secondary dominants like D7 and D-aug resolving to Gmin further reinforce the tonic center of F."
2024,D major,"The chord sequence consists primarily of D major, G major, and A7 chords, which function as the I, IV, and V chords respectively in the key of D major. The frequent return to the D major chord firmly establishes it as the tonic."
5634,C major,"The progression centers around C:maj9 and frequently employs common jazz ii-V-I cadences (such as D:min7 to G:7 to C:maj9) that establish C as the tonal center. While there is notable chromaticism, including ii-V passages in other keys (like C:min9 to F:9), the harmonic content consistently gravitates back to C major."
525,Bb major,"The song begins with a G minor section, but it modulates and remains primarily in the key of Bb major, which is evidenced by the consistent use of Bb major, Eb major, and F7 chords throughout the majority of the sequence."
1266,Bb major,"The chord progression frequently utilizes secondary dominant chains (such as C7, F7, and G7) that resolve to Bb, establishing it as the tonal center. Although the song incorporates chords from Eb major, especially in the opening phrases, the recurring harmonic movement strongly gravitates toward Bb major throughout the sequence."
735,C major,"The chord sequence centers around the key of C major, utilizing common chords such as F (IV) and G (V) which culminate in a strong cadence, along with the frequent use of Eb as a borrowed bIII chord common in this style."
382,D minor,"The chord sequence is dominated by the D:min9 chord, which spans the majority of the time, establishing D as the clear tonal center. The appearance of the Eb:min9 chord acts as a chromatic neighbor chord, often found in modal or vamp-based compositions, without shifting the primary key center."
1569,C major,"The chord sequence is centered on C major, frequently utilizing G7 as the dominant and D7 as a secondary dominant, which firmly establishes the tonal center."
4404,C major,"The progression starts with a clear I-IV-V-I cadence in C major. While the latter part of the sequence modulates to G major (the dominant), C major remains the primary tonal center throughout."
2028,F major,"The sequence is consistently grounded in F major, featuring frequent use of the tonic F major chord, the subdominant Bb major, and the dominant C7 chord. The recurring ii-V progressions (G minor to C7) strongly reinforce F as the tonal center."
375,Eb major,"The chord sequence strongly revolves around Eb major as the tonic, frequently utilizing the dominant (Bb major/Bb7) and subdominant (Ab major). The presence of chords like C minor, F minor, and the modal interchange chord Ab minor further confirms the progression is grounded in the key of Eb major."
455,Bb major,"The chord sequence is built around the chords Bb, Eb, and F, which represent the I, IV, and V chords in Bb major. The presence of diatonic chords such as G minor and C minor further confirms the key of Bb major."
5697,D minor,"The chord progression is clearly centered on D minor, with D:min appearing as the tonic chord throughout the sequence. The presence of A:7 as the dominant, G:min as the subdominant, and F:maj as the relative major strongly reinforces D minor as the key."
1996,C major,"The chord sequence consistently features the I, vi, IV, and V chords of C major (C, Am, F, G). The frequent cadences and the strong tonal center established on C major confirm this key."
3160,A minor,"The sequence consistently emphasizes A minor as the tonal center and uses the E major chord as a dominant (V) to resolve back to the A minor tonic, which is characteristic of the A harmonic minor scale. The inclusion of D minor, F major, C major, and G major chords provides further harmonic support within the A minor key context."
5191,D major,"The progression is clearly centered on D major, utilizing the tonic (D), subdominant (G), and dominant (A) chords throughout. The consistent return to the D chord, along with the functional movement involving B minor (vi) and E minor (ii), confirms this tonal center."
1010,F major,"The chord sequence consistently revolves around the F major tonic, utilizing standard harmonic progressions such as I (F), IV (Bb), V7 (C7), and the secondary dominant II7 (G7) which are all characteristic of the key of F major."
5745,E major,"The harmony is centered around D and E chords, with E being held for the significant majority of the duration, especially towards the end. Given the clear resolution to E, E major is the most plausible key choice."
5247,G major,"The chord sequence heavily features G major and D7, which represent the tonic (I) and dominant (V) chords in the key of G major. The presence of the C major (IV) chord further confirms this tonal center."
5033,F major,"The chord progression frequently uses F major, G minor, and C7, which are characteristic of the I, ii, and V chords in F major. The repeated returns to F major establish it as the definitive tonal center, despite some chromatic usage of chords like Db7."
2535,F major,"The chord sequence centers around F major, with frequent use of the ii (G minor) and V (C7) chords, which are standard in this key. The progression consistently resolves back to the F major tonic."
4088,C minor,"The chord sequence is dominated by C minor and G major, establishing a strong harmonic relationship between the tonic and the dominant. Despite some chromaticism and the occasional appearance of C major, C minor remains the primary tonal center throughout the piece."
5739,F major,"The chord sequence is centered around F major, evidenced by the frequent use of the F major chord, the Bb major (IV) and C major (V) chords, and the G minor (ii) chord. The presence of A major leading to D minor functions as a secondary dominant, further reinforcing F major as the tonal center."
2205,F major,"The chord sequence centers on F major, utilizing frequent tonic (F), subdominant (Bb), and dominant (C) chords. The recurrence of ii-V-I progressions (Gmin7-C7-F) strongly establishes F major as the tonic."
651,F minor,"The chord sequence consistently returns to F minor, centered around the repeating F:min7 and Bb:7 progressions. The use of an altered C dominant chord (C:7#5) as the dominant and the frequent recurrence of F:min7 as the home base strongly confirm F minor as the key."
4446,C major,"The chord sequence consistently revolves around the C major chord as a tonic, frequently employing G7 as a dominant resolution. The inclusion of chromatic chords like F minor, Bb7, and A7, along with various modal interchange elements, is common in C major compositions and reinforces this tonal center."
5699,Bb major,"The chord progression is dominated by Bb, Eb, and F7, which function as the I, IV, and V chords respectively in the key of Bb major. The frequent resolution to the Bb major chord throughout the sequence strongly establishes it as the tonic."
5938,F major,"The chord sequence is clearly centered in F major, utilizing the tonic (F), subdominant (Bb), and dominant (C7) chords. The frequent use of the G7 chord and the appearance of a Db7 tritone substitution before resolving to C7 are hallmarks of functional harmony in the key of F major."
3259,Eb major,"The chord progression relies heavily on the I (Eb major), IV (Ab major), and V (Bb dominant 7) chords, with occasional use of the ii (F minor 7) chord. This functional harmony is characteristic of the key of Eb major."
5205,Eb major,"The chord sequence is composed of Eb major, Ab major, and Bb major (including Bb7), which function as the I, IV, and V chords respectively in the key of Eb major. This strong reliance on these diatonic chords confirms the tonal center to be Eb major."
3654,C minor,"The chord progression is dominated by C minor, Cmin7, and Cmin6, which clearly establish C as the tonic. The use of functional chords such as Fmin7 (iv), Bb7 (bVII), and G7 (V) confirms the key of C minor."
3820,Bb major,"The progression is centered on Bb major, frequently using the IV (Eb major) and V (F major) chords. The presence of secondary dominants, such as C major and G major, along with the bVII (Ab major) chord, strongly supports Bb major as the tonic."
722,C major,"The progression is centered around the tonic (C:maj), subdominant (F:maj), and dominant (G:7) chords, which strongly establish the key of C major. The inclusion of D:min and D:7 chords are common functional variations within the C major key, consistently resolving back to the tonic."
833,C major,"The chord sequence is built primarily around C major, F major, and G major chords, which are the I, IV, and V chords in the key of C major. The occurrence of the A minor chord as the vi chord further confirms this tonal center."
2440,F major,"The chord sequence consistently revolves around the F major tonic chord, frequently utilizing the C7 (V7) chord and other diatonic chords like D minor (vi) and G minor (ii) in the key of F major."
4852,Eb major,"The chord progression is centered around Eb major, frequently utilizing the I (Eb), vi (Cm), ii (Fm), and V (Bb) chords. This sequence is a classic example of a diatonic progression in the key of Eb major, with consistent resolution back to the tonic."
5962,C major,"The chord progression is centered around C major, featuring multiple occurrences of the tonic (C:maj), the subdominant (F:maj7), and dominant (G:7) chords. The inclusion of secondary dominants and temporary modulations to the relative minor (E minor) is characteristic of the tonal center of C major in a jazz or popular music context."
4984,F minor,"The chord sequence contains numerous chords consistent with F minor, including F minor, Bb minor, Eb major, Ab major, and Db major. Despite some chromaticism and complex chord labels, the harmonic progression gravitates toward F minor."
2172,G major,"The chord sequence prominently features the primary chords of the G major scale, specifically G major (I), C major (IV), and D dominant 7th (V). The frequent repetition and resolution to the G major chord strongly establish it as the tonic."
4990,E minor,"The chord sequence consists entirely of alternating E minor and D major chords. With E minor serving as the frequent root and anchoring chord, it functions as the tonic in the key of E minor."
5552,G major,"The harmonic progression is strongly centered on G major, frequently using diatonic chords like C major, A minor, and D dominant chords to establish and reinforce the tonic. Despite brief, non-diatonic sections involving modulation to Eb, the sequence consistently returns to the G major tonal center."
3685,Eb major,"The chord progression is dominated by the tonic (Eb major), the subdominant (Ab major), and the dominant (Bb major/7), which are the primary chords of the Eb major scale. The consistent return to the Eb major chord throughout the sequence strongly establishes it as the tonic."
1629,Bb major,"The chord sequence consistently features a ii-V-I progression (Cmin7-F7-Bbmaj) and utilizes secondary dominant chords like C7 (V/V) and tonicizations of the IV chord (Ebmaj), all of which confirm the key is Bb major."
2063,C minor,"The progression is centered around C minor, often alternating with D minor which suggests a C Dorian mode. The sequence of Bb minor, Eb9, Ab major, and G dominant chords functions as a strong harmonic movement leading back into the C minor tonic."
767,F major,"The chord sequence heavily relies on ii-V-I progressions in F major, such as Gmin7-C7-Fmaj, which establish the tonal center. While there are segments featuring modulations or secondary cadences, such as Cmin7-F7-Bbmaj7, the harmonic progression consistently returns to F major."
3679,C major,"The progression is centered around the primary chords of C major, frequently using F, G, and C. The inclusion of secondary dominants like E major (V/vi) and D major (V/V) further reinforces C major as the home key throughout the sequence."
1602,C major,"The chord sequence primarily revolves around C major and G7 chords, establishing a clear I-V-I tonal center in C major. Secondary chords like A7, Dmin, Fmin, and D7 are functional within this key, reinforcing C major as the tonic."
2075,F major,"The chord sequence consists primarily of F major, Bb major, and C major/C7 chords, which represent the I, IV, and V chords in the key of F major. The frequent return to and emphasis on F major as the tonic confirms this key."
4142,Eb major,"The chord sequence frequently resolves to Eb major, featuring standard ii-V-I progressions (Fmin7-Bb7-Ebmaj) that anchor the song in this key. Although there are chromatic elements and brief excursions into related minor areas, the song consistently returns to Eb major as its tonal center."
2598,Bb minor,"The chord sequence is centered on Bb as the primary tonal anchor, with recurring chords such as Db, Eb, Gb, and Ab that are consistent with the Bb minor scale. While Bb is labeled as a major chord, its central role and the inclusion of its diatonic minor-scale neighbors suggest Bb minor is the appropriate key."
4117,F major,"The chord sequence is centered around F major, evidenced by the frequent use of the tonic (F), subdominant (Bb), and dominant (C) chords. The inclusion of secondary dominants such as A major, which leads to D minor, and G major, which points toward C major, is consistent with the harmonic structure of the key of F major."
357,Ab major,"The chord sequence frequently utilizes the ii-V-I progression (Bbmin7-Eb7-Abmaj) and prominently features the Ab major chord as a tonal anchor. While there is a recurring focus on F minor (the relative minor), the progression consistently resolves towards and emphasizes Ab major."
3445,A minor,"The progression repeatedly centers on the A minor chord, frequently resolving to it from the E7 dominant chord. This strong V-i cadence, along with the frequent use of Fmaj7, strongly establishes A minor as the tonal home base throughout the sequence."
6486,C major,"The chord sequence consists primarily of C major, G7, and F major chords, which represent the I, V, and IV chords in the key of C major. This standard functional harmony strongly establishes C as the tonic."
4826,F major,"The chord sequence consists entirely of alternating F major and Bb major chords, which function as the I and IV chords in the key of F major. This simple harmonic progression strongly establishes F major as the tonic."
5512,Eb major,"The chord progression is centered around Eb major, frequently utilizing ii-V-I cadences (F:min7 to Bb:7 to Eb:maj) characteristic of that key. While there are chromatic passing chords such as diminished seventh chords and a brief modulation to the subdominant, the sequence consistently resolves back to the Eb tonal center."
2058,C major,"The chord sequence consistently features the tonic (C major), subdominant (F major), dominant (G major), and relative minor (A minor) chords characteristic of C major. The frequent use of D7 and D major chords functions as a secondary dominant (V/V), reinforcing the key of C major."
2651,Bb major,"The chord sequence is heavily centered around Bb major, frequently utilizing the ii-V-I progression (C:min7 - F:7 - Bb:maj). Despite some chromatic chord substitutions and secondary dominants, the harmonic stability consistently returns to Bb major."
596,Bb major,"The chord sequence consistently follows functional harmony in Bb major, characterized by patterns like the circle of fifths progression (I-IV-vi-ii-V). The prevalence of Bb, Eb, and F chords, along with the use of secondary dominants like D7 (V/vi) and C7 (V/V), strongly supports Bb major as the tonic."
2638,G major,"The chord sequence is composed of chords diatonic to the G major key, including I, IV, V, ii, and iii chords. Progressions like G-Bm-C-D and the use of A7 leading to D7 further solidify the harmonic context in G major."
829,F major,"The progression centers around the F major chord as the tonic, supported by frequent occurrences of the ii (G minor) and V (C7) chords, which are hallmark cadential functions in the key of F major."
3792,C major,"The chord sequence is primarily composed of chords diatonic to the C major scale, including the tonic (C major), dominant (G major, G7), subdominant (F major), and the relative minor (A minor). Standard cadences like G7 to C and Dmin7 to G7 to C firmly establish the tonal center as C major."
1014,Bb major,"The progression is centered around the I, IV, and V chords of Bb major (Bb, Eb, and F). The presence of the C7 chord functions as a secondary dominant (V7/V) leading into the F chord, which strongly reinforces Bb as the tonal center."
5012,G major,"The chord progression is centered around G major, with frequent use of the primary chords C major (IV) and D7 (V). The inclusion of secondary dominants like E7 leading into A minor is consistent with functional harmony in the key of G major."
4680,G major,"The chord sequence consists entirely of alternating G major and D7 chords. This represents a clear I-V7 relationship, which strongly establishes G major as the tonal center of the piece."
1701,D major,"The chord sequence consists exclusively of D major and A major chords, which function as the tonic (I) and dominant (V) respectively in the key of D major."
469,Eb major,"The chord sequence prominently features Eb major, Ab major, F minor, and Bb7, which correspond to the I, IV, ii, and V chords in the key of Eb major. The frequent resolution to the Eb major chord confirms it as the tonic."
4653,G major,"The progression is centered around the G major chord, which appears frequently throughout the sequence. The presence of D major (the dominant) and C major (the subdominant), along with harmonic movements like F#:dim leading back to G, confirms G major as the tonal center."
4820,D major,"The progression is centered around D major as the tonic, supported by frequent appearances of the dominant (A major/A7) and subdominant (G major). The presence of E major and E7 chords acting as secondary dominants (V/V) further solidifies D major as the key."
2730,Bb major,"The chord sequence prominently features frequent ii-V-I progressions (C:min7 - F:7 - Bb:maj), and the sequence concludes with a strong cadence to the Bb major chord. The overall harmonic structure consistently supports Bb major as the tonal center."
6346,D minor,"The progression starts with a clear descending i-VII-VI-V pattern in D minor, which strongly establishes the home key. While the harmony moves into different patterns later, the sequence remains rooted in the D minor tonality, ultimately cadencing on A major, which functions as the dominant chord."
512,Bb major,"The chord sequence frequently utilizes the ii-V-I progression (Cmin7-F7-Bbmaj) in Bb major. Secondary dominants like D7 are used to tonicize the relative minor (G minor), which is common practice within the key of Bb major."
3153,C major,"The progression is built on chords diatonic to C major, including F major, G major, A minor, and C major itself. The frequent use of the F-G-C cadence and the focus on C as the harmonic anchor confirm the key is C major."
6431,C major,"The chord sequence consistently centers on C major, utilizing common functional harmony such as ii-V-I progressions (Dm7-G7-C) and characteristically chromatic jazz movements like the I-III7-IV-ivm6 (C-E7-F-Fm6) progression."
1061,Ab major,"The chord progression frequently resolves to Ab:maj7, supported by standard ii-V-I sequences such as Bb:min7 to Eb:7 to Ab:maj7. Although the sequence utilizes secondary ii-V patterns to move through other tonal areas, the harmonic structure consistently centers on Ab major as the tonic."
5763,G major,"The chord sequence primarily revolves around G major, utilizing standard functional chords such as G (I), D7 (V), A minor (ii), and C (IV). The final progression, including the C minor 6 to G major resolution, strongly reinforces G as the tonic."
1021,C major,"The progression is centered around the C major tonic, frequently utilizing the I (C major), IV (F major), and V (G7) chords along with the ii (D minor) chord. Chromatic elements such as the Ab major and Ab7 chords function as embellishments or passing chords rather than modulations, confirming C major as the key."
5610,C major,"The progression is centered around the chords C major, F major, G major, and D minor, which are all diatonic to the key of C major. The frequent returns to the C major chord as the tonal center strongly confirm C major as the key."
650,G major,"The chord sequence is dominated by G major, C major, A minor, and D7, which are the primary chords in the key of G major. The progression frequently utilizes common functional movements like I-ii-V and includes a secondary dominant (A7) resolving to the dominant (D7), confirming G major as the tonal center."
272,F major,"The chord sequence consistently uses the chords F, Dm, Bb, C7, and Gm, which are all diatonic to the F major scale. The structure revolves around standard functional harmonic progressions like I-vi-IV-V, which strongly confirms F major as the key."
878,C major,"The chord sequence relies heavily on the I-vi-IV-V progression (C major-A minor-F major-G major), which is characteristic of the C major key. All chords present are diatonic to the C major scale, and the frequent use of C major as a tonal center confirms the key."
1630,F major,"The sequence frequently utilizes the ii-V-I progression (Gmin7 - C7 - Fmaj7), which is characteristic of the key of F major. The secondary dominants (A7, D9, G7, C7) are standard functional harmonic progressions leading back to the tonic."
2731,Eb major,"The chord progression consistently cycles through Bb major, Eb major, Ab major, and F minor, which corresponds to the V, I, IV, and ii chords in the key of Eb major."
885,C major,"The progression repeatedly centers on the C major chord, frequently employing V (G7) and ii (Dmin7) chords, which strongly establish C major. The inclusion of the IV chord (F major), iii chord (E minor), vi chord (A minor), and a secondary dominant (D7) are all highly characteristic of functional harmony in the key of C major."
576,C major,"The chord progression is clearly centered around C major, frequently featuring the tonic C, the subdominant F major, and the dominant G7. While there are periodic excursions, including a brief transition involving E major and A7, the piece consistently returns to C major, confirming it as the primary key."
6597,A major,"The chord progression consists exclusively of A major, D major, and E major, which correspond to the I, IV, and V chords in the key of A major. This diatonic sequence strongly establishes A as the tonic."
4318,F major,"The chord sequence frequently utilizes the G:min7 - C:7 - F:maj progression, which is a classic ii-V-I cadence in F major. While there are some chromatic passing chords and a brief, localized modulation toward A minor, the overall harmonic center remains firmly in F major."
6601,C major,"The chord sequence is dominated by frequent ii-V-I progressions (Dmin7-G7-Cmaj) and secondary dominants (A7, D7, E7) that consistently resolve to C major. These patterns strongly establish C major as the tonal center."
5000,G major,"The chord progression frequently cycles through ii-V-I patterns (such as F#m7-B7-Em7-A7 and Am7-D7-G) commonly found in jazz standards like 'Autumn Leaves'. The frequent arrival at G major chords, along with the presence of C, Am, D7, and B7 chords, strongly indicates the key of G major."
4008,G major,"The sequence features a consistent use of G major, C major, D major/D7, and A minor, which are characteristic of the I-IV-V-ii chords in the key of G major. The inclusion of an A7 chord functions as a secondary dominant resolving to the D7, further reinforcing the key of G major."
807,C major,"The chord sequence heavily features the primary triads and seventh chords of C major, including repeated ii-V-I progressions (Dm7-G7-C) and I-vi-ii-V turnarounds. The harmonic focus and resolution on C major throughout the passage confirm this as the tonal center."
1267,A minor,"The chord sequence is heavily centered on the A minor chord, which serves as the tonic. The frequent use of the E major chord as a dominant, along with other diatonic chords like C major and F major, strongly establishes A minor as the key."
1467,A major,"The chord progression is primarily built around the chords A, D, and E, which define a clear I-IV-V relationship in the key of A major. Although the sequence briefly modulates to F major, the song repeatedly returns to its A major tonal center throughout the duration."
4576,Bb major,"The chord sequence primarily utilizes the ii-V-I progression (Cm7-F7-Bbmaj6) and iii-VI transitions, which are characteristic of the key of Bb major. These patterns establish a strong tonal center around Bb major throughout the sequence."
1836,D major,"The chord sequence is composed primarily of D major, A major/A7, G major, and B minor chords, which correspond to the I, V, IV, and vi chords in the key of D major. The consistent use of these chords, especially the frequent resolution back to D major, confirms it as the tonic."
2407,C major,"The chord sequence is heavily centered on C major, utilizing a standard blues-influenced progression with the I chord (C major), the IV chord (F7), and the V chord (G7). The consistent return to C major throughout the piece strongly establishes it as the tonic."
4504,E minor,"The chord progression oscillates primarily between E minor and C major, with E minor acting as the clear tonal center throughout the sequence. The frequent use of the E minor chord, its extended forms like Em7 and Em6, and its stable presence throughout the progression strongly point to E minor as the tonic."
3676,Bb major,"The chord sequence consists primarily of the Bb major tonic, F dominant 7th dominant, and C minor supertonic chords. The recurring ii-V-I progression (C:min7 - F:7 - Bb:maj) strongly establishes the key of Bb major."
4030,F major,"The chord progression is dominated by functional harmony in the key of F major, including frequent use of the tonic (F), subdominant (Bb), dominant (C), and supertonic (Gmin7) chords. The persistent return to F major as a point of resolution strongly establishes it as the tonic key."
3823,G major,"The chord sequence heavily relies on the chords G (I), C (IV), and D7 (V7), which are the primary chords in the key of G major. The consistent return to G as the tonic center clearly establishes the key."
6000,G major,"The chord sequence consistently features G, C, A minor, and D7, which function as the I, IV, ii, and V chords respectively in the key of G major. The frequent resolution back to the G major tonic and the use of E7 to lead into A minor further confirm the tonal center as G major."
1416,D minor,"The chord sequence is centered around D minor, as indicated by the frequent usage of its tonic (D minor), subdominant (G minor), and dominant (A7) chords. Although the piece visits its relative major key of F major, it repeatedly resolves back to D minor, anchoring it as the primary key."
5387,Ab major,"The harmonic progression is clearly centered in Ab major, frequently utilizing the ii-V-I cadence (Bb minor - Eb7 - Ab major). Although there are chromatic chords like D major and various secondary dominants, they function as passing chords within the established key of Ab major."
2034,D major,"The chord progression frequently centers on the D major tonic and makes consistent use of diatonic chords within that key, including G major (IV), A7 (V), and E minor (ii). Although there is a brief non-diatonic F major chord, the strong presence of the D major resolution points clearly to D major as the tonal center."
3653,C major,"The chord sequence is centered around C major, utilizing its primary triads (C, F, G7) extensively. The presence of D7 as a secondary dominant to G7 and the use of the F minor chord (the minor iv) are classic harmonic devices commonly found in the key of C major."
4139,F major,"The song heavily features an alternation between F major and C7, establishing F major as the home key. While there are secondary harmonic movements toward Bb major and minor, the frequent returns to the F major/C7 pattern reinforce F major as the primary tonal center."
1357,G major,"The chord sequence is firmly grounded in G major, frequently employing the ii-V-I progression (A:min, D:7, G:maj). The presence of the minor iv chord (C:min6) and secondary dominants further confirms the tonal center as G major."
1797,G major,"The chord progression frequently centers around G major and utilizes common functional sequences such as I-III7-vi-II7 (G-B7-Emin-A7), which strongly establish G major as the tonic. The recurring presence of the D7 (V) chord resolving back to G major, along with the use of the minor iv chord (C:min) as a standard harmonic device in major keys, confirms the key."
5889,F major,"The chord sequence frequently returns to the F major chord with strong cadences from the dominant C7, establishing F major as the tonal center. The inclusion of chords like G minor, D7, and A7 functions within the key as diatonic ii chords or secondary dominants leading to the tonic or other functional chords."
3839,F major,"The chord sequence consists almost entirely of an alternation between F major and C7, which function as the I and V7 chords respectively in the key of F major. This harmonic structure is highly characteristic of the key of F major."
602,Ab major,"The chords repeatedly cycle between Ab major, Db major, and Eb7, corresponding to the I, IV, and V chords of the Ab major scale. This functional progression clearly establishes Ab major as the key."
1030,Ab major,"The chord progression is firmly rooted in Ab major, evidenced by the frequent recurrence of the tonic (Ab), subdominant (Db), and dominant (Eb) chords throughout the sequence. While there are instances of secondary dominants and chromatic embellishments, the harmonic stability is consistently anchored in the key of Ab major."
4731,C major,"The chord sequence heavily features the progression C:maj, D:min7, and G:7, which is a classic I-ii-V progression in the key of C major. While there is some chromaticism, such as the Ab:7 and the descending chromatic line, the strong repetition of the C major tonic center makes C major the clear key."
2723,C major,"The chord sequence consists entirely of C major and G7, which represent the tonic (I) and dominant (V) chords in the key of C major. This alternating harmonic pattern strongly establishes C major as the key."
256,C major,"The chord sequence consists almost entirely of chords found in the C major scale, such as C major, F major, D minor, A minor, and G7. The frequent resolution of these chords to the C major tonic confirms the key of C major."
195,D major,"The chord sequence is dominated by D major, G major, and A major, which correspond to the I, IV, and V chords in the key of D major. The occasional appearance of the C major chord functions as a bVII chord, which is frequently used in this context in popular music."
3020,C major,"The chord sequence primarily utilizes C, F, and G chords, which correspond to the I, IV, and V chords in the key of C major. The appearance of the D7 chord functions as a secondary dominant (V/V), which typically resolves to G7 and further solidifies C major as the tonal center."
105,E minor,The chord progression features several ii-V-i resolutions in E minor (F# min7b5 - B 7 - E min6) and utilizes a sequence of chords that are consistent with the E minor scale. The repetition and duration of the E minor chords reinforce its role as the tonic.
4069,Eb major,"The chord sequence centers around Eb major, frequently utilizing ii-V-I progressions (Fmin7-Bb7-Ebmaj) to establish the tonic. Although there are temporary modulations to other keys like G major, the harmonic activity consistently returns to the Eb major tonal center."
1288,C major,"The chord progression consists of alternating C major and G7 chords with occasional F major chords, which are the I, V, and IV chords respectively in the key of C major. This functional relationship and the consistent return to the C major tonic confirm the key is C major."
2667,Eb major,"The chord sequence centers around the Ebmaj7 chord and frequently employs ii-V-I progressions characteristic of Eb major. Although there is a temporary shift to G minor, the overall harmonic framework is firmly rooted in the key of Eb major."
4764,C major,"The chord sequence centers heavily on C major, utilizing the dominant G7 and G major chords to reinforce the tonic. Other chords such as A minor and D7 are typical components of the C major key, confirming the tonal center."
714,F major,"The chord sequence is heavily grounded in F major, regularly utilizing the tonic (F:maj) and dominant (C:7) chords. The inclusion of secondary dominants like D:7 and G:7 confirms this major key as they resolve to diatonic chords in F."
4213,A minor,"The harmonic progression consistently utilizes the A minor tonic, supported by recurring A minor, D minor, and E major cadences. Although the latter section suggests a transition into C major, the established tonal center is firmly in A minor."
3968,C major,"The chord sequence consistently emphasizes Cmaj7 and utilizes frequent ii-V-I progressions in C major, such as Dm7-G7-Cmaj7. Although there are temporary modulations and chromatic substitutions, the harmonic cycle of fifths and the overall resolution pattern strongly point to C major as the tonal center."
4054,C major,"The chord progression primarily utilizes the chords F, G, E minor, and C, which are all diatonic to the key of C major. The frequent alternation between F major and C major strongly establishes C as the tonic."
1218,E minor,"The chord sequence begins and ends with E minor, which serves as the tonal center. The inclusion of B major, G major, A minor, and D major supports a harmony consistent with E minor."
2986,G major,"The chord sequence is heavily centered around the tonic (G), subdominant (C), and dominant (D) chords, which are the primary chords of G major. The frequent cadences resolving to G and the use of the A minor (ii) and A major (secondary dominant) chords are characteristic of the key of G major."
4666,Eb major,"The chord progression consistently revolves around Eb major, utilizing the ii-V-I cadence (Fm7-Bb7-Eb) as a structural anchor. The presence of secondary dominants and chromatic chords like C7 and Db major is characteristic of jazz-influenced harmony in the key of Eb major."
6116,Eb major,"The progression centers around Eb major, evidenced by the frequent use of Eb:maj6 and its dominant Bb:7. Although there are chromatic elements and brief modulations, such as the cadence involving A:min7, D:7, G:maj, the tonal center remains Eb major throughout the sequence."
5383,A major,"The chord sequence heavily features the tonic A major, often alternating with G (the bVII chord) and D, while the presence of E major acts as a strong dominant, which is characteristic of A major with a mixolydian harmonic flavor."
4418,G major,"The progression is firmly centered around G major, utilizing common diatonic chords including the tonic G major, the subdominant C major, the dominant D7, and the relative minor E minor. The frequent return to the G chord confirms it as the tonal center."
1557,Eb major,"The chord progression is clearly rooted in Eb major, heavily featuring the tonic chord (Eb major) and its dominant (Bb7). Secondary dominant movements involving C7 and F7 further emphasize this tonal center by resolving toward the dominant or tonic."
892,C major,"The chord sequence is composed of C7, F7, and G7, which represent the I, IV, and V chords in the key of C. This progression is a classic blues structure that strongly centers the song in C major."
5902,C major,"The chord sequence heavily features the Cmaj7-Dm7-G9 progression, which establishes a strong I-ii-V cadence in C major. Other chords like Am7, E7, and Fmaj7 are diatonic or functionally related to the key of C major, supporting it as the tonal center."
6555,A minor,"The chord sequence consistently revolves around A:min as the tonal center, frequently using the E:maj chord as a dominant to resolve to A:min. The presence of D:min, C:maj, and F:maj is consistent with the A minor scale and standard harmonic minor variations."
5790,C major,"The chord sequence consistently returns to C major as the tonal center. The use of functional harmony, such as G7 to C major cadences and the F minor to C major plagal movement, strongly reinforces C major as the tonic."
573,F major,"The chord sequence consists primarily of F major, C7, Bb major, G minor, and D minor, which are all chords built from the F major scale. The frequent use of F major as the tonic and C7 as the dominant chord strongly indicates the key of F major."
3939,C major,"The chord sequence consists entirely of C major and G7 chords, which represent the tonic and dominant chords in the key of C major. This persistent oscillation between the I and V7 chords strongly establishes C major as the tonal center."
6189,G major,"The chord progression predominantly uses chords native to the key of G major, including I (G), IV (C), and V (D7), with significant use of the vi chord (E minor). The frequent resolution to G and the inclusion of secondary dominants like B7 and A7 support G major as the tonic key."
5218,C major,"The chord sequence is heavily centered around the C major chord, with frequent returns to the tonic and standard harmonic progressions such as G7 resolving to C. The presence of D7 acting as a secondary dominant to the G chord further supports the key of C major."
3606,D minor,"The chord sequence centers on D minor, frequently utilizing the tonic (D minor), dominant (A7), and secondary dominant (E7). Functional progressions involving G minor, C7, and F major further confirm D minor as the primary tonal center."
4698,C minor,"The harmonic sequence centers on C minor, evidenced by multiple ii-V-i cadences (D half-diminished, G7, C minor) that return to the tonic. While the progression explores the relative major key of Eb major, the overarching tonal structure remains grounded in C minor."
1422,F major,"The chord sequence is centered around the tonic F major, heavily supported by the frequent appearance of its dominant (C7) and subdominant (Bb major). Additional chords like D minor and G minor are standard functional harmonies within the key of F major."
2577,G minor,"The chord sequence consistently revolves around the G minor tonic, supported by its dominant (D7) and subdominant (C minor) chords, which establishes G minor as the clear tonal center."
729,E minor,"The chord sequence consistently oscillates between E minor and B7, which is a textbook i-V-i progression that strongly establishes E minor as the tonic key."
986,F major,"The chord sequence is dominated by F, Bb, G minor, and C7 chords, which creates a standard I-IV-ii-V harmonic progression in F major. Despite some brief diversions like the Db major chord, the piece consistently returns to and reinforces F major as the tonal center."
2797,C minor,"The chord sequence frequently alternates between C minor and G major, establishing a strong i-V relationship that centers the harmony around C minor. The recurring F minor and Bb major chords function as a subdominant (iv-VII) progression that frequently resolves back to the tonic C minor."
2981,F major,"The chord progression is clearly rooted in F major, frequently using the tonic (F), dominant (C7), and supertonic (Gmin7) chords. The consistent return to the F tonic chord throughout the sequence confirms F major as the tonal center."
6030,C major,"The chord sequence frequently resolves to C:maj7, utilizing the jazz-standard F:min7 to Bb:7 to C:maj7 'backdoor' cadence. While the progression contains significant chromaticism and complex chords, C:maj7 functions as the tonal center throughout the piece."
4484,C major,"The chord sequence consists entirely of chords diatonic to the C major scale, including C major, F major, D minor, G major, E minor, and A minor. The frequent use of these chords and the resolution to C major strongly suggest the key of C major."
563,C minor,"The chord progression repeatedly centers on C:min, with G:maj acting as the dominant and F:min functioning as the iv chord, establishing C minor as the tonal center."
6141,Db major,"The chord sequence relies heavily on ii-V-I progressions in Db major, such as the cycle of Fø7, Bb7, Ebm7, Ab7, and Dbmaj7. These recurring cadences strongly establish Db major as the tonal center for the piece."
1852,C major,"The chord sequence primarily utilizes the chords C major, F major, G major, A minor, and E minor, which are all diatonic to the C major scale. This functional progression clearly indicates the key of C major, despite the presence of repetitive and likely misidentified or highly chromatic chords like Db:min6."
4932,F major,"The chord sequence consistently centers around the F major triad and utilizes standard functional progressions such as ii-V-I (Gm7-C7-F) and subdominant chords (Bb) that define F major. Although there are some chromatic elements and secondary dominants like A7 leading to Dm, the resolution to F major remains the primary harmonic anchor throughout."
950,F major,"The progression is strongly centered in F major, frequently utilizing the tonic F chord and the standard ii-V progression of the key (Gmin7 to C7) to resolve back to the tonic."
1745,Eb major,"The chord sequence centers on the Eb:maj7 chord as the primary tonic, utilizing a recurring I-vi-ii-V progression (Eb-Cm-Fm-Bb) throughout. These functional harmonic structures strongly indicate Eb major, while secondary chords like Db:7 and G:dim7 function as chromatic embellishments within that key."
2734,C minor,"The chord sequence is consistently centered on the Cmin7 chord, which acts as the tonic. The presence of the dominant chord (G7) resolving back to Cmin7 and the use of the iv chord (Fmin7) are hallmark characteristics of the key of C minor."
903,C major,"The chord progression alternates between C major and F major, establishing C as the tonic. The following chords, including Dmin7, Emin7, and Gmaj7, are all diatonic to the key of C major, reinforcing C major as the tonal center."
2994,Eb major,"The chord sequence centers on Eb major, utilizing the IV-V-I cadence (Ab minor 6, Bb 7, Eb major) which strongly establishes the tonic. While there are excursions into C minor and chromatic chords, the recurrence of the Eb major chord as a point of resolution confirms Eb major as the key."
5797,C major,"The chord sequence frequently centers on C major, utilizing common diatonic chords such as F major, D minor, E minor, and A minor. The use of A7 leading to D minor and the F minor chord as a chromatic borrowed chord (minor iv) are stylistic hallmarks of the key of C major."
128,F major,"The chord progression is centered around the I (F major), ii (G minor), and V (C7) chords, which are the primary functional chords in the key of F major. The frequent resolutions to F major throughout the sequence establish it as the definitive tonic."
5581,Eb major,"The chord sequence is centered around an Eb major tonic and frequently cycles through F min7 and Bb 7, which form a standard ii-V progression in the key of Eb major. The inclusion of the E dim chord functions as a chromatic passing chord connecting Eb and F min7, further reinforcing the key of Eb major."
4763,C major,"The chord sequence is heavily dominated by C major and G7, which serve as the tonic and dominant respectively. The inclusion of F major (the subdominant) further confirms the functional harmony of the key of C major."
4930,G major,"The chord sequence is centered around G major, featuring the tonic chord frequently and utilizing standard diatonic harmonies such as C major (IV), D major (V), and A minor (ii). Functional progressions like the ii-V-I (A7-D7-G) and the use of secondary dominants (E7) strongly confirm G major as the key."
3367,G major,"The chord sequence primarily utilizes functional harmony within G major, featuring the tonic (G), subdominant (C), dominant (D7), and chords like E minor (vi) and A minor (ii). The frequent presence of G major as a resolution point and the consistent use of diatonic chords confirms the key of G major."
3547,F major,"The chord sequence consists primarily of F major, C7, and Bb major chords. This progression represents the standard I-IV-V harmonic movement, confirming F major as the tonic."
6013,Eb major,"The chord progression consistently centers on the Eb major chord, which acts as the tonic throughout the sequence. The presence of functional patterns like the ii-V-I (Fm7-Bb7-Eb) and the minor iv (Abm) leading to the tonic are strong indicators of the key of Eb major."
1580,Bb major,"The progression is heavily centered around the tonic Bb major chord and its dominant F7, which frequently appear throughout the sequence. The use of secondary dominants such as C7 and G7 to resolve towards the tonic further reinforces Bb major as the harmonic center."
3490,G major,"The chord progression frequently centers on the ii-V-I pattern (Am7-D7-Gmaj7), establishing G major as the primary tonal center. While there are brief modulations and secondary sequences involving keys like Bb major and D major, the persistent return to the G major progression confirms it as the home key."
4065,F major,"The chord sequence primarily utilizes F major, Bb major, and C dominant 7 chords, which correspond to the I, IV, and V7 chords in the key of F major. This consistent use of functional harmony and the frequent return to F major clearly establishes it as the tonic."
5702,D minor,"The chord progression frequently centers on Dmin7 and uses A7 as a dominant to resolve back to D minor, which strongly establishes it as the tonic. Other chords like Bb7, Cmaj7, and Fmaj7 are consistent with the natural or harmonic minor scale in the key of D minor."
6283,G major,"The chord progression consistently revolves around the G major tonic, featuring key chords like G, C, and D, while incorporating the relative minor (E minor) and common secondary progressions such as the ii-V-i in E minor. The inclusion of the minor iv chord (C minor) also reinforces the G major tonality."
5731,G major,"The chord progression is clearly rooted in G major, frequently employing common jazz-influenced ii-V-I patterns such as A7-D7-G. The usage of E7 as a secondary dominant tonicizing the ii chord (A7/Am) and the consistent return to the G major tonic chord confirm G major as the tonal center."
3723,F major,The chord progression frequently centers around Fmaj7 and utilizes standard ii-V-I cadences (Gmin7 to C7 to Fmaj7) in the key of F major. Functional elements like the ii-V into Gmin7 (A:hdim7 to D:7) and the use of the minor iv chord (Bb:min6) are also typical stylistic choices within an F major context.
1782,D minor,"The chord sequence centers on D minor, supported by the frequent use of the D minor tonic and the A7 dominant chord. Despite several chromatic passing chords and secondary progressions, the harmonic structure consistently resolves back to the D minor tonality."
6426,Bb major,"The harmonic progression is centered around the tonic chord Bb major, which appears frequently throughout the sequence. The usage of Eb major (IV) and F7 (V) confirms a standard functional diatonic harmony, while the C7 chord acts as a secondary dominant (V of V) further reinforcing Bb major as the tonic."
110,F major,"The chord progression consistently returns to F major, supported by functional movements such as G:min7 and C:7. Although there is chromaticism and complex modal interchange throughout the sequence, F major serves as the stable tonal center."
493,D major,"The chord sequence is firmly rooted in the key of D major, frequently utilizing the I (D), IV (G), and V (A7) chords throughout the progression. The inclusion of the ii chord (Em7) and vi chord (Bm) further confirms this key center, establishing a consistent diatonic harmonic structure."
4345,Bb major,"The progression is centered around the Bb, Eb, and F chords, which function as the I, IV, and V chords in the key of Bb major. The frequent use of Bb as a tonic and the return to the Bb chord after the dominant F7 confirm that the song is in the key of Bb major."
4689,F minor,"The chord progression features a variety of chords including Fm, Cm, Db, Eb, and Ab, which are all diatonic to the F minor scale. The song begins and ends with an F minor chord, and the sequence consistently gravitates toward F minor as the tonal center throughout."
3077,G major,"The chord sequence heavily relies on G, C, and D chords, which represent the tonic, subdominant, and dominant chords in G major. The consistent return to G as the primary chord confirms G major as the key."
1919,C major,"The chord sequence primarily alternates between the tonic (C major) and the subdominant (F major), establishing a strong tonal center. The inclusion of the minor subdominant (F minor) and the resolution from the dominant (G7) to the tonic (C major) further confirms the key of C major."
5640,G major,"The chord sequence is composed primarily of G major, C major, and D major chords, which correspond to the I, IV, and V chords in the key of G major. The frequent repetition of the G major chord and the functional relationship between these chords strongly point to G major as the tonic."
856,F major,"The harmonic progression centers around F major and its dominant C7. The frequent use of D7 and G major functions as a secondary dominant-tonic pair (V/V to V), which is a common feature within the key of F major."
457,Eb major,"The chord sequence consistently revolves around the Eb major tonic, utilizing frequent ii-V-I progressions (such as Cmin7-F7-Bb7-Ebmaj) and circle-of-fifths movements that reinforce this tonal center. While there are some chromatic elements and transient harmonic shifts, the music repeatedly resolves to Eb major, confirming it as the primary key."
2214,C major,"The progression is centered around the C major chord and frequently utilizes functional chords within the key of C major, such as D minor, G major, and F major. The frequent cadences, use of secondary dominants, and the inclusion of a minor plagal cadence (F-Fmin-C) strongly support C major as the tonic."
4601,Bb major,"The song is centered around the chords Bb, Cmin7, and F, which function as the I, ii, and V chords in the key of Bb major. Although the sequence includes a modulation to Gb major, the strong thematic return to the Bb major harmonic progression confirms Bb major as the home key."
3837,C major,"The harmonic progression prominently features the chords C, F, G, and A minor, which are all part of the C major scale. The use of E7 as a secondary dominant resolving to A minor and the frequent return to the C major chord confirm C major as the tonal center."
4471,A minor,"The progression frequently centers on the D minor and G7 chords, which resolve repeatedly to A minor, establishing it as the tonic. While chords like F, C, and Bb suggest a relationship to C major, the emphasis on A minor at the beginning and the overall harmonic structure point towards A minor as the key."
5787,F major,"The progression is centered around F major, frequently using the ii-V-I sequence (Gmin7-C7-Fmaj). The presence of secondary dominants like Bb7 and Eb7, along with the ending sequence of Fmaj-Dmin-G7-C7, reinforces the F major tonality throughout the piece."
5397,D major,"The progression is built primarily on the D, G, and A chords, which correspond to the I, IV, and V chords in the key of D major. The sequence centers around D major, which acts as the tonic throughout the passage."
3774,C major,The chord sequence consistently features ii-V-I progressions (Dm7-G7-Cmaj7) and uses secondary dominants and modal interchanges (like Fmin7-Bb7-Cmaj7) that strongly emphasize C major as the tonal center.
2437,G major,"The chord progression prominently features cycles of dominant chords that resolve into G major, which acts as the stable tonic. The repeated use of G major chords as an anchor throughout the sequence confirms its role as the key."
1941,F major,"The chord sequence heavily features Fmaj7, Gmin7, and C7, which function as the I, ii, and V chords in F major. Despite a brief departure into what appears to be A minor, the harmony consistently returns to these F major-centric chords, establishing F major as the tonal center."
6276,C major,"The progression features frequent ii-V-I (Dmin7-G7-Cmaj) and vi-ii-V-I (Amin7-Dmin7-G7-Cmaj) cadences, which strongly establish C major as the tonal center. While there are some secondary chords, the consistent return to C major reinforces this key signature."
3640,Eb major,"The chord progression is centered around the tonic Eb major chord, with frequent usage of the dominant Bb7, subdominant Ab major, and relative minor C minor. These chords, along with the ii (F minor) and iii (G minor) chords, are all diatonic to the key of Eb major and repeatedly resolve to the tonic."
5113,F major,"The chord sequence is composed almost entirely of chords belonging to the F major scale, specifically the I, ii, iii, V, and vi chords. The frequent use of these diatonic chords and the strong cadence of C7 to F major confirms F major as the key."
5443,G major,"The chord sequence centers on G major, utilizing the tonic (G), subdominant (C), and dominant (D and D7) chords throughout. The inclusion of the A major chord functions as a secondary dominant (V/V) leading into the D7, which strongly reinforces G major as the key."
3868,B minor,"The harmonic progression is clearly anchored in B minor, evidenced by the frequent use of the tonic Bm, dominant F#7, and subdominant Em chords. While there is a temporary modulation to the relative major (via the Em7-A7-Dmaj7 sequence) and a final resolution to a B major chord, the overwhelming majority of the piece functions within the B minor key."
4016,F major,"The chord sequence consistently revolves around the F major chord, which functions as the tonic. The progression uses chords like Bb (IV), C7 (V7), and G7 (II7), all of which are standard functional harmonies within the key of F major."
1502,G major,"The chord sequence relies heavily on the I, vi, IV, and V chords (G, Em, C, and D) in the key of G major, consistently using V-I cadences to reinforce the tonic. While there are some chromatic elements and brief excursions towards the end, the harmonic progression remains grounded in the key of G major."
3192,C major,"The chord sequence is composed primarily of C major, G major, and F major chords, which correspond to the I, V, and IV chords in the key of C major. The C major chord appears most frequently and for the longest durations, strongly establishing it as the tonic."
821,C minor,"The harmonic structure is centered around C minor, repeatedly returning to it after sequences of dominant chords. The frequent use of D7 and G7 serves as a ii-V progression pointing toward C minor, and even when the progression traverses through a cycle of fifths, it consistently resolves back to this tonic."
5088,C major,"The chord sequence centers consistently on C, utilizing a mix of C major and C minor harmonies. The recurring ii-V-I cadence (A7-Dm7-G-C) establishes C major as the tonal center, while chords like Cmin6 and Ab7 function as common modal interchanges borrowed from the parallel minor key."
4282,Bb major,"The chord progression consistently features Bb, Eb, and F, which function as the I, IV, and V chords in the key of Bb major. The sequence frequently returns to the Bb chord as a tonic center, confirming Bb major as the most likely key."
5514,C minor,"The chord progression consistently centers around C minor, utilizing frequent Ddim7 and G7 chords as the predominant ii-V movement leading back to the Cmin7 tonic. The segment featuring Fmin7, Bb7, and Ebmaj7 represents a temporary modulation to the relative major, which is harmonically common in pieces written in C minor."
3431,F major,"The chord sequence consistently revolves around the tonic F major and the dominant C7, establishing a clear F major tonality. The recurring use of A:hdim7 to D:7 functions as a secondary ii-V to G minor, which is the diatonic ii chord in F major."
2788,C major,"The sequence is heavily grounded in C major, featuring frequent alternations between C major and F major, along with D minor and E minor as common supporting chords. The presence of G7 acting as a dominant resolving to the tonic further confirms C major as the key."
4356,G major,"The chord progression is centered around the chords G major, C major, and D major, which correspond to the I, IV, and V chords in the key of G major. The frequent use of these chords and the consistent return to G major as a resolution point strongly establish G major as the tonic."
3345,E minor,"The chord sequence heavily features E minor, G major, A minor, B minor, C major, and D major, which are all diatonic to the E minor scale. The persistent use of E minor as a tonal center, supported by common progressions like D major to E minor, confirms E minor as the key."
2826,E minor,"The chord sequence consists primarily of E minor, B minor, and G major chords. E minor functions as the clear tonic, and the prevalence of these chords indicates the key of E minor."
2978,F major,"The chord progression is centered on F major, utilizing the tonic (F), subdominant (Bb), and dominant (C7) chords extensively throughout. The recurring passages containing D minor, C major, and G7 chords indicate a brief modulation or secondary cadence toward the dominant key (C major), which is consistent with the tonic of F major."
4281,C minor,"The chord sequence revolves around the recurring ii-V progression (C min7 to F7) in C minor, which establishes it as the tonal center. Although there is a brief modulation to the relative major (Ab major), the progression consistently resolves back toward C minor, underscored by the concluding transition through D7 and G7."
1928,A minor,"The chord sequence consistently revolves around A minor, frequently utilizing A minor, A minor 7, and A minor 6 chords as the tonal center. Functional progressions like the E7(b9) to A minor and the ii-V-i motion towards D minor confirm A minor as the tonic."
1553,Eb major,"The progression centers around the Eb major tonic and frequently utilizes the ii-V-I cadence (Fmin7 to Bb7 to Eb major). The inclusion of the Ab minor chord acts as a borrowed chord from the parallel minor key, which reinforces the resolution back to the tonic."
1824,A major,"The chord sequence consistently revolves around the tonic A major, utilizing frequent occurrences of its primary functional chords: the subdominant D major (IV), dominant E major (V), and supertonic B minor (ii). Additionally, the use of D minor (the borrowed iv chord) resolving back to A confirms this tonal center."
4542,Bb major,"The chord sequence centers around Bb major, supported by the frequent ii-V-I progressions (Cmin7-F7-Bb). The use of secondary dominants, such as D7, G7, and C7, is consistent with a standard jazz-influenced harmonic structure in the key of Bb major."
2197,Eb major,"The chord sequence consistently revolves around Eb major, utilizing the ii-V-I progression (Fmin7-Bb7-Ebmaj). Secondary dominants like G7 to Cmin and C7 to Fmin, along with the back-door resolution of Abmin7 to Db7, further reinforce Eb major as the tonic."
3886,D minor,"The chord sequence consistently returns to the D minor, G minor, and A7 chords, which establish a clear i-iv-V progression in D minor. The occasional excursion into F major and related chords fits well within the harmonic context of the relative major, confirming D minor as the primary tonal center."
1496,C major,"The chord progression relies heavily on C major, F major, and G7, which correspond to the I, IV, and V chords in the key of C major. The frequent alternation and return to C major clearly establish it as the tonal center."
1687,G major,"The chord progression centers around G major, utilizing common functional chords including G (I), B7 (III7), Em (vi), Am (ii), and D7 (V). The frequent use of B7 as a secondary dominant leading to the relative minor (E minor), along with the C:min6 as a borrowed minor subdominant, confirms G major as the tonic."
355,F major,"The chord sequence centers on F major as the tonic, frequently employing the ii-V-I progression (Gmin7-C7-F) and utilizing the minor iv chord (Bb minor) which is a common borrowing in the key of F major."
533,C major,"The chord sequence features consistent use of functional harmony within the key of C major, including standard progressions like ii-V-I (Dmin7-G7-Cmaj7) and the iii-VI-ii-V-I turnaround (Emin7-A7-Dmin7-G7-Cmaj7). Cmaj7 is consistently used as the tonic chord throughout the sequence."
948,C major,"The chord sequence heavily features C major (I), F major (IV), and G/G7 (V) chords, which are the primary functional chords in C major. The brief introduction of a D7 chord functions as a secondary dominant (V/V) that resolves to G7, further confirming C major as the tonic."
3473,C major,"The chord sequence centers around C:maj7, which acts as the primary tonal anchor. The recurring motif of C:maj7 to Db:7(b5) to D:min7 to Db:maj7 and back to C:maj7 demonstrates a clear functional focus on C, with F:maj7 serving as a prominent subdominant area during the middle of the progression."
343,C major,"The chord sequence heavily features the tonic (C), subdominant (F), and dominant (G) chords, which are characteristic of C major. The inclusion of other diatonic chords like Dm, Am, and Em, combined with the recurring resolution to C, strongly establishes C major as the key."
5782,F major,"The chord progression predominantly uses F major (I), Bb major/7 (IV), and C major/7 (V) chords, confirming F major as the key center. Additional chords like D minor (vi) and G7 (V of V) provide standard functional support within this key."
4095,C major,"The song centers around the C major chord, supported by typical progressions like the IV-V-I (F-G-C) and the presence of the relative minor (A minor). Even with chromatic passing chords like F# major and C# major, the harmonic structure strongly anchors in C major."
6214,F major,"The chord sequence is dominated by F major as the tonic and includes frequent cadences to C7, which is the dominant chord in the key of F major. The inclusion of Bb major (IV) and D minor (vi) further reinforces this tonal center."
2480,F major,"The progression predominantly uses chords such as F, Bb, C7, Gmin, and Dmin, which are all diatonic to the key of F major. The frequent resolution to the F major chord confirms it as the tonal center."
1221,Bb major,"The chord progression features frequent ii-V-I patterns and modulations, but it consistently returns to Bb major chords as the tonal center. The overall harmonic movement centers around resolving into Bb major, making it the most appropriate key label."
3795,G major,"The sequence is anchored by recurring ii-V-I progressions in G major, specifically involving A minor 7, D dominant chords, and G major chords. The frequent movement from D dominant chords to G major chords functions as a strong cadence, reinforcing G major as the tonal center."
5102,Ab major,"The sequence is strongly anchored in Ab major, featuring the tonic Abmaj7, the subdominant Dbmaj7, and the dominant Eb chords. While the progression includes secondary ii-V movements and a borrowed minor iv chord (Abmin6), the functional harmony consistently resolves back to the Ab major tonic."
5967,A minor,"The chord progression centers on A minor, as indicated by the frequent return to A minor and the prominent use of E7 as the dominant chord. While there are passing chords and chromatic elements like Bb major, the harmonic context consistently resolves towards A minor."
2846,C major,"The chord progression consists exclusively of the I, IV, and V chords (C major, F major, and G major), which are the diatonic chords in C major. The consistent use of these chords with C major as the focal point establishes C major as the key."
1513,C major,"The chord sequence is heavily anchored around C major, frequently utilizing G7 as the dominant chord resolving back to the tonic. The consistent use of F major chords as the subdominant further reinforces C major as the tonal center."
2862,G minor,"The song is firmly rooted in G minor, utilizing the G minor tonic and its dominant D7 chord extensively. Although the piece introduces a G major chord and moves through secondary dominants (E7 to Am to D7), these function to reinforce the G tonal center."
4692,G major,"The progression relies heavily on G major, C major, and D major chords, which are the I, IV, and V chords in the key of G major. Additionally, the inclusion of A minor (ii) and B minor (iii) further confirms G major as the home key."
5123,C major,"The chord sequence consists primarily of C major, D minor, and F major chords. These chords function as the I, ii, and IV chords in the key of C major, with the heavy emphasis on C major establishing it as the tonic."
2397,D minor,"The chord sequence consists of Dm, F, C, and Bb, all of which belong to the D minor scale (the relative minor of F major). Given that the sequence consistently starts with and centers around Dm, it serves as the tonic of the progression."
4248,F major,"The progression frequently centers on the F major chord, with clear ii-V-I cadences (Gm7-C7-Fmaj) appearing throughout the sequence. The recurring use of chords like Dm7, Gm7, and C7 strongly establishes F major as the tonal center."
2664,F minor,"The chord sequence centers on F minor, evidenced by the repeated ii-V-i progressions (G:min7-C:7-F:min). The passage including Eb:min7, Ab:7, and Db:maj7 suggests a temporary harmonic excursion to the relative major, Db major, before resolving back to F minor."
4193,C major,"The song begins with a repeating I-IV-V progression in G major but modulates to a I-IV-V progression in C major. Since the latter half of the sequence establishes C major as the final tonal center, it is identified as the key."
3618,F major,"The progression revolves around the I (F major), IV (Bb major), and V (C major/C7) chords, with frequent usage of the ii chord (G minor). The presence of the D7 chord acts as a secondary dominant leading into the G minor, which reinforces the functional harmony within the key of F major."
1798,Bb major,"The chord sequence is dominated by a repeated vamp between Bb7(#9) and Eb9, which is a classic blues-funk progression establishing Bb as the tonal center. While there are chromatic embellishments, the harmonic structure consistently returns to these chords, characterizing the key as Bb major (specifically mixolydian/blues)."
2704,F major,"The chord sequence consists of a repetitive cycle of F, Bb, and C chords, which correspond to the I, IV, and V chords in the key of F major. This is a standard and very common diatonic progression in that key."
4784,F major,"The chord progression is built around F major, Bb major, G minor, and C7 chords, which correspond to the I, IV, ii, and V chords in the key of F major. The consistent return to F major as the tonal center and the clear functional harmony demonstrate that the song is in the key of F major."
709,Eb major,"The chord progression repeatedly resolves to the Eb:maj9 chord, establishing Eb major as the tonic. The use of chords like F:min9, Bb:7, and C:7 is consistent with this key center, while other chromatic chords serve as jazz-style substitutions."
4627,C major,"The progression is built primarily on diatonic chords within the key of C major, including C, F, G, E minor, and A minor. The frequent recurrence and emphasis on the C major chord, especially at the beginning and end of phrases, establish C major as the clear tonal center."
4072,G major,"The chord progression centers on G major, frequently utilizing the tonic chord G and standard functional harmony such as the C major (IV), C minor (iv), A minor (ii), and D7 (V) chords. The presence of the A7 (secondary dominant) leading to D7, which resolves back to the G major tonic, further confirms G major as the home key."
4811,G major,"The chord sequence primarily utilizes chords diatonic to the key of G major, including I (G), IV (C), V (D7), vi (Em), and ii (Am). The progression frequently resolves to G major, and the recurring cadences of D7 to G further confirm G major as the tonal center."
4206,Eb major,"The chord sequence consistently revolves around the alternation between Eb major and Bb7, establishing a clear I-V relationship in the key of Eb major. While there are chromatic embellishments such as the C7 and Ab:min6 chords, the overall harmonic structure remains anchored in Eb major."
3062,Eb major,"The sequence consistently emphasizes Eb major as the tonal center, utilizing Ab major and Bb major chords as the IV and V chords respectively. This functional I-IV-V progression clearly indicates the key is Eb major."
5290,G major,"The chord sequence is heavily centered on G major, featuring frequent use of the tonic (G), subdominant (C), and dominant (D7) chords. The inclusion of the minor iv chord (C minor) and secondary dominants (B7, A7) are standard harmonic devices used within the key of G major."
4935,C major,"The chord sequence is dominated by repeated ii-V-I functional progressions (Dm7-G7-C) which clearly establish C major as the tonal center. While there is a temporary modulation or tonicization of the dominant key (G major) towards the end, the primary key of the piece is C major."
5109,C major,"The chord sequence is heavily anchored by C major and C maj7 chords, establishing C as the clear tonic. The presence of diatonic chords like D minor and A minor further confirms C major as the key."
1925,C major,"The chord progression is clearly centered on the C major tonic, frequently resolving to C:maj6. The frequent use of F, D, and G chords, along with the progression of G:min7-C:7-F:maj6 acting as a temporary ii-V-I toward the subdominant, is characteristic of C major harmony."
1067,G minor,"The chord sequence is predominantly centered around the G minor chord, which appears as the recurring tonic throughout the progression. While there is significant chromatic movement, including frequent use of Eb minor and occasional interventions from chords like Db minor and A minor, these function as harmonic coloring or departures that always return to the G minor tonal center."
6532,C major,"The piece begins with harmonic elements suggesting C minor, but it modulates through various other keys before establishing a clear C major tonality toward the end, evidenced by the final ii-V-I chord progressions."
2146,C major,"The chord progression is primarily built around the tonic C major, utilizing chords like F major, D minor, and G7, which are standard in the C major key. The sections involving E7 and A minor serve as secondary dominant movements, and the modulation toward G major is a common temporary tonicization, with the harmony eventually resolving back to the tonic C major."
4917,C major,"The chord sequence is clearly centered around C major, frequently utilizing the standard ii-V-I progression (Dm7-G7-C) and establishing C major as the tonic. Other diatonic chords like F major and Am7 further support this functional harmonic context."
2472,F major,"The chord sequence consists primarily of F major, C7, and Bb major chords, which function as the I, V, and IV chords in the key of F major respectively."
4086,G major,"The chord sequence is heavily dominated by G major, C major, and D major chords, which correspond to the I, IV, and V chords in the key of G major. The progression repeatedly cycles through these primary chords, confirming G major as the tonal center."
2275,C major,"The progression frequently centers on the C major chord and utilizes diatonic chords such as Dmin, F, and G, which are fundamental to the key of C major. The inclusion of secondary dominants like E7, A7, and D7, along with frequent returns to the tonic, strongly reinforces C major as the tonal center."
6519,Eb major,"The sequence is clearly centered in Eb major, featuring multiple ii-V-I cadences (Fm7-Bb7-Eb) and frequent use of diatonic chords. A brief modulation to the relative minor (C minor) is highlighted by a Dm7-G7-Cm progression, after which the song returns to the tonal center of Eb major."
3008,F minor,"The chord sequence consists of a recurring loop of Bbmin7, Ebsus4, Fmin, Cmin7, and Db. These chords map to the iv, bVII, i, v, and VI degrees of the F minor scale, respectively, establishing F minor as the home tonic."
5948,Bb major,"The harmonic progression is clearly centered around Bb major, featuring frequent use of the tonic (Bb), the subdominant (Eb), and the dominant (F). Functional patterns such as ii-V-I (Cmin7-F7-Bb) are prevalent, and the secondary dominant (C7) and passing diminished chord (C#dim7) are typical additions in this key."
3601,A minor,"The chord sequence consistently revolves around A minor as the tonic, with frequent use of the E major chord as a dominant and F major and D minor as functional diatonic chords. The pattern strongly establishes a traditional A minor tonality."
2512,G major,"The chord progression consistently revolves around G major, utilizing common ii-V-I cadences like A:min7-D:7-G:maj throughout the sequence. Although there is a brief modulation-like section involving A:maj, the song quickly returns to the established home key of G major."
1195,F major,"The progression is centered in F major, regularly featuring ii-V-I cadences (Gmin-C7-F) and resolving to F major consistently. The presence of Dmin and A major functions as a vi-V/ii relationship within the key."
2968,Eb major,"The chord sequence consistently revolves around the tonic Eb, frequently employing the ii-V-I progression (Fm7-Bb7-Eb) and other diatonic chords, which strongly supports Eb major as the key."
1802,G major,"The chord sequence consists of C, G, and D major chords, which correspond to the IV, I, and V chords in the key of G major. This is a common diatonic progression that strongly establishes G major as the tonic."
6433,F major,"The chord sequence primarily utilizes the I (F), IV (Bb), and V (C) chords of the F major scale. The inclusion of secondary dominants like G7 and D7, which lead to C and G minor respectively, provides further confirmation that the tonal center is F major."
2290,F major,"The harmonic progression is built around the I (F), IV (Bb), and V7 (C7) chords, which are the primary chords in the key of F major. The presence of the ii chord (Gmin7) and the secondary dominant G7 (V/V) further solidifies F major as the tonal center."
3428,F major,"The progression is rooted in F major, frequently utilizing the I (F), IV (Bb), and V (C) chords. While there is a section centered around C major, the sequence consistently returns to F major as the primary tonal center."
5959,A minor,"The chord sequence repeats the pattern of A minor, C major, G major, and F major, which are all diatonic to both C major and A minor. Given that the progression centers on the A minor chord, it functions as the tonal center, making A minor the most appropriate key."
4975,G major,"The chord sequence consistently relies on the ii-V-I progression (A min7, D7, G), which firmly establishes G major as the tonal center. The use of Eb:maj7, Bb:dim7, and E:min6 functions as common chromatic embellishments or substitutions within the key of G major."
557,D major,"The chord sequence consists of D7, G7, and A7, which function as the I, IV, and V chords in the key of D major. This progression is characteristic of a 12-bar blues song."
6592,F major,"The progression frequently centers around F major chords and resolves with classic F-Bb-C-F cadential structures. Although the sequence features a highly chromatic series of chords in between the main harmonic pillars, the overall tonal center remains firmly rooted in F major."
1653,F major,"The chord progression frequently alternates between F major, G minor, and D minor/major, strongly suggesting F major as the tonal center. The consistent use of the G minor chord transitioning toward F major, often accompanied by a C chord, points to a ii-V-I progression in F major, despite the C minor label likely being a misidentified dominant chord."
5203,F major,"The progression is consistently anchored by the Gmin9-C9 vamp, which functions as a ii-V progression in F major. Despite momentary excursions to other harmonic areas, the sequence frequently resolves to F major, confirming it as the tonic center."
5723,C major,"The chord sequence consists primarily of C major, F major, and G major chords, which function as the I, IV, and V chords in the key of C major. The repetitive use of these chords and the strong resolution to C major confirm this as the tonic."
4780,C major,"The chord sequence is heavily centered around C major, utilizing functional progressions such as G7 to C (V-I), D7 to G7 (II-V), and secondary dominants like E7 resolving to A minor (V/vi to vi). The frequent return to C major as a resolution point and the standard diatonic chords confirm this tonal center."
2360,G major,"The chord sequence consists primarily of G, C, D, and E minor, which are all diatonic chords within the key of G major. The repeated progression of these chords, particularly centering on G major, confirms it as the tonic."
4707,A minor,"The chord progression is a straightforward alternation between A minor and E major, which are the tonic (i) and dominant (V) chords of A minor, clearly establishing the key."
6309,C major,"The chord progression is firmly rooted in C major, featuring a classic circle-of-fifths cycle (C-F-A7-D7-G7-C) with secondary dominants that frequently resolve back to the tonic."
259,Eb major,"The progression is centered around the repeated alternation between Eb major (the tonic, I) and Bb7 (the dominant, V). The inclusion of the F minor chord (ii) and the occasional C major chord further confirms the harmonic structure of Eb major."
2601,Eb major,"The chord sequence consistently features ii-V-I cadences, such as Fmin7 to Bb7 to Ebmaj7, which strongly establish Eb major as the tonal center. Although the progression includes some chromaticism and secondary dominants, the harmonic motion repeatedly resolves to Eb major."
1134,Bb major,"The sequence is clearly centered in Bb major, relying on the primary chords I (Bb), IV (Eb), and V (F7). The inclusion of secondary dominants such as G7 and C7, along with the ii chord (Cmin7), provides standard functional harmonic support for the tonic key of Bb major."
2562,A major,"The progression revolves heavily around an A major chord with periodic resolutions to E7, suggesting A Major. Secondary dominants like C#7 and D major chords also align with the functional harmony typical of this key."
2791,G major,"The chord sequence is dominated by G, C, and D7, which represent the tonic, subdominant, and dominant chords respectively in G major. The presence of E minor and B7, which act as the vi and V/vi, further reinforces the home key of G major."
6003,C major,"The chord sequence centers on the tonic (C major) and dominant (G7) chords, featuring common functional progressions like ii-V-I (Dmin7-G7-C). Other chords such as Amin7 are diatonic to the key, strongly confirming C major as the tonal center."
1681,F major,"The chord sequence consistently revolves around F major, utilizing standard functional progressions such as the ii-V-I (Gmin-C7-F) and secondary dominants like D7 to Gmin. The persistent return to F and the overall harmonic structure strongly define the key as F major."
4590,C major,"The chord sequence consistently revolves around the tonic C major, frequently utilizing the Dm7-G7-C progression. The presence of common non-diatonic chords like Cmin6, Fmin6, and G#dim7 is typical for a major key, further supporting C major as the tonal center."
1432,Eb major,"The chord sequence consistently relies on the I (Eb), IV (Ab), and V (Bb7) chords, which are the primary functional chords in the key of Eb major. This strong emphasis on these harmonic pillars confirms Eb major as the tonal center."
5004,C major,"The chord sequence is heavily centered around the C major chord, supported by its primary functional chords including F major, G major, and A minor, which are all diatonic to the C major scale. Standard progressions like ii-V-I (D:min7 to G:maj to C:maj) and the frequent resolution to C major confirm it as the tonic."
395,C major,"The chord progression relies heavily on C major, E minor, F major, G major, and A minor, all of which are diatonic to the key of C major. The repetition of the C major chord as a focal point and the use of standard functional harmony confirm C major as the tonic."
5294,G major,"The progression is firmly rooted in G major, frequently utilizing the ii-V-I (A-min7, D7, G-maj7) cadence. While there is a brief modulation or harmonic shift toward Bb major (C-min7, F7, Bb-maj7), the progression repeatedly returns to and centers around G major."
148,Eb major,"The chord sequence centers on Eb major, frequently returning to the Ebmaj6(9) tonic. The progression includes clear ii-V-I cadences, such as Gmin7-C9-F9-Bb7-Eb, and moves through the subdominant Ab, which are consistent with functional harmony in the key of Eb major."
33,C minor,"The chord sequence is heavily centered around C minor, consistently returning to the tonic chord. The frequent use of G major as a dominant and the progression of F minor, Bb major, and Eb major further solidify C minor as the tonal center."
1890,F major,"The chord progression consistently centers around the F major tonic, frequently utilizing C7 as the dominant, which establishes a clear I-V relationship. The frequent use of diatonic chords such as Bb, Dmin7, and Gmin7 further confirms that F major is the tonal center of this piece."
6221,A minor,"The chord sequence begins with a strong i-iv-V-i progression (A:min, D:min, E:7, A:min) establishing A minor as the initial key. While the sequence modulates to E minor in the latter half, A minor remains the primary harmonic center."
3180,G minor,"The chord progression consistently centers around G minor, utilizing diatonic chords such as F major, Bb major, C major, and D minor. The frequent return to G minor as the primary tonal anchor confirms it as the tonic key."
6623,C major,"The chord sequence is centered on C and frequently utilizes the primary chords of the C major scale, specifically C, F, and G. The inclusion of chords such as A major and E major functions as standard chromatic embellishment or secondary dominants within the key of C major."
803,F major,"The chord sequence centers on the F major chord and utilizes standard functional harmonies such as Gmin7-C7-Fmaj (ii-V-I) to establish F as the tonic. Secondary dominants like D7 to Gmin and E7 to Amin are used to explore related chords within the key, confirming F major as the tonal center."
2759,Eb major,"The chord progression consistently revolves around the Eb major tonic, utilizing functional harmony like the dominant (Bb:7) and supertonic (F:min). The inclusion of borrowed chords like Ab:min and Db:maj is characteristic of a major key enriched with modal interchange."
2424,C major,"The chord sequence consists primarily of C major, D minor, and G7 chords, which correspond to the I, ii, and V chords in the key of C major. The frequent resolution to the C major chord confirms it as the tonic."
448,Eb major,"The chord sequence consistently revolves around Eb major, featuring frequent ii-V-I progressions (F:min7 - Bb:7 - Eb:maj) and the use of characteristic diatonic chords like Ab:maj7 and C:min7. These harmonic markers strongly establish Eb major as the tonic throughout the progression."
1635,Eb major,"The chord sequence consistently relies on the ii-V-I progression involving Fmin7, Bb9, and Ebmaj, which confirms Eb major as the tonic. Other chords such as Gmin and Cmin are diatonic to Eb major and further support this harmonic center."
946,E major,"The progression is strongly centered around E major, frequently utilizing the I-ii-V (E, F#m7, B7) cadence. Although there is a temporary modulation to G major in the middle of the sequence, the harmony consistently resolves back to E major."
6043,B major,"The chord sequence prominently features B major, along with F# major (the V chord) and E major (the IV chord), which are all diatonic to the B major scale and establish it as the tonic center."
5150,D major,"The chord progression frequently centers on D major, supported by its dominant A:7 and related chords. The presence of clear ii-V-I progressions in D, such as E:min to A:7 to D:maj, confirms D major as the tonal center despite the initial E:minor sequence and some chromatic passing chords."
5867,Eb major,"The progression repeatedly centers on the Eb major chord, which functions as the tonic. The sequence includes several common functional progressions, such as ii-V-I patterns (Fmin-Bb7-Eb) and secondary dominants (C7, F7, Bb7), which all reinforce Eb major as the key center."
3498,D minor,"The chord sequence oscillates prominently between D minor and Bb major. Given the strong focus on D minor throughout the latter portion of the progression, D minor is the most appropriate tonal center, with Bb major functioning as the submediant."
115,G major,"The progression is centered around G:maj, C:maj, and A:min7 chords, with frequent ii-V-I cadences (A:min7 to D:7 to G:maj) that establish G major as the tonic. The inclusion of chords like B:min7, E:7, and the borrowed C:min6 chord are typical harmonic extensions within the key of G major."
4651,C major,"The progression follows a ii-V-I cadence (Dm7-G7-Cmaj7) which establishes C major, with the A7 acting as a secondary dominant (V/ii) that resolves back into the Dm7. This is a standard jazz turnaround progression clearly centered in the key of C major."
3932,D minor,"The chord sequence centers on D minor, as evidenced by the frequent return to D minor chords throughout. The progression is heavily supported by the dominant A major chord and the submediant Bb major chord, which are quintessential elements of the D minor tonality."
1829,Eb major,"The chord sequence demonstrates a series of ii-V-I cadences, notably transitioning from F:min to Bb:7 to Eb:maj, which strongly establishes Eb major as the tonal center. While there are momentary modulations to G minor and F minor, the harmonic progression frequently returns to Eb major, using chords like Ab minor as common modal interchange elements within that key."
3708,C major,"The chord sequence centers on the tonic C major, utilizing common functional chords like the subdominant F major and the dominant G7. The occurrence of secondary dominants like E7 and D7 is characteristic of the key of C major, strengthening the tonal center."
5641,G minor,"The chord progression frequently centers around G chords, including G:9 and G:min7, and utilizes common minor-key ii-V-i cadences like A:hdim7-D:7(b9)-G:9. The presence of Bb:maj6 and Bb:min6, along with the overall harmonic structure, strongly indicates G minor as the tonic."
5741,E minor,"The chord sequence is firmly grounded in E minor, evidenced by the frequent return to E minor and the use of the B7 dominant chord to resolve to the tonic. The progression utilizes common features of the key, including the harmonic minor leading tone (E major) and borrows chords like F major and C major which are frequently found in the context of E minor pieces."
2353,C major,"The chord progression consistently revolves around the C major triad, reinforced by clear V-I (G7 to C) cadences and the frequent use of the IV (F) chord. The diminished chords function as chromatic passing tones that lead smoothly into the primary diatonic chords, further establishing C major as the tonic."
6625,E major,"The song consistently centers on E major, as evidenced by the repeated E:maj chords and the use of the B:7 dominant chord to resolve to the tonic. The intermediate sequence of A:min, D:maj, G:maj, and C:maj creates a cycle-of-fifths progression that functions as an extended preparation for the dominant B:7 leading back to E major."
3002,A major,"The chord sequence consists primarily of A, D, and E chords, which are the I, IV, and V chords in the key of A major. The frequent return to A major as a harmonic anchor confirms it as the tonic."
3901,Bb major,"The progression is centered around the Bb major tonic, frequently cycling between Bb major and its dominant, F7. Functional movements such as the ii-V-I (Cmin7-F7-Bb) and the iv-I borrowed chord cadence (Ebmin6 to Bb) strongly confirm Bb major as the key."
791,Eb major,"The harmonic progression is heavily centered around Eb major chords, with frequent use of the dominant (Bb7) and subdominant (Ab major) chords, which strongly establish Eb major as the tonal center."
301,G major,"The chord sequence consists entirely of alternating G major (the tonic) and D7 (the dominant) chords, which is a classic I-V progression in the key of G major."
3500,F major,"The progression is centered on F major, utilizing the tonic (F), dominant (C7), and subdominant (Bb) chords. The frequent use of F and the resolution of C7 and G7 back to the tonic strongly confirm F major as the key."
265,C major,"The chord sequence consistently revolves around the C major chord as a tonic, utilizing the dominant (G7) and subdominant (F major) to define the harmonic structure. The frequent return to C and the use of supporting chords like D7 and Dmin7 are strongly characteristic of the C major key."
6378,E major,"The chord sequence centers on E major, which acts as the tonic throughout the passage. The harmonic structure is reinforced by the presence of the subdominant (A major) and the dominant (B7), alongside the secondary dominant (F# major) leading into the B chord."
3311,F major,"The progression consistently centers on F major, featuring common functional movements like G7 to C7 to F major and the iconic iv-I (Bb minor to F major) cadence. The recurring chromatic figures (Eb9 to D7) are common embellishments in this jazz-influenced style that resolve toward the dominant or tonic."
6236,F major,"The chord progression consistently revolves around F major, using the I (F), IV (Bb), and V (C7) chords as its foundation. The frequent usage of F as a tonic and the inclusion of other diatonic chords like D minor and A minor strongly suggest F major as the key."
2951,A major,"The chord sequence is heavily anchored around the A, D, and E chords, which correspond to the I, IV, and V chords in the key of A major. The appearance of a G major chord is consistent with common blues-rock progressions found within the key of A."
4276,C major,"The chord sequence is heavily anchored on C major/dominant chords (labeled as C13), with recurring functional progressions involving the subdominant F chord and a classic ii-V-I style turnaround using A7, D7, and G7 chords to return to the tonic C."
1448,D major,"The chord sequence consists primarily of D major, A7, and G major, which correspond to the I, V, and IV chords in the key of D major. This progression is characteristic of a piece centered in D major."
1751,G major,"The progression is centered on the G major chord, frequently using standard functional harmonies like D major (V) and A minor (ii) in the key of G. Occasional chromatic chords like Eb major and A major function as passing chords or secondary dominants that eventually resolve back to the tonic or dominant."
1795,Eb major,"The chord sequence consistently utilizes the I, iii, IV, and V chords (Eb, Gm7, Ab, Bb) in the key of Eb major. These functional chords, along with the frequent emphasis on the Eb major chord as the tonic, strongly confirm Eb major as the key."
6337,F major,"The chord sequence consistently revolves around the F major tonic, supported by a strong V-I cadential motion involving C7 and F. The use of the subdominant (Bb major), the minor iv (Bb minor), and the secondary dominant (D7) are all characteristic harmonic features in the key of F major."
5944,Bb major,The progression frequently utilizes standard ii-V-I cadences (Cm7-F7-Bb) and clearly centers on Bb as the tonic. The inclusion of secondary dominants like A7 leading to Dm and the borrowing of the minor iv (Ebm6) are common stylistic devices within the key of Bb major.
2920,Eb major,"The progression is centered around the Eb:maj7 chord, supported by frequent ii-V movements (F:min7 to Bb:7) that establish Eb major as the tonic. Secondary dominants like C:7 and chromatic chords like Db:7 are characteristic embellishments within this key."
4372,C major,"The progression is heavily centered around C major chords and typical functional harmonies found in that key, such as F major (IV) and G7 (V7). The presence of a D7 chord further supports C major as it functions as a secondary dominant (V/V)."
3444,F major,"The chord sequence centers around F7 and features a clear ii-V-I progression (Gm7-C7-F7) at the end, which strongly establishes F major as the tonic. Other chords present, such as Bb7, Am7, and D7, are consistent with the harmonic framework of the F major scale."
31,G major,"The harmonic progression centers consistently on the G major chord, supported by typical functional movements including D major and E minor. The frequent alternation between G major and C minor (the minor iv chord) and the periodic returns to the G tonic confirm G major as the home key."
4433,C major,"The chord progression is dominated by the I, ii, and V chords in the key of C major, specifically C:maj, D:min7, and G:7. The regular recurrence of these chords, along with the inclusion of the IV chord (F:maj) and the secondary dominant (D:7), confirms C major as the tonal center."
6198,D major,"The chord sequence consistently revolves around the D major tonic and includes diatonic chords such as F# minor, B minor, E minor, and A chords. The frequent use of the G major chord and the occasional G minor (a borrowed iv chord) are standard harmonic features within the key of D major."
1304,F major,"The chord sequence centers on F major, supported by recurrent cadences including F major, G minor, and C dominant chords. While there are temporary modulations to A major and D minor, the harmony consistently returns to the key of F major."
127,F major,"The chord sequence consists primarily of F major, Bb major, and C7 chords, which represent the I, IV, and V chords in the key of F major, strongly establishing it as the tonic."
6595,Bb major,"The chord sequence predominantly features Bb major, Eb major, F major, and G minor, all of which are diatonic to the Bb major scale. The consistent use of these chords confirms Bb major as the tonal center."
4132,F major,"The chord sequence relies heavily on the I (F major), IV (Bb major), and V7 (C7) chords, which are the primary functional chords in the key of F major. This simple diatonic progression clearly establishes F as the tonic center."
1287,Bb major,"The chord sequence primarily revolves around the tonic Bb major chord and its dominant F7, establishing a strong tonal center in Bb major. The inclusion of secondary dominants such as C7 (V/V) and G7 (V/vi) further reinforces the diatonic functionality within this key."
667,Eb major,"The chord progression consistently revolves around Eb major, utilizing the tonic (Eb), subdominant (Ab), and dominant (Bb7). The frequent appearance of F7 functions as a secondary dominant (V of V) that leads into the Bb7, which reinforces the Eb major tonal center throughout the piece."
4256,C major,"The progression is centered around C major, as evidenced by the frequent use of diatonic chords including D minor, G dominant, and C major. The sequence repeatedly employs ii-V-I cadences resolving to C, establishing it as the tonal center."
4687,F major,"The chord sequence is heavily dominated by F major and C7, creating a clear I-V relationship that establishes F major as the tonic. Other chords, such as Bb major and the brief chromatic elements, are common within this harmonic context."
3237,Eb major,"The chord sequence frequently utilizes the tonic Eb major chord, alongside its ii-V-I progression (Fm7-Bb7-Ebmaj), which establishes a clear tonal center. The consistent return to these functional chords confirms Eb major as the key, even with the presence of jazz-influenced secondary dominants."
814,G major,"The sequence is centered on the G major chord, with recurring ii-V-I progressions involving Am, D7, and G. The transition through E7, A7, and D7 acts as a cycle of secondary dominants resolving back to the tonic, confirming G major as the key."
3918,A minor,"The progression repeatedly centers on A minor, utilizing clear ii-V-i structures such as B:min7(b5) to E:7 to A:min7. While the harmony explores chromaticism and brief excursions towards the relative major (F major), the song consistently returns to A minor as the primary tonal anchor."
430,Eb major,"The chord sequence prominently features the Eb major chord as the primary tonic and uses common functional progressions such as the minor iv chord (Ab:min) leading into the V chord (Bb:7) and tonic (Eb:maj). Secondary dominant-like motion, such as the G:hdim7 to C:7 to F:min progression, serves to enhance the harmonic movement within the established Eb major key."
4888,F major,"The chord sequence heavily relies on the F-Gm-C-F progression, which is a standard I-ii-V-I cadence in F major. The sequence also features a circle of fifths progression (E7-A7-D7-G7-C7) that resolves back to F, further confirming F major as the tonic."
692,D minor,"The chord sequence is centered around D minor as the primary tonic, with the A major chord functioning as the dominant (V) chord leading back into the D minor harmony. The progression containing D minor, G minor, and C major provides a clear ii-v-i harmonic foundation typical of the key of D minor."
2809,C major,"The progression consistently cycles through the I (C major), IV (F major), and V (G7) chords, strongly establishing C major as the tonal center. The frequent return to C major and the use of E7 as a secondary dominant to F confirm this key."
2946,D minor,"The chord sequence consistently centers on D minor, evidenced by frequent use of the i-iv-V (Dm-Gm-A7) progression and standard ii-V-i cadences (Eø7-A7-Dm). Despite the heavy use of chromatic jazz embellishments and secondary dominants, the harmonic gravity clearly resolves to D minor throughout the piece."
2574,A minor,"The chord sequence consistently revolves around A minor and its dominant E7, establishing A minor as the primary tonal center. While there is a shift toward the relative major (C major) using the progression Dm-G7-C-F, the piece frequently returns to the A minor context."
5630,E major,"The harmonic sequence primarily centers around E major, utilizing the tonic (E), subdominant (A), and dominant (B) chords. While there is a distinct passage modulating to G major (C, G, D), the return to the dominant chord B at the end of the sequence confirms E major as the overall key."
6394,Bb major,"The chord progression is centered on Bb major, featuring the tonic Bbmaj6, the subdominant Ebmaj, and a ii-V cadence (Cmin7 to F7) that resolves back to the tonic. The occurrence of Ab9 is a typical bVII borrowed chord often found in this harmonic context, reinforcing the Bb major tonality."
5892,C major,"The progression is strongly centered around C major, frequently utilizing primary chords like C major, D minor, and G7. The inclusion of secondary dominants such as A7, D7, and G7 leading to C, along with brief excursions to the relative minor (E minor), are common functional harmonic movements in the key of C major."
3491,E major,"The chord sequence is dominated by E major, A major, and B major chords, which function as the I, IV, and V chords in the key of E major. The consistent return to the E major chord as a tonal center throughout the progression confirms its role as the tonic."
6262,Eb major,"The chord progression is dominated by alternating Eb major (I) and Bb7 (V) chords, which strongly establish Eb major as the tonic. The inclusion of the F minor (ii) and Ab major (IV) chords further reinforces this key."
5204,G major,"The chord sequence primarily uses chords diatonic to the G major scale, including G major, C major, D major, E minor, and A minor. Frequent returns to G major throughout the progression establish it clearly as the tonic."
1063,C major,"The chord sequence is dominated by C major, F major, and G7 chords, which correspond to the I, IV, and V chords in the key of C major. The frequent resolution to C major throughout the progression strongly establishes it as the tonic."
2744,Eb major,"The harmonic progression is centered around Eb major, characterized by frequent resolutions to the tonic chord and standard functional movements like the Bb7 to Eb major cadences and ii-V-I patterns. Although there are temporary modulations and secondary dominants, the music consistently returns to the Eb major tonality."
6200,Bb major,The chord sequence begins with a Bb minor orientation but transitions into a functional Bb major framework. The frequent use of ii-V-I progressions (Cmin7-F7-Bb) and the consistent return to the Bb tonic chord throughout the latter half of the sequence establish Bb major as the primary key.
3751,Db major,"The sequence frequently resolves to Db major chords via ii-V cadences (Eb minor to Ab7), indicating that Db major is the tonal center. Other progressions, such as the D minor to G7 sequence, act as chromatic modulations or side-slips that return to the primary key."
2888,C major,"The chord sequence is firmly anchored in C major, evidenced by the frequent return to the C major chord as a tonal center. Functional progressions like D:min (ii) to G:7 (V) to C:maj (I), alongside secondary dominants such as A:7 (V/ii), strongly support C major as the key."
2136,D minor,"The chord sequence consistently revolves around the D minor triad and its extensions, utilizing the dominant (A7) to resolve back to the tonic (D minor). The inclusion of G minor7 and Bb7 further supports D minor as the home key, forming a standard functional progression in this tonality."
2379,C minor,"The sequence alternates primarily between C minor and G major, establishing a clear i-V harmonic relationship that points to C minor as the tonic. The inclusion of the F minor chord acts as a iv chord, which reinforces the C minor tonality."
3667,Ab major,"The chord sequence consistently revolves around Ab major, utilizing common functional progressions like the IV (Db) and ii-V (Bbmin-Eb) chords. While there is a shift toward secondary dominants in the final section, the primary tonal center established throughout the sequence is Ab major."
6026,E minor,"The chord sequence prominently features the progression F#m7b5 to B7 to E minor, which is a common ii-V-i cadence in E minor. While the piece also utilizes chords diatonic to the relative major, G major, the repeated resolution to E minor establishes it as the primary tonal center."
4026,Eb major,"The sequence consistently employs the I-ii-V progression (Eb major, F minor, Bb dominant), which establishes Eb major as the tonic. While the progression contains chromaticism and a brief excursion toward the dominant key of Bb, the harmonic structure frequently resolves back to Eb major."
483,E minor,"The chord sequence is heavily centered around the E minor chord, which appears throughout the passage. The harmonic progression commonly uses the i (E minor), iv (A minor), and V (B7) chords, which are diatonic to the key of E minor."
147,Eb major,"The chord sequence is heavily centered around the Eb power chord as a tonic, with frequent usage of the subdominant (Ab) and dominant (Bb) chords. Other chords present, such as F, G, and C, are diatonic to the Eb major scale, reinforcing Eb major as the key."
4353,Ab major,"The chord sequence consistently revolves around ii-V-I (Bb:min7 - Eb:7 - Ab:maj6) and iii-VI-ii-V-I (C:min7 - F:7 - Bb:min7 - Eb:7 - Ab:maj6) progressions, which strongly establishes Ab major as the key center."
416,C minor,"The chord sequence spends a significant amount of time establishing C minor using C:min6 and G:7. While there is a shift toward C major chords in the latter portion of the sequence, the initial and more sustained harmonic content points to C minor as the primary key."
2371,F major,"The chord sequence consistently utilizes progressions typical of F major, such as Gm-C7-F, and features chords largely diatonic to that key. The use of secondary dominants like A7 and D7, alongside the borrowing of the minor iv chord (Bb minor), are common harmonic devices used within the key of F major."
5795,C major,"The chord sequence centers around the tonic C major, frequently supported by its dominant G7 and subdominant F major. The presence of D7 acts as a secondary dominant, reinforcing the resolution to G7 and clearly establishing the key as C major."
5726,G major,"The chord progression is dominated by G, C, and D chords, which correspond to the I, IV, and V degrees in the key of G major. Despite the presence of chromatic chords like Bb and Eb, the harmonic center of the sequence is clearly G major."
3142,C major,"The chord sequence is firmly rooted in C major, featuring frequent use of the tonic (C major), subdominant (F major), and dominant (G major) chords. Standard functional progressions such as ii-V-I (Dmin7-G7-Cmaj) are present throughout, confirming C major as the key."
3458,G minor,"The chord sequence heavily utilizes the i (G minor), iv (C minor), and V (D7) chords, which form the primary harmonic structure in the key of G minor. The constant return to the G minor chord clearly establishes it as the tonic."
1105,F major,"The chord sequence frequently utilizes the ii-V-I progression (Gmin7-C7-Fmaj7), which establishes F major as the primary tonal center. While there are brief excursions and modulations to other keys like C major and Ab major, the progression consistently returns to F major, confirming it as the home key."
4756,Eb major,"The harmonic progression is clearly anchored in Eb major, heavily featuring the tonic (Eb) and dominant (Bb) chords throughout. Despite a brief, temporary excursion into G major, the song consistently returns to Eb major, confirming it as the primary key."
5009,Eb major,"The progression repeatedly centers on the Eb major chord as the tonic. The sequence includes standard functional relationships such as the Bb dominant (V) and F major (II) chords, which strongly confirm the key of Eb major."
4822,Eb major,"The chord sequence is firmly rooted in the key of Eb major, evidenced by the frequent use of the tonic (Eb), subdominant (Ab), mediant (Gm), and dominant (Bb) chords. The secondary dominant (D7) leads into the Gm chord, reinforcing the functional harmonic relationships typical of the Eb major key."
1792,C major,"The chord sequence heavily features the C major tonic, with frequent use of diatonic chords such as D minor, G dominant seventh, and F major. The repeated G to C progressions and the use of the A7 chord as a secondary dominant to D minor strongly establish C major as the key."
3665,Bb major,"The chord sequence prominently features classic ii-V-I progressions in Bb major, such as the C:min7 to F:7 to Bb:maj sequence. Despite some chromaticism and secondary dominants like D:7 and C#:dim7, the harmonic structure consistently centers around Bb as the tonic."
3898,A minor,"The chord sequence oscillates between C major and its relative minor, A minor, utilizing common ii-V-i progressions in both. The frequent presence of E7 and the tendency to resolve to A minor, along with the final cadence concluding on E7 (the dominant of A minor), strongly indicate A minor as the primary tonal center."
3281,Bb major,"The chord sequence consists primarily of Bb major, Eb major, and F dominant 7 chords, which correspond to the I, IV, and V chords in the key of Bb major. The frequent resolution to the Bb major chord throughout the progression clearly establishes Bb as the tonic."
6633,G major,"The chord sequence relies heavily on chords such as G, C, D, Am, and Em, which are all diatonic to the G major scale. The progression frequently features functional relationships like ii-V-I and I-IV-V, indicating G major as the tonal center."
2504,F major,"The chord sequence is primarily composed of F major, C7, and Bb major, which correspond to the tonic (I), dominant (V), and subdominant (IV) chords in the key of F major."
6425,C major,"The progression is centered around C major with frequent use of the primary chords I (C major), IV (F major), and V (G7). While there are brief shifts to A minor and E7, these function as standard secondary dominants or transitions within the overarching key of C major."
2525,Db major,"The chord sequence is clearly centered around Db major, which functions as the tonic throughout the passage. The harmony utilizes standard functional relationships within this key, such as the ii-V-I progression (Eb:min7 to Ab:7 to Db:maj) and the inclusion of the iv chord (Gb:min7), which provides a common chromatic inflection in major keys."
389,G major,"The chord sequence is composed primarily of G major, C major, and D7 chords, which act as the I, IV, and V chords, respectively, clearly establishing G major as the tonal center."
5758,G major,"The sequence frequently revolves around G major, with the progression Eb:7, A:dim7, and D:7 acting as a recurring turnaround leading back to G. The use of functional dominant chords like A:7 and D:9 further confirms G major as the home key."
1348,F major,"The chord progression consistently centers on F major as the tonic, supported by frequent use of the dominant chord C7. Additional chords such as G minor and Bb major are diatonic to F major, further establishing this key."
5225,A major,"The chord sequence primarily utilizes the I, IV, and V chords in the key of A Major, supported by the iii (C#m) and the secondary dominant B major (V/V). The frequent returns to the A major tonic confirm that the key is A major."
2367,G major,"The chord sequence consistently revolves around G major, supported by the dominant D major and subdominant C major. The appearance of B major and A major functions as secondary dominants leading to E minor and D major respectively, which is a standard harmonic pattern in the key of G major."
6565,G major,"The chord sequence is heavily centered around the G major tonic, frequently utilizing the dominant chord (D7) and subdominant-related chords like A minor (ii) and C major (IV). The progression repeatedly returns to the G major chord, establishing it as the clear tonal center."
201,Eb major,"The chord sequence centers on Eb major, frequently utilizing primary functional progressions like ii-V-I (F:min7, Bb:7, Eb:maj) and IV-I (Ab:maj, Eb:maj). While the track includes chromatic borrowed chords like Ab:min7 and temporary tonicizations of F:min, the overall harmonic gravitational center remains clearly rooted in Eb major."
5693,F major,"The chord sequence centers around the key of F major, featuring a recurring ii-V-I progression (Gmin7-C7-F) and utilizing chords such as Bb major, A minor, and D7, which are common within the F major harmonic context."
877,F major,"The chord sequence is composed almost entirely of F major, Bb major, and C7, which function as the I, IV, and V chords in the key of F major. The strong resolution to F major throughout the progression clearly defines the key."
3386,G major,"The chord progression frequently centers on G major, utilizing its dominant (D7) and subdominant (C major) to establish a clear tonal center. The inclusion of the minor iv chord (C minor) resolving to G major further reinforces G major as the tonic key."
2548,C major,"The chord sequence is dominated by the alternation between Cmaj7 and Gsus4, establishing a clear C major tonal center. Although there are temporary excursions into other harmonic areas, the progression frequently resolves back to C major, and the G dominant chords near the end function as a V-I cadence to reinforce this key."
3560,G major,"The chord sequence consistently revolves around G:maj7 and features frequent ii-V-I cadences (A:min7 to D:7 to G:maj7), establishing G major as the tonic. Chromatic chords like Eb:9 and the use of secondary dominants such as E:7(b9) are common extensions within this jazz-influenced progression."
6383,G major,"The chord sequence is centered around G major, utilizing typical progressions consisting of the I, IV, and V chords (G, C, and D7). The recurring use of G major as the tonic, combined with the presence of A major as a secondary dominant leading to D7, strongly establishes the key as G major."
4280,C major,"The chord progression is dominated by C major, G major, and F major chords, which correspond to the I, V, and IV chords in the key of C major. The frequent resolution to the C major chord indicates that it functions as the tonic."
5832,Bb major,"The chord sequence centers on Bb major, frequently utilizing ii-V-I progressions such as Cm7-F7-Bbmaj7 and secondary dominants like G7 leading to Cm7. The presence of chromatic passing chords, such as diminished chords and altered dominants, is typical of jazz-influenced harmonic movement within the key of Bb major."
1980,C major,"The chord sequence is centered around C major, utilizing common jazz-style ii-V-I progressions (such as Dmin7-G7-Cmaj7 and Amin7-D7) to establish the tonic. While the progression includes frequent chromatic passing chords and a brief section that tonicizes E minor, the piece consistently returns to C major as its primary tonal center."
1073,F minor,"The chord sequence consistently revolves around a ii-V-i progression (Gmin7(b5) - C7(b9) - Fmin7), which is characteristic of the key of F minor. The presence of chords like Cmin7, Abmaj7, and Dbmaj7 further supports the F minor tonality throughout the piece."
1172,C major,"The progression is firmly rooted in C major, utilizing frequent C major tonic chords alongside functional ii-V progressions (Dmin7 to G7 to Cmaj). The occurrence of the Fmaj7 to Fmin6 to Cmaj7 plagal cadence further solidifies C as the tonal center."
2374,Eb major,"The chord progression centers around Eb major, utilizing the tonic (Eb:maj) frequently alongside standard functional movements such as the ii-V-I progression (F:min6, Bb:7, Eb:maj) and the minor iv chord (Ab:min6) which resolves effectively into the iii-vi-ii-V-I cadence."
4237,C minor,"The chord sequence is heavily centered on C minor, which functions as the tonic throughout the progression. The frequent appearance of F minor and G minor chords, along with the C minor tonic itself, confirms this tonality, while the Ab7 and C7 chords provide harmonic movement within the context of C minor."
271,Eb major,"The chord progression frequently centers around Eb major as the tonic, utilizing standard functional harmony typical of the key, such as the ii (F:min), V (Bb:7), and IV (Ab:maj) chords. The presence of clear ii-V-I cadences throughout the sequence, particularly returning to Eb:maj, confirms Eb major as the key."
149,F major,"The chord sequence primarily revolves around F major, Bb major, and C major/C7, which form the tonic, subdominant, and dominant chords in the key of F major. The other chords present, such as A minor, D minor, and G minor, are all diatonic to the F major scale, further supporting this analysis."
2785,C major,"The harmonic structure centers heavily around C major, evidenced by the frequent use of C:maj6 and C:maj7 chords. The prevalence of ii-V-I cadences (D:min7-G:7-C:maj) further reinforces C major as the tonal center, while chromatic elements like Eb:dim and Ab:maj6 are characteristic jazz substitutions that support this key."
4861,Bb major,"The harmonic progression is centered around Bb major, frequently utilizing the tonic (Bb), subdominant (Eb), and dominant (F:7) chords. The presence of classic turnarounds, such as D:7 to G:7 to C:7 to F:7 to Bb:maj, strongly establishes Bb major as the tonal center."
2285,D minor,"The chord progression is centered on D minor, utilizing G minor (iv) and A7 (V) as the primary functional chords. The presence of E7 acts as a secondary dominant (V/V) leading to the A7 chord, which further reinforces D minor as the key."
2224,F minor,"The progression is heavily anchored around F minor, frequently utilizing the VI-ii(hdim)-V7-i progression (Db7-Gdim7-C7-Fm). There is a brief movement into the relative major (Ab major) with the Bbmin7-Eb7-Abmaj7 sequence, but the song consistently resolves back to F minor."
630,C major,"The chord sequence centers around C major, frequently utilizing ii-V-I progressions (D minor to G to C major) and vi chords (A minor). The frequent resolution to C major chords and the presence of standard dominant-tonic movements clearly establish C major as the tonal center."
5263,Eb major,"The chord progression primarily cycles through the tonic (Eb major), subdominant (Ab major), and dominant (Bb major) chords. The frequent use of Eb major as the central anchor confirms that the piece is in the key of Eb major."
2500,C major,"The chord progression primarily features C major, F major, and G7 chords, which are the I, IV, and V chords in the key of C major. Despite some chromaticism, the harmonic center remains clearly established in C major."
5709,F major,"The chord sequence primarily revolves around chords within the F major scale, including F major, Bb major, G minor, and C major. The frequent use of the ii-V-i progression in D minor (Emin7(b5)-A7-Dmin) and the resolution to F major at the end strongly indicate F major as the tonic."
1536,G major,"The sequence is heavily grounded in G major, frequently employing the ii-V-I progression (A minor, D7, G major) and utilizing secondary dominants like B7 to tonicize E minor. These harmonic patterns are characteristic of the key of G major."
4036,C major,"The chord sequence consistently revolves around the C major tonal center, employing common functional progressions like ii-V-I (Dm7-G7-Cmaj7) and iii-VI-ii-V-I (Em7-A7-Dm7-G7-Cmaj7). The frequent resolution to the Cmaj7 chord, combined with secondary dominants, confirms the key of C major."
1833,F major,"The harmonic progression is clearly centered around F major, evidenced by the frequent return to the tonic and the recurring ii-V-I cadences (Gmin7-C7-F). The use of the minor iv chord (Bb minor) and the secondary dominant chain (A7-D7-G7-C7) are standard stylistic elements within the key of F major."
5328,D major,"The progression is built on chords that are strongly diatonic to D major, specifically D major (I), B minor (vi), E minor (ii), and A dominant (V). The consistent use of these functional chords confirms D major as the tonal center."
2339,Bb major,"The chord sequence primarily utilizes the I (Bb major), ii (C minor), IV (Eb major), and V (F7) chords, which are consistent with the standard harmonic progressions in the key of Bb major. The frequent resolution back to the Bb major chord clearly establishes it as the tonic."
4998,F major,The chord progression consistently uses ii-V-I cycles (Gmin7 to C to F) that establish F as the tonic. Elements like the minor iv chord (Bbmin6) and the resolution to F major chords further solidify F major as the key.
943,C major,"The chord sequence frequently returns to a clear I-IV-V-I progression in C major. Although the song employs significant chromaticism and often features the Eb major chord, C major functions as the primary tonal anchor throughout the composition."
6635,Eb major,"The chord sequence is firmly anchored by the Eb major chord, which appears with the longest duration and strongest structural placement. The harmonic movement utilizes common jazz-oriented progressions, including ii-V patterns and borrowed chords like the Db major and Ab minor, which are typical extensions within an Eb major context."
700,G major,"The progression consists primarily of G major, C major, and D major chords, which represent the I, IV, and V chords in the key of G major. The frequent resolution to the G major chord establishes it as the clear tonal center."
3156,F major,"The chord sequence consistently revolves around F as the tonic, utilizing common functional jazz progressions such as the ii-V-I (Gmin7-C7-Fmaj7) and a circle-of-fifths sequence (A7-D7-G7-C7) that resolves to F major."
2628,E major,"The chord sequence is dominated by a recurring Emaj-Amaj-Dmaj-Gmaj progression. E major is established as the tonal center through its consistent emphasis, with the G major chord serving as a common modal interchange often used in E-based rock music."
1810,C major,"The chord sequence primarily oscillates between C major and G major, which firmly establishes C major as the tonic. A brief passage involving G and D chords modulates to the dominant key of G, but the return to the initial alternating C and G progression confirms C major as the home key."
4164,D major,"The chord sequence consists primarily of D major and A7, which are the tonic and dominant chords in the key of D major. The constant return to the D chord throughout the sequence strongly establishes D major as the key."
5609,Db major,"The harmonic progression consistently revolves around the Db major tonic, supported by frequent appearances of Db:maj and the dominant chord (Ab:7). The inclusion of secondary dominants like Eb:7 and passing chords helps establish a functional jazz-influenced harmonic context firmly rooted in the key of Db major."
2171,G major,"The chord progression is centered on G major, frequently using the tonic (G), subdominant (C), and dominant (D). The inclusion of the C minor chord acting as a minor iv, combined with the ii-V movements in A minor and D7, strongly confirms G major as the home key."
4015,G major,"The chord progression consistently centers on G major, utilizing frequent ii-V-I patterns such as Am7-D7-Gmaj7. The presence of chromatic passing chords like G#dim7 and secondary dominants like B7 and E7 are characteristic of jazz-style reharmonizations within the established key of G major."
5765,Eb major,"The progression is strongly anchored by the chords Eb major, Ab major, and Bb7, which represent the tonic, subdominant, and dominant chords in the key of Eb major. The inclusion of diatonic chords such as C minor and G minor further supports this tonal center."
774,F major,"The chord sequence consists primarily of F major and C7/C9 chords, establishing a strong I-V relationship characteristic of the key of F major. The additional chords such as Bb major and G minor are diatonic to F major, further confirming the key."
5533,F minor,"The chord progression frequently centers around Fmin7, utilizing common functional harmony found in F minor, such as the ii-V-i (Gmin7(b5)-C7-Fmin) and i-VI-iv-VII (Fmin-Dbmaj7-Bbm7-Eb7) progressions. While the piece also touches on relative keys, the recurring focus on Fmin7 as the home chord strongly points to F minor as the key."
66,F major,"The chord sequence centers on the tonic F major, heavily utilizing the primary chords of I (F), IV (Bb), and V (C7). The frequent resolutions to F major, combined with the classic minor-iv (Bb minor) to I (F major) progression, confirm F major as the key."
6238,C major,"The chord sequence frequently resolves to C major, supported by strong dominant-to-tonic relationships using G7 chords. The presence of Ab chords acting as a bVI chord (often part of a bVI-V-I progression) further reinforces C major as the tonal center."
5577,G major,"The chord progression frequently centers on G:maj and utilizes characteristic secondary dominants like A:7, B:7, and E:7, all of which point strongly to G major as the tonic."
3971,E major,"The chord progression is dominated by E major, with frequent occurrences of the IV (A major), V (B7), vi (C# minor), and ii (F# minor) chords. These are all diatonic to the key of E major, and the resolution and stability provided by the repeated E chords confirm E major as the tonal center."
3773,F major,"The song is centered around the key of F major, heavily utilizing the I-VI-II-V turnaround (F-D7-Gm-C7) repeatedly. While there is a brief, transient modulation to A major mid-way through the sequence, the harmonic structure consistently returns to the F major tonal center."
3347,F major,"The chord sequence is clearly centered around F major, evidenced by the frequent occurrence of the tonic (F major), subdominant (Bb major), and dominant (C:7) chords. The use of G:7 as a secondary dominant further reinforces this key center."
5537,C major,"The progression is centered around C major as the tonic, frequently utilizing ii-V-I cadences (D minor, G7, C major) and the subdominant (F major). Recurring chromatic passing chords like Eb diminished are common stylistic embellishments, but the overall harmonic structure is firmly rooted in C major."
5080,Eb major,"The sequence prominently features the Eb, Ab, and Bb chords, which function as the I, IV, and V chords respectively in the key of Eb major. The repetitive harmonic structure consistently returns to Eb as the tonic, and the frequent use of Bb7 reinforces the dominant relationship, confirming Eb major as the key."
1128,Bb major,"The chord sequence consistently features harmonies diatonic to the key of Bb major, such as Bb:maj, Eb:maj, F:maj, and D:min. The recurring progression of Eb:maj followed by D:7 and G:min strongly establishes Bb major by utilizing the D:7 chord as a secondary dominant resolving to the vi chord (G:min)."
5973,Eb major,"The chord progression is consistently centered around Eb major, utilizing a standard ii-V-I progression (F min, Bb 7, Eb maj) alongside secondary dominants like G 7 and C 7. Although some chromatic chords appear, the tonal center remains firmly established in Eb major throughout the sequence."
802,Bb major,"The progression revolves around the Bb major tonic, using its ii-V-I functional components (C minor, F major, and Bb major) repeatedly. The inclusion of the subdominant (Eb major) and the secondary dominant (G7) further solidifies Bb major as the tonal center."
2879,F major,"The progression is strongly centered on F major, with frequent use of the I (F major) and V7 (C7) chords. Although there are temporary shifts towards C major and its related chords, the song consistently returns to F major, confirming it as the tonic."
4050,F major,"The chord sequence is centered around F major, which acts as the tonic chord and appears most frequently. The presence of Bb major (IV) and C7 (V) confirms a standard I-IV-V progression, while the G major chord functions as a secondary dominant (V of V) within the key of F major."
2266,E minor,"The chord sequence centers around E minor, supported by the recurring E:min7 vamp and the clear ii-V-i cadence (F#:hdim7 - B:7 - E:min7). While the progression moves through chords belonging to the relative major key of G, the harmonic resolution consistently points back to E minor as the tonic."
1500,Bb major,"The chord sequence consistently features I-IV-iv-I and ii-V-I progressions in the key of Bb major. Additionally, the secondary dominant chain of D7, G7, C7, and F7 functions as a circle-of-fifths progression that effectively resolves back to the tonic Bb."
2692,Eb major,"The progression is strongly centered in Eb major, frequently utilizing the tonic (Eb major), subdominant (Ab major), and dominant (Bb7). The presence of ii-V-I progressions (Fmin7-Bb7-Ebmaj) and the use of the vi chord (Cmin) further confirm Eb major as the tonal center."
5273,F major,"The chord progression is primarily centered around F major, frequently utilizing ii-V-I patterns such as Gm7, C7, and F. The inclusion of chords like A7 leading to Dmin and E7 leading to Amin represents common secondary dominant usage that reinforces the established tonality."
5982,G minor,"The chord sequence is dominated by G minor as the tonic and D7/D major as the dominant chord, establishing a clear i-V relationship in G minor. The presence of C minor as a subdominant (iv) further reinforces this tonality."
1407,A major,"The chord sequence is heavily based on the A major scale, utilizing the I, IV, and V chords (A, D, and E7) extensively. These functional harmonic relationships confirm A major as the key."
1078,Bb major,"The harmonic progression is built around the chords Bb major, Eb major, and F7, which are the tonic, subdominant, and dominant chords in the key of Bb major. The consistent use of the ii chord (C minor) further solidifies Bb major as the tonal center."
5025,C major,"The sequence consistently revolves around C major, utilizing frequent ii-V-I (Dmin7-G7-Cmaj) and iv-V-I (Fmin-G7-Cmaj) progressions to confirm C major as the tonal center."
2278,D major,"The chord sequence is dominated by chords belonging to the D major scale, such as D, G, A, and Bm, forming a consistent I-V-vi-IV progression throughout the piece."
2631,D major,"The chord progression is dominated by the tonic (D:maj), subdominant (E:min7), and dominant (A:7) chords of D major, appearing frequently in a recurring cycle. Despite brief shifts to other harmonic areas like F#:maj, the music consistently returns to and anchors around the D major chord."
4906,G minor,"The chord sequence begins by clearly establishing G minor with frequent tonic chords and classic harmonic movement. While the latter half introduces chord progressions associated with Bb major or Eb major, the overall tonal center is best identified as G minor based on the duration and repetition of the opening chords."
1206,C major,"The chord sequence consists primarily of C major, A minor, D minor, and G chords, which form a classic I-vi-ii-V progression in the key of C major. Occasional chords like C#dim and D7 function as passing chords or secondary dominants that do not shift the overall tonic center of C major."
717,G major,"The chord progression alternates primarily between G7 and C major, with a D7 chord serving as a dominant to resolve back to G7. This establishes G as the tonal center and represents a classic I-IV-V blues or rock structure in G major."
728,F major,"The progression is strongly centered around F major, with frequent returns to the tonic (F major) and dominant (C7) chords. The frequent use of ii-V-I progressions (Gm7-C7-Fmaj) further establishes F major as the tonal center, despite some temporary modulation and secondary dominants appearing near the end."
4889,G minor,"The harmonic progression is centered around G minor, featuring frequent V-i cadences (D:7 to G:min) and ii-V-i patterns (A:hdim7 to D:7 to G:min). The inclusion of the relative major (Bb major) and common jazz progressions further confirms this tonal center."
5819,C major,"The chord sequence consistently revolves around the C major tonality, utilizing standard ii-V-I progressions (Dm7-G7-C) and common secondary dominants like A7 and D7 which resolve appropriately within the context of C major."
2370,C major,"The chord sequence is clearly centered on C major, utilizing functional progressions such as the G7 dominant chord resolving to the tonic C. The inclusion of F major and F minor, typical of the subdominant and minor subdominant in this key, along with the frequent emphasis on C, strongly points to C major as the tonic."
6274,C minor,"The chord sequence heavily features C minor, Eb major, Bb major, F minor, and Ab major, all of which are diatonic to the C minor scale. Given the frequent focus on the C minor chord as a tonal anchor throughout the progression, C minor is the most appropriate key."
2945,C major,"The chord sequence centers on the tonic C major, frequently utilizing ii-V-I progressions (Dmin-G7-C) and standard diatonic chords. The presence of secondary dominants like D7 targeting G7, along with chromatic passing chords like Ebdim and Fmin6, is highly idiomatic to the key of C major."
1901,C major,"The chord sequence consists entirely of chords diatonic to the C major scale, such as C, Dm, Em, F, and G. The frequent repetition of the C major chord as a central anchor strongly indicates that C major is the key."
2526,C minor,"The chord progression frequently cycles between C minor and its relative major, Eb major. The consistent use of the G7 to C minor (V-i) cadence, especially in the opening and throughout the piece, establishes C minor as the central tonal focus."
297,A minor,"The chord progression is dominated by a circle-of-fifths sequence that frequently returns to A minor. The recurring emphasis on A:min and A:min7, along with functional chords like D:min7 and G:7, strongly establishes A minor as the tonal center."
6488,Eb major,"The chord sequence frequently features the progression F:min7, Bb:7, and Eb:maj, which are the ii, V, and I chords in the key of Eb major. While there are some chromatic shifts and secondary dominants, the piece consistently returns to these functional harmonies, strongly suggesting Eb major as the tonic."
2894,G major,"The chord sequence is composed primarily of G major (I), C major (IV), and D dominant 7 (V) chords. This I-IV-V progression strongly indicates the key of G major."
3354,F major,"The chord sequence follows a repeated I-vi-IV-V progression (F-Dm-Bb-C), which is a classic progression that clearly establishes F major as the tonal center."
1817,Bb major,"The chord sequence relies heavily on the interaction between Bb and Eb chords, suggesting a primary I-IV relationship within the key of Bb major. The F#:dim chords function as chromatic leading tones often utilized to reinforce the resolution back to the Bb chord."
3034,Eb major,"The chord sequence consists primarily of Eb major, C minor, and Ab major chords, which represent the I, vi, and IV chords in the key of Eb major. The consistent repetition of these diatonic chords clearly establishes Eb major as the tonic center."
1136,Bb major,"The chord sequence consistently relies on the I-ii-V-I harmonic progression (Bb major, C minor, F major), which is characteristic of the key of Bb major. The use of Eb major as the IV chord and C7 as a secondary dominant (V of V) further reinforces this tonal center."
1654,A minor,"The sequence consists of a repeating alternation between the A minor chord and the E major chord, which functions as the tonic and dominant in the key of A minor. This strong i-V harmonic relationship clearly establishes A minor as the tonal center."
4617,D minor,"The chord sequence predominantly features D minor, F major, G major, Bb major, and A major, which are all diatonic to the D minor scale (using A major as the dominant V). The frequent repetition of the D minor chord throughout the progression establishes it as the tonal center."
920,G major,"The chord progression is dominated by a repeated I-VI-II-V cycle (G-E7-A7-D7), which is a hallmark of G major. While there are instances of chromaticism and modulation to the subdominant area, the sequence consistently resolves back to G, establishing it as the tonal center."
5543,Bb major,"The progression is centered around the I-IV-V chords (Bb-Eb-F), which are standard for the key of Bb major. The consistent use of C7 as a secondary dominant pointing toward the dominant chord (F) further solidifies Bb major as the tonic."
3504,C major,"The harmonic sequence consistently centers on C major, utilizing a standard circle-of-fifths chain (E7-A7-D7-G7) to resolve to the tonic. Additionally, the recurring use of F minor resolving to C major provides a clear minor-iv cadence in the key of C."
5727,A minor,"The chord sequence is firmly anchored in A minor, repeatedly returning to the A minor tonic and utilizing characteristic diatonic chords such as Fmaj7, Dm7, and E7. While the passage includes brief modulations, including a shift to the parallel major and temporary ii-V-I cadences in other keys, the primary harmonic focus and resolution point is A minor."
708,C major,"The chord progression consistently revolves around C major, utilizing chords such as F major, A minor, D7, and G7. The sequence frequently employs ii-V-I cadences (D7-G7-C) and clearly establishes C major as the tonal center throughout the piece."
2140,C major,"The progression repeatedly uses chords like C:maj6, F:maj7, D:min7, G:7, and A:min7, which are standard in the key of C major. The frequent use of ii-V-I patterns (such as D:min7-G:7-C:maj6) and the presence of secondary dominants like E:7 (V/vi) strongly confirm C major as the home key."
4440,C major,"The progression is centered around the I (C major) and V (G7) chords, along with the ii (D minor) chord, which strongly establishes C major. Chromatic chords like the Eb diminished and C diminished chords function as passing or neighbor chords within the context of the C major scale."
2462,C major,"The chord sequence frequently returns to C major and utilizes strong functional progressions within that key, such as the ii-V-I sequence (Dmin-G7-C) and the common use of the minor iv chord (F minor). While there are chromatic modulations later in the passage, the overall harmonic center remains C major."
3449,F major,"The chord progression relies heavily on the tonic F major, frequently using its dominant (C7) and subdominant (Bb major). The later sequence involving A7, D7, and G7 acts as a series of secondary dominants that reinforce the resolution to F major."
6379,F major,"The chord sequence prominently features the I (F), IV (Bb), and V (C7) chords, which are the primary chords in the key of F major. The recurring patterns and frequent use of F major as the landing chord strongly establish it as the tonic."
2300,C major,"The chord sequence prominently features the tonic C major chord throughout, supported by the subdominant F major and the dominant G major. The recurring D major chord functions as a secondary dominant (V/V) leading into the G major chord, which is a common harmonic progression in the key of C major."
3015,A minor,"The chord sequence is centered around the A:min chord, which serves as the tonic, and frequently utilizes the D:min7 chord as the subdominant. Despite the presence of chromatic passing chords like the Eb and D major chords, the structural return to A:min confirms A minor as the key."
3731,C major,"The harmonic sequence is strongly centered around the tonic C major, frequently utilizing primary chords such as C, F, and G7. Functional progressions including Dm7-G7-C and secondary dominant usage like E7 further reinforce the key of C major."
6467,Eb major,"The chord sequence initially establishes Eb major using clear ii-V-I progressions and Ab major chords. Although the sequence later modulates to E major and hints at F major, Eb major serves as the primary and most consistent harmonic center."
6479,Db major,"The chord progression frequently centers on the Db major chord, supported by the usage of the subdominant (Gb major) and dominant (Ab major) chords. The recurring alternation between chords separated by a whole step (Db/B and Gb/E) is a common pattern in rock-oriented music that resolves back to the Db tonic."
1879,C major,"The chord progression frequently centers around C major and G major, which are the tonic and dominant chords in C major. Frequent use of F major, A minor, and the final resolution to C major confirm this tonal center."
1616,Bb major,"The progression is centered around the repetition of Bb major 7th and C minor 7th chords, strongly suggesting a tonal center of Bb major. Additional functional harmony elements, such as the ii-V progression (C minor 7th to F 7th) and the IV-iii progression (Eb major to D minor), further solidify Bb major as the home key."
5816,C major,"The chord sequence consists entirely of the I (C), IV (F), and V (G) chords, which are the primary chords in the key of C major. The frequent return to the C major chord strongly establishes it as the tonic."
5424,Bb major,"The progression is consistently centered on the Bb chord as the tonic, supported by its subdominant (Eb) and dominant (F7). The frequent use of C7, which functions as a secondary dominant (V/V) leading into the F7 chord, firmly establishes Bb major as the key."
4925,C major,"The chord sequence is dominated by C major, F major, and G7 chords, which correspond to the I, IV, and V chords in the key of C major. The occurrence of D7 acts as a secondary dominant (V/V) that reinforces the G major chord, further establishing C major as the tonal center."
3496,Bb major,"The chord progression is centered around the Bb major chord, frequently using its dominant F7 and subdominant Eb major. The inclusion of secondary dominants like D7 and C7, along with G minor, strongly establishes Bb major as the tonic."
3374,C minor,"The sequence repeatedly emphasizes C:min7 and utilizes common jazz progressions like ii-V (D:hdim7 - F:7) and bII substitutions (Db:maj7), which strongly point to C minor as the tonal center."
163,Eb major,"The chord sequence is heavily centered around the tonic (Eb), subdominant (Ab), and dominant (Bb) chords, which are the primary functional chords in the key of Eb major. The brief secondary dominant movement involving D:7 and G:min is a common harmonic variation within this key."
3187,F major,"The progression heavily relies on the I (F major), V (C7), ii (Gm7), and IV (Bb major) chords, which strongly define the key of F major. The consistent return to the F major chord further establishes it as the tonic."
1574,C major,"The chord sequence prominently features the tonic (C major), subdominant (F major), and dominant (G major) chords. Additionally, the inclusion of E7 leading to A minor and D7 leading to G major are common secondary dominant progressions found within the key of C major."
3273,F major,"The progression repeatedly centers on Fmaj7 as the tonic, while utilizing ii-V-I cadences (Gmin7-C7-Fmaj7) and secondary dominant patterns (D7(b9) as VI7) characteristic of the key of F major."
3709,Bb major,"The progression is centered around the I-vi-ii-V progression (Bbmaj7-Gmin7-Cmin7-F7), which is a standard movement in the key of Bb major. Although there is a brief detour toward Eb major (the subdominant) via the Fmin7-Bb7-Ebmaj7 sequence, the song consistently returns to and establishes Bb major as the tonal center."
5152,Bb major,"The chord sequence primarily utilizes the tonic (Bb), subdominant (Eb), and dominant (F/F7) chords, which are the standard functional chords in the key of Bb major. The inclusion of C/C7 chords acts as a secondary dominant (V/V) leading into the dominant, which strongly reinforces Bb major as the tonal center."
5873,G major,"The chord sequence is dominated by G:maj, C:maj, and D:7, which correspond to the I, IV, and V chords in the key of G major. The use of A:7 functions as a secondary dominant to the D chord, and the overall harmonic progression consistently resolves to the G major tonic."
3447,G minor,"The progression frequently utilizes G minor, D7 (the V chord), and F# diminished (the vii° chord), which clearly establish G minor as the home key. While the harmonic sequence also explores the relative major (Bb major) and other functional transitions, the repeated return to G minor as a landing point confirms it as the primary tonic."
1501,G minor,"The chord sequence primarily utilizes the tonic (G minor), subdominant (C minor), and dominant (D7) chords, establishing G minor as the clear tonal center. While the sequence includes B:maj (likely an enharmonic or recognition error for Bb major, the relative major), the composition consistently resolves back to the G minor tonic."
3453,F major,"The chord sequence consists almost entirely of F major, Bb major, and C7 chords, which correspond to the I, IV, and V chords in the key of F major."
6085,D major,"The chord sequence is composed primarily of D major, G major, and A7 chords, which function as the I, IV, and V chords in the key of D major. The frequent repetition of the D major tonic and the consistent resolution of the A7 dominant chord back to D major strongly define the key."
3958,C major,"The progression centers on C major, repeatedly using ii-V-I cadences (Dmin7-G7-C) and the minor iv chord (F minor), both of which are strongly characteristic of the key of C major."
4467,Eb major,"The chord sequence consistently revolves around the I, IV, and V chords of Eb major, which are Eb, Ab, and Bb7. The frequent use of the ii-V-I progression (F minor, Bb7, Eb major) strongly reinforces Eb major as the tonic."
4352,C major,"The chord sequence is dominated by C major, G major, A minor, and F major, which are the primary chords within the key of C major. The repetitive use of the G-C-Am progression strongly establishes C major as the tonic."
113,C major,"The song frequently cycles through ii-V-I progressions (Dmin7-G7-Cmaj), establishing C major as the primary tonal center. While there are brief modulations or tonicizations of other keys like F major and A major, the piece consistently returns to C major, making it the most appropriate key label."
2477,C major,"The song is firmly rooted in C major, utilizing standard diatonic chords like C, E minor, F, and G. The inclusion of the F minor chord is a common harmonic variation known as the minor iv chord, and the brief section targeting E minor functions as a shift to the relative minor key before returning to the tonic."
3132,G major,"The chord sequence primarily revolves around G major, demonstrated by frequent G:maj tonic chords and standard ii-V-I cadences such as A:min7-D:7-G:maj. While there is a clear modulation to Eb major in the middle section, the piece consistently returns to the key of G major."
580,E minor,"The chord sequence consists predominantly of E minor, G major, and B minor chords, which function as the i, III, and v chords in the E minor key. The frequent returns to E minor as a tonal center throughout the piece confirm it as the tonic."
1680,C minor,"The chord sequence consistently revolves around C minor, which functions as the tonic. The frequent use of F minor, G minor, Ab major, Bb major, and Eb major chords further reinforces C minor as the central key center."
4329,C major,"The song frequently utilizes the I-vi-ii-V and ii-V-I progressions in C major, with C major serving as the tonal center throughout the sequence. The inclusion of chords like B7, E minor, and D7 functions as secondary dominants, which is typical for a piece in the key of C major."
5571,F major,"The chord sequence consists primarily of F major, Bb major, and C7 chords, which function as the I, IV, and V chords in the key of F major. The frequent return to F and standard functional progressions strongly support this key."
6377,C major,"The chord sequence consists of the progression C-G-Am-F, which is a classic I-V-vi-IV pattern in the key of C major. The repeated use of these chords confirms C major as the tonic."
5815,Eb major,"The progression consists of the chords Eb major, F minor, Ab major, and Bb major, which correspond to the I, ii, IV, and V chords of the Eb major scale. The constant movement between these diatonic chords and the focus on the Eb major chord as a central point confirm the key is Eb major."
3802,G major,"The progression is centered around G major, C major, and D major, which correspond to the I, IV, and V chords in the key of G major. The frequent return to G major as the resolution point, along with the use of the A7 chord as a secondary dominant, clearly establishes G major as the key."
4865,A minor,"The chord progression centers around A minor and A minor 7, with a clear ii-V-i progression (D minor 7 to E 7 to A minor) establishing it as the tonic. The additional chromatic diminished chords are common embellishments in this style of minor-key harmony."
4978,Eb major,"The harmonic progression is centered in Eb major, featuring recurring ii-V-I cadences (F:min7 - Bb:7 - Eb) and dominant chords like Bb:13 and F:9 that reinforce the tonic."
1762,Eb major,"The sequence is consistently centered on the Eb major chord, with frequent ii-V-I progressions such as Fmin7-Bb7-Eb and secondary dominants like C7 and D7 that clarify the harmonic center."
6233,G major,"The progression is centered around G:maj7 and features frequent ii-V cadences (A:min7-D:7) that resolve to G:maj7, clearly establishing G major as the tonic. Occasional chords like E:7 and F:7 function as secondary dominants or modal interchanges common in this harmonic style."
6089,Eb major,"The progression features recurring ii-V-I cadences in Eb major (F minor to Bb dominant to Eb major), and the sequence concludes with a clear resolution to the Eb major chord. These harmonic markers, combined with the relative minor relationship, strongly indicate Eb major as the tonal center."
873,C major,"The song is centered around the C major chord, which appears frequently throughout the sequence. The recurring progression involving C major, A major, and G7, along with the sections focusing on A minor, suggests a primary key of C major with common secondary dominants and a brief modulation to the relative minor."
6365,G major,"The sequence is composed entirely of diatonic chords from the G major scale, including the tonic (G major), subdominant (C major), and dominant (D7). The consistent resolution back to the G major chord throughout the progression strongly confirms it as the tonal center."
3216,C major,"The chord sequence consistently features chords within the C major scale, such as C major (I), D minor (ii), F major (IV), G major/7 (V), and A minor (vi). The frequent resolution to the C major chord strongly establishes C major as the tonal center."
1519,F major,"The progression is centered around F, which functions as the tonic. The frequent use of F, Bb, and C chords corresponds to the I, IV, and V chords in the key of F major, while the G major chord acts as a secondary dominant or a common non-diatonic II chord."
4044,C major,"The progression consistently centers on C major, frequently using standard functional harmonies such as ii-V-I (Dmin-G-C) and the common minor plagal cadence (Fmin to C). The recurring emphasis on C as the tonic chord and the use of secondary dominants like D7 and A7 strongly support C major as the key."
2467,C# minor,"The chord progression frequently utilizes chords belonging to the C# minor scale, such as C#m, A, E, B, and F#m. The consistent return to C#m and its strong harmonic weight throughout the sequence indicate C# minor as the tonal center."
959,Eb major,"The song predominantly utilizes chords diatonic to the Eb major scale, including the tonic Eb, the dominant Bb, and subdominant Ab, along with G minor and F major. While there is a brief modulation involving Gb and Db major chords, the harmonic progression consistently returns to and is centered around Eb major."
5032,C major,"The progression features frequent functional movement in C major, such as the I-IV-iv-V-I cadences (C-F-Fm-G-C). Although the sequence incorporates bluesy elements like F7 and Eb7, the overall harmonic center remains firmly anchored to C."
2121,G minor,"The chord sequence features recurring G minor, C minor, and D7 chords, which form a strong i-iv-V progression characteristic of G minor. Despite several chromatic passages, the harmony consistently returns to these functional pillars, centering the song in G minor."
784,D minor,"The chord progression frequently resolves to D minor, most notably through the functional E half-diminished to A7 to D minor cadence. Although the piece incorporates significant chromaticism and non-diatonic chords, the persistent return to D minor confirms it as the tonal center."
6292,G major,"The chord progression is dominated by G major, C major, and D7 chords, which correspond to the I, IV, and V7 chords of the G major scale. This functional harmonic pattern confirms G major as the tonic."
3168,F major,The chord sequence consistently utilizes ii-V-I progressions and secondary dominants that revolve around F major. The recurring focus on the Fmaj7 chord and the functional motion within the key of F major confirm this as the tonal center.
4727,F major,"The sequence is dominated by F major and C7 chords, which establish a clear tonic-dominant relationship in the key of F major. The inclusion of F minor and Bb minor at the end suggests a brief foray into the parallel minor key or modal interchange, but F major remains the primary tonal center."
6289,G major,"The chord sequence consistently revolves around the G major tonic, utilizing standard cadences like A7-D7-G (II7-V7-I) and secondary dominants such as E7 resolving to A minor, which confirm the harmonic center as G major."
2123,F major,"The chord sequence is clearly grounded in F major, frequently returning to the tonic F major chord and utilizing standard functional harmonic progressions such as ii-V-I (Gm7-C7-F) and the secondary dominant A7 leading to the D minor chord."
4083,C major,"The chord sequence is firmly rooted in C major, utilizing standard functional progressions like I-IV-V (C-F-G) and ii-V-I (Dmin-G-C). Although the piece explores secondary dominants and a brief modulation towards D minor, C major remains the clear tonal center throughout."
4768,D major,"The chord sequence is centered around D major, heavily utilizing the common I-V-vi-IV progression involving D, A, Bm, and G chords. While there are some non-diatonic elements like Cmaj7, the overall harmonic structure consistently reinforces D major as the tonal center."
644,C major,The chord sequence consists entirely of an alternating pattern between C major and G7. This strong dominant-tonic relationship clearly establishes C major as the key.
4187,C major,"The chord sequence is firmly grounded in C major, featuring frequent C major chords and clear ii-V-I cadences. Secondary dominants like A:7 and D:7 further reinforce C major as the tonal center."
3537,C major,"The chord sequence features a clear ii-V-I progression in C major (A7-Dm7-G7-Cmaj7) and frequent returns to Cmaj7. While the harmony modulates through F major and Eb major, C major remains the central tonal anchor throughout the piece."
5297,C minor,"The chord sequence is heavily anchored around C minor, frequently using the tonic (Cmin), dominant (G7), and subdominant (Fmin7). The consistent return to C minor as a resolution point confirms its status as the home key."
707,B minor,"The chord sequence prominently features Bm7 as a recurring tonal center, supported by common chords within the B minor scale such as D major, G major, A major, and F# minor. Despite the inclusion of chords like Dm and C, which may be chromatic or misidentifications by the recognizer, the progression is clearly anchored in the key of B minor."
189,C major,"The chord sequence centers on C major, utilizing a classic I-VI-II-V progression (C-A7-D7-G7) to reinforce the tonic. The progression concludes with a D minor to F minor (iv) movement, which is a common minor plagal cadence often used to resolve back to the tonic, further confirming C major."
6280,C major,"The chord sequence is heavily anchored in C major, utilizing standard functional progressions like Dmin7-G7-C and C-F-G7. The frequent return to C major as the tonic, along with typical secondary dominant patterns such as B7 to E minor, confirms the key is C major."
3353,E minor,"The chord sequence centers heavily around E minor, with frequent resolutions from the dominant B:7 to the tonic E:min. Common functional progressions for E minor are present throughout, including the use of A:min as the iv chord, G:maj as the relative major chord, and recurring i-V cadences."
6206,G major,"The sequence is centered around G major, frequently using the D7 chord as the dominant to resolve to the tonic. Secondary dominants like B7 leading to E minor, along with the appearance of the minor iv chord (C minor), provide strong evidence for the key of G major."
4463,C major,"The chord sequence is centered around C major, utilizing the primary chords I (C), IV (F), and V (G7). The E major chord acts as a secondary dominant to the vi chord (A minor), and the F minor chord serves as a standard minor iv borrowed chord, both of which are common in the key of C major."
6369,G major,"The chord sequence is dominated by G major and D7, which form a strong I-V harmonic foundation for the key of G major. The inclusion of C major and C minor creates a IV-iv-I progression, a common harmonic movement within major keys."
250,F major,"The progression consistently centers on F:maj, using chords like the subdominant (Bb:maj), dominant (C:7), and the relative minor (D:min) to establish the key. The use of a clear ii-V-I cadence (G:min7, C:7, F:maj) and a secondary dominant leading to the relative minor confirm F major as the tonal center."
3001,D minor,"The chord sequence is firmly grounded in D minor, frequently returning to the D minor tonic. It utilizes standard functional harmony characteristic of the key, including the A7 dominant, the Em7(b5) half-diminished ii chord, and the Bb major VI chord. Occasional chromatic movement, such as the use of Eb major, acts as modal interchange or secondary dominant coloring without displacing the primary D minor tonal center."
4319,A minor,"The progression repeatedly cycles between A minor and F major, establishing A minor as the tonal center. The presence of C major and G major chords, along with the resolution back to A minor, reinforces this key, as these chords function naturally within the A minor/C major harmonic relationship."
1222,C major,"The chord sequence prominently features a I-vi-ii-V progression (C major - A minor - D minor - G major), which is the foundation of C major. Although there are secondary dominants and chromatic chords like Bb7(#11) and A7, they function to lead into the diatonic chords of C major, keeping the song centered in that key."
3607,C minor,"The chord sequence is heavily centered around the tonic C minor and its dominant G7. The occurrence of Eb major and Bb7 suggests a modulation to the relative major, while the final C major chord functions as a Picardy third."
5539,F major,"The chord progression centers on the tonic chord F major and frequently utilizes the primary chords of the scale: F, Bb, and C. The inclusion of secondary dominants like D7 and G7, which lead to C7 and resolve back to the tonic, strongly reinforces F major as the key."
4940,F major,"The chord sequence consists entirely of chords found within the F major scale, including F major, G minor, A minor, Bb major, C major, and D minor. Frequent resolution to the F major chord establishes it as the tonic."
5606,C minor,"The chord sequence consistently revolves around the i (C minor) and V (G7) chords, establishing a strong C minor tonal center. While there is a recurring progression modulating to the relative major (Eb major) via a circle-of-fifths sequence, the frequent return to C minor confirms it as the primary key."
999,C major,"The progression centers on C major, using standard I, IV, and V chords along with ii-V-I cadences. The repeating sequence of chromatic descents leading into secondary dominants like A7, D7, and G7 is highly characteristic of this key in a jazz or popular music context."
6210,F major,"The chord sequence consistently revolves around F major as the tonic, frequently utilizing the IV (Bb) and V (C) chords. The presence of secondary dominant chords like G7 and diatonic chords like Gmin7 further reinforces the F major tonality."
773,D minor,"The chord sequence centers on D minor, utilizing the primary dominant (A7) and functional movements through the cycle of fifths (Dm-G7-C7-F-Bb-A7). Frequent return to Dm confirms it as the tonic key."
305,C major,"The chord sequence frequently resolves to C:maj and utilizes standard functional harmony consistent with C major, including the ii-V-I progressions (D:7-G:7-C:maj) and secondary dominants like A:7 leading to D:min. The temporary shift toward G:major and the extended G:7 chord function as dominant-oriented passages that reinforce the stability of the C major key center."
2591,G major,"The chord progression features several ii-V sequences (Dm7-G7, Cm7-F7, Am7-D7) characteristic of jazz harmony. The sequence frequently resolves toward G major, confirmed by the presence of Gmaj7 and Gmaj6 chords, suggesting it as the tonal center."
4532,G major,"The chord progression is firmly centered around G major, characterized by the frequent return to the tonic G:maj6/maj7 and the use of functional ii-V-I cadences involving Am7, D7, and G chords."
3600,F major,"The chord sequence consistently revolves around F major as the tonic and C7 as the dominant, which are the primary chords in the key of F major. The inclusion of Bb major (IV) and D7 leading to G minor (ii) further confirms this key through standard functional harmony."
1322,G major,"The chord progression frequently establishes G major as the tonic, supported by several ii-V-I cadences (A:min7-D:7-G:maj). The surrounding chords, including passing diminished chords and the secondary dominant B:7, are typical stylistic elements within the key of G major."
5796,D minor,"The chord sequence primarily revolves around D minor, indicated by functional progressions like i-VI-VII-III (D minor, Bb major, C major, F major). While there is a section modulating to C minor (C minor, Eb, Ab, Bb), the piece returns to and concludes on D minor chords, establishing it as the overall tonic."
5811,G major,"The chord sequence consistently revolves around G major, evidenced by the frequent ii-V-I patterns (Am7-D7-Gmaj) and strong resolutions to the G chord. The presence of common chromatic elements like the iv minor chord (Cmin6) and secondary dominants (A7) is highly characteristic of the harmonic vocabulary within G major."
5696,Bb major,"The chord sequence primarily cycles between Bb major and Eb major, establishing a strong I-IV relationship that centers around Bb. The presence of G minor chords further reinforces the diatonic structure of the Bb major key."
1060,C major,"The progression is centered around C major, utilizing its primary chords (I, IV, and V) in the form of C major, F major, and G/G7. The consistent return to the C major chord as the tonal center clearly indicates C major as the key."
5031,G major,"The chord sequence centers heavily on G major, frequently using chords such as G major, C major, D7, A minor, and E minor, which are all diatonic to the key of G major. The harmonic structure demonstrates functional movements typical of the key, despite the inclusion of occasional chromatic chords."
3520,F major,"The chord sequence explores several keys through frequent modulations, such as passages suggesting D major and Db major. However, the consistent return to F major and the final cadence (ii-V-I in F) strongly identify F major as the primary tonal center."
988,F major,"The sequence centers around the F major chord, which appears frequently as the tonic. The progression utilizes common diatonic chords in F major such as the IV (Bb) and V (C), alongside secondary dominants that reinforce the tonal center."
1031,G major,"The chord sequence heavily relies on the G major, C major, and D7 chords, which represent the I, IV, and V chords in the key of G major. The use of A minor (ii) and A7 (secondary dominant) further reinforces G major as the tonal center."
5869,Eb major,"The chord sequence is heavily centered in Eb major, characterized by the frequent use of the I (Eb), ii (Fmin7), IV (Ab), and V (Bb7) chords. While there are chromatic elements such as the Ab:min6 and a temporary modulation at the end, the primary tonal center is clearly Eb major."
410,B major,"The chord sequence is centered on the B major scale, frequently utilizing the tonic (B major), dominant (F# major), and relative minor (G# minor) chords. The inclusion of other diatonic chords like D# minor and E major, along with the secondary dominant C#7, firmly establishes B major as the key."
4308,Eb major,"The chord sequence is dominated by the recurring I-vi-ii-V progression (Eb major, C minor, F minor, Bb major), which is the standard harmonic foundation for the key of Eb major. Although some secondary dominants appear later in the sequence, the harmonic center consistently revolves around Eb major."
1647,F# minor,"The sequence heavily features the progression F# minor, D major, and B minor, which are the i, VI, and iv chords of F# minor respectively. The inclusion of A major and E major sections suggests a modulation or relative major relationship, but F# minor remains the primary tonal center throughout the piece."
6483,G major,"The chord sequence consistently revolves around the tonic G major, utilizing clear ii-V-I progressions (A:min-D:7-G:maj) and secondary dominants such as E:7 (V of ii). While there are brief harmonic excursions involving the relative minor (E minor), the progression repeatedly returns to G as the home key."
1372,G major,"The sequence is dominated by G, C, and D7 chords, which correspond to the I, IV, and V chords in the key of G major. This consistent harmonic pattern strongly establishes G as the tonal center."
711,F major,"The chord sequence primarily revolves around the I-vi-ii-V progression in F major (F-Dm-Gm-C). Although the piece modulates to A major towards the end of the excerpt, the majority of the harmonic content is firmly centered in F major."
2009,C major,"The chord sequence consists entirely of chords diatonic to the key of C major, including C, Dm, Em, F, G, and Am, with the harmony consistently centering on the C major tonic chord."
1492,C major,"The chord sequence consists entirely of diatonic chords within the C major scale, such as C, Dm, Em, F, G7, and Am. The progression frequently resolves to the C major tonic, establishing it clearly as the key."
3691,Eb major,"The chord sequence consistently returns to an Eb major tonic, supported by dominant Bb7 chords and frequent ii-V-I progressions (Fmin7-Bb7-Eb). While there are instances of non-diatonic chords such as Abmin7, Db major, and Cb major, the overall functional harmonic structure strongly establishes Eb major as the key."
3800,D major,"The chord sequence relies heavily on D major as the tonic, supported by common functional harmonies including the subdominant G major, dominant A major, and the relative minor B minor. These chords strongly suggest a diatonic progression in the key of D major."
790,D minor,"The progression is centered around D minor, utilizing the tonic (D minor), subdominant (G minor), submediant (Bb major), and dominant (A7) chords. The frequent appearance of E half-diminished chords acting as a secondary ii chord resolving to A7, followed by a return to D minor, reinforces D minor as the clear tonal center."
1065,Eb major,"The chord sequence centers on Eb major, with frequent use of the I (Eb), IV (Ab), and V (Bb) chords. Other chords like F minor (ii) are common diatonic extensions within the key of Eb major."
3969,C major,"The chord sequence primarily revolves around C major, G major, A minor, and D7, which is a secondary dominant leading to G. The frequent return to the C major chord and the overall diatonic progression strongly point towards C major as the tonic."
1683,C major,"The progression repeatedly centers on C major, frequently using the Cmaj7 chord as the tonic. The sequence includes standard ii-V cadences (Dm7 to G7) in C major, and while it features chromatic substitutions and a brief move to the subdominant (F major), the overall harmonic structure is firmly anchored in C major."
1361,Eb major,"The harmonic progression is centered around Eb major, frequently utilizing the Eb tonic, the IV chord (Ab), and the common ii-V-I progression (Fm-Bb-Eb). The consistent return to these chords and the overall functional movement strongly support Eb major as the key."
3327,G major,"The chord sequence is heavily centered around the I (G) and IV (C) chords, which are clearly functioning in the key of G major. Supporting chords such as the ii (A minor), vi (E minor), and V (D major) appear frequently to reinforce this tonal center."
283,D major,"The chord progression consists of D major, G major, A major, and B minor, which are the I, IV, V, and vi chords in the key of D major. The frequent recurrence of D major as the tonal center strongly establishes D major as the key."
2735,C major,"The chord sequence is centered around C major, frequently utilizing ii-V-I cadences (Dmin7-G7-Cmaj) and secondary dominants like E7 and A7 to tonicize other chords. The consistent resolution to C major throughout the progression confirms it as the tonal center."
3836,A minor,"The sequence is clearly centered in A minor, evidenced by the frequent return to A minor chords and the use of the E7 dominant chord to resolve back to the tonic. While other functional movements exist, such as the ii-V-I progression toward C major, the overall harmonic gravity consistently pulls back to A minor."
266,F major,"The progression revolves around F major, G minor, and C dominant chords, which strongly point to F major as the tonic. The recurring use of the D7 chord as a secondary dominant leading to G minor, the inclusion of the borrowed Bb minor chord (the iv minor), and the clear chain of secondary dominants (E minor-A7-D-G7-C7-F) all strongly confirm F major."
4230,Eb major,"The chord progression predominantly centers around Eb major, featuring frequent use of Ebmaj7, Abmaj6, and Bb7, which are characteristic of this key. Although the piece transitions briefly into its relative minor, C minor, it consistently returns to the Eb major tonality."
3141,C major,"The chord sequence heavily alternates between C:7 and G:7, establishing C as the clear tonal center. The inclusion of Eb:7(#11) and Db:7(#11) serves as bluesy chromatic coloring, common in funk or blues progressions centered on C."
393,A minor,"The progression is consistently built around the alternation between A minor and E major/dominant 7 chords, which establishes a clear i-V relationship in the key of A minor. Occasional appearances of G major chords are common in minor-key contexts but do not shift the tonal center away from A minor."
2060,Eb major,"The chord sequence primarily revolves around Eb major chords, including a common progression of Eb-Bb-Ab. While a modulation to C major appears in the middle section, the song starts and ends in Eb major, confirming it as the primary key."
4585,G major,"The chord sequence consistently features the primary chords of G major, including G (I), C (IV), D (V), and E minor (vi). The frequent resolution to G and the use of the D7 chord as a dominant leading to G confirm G major as the tonal center."
4265,G minor,"The chord sequence is firmly centered around G minor, which functions as the tonic chord throughout the progression. The presence of diatonic chords such as C minor (iv), Eb major (VI), and F major (VII) confirms the harmonic context is G minor."
5246,F major,"The chord sequence consists primarily of F major, Bb major, C major, and D minor chords, which are the I, IV, V, and vi chords in the key of F major. The repeated emphasis on F as the primary chord indicates that F major is the tonic key."
1471,D major,"The harmony centers on D major, consistently utilizing its primary chords such as A major and E major as dominants. Although chromatic elements like F major and F# major appear, they function as color chords or passing tones rather than destabilizing the tonal center of D major."
4227,Bb major,"The chord sequence is clearly centered around Bb major, with frequent returns to the tonic chord Bb major. The presence of the dominant chord F:7 and secondary dominants like G:7 and C:7 strongly support this tonal center."
2211,F major,"The progression is heavily centered around the I (F major), IV (Bb major), and V (C7) chords, which are the primary chords of the F major scale. The inclusion of the ii chord (G minor) and the secondary dominant G7 (V/V) leading into C7 further reinforces F major as the established tonic."
699,C major,"The sequence is consistently centered on C major, utilizing common functional progressions such as Dm-G7-C. The presence of F minor (the borrowed iv chord) and the brief modulation to D major mid-sequence are common harmonic variations that do not displace the overall C major tonality."
1000,C major,"The chord sequence primarily utilizes the I, IV, and V chords (C major, F major, and G major) of the C major scale. The final cadence follows a IV-V-I progression, which strongly establishes C major as the tonic."
931,C major,"The chord sequence consists of a repetitive I-vi-IV-V progression (C-Am-F-G), which is a definitive indicator of the C major key."
6535,G major,"The chord sequence consistently emphasizes G major and D major, establishing a strong I-V relationship in G major. The additional chords like F and Eb function as chromatic or modal inflections typical of the rock genre within the key of G major."
2902,F major,"The chord progression consistently revolves around F major (the I chord) and C major/C7 (the V chord). The inclusion of D minor and G7 near the end forms a classic ii-V progression that resolves toward the tonic or dominant, strongly establishing F major as the key."
5384,C major,"The chord progression is centered around C major, frequently utilizing the tonic (C major), supertonic (D minor), and dominant (G7) chords. The inclusion of other diatonic chords such as A minor, E minor, and F major further confirms C major as the established key."
585,Bb major,"The chord progression is centered around Bb major, featuring frequent use of its tonic (Bb major), subdominant (Eb major), and dominant (F major) chords. Secondary chords like C7 (V/V) and G minor (vi) are common in this key."
3638,Bb major,"The progression is centered around the Bb major chord, which receives the longest durations and serves as the resolution point for several ii-V-I patterns, such as C-F-Bb. The inclusion of chords like Gm7, C7, and F7 is consistent with the diatonic harmony of the Bb major scale."
3201,D minor,"The progression is centered around D minor, frequently utilizing the A7 chord as a dominant to resolve back to the tonic D minor. The sequence involving Bb, F, and C chords acts as a subdominant and mediant progression that functions within the key of D minor."
1965,F major,"The chord sequence is dominated by frequent alternations between F and Bb chords, which strongly suggests an I-IV relationship in the key of F major. While D:maj and B:maj introduce some chromaticism, they do not detract from the central tonal focus on F."
2507,E major,"The progression is centered around E major, featuring prominent use of the I (E), IV (A), and V (B7) chords, which are characteristic of the key of E major. The frequent resolution to E major and the consistent presence of notes from the E major scale support this conclusion."
1430,F major,"The chord progression is dominated by chords that are diatonic to the F major scale, including F, Bb, C, Gm, and Dm. The frequent return to the F major chord as a point of resolution, along with the V-I cadences (C7 to F), strongly indicates that the key is F major."
5746,D minor,"The chord sequence centers heavily on D minor, which appears most frequently and acts as the anchor throughout the progression. The accompanying chords, including F major, G major, Bb major, and A minor, are all diatonic to the D minor/D Dorian scale, confirming the key."
348,F major,"The chord sequence is dominated by F major and C7 chords, which function as the tonic and dominant chords in the key of F major. The progression concludes with a secondary dominant sequence (D7 to G7 to C7) that resolves back toward the tonic, further solidifying the F major tonality."
98,G major,"The song's harmonic structure is dominated by chords from the G major scale, including G major, C major, A minor, and D7. Although the progression frequently uses secondary dominant sequences like F# minor to B major to tonicize E minor, the overall tonal center remains G major throughout."
406,G major,"The chord sequence is dominated by frequent ii-V-I progressions (A min7 to D7 to G maj7) that clearly establish G major as the tonal center. While there are momentary modulations to other keys like B major, the progression consistently returns to G major."
4313,G major,"The chord sequence begins by establishing G major through clear I-IV-V progressions. Although there are brief modulations to F major and C major, the piece frequently returns to G major, and its overall harmonic movement is rooted in the key of G."
3070,Bb major,"The chord sequence consistently revolves around the tonic Bb major, featuring its diatonic companions such as IV (Eb), ii (Cm), and V (F). The frequent return to the Bb chord throughout the progression confirms it as the tonal center."
5223,C major,"The progression frequently cycles through C major, A7, D minor, and G7, which is a classic I-VI-ii-V sequence that strongly establishes C major as the tonic. Other chords like B7, D7, and E7 act as secondary dominants that add harmonic variety while consistently returning to and reinforcing the C major tonal center."
3962,C major,"The chord sequence is firmly rooted in C major, characterized by the frequent return to the C:maj7 chord and standard vi-ii-V-I progressions. The occasional use of Bb:maj7 acts as a common modal interchange, and despite brief modulations to keys like F and E, C major remains the tonal center."
252,F major,"The chord sequence centers on the ii-V-I progression (Gmin-C7-F), which establishes F major as the tonic. While the progression starts with Bb and F, the harmonic movement consistently resolves to F major throughout the excerpt."
3296,C major,"The chord sequence consistently revolves around C, F, and G, which form the primary functional harmony of the C major key. The inclusion of Bb and A major chords functions as chromatic color or secondary chords often found in popular music progressions centered on C."
1350,Eb major,"The chord sequence centers around the ii-V-I progression using F minor 7, Bb 7, and Eb major. This functional movement clearly defines Eb major as the key."
292,G minor,"The chord sequence primarily oscillates between D7 and G minor, functioning as a strong V-i progression characteristic of the key of G minor. The appearance of A major/A7 chords, which serve as the dominant of D, further reinforces G minor as the tonal center."
2335,G minor,"The chord sequence consistently revolves around G minor, frequently utilizing the D7+ (dominant) to return to G minor. The presence of the ii-V-I progression (C7-F-Bb) further reinforces this tonal center, as it moves through the relative major key of Bb major while repeatedly resolving back to the G minor tonic."
3250,C minor,"The harmonic progression is centered on C minor, as evidenced by the frequent return to this chord and the use of the iv (F minor) and V (G major) chords. Although a C major chord appears briefly, the overall tonal structure is firmly established in C minor."
3954,D minor,"The chord progression repeatedly centers on D minor, utilizing the A7 chord as a dominant to resolve to D minor throughout the sequence, which establishes D minor as the key."
5720,Eb major,"The chord sequence consistently revolves around Eb major, frequently utilizing functional ii-V-I progressions (Fm7-Bb7-Eb) and modal interchange chords like the Ab minor7 and Db7, which resolve back to the tonic. The recurring return to Eb major and the use of standard harmonic progressions strongly indicate Eb major as the key."
1508,E major,"The progression is centered around the E major chord, utilizing common diatonic chords within the key of E major, such as A major, B major, C# minor, and F# minor. The frequent return to E as a resolution point, combined with the presence of B major as the dominant, strongly confirms E major as the tonic."
3803,C major,"The sequence is centered around a repeating ii-V-I progression (Dmin7-G7-Cmaj), which strongly establishes C major as the tonal center. The frequent use of the minor iv chord (Fmin6) as a passing chord to the tonic is a common device in C major that reinforces the major tonality."
1806,C major,"The progression is built around the chords of C major, utilizing its primary triads (C, F, G) along with secondary dominants like A7, C7, and D7. The constant return to the C chord throughout the sequence establishes it as the tonal center."
3633,Ab major,"The chord sequence relies heavily on chords diatonic to the Ab major scale, including Ab major, Bbm, Cm, Db major, Eb major, and Fm. The frequent recurrence of the vi-IV-I-V (Fm-Db-Ab-Eb) progression is characteristic of this key."
114,E minor,"The chord sequence is heavily centered on E minor, which serves as the tonal center throughout and anchors the progression, particularly with its long final duration. While there is a distinct progression involving C major, D major, and G major (a ii-V-I cadence in the relative major), the harmonic movement consistently returns to E minor."
3106,Eb major,"The chords revolve around Eb, Bb, Cm, and Ab, which correspond to the I, V, vi, and IV chords in Eb major. The sequence consistently returns to the Eb tonic and concludes with a classic V-I cadence, establishing Eb major as the tonal center."
5301,G major,"The chord sequence is centered around G major, which appears frequently as the tonal anchor. The sequence repeatedly utilizes E7, A7, and D7, which function as secondary dominants (V7/vi, V7/ii, and V7) resolving towards the G major tonic, clearly establishing the key of G major."
3096,C major,The sequence consistently anchors around C major with strong functional cadences like D7 to G7 to C. The use of F minor as a borrowed iv chord further supports the key of C major.
2149,C major,"The chord sequence frequently utilizes the D7-G7-C major progression, which is a classic ii-V-I cadence in the key of C major. The presence of the minor iv chord (F minor) leading into the final resolution further reinforces C major as the tonal center."
5008,G major,"The chord sequence consistently cycles through G major, E minor, A minor, and D7, which represents a standard I-vi-ii-V progression in the key of G major."
306,Bb major,"The chord sequence consistently centers around Bb major, which acts as the home tonic. The progression utilizes functional chords native to the Bb major scale, such as the dominant (F major), subdominant (Eb major), and the ii chord (C minor), strongly establishing this key."
3225,G major,"The harmonic progression is centered around G major, evidenced by the frequent return to the G major chord and the use of the dominant chord, D major. The sequence includes common diatonic chords in G major, such as C major, E minor, A minor, and D minor, with the recurring F major chord acting as a characteristic bVII chord frequently found in rock and pop music."
2475,Ab major,"The chord sequence frequently uses Ab major, Db major, Eb dominant, and Bb minor chords, which correspond to the I, IV, V, and ii chords in the key of Ab major. The consistent use of these diatonic chords and the frequent resolution to Ab major confirm this as the tonic."
5302,A major,"The chord progression is anchored by the frequent use of E7 and A major, which function as the dominant (V) and tonic (I) in the key of A major. The sequence uses bluesy and jazz-inflected progressions, including secondary dominants like D7 and B7, all of which support A as the tonic."
3746,G major,"The progression is centered around the chords G major (I), E minor (vi), and D7 (V), which are core to the key of G major. The inclusion of A7 leading to D7 functions as a secondary dominant (V/V to V), and the Dmin7-G7-C major segment functions as a ii-V-I in the subdominant key, further reinforcing the established tonality of G major."
1761,Eb major,"The chord sequence consistently relies on the I (Eb major), iii (G minor), vi (C minor), ii (F minor), and V (Bb7) chords, which are the standard functional chords in the key of Eb major. The repetition of this I-iii-vi-ii-V progression strongly establishes Eb major as the tonal center."
6133,F major,"The chord sequence consistently centers on F major as the tonic, supported by frequent appearances of the dominant chord (C7/C9) and the subdominant chord (Bb major). The usage of the minor iv chord (Bb minor 6) resolving back to the tonic (F major) is a classic characteristic of the key of F major."
2845,Bb major,"The progression is centered around the Bb major chord, which appears frequently throughout the sequence. The use of a ii-V-I cadence (Gmin7-Cmin7-F7-Bbmaj) and common jazz devices like the minor iv chord (Ebmin) strongly support a key of Bb major."
6593,F major,"The progression is rooted in F major, frequently using the tonic (F), subdominant (Bb), and dominant (C) chords. While it temporarily tonicizes C major and features a cadence involving D minor later in the sequence, the primary harmonic focus remains F major."
4796,Eb major,"The chord sequence centers around the Eb major tonality, frequently employing the IV-bVII-I turnaround (Abmaj7-Db9-Ebmaj). The presence of the ii-V-I progression (Fmin7-Bb7-Ebmaj) and the resolution to Eb major further confirm this key as the tonal center."
3772,C major,"The chord progression is centered around the C major tonic, utilizing standard diatonic movements (I-IV-V) and common secondary dominants (C7, D7) typical of C major. The frequent resolution to the C major chord, especially the final eight-second chord, strongly establishes it as the tonal center."
1984,G minor,"The chord sequence centers around the G minor chord and prominently features a i-VI-iv-V7 progression (Gm-Eb-Cm-D7), which is characteristic of the G minor key. The frequent returns to G minor and the use of its diatonic chords confirm this tonality."
702,C major,"The chord sequence is firmly grounded in C major, evidenced by the frequent occurrence of the C major tonic, along with its IV (F) and V (G7) chords. The use of secondary dominants such as A7 and D7 creating a circle-of-fifths progression leading to C further confirms the key."
5350,A minor,"The chord progression centers repeatedly on A minor, supported by the frequent use of the tonic (A minor) and the dominant (E major) chords. The inclusion of chords such as F major, G major, C major, and D minor is consistent with the A natural and harmonic minor scales, further establishing A minor as the key."
3255,F major,"The chord sequence consists primarily of F major, Bb major, and C dominant seventh chords, representing the I, IV, and V chords in the key of F major. The strong resolution to F major confirms this key."
2316,F major,The chord sequence centers on the F major tonic and features typical diatonic movements including the IV (Bb) and V (C7) chords. The inclusion of secondary dominants such as A7 leading to Dmin and G7 leading to C7 further confirms F major as the tonal center.
6056,Eb major,"The progression is consistently centered around the tonic Eb major and its dominant Bb7, which appear frequently throughout the sequence. The inclusion of F minor and C minor chords further supports a functional harmonic context within the key of Eb major."
38,A minor,"The chord sequence consists of a repetitive oscillation between A minor 7 and D 7 chords. This i-IV harmonic relationship is typical of the Dorian mode, which confirms A minor as the key."
3485,Eb major,"The chord progression is primarily built around the tonic (Eb), subdominant (Ab), and dominant (Bb) chords, which are the core harmonies of the Eb major scale. The frequent use of G and C chords functions as secondary dominants or passing chords often found within this key, confirming Eb major as the tonal center."
5978,Eb major,"The progression frequently anchors on the Eb major chord, which functions as the tonic. Standard harmonic relationships in the key of Eb major, such as the use of the IV (Ab major), ii (F minor), and V (Bb7) chords, are present and consistently resolve back to the tonic."
1477,C major,"The chord sequence prominently features the C, F, and G major chords, which correspond to the I, IV, and V chords in the key of C major. These chords are the primary components of the C major scale and their frequent use strongly establishes C major as the tonal center."
1171,C major,"The progression is heavily centered around C major, frequently utilizing the tonic (C) and dominant (G7) chords. The inclusion of secondary dominants like E7, A7, and D7, which form a sequence leading towards G7 and C, further reinforces the C major tonality. The recurring Ab:maj chords likely serve as chromatic bVI substitutions or passing chords."
6062,C major,"The progression revolves around C major, frequently utilizing functional harmony such as ii-V-I sequences and back-door cadences (Fm7-Bb7-Cmaj7). Secondary dominants leading to the tonic and brief excursions into the relative minor key of E minor further solidify C major as the tonal center."
4949,A minor,"The song consistently centers around the A:min chord, which acts as the tonal anchor throughout the sequence. While the chord progression includes D:min7, G:7, and C:maj7, which belong to the relative major key of C major, the persistent focus on A:min confirms A minor as the tonal center."
2600,F major,"The chord sequence consistently revolves around F:maj, with common functional movements like C:7 to F:maj and secondary dominants like D:7, G:7, and A:7, all of which are consistent with the key of F major."
2696,D major,"The chord sequence consistently relies on D, G, Bm, and A7 chords, which function as the I, IV, vi, and V chords in the key of D major. The frequent return to the D chord as the resolution point reinforces D major as the tonal center, despite some brief harmonic variation."
3528,F major,"The chord sequence consists almost entirely of chords diatonic to F major, including F, Bb, C7, and Dm. The recurring progression A7-Dm-Gm-C7-F strongly establishes F major as the tonic."
6118,Eb major,"The chord sequence primarily features the ii-V-I progression Fm7-Bb7-Ebmaj7, which establishes Eb major as the tonal center. Although the progression modulates to G major via Am7-D7-Gmaj in the middle sections, it consistently returns to the Eb major functional harmony."
6352,F major,"The chord sequence primarily anchors around F7 and Bb7, which establishes F as the clear tonal center. The subsequent descending chromatic line of dominant chords is a common stylistic device in blues and jazz, acting as a transition that returns to the F-based progression rather than modulating to a new key."
5632,C major,"The progression is centered on C major, frequently utilizing functional harmonic movements such as ii-V-I (Dmin-G7-C) and secondary dominants (e.g., E7-A7-Dmin). The inclusion of the 'minor iv' chord (Fmin6) leading back to the tonic (C) is a standard jazz-influenced stylistic choice that strongly reinforces the key of C major."
5929,A minor,"The chord sequence consistently oscillates between A minor (i) and E altered dominant chords (V), which strongly establishes A minor as the tonal center. The inclusion of D minor (iv) and F major (VI) further supports the functional harmony of the A minor key."
2416,C major,"The chord progression relies heavily on chords diatonic to the C major scale, specifically the I (C major), IV (F major), V (G major), and ii (D minor) chords. The persistent return to and focus on the C major chord clearly establishes C major as the tonal center."
3514,F major,"The progression is consistently built around the I-vi-ii-V cycle (Fmaj-D7-Gm7-C7), which is a staple in the key of F major. While secondary dominants like A7 and brief modulations to A minor appear, the song frequently returns to the F major tonic, establishing it as the tonal center."
6225,F major,"The chord sequence is centered around a recurring ii-V-I progression (G minor, C7, F major), which strongly establishes F major as the tonic. Secondary dominants like D7, A7, and G7 are used to connect these functional chords, further reinforcing the harmonic structure of the key."
