id,key,chords
2014,C:major,"F#:hdim7 2.0s, C:maj/5 1.0s, Eb:maj 1.0s, F#:hdim7 2.0s, C:maj/5 1.0s, A:maj 1.0s, D:min 1.0s, A:min/4 0.5s, D:min 0.5s, A:min7/4 0.5s, D:min 0.5s, A:min/4 1.0s, F#:hdim7 1.0s, G:(5) 1.0s, F:maj/9 1.0s, G:maj 1.0s, F:maj 4.0s, F:maj7 1.5s, F:maj6 0.5s, F#:hdim7 2.0s, F:maj 4.0s, F:maj/9 2.0s, C:maj 2.0s"
1533,G:major,"G:maj 8.0s, D:maj 4.0s, G:maj 4.0s, G:maj 8.0s, D:maj 4.0s, G:maj 4.0s, C:maj 2.0s, D:maj 2.0s, G:maj 2.0s, E:min 2.0s, C:maj 2.0s, D:maj 2.0s, G:maj 2.0s, E:min 2.0s, C:maj 2.0s, D:7 2.0s, G:maj 4.0s"
6213,Eb:major,"Bb:7 0.5s, F:7 0.5s, Bb:7 0.5s, Eb:maj 1.5s, Eb:7 0.5s, Ab:maj 1.5s, Ab:min6 0.5s, Eb:maj 0.5s, Eb:7 1.5s, Ab:7 2.0s, Eb:maj 1.0s, Eb:7 1.0s, Ab:7 1.5s, Bb:7 0.5s, Eb:maj 1.0s, F:7 1.0s, Bb:7 1.0s, F:7 0.5s, Bb:7 0.5s, Eb:maj 1.5s, Eb:7 0.5s, Ab:maj 1.5s, Ab:min6 0.5s, Eb:maj 0.5s, Eb:7 1.5s, Ab:7 2.0s, Eb:maj 1.0s, Eb:7 1.0s, Ab:7 1.5s, Bb:7 0.5s, Eb:maj 1.0s, F:7 2.0s, D:7 1.0s, G:min 3.5s, D:7 0.5s, G:min/5 1.0s, G:min6 1.0s, A:7 1.0s, D:7 1.0s, G:min7 1.0s, C:9 1.0s, C:min7 1.0s, F:(3,5,b7,9,11,13) 1.0s, F:min7 1.5s, Bb:7 1.5s, F:7 0.5s, Bb:7 0.5s, Eb:maj 1.5s, Eb:7 0.5s, Ab:maj 1.5s, Ab:min6 0.5s, Eb:maj 0.5s, Eb:7 1.5s, Ab:7 2.0s, Eb:maj 1.0s, C:min7 1.0s, F:min7 0.5s"
49,C:major,"C:maj 2.0s, F:maj 2.0s, G:maj 2.0s, C:maj 4.0s, F:maj 2.0s, G:maj 2.0s, C:maj 2.0s, C:maj 2.0s, F:maj 2.0s, G:maj 2.0s, C:maj 4.0s, F:maj 2.0s, G:maj 2.0s, C:maj 2.0s, C:maj 2.0s, F:maj 2.0s, G:maj 2.0s, C:maj 4.0s, F:maj 2.0s, G:maj 2.0s, C:maj 2.0s, C:maj 2.0s, F:maj 2.0s, G:maj 2.0s, C:maj 4.0s, F:maj 2.0s"
4347,Eb:major,"Eb:maj 1.0s, G:min7 0.5s, Bb:7 1.2s, Ab:maj 0.2s, F:min7 0.5s, Eb:maj 0.5s, Bb:7 0.8s, Ab:maj 0.2s, Bb:7 0.5s, Eb:maj 0.5s, F:min7 0.5s, Eb:maj 0.5s, Bb:7 0.5s, Eb:maj 1.0s, Bb:maj 1.2s, Ab:maj 0.2s, Bb:7 0.5s, Eb:maj 0.5s, Bb:7 0.8s, Ab:maj 0.2s, Bb:7 0.5s, Eb:maj 0.5s"
5028,Eb:major,"Eb:maj7 1.0s, Ab:maj7 1.0s, Eb:maj7 2.0s, G:min7 2.0s, C:7 2.0s, F:min7 2.0s, Bb:7 2.0s, Eb:maj7 2.0s, F:min7 1.0s, Bb:7 1.0s, Eb:maj7 1.0s, Ab:maj7 1.0s, Eb:maj7 2.0s, G:min7 2.0s, C:7 2.0s, F:min7 2.0s, Bb:7 2.0s, Eb:min7 4.0s, F:min7 2.0s, Bb:7 2.0s, Eb:maj7 3.0s, D:hdim7 0.5s, G:7 0.5s, C:min7 2.0s, Db:min7 1.0s, F#:7 1.0s, B:maj7 2.0s, Bb:(3,#5,b7) 2.0s, Eb:maj7 1.0s, Ab:maj7 1.0s, Eb:maj7 2.0s, G:min7 2.0s, C:min 2.0s, F:min7 0.2s, G:min7 0.5s, Ab:maj7 0.5s, A:dim7 0.5s, Eb:maj7 0.2s, Bb:7 1.0s, Ab:maj7 1.0s"
4424,Bb:major,"Bb:maj 0.9s, B:dim7 0.1s, C:min7 0.8s, E:7 0.2s, F:7 1.0s, Bb:maj 1.9s, B:dim7 0.1s, C:min7 0.8s, E:dim7 0.2s, F:7 1.0s, Bb:maj 1.9s, B:dim7 0.1s, C:min7 0.8s, E:7 0.2s, F:7 1.0s, Bb:maj 1.9s, B:dim7 0.1s, C:min7 0.8s, E:dim7 0.2s, F:7 1.0s, Bb:maj 9.0s, Bb:maj 0.9s, B:dim7 0.1s, C:min7 0.8s, E:7 0.2s, F:7 1.0s, Bb:maj 1.9s, B:dim7 0.1s, C:min7 0.8s, E:dim7 0.2s, F:7 2.0s, Bb:maj 2.0s"
1579,C:major,"C:maj 2.0s, F:maj 1.0s, G:maj 1.0s, C:maj 4.0s, G:maj 2.0s, C:maj 4.0s, G:maj 2.0s, F:maj 2.0s, G:maj 2.0s, C:maj 2.0s, F:maj 1.0s, G:maj 1.0s, C:maj 2.0s"
968,C:major,"C:maj 1.0s, A:min 1.0s, D:min7 1.0s, G:7 1.0s, C:maj 1.0s, A:min 1.0s, D:min7 1.0s, G:7 1.0s, C:maj 1.0s, A:min 1.0s, D:min7 1.0s, G:7 1.0s, C:maj 1.5s, G:7 2.5s, C:maj 1.0s, F:maj 1.0s, C:maj 1.0s, F:maj 1.0s, C:maj 1.0s, A:min7 1.0s, D:min7 1.0s, G:7 1.0s, C:maj 1.0s, F:maj 1.0s, C:maj 1.0s, F:maj 1.0s, G:7 2.5s, G:7 1.5s, C:maj 1.0s, A:min 1.0s, D:min7 1.0s, G:7 1.0s, C:maj 1.0s, A:min 1.0s, D:min7 1.0s, G:7 1.0s, C:maj 1.0s, A:min 1.0s, D:min7 1.0s, G:7 1.0s, C:maj 7.0s, C:maj7 1.0s, F:maj 4.0s, C:maj 1.0s, F:maj 1.0s, C:maj 2.0s"
933,C:major,"C:maj 4.0s, F:maj 2.0s, C:maj 6.0s, D:maj 2.0s, G:7 2.0s, C:maj 4.0s, F:maj 3.0s, C:maj 3.0s, F:maj 2.0s, C:maj 1.0s, G:7 1.0s, C:maj 8.0s, D:maj 1.0s, G:maj 1.0s, C:maj 2.0s, F:maj 2.0s, C:maj 1.0s, G:7 1.0s, C:maj 2.0s, C:maj 4.0s, F:maj 2.0s, C:maj 6.0s"
2084,Eb:major,"Ab:min7 2.0s, G:7 2.0s, Gb:7 2.0s, F:hdim7 2.0s, Fb:maj7 4.0s, D:min7 2.0s, Bb:7 2.0s, C:maj6 2.0s, C:min6 2.0s, G:min6 2.0s, A:7 1.5s, A:7 0.5s, F:min6 2.0s, G:7 1.5s, G:7 0.5s, C:maj 2.0s, D:(b3,5,b7,9,11) 1.5s, G:(3,5,b7,9,b9,11,13) 0.5s, C:maj6 2.0s, C:min6 2.0s, G:min6 2.0s, A:7 1.5s, A:7 0.5s, F:min6 2.0s, G:7 1.5s, G:7 0.5s, C:maj 1.0s, Ab:dim7 1.0s, C:maj6 1.0s, C:aug 1.0s, F:maj6 1.0s, F:7 1.0s, F:min6 1.5s, G:7(b9) 0.5s, C:maj 2.0s, G:min7 2.0s, F:maj6 1.0s, F:7 1.0s, F:min6 1.5s, G:7(b9) 0.5s"
3742,F:major,"F:maj 3.5s, Eb:maj 1.0s, F:maj 1.0s, G:maj 2.0s, F:maj 4.0s, A:maj 2.0s, G:maj 2.0s, F:maj 4.0s, Gb:maj 1.0s, Ab:maj 1.0s, Bb:maj 2.0s, G:min7 4.0s, C:maj 2.0s, C:7 4.0s, F:maj 2.5s, F:maj 5.5s, E:maj 2.0s, Db:7 0.5s, F:maj 1.5s, Db:7 1.5s, C:7 0.5s, F:maj 10.0s, E:maj 2.0s, Db:7 0.5s"
4735,G:major,"G:maj 2.0s, G:7 2.0s, C:maj 2.0s, G:maj 2.0s, D:7 1.0s, A:min7 1.0s, D:7 2.0s, G:maj 1.0s, C:maj 1.0s, G:maj 5.5s, G:7 0.5s, C:maj 2.0s, G:maj 2.0s, D:7 1.0s, A:min7 1.0s, D:7 2.0s, G:maj 1.0s, C:maj 1.0s, G:maj 4.0s, G:maj 3.0s, D:7 0.5s, G:7 0.5s, C:maj 3.0s, A:7 1.0s, D:7 3.0s, A:7 0.5s, D:7 0.5s, G:maj 2.0s, C:maj 0.3s, G:maj 5.2s, G:7 0.5s, C:maj 3.5s, A:7 0.5s, D:7 2.0s"
3493,Eb:major,"Eb:maj 9.0s, Eb:maj 0.5s, Eb:sus4 0.5s, Eb:maj 1.2s, Eb:sus4 0.8s, Eb:maj 1.2s, Eb:sus4 0.8s, Eb:maj 1.5s, Eb:sus4 0.5s, Eb:maj 1.0s, F:min7 1.0s, Bb:7/3 1.0s, Eb:maj 0.5s, Eb:maj/3 0.5s, Ab:maj 0.5s, Eb:maj/3 0.5s, F:min7 1.0s, Bb:sus4(7) 1.0s, Eb:maj 0.5s, Eb:sus4 1.0s, Eb:maj 0.5s, Eb:sus4 1.0s, Eb:maj 1.5s, Eb:sus4 0.5s, Eb:maj 1.5s, Eb:sus4 0.5s, Eb:maj 1.5s, Eb:sus4 0.5s, Eb:maj 1.5s, Eb:sus4 0.5s, Eb:maj 1.0s, F:min7 1.0s, Bb:maj/3 1.5s, Eb:maj/3 0.5s, Ab:maj 0.5s, Eb:maj/3 0.5s, F:min7 1.0s, F:min7/4 1.0s, Eb:sus4 1.0s, Eb:maj 1.0s, Cb:maj 1.0s, Db:maj/b7 1.0s, Bb:min7 1.0s, E:min 1.0s, Cb:maj 1.0s, Db:maj/b7 1.0s, Bb:min7 1.0s, Eb:min 1.0s, F:hdim7 0.5s, F:hdim7/b7 0.5s, Bb:7/3 1.0s, Eb:min 0.5s, Eb:min/7 0.5s, Gb:maj/5 1.0s, F#:min7 1.0s, B:7 1.0s, F:min7 0.5s, Bb:sus4(7) 1.0s, Bb:7 0.5s, Eb:maj 0.5s, Eb:sus4 0.5s"
5006,Bb:major,"Bb:maj 2.0s, Bb:7 2.0s, Eb:maj 2.0s, Bb:maj 2.0s, Eb:maj 2.0s, Bb:maj 2.0s, C:min 2.0s, F:7 2.0s, Bb:maj 2.0s, Bb:7 2.0s, Eb:maj 2.0s, Bb:maj 2.0s, Eb:maj 2.0s, Bb:maj 1.0s, G:min 1.0s, F:7 2.0s, Bb:maj 1.0s, F:7 1.0s, Bb:maj 2.0s, Bb:7 2.0s, Eb:maj 2.0s, Bb:maj 2.0s, Eb:maj 2.0s, Bb:maj 2.0s, C:min 2.0s, F:7 2.0s, Bb:maj 2.0s, Bb:7 2.0s, Eb:maj 2.0s, Bb:maj 2.0s, Eb:maj 2.0s, Bb:maj 1.0s, G:min 1.0s"
1097,G:major,"A:hdim7 1.0s, D:7(b9) 1.0s, G:maj7 2.0s, A:min9 1.0s, D:(3,5,b7,9,11,13) 1.0s, G:maj6 2.0s, E:min7 1.0s, A:7(b9) 1.0s, B:min7 1.5s, Bb:7 0.5s, A:min7 1.0s, Ab:7 1.0s, G:maj7 1.0s, G:maj6 1.0s, A:hdim7 1.0s, D:7(b9) 1.0s, G:maj7 2.0s, A:min9 1.0s, D:(3,5,b7,9,11,13) 1.0s, G:maj6 2.0s, E:min7 1.0s, A:7(b9) 1.0s, B:min7 1.5s, Bb:7 0.5s, A:min7 1.0s, Ab:7 1.0s, G:maj 1.0s, G:7 1.0s, C:maj7 1.0s, D:min 1.0s, B:maj 1.5s, C:maj7 0.5s, B:(3,#5,b7) 1.0s, B:7 1.0s, E:min 0.7s, E:min7 0.7s, E:min6 0.7s, A:min6 2.0s, E:min 2.0s, E:hdim7 1.0s, A:9 1.0s, Bb:maj 1.0s, D:7 1.0s, A:hdim7 1.0s, D:7(b9) 1.0s, G:maj7 1.5s, G:maj6 0.5s, B:(3,#5,b7) 1.0s, B:7 1.0s, E:min 3.0s, E:min7 1.0s, A:9 1.5s, A:7(b5) 0.5s"
2143,Bb:major,"C:min9 1.0s, F:9 0.5s, C:min7 0.5s, D:min7 1.0s, Db:dim 1.0s, C:min7 1.0s, F:aug 1.0s, D:hdim7 1.0s, G:7 1.0s, B:dim 1.0s, C:hdim7 1.0s, D:min7 1.0s, G:7 1.0s, C:min7 0.8s, B:7 1.0s, Bb:maj 2.2s, C:min9 1.0s, F:9 0.5s, C:min7 0.5s, D:min7 1.0s, Db:dim 1.0s, C:min7 1.0s, F:aug 1.0s, D:hdim7 1.0s, G:7 1.0s, B:dim 1.0s, C:hdim7 1.0s, D:min7 1.0s, G:7 1.0s, C:min7 0.8s, B:7 1.0s, Bb:maj6 2.2s, F:min7 1.0s, Bb:(3,#5,b7) 1.0s, Eb:maj7 1.5s, Eb:maj6 0.5s, F:min7 1.0s, Bb:7 1.0s, Eb:maj9 1.5s, Eb:maj6 0.5s, E:min7 1.0s, A:7(#5,b9) 1.0s, D:maj9 1.5s, D:maj6 0.5s, G:min 0.5s, D:aug 0.5s, G:min7 0.5s, C:7 0.5s, C:min7 1.0s, F:7 1.0s, C:min9 1.0s, F:9 0.5s, C:min7 0.5s, D:min7 1.0s, Db:dim 1.0s, C:min7 1.0s, F:(3,#5,b7) 1.0s, D:hdim7 1.0s, G:7 1.0s, B:dim 1.0s, C:hdim7 1.0s, D:min7 1.0s, G:9 1.0s"
1668,Ab:major,"F:min 3.0s, C:7 1.0s, F:min 4.0s, Bb:min7 4.0s, F:min 4.0s, Ab:min7 1.0s, Db:9 2.0s, C:7 1.0s, F:min 4.0s, F:min 3.0s, C:7 1.0s, F:min 4.0s, Bb:min7 4.0s, F:min 4.0s, Ab:min7 1.0s, Db:9 2.0s, C:7 1.0s, F:min 4.0s"
5859,C:major,"G:maj 2.0s, D:7 4.0s, G:maj 4.0s, D:7 4.0s, G:maj 4.0s, D:7 2.0s, G:maj 2.0s, C:maj 2.0s, G:maj 1.0s, D:7 1.0s, G:maj 1.0s, D:7 3.0s, G:maj 4.0s, D:7 4.0s, G:maj 4.0s, D:7 4.0s, G:maj 4.0s, D:7 2.0s, G:maj 2.0s, C:maj 2.0s, G:maj 1.0s, D:7 1.0s, G:maj 1.0s, D:7 1.0s"
3438,C:major,"C:maj 1.0s, C:maj 1.0s, F:maj 2.0s, G:7 2.0s, C:maj 4.0s, F:maj 2.0s, G:7 4.0s, C:maj 2.0s, F:maj 2.0s, G:7 2.0s, C:maj 2.0s, C:9 1.0s, C:9 1.0s, F:maj 2.0s, G:7 2.0s, C:maj 2.0s, C:maj 2.0s, C:maj 2.0s, C:maj 2.0s, F:maj 2.0s, G:7 2.0s, C:maj 4.0s, F:maj 1.0s, F:maj 1.0s, G:7 4.0s"
1986,Bb:major,"G:min 4.0s, F:min 4.0s, G:min 4.0s, F:min 4.0s, G:min 4.0s, F:min 4.0s, G:min 4.0s, F:min 4.0s, G:min 4.0s, F:min 4.0s, G:min 4.0s, F:min 4.0s, G:min 4.0s, F:min 4.0s, C:min 4.0s"
3508,G:major,"G:maj 2.0s, D:7 4.0s, G:maj 2.0s, C:maj 2.0s, C:aug 2.0s, A:min 2.0s, D:7 2.0s, G:maj 2.0s, D:7 4.0s, G:maj 2.0s, C:maj 2.0s, A:min 2.0s, D:7 2.0s, G:maj 2.0s, G:maj 3.0s, D:7 3.0s, G:maj 5.0s, D:7 3.0s, G:maj 2.0s, G:maj 2.0s, D:7 4.0s, G:maj 2.0s, C:maj 2.0s, C:aug 2.0s"
2969,G:major,"D:7 2.0s, G:maj7 2.0s, G:maj9 1.0s, D:7 1.0s, G:maj7 2.0s, G:maj9 1.0s, E:min7 1.0s, A:min7 1.0s, D:7 1.0s, A:min7 1.0s, D:7 1.0s, G:maj 3.0s, D:7 1.0s, G:maj7 3.0s, G:7 1.0s, C:maj6 2.0s, C:min 2.0s, G:maj 1.0s, E:min 1.0s, A:min7 1.5s, C:min 0.5s, G:maj 1.0s, E:min 1.0s, E:min7 0.5s, A:7 1.5s, D:7 4.0s, G:maj7 2.0s, G:maj9 1.0s, D:7 1.0s, G:maj7 2.0s, G:maj9 1.0s, E:min7 1.0s, A:min7 1.0s, D:7 1.0s, A:min7 1.0s, D:7 1.0s, G:maj6 1.5s, A:min7 0.5s, D:7 2.0s, G:maj6 2.0s"
402,F:major,"F:maj 1.0s, A:min 0.5s, F:maj 0.5s, Bb:maj 4.0s, C:7 2.0s, F:maj 1.0s, A:7 1.0s, D:min 1.0s, F:7 1.0s, Bb:maj 2.0s, G:min7 0.5s, C:7 1.5s, F:maj 1.0s, A:7 1.0s, D:min 1.0s, F:maj 1.0s, Bb:maj 1.0s, C:9 1.0s, F:maj 2.0s, G:min 1.0s, A:7 1.0s, D:min 1.0s, E:7 1.0s, A:min7 1.0s, D:9 1.0s, G:min 1.0s, C:7 1.0s, F:maj 1.0s, A:min 0.5s, F:maj 0.5s, Bb:maj 4.0s, C:7 2.0s, F:maj 1.0s, A:7 1.0s, D:min 1.0s, F:7 1.0s, Bb:maj 2.0s, G:min7 0.5s, C:7 1.5s, F:maj 1.0s, A:7 1.0s, D:min 1.0s, F:maj 1.0s, Bb:maj 1.0s, D:maj 0.0s, E:7 1.0s, A:min 1.0s, D:7 1.0s, G:min 2.0s, Bb:maj 1.0s, C:7 1.0s"
6432,G:major,"G:maj 1.0s, D:maj 1.0s, C:maj 1.0s, A:min7 1.0s, G:maj 1.0s, E:min 1.0s, A:min 1.0s, D:maj 1.0s, G:maj 1.0s, D:maj 2.0s, A:min7 1.0s, G:maj 1.0s, E:min 1.0s, A:min 1.0s, D:maj 1.0s, G:maj 1.0s, D:maj 1.0s, C:maj 1.0s, A:min7 1.0s, G:maj 1.0s, E:min 1.0s, A:min 1.0s, D:maj 1.0s, G:maj 1.0s, D:maj 1.0s, C:maj 0.8s, A:min7 1.2s, G:maj 1.0s, E:min 1.0s, D:maj 0.5s, G:maj 1.0s, C:maj 1.0s, G:maj 1.0s, C:maj 1.0s, G:maj 1.0s, D:maj 1.0s, C:maj 1.0s, A:min7 1.0s, G:maj 1.0s, E:min 1.0s, A:min 1.0s, D:maj 1.0s, G:maj 1.0s, D:maj 1.0s, C:maj 1.0s, A:min7 1.0s, G:maj 1.5s, E:min 0.5s, D:maj 1.0s, G:maj 1.0s, D:maj 1.0s, C:maj 0.5s, G:maj 1.0s, C:maj 1.0s, G:maj 1.0s, C:maj 1.0s, G:maj 1.0s, D:maj 1.0s, C:maj 1.0s, A:min7 1.0s"
2975,C:major,"C:maj 2.0s, D:min7 1.5s, G:7 0.5s, C:maj 2.0s, F:maj6 1.0s, G:7 1.0s, C:maj 1.5s, A:min 0.5s, D:min7 1.5s, G:7 0.5s, C:maj 2.0s, F:maj 1.0s, G:7 1.0s, C:maj 2.0s, D:min7 1.5s, G:7 0.5s, C:maj 1.0s, A:min 1.0s, B:7 2.0s, E:maj 1.0s, A:maj 0.5s, B:7 0.5s, C#:min 0.5s, E:maj 0.5s, F#:min 0.5s, B:7 0.5s, E:maj 1.0s, A:maj 1.0s, E:maj 2.0s, D:min 2.0s, A:7 2.0s, D:min 2.0s, F#:dim7 2.0s, C:maj 1.0s, C:dim 0.5s, C:maj 0.5s, D:7 2.0s, G:7 1.0s, C#:dim7 1.0s, D:min7 1.0s, G:7 1.0s, C:maj 2.0s, D:min7 1.0s, G:7 1.0s, C:7 2.0s, F:maj 1.0s, A:7 1.0s, D:7 2.0s, G:7 2.0s"
5482,Eb:major,"G:maj 2.0s, C:min 2.0s, G:maj 1.0s, F:min 1.0s, G:maj 4.0s, C:min 1.0s, F:min 1.0s, G:maj 2.0s, C:min 1.0s, G:maj 1.0s, C:min 5.0s, F:min 3.0s, C:min 1.0s, G:maj 1.0s, C:min 5.0s, F:min 3.0s, C:min 1.0s, G:maj 1.0s, C:min 2.0s"
3934,F:major,"D:min 4.0s, A:7 2.0s, D:min 6.0s, A:7 3.5s, D:min 6.5s, A:7 2.0s, D:min 4.0s, A:7 2.0s, D:min 2.0s, D:min 4.0s, A:7 2.0s, D:min 6.0s, A:7 2.0s, D:min 2.0s, D:min 2.0s"
210,F:major,"F:maj 2.0s, F:sus4 0.5s, F:maj 1.5s, F:maj 2.0s, Ab:maj 1.0s, Eb:9 1.0s, F:maj 4.0s, F:sus4 1.0s, F:maj 1.0s, Ab:maj 1.0s, Eb:9 1.0s, F:maj 4.0s, F:sus4 0.5s, F:maj 1.5s, Ab:maj 1.0s, Eb:9 1.0s, Bb:min 1.0s, Db:maj 1.0s, Ab:maj 1.3s, Eb:9 0.8s, C:min 1.3s, Eb:maj 0.8s, F:maj 2.0s, Bb:min 1.0s, Db:maj 1.0s, Ab:maj 0.5s, Eb:9 1.5s, C:min 1.0s, Eb:maj 1.0s, F:maj 2.0s, F:sus4 0.5s, F:maj 1.5s, F:maj 2.0s, Ab:maj 1.0s, Eb:9 1.0s, F:maj 4.0s, F:sus4 1.0s, F:maj 1.0s, Ab:maj 1.0s, Eb:9 1.0s, F:maj 4.0s, F:sus4 0.5s, F:maj 1.5s"
5498,C:major,"G:min7 8.0s, Bb:9 4.0s, G:min9 4.0s, G:min7 8.0s, Bb:9 4.0s, G:min9 4.0s, Eb:maj6 2.0s, C:min9 2.0s, G:min7 4.0s, Eb:maj6 2.0s, C:min9 2.0s, G:min7 4.0s, Eb:maj6 2.0s, C:min9 2.0s, G:min7 4.0s, Eb:maj6 2.0s, C:min9 2.0s"
2686,C:major,"D:min7 2.0s, G:7 2.0s, C:maj 4.0s, D:min7 2.0s, G:7 2.0s, C:maj 4.0s, F:maj 4.0s, C:maj 2.0s, A:7 2.0s, D:min 2.0s, A:7 2.0s, D:min7 2.0s, G:7 2.0s, D:min7 2.0s, G:7 2.0s, C:maj 4.0s, D:min7 2.0s, G:7 2.0s, A:min 4.0s, D:7 4.0s, C:maj 2.0s, A:7 2.0s, F:maj 2.0s, G:7 2.0s"
2376,G:major,"C:maj 2.0s, D:min 2.0s, G:7 2.0s, C:maj 2.0s, C:maj 2.0s, D:min 2.0s, G:7 2.0s, C:maj 2.0s, F:maj7 2.0s, E:min7 2.0s, D:min7 1.2s, G:(3,5,b7,9,11,13) 0.8s, Bb:maj 2.0s, F:maj9 2.0s, E:min7 2.0s, D:maj 2.0s, C:9 2.0s, F:maj9 2.0s, A:min7 2.0s, E:min7 1.0s, F:maj7 1.0s, G:9 4.0s, G:7 2.0s, F:maj7 2.0s, E:min7 2.0s, D:min7 1.2s, G:(3,5,b7,9,11,13) 0.8s, Bb:maj 2.0s, F:maj9 2.0s, E:min7 2.0s, D:maj 2.0s, C:9 2.0s"
246,C:major,"C:maj 4.0s, F:maj 1.0s, C:maj 1.0s, G:7 2.0s, C:maj 4.0s, F:maj 1.0s, C:maj 1.0s, G:7 1.0s, C:maj 1.0s, F:maj 2.0s, C:maj 2.0s, G:7 2.0s, C:maj 3.5s, C:7 0.5s, F:maj 2.0s, C:maj 2.0s, G:7 1.0s, C:maj 1.0s, C:maj 4.0s, F:maj 1.0s, C:maj 1.0s, G:7 2.0s, C:maj 4.0s, F:maj 1.0s, C:maj 1.0s, G:7 1.0s, C:maj 1.0s, F:maj 2.0s, C:maj 2.0s, G:7 2.0s, C:maj 3.5s, C:7 0.5s, F:maj 2.0s"
5785,Bb:major,"Bb:maj 4.0s, C:min7 4.0s, Bb:maj 4.0s, F:min 2.0s, Bb:maj 2.0s, Eb:maj 4.0s, Bb:maj 1.0s, G:min7 3.0s, C:maj 2.0s, C:min7 2.0s, F:7 2.0s, Bb:maj 4.0s, C:min7 4.0s, Bb:maj 4.0s, F:min 2.5s, Bb:maj 1.5s, Eb:maj 2.0s, D:7 2.0s, G:min7 2.0s, C:maj 2.0s, C:min7 4.0s, Bb:maj 2.0s"
1346,C:major,"A:min 2.0s, F:maj 2.0s, A:min 4.0s, A:min 2.0s, F:maj 2.0s, A:min 6.0s, F:maj 2.0s, A:min 2.0s, A:min 1.0s, F:maj 1.0s, A:min 2.0s, F:maj 2.0s, A:min 6.0s, F:maj 1.5s, A:min 3.5s, F:maj 1.0s, A:min 2.0s, E:maj 2.0s, A:min 4.0s, F:maj 2.0s, A:min 2.0s, F:maj 2.0s, A:min 2.0s, D:min 2.0s, A:min 2.0s"
5912,C:major,"A:min 1.0s, A:min(#5) 1.0s, A:min6 1.2s, A:min(#5) 0.7s, A:min6 1.0s, A:min(#5) 1.0s, A:min6 1.2s, A:min(#5) 0.8s, A:min7 1.0s, C:9 1.0s, F:maj6 1.0s, D:min7 0.5s, G:7(b9) 0.5s, C:maj6 4.0s, A:min 1.0s, A:min(#5) 1.0s, A:min6 1.2s, A:min(#5) 0.8s, A:min6 1.0s, A:min(#5) 1.0s, A:min6 1.2s, A:min(#5) 0.8s, A:min7 1.0s, C:9 1.0s, F:maj6 1.0s, D:min7 0.5s, G:7(b9) 0.5s, C:maj6 2.0s, C:9 1.0s, C:maj 1.0s, F:7 2.0s, C:maj6 2.0s, F:7 2.0s, C:maj6 2.0s, F:7 2.0s, A:min7 2.0s, F:9 2.0s, E:7 2.0s, A:min 1.0s, A:min(#5) 1.0s, A:min6 1.2s, A:min(#5) 0.8s, A:min6 1.0s, A:min(#5) 1.0s, A:min6 1.2s, A:min(#5) 0.8s, A:min7 1.0s, C:9 1.0s, F:maj6 1.0s, D:min7 0.5s, G:7(b9) 0.5s"
4357,F:major,"F:maj 12.0s, Bb:maj 8.0s, F:maj 4.0s, G:min 2.0s, C:7 2.0s, F:maj 3.5s, F:7 0.5s, Bb:maj 4.0s, F:maj 4.0s, C:7 4.0s, F:maj 2.0s, F:7 2.0s, Bb:maj 4.0s, F:maj 4.0s, C:7 4.0s"
755,C:major,"G:7(b9) 1.0s, C:maj 2.0s, C:maj6 2.0s, C:maj7 2.0s, C:maj6 2.0s, C:maj 2.0s, C:maj6 2.0s, E:min7 2.0s, A:7 2.0s, D:min7 2.0s, E:7 2.0s, A:min 2.0s, A:min7 2.0s, A:min 2.0s, D:7 2.0s, D:min7 2.0s, D:min7 1.0s, G:7(b9) 1.0s, C:maj 2.0s, C:maj6 2.0s, C:maj7 2.0s, G:min7 1.5s, G:min6 1.0s, F:maj7 1.5s, F:maj6 2.0s, A:min7 2.0s, D:7 1.0s, D:7(b9) 1.0s, G:min 2.5s, E:7 1.5s, A:min 2.0s, F:min6 2.0s, C:maj 2.0s, A:min7 1.0s"
1215,Eb:major,"C:min 2.0s, D:min7(b5) 2.0s, C:min 2.0s, D:min7(b5) 2.0s, C:min 2.0s, D:min7(b5) 2.0s, C:min 2.0s, D:min7(b5) 2.0s, C:min 2.0s, D:min7(b5) 2.0s, C:min 2.0s, D:min7(b5) 2.0s, C:min 2.0s, D:min7(b5) 2.0s, C:min 2.3s, F:min7 0.7s, Bb:7 1.0s, Eb:maj 4.0s, C:7 4.0s, F:min 2.0s, F#:dim 2.0s, D:min7(b5) 2.0s, G:7 2.0s, C:min 2.0s, D:min7(b5) 1.0s, G:7 1.0s, C:min 2.0s, D:min7(b5) 1.0s, G:7 1.0s, C:min 2.0s, D:min7(b5) 1.0s, G:7 1.0s"
1468,F:major,"G:min7 2.0s, C:7 2.0s, F:maj6 2.0s, A:hdim7 1.0s, D:7(b9) 1.0s, G:9 2.0s, C:9 2.0s, F:maj6 2.0s, A:hdim7 1.5s, D:7(b9) 0.5s, G:min7 2.0s, C:7 2.0s, F:maj6 2.0s, A:hdim7 1.0s, D:7(b9) 1.0s, G:9 2.0s, C:7 2.0s, F:maj6 4.0s, C:min7 2.0s, F:7 2.0s, Bb:maj 2.0s, Bb:min7 1.0s, Eb:7 1.0s, Ab:maj 2.0s, D:hdim7 1.5s, G:7(b9) 0.5s, C:7 4.0s, G:min7 2.0s, C:7 2.0s, F:maj6 2.0s, A:hdim7 1.0s, D:7(b9) 1.0s, G:9 2.0s, C:7 2.0s"
5226,C:major,"C:maj6(9) 2.0s, F:maj/9 1.5s, G:(3,5,b7,9,11,13) 0.5s, C:maj6(9) 2.0s, F:maj/9 1.0s, G:7(b9) 1.0s, Bb:maj7/9 1.0s, C:7 1.0s, Bb:maj/9 1.0s, C:7(b9) 1.0s, F:maj7 1.0s, C:(3,5,b7,9,b9,11,13) 1.0s, F:maj7 1.0s, D:min7 1.0s, F:min 0.5s, Db:maj7/3 1.5s, F:min6 2.0s, E:(3,5,b7,9,11,13) 0.5s, Bb:(3,5,b5,b7,9,11,13) 1.5s, A:(3,5,b7,9,11,13) 1.0s, Bb:dim 1.0s, B:min7 1.0s, E:7(b5,b9) 1.0s, A:min9 1.0s, D:(3,#5,b7) 1.0s, F:maj6/9 1.0s, G:(3,5,b7,9,11,13) 1.0s, F:maj/9 1.0s, G:7(b9) 0.5s, G:(3,5,b7,9,b9,11,13) 0.5s, C:maj6(9) 2.0s, F:maj/9 1.5s, G:(3,5,b7,9,11,13) 0.5s, C:maj6(9) 2.0s, F:maj/9 1.0s, G:7(b9) 1.0s, Bb:maj7/9 1.0s, C:7 1.0s, Bb:maj/9 1.0s, C:7(b9) 1.0s, F:maj7 1.0s, C:(3,5,b7,9,b9,11,13) 1.0s, F:maj7 1.0s, D:min7 1.0s, F:min 0.5s, Db:maj7/3 1.5s, F:min6 1.0s, F:min7 1.0s, E:(3,5,b7,9,11,13) 0.5s, Bb:(3,5,b5,b7,9,11,13) 1.5s, A:(3,5,b7,9,11,13) 1.0s, Bb:dim 1.0s, B:min7 1.0s, E:7(b5,b9) 1.0s, F:maj/9 1.0s, G:7(b9) 1.0s"
2518,C:major,"C:(3,5,b7,9,11,13) 2.0s, Bb:(3,5,b7,9,11,13) 2.0s, C:(3,5,b7,9,11,13) 2.0s, Bb:(3,5,b7,9,11,13) 2.0s, C:(3,5,b7,9,11,13) 2.0s, Bb:(3,5,b7,9,11,13) 2.0s, C:(3,5,b7,9,11,13) 2.0s, Bb:(3,5,b7,9,11,13) 2.0s, C:(3,5,b7,9,11,13) 2.0s, Bb:(3,5,b7,9,11,13) 2.0s, C:(3,5,b7,9,11,13) 2.0s, Bb:(3,5,b7,9,11,13) 2.0s, C:(3,5,b7,9,11,13) 2.0s, Bb:(3,5,b7,9,11,13) 2.0s, C:(3,5,b7,9,11,13) 2.0s, Bb:(3,5,b7,9,11,13) 2.0s, C:(3,5,b7,9,11,13) 2.0s, Bb:(3,5,b7,9,11,13) 2.0s, C:(3,5,b7,9,11,13) 2.0s, Bb:(3,5,b7,9,11,13) 2.0s, E:min7 2.0s, A:7 2.0s, Eb:min7 2.0s, Ab:9 1.0s, Ab:(3,5,b7,9,11,13) 1.0s, A:(3,5,b7,9,11,13) 2.0s, Gb:maj/9 1.0s, Ab:7 1.0s, E:min7 2.0s, A:(3,5,b7,9,11,13) 2.0s, C:(3,5,b7,9,11,13) 2.0s, B:(3,5,b7,9,11,13) 2.0s"
2400,Eb:major,"Eb:maj 1.0s, G:min 1.0s, C:min 2.0s, Ab:maj 1.0s, Eb:maj 1.0s, Bb:7 2.0s, Ab:maj 1.0s, Bb:maj 1.0s, C:min 1.0s, Ab:maj 1.0s, Eb:maj 1.0s, Bb:7 1.0s, Eb:maj 2.0s, Eb:maj 1.0s, G:min 1.0s, C:min 2.0s, Ab:maj 1.0s, Eb:maj 1.0s, Bb:7 2.0s, Ab:maj 1.0s, Bb:maj 1.0s, C:min 1.0s, Ab:maj 1.0s, Eb:maj 1.0s, Bb:7 1.0s, Eb:maj 2.0s, G:min 1.0s, D:7 1.0s, G:min 1.0s, D:7 1.0s, G:min 1.0s, D:7 1.0s, G:min 1.0s, C:7 1.0s, F:min 1.5s, Bb:7 0.5s, Eb:maj 1.0s, G:min 1.0s, C:min 2.0s, Ab:maj 1.0s, Eb:maj 1.0s, Bb:7 2.0s, Ab:maj 1.0s, Bb:maj 1.0s, C:min 1.0s, Ab:maj 1.0s, Eb:maj 1.0s, Bb:7 1.0s, Eb:maj 2.0s, G:min 1.0s, D:7 1.0s"
3988,Eb:major,"Eb:maj 1.0s, G:min 1.0s, F:min7 1.0s, Bb:7 1.0s, Eb:maj 2.0s, Eb:dim 2.0s, F:min7 2.0s, Bb:7 2.0s, Eb:maj 1.0s, E:dim 1.0s, F:min7 0.5s, Bb:7 0.5s, B:aug 1.0s, Eb:maj 1.0s, G:min 1.0s, F:min7 1.0s, Bb:7 1.0s, Eb:maj 3.5s, Eb:dim 0.5s, F:min7 2.0s, Bb:7 2.0s, Eb:maj 1.0s, C:min 1.0s, A:min 1.0s, D:7 1.0s, G:min 1.0s, Eb:dim 1.0s, C:9 0.5s, C:dim 1.5s, G:min 1.0s, A:dim 1.0s, G:min 0.7s, Bb:min6 0.7s, C:7 0.7s, F:min 1.0s, G:dim 1.0s, F:min6 0.5s, Bb:dim 1.5s, F:min 1.0s, Bb:dim 1.0s, Ab:maj6 0.7s, Ab:min6 0.7s, Bb:7 0.7s, Eb:maj 1.0s, G:min 1.0s, F:min7 1.0s, Bb:7 1.0s, Eb:maj 3.5s, Eb:dim 0.5s, F:min7 2.0s, Bb:7 2.0s"
4655,C:major,"C:maj 4.0s, G:7 4.0s, C:maj 4.0s, G:7 4.0s, C:maj 2.0s, D:7 2.0s, G:7 4.0s, C:maj 4.0s, E:7 1.0s, A:7 1.0s, D:7 1.0s, G:7 1.0s, C:maj 4.0s, G:7 4.0s, C:maj 4.0s, G:7 4.0s, C:maj 2.0s, C:7 2.0s, F:maj 4.0s, C:maj 2.0s, G:7 2.0s"
4604,Eb:major,"G:7 4.0s, C:min 1.0s, Eb:maj 1.0s, D:maj 1.0s, Db:maj 1.0s, C:min 4.0s, C:min 4.0s, G:7 8.0s, C:min 8.0s, G:7 8.0s, C:min 1.5s, Bb:maj 0.5s, C:min 6.0s, G:7 8.0s, C:min 4.0s"
1856,G:major,"E:min 1.0s, A:min6/5 1.0s, E:min 2.0s, E:min/b3 1.0s, A:min6 1.0s, B:maj 2.0s, A:min 0.8s, A:min7 0.2s, D:sus4(7) 0.8s, D:7 0.2s, G:maj7 1.0s, C:maj 1.0s, F:maj/3 1.0s, B:7 1.0s, E:min 2.0s, G#:dim 1.0s, E:7 1.0s, A:min 1.0s, A:min/b3 1.0s, B:hdim7 1.0s, E:7 1.0s, A:min 2.0s, F#:7 2.0s, B:sus4(7) 1.0s, B:7 1.0s, E:min 1.0s, A:min6/5 1.0s, E:min 2.0s, E:min/b3 1.0s, A:min6 1.0s, B:maj 2.0s, A:min 0.8s, A:min7 0.2s, D:7 1.0s, G:maj7 1.0s, C:maj 1.0s, F:maj/3 1.0s, B:7 1.0s, E:min 2.0s"
566,Eb:major,"C:7(b9) 1.0s, F:min7 1.0s, Bb:7(b9) 1.2s, Eb:maj7 1.8s, C:min7 2.0s, F:min7 2.0s, Bb:7(b9) 2.0s, Eb:maj7 2.0s, G:hdim7 1.0s, C:7(b9) 1.0s, F:min7 2.0s, F:hdim7/4 2.0s, Eb:maj7 2.0s, C:min7 2.0s, F:min7 2.0s, Bb:7(b9) 2.0s, Eb:maj7 2.0s, G:hdim7 1.0s, C:7(b9) 2.5s, F:min 0.5s, A:hdim7 1.0s, D:7(b9) 1.0s, G:min 2.0s, E:hdim7 2.0s, A:min7 2.0s, D:7(b9) 2.0s, G:min 2.0s, G:hdim7 1.0s, C:7(b9) 1.0s, F:min7 2.0s, Bb:7(b9) 2.0s, Eb:maj7 2.0s, C:min7 2.0s, F:min7 2.0s, Bb:7(b9) 2.0s, Eb:maj7 1.0s"
5668,C:major,"C:maj 2.0s, G:maj 4.0s, C:maj 2.0s, C:maj 2.0s, G:maj 4.0s, C:maj 2.0s, G:maj 2.0s, D:min 4.0s, G:maj 2.0s, C:maj 2.0s, G:maj 4.0s, C:maj 2.0s"
2849,B:major,"B:maj 2.0s, G#:min 2.0s, G:7 2.0s, F#:7 2.0s, B:maj 2.0s, G#:min 2.0s, G:7 2.0s, F#:7 1.0s, F:7 1.0s, E:9 0.5s, Eb:9 0.5s, D:9 0.5s, Db:9 0.5s, D:9 0.5s, D#:9 0.4s, E:9 1.1s, E:9 0.5s, Eb:9 0.5s, D:9 0.5s, Db:9 0.5s, D:9 0.2s, D#:9 0.2s, E:9 0.2s, F:9 0.1s, F#:9 1.1s, B:maj 2.0s, F:min7 2.0s, E:maj7 2.0s, C#:min7 1.0s, F#:(3,5,b7,9,11) 1.0s, B:maj 2.0s, F:min7 2.0s, E:maj7 2.0s, C#:min7 1.0s, F#:(3,5,b7,9,11) 17.0s, B:maj 2.0s, G#:min 2.0s"
1589,Bb:major,"Bb:maj 1.5s, Bb:aug 1.5s, Eb:maj 1.5s, Bb:maj 3.0s, C:7 1.5s, F:7 1.0s, C:min7 0.5s, F:7 1.5s, Bb:maj 1.5s, Bb:maj 1.5s, Eb:maj 1.5s, Bb:maj 3.0s, F:7 0.5s, Eb:min 0.8s, F:7 0.2s, Bb:maj 1.0s, Eb:maj6 0.5s, Bb:maj 1.5s, F:7 3.0s, Bb:maj 0.5s, F:7 0.5s, Bb:maj 1.5s, D:7 0.5s, G:min 1.5s, C:7 1.5s, F:7 1.0s, C:min7 0.5s, F:7 1.5s, Bb:maj 1.5s, Bb:aug 1.5s, Eb:maj 1.5s, Bb:maj 3.0s, F:7 0.5s, Eb:maj6 0.5s, F:7 0.5s, Bb:maj 1.0s, Eb:maj 0.5s, Bb:maj 3.0s, Eb:min 1.5s, Bb:maj 3.0s, Eb:maj 3.0s, Bb:maj 2.5s, F:dim 0.5s"
1439,F:major,"B:dim 1.0s, Bb:maj6 1.0s, F:maj6/3 1.0s, F:maj6 1.0s, B:dim 1.0s, Bb:maj6 1.0s, F:maj6/3 1.0s, F:maj6 1.0s, B:dim 1.0s, Bb:maj6 1.0s, F:maj6/3 1.0s, F:maj6 1.0s, G:9 1.0s, C:9 0.8s, C:(3,#5,b7,9) 0.2s, F:maj6 2.0s, B:dim 1.0s, Bb:maj6 1.0s, F:maj6/3 1.0s, F:maj6 1.0s, B:dim 1.0s, Bb:maj6 1.0s, F:maj6/3 1.0s, F:maj6 1.0s, B:dim 1.0s, Bb:maj6 1.0s, F:maj6/3 1.0s, F:maj6 1.0s, G:9 1.0s, C:9 0.8s, C:(3,#5,b7,9) 0.2s, F:maj6 1.0s, F:7 1.0s, Bb:maj6 2.0s, B:dim 2.0s, F:maj6 2.0s, C:min7 1.0s, F:9 1.0s, Bb:maj6 2.0s, B:dim 2.0s, F:maj6 1.0s, D:7(b9) 1.0s, G:hdim7 1.0s, C:7 1.0s, B:dim 1.0s, Bb:maj6 1.0s, F:maj6/3 1.0s, F:maj6 1.0s, B:dim 1.0s, Bb:maj6 1.0s, F:maj6/3 1.0s, F:maj6 1.0s, B:dim 1.0s, Bb:maj6 1.0s, F:maj6/3 1.0s, F:maj6 1.0s"
419,Eb:major,"Eb:maj 3.0s, Bb:7 6.0s, Eb:maj 3.0s, C:7 1.5s, Bb:maj 3.0s, F:7 2.0s, C:7 0.5s, F:7 0.5s, Bb:7 1.5s, Eb:maj 3.0s, Bb:7 6.0s, Eb:maj 4.5s, C:7 1.5s, Bb:maj 3.0s, F:7 3.0s, Bb:7 3.0s, Ab:maj 3.0s, Eb:maj 3.0s, F:7 3.0s, F:min7 1.5s, Bb:7 1.5s, Eb:7 3.0s"
3248,Ab:major,"Ab:dim 1.5s, Ab:maj 2.5s, Ab:dim 2.0s, Ab:maj6 2.0s, Ab:7(b9) 2.0s, Eb:9 4.0s, Eb:9 2.0s, Ab:maj 4.0s, Db:maj 2.0s, Ab:maj 2.0s, F:min 4.0s, Bb:7 2.0s, Eb:7 2.0s, Ab:dim 1.5s, Ab:maj 2.5s, Ab:dim 2.0s, Ab:maj6 2.0s, Ab:7(b9) 2.0s, Eb:9 2.0s, Ab:7(b9) 2.0s, Eb:9 2.0s, Ab:maj 4.0s, Bb:7 2.0s, Eb:7 2.0s, C:min 1.5s, F:min 0.5s, Bb:min7 1.5s, Eb:7 0.5s"
1855,A:major,"A:maj 2.0s, E:maj 2.0s, A:maj 2.0s, E:7 2.0s, A:maj 1.0s, E:maj 1.0s, F#:min 1.0s, A:maj/b7 1.0s, D:maj 1.0s, D:min 1.0s, A:maj 3.0s, E:maj 1.0s, F#:min 1.0s, A:maj/b7 1.0s, D:maj 1.0s, D:min 1.0s, A:maj 2.0s, F#:min 2.0s, D:maj 2.0s, G:maj 2.0s, A:maj 2.0s, F#:min 2.0s, B:7 2.0s, D:min 2.0s, A:maj 4.0s, E:maj 2.0s, A:maj 2.0s, A:maj 1.0s, E:maj 1.0s, F#:min 1.0s, A:maj/b7 1.0s, D:maj 1.0s, D:min 1.0s, A:maj 3.0s, E:maj 1.0s, F#:(5) 0.8s, A:7 1.2s, D:maj 1.0s, D:min 1.0s"
6134,Eb:major,"Eb:maj 1.0s, Bb:aug 1.0s, Eb:maj 1.0s, Bb:aug 1.0s, Eb:maj 2.0s, Eb:maj/3 0.5s, Cb:7/5 0.5s, F:min7/4 1.0s, F:min 1.0s, E:dim/b6 1.0s, F:min 1.0s, E:dim/b6 1.0s, F:7 2.0s, F:min7/4 1.0s, Bb:7 1.0s, Eb:maj 1.0s, Bb:aug 1.0s, Eb:maj 1.0s, Bb:aug 1.0s, Eb:maj 2.0s, Eb:maj/3 0.5s, Cb:7/5 0.5s, F:min7/4 1.0s, F:7 2.0s, Bb:maj 1.0s, G:7 1.0s, C:7 1.0s, F:7 1.0s, F:min7 0.5s, F:hdim7 0.5s, Bb:7 1.0s, Eb:maj 2.0s, C:aug 1.0s, C:7 1.0s, F:min 1.0s, C:(3,#5,b7) 1.0s, F:min7 1.5s, C:7 0.5s, F:min7/4 1.5s, Bb:7 0.5s, F:9/5 1.0s, Bb:7 1.0s, Eb:maj 1.0s, F:7 1.0s, Bb:maj 0.5s, C:min 0.5s, C#:dim7 0.5s, Bb:7/3 0.5s, Eb:maj 1.5s, G:hdim7 0.5s, Db:7 1.0s, C:7 1.0s, F:min7 1.0s, C:(3,#5,b7) 1.0s, F:min7 1.5s, C:7 0.5s, F:min7 1.0s, F#:dim7 1.0s, G:min7 1.0s, C:7 1.0s"
895,G:major,"G:maj 4.0s, C:9 4.0s, G:maj7 2.2s, G:maj6 1.8s, C:9 8.0s, G:maj7 4.0s, F:maj6 4.0s, A:min7 3.0s, D:7 1.0s, G:maj 4.0s, C:9 4.0s, G:maj7 2.2s, G:maj6 1.8s, C:9 8.0s, G:maj7 4.0s, F:maj6 4.0s"
6218,F:major,"F:9 1.7s, C:7(#9) 2.2s, F:9 1.7s, C:7 1.8s, C:(3,#5,b7) 0.5s, F:9 1.8s, Ab:min7 1.0s, Db:9 1.5s, Ab:(b3,5,b7,9,11) 0.5s, Db:7 1.2s, Db:min7 0.8s, Gb:9 1.0s, F:9 2.0s, C:7(#9) 2.2s, F:9 1.8s, C:7 1.8s, C:(3,#5,b7) 0.5s, F:9 1.8s, Bb:(b3,5,b7,9,11) 1.0s, Eb:7 1.5s, B:maj7(#11) 2.0s, C:7(#9) 1.5s, F:9 0.2s, F:9 1.8s, C:7(#9) 2.2s, F:9 1.8s, C:7 1.8s, C:(3,#5,b7) 0.5s, F:9 1.8s, Ab:min7 1.0s, Db:9 1.5s, Ab:(b3,5,b7,9,11) 0.5s, Db:7 1.2s, Db:min7 0.8s, Gb:9 1.0s, F:9 2.0s, C:7(#9) 2.2s, F:9 1.8s, C:7 1.8s, C:(3,#5,b7) 0.5s, F:9 1.8s, Bb:(b3,5,b7,9,11) 1.0s, Eb:7 1.2s"
3457,C:major,"C:maj 1.0s, G:maj 1.0s, A:min 2.0s, G:maj 1.0s, D:min7 1.0s, A:min 2.0s, C:maj 1.0s, G:maj 1.0s, A:min 2.0s, G:maj 1.0s, D:min7 1.0s, A:min 2.0s, D:maj 1.0s, G:maj 1.0s, A:min 2.0s, D:maj 1.0s, G:maj 1.0s, A:min 1.0s, G:maj 1.0s, C:maj 1.0s, G:maj 1.0s, A:min 2.0s, G:maj 1.0s, D:min7 1.0s, A:min 2.0s, C:maj 1.0s, G:maj 1.0s, A:min 2.0s, G:maj 1.0s, D:min7 1.0s, A:min 2.0s, D:maj 1.0s, G:maj 1.0s, A:min 2.0s, D:maj 1.0s, G:maj 1.0s, A:min 1.0s, G:maj 1.0s, D:maj 1.0s, G:maj 1.0s, A:min 2.0s, G:maj 2.0s, F:maj 4.0s, D:maj 0.5s, G:maj 1.5s"
6235,G:major,"G:(*3,*5) 3.0s, G:maj 0.5s, Bb:maj 0.5s, A:maj 1.0s, D:maj 2.0s, A:maj 1.0s, D:maj 1.0s, A:maj 1.0s, D:maj 2.0s, G:(*3,*5) 2.0s, D:maj 2.0s, G:(*3,*5) 3.0s, G:maj 0.5s, Bb:maj 0.5s, A:maj 1.0s, D:maj 2.0s, A:maj 1.0s, D:maj 1.0s, A:maj 1.0s, D:maj 2.0s, G:(*3,*5) 2.0s, F#:maj 2.0s, B:maj 4.0s, E:maj 2.0s, G:maj 0.5s, E:maj 1.5s, A:maj 5.0s, C:maj 1.0s, D:maj 2.0s, G:(*3,*5) 3.0s, G:maj 0.5s, Bb:maj 0.5s, A:maj 1.0s, D:maj 2.0s, A:maj 1.0s, D:maj 1.0s, A:maj 1.0s, D:maj 2.0s"
6084,G:minor,"G:min 1.5s, C:min/5 1.5s, G:min7 1.5s, C:min/5 1.5s, G:min 1.5s, C:min/5 1.5s, G:min7 1.2s, C:min/5 0.2s, G:min 3.0s, C:min/5 1.5s, G:min7 1.5s, G:7 1.5s, C:min 1.5s, Bb:maj/3 1.0s, C:min7 0.5s, G:min 1.0s, G:min6 0.5s, C:min 3.0s, G:min 1.5s, C:min/5 1.5s, G:min7 1.5s, C:min/5 1.5s, G:min 1.5s, C:min/5 1.5s, G:min7 1.2s, C:min/5 0.2s, G:min 3.0s, C:min/5 1.5s, G:min7 1.5s, G:7 1.5s, C:min 1.5s, Bb:maj/3 1.0s, C:min7 0.5s, G:min 1.0s, G:min6 0.5s, C:min 3.0s, G:min 1.5s, C:min/5 1.5s, G:min7 1.5s, C:min/5 1.5s, G:min 1.5s, C:min/5 1.5s"
1605,A:major,"E:(*3,*5) 1.0s, B:maj 1.0s, A:(*3,*5) 3.0s, Gb:maj 1.0s, E:(*3,*5) 3.0s, B:maj 1.0s, E:(*3,*5) 3.0s, B:maj 1.0s, A:(*3,*5) 2.0s, E:(*3,*5) 1.0s, B:maj 1.0s, A:(*3,*5) 3.0s, F#:maj 1.0s, E:(*3,*5) 3.0s, B:maj 1.0s, E:(*3,*5) 3.0s, B:maj 1.0s, A:(*3,*5) 2.0s, A:maj 2.0s, D:(*3,*5) 3.0s, B:maj 1.0s, A:(*3,*5) 2.0s, A:maj 2.0s, D:(*3,*5) 3.0s, A:maj 1.0s, E:maj 3.0s, B:maj 1.0s, A:(*3,*5) 3.0s, F#:maj 1.0s, E:(*3,*5) 3.0s, B:maj 1.0s, E:(*3,*5) 2.0s"
2645,C:major,"F:maj 4.0s, G:min7 2.0s, C:maj 2.0s, G:min 2.0s, C:7 2.0s, F:maj 4.0s, F:7 4.0s, Bb:maj 4.0s, D:min7 1.0s, G:7 3.0s, G:min7 1.0s, C:7 3.0s, D:7 1.0s, G:min 3.0s, C:7 1.0s, F:7 3.0s, Bb:maj 2.0s, G:7 4.0s, C:maj 6.0s, F:maj 4.0s, G:min7 2.0s, C:7 2.0s"
4359,F:major,"F:maj 2.0s, C:maj 2.0s, C:(3,5,b7,9,11) 1.8s, C:7 0.2s, F:maj 2.0s, Bb:maj 2.5s, F:maj 1.5s, C:maj 2.0s, F:maj 2.0s, F:maj 2.0s, C:maj 2.0s, C:(3,5,b7,9,11) 1.5s, C:7 0.5s, F:maj 2.0s, Bb:maj 2.0s, F:maj 2.0s, C:7 2.0s, F:maj 2.0s, F:7 2.0s, Bb:maj 1.0s, Bb:maj7 1.0s, G:min7 2.0s, C:7 2.0s, F:maj 2.0s, F:7 2.0s, Bb:maj 1.0s, Bb:maj7 1.0s, G:min7 2.0s, C:7 2.0s, F:maj 2.0s, F:7 1.0s, C:7 4.0s, F:maj 1.0s, C:maj 1.0s, C:(3,5,b7,9,11) 0.5s, C:7 0.5s"
4451,G:major,"G:maj 3.0s, C:maj 1.5s, C:min 1.5s, G:maj 3.0s, D:7 3.0s, G:maj 3.0s, C:maj 1.5s, C:min 1.5s, G:maj 1.5s, D:7 1.5s, G:maj 3.0s, G:maj 1.5s, D:7 1.5s, G:maj 6.0s, D:7 3.0s, G:maj 3.0s, C:maj 1.5s, C:min 1.5s, G:maj 1.5s, D:7 1.5s, G:maj 4.5s, G:maj 3.0s, C:maj 1.5s, C:min 1.5s, G:maj 3.0s, D:7 1.5s"
2706,Ab:major,"Ab:maj 4.0s, Ab:maj6 4.0s, Ab:maj7 1.0s, Bb:min7 1.0s, B:dim7 1.0s, C:min7 0.3s, F:7 0.7s, Bb:7 4.0s, Bb:min7 1.0s, Eb:7 1.0s, G:hdim7 1.0s, C:7 1.0s, F:min7 1.0s, F:min/b7 1.0s, D:hdim7 1.0s, G:7(b9) 1.0s, C:min7 1.0s, F:7 1.0s, Bb:7 2.0s, Bb:min7 2.0s, Eb:7 2.0s, Ab:maj 4.0s, Ab:maj6 4.0s, Ab:maj7 1.0s, Bb:min7 1.0s, B:dim7 1.0s, C:min7 0.3s, F:7 0.7s, Bb:7 4.0s, Bb:min7 1.0s, Eb:7 1.0s, G:hdim7 1.0s, C:7 1.0s, F:min7 1.0s, F:min/b7 1.0s, D:dim7 1.0s, G:7 1.0s, C:min7 1.0s, F:7 1.0s, Bb:min7 1.0s, Eb:7 1.0s"
5092,Bb:major,"Bb:maj 3.0s, Eb:maj 2.5s, C:maj 0.5s, F:7 3.0s, Bb:maj 6.0s, Eb:maj 2.5s, C:maj 0.5s, F:7 3.0s, Bb:maj 3.0s, F:7 3.0s, Bb:maj 3.0s, Eb:maj 3.0s, Bb:maj 6.0s, Eb:maj 3.0s, Bb:maj/5 1.5s, F:7 1.5s, Bb:maj 3.0s, Bb:maj 3.0s, Eb:maj 2.5s, C:maj 0.5s, F:7 3.0s, Bb:maj 3.0s"
5794,C:major,"C:maj 2.0s, F:maj 2.0s, C:maj 4.0s, G:7 4.0s, C:maj 2.0s, G:7 2.0s, C:maj 2.0s, F:maj 2.0s, C:maj 4.0s, G:7 4.0s, F:maj 2.0s, C:maj 2.0s, F:maj 4.0s, C:maj 4.0s, D:maj 4.0s, G:7 2.0s, G:maj 2.0s, C:maj 2.0s, F:maj 2.0s, C:maj 4.0s, G:7 4.0s"
2473,C:major,"C:maj6 1.0s, G:(3,#5,b7) 1.0s, C:maj6 1.5s, G:(3,#5,b7) 0.5s, C:maj6 1.0s, G:(3,#5,b7) 0.7s, F:7(#11) 0.3s, E:min7 1.5s, A:7 0.5s, D:min7 1.0s, G:7 1.0s, E:min7 1.0s, A:7 1.0s, D:min7 1.0s, G:7 1.0s, E:min7 1.0s, Eb:7(#11) 0.5s, D:min7 0.2s, G:7 0.5s, C:maj6 0.8s, G:(3,#5,b7) 1.0s, C:maj6 1.5s, G:(3,#5,b7) 0.5s, C:maj6 1.0s, G:(3,#5,b7) 0.5s, F:7(#11) 0.5s, E:min7 1.5s, A:7 0.5s, D:min7 1.0s, G:(3,#5,b7) 1.0s, E:min7 1.0s, A:7 1.0s, D:min7 1.0s, G:7 1.0s, C:maj7 2.2s, G:min7 0.8s, C:7 1.0s, G:min7 1.0s, C:7 1.0s, F:maj7 1.0s, C:7 1.0s, F:maj7 2.0s, A:min7 1.0s, D:7 1.0s, A:min7 1.0s, D:7 1.0s, A:min7 1.0s, D:7 1.0s, G:sus4 1.5s, G:7 0.8s, C:maj6 0.8s, G:(3,#5,b7) 1.0s, C:maj6 1.5s, G:(3,#5,b7) 0.5s, C:maj6 1.0s, G:(3,#5,b7) 1.0s, E:hdim7 1.5s, A:7(b13) 0.5s, D:min7 1.0s, G:7 1.0s, E:min7 1.0s, A:7 1.0s"
3278,C:major,"G:7 4.0s, C:maj 4.0s, G:7 4.0s, C:maj 4.0s, G:7 4.0s, C:maj 4.0s, G:7 4.0s, G:maj 2.0s, C:7 2.0s, F:maj 4.0s, C:maj 4.0s, G:maj 4.0s, A:min 1.0s, D:7 1.0s, G:maj 2.0s, G:7 4.0s, C:maj 4.0s, G:7 4.0s"
3967,C:major,"C:maj6 2.0s, E:7 2.0s, F:maj7 2.0s, B:min7(b5) 1.0s, E:7 1.0s, A:min7 2.0s, D:7 1.5s, Eb:dim7 0.5s, D:min7 1.0s, G:7 1.0s, E:min7 0.5s, A:7 0.5s, D:min7 0.5s, G:7 0.5s, C:maj6 2.0s, E:7 2.0s, F:maj7 2.0s, B:min7(b5) 1.0s, E:7 1.0s, A:min7 2.0s, D:7 1.0s, Eb:dim7 1.0s, D:min7 1.0s, G:7 1.0s, C:maj6 2.0s, G:min7 3.0s, C:7 1.0s, F:maj7 1.0s, C:7 1.0s, F:maj6 2.0s, A:min7 2.0s, D:7 2.0s, D:min7 2.0s, G:sus4(7,9) 1.0s, G:7 1.0s, C:maj6 2.0s, E:7 2.0s, F:maj7 2.0s, B:min7(b5) 1.0s, E:7 1.0s, A:min7 2.0s, D:7 1.5s, Eb:dim7 0.5s"
1028,D:major,"D:maj 0.8s, E:min/4 1.2s, D:maj 0.8s, E:min/4 1.2s, D:maj 0.7s, E:min/4 1.5s, D:maj 0.5s, A:7 1.2s, D:maj 2.0s, E:min/4 2.0s, D:maj 2.0s, E:min/4 2.0s, D:maj 2.0s, E:min/4 2.0s, D:maj 2.0s, D:7 2.0s, G:9 2.0s, G:min 2.0s, F#:min 2.0s, B:7 2.0s, E:min7 2.0s, G:min9 2.0s, A:sus4 2.0s, A:7 2.0s, D:maj 2.0s, E:min/4 2.0s, D:maj 2.0s, E:min/4 2.0s, D:maj7 2.0s, E:min/4 2.0s, D:maj 2.0s, D:7 2.0s, G:9 2.0s, G:min 2.0s"
86,F:major,"D:min 1.0s, A:min 0.5s, D:min 1.0s, A:min 0.5s, D:min 1.0s, A:min 0.5s, G:min6/6 0.5s, A:7 1.0s, D:min 3.0s, G:min 1.5s, D:min 4.5s, G:min6 1.5s, A:7 1.5s, D:min 3.0s, G:min 1.5s, D:min 1.5s, G:min 1.5s, F:maj 1.5s, A:maj 1.5s, A:7 0.5s, G:min6 0.5s, A:7 0.5s, D:maj 2.5s, A:maj 0.5s, D:maj 2.5s, A:maj 0.5s, B:min 1.5s, F#:min 1.0s, E:min7 0.5s, A:maj 2.0s, A:min 1.0s, D:min 2.5s, A:min 0.5s, D:min 2.5s, A:min 0.5s, D:min 1.0s, C:7 0.5s, F:maj 1.0s, A:min 0.5s, D:min 3.0s, F:maj 1.0s, A:min 0.5s, D:min 3.0s, D:min 0.8s, D:min 0.8s"
5276,Eb:major,"Eb:maj 4.0s, Bb:7 1.0s, Eb:maj 2.0s, Gb:dim 1.0s, F:min7 1.0s, Bb:7 6.5s, F:aug 0.5s, Bb:7 8.0s, Eb:maj 2.0s, Bb:7 5.0s, Gb:dim 0.5s, Bb:7 0.5s, Eb:maj 1.0s, Eb:7 3.0s, Ab:maj 4.0s, Ab:min6 4.0s, Eb:maj 3.5s, Bb:7 0.5s, Eb:maj 3.0s, G:7 1.0s, C:7 3.0s, Ab:dim 0.5s, C:7/5 0.5s, F:7 2.5s, Bb:7 1.5s"
1564,D:major,"D:maj 1.5s, D:7 1.5s, G:maj 1.5s, G:maj 1.5s, D:maj 1.5s, A:maj 1.5s, D:maj 1.5s, A:7 4.5s, G:maj 3.0s, D:maj 1.5s, A:maj 1.5s, D:maj 1.5s, D:7 1.5s, G:maj 1.5s, G:maj 1.5s, D:maj 1.5s, D:maj 1.5s, A:7 1.5s, A:7 1.5s, D:maj 1.5s, D:7/3 1.0s, D:7 0.5s, G:maj 1.5s, E:min 1.5s, F#:min 1.5s, B:min7 1.5s, E:maj 1.5s, E:maj 1.5s, A:maj 1.5s, A:maj 1.5s, D:maj 1.5s, D:7 1.5s, G:maj 1.5s, G:maj 1.5s, D:maj 1.5s, A:maj 1.5s, D:maj 1.5s, A:7 1.5s"
5940,G:major,"G:maj 0.5s, D:7 0.5s, G:maj 1.0s, B:7 1.0s, E:min7 1.0s, A:7 0.5s, E:7 0.5s, A:7 1.0s, E:(b3,5,b7,9,11) 0.8s, A:sus4(7,9) 1.2s, D:7 0.5s, A:7 0.5s, D:7 1.0s, A:min7 1.0s, D:(3,5,b7,9,11,13) 1.0s, G:maj 1.0s, E:min7 1.0s, A:min7 1.0s, D:7 1.0s, A:min 1.0s, C:maj/3 1.0s, A:9 0.2s, D:7 0.5s, G:maj6 1.2s, F#:min7 1.0s, B:7 1.0s, F#:min7 1.0s, B:7 1.0s, F#:min7 1.0s, B:7 1.0s, E:min 0.2s, B:7 0.5s, E:min 1.2s, A:7 2.0s, E:min7 1.0s, A:7 1.0s, E:min7 1.0s, A:7 1.0s, D:7 1.0s, D:7(b9) 1.0s, G:maj 0.5s, D:7 0.5s, G:maj 1.0s, B:7 1.0s, E:min7 1.0s, A:7 0.5s, E:7 0.5s, A:7 1.0s, E:(b3,5,b7,9,11) 0.8s, A:sus4(7,9) 1.2s, D:7 0.5s, A:7 0.5s, D:7 1.0s, A:min7 1.0s, D:(3,5,b7,9,11,13) 1.0s, A:min 1.0s, C:maj/3 1.0s, A:9 0.2s, D:7 0.5s, G:maj 1.2s"
992,Eb:major,"C:min7 6.0s, C:min7 6.0s, F:min7 6.0s, C:min7 6.0s, F#:hdim7 1.5s, F:7(#11) 1.5s, E:7(b5,#9) 1.5s, A:7(b5,#9) 1.5s, C:min7 6.0s, C:min7 12.0s, F:min7 6.0s, C:min7 6.0s"
3371,Bb:major,"G:min7 1.0s, C:9 3.0s, F:7 1.0s, F:aug 3.0s, F:min7 1.0s, Bb:9 1.0s, F:min7 1.0s, Bb:9 1.0s, D:hdim7 2.0s, G:7 2.0s, G:min7 1.0s, C:9 1.0s, G:min7 1.2s, C:9 0.8s, C:min9 1.0s, F:9 1.0s, C:min9 1.0s, F:9 1.0s, Bb:maj6 1.0s, F:7 1.0s, F:aug 1.0s, Bb:maj 1.0s, C:min7 1.0s, E:dim 1.0s, F:7 1.0s, Bb:maj 1.0s, G:min7 1.0s, C:9 3.0s, F:7 1.0s, F:aug 3.0s, F:min7 1.0s, Bb:9 3.0s, D:hdim7 2.0s, G:7/3 1.0s, G:7 1.0s, G:min7 1.0s, C:9 1.0s, G:min7 1.0s, C:9 1.0s, Eb:maj 4.0s, G:min7 1.0s, C:9 1.0s, C:min7 1.0s, F:7(b9) 1.0s"
5550,Eb:major,"Eb:maj 5.0s, E:dim7 1.0s, Bb:7 2.0s, Eb:maj 5.0s, Bb:(3,#5,b7) 1.0s, Eb:maj 2.0s, Eb:7 2.0s, Ab:maj 2.0s, C:7 2.0s, F:9 1.0s, Bb:7 1.0s, Eb:maj 1.0s, Bb:min/b3 1.0s, C:7 2.0s, F:9 1.0s, Bb:7 1.0s, Eb:maj 4.0s, Eb:maj 5.0s, E:dim7 1.0s, Bb:7 2.0s, Eb:maj 5.0s, Bb:(3,#5,b7) 1.0s, Eb:maj 2.0s, Eb:7 2.0s, Ab:maj 2.0s, C:7 2.0s, F:9 1.0s, Bb:7 1.0s, Eb:maj 1.0s, Bb:min/b3 1.0s"
3780,Eb:major,"Eb:maj6 0.8s, F:min7 1.0s, Bb:7 1.0s, G:min7 1.0s, C:7 1.0s, F:min7 1.0s, Bb:7 1.0s, Eb:maj7 1.0s, C:7 1.0s, F:min7 1.0s, Bb:7 1.0s, G:min7 1.0s, C:7 1.0s, F:min7 1.0s, Bb:7 1.0s, Eb:maj7 1.0s, C:7 1.0s, Eb:maj7 1.0s, Eb:7 1.0s, Ab:maj7 1.0s, Ab:min7 1.0s, G:min7 1.0s, C:7 1.0s, F:min7 1.0s, Bb:7 1.0s, Eb:maj7 1.0s, Eb:7 1.0s, Ab:maj 1.0s, Ab:min7 1.0s, G:min7 1.0s, C:7 1.0s, F:min7 1.0s, Bb:7 1.0s, G:min7 1.0s, C:7 1.0s, F:min7 1.0s, Bb:7 1.0s, Eb:maj7 1.0s, C:7 1.0s, F:min7 1.0s, Bb:7 1.0s, Eb:maj7 1.0s, C:7 1.0s, F:min7 1.0s, Ab:min7 1.0s, G:min7 1.0s, C:7 1.0s, F:min7 1.0s, Bb:7 1.0s, Eb:maj7 3.0s"
3580,C:major,"C:maj 5.0s, F:maj 2.0s, G:maj 6.0s, C:maj 8.0s, F:maj 2.0s, G:maj 6.0s, C:maj 5.5s, F:maj 4.5s, G:maj 3.5s, C:maj 5.5s, F:maj 5.0s, F:maj 2.0s, C:maj 2.0s"
5175,C:major,"G:maj 4.0s, A:min 4.0s, C:maj 2.0s, D:7 2.0s, G:maj 6.0s, A:min 4.0s, C:maj 2.0s, D:7 2.0s, G:maj 2.0s, C:maj 0.5s, G:maj 1.5s, A:min 2.0s, D:7 2.0s, G:maj 2.0s, E:min 2.0s, A:min 2.0s, D:7 2.0s, E:min 2.0s, A:7 2.0s, A:min 1.0s, D:7 1.0s, G:maj 4.0s, G:maj 4.0s, A:min 4.0s"
3190,F:major,"F:maj 0.5s, C:7 0.2s, F:maj 0.2s, C:7 0.5s, F:maj 0.8s, F:7 0.2s, Bb:maj 0.2s, F:dim 0.2s, F:maj 0.2s, G:min 0.1s, A:min 0.2s, C:7 0.1s, F:maj 0.8s, Bb:maj 0.2s, F:maj 0.8s, Bb:maj 0.2s, F:maj 0.4s, C:7 0.1s, F:maj 0.5s, C:7 0.3s, F:maj 0.2s, C:7 0.5s, F:maj 0.8s, F:7 0.2s, Bb:maj 0.2s, F:maj 0.1s, F:dim 0.2s, F:maj 0.2s, G:min 0.1s, A:min 0.2s, C:7 0.1s, F:maj 0.5s"
507,F:major,"F:maj 1.0s, C:7 1.0s, F:maj 1.0s, C:7 1.0s, F:maj 2.0s, D:min 1.0s, D:min7 1.0s, G:7 1.0s, E:min 0.5s, G:maj 0.5s, G:7 2.0s, G:min7 0.5s, Bb:min 0.5s, C:7 2.0s, C:(3,#5,b7) 1.0s, F:maj 2.0s, Db:7 2.0s, F:maj 1.0s, F:7 0.5s, E:7 0.5s, Eb:7 1.5s, D:7 0.5s, G:7 2.0s, C:9 1.5s, C:aug 0.5s, F:9 1.0s, F:dim 1.0s, G:min7 1.0s, C:7 0.5s, C:(3,#5,b7) 0.5s, F:maj 2.0s, Db:7 2.0s, F:maj 1.0s, F:7 0.5s, E:7 0.5s, Eb:7 1.5s, D:7 0.5s, G:7 2.0s, C:9 1.5s, Bb:7 0.5s, F:maj 0.5s, Eb:maj7 1.5s, C:min7 1.5s, F:dim 0.5s, F:7 2.0s, F:7 1.8s, F:aug 0.2s, Bb:maj 1.0s, G:dim 1.0s, G:7 2.0s, G:7 2.0s, G:7 2.0s"
2852,G:major,"G:maj6(9) 1.0s, C:9 1.0s, B:min7 1.5s, E:7(b9) 0.5s, A:min7 1.0s, D:9 0.5s, C:9 0.5s, B:hdim7 0.7s, E:7(b9) 0.7s, A:min7 0.2s, D:9(#5) 0.5s, G:maj6(9) 1.0s, C:9 1.0s, B:min7 1.5s, E:7(b9) 0.5s, A:min9 2.0s, G:maj6(9) 2.0s, D:min7 1.0s, G:9 1.0s, C:maj7 1.0s, A:min7 1.0s, B:7 1.0s, E:7(#9) 1.0s, A:7 1.0s, Eb:9 0.5s, D:9 0.5s, G:maj7 1.0s, C:9 1.0s, G:maj6(9) 1.0s, C:9 1.0s, D:maj6/5 1.0s, C:9 0.8s, B:7 0.2s, E:min7 0.5s, A:(3,5,b7,9,11,13) 0.5s, D:7 1.0s, G:maj6 2.0s, B:7 1.0s, E:min7 1.0s, A:(3,5,b7,9,11,13) 1.0s, E:min9 1.0s, A:(3,5,b7,9,11,13) 2.0s, A:min7 2.0s, B:(3,#5,b7) 0.5s, E:7(b5) 0.5s, A:7(b9) 0.5s, D:(3,5,b7,9,11,13) 0.5s, G:maj 1.0s, E:min7 1.0s, A:min7 1.0s, D:7 1.0s, G:maj6 2.0s, B:7 1.0s, E:min7 1.0s, A:9 1.0s, E:min7 1.0s, A:(3,5,b7,9,11,13) 2.0s, A:min7 2.0s, B:(3,#5,b7) 0.5s, E:7(b9) 0.5s, A:7(b9) 0.5s, D:(3,5,b7,9,11,13) 0.5s"
4212,C:major,"G:min 2.0s, C:7 2.0s, F:maj 4.0s, G:min7 2.0s, C:7 2.0s, F:maj 2.0s, F:7 2.0s, Bb:maj 2.0s, Bb:min 2.0s, F:maj 2.0s, D:7 2.0s, G:7 4.0s, C:7 4.0s, G:min 2.0s, C:7 2.0s, F:maj 4.0s, G:min 2.0s, C:maj 2.0s, A:7 4.0s, D:7 4.0s, G:min 6.0s, C:7 2.0s"
5633,C:major,"C:maj 3.0s, F:maj 3.0s, G:7 3.0s, C:maj 6.0s, F:maj 3.0s, G:7 3.0s, C:maj 4.5s, C:maj 1.5s, F:maj 0.5s, C:maj 1.0s, F:maj 1.5s, C:maj 1.5s, G:7 3.0s, C:maj 1.0s, F:maj 0.5s, C:maj 1.5s, C:maj 1.5s, F:maj 0.5s, C:maj 1.0s, F:maj 1.5s, C:maj 1.5s, G:7 3.0s, C:maj 3.0s, C:maj 3.0s, F:maj 3.0s, G:7 3.0s, C:maj 1.5s"
310,F:major,"F:maj 4.0s, F:maj 0.5s, C:7 0.5s, F:maj 0.5s, C:7 0.5s, F:maj 2.0s, G:min7 1.0s, F:maj/5 0.5s, C:7 0.5s, F:maj 6.0s, F:maj 0.5s, C:7 0.5s, F:maj 0.5s, C:7 0.5s, F:maj 2.0s, G:min7 1.0s, F:maj/5 0.5s, C:7 0.5s, F:maj 2.0s, C:maj 1.0s, G:7 1.0s, C:maj 2.0s, A:min 1.0s, E:7 0.5s, C:7 0.5s, F:maj 0.5s, F:maj/3 0.5s, Bb:maj 0.5s, A:min/b3 0.5s, F:maj 0.5s, F:maj/3 0.5s, Bb:maj 0.5s, A:min/b3 0.5s, F:maj 0.5s, F:maj/3 0.5s, Bb:maj 0.5s, A:min/b3 0.5s, F:maj 0.5s, F:maj/3 0.5s, Bb:maj 0.5s, A:min/b3 0.5s, F:maj 0.5s, F:maj/3 0.5s, Bb:maj 0.5s, A:min/b3 0.5s, F:maj 0.5s, F:maj/3 0.5s, Bb:maj 0.5s, A:min/b3 0.5s, F:maj 0.5s, F:maj/3 0.5s, Bb:maj 0.5s, A:min/b3 0.5s, F:maj 0.5s, F:maj/3 0.5s, Bb:maj 0.5s, A:min/b3 0.5s, F:maj 0.5s, F:maj/3 0.5s, Bb:maj 0.5s, A:min/b3 0.5s, F:maj 0.5s, F:maj/3 0.5s, F:maj/5 1.0s, C:7/5 0.5s, C:7 0.5s, F#:dim 1.0s, G:min 1.0s, C:7 3.0s, F:maj6 2.0s, C:7 1.0s, F#:dim 1.0s"
1142,C:minor,"C:min 1.0s, F:min 1.0s, C:min 2.0s, Ab:maj 1.0s, Bb:maj 1.0s, Eb:maj 2.0s, Ab:maj 1.0s, Bb:maj 1.0s, C:min 1.0s, F:min 1.0s, C:min 1.0s, G:maj 1.0s, C:min 2.0s, Ab:maj 1.0s, Bb:maj 1.0s, C:min 1.0s, F:min 1.0s, C:min 1.0s, G:maj 1.0s, C:min 1.5s"
6296,C:major,"C:min7 2.0s, C:min6 2.0s, F:min7 2.0s, F:min6 2.0s, F:min7 2.0s, F:hdim7 2.0s, D:hdim7 2.0s, G:7(b9) 2.0s, C:min7 2.0s, C:min6 2.0s, F:min7 2.0s, F:min6 2.0s, F:min7 2.0s, F:dim7 2.0s, C:min6 1.0s, C:maj 1.0s, C:min6 2.0s, C:min7 2.0s, C:min6 2.0s, F:min7 2.0s, F:min6 2.0s, F:min7 2.0s, F:hdim7 2.0s, D:hdim7 2.0s, G:7(b9) 2.0s, C:min7 2.0s, C:min6 2.0s, F:min7 2.0s, F:min6 2.0s, F:min7 2.0s, F:dim7 2.0s"
3349,G:major,"G:maj 2.0s, D:7 2.0s, G:maj 2.0s, D:7 2.0s, G:7 1.0s, C:maj 1.0s, E:7 1.0s, A:min 2.0s, A:dim 1.0s, D:7 2.0s, G:maj 2.0s, D:7 2.0s, G:maj 2.0s, D:7 2.0s, G:7 1.0s, C:maj 1.0s, E:7 1.0s, A:min 2.0s, A:dim 1.0s, D:7 1.0s, G:maj 1.0s, Eb:7 1.0s, Ab:maj 1.0s, Eb:7 1.0s, Ab:maj 1.0s, E:7 1.0s, A:maj 1.0s, E:7 1.0s, A:maj 1.0s, F:7 1.0s, Bb:maj 1.0s, Gb:7 1.0s, B:maj 1.0s, G:7 1.0s, C:maj 1.0s, G:7 1.0s, C:maj 1.0s, Ab:maj 2.0s, G:7 2.0s, Gb:7 2.0s, F:7 4.0s, D:7 2.0s"
6594,C:major,"C:maj6 2.0s, C:dim7 2.0s, D:min7 2.0s, G:7 2.0s, D:min7 1.0s, G:7 1.0s, D:min7 1.0s, G:7 1.0s, C:maj 1.0s, Eb:dim7 1.0s, D:min7 1.5s, G:7 0.5s, C:maj7 2.0s, C:dim7 2.0s, D:min7 2.0s, G:7 2.0s, D:min7 1.0s, G:7 1.0s, D:min7 1.0s, G:7 1.0s, C:maj7 1.0s, F:7 1.0s, C:maj7 2.0s, D:min7 1.0s, C#:dim7 1.0s, D:min7 1.5s, G:7 0.5s, C:maj7 1.0s, E:7 1.0s, A:min7 2.0s, D:7 4.0s, G:7 4.0s, C:maj7 2.0s, C:dim7 2.0s, D:min7 2.0s, G:7 2.0s, D:min7 1.0s, G:7 1.0s, D:min7 1.0s, G:7 1.0s"
1376,C:major,"C:maj7 2.0s, F:min7 0.8s, Bb:7 1.2s, C:7 1.0s, Bb:7 1.0s, A:7 2.0s, D:7 2.5s, G:7 1.5s, E:min7 0.8s, A:7 1.2s, D:min7 1.0s, G:7 1.0s, C:maj7 2.0s, F:min7 0.8s, Bb:7 1.2s, C:7 1.0s, Bb:7 1.0s, A:7 2.0s, D:7 2.5s, G:7 1.5s, C:maj7 2.0s, C:maj7 1.0s, B:7 1.0s, E:min7 2.0s, F:dim7 0.5s, B:7 1.5s, E:min7 2.0s, A:7 2.0s, D:min7 2.0s, E:dim7 1.0s, A:7 1.0s, D:7 2.0s, D:min7 1.0s, G:7 1.0s, C:maj7 2.0s, F:min7 0.8s, Bb:7 1.2s, C:7 1.0s, Bb:7 1.0s, A:7 2.0s, D:7 2.0s, D:min7 1.0s, G:7 1.0s"
2348,C:major,"C:maj 0.8s, C:maj/5 1.2s, C:maj 0.8s, C:maj/5 1.2s, C:maj 1.0s, C:maj/5 1.0s, C:maj 2.0s, C:maj 6.0s, G:7 2.0s, G:7 6.0s, C:maj 2.0s, C:maj 4.0s, C:7 2.0s, F:maj 2.0s, F:maj 0.8s, Ab:7 1.2s, C:maj 0.8s, A:7 1.2s, D:7 1.2s, G:7 0.8s, C:maj 2.0s, A:min 4.0s, G:maj 2.0s, A:min 6.0s, E:maj 4.0s, A:min 4.0s"
6252,G:major,"G:maj 1.7s, D:maj 0.2s, G:maj 1.5s, D:maj 0.5s, G:maj 0.5s, B:min 0.5s, C:maj 1.0s, G:maj 0.5s, D:maj 0.5s, G:maj 1.0s, G:maj 1.8s, D:maj 0.2s, E:min 0.5s, G:maj 0.5s, A:7 1.0s, B:min 0.5s, A:7 0.5s, D:maj 1.0s, G:maj 0.5s, A:7 0.5s, D:maj 1.0s, G:maj 0.5s, D:7 0.5s, G:maj 1.0s, D:7 0.5s, G:maj 1.0s, D:maj 0.5s, G:maj 0.5s, D:7 0.5s, G:maj 1.0s, D:7 0.5s, G:maj 1.0s, D:maj 0.5s, C:maj 1.0s, E:7 1.0s, A:min 0.5s, E:7 0.5s, A:min 1.0s, D:7 1.0s, G:maj 1.5s, D:maj 0.5s, G:maj 1.0s, C:maj 1.0s, E:7 1.0s, A:min 0.5s, E:7 0.5s, A:min 1.0s, D:7 1.0s, G:maj 1.5s, D:maj 0.5s, G:maj 1.0s"
3303,C:major,"C:min 0.2s, E:7/5 0.3s, A:min 0.5s, D:min7 0.2s, G:7 0.2s, C:maj 0.5s, D:7/5 0.2s, C:maj 0.2s, E:7 0.5s, A:min 0.2s, D:7 0.2s, G:7 0.5s, C:maj 0.2s, A:min 0.2s, D:min7 0.2s, A:min 0.2s, D:min7 0.5s, G:7 0.5s, A:min 0.2s, D:min7 0.2s, C:maj 0.5s, G:7 0.5s, C:maj 0.8s, A:min 0.2s, D:min7 0.2s, A:min 0.2s, D:min7 0.5s, G:7 0.5s, A:min 0.2s, D:min7 0.2s, C:maj 0.5s, G:7 0.5s, C:maj 0.5s, F:maj 0.2s, F:min 0.2s, C:maj 0.6s, G:7 0.4s, C:maj 0.5s, F:maj 0.2s, F:min 0.2s, C:maj 0.5s, D:min7 0.2s, G:7 0.3s, C:maj 0.5s"
2295,G:major,"E:min 6.0s, B:7 2.0s, A:min 2.0s, E:min 2.0s, B:7 2.0s, E:min 2.0s, A:min 2.0s, E:min 2.0s, B:7 2.0s, E:min 1.2s"
4235,Eb:major,"Eb:dim 2.0s, Ab:maj6 2.0s, G:dim 2.0s, Ab:maj 2.0s, F:9 2.0s, Db:7 2.0s, Eb:maj7 0.5s, Eb:maj6 1.5s, F:min7 1.5s, Bb:7 0.5s, Eb:maj 2.0s, C:dim 2.0s, F:min7 2.0s, Bb:7 2.0s, Eb:maj 2.0s, Eb:dim 2.0s, F:min 2.0s, Bb:min 1.0s, C:(3,#5,b7) 0.5s, C:7 0.5s, Ab:maj6 2.0s, C:min6 2.0s, F:min7 3.0s, Bb:7 1.0s, Eb:maj 2.0s, C:dim 2.0s, F:min7 2.0s, Bb:7 2.0s, Eb:maj 2.0s, Eb:dim 2.0s, F:min 2.0s, Bb:min 1.0s, C:(3,#5,b7) 0.5s, C:7 0.5s, F:9 2.0s, Ab:maj 1.0s, Ab:min6 1.0s"
2531,Bb:major,"F:maj 2.0s, Eb:maj 2.0s, Bb:maj 2.0s, Eb:maj 1.8s, F:maj 2.2s, Eb:maj 2.0s, Bb:maj 2.0s, Eb:maj 2.0s, F:maj 2.0s, Eb:maj 2.0s, Bb:maj 1.8s, Eb:maj 2.2s, F:maj 1.8s, Eb:maj 2.2s, Bb:maj 2.0s, Eb:maj 1.8s, F:maj 4.2s, Bb:maj 2.0s, Eb:maj 2.0s, F:maj 2.0s, Eb:maj 2.0s, Bb:maj 2.0s, Eb:maj 2.0s, F:maj 2.0s, Eb:maj 2.0s, D:min 2.0s, Eb:maj 2.0s, D:min 2.0s, Eb:maj 2.0s"
796,F:major,"F:maj7 4.0s, G:7(b5) 4.0s, G:min7 2.0s, C:7 2.0s, A:hdim7 2.0s, D:7(b9) 2.0s, G:min7 2.0s, A:7(b9) 2.0s, D:7 2.0s, D:7(b9) 2.0s, G:7(b9) 4.0s, Gb:maj7 4.0s, F:maj7 4.0s, G:7(b5) 4.0s, G:min7 2.0s, C:7 2.0s, A:hdim7 2.0s, D:7(b9) 2.0s, G:min7 2.0s, Bb:min 2.0s, A:min7 2.0s, B:hdim7 1.0s, E:7(#9) 1.0s, A:maj7 2.0s, Bb:dim 2.0s"
287,C:major,"A:maj 2.0s, G:(*3,*5) 2.0s, A:maj 2.0s, G:(*3,*5) 2.0s, A:maj 2.0s, G:(*3,*5) 2.0s, A:maj 2.0s, G:(*3,*5) 2.0s, A:maj 2.0s, G:(*3,*5) 2.0s, A:maj 2.0s, G:(*3,*5) 2.0s, E:maj 2.0s, D:(*3,*5) 2.0s, E:maj 2.0s, D:(*3,*5) 2.0s, E:maj 2.0s, D:(*3,*5) 2.0s, E:maj 2.0s, D:(*3,*5) 1.0s, E:maj 1.0s, F:maj 2.0s, G:(*3,*5) 2.0s, F:maj 2.0s, G:(*3,*5) 2.0s, F:maj 2.0s, G:(*3,*5) 2.0s, F:maj 2.0s, G:(*3,*5) 2.0s, D:maj 2.0s, G:maj 2.0s"
6359,Bb:major,"F:7 1.0s, Bb:maj 1.5s, F:7 3.0s, Bb:maj 3.0s, F:7 3.0s, Bb:maj 1.5s, Bb:maj 1.5s, F:7 3.0s, Bb:maj 3.0s, F:7 3.0s, Bb:maj 1.5s, G:min 4.5s, D:7 1.5s, G:min 4.5s, D:7 0.8s, F:7 0.8s, Bb:maj 1.5s, F:7 3.0s, Bb:maj 3.0s, F:7 3.0s, Bb:maj 1.5s, Bb:maj 1.5s, F:7 3.0s, Bb:maj 3.0s, F:7 3.0s, Bb:maj 0.5s"
6589,D:major,"D:maj 4.0s, D:maj 4.0s, G:maj 4.0s, D:maj 4.0s, F#:min 4.0s, B:min 2.0s, G:maj 2.0s, D:maj 2.0s, A:maj 2.0s, D:maj 1.0s, G:maj 1.0s, D:maj 4.0s, D:maj 4.0s, D:maj 4.0s, G:maj 4.0s, D:maj 4.0s, F#:min 4.0s, B:min 2.0s, G:maj 2.0s, D:maj 2.0s"
5336,D:major,"D:maj 1.0s, D:maj 1.0s, G:min 2.0s, D:maj 3.0s, D:maj/7 1.0s, B:min 2.0s, E:min 2.0s, B:min 2.0s, E:min9 2.0s, B:min 4.0s, A:7 4.0s, D:maj 1.0s, D:maj 1.0s, G:min 2.0s, D:maj 3.0s, D:maj/7 1.0s, B:min 2.0s, E:min 2.0s, B:min 2.0s, E:min9 2.0s, B:min 4.0s, A:7 4.0s, D:maj 2.0s, G:maj 2.0s, D:maj 3.0s, D:maj/7 1.0s, B:min 2.0s, E:min 2.0s"
4125,C:major,"A:min 2.0s, C:maj6 2.0s, A:min 4.0s, C:maj6 2.0s, A:min 4.0s, C:maj6 2.0s, A:min 3.0s, C:maj6 1.0s, A:min 2.8s, C:maj6 1.2s, A:min 4.0s, C:maj6 2.0s, A:min 2.0s, G:maj 3.0s, D:maj 3.0s, G:maj 3.0s, D:maj 3.0s, C:maj 3.0s, D:maj 3.0s, C:maj 3.0s, D:maj 3.0s, A:min7 4.0s"
2327,C:minor,"C:min 0.0s, C:min 1.0s, D:(b3,*5) 0.0s, Ab:maj 0.0s, Ab:maj 0.5s, Ab:maj 0.5s, Bb:maj 0.5s, C:min 1.0s, Bb:maj 0.4s, Bb:maj 0.9s, C:min 0.4s, C:min 0.1s, C:min 0.4s, C:min 0.6s, D:(b3,*5) 1.0s, C:min 0.5s, Ab:maj 0.0s, Ab:maj 0.5s, Ab:maj 0.5s, Bb:maj 0.5s, Bb:maj 1.0s, Bb:maj 0.5s, C:min 0.0s, C:min 0.4s, C:min 0.1s, C:min 0.5s, C:min 1.0s, Ab:maj 1.0s, Bb:maj 1.0s, C:min 2.0s, Ab:maj 1.0s, Bb:maj 1.0s, C:min 2.0s, Ab:maj 1.0s, Bb:maj 1.0s, C:min 2.0s, Ab:maj 1.0s, Bb:maj 1.0s, C:min 1.0s, C:min 1.0s, Ab:maj 1.0s, Bb:maj 1.0s, C:min 2.0s, Ab:maj 1.0s, Bb:maj 1.0s, C:min 1.0s, C:min 1.0s, Ab:maj 1.0s, Bb:maj 1.0s, C:min 2.0s, Ab:maj 1.0s, Bb:maj 1.0s, C:min 2.0s, Ab:maj 1.0s, Bb:maj 1.0s, C:min 2.0s, Ab:maj 1.0s, Bb:maj 1.0s, C:min 1.0s, C:min 1.0s, Ab:maj 1.0s, Bb:maj 1.0s, C:min 2.0s, Ab:maj 1.0s, Bb:maj 1.0s, C:min 1.0s, C:min 0.2s"
3200,G:major,"E:min 8.0s, A:min 2.0s, B:7 2.0s, E:min 4.0s, E:min 8.0s, A:min 4.0s, B:7 2.5s, A:min 1.5s, B:7 8.0s, A:min 2.0s, B:7 4.0s, E:min 3.0s, B:7 5.0s, A:min 2.5s, B:7 1.5s, E:min 2.0s"
3257,F:major,"F:maj 4.0s, G:min7 1.0s, C:7 1.0s, G:min7 2.0s, C:7 4.0s, F:maj 1.0s, C:7 1.0s, F:maj 1.0s, C:7 1.0s, F:maj 4.0s, G:min7 1.0s, C:7 1.0s, G:min7 2.0s, C:7 4.0s, F:maj 1.0s, C:7 1.0s, F:maj 2.0s, F:7 4.0s, Bb:maj 1.0s, F:7 1.0s, Bb:maj 2.0s, D:7 4.0s, G:min 2.0s, C:7 2.0s, F:maj 4.0s, G:min7 1.0s, C:7 1.0s, G:min7 2.0s, C:7 4.0s"
4123,D:major,"D:maj 4.0s, E:7 2.0s, A:maj 2.0s, D:maj 8.0s, A:7 2.0s, D:maj 2.0s, A:maj/5 1.0s, E:7 1.0s, A:maj 2.0s, D:maj 8.0s, E:7 2.0s, D:maj/5 2.0s, A:7 2.0s, D:maj 2.0s, G:maj/5 4.0s, D:maj 4.0s, A:7 2.0s, D:maj/5 2.0s, A:7 2.0s, D:maj 2.0s, A:7 2.0s, D:maj 2.0s"
2312,C:major,"G:maj 2.0s, G:maj 1.0s, C:min 1.0s, G:maj 2.0s, C:maj(9) 1.0s, D:7 1.0s, G:maj(4) 1.0s, B:maj 1.0s, G:(3,5,7,9,11,13) 1.0s, C:min 1.0s, G:maj/5 2.0s, G:aug/5 2.0s, G:maj 2.0s, C:min7 1.0s, C:min6 1.0s, G:maj 2.0s, E:sus4 1.0s, D:maj/3 1.0s, B:min 1.0s, C:maj 1.0s, F:dim 1.0s, A:min 0.8s, B:maj 0.2s, C:maj7 0.5s, F:maj/5 2.0s, G:(3,5,b7,9,11) 2.5s, C:maj 3.0s, F:min6/b3 1.0s, C:maj 2.0s, E:maj/b7 1.8s, G#:dim 2.2s, A:min7/4 1.0s, B:dim 1.0s, G:maj 2.0s, D:min7/b7 1.0s, C:maj 1.0s, F:maj 1.5s, C:maj7 0.5s, F:maj/6 0.3s, F:min6 0.3s, G:9 0.3s, C:maj 3.0s, F:min6/b3 1.0s, C:maj 2.0s, F:maj(9) 1.0s, G:7 1.0s"
1664,Bb:major,"Bb:maj 1.5s, Bb:maj/3 1.5s, F:maj/b7 1.0s, Eb:maj 0.5s, C:min7 1.5s, F:7 3.0s, A:7/5 1.0s, A:7 0.5s, Bb:maj 3.0s, Bb:7 1.5s, Eb:maj 1.2s, D:min7 0.2s, C:min7 1.5s, F:7 1.5s, F:7 0.5s, Eb:maj/9 0.5s, F:7 0.5s, Bb:maj 3.0s, F:maj 1.5s, F:7 1.5s, Eb:maj 1.5s, Bb:maj 1.5s, Eb:maj 1.5s, Bb:maj 1.5s, C:7 1.5s, F:7 1.5s, Bb:maj 1.5s, Bb:maj/3 1.5s, F:maj/b7 1.0s, Eb:maj 0.5s, C:min7 1.5s, F:7 2.0s, Eb:maj/9 0.5s, F:7 0.5s, Bb:maj 3.0s, Bb:maj 1.5s, Bb:maj/3 1.5s, F:maj/b7 1.0s, Eb:maj 0.5s, C:min7 1.5s, F:7 3.0s, A:7/5 1.0s, A:7 0.5s, Bb:maj 1.5s"
1452,A:major,"A:maj 5.0s, D:maj/5 0.3s, E:maj/4 0.7s, D:maj/5 2.0s, A:(2,5) 4.0s, A:maj 6.0s, D:maj/5 2.0s, A:(2,5) 5.0s, D:maj/5 2.5s, E:maj 0.5s, A:maj 1.5s, E:maj/4 0.5s, A:maj 2.0s, D:maj/5 0.5s, A:maj 1.0s, F#:min 0.5s, E:sus4 1.0s, E:maj 1.0s, D:maj 3.5s, D:maj/3 0.2s, E:maj/3 0.2s, A:maj 1.5s, E:maj/4 0.5s, A:maj 2.0s, D:maj/5 1.0s, A:maj 0.5s, F#:min 0.5s, E:sus4 1.0s, E:maj 1.0s, D:maj 3.5s, D:maj/3 0.2s, E:maj/3 0.2s, A:maj 1.5s, E:maj/4 0.5s, A:maj 2.0s, D:maj/5 1.0s, A:maj 0.5s, F#:min 0.5s, E:sus4 1.0s, E:maj 1.0s"
924,C:major,"D:maj 2.0s, Bb:min7 1.0s, A:7(#5,#9,#11) 0.5s, Eb:7 0.5s, D:maj 2.0s, C:min7 1.0s, B:hdim7 1.0s, Bb:min7 1.0s, Eb:7(#11) 1.0s, Bb:maj 1.0s, Eb:7(#11) 1.0s, D:maj 1.0s, Db:7(#11) 1.0s, E:hdim7 2.0s, D:maj 2.0s, Bb:min7 1.0s, A:7(#5,#9,#11) 0.5s, Eb:7 0.5s, D:maj 2.0s, C:min7 1.0s, B:hdim7 1.0s, Bb:min7 1.0s, Eb:7(#11) 1.0s, Bb:maj 1.0s, Eb:7(#11) 1.0s, D:maj 1.0s, Db:7(#11) 1.0s, E:hdim7 2.0s, Bb:min7 1.0s, Eb:7(#11) 1.0s, Bb:min7 1.0s, Eb:7(#11) 1.0s, F:maj7 2.0s, D:min7 1.0s, Bb:7(#11) 2.0s, A:(3,#5,b7) 1.0s, Ab:7(#11) 1.0s, G:min7 1.0s, E:hdim7 1.0s, A:7(#9) 1.0s, Bb:maj 2.0s, D:maj 2.0s, Bb:min7 1.0s, A:7(#5,#9,#11) 0.5s, Eb:7 0.5s, D:maj 2.0s, C:min7 1.0s, B:hdim7 1.0s, Bb:min7 1.0s, Eb:7(#11) 1.0s, Bb:maj 1.0s, Eb:7(#11) 1.0s"
3063,F:major,"A:7 1.5s, D:min 1.5s, A:7 1.5s, D:min 3.0s, B:7 1.5s, C:maj 3.0s, D:7 1.5s, G:7 1.5s, A:7 1.5s, D:min 1.5s, C:maj 1.5s, G:7 1.5s, C:7 2.0s, F:maj 0.5s, Db:7 0.5s, G:min7 1.5s, C:7 1.5s, F:maj 1.5s, A:min 1.5s, G:min 1.5s, C:7 1.5s, F:maj 3.0s, A:7 1.5s, D:min 1.5s, C:maj 1.5s, A:min 1.5s, D:min7 1.5s, G:7 1.5s, G:min 1.5s, C:7 0.5s, F:maj 0.5s, Db:7 0.5s, G:min7 1.5s, C:7 1.5s, F:maj 1.5s, A:min 1.5s, G:min 1.5s, C:7 1.5s, A:min7 1.5s, D:7 1.5s"
368,Bb:major,"Bb:maj 2.2s, D:maj 0.2s, G:min 0.5s, C:7 0.5s, F:maj 0.5s, Bb:maj 2.0s, C:7 1.5s, F:7 0.5s, Bb:maj 0.5s, Bb:maj 0.5s, Eb:maj 0.5s, Bb:maj 0.5s, F:7 0.5s, Bb:maj 0.5s, C:7 0.5s, F:maj 0.5s, Bb:maj 0.2s, Bb:maj 0.2s, Bb:maj 0.5s, Eb:maj 0.2s, C:min7 0.2s, Eb:7 0.1s, D:maj 0.5s, G:7 0.5s, C:7 0.4s, E:dim 0.1s, Bb:maj 0.2s, F:7 0.2s, Bb:maj 0.5s"
4782,C:major,"A:min 8.0s, D:min7 4.0s, A:min 4.0s, D:min7 4.0s, A:min 4.0s, E:7 4.0s, A:min 1.5s, D:min7 0.5s, A:min 2.0s"
5250,F:major,"C:7 1.5s, F:maj 1.5s, C:7 1.5s, C:7 1.5s, F:maj 1.5s, F:maj 1.5s, F:maj 1.5s, F:maj 1.5s, F:maj 1.5s, F:maj 1.5s, C:7 1.5s, C:7 1.5s, C:7 1.5s, C:7 1.5s, C:7 1.5s, C:7 1.5s, C:7 1.5s, C:7 1.5s, F:maj 1.5s, F:maj 1.5s, F:maj 1.5s, F:maj 1.5s, F:maj 1.5s, F:maj 1.5s, D:7 1.5s, D:7 1.5s, G:min 1.5s, G:min 1.5s, C:7 1.5s, C:7 1.5s, F:maj 1.5s, F:maj 1.5s, F:maj 1.5s, C:7 1.5s, F:maj 1.5s, C:7 1.5s, F:maj 1.5s, F:maj 1.5s, C:7 1.5s, C:7 1.5s"
2520,C:major,"D:min7 2.0s, G:7 2.0s, C:maj 4.0s, D:min7 2.0s, G:7 2.0s, C:maj 4.0s, D:min7 2.0s, G:7 2.0s, C:maj 4.0s, D:min7 2.0s, G:7 2.0s, C:maj 4.0s, D:min7 2.0s, G:7 2.0s, C:maj 4.0s, D:min7 2.0s, G:7 2.0s, C:maj 4.0s, D:min7 2.0s, G:7 2.0s, C:maj 4.0s, D:min7 2.0s, G:7 2.0s"
5210,Bb:major,"Bb:maj 2.0s, G:dim 0.5s, Bb:maj 1.5s, D:min7 1.5s, G:min7 0.5s, D:7 1.5s, G:min 0.5s, C:9 3.0s, C:7 1.0s, C:9 4.0s, F:7 2.0s, D:dim 0.5s, F:7 1.5s, D:min 1.5s, F:7 0.5s, D:min 1.5s, F:7 0.5s, Bb:maj 2.0s, G:dim 2.0s, F:7 1.0s, D:dim 1.0s, F:7 1.0s, Eb:maj 0.5s, F:7 0.5s, Bb:7 1.5s, F:min7 0.5s, Bb:7 0.5s, F:min7 1.0s, Bb:7 0.5s, Eb:maj 0.5s, Bb:7 0.5s, C:dim 0.5s, Eb:maj 2.0s, Bb:min 0.5s, C:7 1.5s, G:min7 0.5s, C:7 0.5s, G:min7 1.0s, C:7 0.5s, F:7 0.5s, C:7 0.5s, F:dim 0.5s, F:7 2.5s, Bb:maj 2.0s, G:dim 0.5s, Bb:maj 1.5s, D:min7 1.5s, G:min7 0.5s, D:7 1.5s, G:min 0.5s, C:9 2.0s, Eb:maj 1.0s, F:9 1.0s"
6058,C:major,"C:maj/3 1.0s, C:dim7 1.0s, G:7/5 1.5s, G:maj 0.5s, E:7 1.0s, E:7(b5) 1.0s, A:7 1.0s, A:(3,#5,b7) 1.0s, D:9 1.0s, D:7 1.0s, G:7 2.0s, C:maj 1.0s, Eb:dim 1.0s, G:7 2.0s, C:maj 1.0s, C:dim7 1.0s, G:7 1.0s, F:maj/9 1.0s, C:7 2.0s, F:maj7 1.0s, F:maj 1.0s, D:7 2.0s, D:9 2.0s, G:7 2.0s, G:7 1.0s, G:(3,#5,b7) 1.0s, C:maj 4.0s, D:7 2.0s, A:min7 1.0s, D:7 1.0s, G:7 4.0s, C:maj 5.0s, C:maj6 1.0s, C:maj7 1.0s, C#:dim 1.0s, D:min7 2.0s, G:7 4.0s, D:min7 1.0s, G:(3,#5,b7) 1.0s"
2311,D:major,"D:maj 1.0s, B:min 1.0s, E:7 1.0s, A:7 1.0s, D:maj 1.0s, B:min 1.0s, E:7 1.0s, A:7 1.0s, D:maj 1.5s, D:7 0.5s, G:maj 1.0s, E:min7 0.5s, A:7 0.5s, D:maj 1.0s, B:min 1.0s, E:7 1.0s, A:7 1.0s, D:maj 1.0s, B:min 1.0s, E:7 1.0s, A:7 1.0s, D:maj 1.0s, B:min 1.0s, E:7 1.0s, A:7 1.0s, D:maj 1.5s, D:7 0.5s, G:maj 1.0s, E:min7 0.5s, A:7 0.5s, D:maj 1.0s, B:min 1.0s, A:7 1.0s, D:maj 1.0s, B:min 1.5s, B:min6 0.5s, F#:min 1.0s, F#:min6 1.0s, E:min 1.0s, A:7 1.0s, D:maj 2.0s, E:min7 1.0s, F#:7 1.0s, B:min 2.0s, E:7 2.0s, E:min7/4 1.0s, A:7 1.0s, D:maj 1.0s, B:min 1.0s, E:7 1.0s, A:7 1.0s, D:maj 1.0s, B:min 1.0s, E:7 1.0s, A:7 1.0s, D:maj 1.5s, D:7 0.5s, G:maj 1.0s, E:min7 0.5s, A:7 0.5s"
4675,Bb:major,"G:min 4.0s, D:7 4.0s, C:maj/3 2.0s, D:7/3 1.0s, Eb:7 0.5s, D:7 0.5s, G:min 2.0s, E:hdim7 1.0s, Eb:maj 0.5s, D:7 0.5s, G:min 4.0s, D:7 4.0s, C:maj/3 1.0s, F:dim7 1.0s, D:7/3 1.0s, Eb:7 0.5s, D:7 0.5s, G:min 1.0s, G:min/b7 1.0s, Eb:maj 1.5s, D:7 0.5s, G:7 4.0s, C:min 1.0s, G:7 1.0s, C:min7 2.0s, F:7 2.0s, A:hdim7 2.0s, D:7 1.2s, D:dim7 0.8s, D:7 2.0s, G:min 4.0s, D:7 4.0s, C:maj/3 1.0s, F:dim7 1.0s, D:7/3 1.0s, Eb:7 0.5s, D:7 0.5s"
5256,D:major,"D:maj7 5.0s, Db:7 5.0s, C:maj7 5.5s, F#:min7 2.0s, B:7 2.0s, E:maj7 6.0s, D:min7 2.0s, G:7(b9) 2.0s, C:maj7 4.0s, D:min7 2.0s, G:7 2.0s, C:maj6 4.0s, F#:min7 2.0s, B:7 2.0s, E:maj7 4.0s, E:min7 2.0s, A:7 2.0s, D:maj7 3.5s, D:maj7 3.0s"
858,C:major,"C:maj 2.5s, G:aug 0.5s, C:maj 2.0s, G:(3,#5,b7) 1.0s, C:maj 3.0s, G:7 3.0s, G:7 1.0s, C:dim 0.5s, G:7 2.5s, C:dim 0.5s, G:7 3.0s, D:min7 0.5s, G:7 0.5s, G:(3,#5,b7) 0.5s, C:maj 2.5s, E:dim 0.5s, Bb:7 0.5s, G:min 0.5s, Bb:7 1.0s, G:min 0.5s, Bb:7 0.5s, Eb:maj 3.0s, F:min 1.5s, Bb:7 1.0s, Bb:(3,#5,b7) 0.5s, Eb:maj 3.0s, G:maj 1.5s, D:7 0.5s, E:min 0.5s, D:7 0.5s, G:maj 1.5s, E:7 1.5s, A:min7 0.5s, D:7 1.0s, A:min7 0.5s, D:7 1.0s, G:7 0.8s, D:min7 0.8s, G:7 1.5s, C:maj 3.0s, E:min 1.5s, F:maj 4.5s, C:maj 1.5s, C#:dim 1.5s"
2484,Eb:major,"Eb:maj 2.0s, F:min7 1.0s, Bb:7 3.0s, Eb:sus4 1.0s, Eb:maj 3.0s, Ab:maj 0.0s, Ab:aug 1.0s, Ab:maj6 1.0s, Eb:maj 2.0s, Bb:maj 0.7s, F:min7 0.7s, Bb:7 0.7s, Eb:maj 2.0s, F:min7 1.0s, Bb:7 3.0s, Eb:sus4 1.0s, Eb:maj 1.0s, Eb:maj 2.0s, Ab:maj 0.0s, Ab:aug 1.0s, Ab:maj6 1.0s, Eb:maj 1.0s, Bb:7 1.0s, Eb:maj 0.7s, F:min7 0.7s, Eb:maj 0.7s, Ab:maj 2.0s, Ab:maj 2.0s, G:min 4.0s, F:min 3.0s, F:min7 1.0s, G:min 2.0s, F:min7 1.0s, Bb:7 1.0s, Eb:maj 2.0s, F:min7 1.0s, Bb:7 1.0s, Bb:7 2.0s, Eb:sus4 1.0s, Eb:maj 1.0s, Eb:maj 2.0s, Ab:maj 0.0s, Ab:aug 1.0s, Ab:maj6 1.0s"
2133,G:major,"G:maj 4.0s, Eb:7 4.0s, G:maj 4.0s, E:7 4.0s, A:min 2.0s, E:7 2.0s, A:min 4.0s, Eb:7 4.0s, D:7 4.0s, G:maj 4.0s, Eb:7 4.0s, G:maj 4.0s, E:7 4.0s, A:min 2.0s, E:7 2.0s, A:min 2.0s, C:min 2.0s, G:maj 1.0s, G:dim 1.0s, D:7 2.0s"
237,F:major,"F:maj 1.0s, D:min 1.0s, G:min 1.0s, C:7 1.0s, G:min 1.0s, C:7 1.0s, F:maj 1.0s, F:7 1.0s, Bb:maj 1.0s, A:min 1.0s, G:min 2.0s, C:7 4.0s, Bb:maj 1.0s, A:min 1.0s, G:min 1.0s, C:7 1.0s, F:maj 4.0s, G:min 4.0s, F:maj 4.0s, G:min 0.5s, C:7 1.5s, A:min 1.0s, D:min 1.0s, D:min7 1.0s, G:7 1.0s, C:7 2.0s, F:maj 1.0s, D:min 1.0s, G:min 1.0s, C:7 1.0s, G:min 1.0s, C:7 1.0s, F:maj 2.0s, Bb:maj 1.0s, A:min 1.0s, G:min 1.0s, C:7 1.0s, F:maj 4.0s"
2107,C:major,"C:maj 1.5s, E:min/5 1.5s, A:min 1.5s, C:maj/5 1.5s, F:maj 1.5s, G:(3,5,b7,9,11) 1.5s, C:maj 1.5s, F:maj/5 1.5s, C:maj7 1.5s, F:maj/5 0.5s, C:maj 0.5s, G:7/4 0.5s, C:maj 1.5s, F:maj/5 1.5s, C:maj7 1.5s, G:(3,5,b7,9,11) 1.5s, C:maj 1.5s, E:min/5 1.5s, A:min 1.5s, C:maj/5 1.5s, F:maj 1.5s, C:maj/3 1.5s, D:7 1.5s, G:maj 1.5s, C:maj 1.5s, E:min/5 1.5s, A:min 1.5s, C:maj/5 1.5s, F:maj 1.5s, G:(3,5,b7,9,11) 1.5s, C:maj 1.5s, F:maj/5 1.5s, C:maj7 1.5s, G:(3,5,b7,9,11) 1.5s, C:maj 1.5s, E:min/5 1.5s, A:min 1.5s, C:maj/5 1.5s, F:maj 1.5s, C:maj/3 1.5s, D:7 1.5s, G:maj 1.5s"
6328,F:major,"F:maj 4.0s, C:7 3.0s, C:7 1.0s, Bb:maj 2.0s, C:7 2.0s, F:maj 2.0s, C:7 2.0s, F:maj 4.0s, C:7 2.5s, C:maj 0.5s, C:7 1.0s, Bb:maj 2.0s, C:7 2.0s, F:maj 2.0s, Bb:maj 0.5s, F:maj 1.5s, A:7 4.0s, F:7 4.0s, Bb:maj 4.0s, A:7 2.0s, C:7 2.0s, F:maj 4.0s, C:7 2.5s, C:maj 0.5s, C:7 1.0s, Bb:maj 2.0s, C:7 2.0s"
2301,D:major,"D:maj 0.5s, A:maj 0.5s, B:min 0.5s, F#:min 0.5s, G:maj 0.5s, D:maj 0.5s, G:maj6 0.5s, A:maj 0.5s, D:maj 0.5s, A:maj 0.5s, B:min 0.5s, F#:min 0.5s, G:maj 0.5s, D:maj 0.5s, G:maj 0.5s, A:maj 0.5s, D:maj 1.0s, B:min 0.5s, F#:min 0.5s, G:maj 0.5s, D:maj 0.5s, G:maj 0.5s, A:maj 0.5s, D:maj 0.5s, A:maj 0.5s, B:min 0.5s, F#:min 0.5s, G:maj 0.5s, D:maj 0.5s, G:maj 0.5s, A:maj 0.5s, D:maj 0.5s, A:maj 0.5s, B:min 0.5s, F#:min 0.5s, G:maj 0.5s, D:maj 0.5s, G:maj 0.5s, A:maj 0.5s, D:maj 0.5s, A:maj 0.5s, B:min 0.5s, F#:min 0.5s, G:maj 0.5s, D:maj 0.5s, G:maj 0.5s, A:maj 0.5s, D:maj 0.5s, A:maj 0.5s, B:min 0.5s, F#:min 0.5s, G:maj 0.5s, D:maj 0.5s, G:maj 0.5s, A:maj 0.5s, D:maj 0.5s, A:maj 0.5s, B:min 0.5s, F#:min 0.5s, G:maj 0.5s, D:maj 0.5s, G:maj 0.5s, A:maj 0.5s, D:maj 0.5s, A:maj 0.5s, B:min 0.5s, F#:min 0.5s, G:maj 0.5s, D:maj 0.5s, G:maj 0.5s, A:maj 0.5s, D:maj 0.5s, A:maj 0.5s, B:min 0.5s, F:min 0.5s, G:maj 0.5s, D:maj 0.5s, G:maj 0.5s, A:maj 0.5s, D:maj 0.5s, A:maj 0.5s, B:min 0.5s, F#:min 0.5s, G:maj 0.5s, D:maj 0.5s, G:maj 0.5s, A:maj 0.5s, D:maj 2.0s"
1408,C:major,"C:maj 4.0s, C:maj 0.5s, G:7 0.5s, C:maj 0.5s, G:7 0.5s, C:maj 2.0s, D:min7 1.0s, G:7 1.0s, C:maj 2.0s, C:maj 4.0s, C:maj 0.5s, G:7 0.5s, C:maj 0.5s, G:7 0.5s, C:maj 2.0s, D:min7 1.0s, G:7 1.0s, C:maj 2.0s, D:min7 1.0s, C:maj6 1.0s, G:7 2.0s, D:min7 1.0s, D:7 1.0s, G:7 2.0s, C:maj 1.0s, D:min7 0.5s, G:7 0.5s, C:maj 2.0s, C:maj 1.0s, D:min7 0.5s, G:7 0.5s, C:maj 2.0s, C:maj 1.0s, D:min7 0.5s, G:7 0.5s, C:maj 2.0s, C:maj 1.0s, D:min7 0.5s, G:7 0.5s, C:maj 2.0s, G:7 1.0s, C#:dim 1.0s, D:min 1.0s, G:7 1.0s, D:min 1.0s, G:7 1.0s, C:maj6 2.0s, G:7 1.0s, C#:dim 1.0s, D:min 1.0s, G:7 1.0s"
350,C:major,"C:maj 1.5s, G:7 1.0s, C:maj 3.0s, G:7 1.0s, C:maj 7.0s, G:7 1.0s, C:maj 7.0s, G:7 1.0s, C:maj 7.0s, G:7 1.0s, C:maj 7.0s, G:7 1.0s, C:maj 7.0s, G:7 1.0s, C:maj 7.0s, G:7 1.0s, C:maj 5.5s"
6040,F:major,"F:maj 1.5s, F:7 0.5s, Bb:maj 2.0s, F:maj 2.0s, C:7 2.0s, F:7 2.0s, Bb:maj 1.0s, G#:dim 1.0s, F:maj 1.0s, C:7 1.0s, F:maj 2.0s, F:maj 1.0s, Bb:maj 1.0s, F:maj 2.0s, F:maj 1.0s, Bb:maj 1.0s, F:maj/5 1.0s, C:7 1.0s, F:7/5 2.0s, Bb:maj 1.0s, G#:dim 1.0s, F:maj 1.0s, C:7 1.0s, F:maj 2.0s"
3198,C:major,"G:min 2.0s, C:7 2.0s, F:maj 4.0s, G:min 2.0s, C:7 2.0s, F:maj 4.0s, Bb:maj 4.0s, F:maj 4.0s, C:7 4.0s, F:maj 4.0s, G:min 2.0s, C:7 2.0s, F:maj 4.0s, G:min 2.0s, C:7 2.0s, F:maj 4.0s, Bb:maj 4.0s, F:maj 4.0s, C:7 4.0s"
4129,D:major,"D:maj 8.0s, G:maj 4.0s, D:maj 4.0s, G:maj 4.0s, D:maj 2.0s, G:maj 2.0s, D:maj 2.0s, A:7 2.0s, D:maj 7.0s, D:7 1.0s, G:maj 4.0s, D:maj 4.0s, A:7 4.0s, D:maj 3.0s, D:7 1.0s, G:maj 4.0s, D:maj 2.0s, A:7 2.0s"
3905,Ab:major,"Bb:min7 2.0s, Ab:maj7 2.0s, Eb:7(#9) 4.0s, Eb:min7 2.0s, Ab:(3,5,b7,9,11,13) 2.0s, C:min7 2.0s, C:7 2.0s, G:min7(b5) 2.0s, C:7 2.0s, F:(b3,5,b7,9,11) 2.0s, Ab:7 2.0s, Db:maj7 2.0s, Ab:maj7 2.0s, D:(b3,5,b7,9,11) 2.0s, Db:7(b5) 2.0s, F:min7 2.0s, Db:maj7(#11) 1.5s, Db:7(b5) 0.5s, A:7(b5) 4.0s, Eb:min7 2.0s, Ab:(3,5,b7,9,11,13) 2.0s, C:min7 2.0s, C:7 2.0s, G:min7(b5) 2.0s, C:7 2.0s, Bb:7 2.0s, F:7(#5,#9) 2.0s, Bb:min9 2.0s, Eb:7(b5) 2.0s"
2135,F:major,"D:min 1.0s, D:min/5 1.5s, D:min 1.5s, D:min/5 1.5s, D:min 1.5s, D:min/5 1.5s, D:min 1.5s, D:min/5 1.5s, D:min 1.5s, D:min/5 1.5s, A:7/5 1.5s, A:7 2.0s, A:7/5 1.0s, A:7 1.5s, A:7 3.0s, A:7/5 1.5s, A:7 1.5s, D:min 1.5s, D:min/5 1.5s, D:min 1.5s, F:maj7 1.5s, G:min6 1.5s, G:min6/5 1.5s, C:7 1.5s, C:9 2.5s, F:maj 2.0s, D:min/5 1.5s, D:min/b6 1.5s, D:min 1.5s, D:min/b6 1.5s, D:min/5 1.5s, D:min/b6 1.5s, D:min 1.5s, D:min/b6 1.5s, D:min/5 1.5s, A:maj 1.5s, D:min/5 2.5s, C:7 0.5s, F:maj 0.5s"
5202,C:major,"C:maj 2.0s, F:maj 2.0s, C:maj 2.0s, F:maj 2.0s, C:maj 2.0s, F:maj 2.0s, C:maj 4.0s, F:maj 2.0s, F:maj 4.0s, A:min 2.0s, G:maj 2.0s, F:maj 4.0s, G:maj 4.0s, C:maj 2.0s, F:maj 6.0s, G:maj 2.0s, G:maj 2.0s, C:maj 4.0s, F:maj 2.0s, C:maj 4.0s"
4394,F:major,"G:maj 2.0s, Bb:(*3,*5) 2.0s, G:maj 1.0s, Bb:(*3,*5) 1.0s, G:maj 1.0s, C:maj 1.0s, C:maj 2.0s, Eb:(*3,*5) 1.0s, C:maj 1.0s, F:maj 1.0s, F:(*3,*5) 1.0s, F:maj 1.0s, Db:maj 1.5s, A:maj 0.5s, G:maj 1.0s, Bb:(*3,*5) 1.0s, D:maj 2.0s, G:maj 4.0s, C:maj 2.0s, G:maj 1.3s, C:maj 0.8s, F:maj 1.0s, F:(*3,*5) 1.0s, F:maj 0.5s, Db:maj 1.5s, G:maj 1.0s, Bb:(*3,*5) 1.0s, F:maj 2.0s, Bb:(*3,*5) 1.0s, G:maj 1.0s, C:maj 2.0s, C:maj 2.0s, Eb:(*3,*5) 1.0s, C:maj 1.0s, F:maj 1.0s, F:(*3,*5) 1.0s, F:maj 1.0s, Db:maj 1.5s, A:maj 0.5s, G:maj 1.0s, Bb:(*3,*5) 1.0s, D:maj 2.0s, G:maj 4.0s, C:maj 1.0s, Eb:(*3,*5) 1.0s"
3183,F:major,"F:maj 1.0s, D:min 1.0s, G:min 1.0s, C:7 1.0s, F:maj 1.0s, D:min 1.0s, G:min 1.0s, C:7 1.0s, F:maj 1.0s, D:min 1.0s, Bb:maj 1.0s, C:7 1.0s, F:maj 1.0s, D:min 1.0s, Bb:maj 1.0s, C:7 1.0s, F:maj 1.0s, D:min 1.0s, G:min 1.0s, C:7 1.0s, F:maj 1.0s, D:min 1.0s, G:min 1.0s, C:7 1.0s, F:maj 1.0s, D:min 1.0s, Bb:maj 1.0s, C:7 1.0s, F:maj 0.5s, Bb:maj 1.5s, F:maj 2.0s, Bb:maj 2.0s, A:min 2.0s, G:min 1.5s, C:7 0.5s, F:maj 2.0s, Bb:maj 2.0s, A:min 2.0s, G:7 2.0s, C:7 2.0s, F:maj 1.0s, D:min 1.0s, G:min 1.0s, C:7 1.0s, F:maj 2.0s, G:min 1.0s, C:7 1.0s, F:maj 1.0s, D:min 1.0s, Bb:maj 1.0s, C:7 1.0s"
4147,C:major,"D:min 2.0s, D:min 2.0s, A:maj 2.0s, D:min 2.0s, F:maj 2.0s, F:maj 2.0s, C:maj 2.0s, F:maj 2.0s, D:min 2.0s, G:min 2.0s, C:maj 2.0s, F:maj 2.0s, D:min 2.0s, A:maj 2.0s, A:7 2.0s, D:min 2.0s"
6617,D:major,"D:maj6 2.0s, A:min7/4 2.0s, D:maj6 2.0s, A:min7/4 2.0s, D:maj6 2.0s, A:min7/4 2.0s, D:maj7 2.0s, A:min7 1.0s, D:7 1.0s, G:maj7 4.0s, G:min7 2.0s, C:7 2.0s, F:min7 1.0s, Bb:7 1.0s, Eb:maj 1.0s, A:7 1.0s, D:maj6 2.0s, A:min7/4 2.0s, D:maj6 2.0s, A:min7/4 2.0s, B:maj7 4.0s, B:min7 2.0s, E:7 2.0s, E:min7 2.0s, A:7 2.0s, D:maj6 2.0s, A:min7/4 2.0s, D:maj6 2.0s, A:min7/4 2.0s, D:maj 2.0s, A:min7/4 2.0s"
713,F:major,"G:min7 1.0s, C:7 1.0s, G:min7 1.0s, C:7 1.0s, G:min7 1.0s, C:7 1.0s, G:min7 0.5s, C:7 1.5s, C:min7 1.0s, F:7 1.0s, C:min7 1.0s, F:7 1.0s, C:min7 1.0s, F:7 1.0s, C:min7 0.0s, F:7 1.0s, Bb:9 1.0s, Bb:maj 1.5s, A:dim 0.5s, G:min7 1.0s, C:7 1.0s, F:maj 2.0s, E:min7 1.0s, A:7 1.0s, D:min 2.0s, D:min7 1.0s, G:7 1.0s, C:7 2.0s, A:hdim7 1.0s, D:(3,#5,b7) 0.5s, D:7 0.5s, G:min7 1.0s, C:7 1.0s, G:min7 1.0s, C:7 1.0s, G:min7 1.0s, C:7 1.0s, G:min7 0.5s, C:7 1.5s, C:min7 1.0s, F:7 1.0s, C:min7 1.0s, F:7 1.0s, C:min7 1.0s, F:7 1.0s, C:min7 1.0s, B:9 1.5s, F:7 0.5s, Bb:maj 1.5s, A:dim 0.5s, G:min7 1.0s, Bb:7(b5) 0.5s, A:7 0.5s, D:min7 2.0s, G:9 2.0s, G:min7 1.0s, C:7 1.0s, G:min7 1.0s"
2643,G:major,"G:maj 0.5s, D:sus4(7) 0.5s, G:maj 0.5s, C:maj 2.0s, D:maj6 1.0s, D:7 1.0s, G:maj 1.0s, C:maj 0.2s, G:maj 0.2s, C:maj6 0.5s, G:maj 2.0s, G:maj 2.0s, C:maj 2.5s, G:maj 3.5s, D:maj 1.5s, A:min7 0.5s, D:7 2.0s, G:maj 2.5s, D:7 0.5s, D:sus4(7) 0.5s, D:7 0.5s, G:maj 2.0s, C:maj 2.0s, C:maj 0.5s, G:maj 2.0s, G:maj 0.5s, A:min7 0.5s, G:maj/3 0.5s, C:maj 2.0s, D:maj6 1.0s, D:7 1.0s, G:maj 2.5s, G:maj 0.5s, A:min7 0.5s, G:maj/3 0.5s, C:maj 4.0s, C:maj 0.5s, G:maj 2.0s, G:maj/5 0.5s, E:dim 0.5s, G:maj/5 0.5s, A:7 1.5s, D:7 0.5s, A:7 1.5s, A:9 0.5s, D:maj 2.0s, D:7 0.5s, A:min7 0.5s, D:7 0.5s, D:9 0.5s, G:maj 2.0s, C:maj 0.5s"
5167,C:major,"C:maj7 2.0s, G:min7 1.0s, C:7 1.0s, F:maj7 2.0s, F:min 2.0s, E:min7 1.0s, A:7 1.0s, D:7 1.0s, G:7 1.0s, C:maj7 2.0s, D:min7 1.0s, G:7 1.0s, C:maj7 2.0s, G:min7 1.0s, C:7 1.0s, F:maj7 2.0s, F:min 2.0s, E:min7 1.0s, A:7 1.0s, D:7 1.0s, G:7 1.0s, C:maj7 2.0s, G:min7 1.0s, C:7 1.0s, F:maj7 4.0s, B:dim7 2.0s, E:7 2.0s, E:min7 2.0s, A:7 2.0s, D:7 2.0s, D:min7 1.0s, G:7 1.0s, C:maj7 2.0s, G:min7 1.0s, C:7 1.0s, F:maj7 2.0s, F:min 2.0s, E:min7 1.0s, A:7 1.0s, D:min7 1.0s, G:7 1.0s"
5666,C:major,"C:maj 12.0s, G:7 4.0s, D:min 4.0s, G:7 8.0s, C:maj 16.0s, G:7 4.0s, D:min 8.0s, G:7 4.0s"
3158,Bb:major,"G:min7 1.0s, G:min/b7 1.0s, C:9/3 1.0s, C:min6/b3 1.0s, G:min7 2.0s, D:min7 1.0s, G:7(b9) 1.0s, C:min7 2.0s, F:9 1.0s, Ab:7 1.0s, G:min7 2.0s, C:9 2.0s, C:min7 2.0s, A:min7(b5) 1.0s, D:7(#5,#9) 1.0s, G:min 2.0s, G:min7 1.0s, C:9 1.0s, A:min7(b5) 2.0s, Eb:7 2.0s, D:7 1.0s, D:7(b9) 1.0s, A:min7(b5) 1.0s, D:7 1.0s, G:min7 1.0s, G:min/b7 1.0s, C:9/3 1.0s, C:min6/b3 1.0s, G:min7 2.0s, D:min7 1.0s, G:7(b9) 1.0s, C:min7 2.0s, F:9 1.0s, Ab:7 1.0s, G:min7 2.0s, C:9 2.0s, C:min7 2.0s, A:min7(b5) 1.0s, D:7(#5,#9) 1.0s, G:min 2.0s, G:min7 1.0s, C:9 1.0s, A:min7(b5) 2.0s, Eb:7 1.0s, D:7 1.0s"
5257,C:major,"C:maj 3.5s, C:7 0.5s, F:maj 2.0s, C:maj 2.0s, F:maj 2.0s, C:maj 2.0s, G:7 2.0s, C:maj 1.5s, G:7 0.5s, C:maj 3.5s, C:7 0.5s, F:maj 2.0s, C:maj 2.0s, F:maj 2.0s, C:maj 1.0s, A:7 1.0s, D:min 1.0s, G:7 1.0s, C:maj 2.0s, F:maj 2.0s, C:maj 2.0s, D:min 1.0s, G:7 1.0s, C:maj 2.0s, G:maj 4.0s, A:min 1.0s, D:7 1.0s, G:maj 1.0s, G:7 1.0s, C:maj 3.5s, C:7 0.5s, F:maj 2.0s, C:maj 2.0s, F:maj 2.0s, C:maj 1.0s, A:7 1.0s"
2935,Eb:major,"Eb:maj 2.0s, Bb:maj 1.0s, Eb:maj/3 1.0s, Ab:maj 2.0s, Bb:7 2.0s, Eb:maj 2.0s, Bb:maj 1.0s, Eb:maj/3 1.0s, Ab:maj 2.0s, Bb:7 2.0s, Eb:maj 1.0s, Eb:maj/7 1.0s, Eb:maj/6 1.0s, Eb:maj7/5 1.0s, Ab:maj 2.0s, Eb:maj 2.0s, Eb:maj 1.0s, Eb:maj/7 1.0s, Eb:maj/6 1.0s, Eb:maj7/5 1.0s, F:7 2.0s, Bb:maj 2.0s, G:7 2.0s, C:min 2.0s, Bb:7/3 2.0s, Eb:maj 1.0s, Eb:7/3 1.0s, Ab:maj 2.0s, F:min 2.0s, Bb:maj 2.0s, Eb:maj 2.0s, Eb:maj 1.0s, Eb:maj/7 1.0s, Eb:maj/6 1.0s, Eb:maj7/5 1.0s, Ab:maj 2.0s, Eb:maj 2.0s, Eb:maj 1.0s, Eb:maj/7 1.0s, Eb:maj/6 1.0s, Eb:maj7/5 1.0s"
2565,G:major,"G:maj 2.0s, A:min7 1.5s, D:9 0.5s, G:maj7 1.0s, G:maj6 1.0s, A:min7 1.5s, D:9 0.5s, G:maj 1.5s, G:maj6 0.5s, G:maj7 1.5s, G:maj 0.5s, G:maj7 1.5s, G:maj 0.5s, G:dim 2.0s, D:7 1.5s, A:min7 0.5s, D:7 2.0s, F:7 1.0s, E:7 1.0s, D:min6 1.0s, E:7 1.0s, A:7 4.0s, A:min7 1.0s, D:7 1.0s, A:min7 1.5s, D:7 0.5s, G:maj 2.0s, A:min7 1.5s, D:9 0.5s, G:maj7 1.0s, G:maj6 1.0s, A:min7 1.5s, D:9 0.5s, G:maj 1.5s, G:maj6 0.5s, G:maj7 1.5s, G:maj6 0.5s, B:min7 1.5s, G:maj 0.5s, D:min7 1.5s, F:dim 0.5s, C:maj6 2.0s, C:min6 2.0s, D:7 0.5s, G:maj 0.5s, B:sus4(7) 0.5s, E:min 0.5s, A:7 1.5s, C:min6 0.5s, G:maj 1.0s, B:min6 0.5s, B:dim 0.5s, C:maj6 0.5s, C:min6 0.5s, D:7 0.5s, D:7(b9) 0.5s"
3641,C:major,"A:min 1.0s, G:maj6 1.0s, F:maj7 1.0s, G:maj6 0.5s, F:maj7 0.5s, A:min 1.0s, G:maj6 1.0s, F:maj7 1.0s, G:maj6 0.5s, F:maj7 0.5s, A:min 1.0s, G:maj6 1.0s, F:maj7 1.0s, G:maj6 0.5s, F:maj7 0.5s, A:min 1.0s, G:maj6 1.0s, F:maj7 1.0s, G:maj6 0.5s, F:maj7 0.5s, A:min 1.0s, G:maj6 1.0s, F:maj7 1.0s, G:maj6 0.5s, F:maj7 0.5s, A:min 1.5s, G:maj6 0.5s, F:maj7 1.0s, A:maj 1.0s, D:min7 0.5s, G:7 1.5s, C:maj7 0.5s, F:maj7 1.5s, Bb:maj 1.0s, E:7 1.0s, A:min 0.5s, E:7/5 0.5s, A:min/b3 0.5s, E:7/5 0.5s, D:min7 1.0s, G:7 1.0s, C:maj7 1.0s, F:maj7 1.0s, Bb:maj 1.0s, A:min/5 0.2s, E:7 0.8s, A:min 1.0s, G:maj6 1.0s, F:maj7 1.0s, G:maj6 0.5s, F:maj7 0.5s, A:min 1.0s, G:maj6 1.0s, A:min 1.0s, G:maj6 0.5s, F:maj7 0.5s, A:min 1.0s, G:maj6 1.0s, F:maj7 1.0s, G:maj 0.5s, F:maj 0.5s, A:maj 2.0s"
4238,C:major,"F:maj 4.0s, G:min 4.0s, F:maj 4.0s, G:7 4.0s, C:7 8.0s, F:maj 4.0s, G:min 2.0s, C:7 2.0s, F:maj 4.0s, G:min 4.0s, F:maj 4.0s, G:min 2.0s, D:7 2.0s, G:min 2.0s, Bb:min 2.0s, F:maj 3.0s, G:7 1.0s, C:maj 2.0s, G:7 2.0s"
798,G:major,"G:maj 0.5s, A:7 0.2s, D:7 1.2s, G:maj 2.8s, D:7 1.2s, G:maj 1.0s, Ab:dim 1.0s, D:7 4.0s, G:maj 1.0s, A:7 1.0s, D:7 2.0s, G:maj 0.5s, A:7 0.2s, D:7 1.2s, G:maj 2.8s, D:7 1.2s, G:maj 2.5s, D:7 3.5s, G:maj 1.0s, D:7 0.5s, G:maj 0.5s, D:7 1.0s, G:maj 5.0s, D:7/5 2.0s, D:7 2.0s, A:min7 1.0s, D:7 1.0s, A:min7 1.0s, D:7 1.0s, G:maj 3.0s, G:7 1.0s, C:maj 2.0s, C:min 2.0s, G:maj 2.0s, E:7 2.0s, A:7 4.0s"
6372,E:major,E:7 16.5s
447,F:major,"F:maj 4.0s, C:7 4.0s, C:7 4.0s, F:maj 2.0s, F:7 2.0s, Bb:maj 4.0s, F:maj 1.0s, C:min6 1.0s, D:7 2.0s, G:7 4.0s, C:7 1.0s, G:7 1.0s, C:7 2.0s, F:maj 4.0s, C:7 8.0s, F:maj 2.0s, F:7 2.0s, Bb:maj 4.0s, F:maj 1.0s, C:min6 1.0s, D:7 2.0s, G:7 4.0s"
5721,F:major,"G:min6 2.0s, A:min7 1.0s, A:(3,#5,b7) 1.0s, D:min 4.0s, G:min6 2.0s, A:7 2.0s, D:maj9 4.0s, A:min7 1.0s, D:9 1.0s, Ab:min7 1.0s, Db:9 1.0s, Gb:maj 4.0s, F:min7 1.5s, Bb:9 0.5s, F:min7 1.5s, Bb:7 0.5s, Eb:maj7 2.0s, A:7 1.0s, D:min 1.0s, G:min6 2.0s, A:min7 1.0s, A:(3,#5,b7) 1.0s, D:min 4.0s, G:min6 2.0s, A:7 2.0s, A:min7 2.0s, D:9 0.5s, D:7 0.5s, D:9 1.0s, G:maj 2.0s, G:min7 2.0s, D:maj 3.0s, D:min 1.0s, G:min6 2.0s, A:7 2.0s"
1162,Ab:major,"Bb:min7 2.0s, Eb:7 2.0s, Bb:min7 2.0s, Eb:7 2.0s, Ab:min 2.0s, Db:7 2.0s, C:min7 2.0s, B:dim 1.2s, B:min7 0.8s, Bb:min7 2.0s, Eb:7 1.2s, Db:7 0.8s, C:min7 2.0s, F:7 2.0s, D:min7 2.0s, G:7 2.0s, C:maj6 2.0s, Eb:min 2.0s, Bb:min7 2.0s, Eb:7 2.0s, Bb:min7 2.0s, Eb:7 2.0s, Ab:min 2.0s, Db:7 2.0s, C:min7 2.0s, B:dim 1.2s, B:min7 0.8s, Bb:min7 2.0s, Eb:7 1.2s, Db:7 0.8s, C:min7 2.0s, F:7 2.0s, Bb:min7 3.0s, Eb:9 0.7s, Ab:maj6 0.2s"
2051,C:major,"A:min 2.0s, E:aug/4 2.0s, A:min 2.0s, E:aug 1.0s, E:7 1.0s, D:min 2.0s, A:aug/4 2.0s, D:min7 2.0s, E:aug 1.0s, E:7 1.0s, F:maj 2.0s, F:min6 2.0s, C:maj 2.0s, E:aug 1.0s, A:min 1.0s, Bb:maj 2.0s, D:min/6 6.0s, A:min 2.0s, E:aug/4 2.0s, A:min 2.0s, E:aug 1.0s, E:7 1.0s, D:min 2.0s, A:aug/4 2.0s, D:min7 2.0s, E:aug 1.0s, E:7 1.0s, F:maj 2.0s, F:min6 2.0s, C:maj 2.0s, E:aug 1.0s, A:min 1.0s, Bb:maj 2.0s, D:min/6 2.0s"
624,C:major,"A:min7/5 0.5s, A:min7/5 1.0s, C:maj 0.0s, E:min 0.5s, A:min/b3 1.0s, A:min/b3 0.5s, A:min/b3 1.0s, C:maj 0.5s, A:min7/5 0.5s, A:min7/5 1.0s, G:maj 0.5s, D:min 0.2s, D:min 0.2s, D:min 1.0s, G:maj 0.5s, A:min7/5 0.5s, A:min7/5 1.0s, G:maj 0.5s, D:min 0.2s, D:min 0.2s, D:min 1.0s, G:maj 0.5s, D:min7 0.5s, D:min7 1.0s, C:maj 0.5s, A:min/b3 0.2s, A:min/b3 0.2s, A:min/b3 1.0s, C:7 0.5s, E:dim/b3 0.5s, E:dim/b3 1.0s, C:7 0.5s, C:(*3,5,b7)/5 0.2s, C:(*3,5,b7)/5 0.2s, C:(*3,5,b7)/5 1.0s, C:7 0.5s, E:dim/b3 0.5s, E:dim/b3 1.0s, F:maj 0.5s, F:maj 0.2s, F:maj 0.2s, F:maj 1.0s, F:maj 0.5s, F:(3,*5,7) 0.5s, F:(3,*5,7) 1.5s, F#:dim 1.0s, D:7 0.5s, F#:dim 1.0s, D:7 0.5s, F#:(b3,*5,b7) 0.5s, F#:(b3,*5,b7) 1.0s, D:maj 0.5s, F:maj 1.0s, G:maj 0.5s, G#:maj 0.0s, C:maj/3 1.0s, C:maj 1.0s, C#:maj 2.0s, C:maj 2.0s, G:maj 2.0s, C:maj 18.5s"
3253,C:major,"G:min7(b5) 2.0s, C:7 2.0s, F:min 2.2s, F:min 1.8s, D:min7(b5) 2.0s, G:7(*5,#9,b9,#11,b13) 2.0s, C:maj7 3.2s, D:7 0.8s, G:min7(b5) 2.0s, C:7 2.0s, F:min 2.0s, F:min 2.0s, D:min7(b5) 2.0s, G:7(*5,#9,b9,#11,b13) 2.0s, C:maj7 4.0s, C:min7 2.0s, F:7 2.0s, Bb:maj7 4.0s, Ab:7 2.0s, Ab:7 2.0s, D:min7 2.0s, G:7 2.0s, G:min7(b5) 0.5s, C:maj 1.5s, C:7 2.0s, F:min 2.0s, F:min 2.0s, Db:7 2.0s, G:7(*5,#9,b9,#11,b13) 2.0s"
805,F:major,"F:maj9 1.7s, C:maj9 2.0s, F:maj9 2.0s, C:maj9 2.0s, Bb:9 2.0s, C:7(b5) 2.2s, F:maj7 4.0s, F:maj9 1.8s, C:maj9 2.0s, F:maj9 2.0s, C:maj9 2.0s, Bb:9 2.0s, C:7(b5) 2.2s, F:maj7 4.0s, Gb:maj7 3.0s, F:min7 1.0s, Eb:min7 0.8s, Gb:min6 3.0s, Ab:maj7 3.2s, G:min7 1.0s, F:min7 0.8s, Ab:min6 3.0s, Bb:maj7 3.2s, A:min7 1.0s, G:min7 0.8s, Bb:min6 3.2s, D:min7 1.0s, A:min7 1.0s, Db:7 1.5s, F:7 0.5s"
6366,Eb:major,"Eb:maj7 1.0s, Ab:(3,5,b7,9,11,13) 1.0s, Eb:maj7 2.0s, G:min7 1.0s, D:(3,#5,b7) 1.0s, G:min7 1.0s, C:9 1.0s, F:min7 1.0s, C:7 1.0s, F:min7 1.0s, Bb:7 1.0s, G:min7 1.0s, C:7 1.0s, F:min7 1.0s, Bb:7 1.0s, Eb:maj7 1.0s, Ab:(3,5,b7,9,11,13) 1.0s, Eb:maj7 2.0s, G:min7 1.0s, D:(3,#5,b7) 1.0s, G:min7 1.0s, C:9 1.0s, F:min7 1.0s, C:7 1.0s, F:min7 1.0s, Bb:7 1.0s, Eb:maj6 1.0s, Ab:min7 1.0s, Eb:maj6 1.0s, A:min7 0.5s, D:7 0.5s, G:maj7 1.0s, E:min7 1.0s, A:min7 0.5s, D:7 1.5s, B:min7 1.0s, Bb:dim7 1.0s, A:min7 1.5s, D:7 0.5s, G:maj7 1.0s, E:min7 1.0s, A:min7 0.5s, D:7 1.5s, G:maj6 1.0s, C:7(b9) 1.0s, F:min7 1.0s, Bb:7 1.0s, Eb:maj7 1.0s, Ab:(3,5,b7,9,11,13) 1.0s, Eb:maj7 2.0s, G:min7 1.0s, D:(3,#5,b7) 1.0s, G:min7 1.0s, C:9 1.0s, F:min7 1.0s, C:7 1.0s, F:min7 1.0s, Bb:7 1.0s"
3533,Bb:major,"Bb:maj 6.5s, F:7 7.5s, Bb:maj 8.0s, F:7 8.0s, Bb:maj 1.5s, F:7 0.5s, Bb:maj 8.0s, C:maj 8.0s, F:maj 7.0s, F:7 1.0s, Bb:maj 4.0s"
3972,Ab:major,"Ab:maj 1.7s, Db:maj 1.5s, Ab:maj 6.0s, Eb:7 3.0s, Ab:maj 1.5s, Db:maj 1.5s, Ab:maj 4.5s, Eb:7 1.5s, Ab:maj 6.0s, Db:maj 1.5s, Ab:maj 6.0s, Eb:7 3.0s, Ab:maj 3.0s, Db:maj 1.5s, Ab:maj 4.5s, Eb:7 1.5s, Ab:maj 4.5s, Db:maj 1.5s, Ab:maj 5.8s"
1257,Bb:major,"Bb:maj 1.5s, F:7/3 1.5s, Bb:maj/3 1.5s, Eb:maj/3 1.5s, Bb:maj 1.5s, G:min7 1.5s, C:min7 1.5s, F:7 1.5s, Bb:maj 1.5s, F:7/3 1.5s, Bb:maj/3 1.5s, Eb:maj/3 1.5s, Bb:maj 1.5s, F:7 1.5s, Bb:maj 3.0s, F:7 3.0s, Bb:maj 3.0s, Eb:maj 1.0s, G:min/5 0.5s, C:7 1.5s, F:maj 1.5s, F:7 1.5s, Bb:maj 1.5s, Bb:7/b7 1.5s, Eb:maj/3 1.5s, Eb:min/b3 1.5s, Bb:maj/5 1.5s, F:7 1.5s, Bb:maj 3.0s"
10,F:minor,"F:min6 2.0s, Bb:min6 2.0s, F:min6 2.0s, F:(3,#5,b7,b9) 2.0s, Bb:min7 2.0s, Bb:min7 2.0s, F:min6 2.0s, Ab:7 2.0s, G:min7(b5) 2.0s, C:(3,#5,b7) 2.0s, F:min6 1.0s, D:min7(b5) 1.0s, Db:maj7 1.0s, Gb:maj7 1.0s, F:min6 2.0s, Bb:min6 2.0s, F:min6 2.0s, F:(3,#5,b7,b9) 2.0s, Bb:min7 2.0s, Bb:min7 2.0s, F:min6 2.0s, Ab:7 2.0s, G:min7(b5) 2.0s, C:(3,#5,b7) 2.0s, F:min6 1.0s, D:min7(b5) 1.0s, Db:maj7 1.0s, Gb:maj7 1.0s"
3131,G:major,"G:maj 1.0s, A:min7 1.0s, G:maj7/3 1.0s, C:maj 1.0s, G:maj 1.0s, A:min7 1.0s, G:maj7/3 0.8s, C:maj 1.2s, G:maj 1.0s, A:min7 1.0s, G:maj7/3 1.0s, C:maj 1.0s, Bb:maj 0.8s, D:7/5 0.5s, G:maj 0.5s, C:maj/5 0.2s, G:maj 3.0s, A:min 1.0s, G:maj7/3 1.0s, C:maj 1.0s, G:maj 1.0s, A:min 1.0s, G:maj7/3 0.8s, C:maj 1.2s, G:maj 1.0s, A:min 1.0s, G:maj7/3 0.8s, C:maj 1.2s, Bb:maj 0.8s, D:7/5 1.0s, G:maj 2.2s, F:9/5 1.0s, C:maj 1.0s, Eb:9/5 1.0s, Bb:maj 1.0s, F:9/5 1.0s, C:maj 1.0s, Eb:9/5 1.0s, Bb:maj 1.0s, F:9/5 1.0s, C:maj 1.0s, Eb:9/5 1.0s, Bb:maj 1.0s, D:sus4(7)/4 1.5s, D:maj/3 0.2s, D:min7/b3 0.2s, D:7/3 2.0s, G:maj 1.0s, A:min7 1.0s, G:maj7/3 1.0s, C:maj 1.0s, G:maj 1.0s, A:min7 1.0s, G:maj7/3 0.8s, C:maj 1.2s, G:maj 1.0s, A:min7 1.0s, G:maj7/3 1.0s, C:maj 1.0s"
5151,G:major,"E:min7 0.0s, E:min7/b7 0.5s, E:min7/b7 0.8s, A:maj 0.7s, G:maj/5 0.6s, A:maj/3 0.9s, A:maj/3 0.5s, A:maj/3 0.2s, F#:min/5 0.2s, F#:min/5 0.2s, A:maj/3 0.5s, F#:min7 0.0s, A:maj/5 0.4s, F#:min 0.1s, F#:min 0.8s, B:maj 0.7s, A:maj/5 0.6s, B:min/b3 1.4s, D:maj(4) 0.2s, B:min/b3 0.2s, B:min/b3 0.2s, D:maj 0.5s, E:min7 0.0s, E:min7/b7 0.5s, E:min7/b7 0.8s, A:maj 0.7s, G:maj/5 0.6s, A:maj/3 0.9s, A:maj/3 0.5s, A:maj/3 0.2s, F#:min/5 0.2s, F#:min/5 0.2s, A:maj/3 0.5s, F#:min7 0.0s, A:maj/5 0.4s, F#:min 0.1s, F#:min 0.7s, B:maj 0.7s, A:maj/5 0.6s, B:min/b3 1.4s, D:maj(4) 0.2s, B:min/b3 0.2s, B:min/b3 0.2s, D:maj 0.5s, E:min7 2.0s, A:maj 2.0s, F#:min7 2.0s, B:maj 2.0s, E:min7 2.0s, A:maj 2.0s, F#:min7 2.0s, B:maj 2.0s, E:min7 2.0s, A:maj 2.0s, F#:min7 1.6s, B:maj 2.4s, E:min7 1.8s, A:maj 2.2s, F#:min7 2.0s, B:maj 2.0s, E:min7 1.6s, A:maj 2.4s, F#:min7 1.8s, B:maj 1.6s"
551,A:major,"A:maj 2.0s, C:maj 1.0s, D:maj 1.0s, A:maj 2.0s, C:maj 1.0s, D:maj 1.0s, A:maj 2.0s, C:maj 1.0s, D:maj 1.0s, A:maj 2.0s, C:maj 1.0s, D:maj 1.0s, A:maj 2.0s, C:maj 1.0s, D:maj 1.0s, E:maj 2.0s, G:maj 2.0s, A:maj 2.0s, F#:min 2.0s, C#:min 2.0s, E:maj 2.0s, A:maj 2.0s, F#:min 2.0s, C#:min 2.0s, E:maj 2.0s, A:maj 1.0s, C#:7 1.0s, F#:min 1.0s, D:maj 1.0s, A:maj 1.0s, C#:7 1.0s, F#:min 1.0s, D:maj 1.0s, A:maj 1.0s, C#:7 1.0s, F#:min 1.0s, D:maj 1.0s, A:maj 2.0s, E:maj 4.0s, A:maj 2.0s"
1431,C:major,"F:maj/9 2.0s, G:7(b9) 2.0s, G:min7 2.0s, C:7(b9) 2.0s, F:maj7 2.0s, Bb:(3,5,b7,9,11,13) 2.0s, E:min 1.2s, C:maj/3 0.8s, E:min6 1.5s, E:min7 0.5s, E:maj 1.0s, E:min7 1.0s, A:7(#9) 2.0s, D:min7 2.0s, G:7(b9) 2.0s, C:maj6/9 2.0s, A:sus4(7) 1.5s, A:7(#9) 0.5s, F:maj/9 2.0s, G:7(b9) 2.0s, G:min7 2.0s, C:7(b9) 2.0s, F:maj7 2.0s, Bb:(3,5,b7,9,11,13) 2.0s, E:min 1.2s, C:maj/3 0.8s, E:min6 1.5s, E:min7 0.5s, E:maj 1.0s, E:min7 1.0s, A:7(#9) 2.0s, D:min7 2.0s, G:7(b9) 2.0s, C:maj6(9) 2.0s, C:maj6 1.5s, F:maj7 0.5s, F#:min9 2.0s, F:7(#11) 2.0s"
4871,Bb:major,"C:7 4.0s, Eb:min 4.0s, F:7 4.0s, Eb:maj 6.0s, C:7 4.0s, Eb:min 4.0s, F:7 4.0s, Bb:maj 4.0s, G:7 3.0s, Eb:min6 3.0s, F:7 3.0s, Eb:maj 3.0s, C:7 4.0s, Eb:min 4.0s, F:7 4.0s, Bb:maj 2.0s"
4177,F:major,"D:min 2.0s, E:7 1.0s, A:7 1.0s, D:min 2.0s, G:min 1.0s, A:7 1.0s, D:min 4.0s, G:min 5.0s, A:dim 1.0s, Bb:maj 1.0s, A:7 1.0s, D:min 2.0s, A:7 2.0s, D:7 1.0s, A:min7 0.5s, D:dim 0.5s, D:7 2.0s, G:min 4.0s, D:min 2.0s, E:7 1.0s, A:7 1.0s, D:min 4.0s, G:min 2.0s, D:min 2.0s, A:7 2.0s, D:min 1.0s, D:7 1.0s, G:min 2.0s, D:min 2.0s, E:7 1.0s, Bb:7 1.0s, A:7 2.0s, D:min 4.0s"
4676,Bb:major,"Bb:maj 2.0s, G:min 2.0s, Eb:maj 2.0s, F:maj 2.0s, Bb:maj 2.0s, G:min 2.0s, Eb:maj 2.0s, F:maj 2.0s, Bb:maj 1.0s, D:maj 1.0s, Eb:maj 1.0s, D:maj 1.0s, Eb:maj 2.0s, F:maj 2.0s, Bb:maj 3.0s, Db:maj 0.5s, Eb:maj 0.5s, Bb:maj 3.0s, Bb:maj7 0.5s, F:maj 0.5s, Bb:maj 2.0s, G:min 2.0s, Eb:maj 2.0s, F:maj 2.0s, Bb:maj 2.0s, G:min 2.0s, Eb:maj 2.0s, F:maj 2.0s, Bb:maj 1.0s, D:maj 1.0s, Eb:maj 1.0s, D:maj 1.0s, Eb:maj 2.0s, F:maj 2.0s, Bb:maj 3.0s, Db:maj 0.5s, Eb:maj 0.5s"
3061,Bb:major,"Bb:maj 3.0s, Eb:maj 1.0s, Bb:maj 2.0s, Eb:maj 2.0s, Bb:maj 5.0s, F:7 1.0s, Bb:maj 2.0s, F:7 2.0s, Bb:maj 5.0s, Eb:maj 1.0s, Bb:maj 2.0s, Eb:maj 2.0s, Bb:maj 4.0s, F:7 1.0s, Bb:maj 4.0s, F:7 4.0s, Eb:maj 2.5s, Bb:maj 1.5s, F:7 4.0s, Eb:maj 2.5s, Bb:maj 1.0s, F:maj 0.5s, Bb:maj 5.0s, F:7 1.0s, Bb:maj 1.0s"
1666,C:major,"C:maj 1.0s, A:min 1.0s, F:maj 1.0s, G:7 1.0s, C:maj 1.0s, A:min 1.0s, F:maj 1.0s, G:7 1.0s, C:maj 1.0s, A:min 1.0s, F:maj 1.0s, G:7 1.0s, C:maj 1.0s, A:min 1.0s, F:maj 1.0s, G:7 1.0s, C:maj 1.0s, A:min 1.0s, F:maj 1.0s, G:7 1.0s, C:maj 1.0s, A:min 1.0s, F:maj 1.0s, G:7 1.0s, C:maj 1.0s, A:min 1.0s, F:maj 1.0s, G:7 1.0s, A:min 3.0s, G:7 1.0s, C:maj 1.0s, A:min 1.0s, F:maj 1.0s, G:7 1.0s, C:maj 1.0s, A:min 1.0s, F:maj 1.0s, G:7 1.0s, C:maj 1.0s, A:min 1.0s, F:maj 1.0s, G:7 1.0s, C:maj 0.5s, F:maj 1.5s, C:maj 2.0s, E:7 4.0s, A:min 4.0s, D:7 4.0s"
6348,C:major,"G:7 1.0s, C:maj 4.0s, F:maj 4.0s, C:maj 1.0s, A:7 1.0s, D:maj 1.0s, G:7 1.0s, G:maj 2.0s, D:7 1.0s, G:7 1.0s, C:maj 4.0s, F:maj 3.0s, A:7 1.0s, D:7 4.0s, G:7 3.0s, D:maj 1.0s, C:maj 4.0s, D:7 2.0s, A:7 2.0s, D:maj 3.0s, F:maj 3.0s, G:7 2.0s, C:maj 4.0s, F:maj 3.0s, E:7 0.5s, A:maj 0.5s, D:7 2.0s, F:maj 1.0s"
1512,Eb:major,"Eb:maj 9.5s, Bb:maj 0.5s, Eb:maj6 5.5s, Bb:7 0.5s, Eb:maj 4.0s, Bb:7 4.0s, Eb:maj 1.5s, C:7(b9) 1.5s, F:hdim7 1.0s, Bb:7 2.0s, Eb:maj 1.0s, Bb:7 1.0s, Eb:maj 9.5s, Bb:maj 0.5s, Eb:maj6 5.5s, Bb:7 0.5s, Eb:maj 4.0s, Bb:7 4.0s, Eb:maj 1.5s, C:7(b9) 1.5s, F:hdim7 1.0s"
1706,C:major,"D:min 1.8s, A:7 1.0s, A:min9 1.0s, D:min 1.0s, E:7 1.0s, A:min 1.0s, D:9 1.0s, C:maj 1.0s, A:min 1.0s, D:9 2.0s, D:min 1.0s, G:7 0.5s, G:aug 0.5s, C:maj 0.7s, C:7 0.7s, A:7 0.7s, D:min 2.0s, A:7 1.0s, A:min9 1.0s, D:min 1.0s, E:7 1.0s, A:min 1.0s, D:9 1.0s, C:maj 1.0s, A:min 1.0s, D:9 2.0s, D:min 1.0s, G:7 0.5s, G:aug 0.5s, C:maj 2.0s, E:7 2.0s, F:maj 0.5s, A:min 1.5s, E:7 2.0s, F:maj 1.0s, A:min 1.0s, E:7 2.0s, F:maj 0.5s, A:min 1.5s, D:9 2.0s, G:9 0.7s, D:min7 0.7s, G:7 0.7s, D:min 2.0s, A:7 1.0s, A:min9 1.0s, D:min 1.0s, E:7 1.0s, A:min 1.0s, D:9 1.0s, C:maj 1.0s, A:min 1.0s, D:9 2.0s, D:min 0.2s"
1505,F:major,"F:maj 1.5s, A:min/b3 1.5s, F:7 0.5s, Eb:maj/3 0.5s, F:maj/3 0.5s, Bb:maj 3.0s, F:maj 1.5s, G:7 1.5s, C:7 0.5s, Bb:maj/9 0.5s, C:7 0.5s, F:maj 1.5s, A:min/b3 1.5s, F:7 0.5s, Eb:maj/3 0.5s, F:maj/3 0.5s, Bb:maj 3.0s, F:maj/5 1.0s, D:min7 0.5s, G:7 1.0s, C:7 0.5s, F:maj 0.5s, Eb:maj/3 0.5s, F:maj/3 0.5s, Bb:maj 3.5s, A:min7 0.5s, G:min7 0.5s, F:maj 0.5s, Eb:maj/3 0.5s, F:maj/3 0.5s, Bb:maj 3.0s, G:7 1.5s, Bb:maj/9 1.5s, C:7 0.5s, Bb:maj/9 1.0s, F:maj 1.5s, A:min/b3 1.5s, F:7 0.5s, Eb:maj/3 0.5s, F:maj/3 0.5s, Bb:maj 3.0s, F:maj/5 1.0s, D:min7 0.5s, G:7 1.0s, C:7 0.5s, F:maj 1.5s, Bb:maj/9 1.5s, F:maj 1.5s, A:min/b3 1.5s, F:7 0.5s, Eb:maj/3 0.5s, F:maj/3 0.5s, Bb:maj 3.0s, F:maj 1.5s"
3956,G:major,"G:7 2.0s, C:7 2.0s, G:maj 3.5s, G:7 0.5s, C:maj 2.0s, C:7 2.0s, G:maj 4.0s, D:7 4.0s, G:maj 4.0s, G:7 2.0s, C:7 2.0s, G:maj 2.0s, G:7 2.0s, C:maj 2.0s, C:7 2.0s, G:maj 4.0s, D:7 4.0s, G:maj 4.0s, G:min 2.0s, C:min 2.0s, D:7 8.0s"
3297,Ab:major,"Eb:maj 1.0s, C:7 1.0s, Eb:maj 1.0s, C:7 1.0s, E:dim 1.0s, C:7 1.0s, Eb:maj 1.0s, C:7 1.0s, E:dim 1.0s, C:7 1.0s, E:dim 1.0s, C:7 1.0s, E:dim 1.0s, C:7 1.0s, E:dim 1.0s, C:7 1.0s, E:dim 1.0s, C:7 1.0s, E:dim 1.0s, C:7 1.0s, E:dim 1.0s, C:7 1.0s, E:dim 1.0s, C:7 1.0s, F:min6 8.0s"
2515,C:major,"C:maj 6.0s, G:7 2.0s, D:min7 1.0s, G:7 1.0s, C:maj 1.0s, A:7 1.0s, D:min 2.0s, D:maj 1.0s, G:7 1.0s, C:maj 4.0s, G:min 1.0s, A:7 1.0s, D:min 2.0s, F:7 1.0s, B:7 1.0s, E:min7 1.0s, A:7 1.0s, D:min7 1.0s, G:7 1.0s, D:maj 0.8s, G:maj 1.2s, C:maj 1.0s, E:min 1.0s, A:7 2.0s, D:maj 1.0s, D:min7 0.5s, G:7 0.5s, C:maj 2.0s, C:maj 6.0s, G:7 2.0s, D:min7 1.0s, G:7 1.0s, C:maj 1.0s, A:7 1.0s, D:min 2.0s, D:maj 1.0s, G:7 1.0s, C:maj 4.0s"
4170,C:major,"C:maj 2.0s, Bb:maj 2.0s, F:maj 2.0s, C:maj 2.0s, C:maj 2.0s, Bb:maj 2.0s, F:maj 2.0s, C:maj 2.0s, C:maj 2.0s, Bb:maj 2.0s, F:maj 2.0s, C:maj 2.0s, C:maj 2.0s, Bb:maj 2.0s, F:maj 2.0s, C:maj 2.0s, C:maj 2.0s, Bb:maj 2.0s, F:maj 2.0s, C:maj 6.0s, F:maj 2.0s, C:maj 4.0s, Bb:maj 2.0s, F:maj 2.0s, C:maj 4.0s, Bb:maj 2.0s"
5649,C:major,"F:maj 1.0s, C:maj 1.0s, D:min 1.0s, C:maj 1.0s, F:maj 1.0s, C:maj 1.0s, D:min 1.0s, C:maj 1.0s, F:maj 1.0s, C:maj 1.0s, D:min 1.0s, C:maj 1.0s, F:maj 1.0s, C:maj 1.0s, D:min 1.0s, C:maj 1.0s, F:maj 2.0s, C:maj 2.0s, F:maj 1.0s, C:maj 1.0s, D:min 1.0s, C:maj 1.0s, F:maj 1.0s, C:maj 1.0s, D:min 1.0s, C:maj 1.0s, F:maj 1.0s, C:maj 1.0s, D:min 1.0s, C:maj 1.0s, F:maj 1.0s, C:maj 1.0s, D:min 1.0s, C:maj 1.0s, F:maj 2.0s, D:min 1.0s, C:maj 1.0s, F:maj 1.0s, C:maj 1.0s, D:min 1.0s, C:maj 1.0s, F:maj 1.0s, C:maj 1.0s, D:min 1.0s, C:maj 1.0s, F:maj 1.0s, C:maj 1.0s, D:min 1.0s, C:maj 1.0s, F:maj 1.0s, C:maj 1.0s, D:min 1.0s, C:maj 1.0s, F:maj 2.0s, C:maj 2.0s"
5176,G:major,"G:maj 2.0s, G#:dim7 2.0s, A:min7 2.0s, Bb:dim7 2.0s, G:maj/3 2.0s, C:7 2.0s, B:7 2.0s, B:min7 1.0s, E:7 1.0s, A:min7 2.0s, C:min 2.0s, G:maj 2.0s, F#:hdim7 1.0s, B:7 1.0s, E:min 1.0s, C:7/3 1.0s, A:7 2.0s, A:min7 2.0s, A:min6 1.0s, Ab:9 1.0s, G:maj 2.0s, G#:dim7 2.0s, A:min7 2.0s, Bb:dim7 2.0s, G:maj/3 2.0s, C:7 2.0s, B:7 2.0s, B:min7 1.0s, E:7 1.0s, A:min7 2.0s, C:min 2.0s, G:maj/5 1.0s, C:7 1.0s, B:hdim7 1.0s, E:7 1.0s, A:min7 2.0s, D:7 1.5s, D:7(b9) 0.5s"
6364,G:major,"G:maj 2.0s, D:7 4.0s, G:maj 4.0s, D:7 4.0s, G:maj 4.0s, G:maj 2.0s, D:7 4.0s, G:maj 4.0s, C:maj 2.0s, D:7 2.0s, G:maj 2.0s, G:maj 2.0s, D:7 4.0s, G:maj 4.0s, C:maj 2.0s, D:7 2.0s, G:maj 4.0s, G:maj 2.0s, D:7 4.0s, G:maj 2.0s"
1527,F:major,"F:maj 1.0s, C:7 1.0s, F:maj 1.0s, D:min 1.0s, G:min7 1.0s, C:7 1.0s, F:maj 1.0s, D:min 1.0s, G:min7 1.0s, C:7 1.0s, F:maj 1.0s, D:7 1.0s, G:min7 1.5s, C:7 0.5s, F:maj 2.0s, F:maj 1.0s, C:7 1.0s, F:maj 1.0s, D:min 1.0s, G:min7 1.0s, C:7 1.0s, F:maj 1.0s, D:min 1.0s, G:min7 1.0s, C:7 1.0s, F:maj 1.0s, D:7 1.0s, G:min7 1.5s, C:7 0.5s, F:maj 2.0s, D:min7 1.5s, G:7 0.5s, C:maj 2.0s, D:min7 1.5s, G:7 0.5s, C:maj 2.0s, C:min7 1.5s, F:7 0.5s, Bb:maj 2.0s, F:maj 1.0s, G:9 1.0s, C:7 1.0s, C:7(b9) 1.0s, F:maj 1.0s, C:7 1.0s, F:maj 1.0s, D:min 1.0s, G:min7 1.0s, C:7 1.0s, F:maj 1.0s, D:min 1.0s, G:min7 1.0s, C:7 1.0s, F:maj 1.0s, D:7 1.0s"
1017,Bb:major,"Eb:maj 1.0s, Bb:maj 0.2s, Bb:7 0.2s, G:7 0.5s, C:maj 0.5s, F:7 0.5s, Bb:maj 0.5s, Bb:maj 0.5s, C:maj 0.5s, Bb:dim 0.5s, F:7 1.8s, F:aug 0.2s, Bb:maj 1.5s, C#:dim 0.5s, C:min 1.8s, F:aug 0.2s, Bb:maj 1.5s, C:maj 0.2s, Bb:dim 0.2s, F:7 1.8s, F:aug 0.3s, Bb:maj 2.0s, Eb:maj 1.0s, Bb:maj 0.5s, G:7 0.5s, C:7 0.5s, F:7 0.5s, Bb:maj 1.0s, Bb:maj 2.5s, C#:dim 0.5s, C:min 1.0s, F:7 2.8s, F:aug 0.2s, Bb:maj 1.0s, Bb:7 1.0s, Eb:maj 1.0s, C:7 1.5s, F:7 0.5s, F:7 0.2s, F:dim 0.2s, F:7 0.5s, Bb:maj 0.5s, C:maj 0.5s, Bb:dim 0.5s, F:7 1.8s, F:aug 0.2s, Bb:maj 1.5s, C#:dim 0.5s, C:min 1.8s, F:aug 0.2s, Bb:maj 1.5s, C:maj 0.2s, Bb:dim 0.2s, F:7 1.8s, F:aug 0.2s, Bb:maj 2.0s, Eb:maj 1.0s, Bb:maj 0.5s, G:7 0.5s, C:7 0.5s, F:7 0.5s, Bb:maj 1.0s, Bb:maj 2.5s, C#:dim 0.5s, C:min 1.0s, F:7 2.8s, F:aug 0.2s, Bb:maj 1.0s, Bb:7 0.5s"
4349,C:major,"C:maj 2.0s, C:7 1.0s, F:maj 1.0s, C:maj 2.0s, D:9 1.0s, G:7 1.0s, C:7 3.0s, F:maj 1.0s, C:maj/5 1.5s, D:9 0.5s, D:min7 0.5s, G:7 0.5s, C:maj 1.0s, E:min6 1.0s, B:7 1.0s, E:min6 1.0s, B:7 1.0s, E:min6 1.0s, B:7 1.0s, E:min6 1.0s, B:7 1.0s, E:min 1.0s, A:min6 1.0s, E:min 1.0s, A:dim 1.0s, E:min 1.0s, A:min6 0.8s, C:dim 0.2s, E:min 1.0s, D:min7 1.0s, C:7 3.0s, F:maj 1.0s, A:9 2.0s, A:7 1.0s, D:min7 1.0s, D:hdim7 3.0s, C:maj 1.0s, Bb:7 2.5s, G:7 0.5s, C:maj 1.0s, D:hdim7 1.0s, G:7 0.5s, G:9 0.5s, C:maj 1.0s, A:min 1.0s, C:maj 1.0s, F:maj 1.0s, C:maj 1.0s, F:maj 1.0s, C:maj 1.0s, A:min 1.0s, G:7 1.0s, G:9 1.0s"
5907,Eb:major,"C:min 2.0s, G:7 4.0s, C:min 4.0s, D:min 2.0s, A:min 1.0s, G:7 1.0s, C:min 2.0s"
4058,Eb:major,"Eb:maj7 4.0s, F:9 1.0s, C:min7 1.0s, F:9 2.0s, F:min9 1.0s, Bb:9 1.0s, F:min7 1.0s, Bb:7 1.0s, Eb:maj7 1.0s, E:maj7 1.0s, F:maj7 1.0s, E:maj7 1.0s, Eb:maj7 4.0s, F:9 4.0s, F:min9 2.0s, B:sus4(7,13) 1.0s, Bb:(3,5,b7,9,11,13) 1.0s, Eb:maj7 1.0s, E:maj7 1.0s, F:maj7 1.0s, Gb:maj7 1.0s, G:maj7 1.0s, G:maj6 1.0s, G:maj7 1.0s, G:maj6 1.0s, G:min7 1.0s, C:9 1.0s, G:min7 1.0s, C:9 1.0s, F:maj 1.0s, F:maj6 1.0s, F:maj7 1.0s, F:maj6 1.0s, F:min7 1.0s, Bb:7 1.0s, F:min7 1.0s, Bb:7(b9) 1.0s, Eb:maj7 1.0s, Eb:maj6 3.0s, F:9 1.0s, C:min7 1.0s, F:9 2.0s, F:min7 1.0s, Bb:9 1.0s, F:min7 1.0s, Bb:9 1.0s"
5603,G:major,"B:7 4.0s, E:min 4.0s, B:7 4.0s, E:min 4.0s, E:(3,#5,b7) 2.5s, E:7 1.5s, A:7 8.0s, D:7 4.0s, G:7 4.0s, C:maj 4.0s, E:7 4.0s, A:min 2.5s, F#:7(b5) 0.5s, B:7 1.0s, C:maj 2.0s, C#:dim7 2.0s, G:maj/5 1.0s, F:9 1.0s, E:7 2.0s, A:7 2.0s, D:7 2.0s"
3650,C:major,"C:maj 1.0s, C:7 1.0s, F:maj 1.0s, G:7 1.0s, C:maj 5.0s, C:7 1.0s, F:maj 2.0s, G:maj 1.5s, D:7 0.5s, G:7 2.0s, C:maj 1.0s, C:7 1.0s, F:maj 2.0s, C:maj 5.3s, D:min 0.8s, F:maj 1.0s, G:7 1.0s, C:maj 4.0s, F:maj 1.0s, G:7 1.0s, C:maj 2.0s, F:maj 1.0s, G:7 1.0s, C:maj 2.0s, F:maj 1.0s, E:min7 1.0s, D:min 2.0s, D:min7 0.5s, E:min 0.5s, F:maj 0.5s, G:maj 0.5s, D:min 0.2s, E:min 0.5s, F:maj 0.8s, G:7 0.5s, C:maj 2.0s, G:7 4.0s, C:maj 1.0s, C:7 1.0s, F:maj 1.0s, G:7 1.0s, C:maj 2.0s"
622,C:major,"G:aug 0.5s, C:maj 2.0s, G:aug 2.0s, G:min(#5) 1.0s, A:7 1.0s, F:min 2.0s, C:maj 1.0s, A:min 1.0s, D:7 1.0s, G:(3,#5,b7) 1.0s, C:maj 2.0s, G:dim 1.0s, G:7 1.0s, C:maj 2.0s, G:aug 2.0s, G:min(#5) 1.0s, A:7 1.0s, F:min6 2.0s, C:maj 1.0s, A:min 1.0s, D:7 1.0s, G:(3,#5,b7) 1.0s, C:maj 4.0s, G:7 2.0s, G:(3,#5,b7) 1.2s, Eb:maj 0.8s, A:min 1.0s, C:maj 1.0s, A:min 2.0s, A:min6 2.0s, B:7 2.0s, E:7 2.0s, G:7 1.0s, G:aug 1.0s, C:maj 2.0s, G:aug 2.0s, G:min(#5) 1.0s, A:7 1.0s, F:min6 2.0s, C:maj 1.0s, A:min 1.0s, D:maj 1.0s, G:(3,#5,b7) 0.5s"
765,C:major,"A:min 25.0s, E:maj 2.0s, F:maj 1.0s, E:maj 7.6s, F:maj 6.0s, E:maj 2.0s, D:min7 0.5s, G:7 1.5s, C:maj 2.0s, C:maj6 2.0s, E:min 2.0s, C:maj 0.5s, C:maj9 1.0s, Eb:dim 0.5s, D:min7 0.2s, G:7 3.8s, G:7 2.4s"
2003,F:major,"F:maj7 1.0s, F:maj 2.0s, F:7 4.0s, G:min7 1.0s, C:7 1.0s, G:min7 1.0s, C:7 1.0s, F:maj 5.0s, F:maj7 1.0s, F:maj 6.0s, G:min7 1.0s, C:7 1.0s, G:min7 1.5s, C:7 0.5s, F:maj 2.0s, G:min7 2.0s, C:7 2.5s, F:maj 1.5s, F:7 2.0s, G:min7 2.0s, C:7 2.0s, F:maj 2.0s, F:7 2.0s, G:min7 2.0s, C:7 2.0s, F:maj 2.0s, F:7 2.0s, G:min7 2.0s, C:7 2.0s, F:maj 3.0s"
1051,F:major,"F:maj 1.0s, C:7 1.0s, F:maj 1.0s, D:7 1.0s, G:min 0.5s, G:hdim7 0.5s, C:7 1.0s, F:maj 1.0s, C:7 1.0s, F:maj 1.0s, C:7 1.0s, F:maj 1.0s, D:7 1.0s, G:min 1.0s, C:7 1.0s, F:maj 1.0s, G:7 0.5s, C:7 0.5s, F:maj 2.0s, C:maj 0.5s, C:min 0.5s, G:7 2.0s, C:maj 1.5s, C:min 0.5s, G:7 2.0s, C:maj 1.0s, F:min 1.0s, C:7 1.0s, F:min 1.0s, C:7 1.0s, F:min 1.0s, C:7 0.5s, F:min 0.5s, C:7 1.0s, F:maj 1.0s, C:7 1.0s, F:maj 1.0s, D:7 1.0s, G:min 1.0s, C:7 1.0s, F:maj 1.0s, C:7 1.0s, F:maj 1.0s, C:7 1.0s, F:maj 1.0s, D:7 1.0s, G:min 1.0s, C:7 1.0s, F:maj 0.5s, Bb:min 0.5s, F:maj 1.0s"
3021,G:major,"G:maj 3.0s, C:maj 1.5s, E:7 0.5s, A:min 1.0s, D:7 1.0s, A:min7 0.5s, D:9 0.5s, A:min7 0.5s, D:7 0.5s, G:maj6 1.5s, D:dim 0.5s, D:7 1.0s, G:maj 3.0s, C:maj 1.5s, E:7 0.5s, A:min 1.0s, D:7 1.0s, A:min7 0.5s, D:7 0.5s, A:min7 0.5s, D:7 0.5s, G:maj 1.0s, G:sus4 0.5s, G:maj 1.0s, G:sus4 0.5s, G:maj 1.0s, G:sus4 0.5s, G:maj 1.5s, C:maj 1.5s, E:7 1.5s, A:min 3.0s, A:min7 1.0s, D:7 0.5s, D:9 1.0s, D:7 0.5s, G:maj 1.0s, G:sus4 0.5s, G:maj 1.5s, C:maj 1.5s, E:7 0.5s, A:min 1.0s, D:7 1.0s, A:min7 0.5s, D:7 0.5s, A:min7 0.5s, D:7 0.5s, G:maj 0.5s, A:min7 0.5s, D:7 1.0s, G:maj 1.0s"
2069,Eb:major,"Eb:maj 2.0s, F:min7 1.0s, Bb:9 1.0s, Eb:maj 2.0s, F:min7 1.0s, Bb:7 1.0s, D:maj 0.2s, Eb:maj 1.8s, Bb:maj 1.0s, C:min7 0.5s, F:7 0.5s, Bb:maj 0.0s, A:7 0.7s, Bb:maj 0.7s, G:7 0.7s, C:min7 1.0s, F:7 1.0s, F:min7 1.0s, Bb:7 1.0s, F:min7 1.0s, Bb:7 1.0s, Eb:maj7 0.5s, C:min7 1.5s, D:hdim7 1.0s, G:7(b9) 1.0s, C:min7 2.0s, D:hdim7 1.0s, G:7(b9) 1.0s, C:min7 2.0s, D:7 1.0s, Ab:7 1.0s, F:min6 0.7s, G:7 0.7s, G:7(b9) 0.7s, C:min7 1.0s, D:7 1.0s, G:7 2.0s, G:min7 1.5s, C:7 0.5s, F:min7 1.0s, C:(3,#5,b7) 1.0s, F:min7 1.0s, Bb:9 1.0s, Db:7 0.5s, C:7 1.5s, F:min7 1.0s, Bb:(3,5,b7,9,11,13) 1.0s, Eb:maj 0.0s, Bb:7(#5,b9) 0.7s, Eb:maj 0.7s, C:min 0.7s, F:min7 1.0s, Bb:7 1.0s, Eb:maj7 0.5s, C:min7 1.5s, D:hdim7 1.0s, G:7(b9) 1.0s, C:min7 2.0s, D:hdim7 1.0s, G:7(b9) 1.0s"
5700,A:major,"A:maj 2.0s, A:maj9 2.0s, A:9 2.0s, B:min7/b7 2.0s, B:hdim7/b7 2.0s, A:maj 2.0s, B:hdim7/b3 2.0s, E:sus4(7,9) 1.0s, E:(3,5,b7,9,11,13) 1.0s, A:maj 2.0s, A:maj7 2.0s, A:9 2.0s, B:min7/b7 2.0s, B:hdim7/b7 2.0s, A:maj 2.0s, B:hdim7/b3 2.0s, E:sus4(7,9) 1.0s, F:dim7 1.0s, F#:min 2.0s, C#:maj/b4 2.0s, F#:min/b7 2.0s, B:maj/3 1.0s, B:min/b3 1.0s, C:hdim7 2.0s, F#:7 2.0s, B:min7 2.0s, E:7 2.0s, B:min7 2.0s, D:maj/9 2.0s, A:maj 2.0s, B:min7/5 2.0s, B:hdim7/b5 2.0s, A:maj 2.0s"
5194,G:major,"G:min 2.0s, C:min 2.0s, D:7 8.0s, G:min 1.0s, A:7 1.0s, D:maj 1.0s, D:7 1.0s, G:7 2.0s, C:maj 2.0s, G:maj 2.0s, G:7 2.0s, C:maj 4.0s, G:maj 4.0s, D:7 2.0s, D:(3,#5,b7) 2.0s, G:maj 4.0s, G:7 2.0s, C:maj 2.0s, G:maj 2.0s, G:7 2.0s, C:maj 4.0s, G:maj 4.0s, D:7 2.0s, D:(3,#5,b7) 2.0s"
3039,C:major,"A:min7 2.0s, G:min7 1.0s, C:(*3,*5) 1.0s, F:maj7 2.0s, B:min7 1.0s, E:(*3,*5) 1.0s, A:min7 2.0s, G:min7 1.0s, C:(*3,*5) 1.0s, F:maj7 2.0s, B:min7 1.0s, E:(*3,*5) 1.0s, A:min7 2.0s, G:min7 1.0s, C:(*3,*5) 1.0s, F:maj7 2.0s, Bb:(*3,*5) 2.0s, B:hdim7 2.0s, E:7(#9) 2.0s, A:min7 2.0s, E:7(#9) 2.0s, A:min7 2.0s, G:min7 1.0s, C:(*3,*5) 1.0s, F:maj7 2.0s, B:min7 1.0s, E:(*3,*5) 1.0s, A:min7 2.0s, G:min7 1.0s, C:(*3,*5) 1.0s, F:maj7 2.0s, B:min7 1.0s, E:(*3,*5) 1.0s, A:min7 2.0s, G:min7 1.0s, C:(*3,*5) 1.0s, F:maj7 2.0s, Bb:(*3,*5) 2.0s, B:hdim7 2.0s, E:7(#9) 2.0s"
1317,G:major,"G:maj 3.0s, C:maj 1.5s, A:min7 1.5s, D:7 3.0s, G:maj 2.5s, D:7 0.5s, G:maj 3.0s, C:maj 1.5s, A:min7 1.5s, D:7 3.0s, G:maj 2.0s, D:7 1.0s, G:maj 3.0s, C:maj 1.5s, A:min 1.5s, D:7 3.0s, G:maj 2.0s, D:7 1.0s, G:maj 3.0s, C:maj 3.0s, D:7 3.0s, G:maj 2.0s, D:7 1.0s, G:maj 3.0s, C:maj 1.5s, A:min 1.5s, D:7 3.0s, G:maj 2.0s, D:7 1.0s"
976,C:major,"C:maj 12.0s, D:min7 2.0s, G:7 2.0s, D:min7 2.0s, G:7 10.0s, C:maj 4.0s, C:maj 12.0s, D:min7 2.0s, G:7 2.0s, D:min7 2.0s, G:7 10.0s"
521,F:major,"D:min 2.0s, B:maj 2.0s, F:maj 2.0s, A:min 2.0s, D:min 2.0s, B:maj 2.0s, F:maj 2.0s, A:min 2.0s, D:min 2.0s, B:maj 1.6s, F:(3,*5) 0.1s, F:(3,*5) 0.1s, F:(3,*5) 0.1s, F:maj 0.0s, F:(3,*5) 0.1s, F:(3,*5) 1.0s, F:(3,*5) 0.1s, F:(3,*5) 0.1s, F:(3,*5) 0.1s, F:(3,*5) 0.1s, F:(3,*5) 0.1s, F:(3,*5) 0.2s, F:(3,*5) 0.2s, F:(3,*5) 1.0s, F:(3,*5) 0.1s, F:(3,*5) 1.4s, A:min 1.0s, A:(*3,5)/5 1.0s, D:min 2.0s, B:maj 2.0s, F:maj 2.0s, A:min 1.1s, A:(*3,5)/5 0.2s, A:(*3,5)/5 0.1s, A:(*3,5)/5 0.1s, F:(3,*5) 0.1s, A:(*3,5)/5 0.1s, D:(*3,5) 0.1s, D:min 0.0s, D:(*3,5) 0.2s, A:(*3,5)/5 1.0s, D:(*3,5) 0.1s, D:(*3,5) 0.1s, A:(*3,5)/5 0.1s, F:(3,*5) 0.1s, A:(*3,5)/5 0.1s, D:(*3,5) 0.1s, D:(*3,5) 0.2s, D:(*3,5) 1.0s, D:(*3,5) 0.1s, D:(*3,5) 0.1s, D:(*3,5) 0.1s, F:(3,*5) 1.6s, B:maj 0.0s, Bb:(3,*5)/3 0.1s, A:(b3,*5)/b3 1.0s, Bb:(3,*5)/3 0.1s, Bb:(3,*5)/3 0.1s, Bb:(3,*5)/3 0.1s, Bb:(3,*5)/3 0.1s, Bb:(*3,5)/5 0.1s, E:(*3,b5) 0.1s, Bb:(3,*5)/3 0.1s, Bb:(3,*5)/3 0.2s, A:(b3,*5)/b3 1.0s, Bb:(3,*5)/3 0.1s, A:(b3,*5)/b3 0.1s, Bb:(3,*5)/3 1.5s, F:maj 0.0s, A:(b3,*5)/b3 0.1s, F:(3,*5) 1.0s, A:(b3,*5)/b3 0.1s, A:(b3,*5)/b3 0.1s, A:(b3,*5)/b3 0.1s, A:(b3,*5)/b3 0.5s, A:(b3,*5)/b3 0.1s, A:(*3,5)/5 1.0s, A:(b3,*5)/b3 0.1s, A:(b3,*5)/b3 0.1s, A:(b3,*5)/b3 0.1s, F:(3,*5) 1.5s, A:min 0.0s, A:(*3,5)/5 1.0s, Bb:(*3,5)/5 1.0s, D:min 2.0s, B:maj 2.0s, F:maj 2.0s, A:min 2.0s"
1787,Eb:major,"F:min7 2.0s, Bb:7 2.0s, F:min7 2.0s, Bb:7 2.0s, Eb:maj7 2.0s, F:min7 1.0s, Bb:7 1.0s, G:min7 2.0s, C:7 6.0s, F:min7 2.0s, Bb:7 2.0s, Eb:maj7 2.0s, F:min7 1.0s, Bb:7 1.0s, E:maj7 2.0s, D:hdim7 1.0s, G:7 1.0s, C:min7 2.0s, Ab:7 2.0s, C:min7 2.0s, A:hdim7 1.0s, D:7(b9) 1.0s, G:min7 2.0s, C:7 2.0s, F:min7 2.0s, Bb:7 2.0s, F:min7 2.0s, Bb:7 2.0s, F:min7 2.0s, Bb:7 2.0s, Eb:maj7 2.0s, F:min7 1.0s, Bb:7 1.0s"
3053,F:major,"F:maj7 1.0s, B:9 1.0s, Bb:maj7 1.0s, G:min7 0.5s, C:7(b9) 0.5s, A:min7 1.0s, D:7(b9) 1.0s, G:min7 0.5s, A:min7 0.5s, Bb:maj 0.5s, C:9 0.5s, F:min7 1.0s, Bb:min7 1.0s, G:7(b5,b9) 1.0s, G:min7/4 0.5s, C:7(b9) 0.5s, A:min7 1.0s, D:7(b9) 1.0s, A:min7 0.5s, Bb:min 0.5s, C:min6 0.5s, D:7 0.5s, D:min7/4 1.0s, G:9 1.0s, G:min7/4 1.0s, Bb:min7 1.0s, A:min7 1.0s, D:min7 1.0s, G:min7 1.0s, C:9 1.0s, F:maj7 1.0s, B:9 1.0s, Bb:maj9 1.0s, G:min7 0.5s, C:7(b9) 0.5s, A:min7 1.0s, D:7(b9) 1.0s, G:min7 0.5s, A:min7 0.5s, Bb:maj 0.5s, C:9 0.5s, F:min7 1.0s, Bb:min7 1.0s, G:7(b5,b9) 1.0s, G:min7/4 0.5s, C:7(b9) 0.5s, A:min7 1.0s, D:7(b9) 1.0s, A:min7 0.5s, Bb:min 0.5s, C:min6 0.5s, D:7 0.5s, D:min7/4 1.0s, G:9 1.0s, G:min7/4 1.0s, Bb:min7 1.0s, A:min7 1.0s, D:min7 1.0s, G:min7 1.0s, C:7(b9) 1.0s, F:maj 1.0s, D:7(#9) 1.0s, G:min7 1.0s, C:9 1.0s, F:maj 2.0s, F:maj9 2.0s"
3274,F:major,"F:maj 1.0s, D:7 1.0s, G:min 2.0s, F:maj 1.0s, G:min7 0.5s, C:7 2.5s, F:maj 1.0s, D:7 1.0s, G:min 1.5s, C:7 0.5s, A:min 1.0s, F:maj 1.5s, F#:dim7 0.8s, D:min 0.2s, C:maj 0.8s, F:maj 0.8s, D:7 1.0s, G:min 2.0s, F:maj 1.0s, G:min7 0.5s, C:7 2.5s, F:maj 1.0s, D:7 1.0s, G:min 1.5s, C:7 0.5s, A:min 1.0s, F:maj 1.8s, F#:dim7 0.5s, D:min 0.2s, C:maj 0.5s, Bb:maj 2.0s, Bb:min 2.0s, F:maj 5.5s, D:min 0.5s, F:maj 3.5s, F:dim7 0.5s, C:7 2.0s, F:maj 1.0s, D:7 1.0s, G:min 2.0s, F:maj 1.0s, G:min7 0.5s, C:7 2.5s, F:maj 1.0s, D:7 1.0s, G:min 1.0s, E:7 1.0s"
6093,G:major,"G:maj 2.0s, G:maj 2.0s, G:maj 1.0s, G#:dim 1.0s, A:min7 2.0s, D:7 2.0s, D:7 2.0s, D:7 2.0s, G:maj 2.0s, C:maj 2.0s, G:maj 2.0s, D:7 2.0s, E:min 2.0s, B:7 2.0s, E:min 2.0s, A:7 2.0s, D:7 2.0s, G:maj 2.0s, G:maj 2.0s, G:maj 1.0s, G#:dim 1.0s, A:min7 2.0s, D:7 2.0s, D:7 2.1s, D:7 1.9s, G:maj 2.0s, C:maj 2.0s, G:maj 2.0s, G:maj 1.5s, D:min 0.5s, E:7 2.0s, A:min7 2.0s, A:min7 1.0s, D:7 1.0s"
568,Eb:major,"Eb:maj 1.0s, C:7(b9) 1.0s, F:min7 1.0s, Bb:7 1.0s, Eb:maj6 2.0s, B:7 1.0s, Bb:7 1.0s, Eb:maj 1.0s, F:min7 0.5s, Bb:7 0.5s, Eb:maj 1.0s, C:7(b9) 1.0s, F:min7 1.0s, Bb:7 1.0s, G:min7 1.5s, C:min 0.5s, A:min7 1.0s, D:7 1.0s, G:maj 2.0s, A:min7 1.0s, D:7(b9) 1.0s, G:maj7 2.0s, A:min 1.0s, D:7 1.0s, G:min 2.0s, Ab:maj 1.0s, C:(3,#5,b7) 1.5s, F:min 0.5s, C:7 1.0s, C:min7 1.0s, B:7(b5) 1.0s, Bb:(3,5,b7,9,11) 2.0s, Eb:maj6 1.0s, Ab:maj7 1.0s, Eb:maj6/3 1.0s, Eb:dim7/b3 1.0s, F:min7 2.0s, F:min7/4 2.0s, Bb:min7 2.0s, Eb:(3,5,b7,9,11,13) 1.0s, A:7(#9) 1.0s, Ab:maj 1.0s, G:min7 0.8s, F:min7 0.5s, Bb:sus4(7,9) 1.8s, Eb:maj6 1.0s, Ab:maj7 1.0s, Eb:maj6/3 1.0s, Eb:dim7/3 1.0s, F:min7 2.0s, Bb:(3,5,b7,9,11) 2.0s"
3308,Eb:major,"Eb:maj 1.0s, C:min7 1.0s, F:min7 0.7s, Bb:7 1.2s, Eb:maj 1.0s, C:min7 1.0s, F:min7 0.8s, Bb:7 1.2s, Eb:maj 1.0s, C:min7 1.0s, F:min7 1.0s, Bb:7 1.0s, Eb:maj 1.0s, C:min7 1.0s, F:min7 1.0s, Bb:7 1.0s, Eb:maj 1.0s, C:min7 1.0s, F:min7 0.8s, Bb:7 1.2s, Eb:maj 1.0s, C:min7 1.0s, F:min7 0.8s, Bb:7 1.2s, Eb:maj 1.0s, E:dim 1.0s, F:min7 1.0s, Bb:7 1.0s, Bb:min7 2.0s, Eb:7 2.0s, Ab:maj 8.0s, Ab:min 4.0s, Eb:maj 0.8s, C:min7 1.2s, F:min7 1.0s, Bb:7 1.0s, Eb:maj 1.0s, C:min7 1.0s, F:min7 0.8s, Bb:7 1.2s, Eb:maj 1.0s, C:min7 1.0s, F:min7 0.8s, Bb:7 1.2s, Eb:maj 1.0s, E:dim 1.0s, F:min7 1.0s, Bb:7 1.0s"
4486,F:major,"F:maj 2.0s, C:7 2.0s, F:maj 1.0s, Bb:maj7 1.0s, F:maj 2.0s, C:sus4(7) 1.0s, C:7 1.0s, C:9 1.0s, C:7 1.0s, F:sus4(7) 0.5s, F:maj 1.5s, C:7 4.0s, F:maj 2.0s, F:7 2.0s, Bb:maj 2.0s, G:7 3.0s, G:9 1.0s, G:7 1.0s, G:9 1.0s, C:7 2.0s, F:maj 2.0s, C:7 2.0s, F:maj 1.0s, Bb:maj7 1.0s, F:maj 2.0s, C:sus4(7) 1.0s, C:7 1.0s, C:9 2.0s, F:sus4(7) 0.5s, F:maj 1.5s, C:7 4.0s, F:maj 2.0s, F:7 2.0s, Bb:maj 2.0s, A:7 2.0s, D:min 1.0s, D:maj 0.5s, D:min7 0.5s"
6113,F:major,"F:(3,#5,b7) 2.0s, Bb:(3,#5,b7) 2.0s, F:(3,#5,b7) 2.0s, Bb:(3,#5,b7) 2.0s, F:(3,#5,b7) 0.0s, A:min 0.2s, A:min 1.0s, A:min 0.2s, A:min 0.2s, A:min 0.2s, A:min 0.2s, A:min 1.0s, A:min 1.2s, A:min 0.2s, A:min 0.2s, A:min 0.2s, A:min 0.2s, A:min 0.2s, A:min 0.2s, A:min 0.2s, A:min 0.2s, G:min7 2.0s, C:7 2.0s, F:(3,#5,b7) 4.0s, C:min7 2.0s, F:(3,#5,b7) 2.0s, Bb:(3,#5,b7) 4.0s, Eb:min7 2.0s, Ab:7 2.0s, Db:(3,#5,b7) 4.0s, C#:min7 2.0s, F#:7 2.0s, B:(3,#5,b7) 17.5s"
4210,D:major,"D:maj 1.5s, C#:dim/b9 1.5s, D:maj 4.5s, C#:dim/b9 1.5s, D:maj 3.0s, A:maj/3 1.5s, C:7 1.5s, E:min/5 1.5s, E:min/b3 1.5s, E:min 3.0s, E:7/b5 1.5s, A:7 1.5s, D:maj 1.5s, C#:dim/b9 1.5s, D:maj 4.5s, C#:dim/b9 1.5s, D:maj 1.5s, D:7 1.5s, F#:min/5 1.5s, C#:maj/b7 1.5s, F#:min/b3 1.5s, C#:7/5 1.5s, F#:min 1.0s, F#:min/b7 1.0s, D:7 1.0s, F#:min/5 1.0s, C#:7 0.5s, F#:min 1.5s, D:maj 1.5s, D:maj/5 1.5s, A:7/5 1.5s, A:7 1.5s, G:maj/5 1.5s, A:7 1.5s, D:maj 1.5s, D:maj/5 1.5s"
3531,D:major,"D:maj 2.0s, G:min 2.0s, D:maj 2.0s, G:min 2.0s, Eb:maj 2.0s, E:maj 2.0s, Eb:min 2.0s, Bb:maj 2.0s, G:min 2.0s, A:maj 2.0s, D:maj 2.0s, G:min 2.0s, D:maj 2.0s, G:min 2.0s, Eb:maj 2.0s, E:maj 2.0s, Eb:min 2.0s, Bb:maj 2.0s, G:min 2.0s, A:maj 2.0s, D:maj 2.0s, G:min 2.0s, D:maj 2.0s, G:min 2.0s, D:maj 2.0s, G:min 2.0s, D:maj 4.0s"
1057,E:major,"C#:min 2.0s, A:maj 1.0s, B:maj 1.0s, C#:min 2.0s, A:maj 1.0s, B:maj 1.0s, C#:min 2.0s, A:maj 1.0s, B:maj 1.0s, E:maj 2.0s, E:maj 2.0s, C#:min 2.0s, B:sus4 2.0s, A:maj7 2.0s, F#:min7 2.0s, G#:min 4.0s, C#:min 2.0s, A:maj 1.5s, B:maj 0.5s, C#:min 2.0s, A:maj 1.0s, B:maj 1.0s, A:maj 2.0s, F#:min 2.0s, G#:min 4.0s, C#:min 2.0s, A:maj 0.6s, B:maj 1.4s, C#:min 2.0s, A:maj 0.7s, B:maj 1.3s, C#:min 2.0s, A:maj 1.0s, B:maj 1.0s, E:maj 2.5s, Eb:maj 1.5s"
6475,C:major,"D:min7 1.0s, F:maj7 1.0s, F:min6 2.0s, C:maj7 4.0s, D:min7 1.0s, F:maj7 1.0s, F:min6 2.0s, C:maj7 1.0s, B:7 1.0s, E:maj7 2.0s, F:maj7 2.0s, F:min6 2.0s, C:maj 1.0s, D:9 1.0s, D:min7 1.5s, G:7 0.5s, C:maj7 1.0s, D:min7 1.0s, E:min7 2.0s, G:7/5 1.0s, G:7 1.0s, D:min7 1.5s, G:7 0.5s, D:min7 2.0s, G:7 2.0s, C:maj7 4.0s, C:maj/3 2.0s, Eb:dim7 2.0s, D:min7 1.0s, A:(3,#5,b7) 0.5s, A:7 0.5s, D:min7 3.0s, A:(3,#5,b7) 0.5s, A:7 0.5s, D:min7 1.5s, G:7 0.5s, C:maj7 1.0s, Ab:7 1.0s, G:7 1.5s, G:(3,#5,b7) 0.5s, C:maj7 1.0s, D:min7 1.0s, E:min7 2.0s"
417,Bb:major,"Bb:maj 2.0s, Eb:maj 2.0s, F:7 2.0s, Bb:maj 4.0s, Eb:maj 2.0s, Bb:maj 1.0s, F:7 1.0s, Bb:maj 3.0s, Eb:maj 1.0s, F:7 1.0s, Bb:maj 1.0s, G:min 1.0s, C:min 1.0s, F:maj 2.0s, Bb:maj 1.0s, F:maj 0.5s, Bb:maj 0.5s, Eb:maj 2.0s, Bb:maj 1.0s, F:7 1.0s, Bb:maj 3.0s, Eb:maj 1.0s, F:7 1.0s, Bb:maj 1.0s, G:min 1.0s, C:min 1.0s, F:maj 2.0s, Bb:maj 1.0s, F:maj 0.5s, Bb:maj 0.5s, Eb:maj 2.0s, Bb:maj 1.0s, F:7 1.0s, Bb:maj 1.5s, Eb:maj 0.5s, F:7 2.0s, Bb:maj 2.0s, Bb:maj 2.0s, Eb:maj 2.0s, F:7 2.0s, Bb:maj 2.0s"
681,C:major,"C:maj7 1.0s, F:(3,5,b7,9,11,13) 1.0s, Bb:7(b5) 2.0s, C:maj7 1.0s, F:(3,5,b7,9,11,13) 1.0s, Bb:7(b5) 2.0s, C:maj7 1.0s, F:(3,5,b7,9,11,13) 1.0s, B:(b3,5,b7,9,11) 1.0s, Bb:7 1.0s, A:7(b5) 1.0s, Ab:7(b5) 0.5s, G:7(b5) 1.5s, C:maj 1.0s, C:maj7 1.0s, F:(3,5,b7,9,11,13) 1.0s, Bb:7(b5) 2.0s, C:maj7 1.0s, F:(3,5,b7,9,11,13) 1.0s, Bb:7(b5) 2.0s, C:maj7 1.0s, F:(3,5,b7,9,11,13) 1.0s, B:(b3,5,b7,9,11) 1.0s, Bb:7 1.0s, A:7(b5) 1.0s, Ab:7(b5) 0.5s, G:7(b5) 2.5s, C:7 4.0s, G:min7 4.0s, Db:maj6 1.0s, C:7 1.0s, Db:maj6 1.0s, C:7 1.0s, Db:maj6 1.0s, C:7 1.0s, Db:maj7 2.0s, C:maj7 1.0s, F:(3,5,b7,9,11,13) 1.0s, Bb:7(b5) 2.0s, C:maj7 1.0s, F:(3,5,b7,9,11,13) 1.0s, Bb:7(b5) 2.0s, C:maj7 1.0s, F:(3,5,b7,9,11,13) 1.0s, B:(b3,5,b7,9,11) 1.0s, Bb:7 1.0s"
1220,F:major,"D:min 1.8s, A:7/3 2.2s, F:maj/5 3.8s, Bb:maj 1.0s, A:min7 1.0s, G:min7 1.0s, A:min7 0.9s, Bb:maj 1.2s, A:min/b3 1.0s, Bb:maj/9 0.8s, F:maj 1.4s, D:min 1.8s, A:7/3 2.2s, F:maj/5 3.8s, Bb:maj 1.0s, A:min7 1.0s, G:min7 1.0s, A:min7 0.9s, Bb:maj 1.3s, A:min/b3 1.0s, Bb:maj/9 0.8s, F:maj 1.4s, D:min 0.9s, A:7(#5)/3 1.1s, F:maj6/5 1.6s, Bb:maj 1.0s, F:maj/5 0.5s, C:7 0.5s, Bb:maj/5 1.0s, F:maj 1.0s, D:min 1.2s, A:7(#5)/3 0.9s, F:maj6/5 2.0s, Bb:maj 1.9s, G:7 1.0s, Bb:maj/9 1.4s, D:min 1.8s, A:7/3 2.2s, F:maj/5 3.6s, Bb:maj 1.1s, A:min7 1.0s, G:min7 1.0s, A:min7 0.9s, Bb:maj 0.4s"
3052,C:major,"F:maj7 1.0s, F:maj6 1.0s, G:min7 1.0s, C:7 1.0s, F:maj 2.0s, G:min7 1.0s, C:7 1.0s, F:maj7 1.0s, F:maj6 1.0s, G:min7 1.0s, G:min7/4 1.0s, F:maj 2.0s, Ab:maj 1.0s, C:7 1.0s, F:maj7 1.0s, F:maj6 1.0s, G:min7 1.0s, C:7 1.0s, F:maj 2.0s, G:min7 1.0s, C:7 1.0s, F:maj7 1.0s, F:maj6 1.0s, G:min7 1.0s, G:min7/4 1.0s, F:maj 2.0s, Bb:maj/5 1.0s, F:maj 1.0s, B:min 3.0s, E:7 1.0s, A:maj 2.0s, A:maj6 2.0s, B:min7 3.0s, E:7 1.0s, A:maj 4.0s, A:min7 3.0s, D:7 1.0s, G:maj 2.0s, G:maj6 2.0s, G:min7 4.0s"
2709,Bb:major,"Bb:(*3,*5) 4.0s, F:maj 2.0s, F:(*3,*5) 1.0s, C:maj 1.0s, F:(*3,*5) 2.0s, F:maj 1.0s, C:maj 1.0s, Bb:(*3,*5) 4.0s, D:maj 2.0s, Bb:(*3,*5) 2.0s, Eb:(*3,*5) 4.0s, Bb:(*3,*5) 2.0s, F:maj 1.0s, C:maj 1.0s, F#:(*3,*5) 1.0s, Eb:(*3,*5) 1.0s, Bb:(*3,*5) 1.0s, F:maj 1.0s, Eb:(*3,*5) 2.0s, Eb:maj 2.0s, Bb:(*3,*5) 2.0s, G:maj 1.0s, Gb:(*3,*5) 1.0s, G:maj 2.0s, C:maj 1.0s, G:maj 1.0s, F:maj 3.0s, F:(*3,*5) 1.0s, Bb:(*3,*5) 4.0s, Eb:(*3,*5) 4.0s, Bb:(*3,*5) 2.0s, F:maj 2.0s"
4,F:major,"F:maj 2.0s, E:7 2.0s, C:min 2.0s, D:7 2.0s, G:7 2.0s, C:7 2.0s, F:maj 1.0s, F#:maj 1.0s, G:min7 1.0s, C:7 1.0s, C:7 2.0s, F:maj 2.0s, F:maj 1.0s, E:7 1.0s, A:min 2.0s, F:maj 2.0s, B:7 2.0s, D:min 2.0s, E:7 2.0s, B:min7 1.0s, E:7 1.0s, A:min 1.0s, D:7 1.0s, G:min7 1.0s, C:7 3.0s, C:7 2.0s, F:maj 1.0s, C:min 1.0s, D:7 2.0s, G:7 2.0s, C:7 2.0s, F:maj 1.0s, Bb:maj 1.0s, F:maj 2.0s"
473,Eb:major,"G:(b3,*5) 1.0s, G:(b3,*5) 1.0s, G:(b3,*5) 1.0s, G:(b3,*5) 1.0s, G:(b3,*5) 1.0s, G:(b3,*5) 1.0s, G:(b3,*5) 1.0s, G:(b3,*5) 1.0s, C:(b3,*5) 1.0s, C:(b3,*5) 1.0s, C:(b3,*5) 1.0s, C:(b3,*5) 1.0s, G:(b3,*5) 1.0s, G:(b3,*5) 1.0s, G:(b3,*5) 1.0s, G:(b3,*5) 1.0s, Ab:(3,*5) 1.0s, Ab:(3,*5) 1.0s, Bb:(*3,*5,b7)/b7 1.0s, Bb:(*3,*5,b7)/b7 1.0s, G:(b3,*5) 1.0s, G:(b3,*5) 1.0s, G:(b3,*5) 1.0s, G:(b3,*5) 1.0s, Ab:(3,*5) 1.0s, Ab:(3,*5) 1.0s, Bb:(*3,*5,b7)/b7 1.0s, Bb:(*3,*5,b7)/b7 1.0s, G:(b3,*5) 1.0s, G:(b3,*5) 3.0s, Ab:(3,*5) 1.0s, Ab:(3,*5) 1.0s, Bb:(*3,5)/5 1.0s, Bb:(*3,5)/5 5.0s, Ab:(3,*5) 1.0s, Ab:(3,*5) 1.0s, Bb:(*3,5)/5 1.0s, Bb:(*3,5)/5 9.0s, G:(b3,*5) 1.0s, G:(b3,*5) 1.0s, G:(b3,*5) 1.0s, G:(b3,*5) 1.0s, G:(b3,*5) 1.0s, G:(b3,*5) 1.0s, G:(b3,*5) 1.0s, G:(b3,*5) 1.0s"
2820,Eb:major,"Bb:7(b9) 1.0s, Eb:maj7 3.0s, Eb:7(b9) 1.0s, Ab:maj7 3.0s, Ab:min9 1.0s, G:min 1.0s, C:min 1.0s, F:min7 1.0s, Bb:7 1.0s, Eb:maj 2.0s, G:min 1.0s, Bb:7(b9) 1.0s, Eb:maj7 3.0s, Eb:7(b9) 1.0s, Ab:maj7 3.0s, Ab:min 1.0s, G:min 2.0s, F:min7 1.0s, Bb:7 1.0s, Eb:maj 3.0s, A:min7 0.7s, D:7 0.3s, G:maj 2.5s, G:min 0.5s, C:min 0.7s, F:7 0.3s, Bb:maj 3.0s, F:dim 1.0s, C:min 1.5s, Eb:min 0.5s, F:7 2.0s, F:min7 2.5s, Bb:7(b9) 1.5s, Eb:maj7 3.0s, Eb:7(b9) 1.0s, Ab:maj7 3.0s, Ab:min 1.0s, G:min 2.0s, F:min7 1.0s"
3411,D:major,"D:7 1.2s, G:maj 4.0s, G:min7 2.0s, C:7 2.0s, D:maj 4.0s, C:7 2.0s, B:7 2.0s, E:7 4.0s, A:7 4.0s, D:maj 2.0s, Bb:(3,5,b7,9,11,13) 0.8s, A:(3,5,b7,9,11,13) 1.2s, D:maj 4.0s, F#:min7 2.0s, B:7 2.0s, E:min 4.0s, E:7 4.0s, A:7 8.0s, D:maj 4.0s, A:min7 2.0s, D:7 0.8s"
1421,C:major,"C:maj 1.0s, G:7 1.0s, C:maj 2.0s, A:7 2.0s, D:min 2.0s, G:7 4.0s, C:maj 2.0s, G:7 2.0s, C:maj 1.0s, G:7 1.0s, C:maj 2.0s, A:7 2.0s, D:min 2.0s, G:7 4.0s, C:maj 4.0s, G:min 2.0s, C:7 2.0s, F:maj 4.0s, D:7 4.0s, D:min 2.0s, G:7 2.0s, C:maj 1.0s, G:7 1.0s, C:maj 2.0s, A:7 2.0s, D:min 2.0s, G:7 4.0s"
273,F:major,"D:min7 1.5s, D:min6 1.5s, D:7(#9) 1.5s, A:(3,5,b7,9,11,13) 1.5s, D:min7 1.5s, Bb:maj 0.5s, Ab:maj 1.0s, A:7 0.5s, F:maj 0.5s, Eb:9 0.5s, D:min 1.5s, D:maj6 1.5s, D:7 1.5s, D:min9 1.5s, B:maj 1.0s, E:7(b5) 0.5s, A:9 1.5s, D:min7 1.5s, D:min6 1.5s, D:7(b9) 1.5s, A:7 1.5s, D:7(#9) 1.5s, G:min7 1.5s, A:7 0.5s, F:maj 0.5s, Eb:9 0.5s, D:min 1.5s, D:min6 1.5s, D:7 1.5s, D:min9 1.5s, B:maj 1.0s, E:7(b5) 2.0s, D:min7 1.5s, A:7(#9) 1.5s, Ab:7 1.0s, Ab:(3,#5,b7) 0.5s, Db:maj7 0.5s, Db:maj6 1.0s, A:sus4(7) 1.0s, A:(3,#5,b7) 0.5s, D:min7 1.5s, B:sus4(7) 1.0s, B:(3,#5,b7) 0.5s, E:min7 1.5s, F:maj6 0.5s, G:min 0.5s, G#:dim7 0.5s, A:(b3,5,b7,9,11) 1.5s, Eb:maj7 1.5s, Ab:sus4(7) 1.5s, Db:sus4(7) 1.5s, G:sus4(7) 1.5s"
881,Ab:major,"Ab:maj6 1.0s, F:min7 1.0s, Bb:min7 1.0s, Eb:7 1.0s, Ab:maj6 1.0s, F:min7 1.0s, Bb:min7 1.0s, Eb:7 1.0s, Ab:maj6 1.0s, Ab:7 1.0s, Db:maj6 1.0s, D:dim7 1.0s, Ab:maj6/5 1.0s, F:min7 1.0s, Bb:min7 1.0s, Eb:7 1.2s, Ab:maj6 0.8s, F:min7 1.0s, Bb:min7 1.0s, Eb:7 1.0s, Ab:maj6 1.0s, F:min7 1.0s, Bb:min7 1.0s, Eb:7 1.0s, Ab:7 1.0s, Ab:7 1.0s, Db:maj6 1.0s, D:dim7 1.0s, Eb:7 2.0s, Ab:maj6 2.0s, Ab:dim7 2.0s, Ab:dim7 2.0s, Ab:dim7 2.0s, Ab:dim7 2.0s, Ab:dim7 1.0s, G:dim7 1.0s, Gb:dim7 1.0s, F:7 1.0s, Fb:7 2.0s, Eb:7 2.0s, Ab:maj6 1.0s, F:min7 1.0s, Bb:min7 1.0s, Eb:7 1.0s, Ab:maj6 1.0s, F:min7 1.0s, Bb:min7 1.0s, Eb:7 1.0s, Ab:maj6 1.0s, Ab:7 1.0s, Db:maj6 1.0s, D:dim7 1.0s"
3949,C:major,"C:maj 0.5s, F:maj 0.5s, C:maj 1.0s, G:7 1.0s, C:maj 1.5s, F:maj 0.5s, C:maj 1.0s, G:7 2.5s, F:maj 0.4s, C:maj 1.1s, G:7 1.0s, C:maj 1.5s, F:maj 0.4s, C:maj 1.1s, G:7 1.0s, C:maj 2.0s, G:7 1.0s, A:min 0.5s, G:maj 0.5s, C:maj 1.5s, F:maj 0.4s, C:maj 1.1s, G:7 1.0s, C:maj 2.0s, C:maj 0.5s, F:maj 0.5s, C:maj 1.0s, G:7 1.0s, C:maj 1.5s, F:maj 0.5s, C:maj 1.0s, G:7 2.5s, F:maj 0.4s, C:maj 1.1s, G:7 1.0s, C:maj 1.5s, F:maj 0.4s, C:maj 1.1s, G:7 1.0s, C:maj 2.0s, G:7 1.0s, A:min 0.5s, G:maj 0.5s, C:maj 1.5s, F:maj 0.4s, C:maj 1.1s, G:7 1.0s, C:maj 2.0s, C:maj 0.5s, F:maj 0.5s, C:maj 1.0s, G:7 1.0s, C:maj 1.5s, F:maj 0.5s, C:maj 1.0s, G:7 2.5s, F:maj 0.4s, C:maj 1.1s"
6374,F:major,"F:maj 1.0s, C:7 1.0s, F:maj 1.0s, C:7 1.0s, F:maj 1.0s, C:7 0.2s, F:maj 1.2s, C:7 0.5s, F:7 1.0s, Bb:maj 1.0s, F:7 1.0s, Bb:maj 1.0s, F:7 1.0s, Bb:maj 1.0s, F:7 0.2s, Bb:maj 0.8s, D:dim 2.0s, C:7 2.0s, F:maj/3 0.5s, Ab:dim 0.5s, C:7/5 1.0s, F:maj 2.0s, A:min7 1.0s, D:7 1.0s, G:7 4.0s, C:7 0.8s, Gb:dim 1.2s, C:7 0.5s, C:dim 0.2s, C:7 1.2s, F:maj 3.5s, C:7 0.5s, F:maj 1.0s, C:7 0.2s, F:maj 0.8s, F:maj 0.5s, C:7 0.5s, F:7 1.0s, Bb:maj 1.5s, F:7 0.5s, Bb:maj 1.5s, F:7 0.5s, Bb:maj 1.0s, F:7 0.2s, Bb:maj 0.8s, F:dim 2.0s, C:7 0.5s, C:9 0.5s, A:min 0.5s, E:7/b4 0.5s, C:7 2.0s, D:dim 0.5s, Db:dim 0.5s, C:dim 0.5s, B:dim 0.5s, Bb:dim 0.5s, F:maj 0.5s, G:7 0.5s, C:7 0.5s, F:maj 1.0s, C:7 1.0s, F:maj 1.5s, Ab:dim 0.5s"
3109,G:major,"G:maj 2.0s, D:7 2.0s, G:maj 3.5s, D:7 0.5s, G:maj 2.0s, D:7 2.0s, G:maj 4.0s, G:maj 2.0s, D:7 2.0s, G:maj 3.5s, D:7 0.5s, G:maj 2.0s, D:7 2.0s, G:maj 4.0s, C:maj 2.0s, D:7 2.0s, C:maj 2.0s, G:maj 2.0s, A:7 5.0s, D:7 3.0s, G:maj 2.0s, D:7 2.0s, G:maj 3.5s, D:7 0.5s, G:maj 2.0s, D:7 2.0s"
3483,Bb:major,"Bb:9 2.0s, C:7/b7 2.0s, Bb:9 2.0s, C:min7/4 2.0s, Bb:maj 2.0s, F:maj/4 2.0s, F:min7/4 2.0s, Eb:maj7 0.3s, Eb:maj 0.3s, Eb:maj 0.9s, Eb:maj 0.3s, D:min 0.3s, D:min 0.3s, Eb:maj 0.6s, D:min 0.4s, D:min 0.1s, C:min7 0.3s, F:maj 0.3s, F:maj 0.4s, F:maj 0.3s, F:maj 0.1s, F:7/b7 0.3s, F:7/b7 0.3s, F:7/b7 0.5s, F:7/b7 0.2s, D:min7 0.2s, G:min 0.2s, G:min 0.6s, G:min 0.2s, G:min 0.2s, G:min 0.4s, G:min 0.5s, G:min 0.2s, F:maj 0.2s, G:min 0.3s, F:maj 0.2s, F:maj 0.4s, F:maj 0.2s, Eb:maj 0.3s, F:maj 0.3s, F:maj 0.4s, F:maj 0.3s, F:maj 0.1s, F:7/b7 0.3s, F:7/b7 0.3s, F:7/b7 0.5s, F:7/b7 0.2s, D:min 1.0s, G:min7 1.0s, Eb:maj7 0.0s, Eb:maj6 0.2s, Eb:maj6 0.2s, D:sus4 0.2s, D:sus4 0.2s, Eb:maj6 0.2s, Eb:maj6 0.2s, D:sus4 0.2s, D:7 0.5s, D:sus4 0.2s, G:min 0.5s, G:min7/b7 0.5s, C:7/3 1.0s, C:min7 2.0s, C:min7/4 2.0s, Bb:maj 2.0s, G:min 2.0s, D:min 0.5s, G:min 0.5s, G:min 0.5s, G:min 1.0s, G:min 0.5s, D:min 0.3s, C:min 0.3s, C:min 0.4s, C:min 0.3s, C:min 0.1s, F:maj 0.3s, F:maj 0.3s, F:maj 0.5s, F:maj 0.2s, Bb:maj 2.0s, C:min 0.5s, D:min 0.5s, D:min 0.5s, D:min 1.0s, D:min 0.5s, Eb:maj 0.5s, D:min 0.5s, C:7 0.5s, C:7 0.0s, C:7 1.0s, C:7 0.5s, C:min7/4 2.0s, C:min7/4 2.0s, Bb:maj7 1.1s"
4611,Ab:major,"Ab:maj 0.5s, Ab:maj/3 0.5s, Ab:maj 0.5s, Ab:maj/3 0.2s, Ab:maj 0.2s, Eb:maj 0.2s, Bb:min7 0.2s, F:min 0.5s, Bb:9 0.5s, Eb:maj 0.4s, Eb:7 0.1s, Ab:maj 0.2s, Ab:maj/5 0.2s, Ab:maj/3 0.5s, Ab:maj 0.2s, Ab:maj/5 0.2s, Ab:maj/3 0.2s, Ab:maj 0.2s, Db:maj 0.2s, Eb:7/5 0.2s, C:min 0.2s, F:min 0.2s, Db:maj 0.3s, Bb:min7 0.2s, F:min 0.5s, Bb:min7 0.2s, Eb:maj 0.2s, Ab:maj/3 0.2s, Db:maj/3 0.2s, Bb:min9 0.8s, Eb:maj 0.2s, Ab:maj 0.5s, Ab:maj/3 0.5s, Ab:maj 0.2s, Ab:maj/5 0.2s, Ab:maj/3 0.5s, Db:maj 0.2s, Bb:min7 0.2s, Ab:maj 1.0s"
4229,Eb:major,"Eb:maj7 2.0s, Bb:min7 1.0s, Eb:7 1.0s, Ab:maj7 2.0s, Ab:min7 1.0s, Db:7 1.0s, G:min7 1.0s, C:7 1.0s, F:min7 1.0s, Bb:7 1.0s, G:(3,#5,b7) 1.0s, C:7 1.0s, F:min7 1.0s, Bb:7 1.0s, Eb:maj7 2.0s, Bb:min7 1.0s, Eb:7 1.0s, Ab:maj7 2.0s, Ab:min7 1.0s, Db:7 1.0s, G:min7 1.0s, C:7 1.0s, F:min7 1.0s, Bb:7 1.0s, Eb:maj7 1.0s, Ab:7 1.0s, Eb:maj7 2.0s, Bb:min7 1.0s, Eb:7 1.0s, Bb:min7 1.5s, Eb:7 0.5s, Bb:min7 1.3s, Eb:7 0.7s, Ab:maj7 2.0s, D:min7 1.0s, G:7 1.0s, C:maj7 1.0s, A:min7 1.0s, D:min7 1.0s, G:7 1.0s, C:maj7 1.5s, F:min7 0.5s, Eb:maj7 2.0s, Bb:min7 1.0s, Eb:7 1.0s, Ab:maj7 2.0s, Ab:min7 1.0s, Db:7 1.0s, G:min7 1.0s, C:7 1.0s, F:min7 1.0s, Bb:7 1.0s"
295,Eb:major,"Eb:maj 1.0s, C:min 1.0s, F:min7 1.0s, Bb:7 1.0s, G:hdim7 1.0s, C:7 1.0s, F:min 1.0s, G:7 1.0s, C:min7 1.0s, F:7 1.0s, Eb:maj 1.0s, C:7 1.0s, F:min7 1.0s, Bb:7 1.0s, Eb:maj 1.0s, F:min7 0.5s, Bb:7 0.5s, F:min7 1.0s, Bb:7 1.0s, Eb:maj 2.0s, G:min 2.0s, A:7 2.0s, C:min7 1.0s, D:7 1.0s, G:min 2.0s, Bb:maj 1.0s, G:min 1.0s, C:min 1.0s, F:7 1.0s, C:min 1.0s, F:7 1.0s, Bb:7 1.0s, Bb:aug 1.0s, Eb:maj 1.0s, C:min 1.0s, F:min7 1.0s, Bb:7 1.0s, G:hdim7 1.0s, C:7 1.0s, F:min 1.0s, G:7 1.0s, C:min7 1.0s, F:7 1.0s, Eb:maj 1.0s, C:7 1.0s, F:min7 1.0s, Bb:7 1.0s, Eb:maj 2.0s"
3089,C:major,"C:maj 1.5s, C:maj7 0.5s, A:min 1.5s, F:min 0.5s, C:maj 1.0s, F:maj6 1.0s, C:maj 0.5s, G:7 0.5s, C:maj 1.0s, F:maj6 2.0s, C:maj 1.0s, A:min 0.5s, F:min6 0.5s, C:maj 1.0s, G:7 1.0s, C:maj 2.0s, C:maj 1.5s, C:maj7 0.5s, A:min 1.5s, F:min 0.5s, C:maj 1.0s, F:maj6 1.0s, C:maj 0.5s, G:7 0.5s, C:maj 1.0s, F:maj6 2.0s, C:maj 1.0s, A:min 0.5s, F:min6 0.5s, C:maj 1.0s, G:7 1.0s, C:maj 0.0s, C:maj 0.0s, D:min7 1.0s, C:maj 1.0s, A:min 1.0s, E:min 1.0s, F:maj6 1.0s, C:maj 1.0s, A:min 1.0s, G:7 1.0s, C:maj 2.0s, A:min 1.0s, E:min 1.0s, F:maj6 1.0s, C:maj 1.5s, C:maj7 0.5s, A:min7 0.5s, D:7 0.5s, D:min7 1.5s, G:7 0.5s, C:maj 1.5s, C:maj7 0.5s, A:min 1.5s, F:min 0.5s, C:maj 1.0s, F:maj6 1.0s, C:maj 0.5s, G:7 0.5s, C:maj 1.0s, F:maj6 2.0s, C:maj 1.0s, A:min 0.5s, F:min6 0.5s"
5508,Bb:major,"Bb:maj 1.5s, Bb:dim/5 0.5s, Bb:maj 1.0s, Bb:maj/3 1.0s, Eb:maj6 1.0s, C:min7 1.0s, F:sus4 1.0s, F:maj 1.0s, C:min7 2.0s, F:7 2.0s, Bb:maj7 2.0s, D:min7 1.0s, G:7 1.0s, Eb:maj 1.5s, C:min7 1.5s, F:maj 1.0s, F#:dim7 1.0s, G:min7 3.0s, C:7 4.0s, F:sus4(7) 2.0s, F:7 2.0s, F:min7 2.0s, Bb:7 2.0s, B:dim/b4 1.0s, Eb:maj7 3.0s, G:min7 2.0s, C:7 2.0s, F:7 2.0s, F:(3,#5,b7) 2.0s, Bb:maj 1.5s, Bb:dim/5 0.5s, D:min7 1.0s, A:7 1.0s, D:min7 2.0s, G:7 2.0s, C:7 2.0s, F:7 2.0s"
6474,G:major,"G:maj 1.0s, G:maj7 1.0s, G:7 2.0s, C:maj6 1.0s, C:min6 1.0s, G:maj 1.0s, E:min7 1.0s, A:7 3.0s, D:7 1.0s, G:maj 0.5s, C:min6 1.0s, D:(3,#5,b7) 0.5s, G:maj 1.0s, D:7 0.5s, G:dim 0.5s, G:maj 1.0s, G:maj7 1.0s, G:7 2.0s, C:maj6 1.0s, C:min6 1.0s, G:maj 1.0s, E:min7 1.0s, A:7 6.0s, D:7 0.5s, D:aug 1.5s, G:maj7 1.0s, D:7 2.0s, F:9 1.0s, E:7 1.0s, B:min 1.0s, E:7 2.0s, A:9 1.0s, E:min7 1.0s, A:9 1.0s, E:min7 1.0s, A:9 1.0s, E:min7 1.0s, A:9 2.0s, D:7 3.0s, D#:dim 1.0s, E:min7 1.0s, B:7 1.0s, E:min7 1.0s, Bb:7 1.0s, A:7 1.0s, E:min7 1.0s, A:7 2.0s"
3931,Eb:major,"Eb:maj7 2.0s, F:min7 1.0s, Bb:7(b9) 1.0s, Eb:maj7 1.0s, G:min7 1.0s, Bb:7 1.0s, Eb:7 1.0s, Ab:maj7 2.0s, A:dim7 2.0s, G:min7 2.0s, C:7(b9) 2.0s, F:min7 2.0s, Bb:7 2.0s, G:min7 2.0s, C:min7 2.0s, F:min7 2.0s, C:(3,#5,b7) 2.0s, F:min7 2.0s, Bb:7 2.0s, Eb:min7 2.0s, F:min7 1.0s, Bb:7(b9) 1.0s, Eb:maj7 1.0s, G:min7 1.0s, Bb:7 1.0s, Eb:7/5 1.0s, A:min7 2.0s, D:9 2.0s, G:maj7 2.0s, C:7(b9) 2.0s, F:min7 2.0s, Bb:7 2.0s, G:7(#9) 2.0s, C:min7 2.0s, F:min7 2.0s, Bb:7 2.0s"
5772,C:major,"C:maj 1.5s, A:min 1.5s, D:min 1.5s, G:7 1.5s, C:maj 1.5s, A:min 1.5s, D:min 1.5s, G:maj 1.5s, C:maj 1.5s, A:min 1.5s, D:min 1.5s, G:7 1.5s, C:maj 1.5s, A:min 1.5s, D:min 9.0s, E:min 6.0s, D:min 1.5s, G:7 1.5s, E:min 1.5s, A:min 1.5s, D:min 1.5s, G:7 1.5s, C:maj 3.0s"
349,G:major,"G:maj 1.5s, G:maj7 1.5s, G:maj6 1.5s, G:maj 1.5s, D:7 3.0s, G:maj 1.0s, A:min7 0.5s, D:7 1.5s, G:maj 1.5s, G:maj7 1.5s, G:maj6 1.5s, G:maj 1.5s, A:min7 1.5s, D:7 1.5s, G:maj 3.0s, G:maj 1.5s, C:maj 3.0s, G:maj 3.0s, A:min7 1.5s, D:7 1.5s, G:maj 1.0s, G:maj7 0.5s, G:7 1.5s, C:maj 3.0s, G:maj 3.0s, A:7 3.0s, D:maj 1.0s, D:dim 0.5s, D:7 1.5s"
864,F:major,"F:maj 2.5s, D:7 1.0s, G:7 4.0s, G:min 1.0s, C:maj 1.0s, G:min 1.0s, C:7 1.0s, F:maj 1.0s, D:min 1.0s, G:min 1.5s, C:7 0.5s, F:maj 3.0s, D:7 1.0s, G:7 4.0s, G:min 1.0s, C:7 1.0s, G:min 1.0s, C:7 1.0s, F:maj 1.0s, Bb:maj 1.0s, F:maj 2.0s, Bb:maj 4.0s, F:maj 4.0s, D:min 4.0s, C:7 1.0s, G:min7 1.0s, C:maj 1.0s, C:7 1.0s, F:maj 3.0s, D:7 1.0s, G:7 4.0s, G:min7 1.0s, C:7 1.0s, G:min7 1.0s, C:7 1.0s, F:maj 0.5s"
6529,C:major,"Ab:(3,5,b7,9,11,13) 2.0s, Eb:min7/4 1.0s, Ab:9 1.0s, G:(3,5,b7,9,11,13) 2.0s, D:min7/4 1.0s, G:(3,5,b7,9,11,13) 0.5s, Db:9 0.5s, G:min7/4 2.0s, C:(3,5,b7,9,11,13) 1.5s, Gb:9 0.5s, F:maj7 4.0s, C:min7/4 4.0s, Bb:min7 4.0s, Eb:min7/4 2.0s, Fb:maj7 2.0s, Eb:maj7 2.0s, D:min7 6.0s, Ab:(3,5,b7,9,11,13) 2.0s, Eb:min7/4 1.0s, Ab:9 1.0s, G:(3,5,b7,9,11,13) 2.0s, D:min7/4 1.0s, G:(3,5,b7,9,11,13) 0.5s, Db:9 0.5s, G:min7/4 2.0s, C:(3,5,b7,9,11,13) 1.5s, Gb:9 0.5s, C:min7/4 2.0s, Bb:(3,5,b7,9,11,13) 1.0s, Bb:maj 1.0s, Bb:min9 2.0s, F#:min9 1.0s, F:7(#9) 0.5s, E:7(#9) 0.5s, Eb:maj7 4.0s"
2772,D:major,"G:maj7/9 3.0s, Ab:maj/9 1.0s, G:maj7/9 3.0s, Ab:maj/9 1.0s, G:maj7/9 3.0s, Ab:maj/9 1.0s, G:maj7/9 3.0s, Ab:maj/9 1.0s, G:maj7/9 4.0s, D:maj7 4.0s, D:maj9 4.0s, D:min7 4.0s, G:min7 2.0s, E:hdim7 1.0s, A:7(b9) 1.0s, D:maj7 3.0s, G:maj7/9 1.0s, D:maj9 4.0s, D:min7 4.0s, G:min7 2.0s, E:hdim7 1.0s, A:7(b9) 1.0s, D:maj7 3.0s, G:maj7/9 1.0s, D:maj7 4.0s"
5269,F:major,"F:maj7 4.0s, F:min7 4.0s, G:min7 3.0s, C:7 1.0s, F:maj7 1.0s, D:7 1.0s, G:min7 1.0s, C:7 1.0s, F:maj7 3.0s, Ab:dim7 1.0s, G:min7 2.0s, C:7 1.0s, C:(3,#5,b7) 1.0s, F:maj7 2.0s, D:7 2.0s, G:min7 2.0s, C:7 1.0s, C:min7 0.5s, F:7 0.5s, Bb:maj7 3.0s, Eb:9 1.0s, F:maj7 3.5s, A:7/5 0.5s, D:min7 1.0s, G:7 1.0s, D:min7 1.0s, G:7 1.0s, G:min7 2.0s, C:7 1.0s, C:7(b9) 1.0s, F:maj7 4.0s, F:min7 4.0s, G:min7 3.0s, C:7 1.0s"
1737,G:major,"E:7 0.5s, A:min9 2.0s, A:hdim7 1.5s, D:7(b9) 0.5s, B:min7 2.0s, Bb:min7 1.5s, Eb:7 0.5s, A:min7 1.0s, D:sus4(7,9) 0.5s, D:7/b7 0.5s, B:min7 1.0s, E:7(b9) 1.0s, A:min7 1.0s, D:7(b9) 1.0s, G:maj7 1.0s, B:min7 0.5s, E:7(b9) 0.5s, A:min9 2.0s, A:hdim7 1.5s, D:7(b9) 0.5s, B:min7 2.0s, Bb:min7 1.5s, Eb:7 0.5s, A:min7 1.0s, D:sus4(7,9) 0.5s, D:7/b7 0.5s, B:min7 1.0s, E:7(b9) 1.0s, A:min7 1.0s, D:7(b9) 1.0s, G:sus4(7,9) 1.5s, G:7 0.5s, C:maj7 2.0s, C:min7 2.0s, G:maj7 1.0s, E:min7/b7 1.0s, C#:hdim7 1.0s, C:min6 1.0s, G:maj6/3 1.0s, E:min7 1.0s, A:min7 1.0s, D:(3,5,b7,9,b9,11,13) 1.0s, B:7 1.0s, E:9 0.5s, A:9(#5) 0.5s, D:sus4(7,9) 1.5s, E:7(b9) 0.5s, A:min9 2.0s, A:hdim7 1.5s, D:7(b9) 0.5s, B:min7 2.0s, B:min7 1.5s, Eb:7 0.5s, A:min7 1.0s, D:sus4(7,9) 0.5s, D:7/b7 0.5s, B:min7 1.0s, E:7(b9) 0.5s"
2180,C:major,"G:maj 2.0s, A:min 2.0s, D:7 2.0s, G:maj 4.0s, A:min 2.0s, D:maj 4.0s, G:maj 2.0s, A:min 2.0s, D:7 2.0s, G:maj 2.0s, A:min 2.0s, C:maj 2.0s, D:maj 6.0s, G:maj 2.0s, A:min 2.0s, D:7 2.0s, G:maj 4.0s, A:min 2.0s, D:maj 2.0s, D:7 2.0s, G:maj 2.0s, A:min 2.0s, D:7 2.0s, G:maj 2.0s, A:min 2.0s"
3418,C:major,"C:maj 2.0s, F:maj 1.0s, C:maj 1.0s, F:maj 1.0s, C:maj 1.0s, G:7 2.0s, C:maj 2.0s, F:maj 1.0s, G:maj 1.0s, F:maj 1.0s, G:7 1.0s, C:maj 2.0s, C:maj 1.0s, F:maj 0.5s, C:maj 0.5s, G:7 1.0s, C:maj 0.5s, E:7 0.5s, A:min 1.5s, E:7 0.5s, A:min 2.0s, C:maj 1.0s, F:maj 0.5s, C:maj 0.5s, D:maj 1.0s, B:maj/b6 1.0s, G:maj 1.0s, D:7 1.5s, G:7 1.5s, C:maj 2.0s, F:maj 1.0s, G:maj 1.0s, F:maj 1.0s, C:maj 1.5s, G:maj 1.0s, G:7 0.5s, C:maj 2.0s, F:maj 1.0s, G:maj 1.0s, F:maj 1.0s, G:7 1.0s, C:maj 2.0s"
6231,F:major,"F:maj 1.5s, D:min 1.5s, G:min7 1.5s, C:7 1.5s, F:maj 1.5s, D:min 1.5s, G:min7 1.5s, C:7 1.2s, A:(1,*3,*5) 0.2s, F:maj 1.5s, F:7 1.5s, Bb:min7 1.5s, Bb:min7 1.5s, F:maj 1.5s, D:min 1.5s, G:min7 1.5s, C:9 1.5s, C:7 1.5s, F:maj 1.5s, D:min 1.5s, G:min 1.5s, C:7 1.5s, F:maj 1.5s, D:min 1.5s, G:min7 1.5s, F:maj 1.5s, F:maj 1.5s, D:min 1.5s, G:min 1.5s, C:7 1.5s, F:maj 1.5s, D:min 1.5s, G:min7 1.5s, C:7 1.5s, F:maj 1.5s, D:min 1.5s, G:min 1.5s, C:7 1.5s, Bb:maj 1.5s, C:7 1.5s, F:maj 1.5s"
5824,G:major,"G:maj 1.0s, E:dim7 1.0s, A:min7 1.0s, D:7 1.0s, G:maj 2.0s, C:maj 4.0s, A:min 1.0s, D:7 1.0s, G:maj 1.0s, D:7 1.0s, G:maj 2.0s, C:maj 2.0s, A:min 1.0s, D:7 1.0s, G:maj 0.8s, C:maj 0.2s, G:maj 0.5s, G:7 0.5s, C:maj 2.0s, G:maj 2.0s, A:7 2.0s, D:7 2.0s, G:maj 2.0s, C:maj 2.0s, A:min 2.0s, G:maj 2.0s, C:maj 1.0s, C:min 1.0s, E:dim7 1.0s, D:7(b9) 1.0s, G:maj 2.0s"
2547,C:major,"C:maj 4.0s, D:7 4.0s, G:7 1.0s, C#:dim7 1.0s, D:min7 1.0s, G:7 1.0s, C:maj 2.0s, D:min7 1.0s, G:7 1.0s, C:maj 4.0s, D:7 4.0s, G:7 1.0s, C#:dim7 1.0s, D:min7 1.0s, G:7 1.0s, C:maj 4.0s, F:maj 2.0s, F:maj 2.0s, C:maj 4.0s, D:min 2.0s, F:min6 2.0s, E:min7 1.0s, Eb:dim7 1.0s, D:min7 1.0s, G:7 1.0s, C:maj 4.0s, D:7 4.0s, G:7 1.0s, C#:dim7 1.0s, D:min7 1.0s, G:7 1.0s"
4209,G:major,"G:maj 3.0s, C:maj 1.5s, G:maj 4.5s, D:7 12.0s, G:maj 1.5s, G:7 1.5s, C:maj 6.0s, G:maj 10.5s, D:7 4.5s, G:maj 3.0s"
2575,G:major,"G:maj 2.0s, G:maj7 2.0s, G:maj 2.0s, G:maj7 2.0s, C:maj 2.0s, C:maj6 2.0s, C:maj6/b3 4.0s, G:maj 2.0s, G:maj7 2.0s, G:maj 2.0s, G:maj7 2.0s, C:maj7 4.0s, C:maj6/b3 4.0s, G:maj 1.0s, G:maj7 1.0s, G:maj6 1.0s, B:7 1.0s, E:min7 3.0s, C:maj6/b3 1.0s, G:maj/5 2.0s, E:7 4.0s, A:min9 2.0s, D:7(b9) 2.0s, G:maj6 2.0s, E:min7 2.0s, A:min9 2.0s, D:7 2.0s, G:maj 2.0s"
2527,Ab:major,"Db:maj 2.0s, Bb:min 2.0s, F:min7 4.0s, Db:maj7 2.0s, Bb:min 2.0s, F:min7 4.0s, Db:maj 2.0s, Bb:min 2.0s, F:min7 4.0s, Db:maj7 2.0s, Bb:min 2.0s, F:min7 4.0s, Db:maj 2.0s, Bb:min 2.0s, F:min7 4.0s, Db:maj7 2.0s, Bb:min 2.0s, F:min7 4.0s, Db:maj 2.0s, Bb:min 2.0s, F:min7 4.0s, Db:maj7 2.0s, Bb:min 2.0s"
4302,G:major,"G:maj 2.0s, D:7 0.5s, D:7 0.2s, D:7 0.2s, D:7 3.0s, G:maj 0.5s, E:min7/b7 0.2s, E:min7/b7 0.2s, E:min7/b7 3.0s, D:7 0.5s, D:7/b7 0.2s, D:7/b7 0.2s, D:7/b7 3.0s, G:maj 4.0s, D:7 0.5s, D:7 0.2s, D:7 0.2s, D:7 3.0s, G:maj 0.5s, E:min7/b7 0.2s, E:min7/b7 0.2s, E:min7/b7 3.0s, D:7 0.5s, D:7/b7 0.2s, D:7/b7 0.2s, D:7/b7 3.0s, G:maj 1.0s, G:7 1.0s, C:maj 4.0s, G:maj 4.0s, D:7 4.0s, G:maj 3.0s, G:7 1.0s, C:maj 4.0s, G:maj 4.0s, D:7 4.0s"
1110,C:major,"C:maj 6.5s, G:7 0.5s, G:maj 3.5s, C:maj 2.0s, G:7 2.0s, C:maj 8.0s, G:7 0.5s, G:maj 3.5s, C:maj 2.0s, G:7 2.0s, C:maj 2.0s, C:maj 2.0s, F:min 2.0s, C:7 2.0s, F:min 2.0s, C:maj 2.0s, F:min 2.0s, C:7 2.0s, F:min 2.0s, G:7 2.0s, C:maj 6.0s, G:7 3.5s"
4743,C:major,"C:maj 2.0s, G:7 2.0s, C:maj 2.0s, G:7 2.0s, F:maj 2.0s, C:maj 2.0s, D:7 2.0s, G:7 2.0s, C:maj 2.0s, G:7 2.0s, C:maj 2.0s, F:maj 4.0s, C:maj 2.0s, D:7 2.0s, G:7 2.0s, C:maj 2.0s, G:7 2.0s, C:maj 2.0s, F:maj 4.0s, C:maj 2.0s, G:7 2.0s, C:maj 2.0s"
1607,G:major,"G:maj 1.0s, A:min 0.8s, D:7 0.2s, B:min 0.5s, E:min7 1.0s, A:min 0.2s, D:7 0.2s, G:7 0.5s, F:7 0.5s, A:7 0.5s, D:7 0.5s, C:9 2.0s, G:maj 1.0s, A:min 0.8s, D:7 0.2s, B:min 0.5s, E:min7 0.5s, D:min7 0.5s, D:7 0.5s, G:9 0.5s, F:7 0.5s, Db:7 0.5s, Eb:7 0.2s, D:7 0.2s, G:maj 1.0s, B:min 0.5s, A:min 0.5s, G:maj 0.5s, A:min 0.5s, B:min 0.5s, A:min 0.5s, G:maj 0.5s, A:min 0.5s, B:min 0.5s, A:min 0.5s, G:maj 0.5s, A:min 0.5s, B:min 0.5s, A:min 0.5s, G:maj 0.5s, A:min 0.5s, B:min 0.5s, A:min 0.5s, G:maj 0.5s, A:min 0.5s, B:min 0.5s, A:min 4.5s, G:maj 0.5s, A:min 0.5s, B:min 0.5s, A:min 0.5s, G:maj 0.5s, A:min 0.5s, B:min 0.8s, A:min 0.2s, G:maj 0.5s, A:min 0.5s, B:min 0.5s, A:min 0.5s, G:maj 0.5s, A:min 0.5s, B:min 0.5s, A:min 0.5s, G:maj 0.5s, A:min 0.5s, B:min 0.2s, A:min 0.8s, G:maj 0.5s, A:min 0.5s, Bb:maj 0.5s, A:min 0.5s, G:maj 0.5s, A:min 0.5s, B:min 0.5s, A:min 0.5s, G:maj 0.5s, A:min 0.5s, B:min 0.5s, A:min 0.5s, G:maj 1.0s, A:min6 0.5s, D:7 0.5s, Ab:dim 1.0s, A:min6 0.5s, D:7 0.8s, G:maj 1.2s, A:min6 0.5s, Ab:dim 1.0s, A:min7 0.5s, D:7 0.5s, G:maj 0.5s, A:min 0.5s, Bb:maj 0.5s, A:min 0.5s, G:maj 0.5s, A:min 0.5s, B:min 0.5s, A:min7 0.5s, G:maj 0.5s, A:min 0.5s, B:min 0.5s, A:min 0.5s"
463,G:major,"G:maj 2.0s, B:min 2.0s, E:min 2.0s, A:min 2.0s, G:maj 2.0s, B:min 2.0s, E:min 2.0s, A:min 2.0s, D:maj 2.0s, A:min 2.0s, D:maj 4.0s, A:min 2.0s, B:min 2.0s, A:min 2.0s, D:maj 4.0s, G:maj 2.0s, B:min 2.0s, E:min 2.0s, A:min 2.0s, G:maj 2.0s, B:min 2.0s, E:min 2.0s, A:min 2.0s, D:maj 2.0s, A:min 2.0s, D:maj 4.0s, A:min 2.0s"
3321,G:major,"G:maj 1.0s, D:maj/3 1.0s, C:maj/3 1.0s, D:7 1.0s, G:maj 1.0s, G:maj9 1.0s, C:maj/5 1.0s, D:7/4 1.0s, G:maj 0.9s, D:maj/3 1.1s, G:maj/b7 0.8s, C:maj/3 1.2s, C:min/b3 0.9s, G:maj/5 1.1s, A:min7 1.0s, D:sus4 0.5s, C:maj/9 0.4s, D:maj 0.1s, G:maj 0.9s, D:maj/3 1.1s, G:maj/b7 0.9s, C:maj/3 1.1s, C:min/b3 1.0s, G:maj/5 1.0s, A:min7 1.0s, D:sus4 1.5s, D:maj 0.5s, G:maj 2.0s, C:maj 0.9s, G:maj/3 1.1s, C:maj 0.9s, G:maj/3 1.1s, A:min7 0.8s, C:maj/9 1.2s, G:maj 0.9s, B:min7 5.1s, A:min7 0.4s, D:7 0.6s, G:maj 1.0s, G:maj9 3.0s, G:maj 0.9s, D:maj/3 1.1s, G:maj/b7 0.8s, C:maj/3 1.2s, C:min/b3 0.9s, G:maj/5 1.1s, A:min7 1.0s, D:sus4 0.5s, C:maj/9 0.4s, D:maj 0.1s, G:maj 0.9s, D:maj/3 1.1s, G:maj/b7 0.9s, C:maj/3 1.1s, C:min/b3 1.0s, G:maj/5 1.0s, A:min7 1.0s, D:sus4 1.0s"
2287,C:major,"C:maj 1.0s, G:7 1.0s, D:7 1.5s, G:7 0.5s, C:maj 2.3s, D:maj 0.2s, C:maj 0.6s, G:7 3.0s, D:7 1.5s, G:7 0.5s, C:maj 0.2s, D:maj 0.2s, C:maj 1.8s, D:maj 0.2s, C:maj 0.6s, G:7 1.4s, C:maj 0.1s, G:7 0.4s, C:maj 0.1s, G:7 0.4s, C:maj 0.1s, G:7 0.4s, D:min7 0.1s, G:7 0.2s, D:min7 0.1s, G:7 0.2s, D:min7 0.1s, G:7 0.5s, C:maj 4.0s, G:7 2.9s, D:min7 0.1s, G:7 0.2s, D:min7 0.1s, G:7 0.2s, D:min7 0.1s, G:7 0.5s, C:maj 0.8s, G:7 0.2s, C:maj 0.5s, G:7 0.2s, C:maj 1.2s"
4595,C:major,"A:min7 4.0s, D:min7 2.0s, E:7(#5,#9,#11) 2.0s, A:min7 4.0s, D:min7 2.0s, G:7 2.0s, G:min7/4 2.0s, C:7 2.0s, F:maj 2.0s, Bb:7(b5) 2.0s, B:min7/4 2.0s, E:7(#5,#9,#11) 2.0s, A:min7 4.0s, D:min7 2.0s, E:7(#5,#9,#11) 2.0s, A:min7 4.0s, D:min7 2.0s, G:7 2.0s, G:min7/4 2.0s, C:7 2.0s, F:maj 2.0s, Bb:7(b5) 2.0s, B:min7/4 2.0s, E:7 2.0s, A:maj 4.0s"
1749,C:major,"F:maj 4.0s, Bb:maj 0.5s, F:maj 5.5s, Bb:maj 0.5s, F:maj 2.5s, Bb:maj 0.5s, C:7 1.5s, F:maj 4.5s, D:min 1.5s, Bb:maj 1.5s, C:7 1.5s, F:maj 1.0s, C:7 0.5s, F:maj 2.5s, Bb:maj 0.5s, C:7 1.5s, F:maj 1.5s, D:min 1.5s, Bb:maj 1.5s, C:7 1.5s, F:maj 1.0s, C:7 0.5s, F:maj 1.5s, D:min 1.5s, A:7 1.5s, D:min 1.5s, C:7 1.5s, F:maj 1.5s, Bb:maj 1.0s, C:7 0.5s, F:maj 3.0s"
4943,Eb:major,"Eb:maj7 1.8s, Eb:maj6 2.0s, Eb:maj7 0.8s, E:dim 1.2s, F:min7 1.0s, Bb:7 1.0s, F:min7 2.0s, Bb:7 2.0s, Eb:maj7 2.0s, Eb:maj6 2.0s, Eb:maj7 0.8s, E:dim 1.2s, F:min7 0.8s, Bb:7 1.2s, G:maj7 0.8s, E:min 1.2s, G:min7 2.0s, C:sus4(7) 2.0s, C:7 2.0s, F:min7 2.0s, Bb:7 2.0s, Bb:min7 2.0s, Eb:7 2.0s, Bb:min7 2.0s, Eb:7 2.0s, Ab:maj7 4.0s, G:min7 1.0s, C:7 1.0s, F:min7 1.0s, Bb:7 1.0s, Eb:maj7 2.0s, Eb:maj6 2.0s, Eb:maj7 0.8s, E:dim 1.2s, F:min7 0.8s, Bb:7 1.2s, F:min7 0.8s, Bb:7 1.2s, Bb:min7 0.8s, Eb:7 1.2s, Ab:maj7 0.2s"
623,G:major,"G:maj 2.0s, D:maj 2.0s, E:min 2.0s, B:maj 2.0s, C:maj 0.9s, D:7 1.1s, B:7 0.5s, B:7 0.5s, E:min 1.0s, A:maj 2.0s, A:min7 1.0s, D:maj 0.5s, D:7 0.5s, G:maj 2.0s, D:maj 2.0s, E:min 2.0s, B:maj 2.0s, C:maj 1.0s, D:7 1.0s, B:7 0.9s, E:min 1.1s, A:maj 2.0s, A:min7 1.2s, D:7 0.8s, D:maj 2.0s, C:maj 2.0s, G:maj 2.0s, D:7 2.0s, G:maj 2.0s, C:maj 2.0s, G:maj 1.0s, E:7 1.0s, A:min7 0.9s, D:maj 0.8s, D:7 0.4s, C:maj 2.0s, D:maj 2.0s, G:maj 2.0s, D:maj 2.0s, E:min 2.0s, B:maj 2.0s"
6160,Eb:major,"Eb:maj 1.5s, F:7 1.5s, F:min7 1.5s, Bb:7 1.5s, Eb:maj 1.5s, F:7 1.5s, Bb:7 1.5s, Eb:7 1.5s, Ab:maj 1.5s, D:maj 1.5s, G:7 1.5s, C:7 1.5s, F:min 3.0s, Bb:7 4.5s, Eb:maj 9.0s, Bb:7 3.0s, G:7 1.5s, C:min 1.5s, Bb:7 1.5s, Eb:maj 1.5s, C:min 1.5s, F:7 3.0s, Bb:7 1.5s, Eb:maj 9.0s, Bb:7 1.5s"
52,C:major,"C:maj 4.0s, G:7 4.0s, C:maj 4.0s, G:7 4.0s, C:maj 4.0s, G:7 4.0s, C:maj 2.0s, G:7 2.0s, C:maj 4.0s, F:maj 1.0s, C:maj 1.0s, F:maj 1.0s, C:maj 1.0s, F:maj 1.0s, C:maj 1.0s, G:7 2.0s, F:maj 1.0s, C:maj 1.0s, F:maj 1.0s, C:maj 1.0s, A:min 1.0s, D:7 1.0s, G:7 2.0s, C:maj 4.0s, G:7 4.0s, C:maj 4.0s"
6596,C:major,"A:min 2.0s, B:hdim7 1.3s, E:7(b9) 0.7s, A:min 2.0s, B:hdim7 1.0s, E:7(b9) 1.0s, A:min 2.0s, D:min7 1.3s, G:7 0.7s, C:maj7 2.0s, E:hdim7 1.2s, A:7(b9) 0.8s, D:min7 2.0s, G:7 2.0s, C:maj7 2.0s, F:maj7 2.0s, B:hdim7 2.0s, E:7(b9) 2.0s, A:min 2.0s, B:hdim7 1.5s, E:7(b9) 0.5s, A:min 2.0s, B:hdim7 1.3s, E:7(b5) 0.7s, A:min 2.0s, B:hdim7 1.0s, E:7(b9) 1.0s, E:hdim7 2.0s, A:7(b9) 2.0s, D:min 1.0s, A:7 1.0s, D:min 4.0s, B:hdim7 2.0s, A:min 1.0s, A:min/b7 1.0s, F:maj7 2.0s, B:hdim7 2.0s, E:7 2.0s"
2429,F:major,"C:maj 1.0s, F:(*3,*5) 1.0s, D:maj 1.0s, G:maj 1.0s, C:maj 1.0s, C:maj 0.9s, D:maj 1.1s, G:maj 2.0s, D:maj 1.0s, G:maj 1.0s, F:(*3,*5) 1.0s, D:maj 1.0s, G:maj 2.0s, C:maj 2.0s, F:(*3,*5) 1.0s, D:maj 1.0s, G:maj 1.0s, C:maj 1.0s, C:maj 0.9s, D:maj 1.1s, G:maj 2.0s, D:maj 1.0s, G:maj 1.0s, F:(*3,*5) 1.0s, D:maj 1.0s, G:maj 1.0s, C:maj 1.0s, F:(*3,*5) 2.0s, F:maj 4.0s, C:maj 2.0s, F:maj 2.0s, G:maj 6.0s, C:maj 0.0s, A:maj 1.0s, C:(*3,*5) 1.0s, F:(*3,*5) 1.0s, D:maj 1.0s, G:maj 0.9s, C:maj 1.1s, C:maj 1.0s, D:maj 1.0s, G:maj 2.0s, D:maj 1.0s, F:maj 1.0s, F:(*3,*5) 0.9s, D:maj 0.1s"
6294,G:major,"E:min 6.0s, E:7 2.0s, A:min 4.0s, A:min 4.0s, B:7 4.0s, E:min 4.0s, F:hdim7 4.0s, B:7 4.0s, E:min 6.0s, E:7 2.0s, A:min 4.0s, B:7 4.0s, E:7 4.0s, A:7 4.0s, D:7 4.0s"
2442,Eb:major,"G:7/3 2.0s, C:min 2.0s, F:min7 0.0s, Ab:maj/5 1.0s, Ab:maj/5 1.0s, D:dim7 0.0s, Bb:7/3 1.0s, Bb:7/3 1.0s, G:7/3 2.0s, C:min 2.0s, F:min7 0.0s, Ab:maj/5 1.0s, Ab:maj/5 1.0s, D:dim7 0.0s, Bb:7/3 1.0s, Bb:7/3 1.0s, C:min 4.0s, C:min 0.9s, F:min7 3.1s, C:min 0.5s, F:min7 3.5s, C:min 0.9s, F:min 5.1s, C:min 2.0s, F:min 2.0s, G:7 1.8s, C:min 0.2s, C:min 1.0s, C:min 1.0s, C:min 4.0s, C:min 0.9s, F:min7 3.1s, C:min 0.5s, F:min7 3.5s, C:min 0.9s, F:min 5.1s"
4384,C:major,"C:maj 0.8s, G:7 1.2s, C:maj 4.0s, G:7 2.0s, C:maj 0.8s, C:7 1.2s, F:maj 2.0s, C:maj 1.2s, G:7 0.8s, C:maj 2.0s, C:maj 1.0s, G:7 1.0s, C:maj 2.0s, C:maj 2.0s, G:7 2.0s, C:maj 1.0s, C:7 1.0s, F:maj 2.0s, C:maj 1.0s, G:7 7.0s"
2594,Eb:major,"C:min 2.0s, G:7 1.0s, C:7 1.0s, F:maj 1.0s, Bb:7 1.0s, Eb:maj 1.0s, G:7 1.0s, F:min 1.0s, G:7 1.0s, C:min 1.0s, Ab:7 1.0s, F:min 1.0s, G:7 1.0s, C:min 4.0s, G:7 1.0s, C:7 1.0s, F:maj 1.0s, Bb:7 1.0s, Eb:maj 1.0s, G:7 1.0s, F:min 1.0s, G:7 1.0s, C:min 1.0s, Ab:7 1.0s, F:min 1.0s, G:7 1.0s, C:min 4.0s, E:dim 0.3s, C:7 0.7s, G:min7 1.0s, E:dim 0.7s, C:7 1.3s, Bb:min6 1.0s, C:7 1.0s, F:7 2.0s, C:min 0.3s, F:7 0.7s, F:9 1.0s, C:min 1.5s, A:7(b5) 0.5s, D:7 0.7s, D:7(b5) 0.7s, G:7 0.7s, C:min 2.0s, G:7 1.0s, C:7 1.0s, F:7 1.0s, Bb:7 1.0s, Eb:maj 1.0s, G:7 1.0s, F:min 1.0s, G:7 1.0s, C:min 1.0s, Ab:7 1.0s"
2288,F:major,"F:maj 2.0s, G:min 4.0s, C:7 1.0s, F:maj 4.0s, F:maj 2.0s, G:min 4.0s, C:7 1.0s, F:maj 4.0s, F:maj 1.0s, F:maj 3.5s, C:7 0.5s, F:maj 2.0s, Bb:maj 2.0s, Bb:min 2.0s, F:maj 1.5s, C:7 0.5s, F:maj 2.0s, Bb:maj 1.0s, Bb:min 1.0s, F:maj 3.5s, C:7 0.5s, F:maj 2.0s, Bb:maj 2.0s, Bb:min 2.0s, F:maj 1.5s, C:7 0.5s, F:maj 2.0s, Bb:maj 2.0s, Bb:min 2.0s, F:maj 1.0s, F:maj 2.0s"
4091,C:major,"A:min7 1.0s, D:min7 2.0s, G:7 2.0s, F:maj/5 2.0s, C:maj 1.0s, F:min7 1.0s, D:min7 2.0s, G:maj 1.0s, F:maj/9 0.2s, G:maj 0.8s, C:maj 2.0s, A:min7 1.8s, D:min7 2.2s, G:7 1.8s, C:maj 2.2s, E:sus4 1.0s, E:maj 0.3s, E:sus4/9 0.3s, F:maj/#9 0.3s, A:min 2.0s, D:min7 1.0s, G:7 1.0s, C:maj 2.0s, E:sus4 1.0s, E:maj 0.3s, E:sus4/9 0.3s, F:maj/#9 0.3s, A:min 1.0s, A:min/b7 1.0s, C:maj/9 1.5s, D:7 0.5s, G:sus4 1.0s, G:maj 1.0s, C:maj 1.0s, E:min7 1.0s, D:min7 2.0s, G:maj 1.0s, F:maj/9 0.2s, G:maj 0.8s, C:maj 2.0s, A:min7 2.0s, D:min7 2.0s, G:7 2.0s, F:maj/5 2.0s, C:maj 1.0s, F:min7 1.0s, D:min7 2.0s, G:maj 1.0s"
1544,Bb:major,"Bb:maj7 2.0s, G:(3,#5,b7) 2.0s, C:min7 2.0s, A:(3,#5,b7) 2.0s, D:maj 2.0s, G:min7 2.0s, C:min7 2.0s, Ab:7 1.0s, F:7 1.0s, Bb:maj7 2.0s, Db:dim7 2.0s, C:min7 2.0s, F:7 2.0s, D:hdim7 2.0s, G:(3,#5,b7) 2.0s, C:min7 2.0s, Ab:7 1.0s, F:7 1.0s, Bb:maj7 2.0s, G:(3,#5,b7) 2.0s, C:min7 2.0s, A:(3,#5,b7) 2.0s, D:maj 2.0s, G:min7 2.0s, C:min7 2.0s, A:hdim7 1.0s, D:7 1.0s, G:min7 2.0s, Eb:min7 1.0s, Ab:7 1.0s, Bb:maj7 2.0s, D:hdim7 1.0s, G:7 1.0s, C:min7 3.0s, F:7 1.0s"
2589,C:major,"C:maj 8.0s, C:maj 4.0s, D:min 4.0s, G:7 4.0s, A:7 2.0s, D:min 1.0s, A:7 1.0s, G:7 4.0s, G:7 4.0s, C:maj 8.0s, C:maj 4.0s, D:min 4.0s, G:7 4.0s, C:maj 2.0s, A:7 2.0s, D:min 2.0s, G:7 2.0s"
6201,C:major,"C:maj 2.0s, A:min 2.0s, F:maj 1.0s, D:min7 1.0s, G:7 2.0s, C:maj 4.0s, A:min 3.0s, D:min7 0.5s, G:7 0.5s, C:maj 4.0s, A:min 3.0s, D:min7 0.5s, G:7 0.5s, C:maj 2.0s, E:7 2.0s, F:maj 2.0s, C:dim 2.0s, C:maj 1.0s, A:7 1.0s, D:7 1.0s, G:7 1.0s, C:maj 2.0s, D:min7 2.0s, C:maj 2.0s, A:min 2.0s, E:7 4.0s, A:min 4.0s, D:7 4.0s, G:7 1.0s, D:min7 0.5s, G:7 1.5s, D:min7 0.5s, G:7 0.5s"
1939,C:major,"C:maj 1.5s, C:maj7/7 1.5s, A:min7/b7 0.5s, C:7 1.0s, F:maj 3.0s, C:maj 1.5s, F:maj 4.5s, D:7 3.0s, G:7 1.5s, C:maj 1.5s, C:maj7 1.5s, A:min7 1.0s, C:7 3.5s, C:maj 1.5s, F:maj 1.5s, D:min7 1.5s, C:maj 3.0s, G:7 1.5s, C:maj 0.5s, G:7 0.5s, C:maj 2.0s, C:maj7 1.5s, A:min7 0.5s, C:7 1.0s, F:maj 3.0s, C:maj 1.5s, F:maj 3.0s, C:maj 1.5s, A:min 1.5s, C:maj 1.5s, G:maj 1.5s, C:maj 1.5s"
2787,Bb:major,"Bb:7 2.0s, Eb:7 2.0s, Bb:7 3.0s, F:7 1.0s, Bb:maj 0.5s, Bb:maj/b7 1.5s, G:min7 1.0s, C:7 1.0s, F:7 1.0s, C:7 1.0s, F:7 2.0s, Bb:7 4.0s, Eb:7 2.0s, E:maj 2.0s, Bb:maj/5 1.0s, D:7/3 1.0s, G:min7 1.0s, Eb:7 1.0s, C:min7 1.0s, F:7 1.0s, Bb:maj 2.0s, Bb:7 2.0s, Eb:7 2.0s, Bb:7 3.0s, F:7 1.0s, Bb:maj 0.5s, Bb:maj/b7 1.5s, G:min7 1.0s, C:7 1.0s, F:7 1.0s, C:7 1.0s, F:7 2.0s, Bb:7 4.0s, Eb:7 2.0s, E:maj 2.0s, Bb:maj/5 1.0s, D:7/3 2.0s, Eb:7 1.0s"
3118,F:major,"E:(b3,5,b5,b7,9,11) 2.0s, A:(3,#5,b7) 1.0s, A:(3,5,b7,9,11) 1.0s, D:min 4.0s, G:(b3,5,b5,b7,9,11) 2.0s, C:(3,5,b7,9,11,13) 2.0s, A:maj/b6 1.0s, F:maj7 1.0s, A:sus4(7,9) 1.5s, A:9 0.5s, D:min9 2.0s, G:(b3,5,b7,9,11) 2.0s, B:dim7 1.0s, Bb:7 1.0s, A:7 1.0s, D:min7 1.0s, D:min9 1.0s, B:7 1.0s, Bb:min7 1.0s, Bb:7 1.0s, G:min6/9 2.0s, A:7 2.0s, E:(b3,5,b5,b7,9,11) 2.0s, A:(3,#5,b7) 1.0s, A:(3,5,b7,9,11) 1.0s, D:min 4.0s, G:(b3,5,b5,b7,9,11) 2.0s, C:(3,5,b7,9,11,13) 2.0s, A:7/b6 1.0s, F:maj7 1.0s, A:7 1.0s, A:sus4(7,9) 0.5s, A:9 0.5s, D:min9 2.0s, G:(b3,5,b7,9,11) 2.0s, B:dim7 1.0s, Bb:7 1.0s, A:sus4(7,9) 1.0s, A:(3,#5,b7) 1.0s, D:min 2.0s, F:dim7/3 1.0s, A:7(b9) 1.0s"
2675,G:major,"G:maj 6.0s, A:min7 1.0s, D:7 3.0s, A:min7 0.8s, D:7 1.2s, A:min7 2.0s, D:7 0.8s, G:maj 1.2s, C:maj 1.0s, G:maj 1.0s, C:maj 1.0s, G:maj 1.0s, A:min7 0.8s, D:7 0.8s, G:maj 0.5s, C:maj 1.0s, G:maj 1.0s, A:min7 0.8s, D:7 0.8s, G:maj 0.5s, C:maj 1.0s, G:maj 1.0s, A:min7 0.8s, D:7 0.8s, G:maj 0.5s, A:min7 2.0s, D:7 4.0s, A:min7 3.5s, D:7 0.5s, G:maj 4.0s"
2906,C:major,"C:maj 1.5s, A:min 1.5s, F:maj 1.5s, C:maj 1.5s, G:7 1.5s, C:maj 1.5s, F:min6 1.5s, C:maj 3.0s, A:min 3.0s, E:maj 1.5s, B:7 1.5s, E:maj 1.5s, A:dim 1.5s, E:maj 1.5s, D:min7 1.5s, E:maj 1.5s, D:min 1.5s, E:maj 1.5s, D:min 1.5s, E:7 1.5s, D:min 1.5s, F:min6 3.0s, G:7 3.0s, C:maj 4.0s, F:min 2.0s, G:7 2.0s, C:maj 4.0s, A:min6 2.0s, G:7 4.0s, E:7 1.5s"
3265,F:major,"F:maj7 8.0s, F:maj7 4.0s, C:7 4.0s, F:maj7 2.0s, F:7 2.0s, Bb:maj7 2.0s, Bb:min7 2.0s, F:maj7 2.0s, G:min7 1.0s, C:7 1.0s, F:maj7 4.0s"
935,C:major,"C:maj 4.0s, G:maj 2.0s, C:maj 2.0s, C:maj 4.0s, G:maj 2.0s, C:maj 2.0s, C:maj 2.0s, F:maj 1.0s, G:maj 1.0s, F:maj 2.0s, G:maj 2.0s, C:maj 4.0s, G:maj 2.0s, C:maj 2.0s"
1366,Bb:major,"Bb:maj 3.0s, F:7 1.0s, Bb:maj 3.0s, F:7 1.0s, Bb:maj 3.0s, F:7 1.0s, Bb:maj 3.0s, F:7 1.0s, Bb:maj 3.0s, F:7 1.0s, Bb:maj 3.0s, F:7 1.0s, Bb:maj 3.0s, F:7 1.0s, Bb:maj 2.0s, Bb:maj 2.0s, D:7 4.0s, G:7 4.0s, C:7 4.0s, F:7 2.0s, Gb:7 2.0s, Bb:maj 3.0s, F:7 1.0s, Bb:maj 3.0s, F:7 1.0s, Bb:maj 3.0s, F:7 1.0s"
5469,C:major,"C:maj 4.0s, F:maj 2.0s, C:maj 2.0s, F:maj 2.0s, C:maj 2.0s, G:maj 2.0s, C:maj 2.0s, F:maj 2.0s, C:maj 2.0s, G:maj 2.0s, C:maj 2.0s"
2096,G:major,"G:maj 4.0s, E:min 4.0s, C:maj 2.0s, D:maj 2.0s, G:maj 1.0s, C:maj 1.0s, G:maj 2.0s, G:maj 4.0s, E:min 4.0s, C:maj 2.0s, D:maj 2.0s, G:maj 1.0s, C:maj 1.0s, G:7 2.0s, C:maj 2.0s, D:7 4.0s, G:maj 2.0s, C:maj 2.0s, D:7 4.0s, G:maj 2.0s, G:maj 4.0s, E:min 4.0s, C:maj 2.0s, D:maj 2.0s"
2869,F:major,"F:maj7 1.5s, C:7(b9) 0.5s, F:maj7 1.0s, Eb:9 1.0s, F:maj7 1.5s, Gb:7 0.5s, F:maj7 1.0s, Bb:9 1.0s, F:9 1.0s, F:7 1.0s, Bb:9 2.0s, Eb:9 2.0s, F:maj7 3.5s, F:(3,5,b7,9,11,13) 0.5s, Bb:maj7 2.0s, Db:9 2.0s, F:maj7 4.0s, Eb:9 4.0s, Bb:maj6/3 2.0s, C:sus4 2.0s, F:maj7 1.0s, Bb:min6 1.0s, A:min7 1.0s, Ab:min7 1.0s, F:maj7 2.0s, G:min9 2.8s, C:9 1.2s, G:min9 4.0s, G:min9 2.0s, C:7(b9) 2.0s, F:maj7 2.0s"
2375,F:major,"F:maj 2.0s, Eb:maj 2.0s, Bb:maj 4.0s, F:maj 2.0s, Eb:maj 2.0s, Bb:maj 6.0s, F:maj 2.0s, Eb:maj 2.0s, Bb:maj 4.0s, F:maj 2.0s, Eb:maj 2.0s, Bb:maj 4.0s, Db:9 2.0s, Bb:maj 2.0s, Gb:9 2.0s, C:7 2.0s, F:maj 2.0s, Bb:maj/5 2.0s, F:maj 4.0s, F:9 2.0s, Eb:maj 2.0s, Bb:maj 4.0s, F:maj 2.0s"
5198,C:major,"C:maj 2.0s, F:maj7 2.0s, G:7 4.0s, D:min7 2.0s, F:maj/9 2.0s, C:maj 2.0s, G:min7 1.0s, Bb:maj/9 1.0s, F:maj 4.0s, E:maj 2.0s, A:min7 2.0s, D:maj 6.0s, G:maj 2.0s, C:maj 4.0s, G:7 4.0s, G:7 4.0s, C:maj 2.0s, G:min7 1.0s, Bb:maj/9 1.0s, F:maj 4.0s, E:7 2.0s, A:min 1.5s, F:min7 0.5s, C:maj/5 4.0s"
4121,C:minor,"C:min 2.0s, F:min 2.0s, C:min 1.0s, F:min 1.0s, C:min 1.0s, G:maj 1.0s, C:min 2.0s, F:min 2.0s, C:min 2.0s, G:maj 2.0s, C:min 1.0s, G:maj 1.0s, C:min 1.0s, G:maj 1.0s, G:maj 2.0s, C:min 1.0s, G:maj 1.0s, C:min 2.0s, F:min 2.0s, C:min 1.0s, F:min 1.0s, G:maj 1.0s, C:min 1.0s"
2398,G:major,"G:maj 12.0s, D:7 16.0s, G:maj 16.0s, D:7 16.0s"
4721,C:major,"C:maj 4.0s, G:7 8.0s, C:maj 6.0s, C:7 2.0s, F:maj 4.0s, C:maj 2.0s, G:7 2.0s, C:maj 4.0s, C:maj 4.0s, G:7 8.0s, C:maj 6.0s, C:7 2.0s, F:maj 4.0s, C:maj 2.0s, G:7 2.0s"
1053,C:major,"D:min7 2.0s, G:7 2.0s, C:maj 4.0s, D:min7 2.0s, G:7 2.0s, C:maj 4.0s, D:min7 2.0s, G:7 2.0s, C:maj 4.0s, D:min7 2.0s, G:7 2.0s, C:maj 4.0s, Ab:maj 4.0s, Db:maj 4.0s, Bb:min 2.0s, C:7 2.0s, F:min 4.0s, E:7 4.0s, A:maj 4.0s, D:min 2.0s, G:7 2.0s"
6272,G:major,"G:maj 8.0s, C:7 4.0s, G:maj 4.0s, D:7 2.0s, C:7 2.0s, G:maj 4.0s, G:maj 8.0s, C:7 4.0s, G:maj 4.0s, D:7 2.0s, C:7 2.0s, G:maj 4.0s, G:maj 8.0s, C:7 4.0s"
3299,F:major,"F:maj 0.5s, C:maj 1.0s, F:maj 1.5s, F:maj 0.0s, C:(*3,5)/5 0.2s, F:(*3,5) 0.7s, F:(*3,5) 0.5s, F:(*3,5) 0.8s, F:(*3,5) 0.8s, Bb:maj 0.0s, Bb:(3,*5) 0.5s, F:maj 0.5s, A:(b3,*5) 0.5s, F:maj 0.0s, A:(b3,*5) 0.4s, C:(*3,5)/5 0.2s, A:(b3,*5) 0.9s, A:(b3,*5) 0.1s, A:(b3,*5) 0.2s, F:(*3,5) 0.6s, Bb:maj 0.0s, Bb:(3,*5) 0.0s, D:(*3,5)/5 0.2s, Bb:(3,*5) 0.0s, C:maj 0.0s, C:(*3,5)/5 0.0s, C:(*3,5)/5 0.2s, C:(1,*3,*5) 0.2s, F:maj 0.0s, C:(*3,5)/5 0.1s, F:(*3,5) 0.2s, F:(*3,5) 0.2s, F:(*3,5) 0.2s, F:(*3,5) 0.2s, Bb:maj 0.2s, F:maj 0.2s, F:maj 0.0s, A:(b3,*5) 0.1s, A:(b3,*5) 0.2s, A:(b3,*5) 0.1s, C:maj 0.2s, Bb:maj 0.5s, F:maj 0.5s, F:maj 0.5s, Bb:maj 0.2s, C:maj 0.2s, C:maj 0.5s, F:maj 0.5s, F:maj 0.5s, Bb:maj 0.2s, C:maj 0.2s, C:maj 0.5s, F:maj 6.0s"
3356,F:major,"F:maj6 2.0s, G:9 2.0s, C:7 2.0s, G:min7 1.0s, C:7 1.0s, F:maj6 2.0s, D:7 2.0s, G:min 2.0s, Bb:min 1.0s, C:7 0.5s, E:7/b7 0.5s, F:maj 2.0s, D:9 1.5s, D:maj 0.5s, G:min7 2.0s, C:7 2.0s, F:maj6 4.0s, G:min7 2.0s, C:7 2.0s, F:maj6 2.0s, G:9 2.0s, C:7 2.0s, G:min7 1.0s, C:7 1.0s, F:maj6 2.0s, D:7 2.0s, G:min 2.0s, G:min7 1.0s, C:7 0.5s, E:7/b7 2.5s, E:7 2.0s, A:7 2.0s, D:7 1.5s, D:7(b9) 0.5s, G:min7 2.0s, C:7 1.0s, Bb:maj 0.5s, C:7 0.5s"
356,Eb:major,"Eb:maj9 2.0s, C:min7 1.0s, G:min7 1.0s, Ab:maj 2.0s, F:min7 1.0s, Bb:maj 1.0s, Eb:maj9 2.0s, C:min7 1.0s, G:min7 1.0s, Ab:maj 2.0s, F:min7 1.0s, Bb:maj 1.0s, C:min7 4.0s, Ab:maj 4.0s, C:min7 3.5s, Eb:maj/5 0.5s, Ab:maj 3.0s, Eb:maj/3 1.0s, Bb:sus4 2.0s, Bb:maj 2.0s, Ab:(2,5)/3 0.8s, Bb:maj 1.2s, Ab:maj 2.0s, F:min7 1.5s, Eb:maj/3 1.5s, Ab:maj9 1.0s, Bb:sus4 2.0s, Bb:maj 1.0s, Ab:maj7/9 1.0s, Eb:sus4 1.8s, Eb:maj 2.2s, F:min7 3.0s, Eb:maj/3 1.0s, Ab:maj 2.0s, Ab:maj/9 2.0s"
4892,C:major,"C:maj 6.0s, G:7 8.0s, C:maj 6.0s, C:7 2.0s, F:maj 3.0s, Ab:7 1.0s, C:maj 1.0s, A:7 1.0s, D:7 1.0s, G:7 1.0s, C:maj 2.0s, A:min 3.5s, F:maj 0.5s, G:maj 2.0s, A:min 6.0s, E:maj 1.0s, A:min 0.0s, E:maj 1.0s, E:7 1.0s, A:min 0.5s, E:maj 0.0s, E:7 0.5s, A:min 4.0s, D:min 4.0s, F:maj 2.0s, G:maj 1.0s, G:9 1.0s"
6270,C:major,"C:maj 1.5s, G:maj 0.5s, C:maj 0.5s, G:maj 0.5s, C:maj 1.0s, G:maj 1.5s, D:maj 0.5s, G:maj 0.5s, D:maj 0.5s, G:maj 1.0s, C:maj 1.0s, F:maj 3.0s, C:maj 1.0s, C:maj 1.5s, G:maj 0.5s, C:maj 0.5s, G:maj 0.5s, C:maj 1.0s, C:maj 1.0s, F:maj 3.0s, C:maj 1.0s, C:maj 1.5s, G:maj 0.5s, C:maj 0.5s, G:maj 0.5s, C:maj 1.0s"
2218,F:major,"F:maj 0.5s, Eb:7 0.5s, D:7 1.0s, G:7 1.0s, C:7 1.0s, F:maj 1.0s, Ab:dim 1.0s, G:min7 1.0s, C:7 1.0s, F:maj 3.0s, Ab:dim 1.0s, G:min7 1.0s, C:7 1.0s, G:min7 1.0s, C:7 1.0s, G:min 1.0s, Bb:aug 1.0s, G:min7 1.0s, C:7 1.0s, F:maj7 1.0s, F:maj 1.0s, F:maj7 1.0s, F:maj6 1.0s, F:maj 1.0s, A:min 1.0s, C:min6 1.0s, D:aug 0.2s, D:7 0.8s, G:min 1.0s, D:9 0.5s, D:7 0.5s, G:min 2.0s, G:9 2.5s, F:maj 0.5s, Ab:dim 0.5s, G:7 0.5s, C:9 1.0s, G:min7 1.0s, C:7 2.0s, F:maj 3.0s, Ab:dim 1.0s, G:min7 0.8s, C:7 1.2s, G:min7 1.0s, C:7 1.0s, G:min 1.0s, Bb:aug 1.0s, G:min7 1.0s, C:7 1.0s, F:maj7 1.0s, F:maj 1.0s, F:maj7 1.0s, F:maj 2.0s, A:min 1.0s, C:min6 0.8s, D:aug 0.5s, D:7 0.8s"
2024,D:major,"A:7 6.0s, D:maj 0.5s, A:7 0.5s, D:maj 1.0s, D:maj 4.0s, G:maj 2.0s, D:maj 2.0s, A:7 4.0s, D:maj 1.0s, G:maj 1.0s, D:maj 6.0s, G:maj 2.0s, D:maj 2.0s, A:7 6.0s, D:maj 2.0s, A:7 4.0s, D:maj 1.0s, G:maj 1.0s, D:maj 2.0s, A:7 4.0s, D:maj 1.0s, G:maj 1.0s, D:maj 2.0s, A:7 4.0s"
5634,C:major,"C:maj9 2.0s, G:min7 2.0s, C:maj9 2.0s, G:min7 1.5s, F#:9 0.5s, C:min9 1.5s, F:9 0.5s, D:min7 1.0s, Eb:min7 1.0s, E:min7 1.5s, A:7 0.5s, D:min7 1.0s, G:7(b9) 0.5s, G:9 0.5s, C:maj9 2.0s, G:min7 2.0s, C:maj9 2.0s, G:min7 1.5s, F#:9 0.5s, C:min9 1.5s, F:9 0.5s, D:min7 1.0s, Eb:min7 1.0s, D:min7 1.5s, Db:9 0.5s, C:maj9 2.0s, A:min6 1.0s, B:(3,#5,b7) 1.0s, E:min9 1.5s, A:7(b9) 0.5s, F#:min7 1.5s, D:maj 0.5s, F:9 2.0s, B:min6 1.0s, C#:maj 1.0s, A:min6 1.0s, B:7(b9) 1.0s, G:min6 1.0s, A:7(b5) 1.0s, D:min7 1.0s, G:7(b9) 1.0s, C:maj9 2.0s, G:maj7 2.0s, C:maj9 2.0s, G:min7 2.0s, C:min9 1.5s, F:9 0.5s, D:min7 1.0s, Eb:min7 1.0s"
525,Bb:major,"G:min 1.0s, D:7 1.0s, G:min 1.0s, C:dim 1.0s, C#:dim 1.0s, D:7 1.0s, G:min 2.0s, G:min 1.0s, D:7 1.0s, G:min 1.0s, C:dim 1.0s, C#:dim 1.0s, D:7 1.0s, G:min 2.0s, F:min 4.0s, Bb:maj 4.0s, F:7 4.0s, G:min 1.0s, C:7 1.0s, F:7 2.0s, Bb:maj 2.5s, Bb:aug 0.5s, Eb:maj 1.0s, Bb:maj 4.0s, F:7 2.5s, F:dim 0.5s, F:7 1.0s, Bb:maj 4.0s, Bb:maj 2.5s, Bb:aug 0.5s, Eb:maj 1.0s, Bb:maj 3.0s, Eb:maj 0.5s, Bb:maj 0.5s, F:7 4.0s"
1266,Eb:major,"Eb:maj 1.5s, C:min 1.5s, F:min 1.5s, Bb:7 1.5s, F:min7 1.0s, Ab:min 0.5s, Bb:7 1.5s, Eb:maj 4.5s, C:7(b5) 1.0s, Gb:7 0.5s, Bb:maj 1.5s, G:7 1.5s, C:7 1.5s, F:7 1.5s, Bb:maj 0.5s, Eb:min6 0.5s, Bb:dim 0.5s, Bb:7 1.5s, F:min7 1.0s, Ab:min6 0.5s, Bb:7 1.5s, G:min 1.0s, G:min7 0.5s, C:7 1.5s, F:7 0.5s, C:min7 0.5s, F:7 2.0s, Bb:7 0.5s, Eb:min6 0.5s, Bb:dim 0.5s, Bb:7 1.5s, Eb:maj 1.5s, Eb:maj/3 1.5s, B:7/5 1.5s, F:7 1.5s, Bb:7 2.5s, Bb:(3,#5,b7) 0.5s, Eb:maj 1.0s, G:min 0.5s, F:min7 1.0s, Bb:7 0.5s, Eb:maj/3 1.5s, Eb:min/b3 1.5s, Bb:maj/5 1.5s, G:7 1.0s, F#:7 0.5s, C:7 1.5s, F:7 1.5s, Bb:maj 0.5s, Eb:min6 0.5s, Bb:dim 0.5s, Bb:7 1.5s"
735,C:major,"Eb:(*3,*5,7)/7 0.1s, C:(b3,*5,9) 0.1s, C:(b3,*5) 0.4s, C:(*3,5) 1.0s, A:(b3,*5)/b3 0.4s, C:(*3,5) 0.1s, C:(*3,5) 0.1s, F#:(*3,b5)/b5 0.2s, C:(*3,5) 0.2s, A:(*3,*5,b7)/b7 1.8s, D:(1,*3,*5) 1.2s, D:(*3,*5,b7)/b7 0.2s, B:(b3,*5,b9) 0.1s, B:(b3,*5,b9) 4.5s, D:(*3,*5,b7)/b7 0.1s, B:(b3,*5,b9) 0.8s, Bb:(3,*5,9) 0.1s, Bb:(3,*5,9) 0.4s, Eb:(*3,5)/5 1.8s, F:(1,*3,*5,b7)/b7 0.1s, F:(*3,*5,b7)/b7 0.6s, D:(*3,*5,b7)/b7 0.1s, D:(*3,*5,b7)/b7 0.4s, C:(*3,*5,b7)/b7 0.1s, C:(*3,*5,b7)/b7 0.8s, Eb:(*3,*5,7)/7 1.1s, Eb:(*3,*5,7)/7 0.1s, Eb:(*3,*5,7)/7 1.9s, F:(*3,*5,b7)/b7 0.1s, F:(*3,*5,b7)/b7 1.8s, Eb:(*3,*5,7)/7 0.9s, Eb:(*3,*5,7)/7 2.0s, Eb:(*3,*5,7)/7 0.2s, D:(b3,*5,b9) 0.1s, D:(b3,*5,b9) 0.2s, Eb:(3,*5,7,9)/7 1.6s, Eb:(*3,*5,7)/7 0.1s, Eb:(*3,*5,7)/7 0.2s, A:(*3,b5)/b5 0.2s, A:(*3,*5,b7)/b7 0.4s, F:(3,*5,9) 0.1s, F:(3,*5,9) 0.1s, Bb:(*3,5)/5 3.1s, G:(*3,*5,b7)/b7 0.6s, E:(*3,*5,b7)/b7 0.1s, E:(*3,*5,b7)/b7 3.6s, G:(*3,*5,b7)/b7 2.8s, Bb:(3,*5) 2.2s, F:(*3,*5,b7)/b7 0.9s, Eb:(*3,*5,7)/7 0.9s, F:(3,*5,9) 11.9s, G:(1,*3,*5) 0.2s, G:(1,*3,*5) 6.4s"
382,D:minor,"D:min9 32.0s, Eb:min9 16.0s, D:min9 12.0s"
1569,C:major,"C:maj 9.0s, G:7 6.0s, C:maj 1.0s, C:dim7 0.5s, C:maj 1.5s, G:maj 1.5s, D:7 1.5s, G:7 3.0s, C:maj 8.5s, E:7 0.5s, F:maj 1.0s, A:7 0.5s, D:min 1.0s, A:7 0.5s, D:min 1.5s, F:maj 0.5s, F:maj6 0.5s, C:dim7 0.5s, C:maj 1.0s, C:dim7 0.5s, C:maj 1.5s, G:maj 1.5s, D:7 1.5s, G:7 3.0s, C:maj 6.0s, F:maj 1.5s, G:maj 1.0s, F:maj 0.5s, C:maj 3.0s"
4404,C:major,"C:maj 6.0s, F:maj 2.0s, C:maj 2.0s, G:7 2.0s, C:maj 2.0s, G:7 2.0s, C:maj 6.0s, F:maj 2.0s, C:maj 2.0s, G:7 6.0s, G:maj 1.0s, C:maj 1.0s, G:maj 3.0s, C:maj 1.0s, G:maj 2.0s, C:maj 2.0s, G:maj 2.0s, D:maj 1.0s, G:maj 1.0s, D:maj 2.0s, G:maj 1.0s, C:maj 1.0s, G:maj 3.0s, C:maj 1.0s, G:maj 2.0s, C:maj 2.0s, G:maj 2.0s"
2028,F:major,"C:7 0.5s, G:min7 0.5s, Bb:dim 0.5s, F:maj 1.0s, F:maj7 1.0s, F:maj6 1.0s, F:maj7 1.0s, F:maj 1.0s, G:min7 1.0s, C:7 2.0s, G:min7 1.0s, C:7 1.0s, G:min7 1.0s, C:7 1.0s, Bb:maj6 1.0s, Bb:dim 1.0s, F:maj7 1.0s, F:maj6 1.0s, F:maj 1.0s, F:maj7 1.0s, F:7 1.0s, F:(3,#5,b7) 1.0s, Bb:maj6 2.0s, Bb:maj7 1.0s, Eb:9 1.0s, F:maj 1.0s, C:min 1.0s, Eb:dim 1.0s, Bb:min6 1.0s, F:maj 1.0s, Bb:maj7 0.5s, Bb:dim 0.2s, F:maj 1.2s, F:7 1.0s, Bb:maj7 3.0s, Bb:maj6 1.0s, F:maj 2.0s, F:7 1.0s, F:(3,#5,b7) 1.0s, Bb:maj7 3.0s, Bb:maj6 1.0s, F:maj 1.0s, Eb:dim 1.0s, C:7 1.0s, G:min7 0.5s, Bb:dim 0.5s, F:maj 1.0s, F:maj7 1.0s, F:7 1.0s, F:(3,#5,b7) 1.0s, Bb:maj6 2.0s, Bb:maj7 1.0s, Eb:9 1.0s, F:maj 1.0s, C:min 1.0s, D:7 0.5s"
375,Eb:major,"Eb:maj 2.0s, Bb:maj 2.0s, Eb:maj 1.5s, Bb:7 2.5s, Eb:maj 4.0s, Eb:7 4.0s, Ab:maj 4.0s, G:min 1.5s, C:maj 2.5s, F:min 2.0s, Bb:maj 2.0s, Eb:maj 2.0s, F:min7 2.0s, Eb:maj 4.0s, Ab:min 4.0s, Eb:maj 4.0s, C:min 2.0s, C:min7 1.0s, F:maj 1.0s, Bb:7 4.0s, Eb:maj 2.0s, Bb:maj 2.0s, Eb:maj 2.0s, Bb:7 2.0s"
455,Bb:major,"F:(5) 2.0s, Bb:(2,5) 2.0s, F:maj/3 2.0s, Bb:maj 2.0s, Bb:maj/5 0.5s, F:maj 0.5s, F:(2,5) 1.5s, F:maj 0.5s, Bb:maj/5 0.5s, C:min/4 0.5s, Bb:maj 1.0s, F:7/5 1.0s, Bb:maj/3 1.0s, Eb:maj 1.0s, F:maj/b7 1.0s, Bb:maj/3 1.0s, Eb:maj/7 2.0s, C:min7 1.0s, F:maj 1.0s, Bb:maj 1.0s, Bb:maj/7 1.0s, G:min 1.0s, G:min/b7 1.0s, Eb:maj 2.0s, Bb:maj 0.0s, D:min/5 1.0s, G:min 0.5s, Bb:maj7 0.5s, Eb:maj 1.5s, F:maj/b7 0.5s, Bb:maj7/3 1.0s, Eb:maj 1.0s, F:sus4 1.5s, F:maj 0.5s, D:maj/3 1.0s, G:min 1.5s, G:min/b7 0.5s, Eb:maj 1.0s, F:sus4(7) 1.5s, F:maj 0.5s, Eb:maj/5 2.0s, Bb:maj 1.0s, Bb:(5) 2.0s, Bb:maj 1.0s, F:sus4(7)/5 0.9s, F:7/5 0.1s, Bb:maj/3 1.0s, Eb:maj 1.0s, F:maj/b7 1.0s, Bb:maj/3 1.0s, Eb:maj/7 2.0s, C:min7 1.5s, F:maj 0.5s, Bb:maj 1.0s, Bb:maj/7 1.0s, G:min 1.0s"
5697,C:major,"D:min 1.0s, F:maj 1.0s, D:min 1.0s, F:maj 1.0s, D:min 0.5s, A:7 0.5s, D:min 0.5s, A:7 0.5s, D:min 0.2s, G:min 0.2s, D:min 0.3s, A:7 0.2s, D:min 0.2s, G:min 0.2s, D:min 1.5s, F:maj 1.0s, D:min 1.0s, F:maj 1.0s, D:min 0.5s, A:7 0.5s, D:min 0.5s, A:7 0.5s, D:min 0.2s, G:min 0.2s, D:min 0.2s, A:7 0.3s, D:min 0.2s, G:min 0.2s, D:min 0.5s"
1996,C:major,"C:maj 0.5s, A:min 0.5s, C:maj 0.5s, A:min 0.5s, C:maj 0.5s, A:min 0.5s, C:maj 0.5s, A:min 0.5s, F:maj 0.5s, G:maj 0.5s, C:maj 0.5s, G:maj 0.5s, C:maj 0.5s, F:maj 0.2s, G:maj 0.2s, A:min 0.5s, F:maj 0.2s, G:maj 0.2s, G:maj 0.5s, E:min 0.5s, A:min 1.0s, F:maj 1.0s, A:min 1.0s, F:maj 1.0s, C:maj 0.5s, G:maj 0.5s, C:maj 0.5s, G:maj 0.5s, C:maj 0.5s, A:min 0.5s, C:maj 0.5s, A:min 0.5s, F:maj 0.5s, G:maj 0.5s, C:maj 0.5s, G:maj 0.5s, C:maj 0.5s, F:maj 0.2s, G:maj 0.2s, A:min 0.5s, F:maj 0.2s, G:maj 0.2s, G:maj 0.5s, E:min 0.5s, A:min 1.0s, F:maj 1.0s, A:min 1.0s, F:maj 1.0s, C:maj 0.5s, G:maj 0.5s, C:maj 0.5s, G:maj 0.5s, C:maj 0.5s, A:min 0.5s, F:maj 0.5s, G:maj 0.5s, A:min 0.5s, G:maj 0.5s, C:maj 0.5s, F:maj 0.2s, G:maj 0.2s, A:min 0.5s, F:maj 0.2s, G:maj 0.7s, G:maj/b7 0.1s, E:min 0.5s, A:min 1.0s, F:maj 1.0s, A:min 1.0s, F:maj 1.0s, C:maj 0.5s, G:maj 0.5s, C:maj 1.0s"
3160,A:minor,"A:min 2.0s, D:min 2.0s, F:maj 2.0s, C:maj 2.0s, D:min 2.0s, G:maj 2.0s, C:maj 2.0s, A:min 2.0s, D:min 2.0s, E:maj 2.0s, A:min 2.0s, D:min 2.0s, F:maj 2.0s, C:maj 2.0s, D:min 2.0s, G:maj 2.0s, C:maj 2.0s, A:min 2.0s, D:min 2.0s, E:maj 2.0s"
5191,D:major,"D:maj 1.5s, D:maj/7 1.5s, D:maj/6 1.5s, D:7 1.5s, G:maj 3.0s, A:7 3.0s, D:maj 1.5s, D:maj/7 1.5s, D:maj/6 1.5s, D:7 1.5s, G:maj 3.0s, A:maj 3.0s, G:maj 3.0s, F#:min 1.5s, F#:7 1.5s, B:min 1.5s, B:min/b7 1.5s, E:9 1.5s, E:7 1.5s, A:7 1.5s, E:min 1.5s, A:7 3.0s, B:min 3.0s, A:maj 3.0s, B:min 3.0s, A:maj 3.0s, B:min 3.0s, A:maj 3.0s"
1010,F:major,"F:maj 4.0s, C:7 8.0s, F:maj 7.0s, F:7 1.0s, Bb:maj 2.0s, G:7 2.0s, C:7 4.0s, F:maj 8.0s, C:7 8.0s, F:maj 7.0s, F:7 1.0s, Bb:maj 2.0s, G:7 2.0s, C:7 4.0s"
5745,C:major,"C:maj/5 0.2s, D:(b3,#5)/b3 10.2s, D:(1,*3,5) 0.2s, D:(1,*3,5) 0.2s, E:(*3,5)/5 0.5s, D:(1,*3,5) 0.2s, D:(1,*3,5) 0.2s, E:(*3,5)/5 0.5s, E:(1,*3,5) 0.2s, E:(1,*3,5) 0.2s, F#:(*3,5)/5 0.2s, E:(1,*3,5) 0.2s, E:(1,*3,5) 0.2s, F#:(*3,5)/5 0.2s, E:(1,*3,5) 0.2s, E:(1,*3,5) 34.8s"
5247,G:major,"G:maj 6.0s, D:7 2.0s, G:maj 5.0s, D:7 1.0s, G:maj 8.0s, D:7 2.0s, G:maj 5.0s, D:7 1.0s, G:maj 2.0s, C:maj 4.0s, G:maj 2.0s, D:7 2.0s, G:maj 5.0s, D:7 1.0s, G:maj 2.0s"
5033,F:major,"F:maj 1.0s, C:maj 1.0s, G:min7 1.0s, C:maj 1.0s, G:min7 1.0s, C:7 1.0s, F:maj 3.0s, C:maj 1.5s, G:7 0.5s, C:maj 1.0s, D:min7 1.0s, G:7 1.0s, G:min7 2.0s, F:maj 3.0s, Db:7 1.0s, G:min 7.0s, C:7 1.0s, F:maj 8.0s, G:min 5.8s, C:7 0.2s, G:min 1.5s, C:7 0.5s, F:maj 1.5s, Db:7 0.5s, G:min 0.8s, G:7 0.8s, C:7 0.5s, F:maj 3.0s, Db:7 1.0s, G:min 7.0s, C:7 1.0s"
2535,F:major,"F:maj 2.0s, A:min 2.0s, G:min 4.0s, C:7 6.0s, F:maj 6.0s, A:min 2.0s, G:min 4.0s, C:7 6.0s, F:maj 4.0s, F:maj 4.0s, C:7 4.0s, Bb:maj 4.5s, G:min7 1.5s, F:maj 6.0s"
4088,Eb:major,"C:min 2.0s, G:maj 2.0s, C:min 2.0s, Gb:min 2.0s, C:min 2.0s, G:maj 2.4s, C:min 1.6s, C:min 2.2s, G:maj 16.0s, G:maj 5.8s, Gb:min 2.9s, G:maj 1.1s, C:min 0.5s, G:maj 1.4s, C:(1,*3,*5) 2.2s, C:maj 2.0s, G:maj 8.1s, G:maj 3.8s"
5739,F:major,"C:maj 1.0s, F:maj 1.0s, G:min7 1.0s, F:maj7/3 1.0s, Bb:9 1.0s, F:maj 1.0s, Bb:9 1.0s, F:maj7 1.0s, Bb:9 1.0s, A:min 2.0s, G:min 2.0s, Bb:maj/9 1.0s, C:maj 3.0s, F:maj 1.0s, G:min7 1.0s, F:maj7 1.0s, Bb:9 1.0s, F:maj 1.0s, Bb:9 1.0s, F:maj7 1.0s, Bb:9 1.0s, A:maj 2.0s, A:7 2.0s, D:min 2.0s, D:min/b7 2.0s, Bb:maj 1.0s, Bb:maj/#4 1.0s, Bb:maj/7 2.0s, G:min 2.0s, C:7 2.0s, F:maj 2.0s, A:min 2.0s, G:min 2.0s, D:min 2.0s, C:maj 2.0s, Bb:maj 2.0s, F:maj/3 2.0s, Bb:maj 2.0s, F:maj/3 2.0s, G:min 1.0s"
2205,C:major,"F:maj 2.0s, G:min7 2.0s, C:7 2.0s, F:maj 2.0s, F:7 2.0s, Bb:maj 2.0s, G:7 2.0s, C:maj 3.0s, C:7 1.0s, F:maj 2.0s, G:min7 2.0s, C:7 2.0s, F:maj 2.0s, F:7 2.0s, Bb:maj 2.0s, F:maj 2.0s, G:7 2.0s, C:7 2.0s, F:maj 2.0s, D:min 1.0s, F:maj 1.0s, Bb:maj 1.0s, F:maj 1.0s, G:min7 1.0s, Bb:maj 1.0s, F:maj 0.5s, A:maj 1.5s, D:min 1.0s, F:maj 1.0s, Bb:maj 1.0s, F:maj 1.0s, G:maj 2.0s, C:maj 2.0s, C:7 2.0s, F:maj 2.0s, G:min7 2.0s"
651,Eb:major,"F:min7 1.0s, Bb:7 1.0s, G:min7 1.0s, F#:dim7 1.0s, F:min7 1.0s, Bb:7 1.0s, G:hdim7 1.0s, C:(3,#5,b7) 1.0s, F:min7 1.0s, Db:7 1.0s, G:min7 1.0s, F#:dim7 1.0s, F:7 2.0s, F:min7 1.5s, Bb:7 0.5s, F:min7 1.0s, Bb:7 1.0s, G:min7 1.0s, F#:dim7 1.2s, F:min7 0.8s, Bb:7 1.0s, G:hdim7 1.0s, C:(3,#5,b7) 1.0s, F:min7 1.0s, Db:7 1.0s, G:min7 1.0s, F#:dim7 1.0s, F:min7 1.0s, Bb:7 1.0s, Eb:maj7 2.0s, Bb:min7 1.0s, Eb:7 1.0s, Ab:maj7 1.5s, F:7 0.5s, Bb:min7 1.0s, Eb:7 1.0s, Ab:maj7 2.0s, C:min7 1.0s, F:7 1.0s, Bb:maj7 1.0s, G:7 1.0s, C:min7 1.0s, F:7 1.0s, F:min7 1.0s, B:maj7 1.0s, F:min7 1.0s, Bb:7 1.0s, G:min7 1.0s, F#:dim7 1.0s, F:min7 1.0s, Bb:7 1.0s, G:hdim7 1.0s, C:(3,#5,b7) 1.0s, F:min7 1.0s, Db:7 1.0s, G:min7 1.0s, F#:dim7 1.0s"
4446,C:major,"C:maj 8.0s, G:7 2.0s, C:min 2.0s, F#:dim 2.0s, G:7 2.0s, D:7 1.0s, G:7 1.0s, C:maj 2.0s, F:min 2.0s, Bb:7 2.0s, Eb:maj7 2.5s, Bb:min6 1.0s, C:7 0.5s, F:min 2.0s, G:7 2.0s, C:maj 2.0s, C:7 2.0s, F#:dim 2.0s, G:7 3.0s, C:7 1.0s, F:maj 2.0s, G:7 2.0s, C:maj 2.0s, A:7 2.0s, D:min7 2.0s, G:7 2.0s, C:maj 2.0s, C:7 2.0s, F:min 2.0s"
5699,Bb:major,"F:7 0.5s, Bb:maj 3.0s, Eb:maj 3.0s, F:7 3.0s, Bb:maj 6.0s, Eb:maj 3.0s, C:7 3.0s, F:7 6.0s, Bb:maj 3.0s, C:7 3.0s, F:7 3.0s, Bb:maj 3.0s, Eb:maj 1.5s, C:7 1.0s, Gb:dim 0.5s, Bb:maj 1.5s, F:7 1.5s, Bb:maj 3.0s, Bb:maj 2.5s, Eb:maj 0.5s, Bb:maj 4.5s, D:7 1.5s, Eb:maj 2.5s"
5938,F:major,"F:maj 2.0s, D:min 1.0s, D:min 1.0s, F:maj 4.0s, G:7 2.0s, C:7 2.0s, F:maj 4.0s, Bb:maj 4.0s, F:maj 1.0s, F:maj 5.0s, D:min 1.0s, Db:7 0.0s, Db:7 1.0s, C:7 4.0s, F:maj 2.0s, D:min 1.0s, D:min 1.0s, F:maj 4.0s, G:7 2.0s, C:7 2.0s, F:maj 16.0s"
3259,Eb:major,"Eb:maj 2.0s, F:min7 0.5s, Bb:7 3.5s, Eb:maj 3.0s, Eb:7 1.0s, Ab:maj 2.0s, Bb:7 2.0s, Eb:maj 3.0s, Ab:maj 0.5s, Eb:maj 0.5s, Bb:7 4.0s, Eb:maj 3.0s, Eb:7 1.0s, Ab:maj 2.0s, Bb:7 2.0s, Eb:maj 2.0s, Eb:maj 2.0s, F:min7 0.5s, Bb:7 3.5s, Eb:maj 3.0s, Eb:7 1.0s, Ab:maj 2.0s, Bb:7 2.0s, Eb:maj 3.0s, Ab:maj 0.5s, Eb:maj 0.5s, Bb:7 4.0s, Eb:maj 3.0s, Eb:7 1.0s, Ab:maj 2.0s"
5205,Eb:major,"Eb:maj 2.0s, Bb:7 2.0s, Ab:maj 2.0s, Eb:maj 4.0s, Bb:maj 1.0s, Eb:maj 1.0s, Ab:maj6 1.0s, G:min/b3 0.8s, Bb:7 0.2s, Eb:maj 1.5s, Eb:7 0.5s, Ab:maj 2.0s, Eb:maj 2.0s, Bb:7 2.0s, Eb:maj 1.5s, Eb:7 0.5s, Ab:maj 2.0s, Eb:maj 3.5s, Bb:7 0.5s, Eb:maj 2.0s, Eb:maj 2.0s, Bb:7 2.0s, Ab:maj 2.0s, Eb:maj 4.0s, Bb:maj 1.0s, Eb:maj 1.0s, Ab:maj6 1.0s, G:min/b3 0.8s, Bb:7 0.2s, Eb:maj 1.5s, Eb:7 0.5s, Ab:maj 2.0s, Eb:maj 2.0s, Bb:7 2.0s, Eb:maj 1.5s, Eb:7 0.5s, Ab:maj 2.0s, Eb:maj 2.0s"
3654,Eb:major,"C:min 1.0s, C:(1,*3,*5) 3.0s, C:min7 4.0s, C:(1,*3,*5) 2.0s, F:min7 1.5s, C:min 4.5s, C:min 4.0s, C:min7 2.0s, C:min6 4.0s, F:min7 2.0s, Ab:min6 2.0s, Bb:7 3.0s, F:min7 1.0s, G:min7 1.0s, F:min7 1.8s, F:min7 1.2s, G:min7 1.0s, F:min7 2.0s, G:7 1.0s, C:min 1.5s, A:7 4.5s, C:min 4.0s, C:min7 2.0s, C:min6 6.0s"
3820,Bb:major,"F:maj 0.5s, Bb:maj 3.0s, F:min 0.2s, Bb:7 0.7s, Eb:maj 3.0s, Ab:7 1.0s, Bb:maj 2.0s, G:maj 2.0s, C:7 2.0s, C:min7 2.0s, Bb:maj 3.0s, F:min7 0.5s, Bb:7 0.5s, Eb:maj 3.0s, Ab:7 1.0s, Bb:maj 2.0s, G:maj 2.0s, C:7 1.0s, F:7 3.0s, F:min7 1.0s, Bb:7 1.0s, Eb:maj 2.0s, F:min7 1.0s, Bb:7 1.0s, Eb:maj 2.0s, G:min7 1.0s, C:7 1.0s, F:maj 2.0s, G:min7 1.0s, C:7 1.0s, C:min7 1.0s, F:7 1.0s, Bb:maj 3.2s, F:min7 0.2s, Bb:maj 0.5s, Eb:maj 3.0s, Ab:7 1.0s, Bb:maj 2.0s, G:maj 1.5s"
722,C:major,"C:maj 4.5s, D:min 4.5s, G:7 4.5s, C:maj 4.5s, C:maj 4.5s, G:7 4.5s, C:maj 4.5s, D:7 6.0s, G:7 3.0s, C:maj 4.5s, F:maj 1.5s, C:maj 1.5s, G:7 1.5s, C:maj 4.5s"
833,C:major,"C:maj 8.0s, F:maj 4.0s, C:maj 4.0s, C:maj 8.0s, F:maj 4.0s, C:maj 4.0s, G:maj 2.0s, A:min 2.0s, F:maj 2.0s, G:maj 2.0s, C:maj 1.5s, F:maj 0.5s, G:maj 2.0s, C:maj 2.0s, F:maj 0.5s, G:maj 1.5s, F:maj 1.0s, G:maj 5.0s, C:maj 2.0s, C:maj 4.0s"
2440,F:major,"F:maj 2.0s, C:7 2.0s, F:maj 2.0s, C:7 2.0s, F:7 1.0s, D:7 1.0s, G:min7 2.0s, G:dim7 2.0s, F:maj 2.0s, D:min 2.0s, G:min 1.0s, Bb:maj 1.0s, D:min 2.0s, F:maj 1.0s, Bb:7 0.5s, G:7 0.5s, C:min 2.0s, F:7 1.0s, Ab:min 0.5s, B:7 0.5s, C:maj 1.0s, Bb:maj 1.0s, A:min 1.0s, C:(3,#5,b7) 1.0s, F:maj 2.0s, C:7 2.0s, F:maj 2.0s, C:7 2.0s, F:7 1.0s, D:7 1.0s, G:min7 2.0s, G:dim7 2.0s, F:maj 2.0s, D:min 2.0s, D:min7 2.0s, D:min6 2.0s, Bb:min 2.0s, F:maj 0.5s, Bb:maj 0.5s, F:maj 1.0s, C:7 2.0s"
4852,Eb:major,"Eb:maj 1.0s, C:min 1.0s, F:min7 1.5s, Bb:maj 0.5s, Eb:maj 1.0s, C:min 1.0s, F:min7 0.8s, Bb:maj 1.2s, Eb:maj 1.0s, C:min 1.0s, F:min7 1.5s, Bb:maj 0.5s, F:min7 1.5s, Bb:maj 0.5s, Eb:maj 2.0s, F:min7 1.5s, Bb:maj 0.5s, Eb:maj 1.8s, F:min7 1.2s, Bb:7 1.0s, Eb:maj 2.0s, F:min7 1.0s, Bb:7 1.0s, Eb:maj 2.0s, G:min 4.0s, F:7 2.0s, Bb:7 2.0s, Eb:maj 1.0s, C:min 1.0s, F:min7 1.5s, Bb:maj 0.5s, Eb:maj 1.0s, C:min 1.0s, F:min7 0.8s, Bb:7 1.2s, Eb:maj 1.0s, C:min 1.0s, F:min7 1.5s, Bb:maj 0.5s, F:min7 1.5s, Bb:maj 0.5s, Eb:maj 2.0s, F:min7 1.5s, Bb:maj 0.5s, Eb:maj 2.0s, Eb:maj 2.0s, F:min7 1.0s, C:min7 1.0s"
5962,C:major,"C:maj 1.0s, G:7(b9) 0.5s, G:9(#5) 0.5s, G:min7 1.0s, C:9 1.0s, F:maj7 2.0s, D:min7 1.0s, A:aug 1.0s, C:maj/5 1.0s, A:min6 0.8s, D:9 0.2s, D:min7 1.0s, G:7 1.0s, C:maj 1.0s, A:7 1.0s, Ab:9 1.0s, G:7 1.0s, C:maj 1.0s, G:7(b9) 0.5s, G:9(#5) 0.5s, G:min7 1.0s, C:9 1.0s, F:maj7 2.0s, F:min6 1.0s, Ab:aug 1.0s, C:maj 1.0s, A:min6 0.8s, D:9 0.2s, D:7 1.0s, G:7 1.0s, C:maj6 2.0s, F#:min7 1.0s, B:7 1.0s, E:min7 2.0s, E:min7 1.0s, B:7 1.0s, E:min7 1.0s, B:7(#9) 1.0s, E:hdim7 1.0s, A:7 1.0s, D:min 1.0s, D:min7 1.0s, G:7 1.0s, G:min7 1.0s, D:min7 1.0s, D:7 1.0s, D:min7 1.0s, G:7 1.0s, C:maj 1.0s, G:7(b9) 0.5s, G:9(#5) 0.5s, G:(b3,5,b7,9,11) 1.0s, C:(3,5,b7,9,b9,11,13) 1.0s, F:maj7 2.0s, Bb:(3,5,b7,9,11,13) 1.0s, Bb:9 1.0s, A:min7 1.0s, D:9 1.0s, D:(b3,5,b7,9,11) 1.0s, G:7 1.0s"
4984,Ab:major,"Eb:maj/5 0.2s, Ab:(3,*5)/3 0.1s, G:(b3,*5)/b3 0.1s, G:(b3,*5)/b3 0.1s, Ab:(3,*5)/3 0.2s, G:(b3,*5)/b3 0.1s, G:(b3,*5)/b3 0.1s, Ab:(3,*5)/3 0.2s, G:(b3,*5)/b3 0.1s, G:(b3,*5)/b3 0.1s, Ab:maj/3 0.4s, Eb:maj/5 0.2s, Ab:(3,*5)/3 0.1s, G:(b3,*5)/b3 0.1s, G:(b3,*5)/b3 0.1s, Ab:(3,*5)/3 0.2s, F:(b3,*5,b7)/b3 0.1s, F:(b3,*5,b7)/b3 0.1s, Gb:(#3,5)/#3 0.1s, Db:maj(9)/5 0.8s, Eb:maj/5 0.2s, Ab:(3,*5)/3 0.1s, G:(b3,*5)/b3 0.1s, G:(b3,*5)/b3 0.1s, Ab:(3,*5)/3 0.2s, G:(b3,*5)/b3 0.1s, G:(b3,*5)/b3 0.1s, Ab:(3,*5)/3 0.2s, G:(b3,*5)/b3 0.1s, G:(b3,*5)/b3 0.1s, Ab:maj/3 0.4s, Eb:maj/5 0.2s, Ab:(3,*5)/3 0.1s, G:(b3,*5)/b3 0.1s, G:(b3,*5)/b3 0.1s, Ab:(3,*5)/3 0.2s, F:(b3,*5,b7)/b3 0.1s, F:(b3,*5,bb7)/b3 0.5s, F:(b3,*5,bb7)/b3 4.5s, Db:maj7 1.0s, Bb:min7 3.0s, C:min7 0.5s, F:min 1.5s, D:maj/b9 1.0s, Ab:maj 1.0s, C:(3,#5,b7) 1.0s, F:min 0.9s, Eb:min7 0.5s, Ab:7 0.6s, Db:maj 0.9s, C:min7 0.6s, F:min 0.4s, Bb:min7 1.1s, Db:maj/9 1.0s, Db:min7/#9 1.9s, C:min7/b3 1.1s, Db:min7/#9 9.0s, Ab:maj 1.0s, Db:maj 0.9s, Bb:min 0.6s, Bb:maj 0.5s, C:maj 1.0s, F:min 0.9s, Bb:min7 1.1s, Eb:maj/3 2.0s, Ab:maj 1.0s, Db:maj 0.9s, G:min7 1.1s, C:(3,#5,b7,b9) 1.0s"
2172,G:major,"G:maj 2.0s, E:min 2.0s, G:maj 2.0s, E:min 2.0s, G:maj 2.0s, E:min 2.0s, D:7 2.0s, A:min7 1.0s, D:7 1.0s, C:maj 2.0s, G:maj 2.0s, D:7 2.0s, G:maj 1.0s, G:7 1.0s, C:maj 2.0s, G:maj 2.0s, D:7 1.5s, C:maj 0.5s, G:maj 2.0s, G:maj 2.0s, D:7 2.0s, C:maj 2.0s, G:maj 4.0s, D:7 2.0s, C:maj 1.0s, D:7 1.0s, G:maj 4.0s, G:maj 2.0s, E:min 2.0s, G:maj 2.0s, E:min 2.0s, G:maj 2.0s"
4990,G:major,"E:min 4.0s, D:maj 4.0s, E:min 4.0s, E:min 1.0s, D:maj 1.0s, E:min 2.0s, E:min 4.0s, D:maj 4.0s, E:min 4.0s, E:min 1.0s, D:maj 1.0s, E:min 2.0s, E:min 4.0s, D:maj 4.0s, E:min 4.0s, E:min 1.0s, D:maj 1.0s, E:min 2.0s, E:min 4.0s, D:maj 4.0s, E:min 4.0s"
5552,G:major,"G:maj 1.0s, G:maj7 1.0s, G:7 2.0s, C:maj7 2.0s, F:9 2.0s, G:maj 0.8s, A:min7 1.2s, D:9 2.0s, G:maj 1.0s, G#:dim7 3.0s, G:maj 1.0s, G:maj7 1.0s, G:7 2.0s, C:maj7 2.0s, F:9 2.0s, G:maj 0.8s, A:min7 1.2s, D:9 2.0s, G:maj 1.5s, C:7 0.5s, F:min7 1.0s, Bb:7 1.0s, Eb:maj 1.0s, Eb:maj7 1.0s, Eb:maj 1.0s, Eb:maj7 3.0s, Eb:maj 1.0s, Eb:9 1.0s, A:min7 1.0s, D:7 1.0s, G:maj 0.8s, E:9 1.0s, G:min 0.2s, D:maj 0.8s, A:7 1.0s, D:7 2.2s, G:maj 1.0s, G:maj7 1.0s, G:7 2.0s, C:maj7 2.0s, F:9 2.0s, G:maj 0.8s, A:min7 1.2s, D:9 2.0s"
3685,Eb:major,"Eb:maj 6.0s, Ab:maj 0.5s, Eb:maj 2.5s, C:min 1.5s, Eb:maj/5 1.0s, Bb:7 0.5s, Eb:maj 3.0s, Bb:maj 1.5s, Eb:maj 1.5s, Eb:maj/5 0.5s, Bb:maj 1.0s, Eb:maj 1.5s, C:min 1.5s, Eb:maj/5 1.0s, Bb:7 0.5s, Eb:maj 1.5s, Ab:maj/3 1.5s, Eb:maj/5 2.5s, Bb:7 0.5s, Eb:maj 4.5s, Bb:7 4.5s, Eb:maj 6.0s, Bb:7/3 1.0s, G:7 0.5s, C:min 1.0s, Ab:maj 0.5s, Eb:maj/5 1.0s, Bb:maj 0.5s, Eb:maj 1.5s, Bb:7 1.5s, Eb:maj 1.5s, G:min/b3 1.0s, Bb:7 0.5s, Eb:maj 1.5s, Bb:maj 1.0s, Bb:7 0.5s, Eb:maj 1.5s"
1629,Bb:major,"C:min7 0.5s, F:7 0.5s, Bb:maj 3.7s, C:min7 4.2s, F:7 3.8s, Bb:maj 4.2s, Bb:7 4.0s, Eb:maj 4.0s, C:7 4.0s, F:7 3.0s, C:min7 0.5s, F:7 0.5s, Bb:maj 3.8s, C:min7 4.2s, F:7 3.8s, Bb:maj 4.2s, Bb:7 4.0s, Eb:maj 1.8s, C:7 2.0s, C:min7 2.0s, F:7 1.2s"
2063,Eb:major,"C:min 1.0s, D:min 1.0s, C:min 1.0s, D:min 1.0s, C:min 1.0s, D:min 1.0s, C:min 1.0s, D:min 1.0s, C:min 1.0s, D:min 1.0s, C:min 1.0s, D:min 1.0s, C:min 1.0s, D:min 1.0s, C:min 1.0s, D:min 1.0s, Bb:min 1.0s, Eb:9 1.0s, Ab:maj7 1.0s, G:(3,5,b7,9,11,13) 1.0s, C:min 1.0s, D:min 1.0s, C:min 1.0s, D:min 1.0s"
767,F:major,"G:min7 1.0s, C:7 1.0s, F:maj 1.0s, D:min7 1.0s, G:min7 1.0s, C:7 1.0s, A:hdim7 1.0s, D:(3,#5,b7) 1.0s, G:min7 1.0s, Eb:7 1.0s, A:min7 1.0s, Ab:dim 1.0s, G:min7 1.0s, C:7(b9) 1.0s, F:maj 0.0s, A:min7 1.0s, Ab:min7 1.0s, G:min7 1.0s, C:7 1.0s, F:maj 1.0s, D:min7 1.0s, G:min7 1.0s, C:7 1.0s, A:hdim7 1.0s, D:(3,#5,b7) 1.0s, G:min7 1.0s, Eb:7 1.0s, A:min7 1.0s, G#:dim7 1.0s, G:min7 1.0s, C:7 1.0s, F:maj7 2.0s, C:min7 1.0s, F:7 1.0s, Bb:maj7 1.5s, G:7 0.5s, C:min7 1.0s, F:7 1.0s, Bb:maj7 1.5s, E:min7 0.2s, Eb:min7 0.2s, D:min7 1.0s, G:7 1.0s, C:maj7 1.0s, A:min 1.0s, D:min7 1.0s, G:7 1.0s, G:min7 1.0s, C:7 0.8s, F#:min7 0.2s, G:min7 1.0s, C:7 1.0s, F:maj 1.0s, D:min7 1.0s, G:min7 1.0s, C:7 1.0s, A:hdim7 1.0s, D:(3,#5,b7) 1.0s, G:min7 1.0s, Eb:7 1.0s, A:min7 1.0s, Ab:dim 1.0s"
3679,C:major,"F:(*3,*5) 1.0s, G:maj 1.0s, C:(*3,*5) 2.0s, A:maj 2.0s, G:maj 2.0s, F:(*3,*5) 1.5s, G:maj 0.5s, C:(*3,*5) 2.0s, E:maj 2.0s, F:(*3,*5) 2.0s, F:maj 2.0s, C:(*3,*5) 1.0s, E:maj 2.0s, A:maj 1.0s, D:maj 2.0s, G:maj 2.0s, C:(*3,*5) 2.0s, E:maj 2.0s, F:(*3,*5) 2.0s, F:maj 2.0s, C:(*3,*5) 1.0s, E:maj 2.0s, A:maj 1.0s, F:(*3,*5) 1.0s, G:maj 1.0s, C:(*3,*5) 2.0s, C:maj 2.0s, F:(*3,*5) 2.0s, D:maj 2.0s, G:maj 2.0s, C:(*3,*5) 2.0s, E:maj 2.0s, F:(*3,*5) 2.0s, F:maj 2.0s, C:(*3,*5) 1.0s, E:maj 1.0s"
1602,C:major,"C:maj 12.0s, G:7 16.0s, C:maj 12.0s, A:7 2.0s, E:min 1.5s, A:7 0.5s, D:min 6.0s, F:min 2.0s, C:maj 2.0s, D:7 2.0s, G:7 4.0s"
2075,F:major,"F:maj 2.0s, Bb:maj 1.0s, F:maj 1.0s, Bb:maj 1.0s, F:maj 1.0s, C:maj 2.0s, Bb:maj 1.0s, F:maj 1.0s, Bb:maj 1.0s, F:maj 1.0s, Bb:maj 1.0s, F:maj 1.0s, C:maj 2.0s, F:maj 2.0s, Bb:maj 1.0s, F:maj 1.0s, Bb:maj 1.0s, F:maj 1.0s, C:maj 2.0s, Bb:maj 1.0s, F:maj 1.0s, Bb:maj 1.0s, F:maj 1.0s, Bb:maj 1.0s, F:maj 1.0s, C:maj 2.0s, F:maj 4.0s, Bb:maj 2.0s, F:maj 1.0s, Bb:maj 1.0s, C:7 1.0s, F:maj 3.0s, Bb:maj 2.0s, F:maj 2.0s, C:7 1.0s, F:maj 1.0s, F:maj 2.0s, Bb:maj 1.0s, F:maj 1.0s, Bb:maj 1.0s, F:maj 1.0s, C:maj 2.0s, Bb:maj 1.0s, F:maj 1.0s"
4142,Eb:major,"Eb:maj 2.0s, G:7 2.0s, D:min7 2.0s, F:min7 1.5s, Ab:min6 0.5s, Eb:maj 1.0s, C:7 1.0s, F:min7 0.5s, F:7 1.0s, Bb:7 0.5s, Eb:maj 2.0s, Cb:maj 0.2s, F:min7 0.2s, Bb:(3,#5,b7) 2.0s, F:min7 1.0s, F:7 0.5s, Bb:7 0.0s, Eb:maj 1.0s, Db:7 1.0s, Eb:maj 1.0s, G:7(b9) 1.0s, C:min 0.8s, F:min7 1.2s, C:min7 0.8s, Ab:7 1.2s, C:min 0.8s, F:min7 1.2s, C:min7 0.8s, F:7 1.2s, C:min7 0.8s, F:min7 1.2s, A:hdim7 1.0s, D:7 1.0s, G:min7 1.0s, C:7 1.0s, F:min7(b9) 1.0s, Bb:7 1.0s, Eb:maj 2.0s, G:7 2.5s, C:min7 1.5s, F:min7 1.5s, Ab:min6 0.5s, E:maj 1.0s, C:7 1.0s, F:min7 0.5s, F:7 1.0s, Bb:7 0.5s, Eb:maj 1.0s, Db:7 1.0s, Eb:maj 2.0s"
2598,Ab:major,"Bb:maj 4.0s, Db:(*3,*5) 2.0s, Ab:(*3,*5) 1.0s, Bb:maj 5.0s, Db:(*3,*5) 2.0s, Ab:(*3,*5) 1.0s, Bb:maj 1.0s, Eb:maj 2.0s, Gb:(*3,*5) 2.0s, Bb:maj 2.0s, Db:(*3,*5) 1.0s, Bb:maj 1.0s, Eb:maj 2.0s, Gb:(*3,*5) 2.0s, Bb:maj 2.0s, Db:(*3,*5) 2.0s, Bb:maj 4.0s, Gb:(*3,*5) 0.8s, Eb:maj 1.2s, Gb:(*3,*5) 2.0s, Eb:maj 1.0s, Gb:(*3,*5) 1.0s, Eb:maj 2.0s, Ab:(*3,*5) 4.0s, Ab:maj 2.0s, Db:(*3,*5) 2.0s, Db:maj 1.0s, Ab:(*3,*5) 1.0s, Bb:maj 2.0s, Db:(*3,*5) 2.0s, Ab:(*3,*5) 1.0s, Db:(*3,*5) 1.0s"
4117,F:major,"F:maj 2.0s, Bb:maj 2.0s, C:maj 2.0s, Bb:maj 2.0s, D:min 1.1s, A:maj 0.9s, Bb:maj 1.1s, C:maj 0.9s, D:min 1.0s, G:maj 1.0s, F:maj 1.0s, A:maj 1.0s, Bb:maj 0.9s, Cb:dim 1.1s, F:maj/5 1.0s, Db:dim 1.0s, D:min 1.0s, Bb:maj/5 1.0s, F:maj 1.0s, G:maj 1.0s, F:maj 2.0s, C:7 2.0s, F:maj 2.0s, Bb:maj 2.2s, C:maj 1.6s, Bb:maj 2.1s, D:min 1.1s, A:maj 0.9s, Bb:maj 1.1s, C:maj 0.9s, D:min 1.0s, G:maj 1.0s, F:maj 1.0s, A:maj 1.0s, Bb:maj 0.9s, Cb:dim 1.1s, F:maj/5 1.0s, Db:dim 1.0s, D:min 1.0s, Bb:maj/5 1.0s, F:maj 1.0s, G:maj 1.0s, F:maj 2.0s, C:7 2.0s, F:maj 2.0s, Bb:maj 2.0s"
357,Ab:major,"Ab:maj 2.0s, Db:maj/5 2.0s, Db:maj/5 2.0s, G:min 1.0s, C:7 1.0s, F:min 2.2s, C:7/5 1.8s, F:min 1.2s, C:7/5 0.8s, F:min/b3 0.5s, G:min 0.5s, F:min 1.0s, Bb:min7 2.0s, Eb:7 2.0s, Ab:maj 4.0s, G:min7 2.0s, C:7 2.0s, F:min 1.3s, C:7/5 0.8s, F:min/b3 1.0s, C:7/5 0.5s, F:min 0.5s, Bb:min7 2.2s, C:min7 1.8s, Db:maj/9 1.0s, Eb:maj 1.0s, Db:maj/9 1.0s, Eb:maj 1.0s, Ab:maj 4.0s, Db:maj 2.0s, Bb:min7 1.0s, Db:maj/9 1.0s, Ab:maj 4.5s, Db:maj/9 3.5s, Ab:maj 2.0s, Ab:maj9 2.0s"
3445,C:major,"C:maj 1.0s, E:min7 1.0s, F:maj7 2.0s, A:min 2.0s, F:maj7 1.0s, E:min7 0.5s, E:7 0.5s, A:min 2.0s, F:maj7 1.0s, G:(3,5,b7,9,11) 1.0s, C:maj7 1.0s, Eb:(3,5,b7,9,11,13) 1.0s, Ab:maj7 1.0s, G:(3,5,b7,9,11,13) 1.0s, C:maj 1.0s, E:min7 1.0s, F:maj7 2.0s, A:min 2.0s, F:maj7 1.0s, E:min7 0.5s, E:7 0.5s, A:min7 2.0s, A:maj7 1.0s, G:(3,5,b7,9,11) 1.0s, C:maj7 2.0s, C:7 2.0s, F:maj 1.5s, C:maj/3 0.5s, D:min7 2.0s, E:min7 2.0s, A:7 2.0s, D:min 2.0s, Bb:maj 0.5s, G:(3,#5,b7) 1.5s, E:min 2.0s, G:(3,5,b7,9,11,13) 2.0s, C:maj 1.0s, E:min7 1.0s, F:maj7 2.0s, A:min 2.0s, F:maj7 1.0s, E:min7 0.5s, E:7 0.5s, A:min 2.0s, F:maj7 1.0s, E:7 1.0s"
6486,C:major,"C:maj 1.0s, G:7 3.0s, C:maj 4.0s, F:maj 2.0s, C:maj 6.0s, G:7 3.0s, C:maj 1.0s, C:maj 2.0s, G:7 4.0s, C:maj 4.0s, F:maj 2.0s, C:maj 2.0s, G:7 3.0s, C:maj 1.0s, C:maj 1.0s, G:7 3.0s, C:maj 4.0s, F:maj 2.0s, C:maj 6.0s, G:7 3.0s, C:maj 1.0s"
4826,F:major,"F:maj 2.0s, Bb:maj 2.0s, Bb:maj 2.0s, Bb:maj 0.5s, F:maj 1.5s, F:maj 2.0s, Bb:maj 2.0s, Bb:maj 2.0s, Bb:maj 0.5s, F:maj 1.5s, F:maj 2.0s, Bb:maj 2.0s, Bb:maj 2.0s, F:maj 2.0s, F:maj 1.2s, Bb:maj 0.8s, Bb:maj 2.3s, Bb:maj 1.7s, F:maj 2.0s, F:maj 2.0s, Bb:maj 2.0s, Bb:maj 2.0s, Bb:maj 0.5s, F:maj 1.5s, F:maj 2.0s, Bb:maj 2.0s, Bb:maj 2.2s, F:maj 1.8s, F:maj 2.0s, Bb:maj 2.0s, Bb:maj 2.0s, Bb:maj 0.5s, F:maj 1.5s, F:maj 2.0s, Bb:maj 2.0s"
5512,Eb:major,"Eb:maj6 3.0s, Bb:7(b9) 1.0s, Eb:maj6 1.0s, Gb:dim7 1.0s, F:min7 1.0s, Bb:7 1.0s, Eb:maj6 3.0s, E:dim7 1.0s, F:min7 1.0s, Bb:7 1.0s, F:min7 1.0s, Bb:7 1.0s, F:min7 1.0s, E:dim7 1.0s, Eb:min6 1.0s, D:hdim7 1.0s, Eb:dim7 1.0s, Eb:maj6 1.0s, Eb:maj7 1.0s, Eb:maj6 1.0s, Gb:dim7 1.0s, F:min7 2.0s, Bb:(3,#5,b7) 1.0s, Eb:maj9 1.0s, C:min7 1.0s, F:min9 1.0s, Bb:7 1.0s, Eb:maj6 3.0s, Bb:7(b9) 1.0s, Eb:maj6 1.0s, Gb:dim7 1.0s, F:min7 1.0s, Bb:7 1.0s, Eb:maj6 3.0s, Bb:7 1.0s, Bb:min7 1.0s, Eb:7 1.0s, Bb:min7 1.0s, Eb:7 1.0s, Ab:maj 1.0s, Eb:maj6/3 1.0s, F:min7 1.0s, F#:dim7 1.0s, Eb:maj/3 4.0s, Gb:dim7 2.0s, F:min7 1.0s, Bb:7 1.0s"
2058,C:major,"C:maj 2.0s, D:7 2.0s, F:(2,5) 6.0s, D:7 2.0s, F:(2,5) 2.0s, F:maj7 3.0s, C:maj 2.0s, D:sus4(7) 1.0s, D:7 1.0s, F:(2,5) 2.0s, C:maj 1.0s, G:maj/3 1.0s, A:min7 2.0s, C:maj/9 1.0s, D:7 1.0s, F:(2,5) 2.0s, C:maj 1.0s, G:maj/3 1.0s, A:min7 2.0s, D:sus4(7) 1.0s, D:7 1.0s, G:sus4(7,9) 0.9s, G:maj 1.1s, C:sus4 1.0s, C:maj 0.5s, G:maj/3 0.5s, A:min 1.1s, C:maj/5 0.9s, D:maj 4.0s, C:maj/5 2.0s, F:maj7/9 1.0s, G:maj 1.0s, C:maj 1.0s, G:maj/3 1.0s, A:min 4.0s, D:7 3.0s"
2651,Bb:major,"Bb:maj 7.0s, G:min 1.0s, C:min7 3.0s, F:7 1.0s, C:min7 1.0s, F:9 0.5s, F:aug 0.5s, Bb:maj7 2.0s, Bb:maj 2.0s, D:7 0.5s, D:aug 0.5s, C:maj 1.0s, F:min 1.0s, D:9 1.8s, D:9(b5) 1.0s, A:min7 0.2s, D:9 2.0s, D:min7 1.5s, G:7 0.5s, D:min7 1.0s, G:7 1.0s, Eb:maj 2.0s, F:7 2.0s, Bb:maj 7.0s, G:min 1.0s, C:min7 3.0s, F:7 1.0s, C:min7 1.0s, F:maj 1.0s, D:min7 0.5s, G:min 0.5s, F#:dim 0.5s, G:min7 0.5s, Ab:9(b5) 1.0s, G:9 1.0s, C:min7 1.5s, F:9 0.5s, Bb:maj 2.0s"
596,Bb:major,"Bb:maj 1.0s, Bb:7 1.0s, Eb:maj 1.0s, D:maj 1.0s, G:min7 1.0s, C:7 0.2s, G:(*3,5)/5 0.7s, F:7 2.0s, Bb:maj 1.0s, Bb:7 1.0s, Eb:maj 1.0s, D:7(#5) 1.0s, G:min7 1.0s, C:7 1.0s, F:sus4(7) 1.0s, Bb:maj 1.0s, Bb:maj 1.0s, Bb:7 1.0s, Eb:maj 1.0s, D:7(#5) 1.0s, G:min7 1.0s, C:7 1.0s, F:sus4(7) 1.0s, Bb:maj 1.0s, G:min7 1.0s, C:7 1.0s, F:sus4(7) 2.0s, Bb:maj 1.0s, Bb:7 1.0s, Eb:maj 1.0s, D:7(#5) 1.0s, G:min7 1.0s, C:7 1.0s, F:sus4(7) 1.0s, Bb:maj 1.0s, Bb:maj 1.0s, Bb:7 1.0s, Eb:maj 1.0s, D:7(#5) 1.0s, G:min7 1.0s, C:7 1.0s, F:sus4(7) 1.0s, Bb:maj 1.0s, G:min7 2.0s, C:7 2.0s, F:7 4.0s, G:min7 2.0s, C:7 2.0s, F:7 0.8s, Bb:maj/4 1.0s, Bb:maj/3 1.0s, F:maj/5 1.2s"
2638,G:major,"G:maj 2.0s, A:min7/b7 2.0s, G:maj7 2.0s, A:min7/b7 2.0s, G:maj 2.0s, A:min7/b7 2.0s, G:maj 2.0s, A:min/b7 2.0s, D:maj/3 2.0s, C:maj/3 2.0s, D:maj/3 2.0s, C:maj/3 1.0s, D:sus4 2.0s, G:maj 1.0s, B:min7 1.0s, C:maj 1.0s, C:maj/3 0.8s, D:maj/3 0.2s, G:maj 1.0s, B:min7 1.0s, C:maj 2.0s, A:min 0.5s, E:min/b3 0.5s, D:maj/3 1.0s, G:maj 1.0s, C:maj 4.0s, G:maj/5 2.0s, A:7 1.0s, D:7 1.0s, G:maj 1.0s, C:maj 1.0s, G:maj 0.8s, C:maj/9 1.2s, G:maj 2.0s, A:min7/b7 2.0s, G:maj7 2.0s, A:min7/b7 2.0s, G:maj 2.0s, A:min7/b7 2.0s"
829,C:major,"F:maj 7.5s, D:7 1.5s, G:min 3.0s, C:7 7.5s, E:7 1.5s, F:maj 1.5s, C:7 1.5s, F:maj 7.5s, A:7 1.5s, Bb:maj 1.5s, D:7 1.5s, G:min 3.0s, F:maj 1.5s, D:7 1.5s, G:min 1.5s, C:7 1.5s, F:maj 3.0s"
3792,C:major,"C:maj 0.2s, E:min 0.2s, A:min 0.2s, C:maj 0.2s, A:min 0.2s, C:maj 0.2s, F:maj 0.2s, C:maj 0.2s, G:maj 0.2s, F:maj 0.2s, C:maj 0.2s, G:7 0.2s, C:maj 0.2s, G:7 0.2s, C:maj 0.5s, C:maj 0.2s, E:min 0.2s, A:min 0.2s, C:maj 0.2s, A:min 0.2s, C:maj 0.2s, F:maj 0.2s, C:maj 0.2s, G:maj 0.2s, F:maj 0.2s, C:maj 0.3s, G:7 0.2s, C:maj 0.2s, G:7 0.2s, C:maj 0.5s, B:maj 1.0s, E:min 0.5s, E:min 0.5s, D:7 1.0s, G:7 1.0s, C:maj 0.5s, D:min7 0.2s, G:7 0.8s, C:maj 1.0s, E:min7 0.2s, G:7 0.8s, F:maj 0.2s, C:maj 0.8s, D:min7 0.2s, G:7 0.2s, G:7 0.5s, C:maj 1.0s, E:min7 0.2s, G:7 0.2s, G:maj 0.2s, G:7 0.2s, C:maj 0.5s"
1014,Bb:major,"Bb:maj 2.0s, Eb:maj 2.0s, F:7 2.0s, Bb:maj 4.0s, Eb:maj 2.0s, F:7 2.0s, Bb:maj 3.0s, Eb:maj 0.2s, Bb:maj 0.2s, F:7 0.2s, Bb:maj 0.2s, Eb:maj 2.0s, C:maj 1.0s, C:7 1.0s, F:7 2.0s, Bb:maj 2.0s, Eb:maj 2.0s, F:maj 2.0s, Bb:maj 2.0s, Bb:maj 1.0s, Eb:maj 0.2s, Bb:maj 0.2s, F:7 0.2s, Bb:maj 0.2s, Eb:maj 2.0s, C:7 2.0s, F:maj 2.0s, Bb:maj 2.0s, Eb:maj 2.0s, F:7 2.0s, Bb:maj 2.0s"
5012,G:major,"G:maj 2.0s, C:maj 1.0s, A:dim 0.5s, C:maj 0.5s, G:maj 2.0s, D:7 2.0s, G:maj 2.0s, C:maj 1.0s, A:dim 0.5s, C:maj 0.5s, G:maj 1.0s, D:7 1.0s, G:maj 2.0s, G:maj 2.0s, C:maj 1.0s, E:7 1.0s, A:min 1.0s, D:7 1.0s, G:maj 4.0s, C:maj 1.0s, E:7 1.0s, A:min 1.0s, D:7 1.0s, G:maj 0.5s, G:dim 1.0s, D:7 0.5s, G:maj 2.0s, C:maj 1.0s, A:dim 0.5s, C:maj 0.5s, G:maj 2.0s, D:7 2.0s, G:maj 2.0s, C:maj 1.0s, A:dim 1.0s, G:maj 0.5s, G:min 0.5s, A:7 0.5s, D:7 0.5s, G:maj 2.0s"
4680,G:major,"G:maj 4.5s, D:7 3.0s, G:maj 1.5s, D:7 1.5s, G:maj 3.0s, G:maj 4.5s, D:7 3.0s, G:maj 1.5s, D:7 1.5s, G:maj 3.0s, G:maj 4.5s, D:7 3.0s, G:maj 1.5s, D:7 1.5s, G:maj 3.0s, G:maj 4.5s, D:7 3.0s, G:maj 1.5s, D:7 1.5s, G:maj 1.5s"
1701,D:major,"D:maj 1.0s, A:maj 0.5s, D:maj 2.5s, A:maj 0.5s, D:maj 1.5s, D:maj 1.0s, A:maj 0.5s, D:maj 2.5s, A:maj 0.5s, D:maj 1.5s, D:maj 1.5s, A:maj 1.5s, D:maj 1.5s, A:maj 1.5s, D:maj 1.0s, A:maj 0.5s, D:maj 2.5s, A:maj 0.5s, D:maj 1.0s, A:maj 0.5s, D:maj 1.0s, A:maj 0.5s, D:maj 2.5s, A:maj 0.5s, D:maj 1.5s"
469,Eb:major,"Eb:maj 1.0s, Eb:maj/3 1.0s, Ab:maj 1.0s, F:min 1.0s, Eb:maj/5 1.0s, Bb:7 1.0s, Eb:maj 1.0s, Bb:7 1.0s, Eb:maj 1.0s, Eb:maj/3 1.0s, Ab:maj 1.0s, F:min 1.0s, Eb:maj/5 1.0s, Bb:7 1.0s, Eb:maj 2.0s, Bb:7 2.0s, Eb:maj 2.0s, Bb:7 2.0s, Eb:maj 2.0s, Bb:7 2.0s, Eb:maj 2.0s, Ab:maj 1.0s, Eb:maj 1.0s, Bb:7 1.0s, Eb:maj 1.0s"
4653,G:major,"G:maj 2.0s, D:maj 2.0s, G:maj 4.0s, G:maj 2.0s, A:min 2.0s, G:maj 2.0s, G:maj 2.0s, G:maj 2.0s, D:maj 2.0s, G:maj 2.0s, G:maj 2.0s, D:maj 2.0s, A:maj 2.0s, A:min 2.0s, D:maj 2.0s, D:min 2.0s, C:maj 2.0s, B:maj 1.0s, E:maj 1.0s, A:maj 2.0s, A:min 2.0s, G:maj 2.0s, A:maj 2.0s, D:maj 2.0s, G:maj 2.0s, G:maj 1.0s, C:min/b3 1.0s, G:maj/5 2.0s, G:maj 2.0s, F#:dim 1.0s, G:maj 1.0s, C:min6 1.0s, G:maj 1.0s"
4820,D:major,"D:maj 1.2s, G:maj 0.2s, D:maj 2.0s, E:min 1.0s, A:maj 0.5s, D:maj 1.5s, A:maj 1.5s, B:min7 1.0s, A:maj 0.5s, E:maj 1.5s, A:maj 1.5s, A:7 1.5s, D:maj 1.5s, E:7 1.0s, A:7 0.5s, D:maj 1.5s, G:maj 1.5s, D:maj 1.5s, E:min 0.5s, A:maj 0.8s, D:maj 1.8s"
2730,Bb:major,"Bb:maj7 1.5s, D:7(#5) 1.5s, Eb:maj7 1.5s, G:7(#5) 1.5s, C:min7 1.5s, G:7(#5) 1.5s, C:min7 1.5s, F:7 1.5s, D:min7 1.5s, C#:dim 1.5s, C:min7 1.5s, F:7 1.5s, D:min7 1.5s, Db:dim 1.5s, C:min7 1.5s, F:7 1.5s, F:min7 1.5s, Bb:7 1.5s, Eb:7 1.5s, E:dim 1.5s, Bb:maj/5 1.5s, C:min7/4 1.0s, F:7 0.5s, Bb:maj 3.0s"
6346,C:major,"D:min 4.0s, C:maj 4.0s, Bb:maj 4.0s, A:maj 4.0s, D:min 4.0s, C:maj 4.0s, Bb:maj 4.0s, A:maj 2.0s, C:7 2.0s, F:maj 1.0s, C:min 1.0s, F:maj 1.0s, C:min 1.0s, F:maj 1.0s, C:min 1.0s, F:maj 1.0s, C:min 1.0s, F:maj 1.0s, C:min 1.0s, F:maj 1.0s, C:min 1.0s, F:maj 1.0s, C:min 1.0s, G:maj 1.0s, D:min 1.0s, A:maj 1.0s, E:min 1.0s, A:maj 10.0s"
512,Bb:major,"Bb:maj 2.0s, Bb:aug 2.0s, C:min7 2.0s, F:7 2.0s, Bb:maj 2.0s, B:dim7 2.0s, C:min7 2.0s, D:7 0.5s, D:(3,#5,b7) 1.0s, D:7(b9) 0.5s, G:min 2.0s, G:min(#5) 2.0s, C:maj 1.0s, C:min 1.0s, D:(3,#5,b7) 2.0s, Eb:maj6 4.0s, C:min7 3.5s, F:7 0.5s, Bb:maj 2.0s, Bb:aug 2.0s, C:min7 2.0s, F:7 2.0s, Bb:maj 2.0s, B:dim7 2.0s, C:min7 2.0s, D:7 0.5s, D:(3,#5,b7) 1.0s, D:7(b9) 0.5s, G:min 2.0s, G:min(#5) 2.0s, C:maj 1.0s, C:min 1.0s, D:(3,#5,b7) 2.0s, Eb:maj6 4.0s"
3153,C:major,"F:maj 1.0s, A:(b3,*5) 1.0s, C:maj/5 1.0s, A:min 1.0s, F:maj 2.0s, G:maj 1.0s, C:maj 1.0s, F:maj 2.0s, C:maj/5 1.0s, A:min 1.0s, F:maj 2.0s, G:maj 6.0s, C:maj 2.0s, F:maj 2.0s, G:maj 2.0s, C:maj 4.0s, F:maj 2.0s, G:maj 2.0s, C:maj 2.0s, F:maj 2.0s, C:maj/5 1.0s, A:min 1.0s, F:maj 2.0s, G:maj 1.0s, C:maj 1.0s, F:maj 2.0s, G:maj 1.0s, A:min 1.0s, F:maj 2.0s, G:maj 2.0s, F:maj 2.0s, C:maj/5 2.0s, F:maj 2.0s, G:maj 1.0s, C:maj 1.0s"
6431,C:major,"C:maj 2.0s, E:7/5 2.0s, F:maj 2.0s, F:min/6 2.0s, C:maj/5 2.0s, G:aug 2.0s, C:maj 1.0s, A:min7 1.0s, D:min7 1.0s, G:7 1.0s, C:maj 2.0s, E:7/5 2.0s, F:maj 2.0s, F:min/6 2.0s, C:maj 1.0s, Eb:dim 1.0s, D:min7 1.0s, G:7 1.0s, C:maj 3.0s, B:min7/5 0.5s, F:7 0.5s, E:7 1.5s, E:dim 0.5s, E:7 2.0s, E:min7/4 2.0s, A:7 2.0s, D:7 1.5s, D:dim 0.5s, D:7 2.0s, D:min7 0.5s, G:7 0.5s, Eb:dim 1.0s, G:7 1.5s, G:7(#5,b9) 0.5s, C:maj 2.0s, E:7/5 2.0s, F:maj 2.0s, F:min/6 2.0s, C:maj/5 1.0s, F#:dim 1.0s, D:min7/b3 1.0s, G:(3,#5,b7) 1.0s"
1061,Ab:major,"Ab:maj7 2.0s, Eb:min7 0.5s, Ab:7 1.5s, Db:maj7 2.0s, Db:min7 0.5s, Gb:7 1.5s, C:min7 0.5s, F:7 1.5s, Bb:min7 1.0s, Eb:7 1.0s, C:(3,#5,b7) 1.0s, F:7 1.0s, Bb:min7 1.0s, Eb:7 1.0s, Ab:maj7 2.0s, Eb:min7 0.5s, Ab:7 1.5s, Db:maj7 2.0s, Db:min7 0.5s, Gb:7 1.5s, C:min7 0.5s, F:7 1.5s, Bb:min7 1.0s, Eb:7 1.0s, Ab:maj7 2.0s, Ab:maj7 2.0s, Eb:min7 1.0s, Ab:7 1.0s, Eb:min7 1.0s, Ab:7 1.0s, Eb:min7 1.0s, Ab:7 1.0s, Db:maj7 2.0s, G:min7 1.5s, C:7 0.5s, F:maj7 1.0s, D:min7 1.0s, G:min7 1.0s, C:7 1.0s, F:maj7 2.0s, Ab:maj7 2.0s, Eb:min7 0.5s, Ab:7 1.5s, Db:maj7 2.0s, Db:min7 0.5s, Gb:7 1.5s, C:min7 0.5s, F:7 1.5s, Bb:min7 1.0s, Eb:7 1.0s"
5763,G:major,"G:maj 0.2s, D:7 0.3s, A:min7 0.2s, E:min 0.2s, G:maj 0.2s, B:min7 0.2s, G:maj 0.5s, E:maj 0.2s, E:7 0.2s, A:min 0.5s, A:7 0.5s, D:7 0.5s, G:maj 0.2s, D:7 0.2s, G:maj 0.8s, D:7 0.2s, G:maj 0.5s, G:7 0.5s, C:maj 0.2s, A:min 0.5s, B:min 0.2s, G:maj 0.2s, D:7 0.2s, G:maj 0.2s, D:7 0.2s, G:maj 0.2s, G:7 0.2s, C:maj 0.2s, C:min6 0.2s, G:maj 1.0s"
1021,C:major,"C:maj 1.5s, F:maj 1.5s, C:maj 4.5s, F:9 1.5s, C:maj 1.5s, Ab:7/5 1.5s, G:7/5 1.5s, G:7 1.5s, C:maj 3.0s, G:7 3.0s, C:maj/3 1.0s, Eb:maj 0.5s, D:min7 1.0s, G:7 0.5s, C:maj 1.5s, F:maj 1.5s, C:maj 4.5s, Ab:maj 1.5s, C:maj 3.0s, G:7/5 3.0s, C:maj 1.5s, A:min 1.5s, D:min7 1.5s, G:9 1.5s, C:maj 3.0s"
5610,C:major,"C:maj 6.0s, C:7 2.0s, F:maj 4.0s, C:maj 4.0s, D:min 2.0s, G:7 2.0s, C:maj 4.0s, F:maj 2.0s, G:7 2.0s, F:maj 2.0s, G:7 2.0s, C:maj 10.0s, C:7 2.0s, F:maj 4.0s, C:maj 4.0s, D:min 2.0s, G:7 2.0s, C:maj 2.0s, C:7 2.0s"
650,G:major,"G:maj 4.0s, A:min 4.0s, D:7 2.0s, A:min7 1.5s, D:7 0.5s, G:maj 8.0s, G:7 4.0s, C:maj 4.0s, A:7 2.0s, D:7 2.0s, G:maj 2.0s, G:7 2.0s, C:maj 4.0s, D:7 4.0s, G:maj 2.0s, D:7 2.0s, G:maj 4.0s, A:min 4.0s, D:7 2.0s, A:min7 1.5s, D:7 0.5s"
272,C:major,"F:maj 2.0s, D:min 2.0s, Bb:maj 2.0s, C:7 2.0s, Bb:maj 2.0s, F:maj 2.0s, G:min 2.0s, C:7 2.0s, F:maj 2.0s, D:min 2.0s, Bb:maj 2.0s, C:7 2.0s, Bb:maj 2.0s, F:maj 2.0s, G:min 1.0s, C:7 1.0s, F:maj 4.0s, D:min 2.0s, Bb:maj 2.0s, C:7 2.0s, Bb:maj 2.0s, F:maj 2.0s, G:min 2.0s, C:7 2.0s, F:maj 2.0s, D:min 2.0s, Bb:maj 2.0s, C:7 2.0s, Bb:maj 2.0s, F:maj 2.0s"
878,C:major,"C:maj/5 2.0s, A:min 2.0s, F:maj 2.0s, G:maj 2.0s, C:maj/5 2.0s, A:min 2.0s, F:maj 2.0s, G:maj 2.0s, C:maj/5 4.0s, G:maj 4.0s, C:maj/5 6.0s, G:maj 2.0s, C:maj/5 2.0s, A:min 2.0s, F:maj 2.0s, G:maj 2.0s, C:maj/5 4.0s, G:7 2.0s, G:maj 2.0s, C:maj/5 6.0s, G:maj 2.0s, C:maj/5 2.0s, A:min 2.0s"
1630,F:major,"G:min7 1.0s, C:7 1.0s, F:maj7 1.0s, F:maj6 1.0s, G:min7 1.2s, C:7 0.7s, F:maj7 0.8s, F:maj6 1.2s, G:min7 0.8s, C:7 1.2s, C:min 0.8s, D:7 1.2s, G:7 1.0s, C:7(b9) 1.0s, F:maj 2.0s, G:min7 1.0s, C:7 1.0s, F:maj7 1.0s, F:maj6 1.0s, G:min7 1.2s, C:7 0.8s, F:maj7 0.8s, F:maj6 1.2s, G:min7 0.8s, C:7 1.2s, C:min 0.8s, D:7 1.2s, G:7 1.0s, C:7(b9) 1.0s, F:maj 2.0s, A:7 1.0s, A:(3,5,b7,9,11,13) 1.0s, A:(3,#5,b7) 1.0s, A:7 1.0s, D:9 0.8s, D:9(b5) 3.2s, G:7 1.0s, G:(3,5,b7,9,11,13) 1.0s, G:(3,#5,b7) 1.0s, G:7 1.0s, C:9 0.8s, C:9(b5) 1.2s, G:min7 1.0s, C:7 1.0s, G:min7 1.0s, C:7 1.0s, F:maj7 1.0s, F:maj6 1.0s, G:min7 1.2s, C:7 0.8s, F:maj7 0.8s, F:maj6 1.2s, G:min7 0.8s, C:7 1.2s, C:min 0.8s, D:7 1.2s"
2731,Bb:major,"Bb:maj 2.0s, Eb:maj 2.0s, Ab:maj 3.0s, F:min 1.0s, Bb:maj 2.0s, Eb:maj 2.0s, Ab:maj 3.0s, F:min 1.0s, Bb:maj 2.0s, Eb:maj 2.0s, Ab:maj 3.5s, F:min 0.5s, Bb:maj 2.0s, Eb:maj 2.0s, Ab:maj 3.0s, F:min 1.0s, Bb:maj 2.0s, Eb:maj 2.0s, Ab:maj 3.0s, F:min 1.0s, Bb:maj 2.0s, Eb:maj 2.0s, Ab:maj 3.0s, F:min 1.0s, Bb:maj 2.0s, Eb:maj 2.0s, Ab:maj 3.0s, F:min 1.0s, Bb:maj 2.0s, Eb:maj 2.0s"
885,C:major,"C:maj 4.0s, G:7 4.0s, D:min7 1.0s, G:7 1.0s, D:min7 1.0s, G:7 3.0s, C:maj 2.0s, C:maj 4.0s, G:7 4.0s, D:min7 1.0s, G:7 1.0s, D:min7 1.0s, G:7 3.0s, C:maj 2.0s, F:maj 4.0s, E:min 4.0s, A:min 2.0s, A:min7 2.0s, D:7 2.0s, G:7 2.0s, C:maj 4.0s, G:7 4.0s, D:min7 1.0s, G:7 1.0s, D:min7 1.0s, G:7 1.0s"
576,C:major,"C:maj 1.0s, E:min 1.0s, C:7 2.0s, F:maj 3.0s, F:7 1.0s, C:maj 2.0s, A:min 1.0s, E:min 1.0s, D:min7 1.0s, F:min6 0.5s, G:7 2.5s, C:maj 1.0s, E:min 1.0s, C:7 2.0s, F:maj 3.0s, F:7 1.0s, C:maj 1.5s, D:7 1.5s, G:7 1.0s, C:maj 1.0s, F:7 1.0s, C:maj 2.0s, E:min 2.0s, A:min6 1.0s, B:(3,#5,b7) 0.5s, B:7 0.5s, E:maj 2.0s, A:7 0.7s, F#:min 0.7s, A:7 0.7s, G:maj 1.0s, A:dim 0.5s, E:min 0.5s, A:min7 1.0s, D:7 1.0s, G:7 1.0s, D:min 1.0s, Bb:7 1.0s, G:7 1.0s, C:maj 1.0s, E:min 1.0s, C:7 2.0s, F:maj 3.0s, F:7 1.0s, C:maj 1.0s, A:min 0.5s, F:maj6 1.0s, F:maj 0.5s, F:maj6 1.0s"
6597,D:major,"D:maj 2.5s, A:maj 3.0s, E:maj 1.0s, A:maj 2.5s, D:maj 2.5s, A:maj 1.0s, E:maj 2.0s, D:maj 1.5s, A:maj 2.5s, E:maj 4.0s, A:maj 3.0s, D:maj 3.0s, E:maj 2.0s, D:maj 3.5s, D:maj 2.5s, A:maj 3.0s, E:maj 1.0s, A:maj 2.5s, D:maj 2.5s, A:maj 1.0s, E:maj 2.0s, D:maj 1.5s, A:maj 2.5s, E:maj 4.0s, A:maj 3.0s, D:maj 0.5s"
4318,F:major,"G:min7 2.0s, Bb:min6/b3 1.0s, C:7 1.0s, F:maj/3 2.0s, Ab:dim7 2.0s, G:hdim7 2.0s, C:7(b9) 1.0s, C:7 1.0s, F:maj9 2.0s, F#:dim 2.0s, G:min7 2.0s, Bb:min6/b3 1.0s, C:7 1.0s, F:maj/3 2.0s, Ab:dim7 2.0s, G:min7 2.0s, C:7(b9) 1.0s, C:7 1.0s, F:7 0.5s, F:9 1.5s, F:(3,#5,b7) 2.0s, Bb:maj 2.0s, Bb:min 2.0s, F:maj/3 2.0s, A:min 4.0s, G#:dim 1.0s, E:7 1.0s, A:min 2.0s, Ab:min6 2.0s, G:min6 2.0s, Bb:min6/b3 1.0s, C:7 1.0s, A:min7 2.0s, D:(3,#5,b7) 1.0s, D:7 1.0s, G:sus4(7) 1.0s, G:9 0.5s, G:min7 1.5s, Gb:7(b5) 1.0s"
6601,C:major,"D:min7 1.2s, G:7 4.0s, C:maj 2.0s, D:min7 2.0s, G:7 2.0s, C:maj 2.0s, A:min 2.0s, D:7 2.0s, G:7 2.0s, C:maj 1.0s, F:maj 1.0s, C:maj 2.8s, D:min7 1.2s, G:7 4.0s, C:maj 2.0s, D:min7 2.0s, G:7 2.0s, C:maj 2.0s, A:min 2.0s, D:7 2.0s, G:7 2.0s, C:maj 1.0s, F:maj 1.0s, C:maj 2.0s, D:min 2.0s, G:7 2.0s, C:maj 1.0s, E:7 1.0s, A:min 2.0s, D:7 4.0s, G:7 0.8s"
5000,G:major,"F#:min7 1.2s, B:7 0.8s, E:min7 1.0s, A:7 1.0s, F#:min7 1.2s, B:7 0.7s, E:min7 1.0s, A:7 1.0s, A:min7 2.0s, E:min7 1.0s, E:min7/b7 1.0s, C:maj 1.0s, B:min7 1.0s, F:maj6 1.0s, D:7 1.0s, F#:min7 1.2s, B:7 0.8s, E:min7 1.0s, A:7 1.0s, F#:min7 1.2s, B:7 0.8s, E:min7 1.0s, A:7 1.0s, A:min7 2.0s, E:min7 1.0s, E:min7/b7 1.0s, C:maj 1.0s, B:min7 1.0s, A:min7 1.0s, D:7 1.0s, G:maj 2.0s, A:min 1.0s, B:7 1.0s, A:min 1.0s, B:7 1.0s, E:min7 1.0s, G:7 1.0s, C:maj 1.2s, D:7 0.8s, G:maj 2.0s, G:maj 1.0s, A:7 1.0s, C:maj6 0.7s, F:maj6 0.7s, D:7 0.7s, F#:min7 1.2s, B:7 0.8s, E:min7 1.0s, A:7 1.0s, F#:min7 1.2s, B:7 0.8s, A:7 2.0s, A:min7 2.0s, E:min7 1.5s, B:min 0.5s"
4008,G:major,"G:maj 6.0s, C:maj 3.0s, A:min 1.0s, D:maj 3.0s, D:7 1.0s, G:maj 2.0s, G:maj 6.0s, C:maj 3.0s, A:min 1.0s, G:maj/5 3.0s, D:7 1.0s, G:maj 1.0s, D:7 1.0s, G:maj 7.0s, G:7 1.0s, C:maj 2.0s, G:maj 2.0s, A:7 2.0s, D:7 2.0s, G:maj 7.0s, G:7 1.0s, C:maj 2.0s, G:maj 2.0s"
807,C:major,"C:maj 1.0s, A:min 0.5s, A:dim 0.5s, D:min7 1.0s, G:7 0.5s, F:maj 0.5s, F:maj/7 0.5s, D:min7 0.5s, G:7 1.0s, C:maj 1.0s, A:dim 0.5s, G:7 0.5s, C:maj 1.0s, A:min 0.5s, A:dim 0.5s, D:min7 1.0s, G:7 1.0s, Bb:dim 0.5s, G:7 0.5s, A:7 0.5s, D:7 0.5s, G:7 2.0s, C:maj 1.0s, G:7 0.5s, G:9 0.5s, F:maj 0.8s, G:7 0.8s, D:min7 0.5s, G:9 0.5s, D:min7 0.5s, G:maj 0.5s, G:7 0.5s, C:maj 0.5s, C:maj7 0.5s, C:7 0.5s, Bb:dim 0.5s, F:maj 1.0s, D:min7 1.0s, C:maj 0.8s, C:maj/7 0.2s, A:min 0.5s, G:7 0.5s, F:maj 0.5s, D:min7 0.5s, G:maj 0.5s, G:7 0.5s, C:maj 1.0s, A:min7 0.5s, G:7 0.5s"
1267,C:major,"A:min 2.0s, A:min 2.0s, A:min 2.0s, A:min 2.0s, D:7 2.0s, D:7 2.0s, A:min 2.0s, A:min 2.0s, A:min 2.0s, C:maj 2.0s, F:maj 2.0s, D:maj 2.0s, A:min 2.0s, A:min 2.0s, A:min 2.0s, E:maj 2.0s, A:min 2.0s, A:min 2.0s, A:min 2.0s, E:maj 2.0s, A:min 2.0s, A:min 2.0s, A:min 2.0s, A:min 2.0s, A:min 2.0s, A:min 2.0s, A:min 2.0s, E:maj 2.0s, A:min 4.0s"
1467,C:major,"A:maj 2.0s, D:(*3,*5) 2.0s, A:maj 2.0s, D:maj 2.0s, A:maj 1.0s, D:maj 1.5s, E:maj 1.5s, A:maj 1.0s, D:maj 1.0s, G:(*3,*5) 2.0s, A:maj 0.1s, C:(*3,*5) 0.9s, G:maj 1.0s, C:maj 2.0s, F:maj 0.5s, F:(*3,*5) 1.5s, F:maj 1.5s, A:maj 0.5s, Bb:maj 2.0s, F:maj 2.0s, Bb:maj 1.5s, D:maj 0.5s, F:(*3,*5) 1.0s, F:(*3,*5) 1.5s, C:(*3,*5) 0.5s, Bb:maj 1.2s, F:maj 0.2s, C:(*3,*5) 0.5s, F:maj 2.0s, D:maj 1.0s, F:maj 1.0s, E:maj 0.5s, E:maj 0.5s, A:maj 1.0s, C:(*3,*5) 0.7s, A:maj 0.7s, D:(*3,*5) 2.7s, A:maj 1.0s, D:maj 3.0s, A:maj 1.0s, D:maj 1.5s, E:maj 1.5s, A:maj 1.0s, D:maj 1.0s, G:(*3,*5) 0.5s, C:(*3,*5) 0.5s, A:maj 1.2s, D:maj 1.8s, G:maj 1.0s"
4576,Bb:major,"C:min7 2.0s, F:7 2.0s, Bb:maj6 2.0s, D:min7 1.0s, G:7 1.0s, C:min7 2.0s, F:7 2.0s, Bb:maj6 2.0s, D:min7 1.0s, G:7 1.0s, C:min7 2.0s, F:7 2.0s, Bb:maj6 2.0s, D:min7 1.0s, G:7 1.0s, C:min7 2.0s, F:7 2.0s, Bb:maj6 4.0s, D:7 4.0s, G:7 4.0s, C:7 4.0s, C:min7 2.0s, F:7 2.0s, C:min7 2.0s, F:7 2.0s, Bb:maj6 2.0s, D:min7 1.0s, G:7 1.0s, C:min7 2.0s, F:7 2.0s"
1836,D:major,"D:maj 1.0s, A:maj 1.0s, B:min 1.0s, G:maj 0.5s, D:maj 1.5s, A:7 1.0s, D:maj 0.5s, A:7 0.5s, D:maj 2.0s, A:maj 1.0s, B:min 1.0s, G:maj 1.0s, D:maj 2.0s, A:7 1.0s, D:maj 1.0s, D:maj 2.0s, G:maj 1.0s, D:maj 2.0s, G:maj 0.8s, D:maj 1.2s, A:maj 1.0s, D:maj 1.0s, A:7 1.0s, B:min 1.0s, G:maj 1.0s, D:maj 2.0s, A:7 1.0s, D:maj 1.0s"
2407,C:major,"C:maj 19.0s, C:maj 4.0s, C:maj 1.0s, F:7 1.0s, C:maj 2.0s, F:7 4.0s, C:maj 1.0s, F:7 1.0s, C:maj 2.0s, C:maj 3.0s, C:7 1.0s, F:7 4.0s, C:maj 3.0s, C:7 1.0s, F:7 4.0s, C:maj 2.0s, G:7 2.0s, C:maj 2.0s, F:7 2.0s, C:maj 1.0s"
4504,G:major,"C:maj 4.0s, E:min 4.0s, C:maj 4.0s, E:min 4.0s, E:min 6.0s, C:maj 3.0s, E:min 7.0s, C:maj 3.0s, E:min 1.2s, E:min7 1.8s, E:min6 2.0s, C:maj/3 2.0s, E:min 2.2s, E:min7 1.8s, E:min6 2.0s, C:maj/3 2.0s, E:min 2.0s"
3676,Bb:major,"F:7 0.5s, Bb:maj 3.5s, F:7 0.5s, Bb:maj 1.0s, C:min 0.8s, F:7 0.2s, Bb:maj 2.0s, F:7 8.0s, Bb:maj 3.5s, F:7 0.5s, Bb:maj 1.0s, C:min 0.8s, F:7 0.2s, Bb:maj 2.0s, F:7 4.0s, Bb:maj 1.0s, F:7 1.0s, Bb:maj 3.5s, F:7 0.5s, Bb:maj 3.5s, F:7 0.5s, Bb:maj 1.0s, C:min7 0.8s, F:7 0.2s, Bb:maj 2.0s, F:7 8.0s, Bb:maj 3.0s, F:7 1.0s, Bb:maj 1.0s, C:min7 0.8s, F:7 0.2s, Bb:maj 2.0s, F:7 1.5s"
4030,F:major,"F:maj 2.0s, Bb:maj 0.5s, C:maj 0.5s, F:maj 2.0s, F:maj7 2.0s, F:7 1.0s, Bb:maj 2.0s, G:min7 1.0s, C:maj 1.0s, F:maj 2.0s, Bb:maj 2.0s, G:min7 1.0s, C:maj 1.0s, D:min 2.0s, Bb:maj 2.0s, G:min7 2.0s, F:maj 1.0s, Bb:maj 0.5s, C:maj 0.5s, F:maj 2.0s, Bb:maj 0.5s, C:maj 0.5s, F:maj 2.0s, F:maj7 2.0s, F:7 1.0s, Bb:maj 2.0s, G:min7 1.0s, C:maj 1.0s, F:maj 2.0s, Bb:maj 2.0s, G:min7 1.0s, C:maj 1.0s, D:min 2.0s, Bb:maj 2.0s, G:min7 2.0s, F:maj 1.0s, Bb:maj 0.5s, F:maj 0.5s, Ab:maj 3.0s, Bb:maj 1.0s, Ab:maj 3.0s, Bb:maj 1.0s"
3823,G:major,"G:maj 4.0s, D:7 8.0s, G:maj 4.0s, G:7 4.0s, C:maj 4.0s, G:maj 2.0s, D:7 2.0s, G:maj 8.0s, D:7 8.0s, G:maj 4.0s, G:7 4.0s, C:maj 4.0s, G:maj 2.0s, D:7 2.0s"
6000,G:major,"G:maj 3.5s, C:maj 1.5s, A:min 1.5s, D:maj 1.5s, D:7 1.5s, G:maj 6.0s, C:maj 1.5s, A:min 1.5s, D:maj 1.5s, D:7 1.5s, G:maj 6.0s, C:maj 1.5s, A:min 1.5s, D:maj 1.5s, D:7 1.5s, G:maj 6.0s, C:maj 1.5s, A:min 1.5s, D:maj 1.5s, D:7 1.5s, G:maj 3.0s, G:maj 1.5s, A:min 1.5s, G:maj 3.0s, E:7 3.0s, A:min 2.5s"
1416,F:major,"D:min 2.0s, G:min 2.0s, E:7 1.0s, A:7 1.0s, D:min 2.0s, D:min 2.0s, G:min 3.0s, C:7 1.0s, F:maj7 0.5s, F:maj6 0.5s, E:hdim7 0.5s, A:7 0.5s, D:min 2.0s, G:min 2.0s, E:7 1.0s, A:7 1.0s, C:min7 1.0s, F:7 1.0s, Bb:maj 1.0s, G:7/3 0.5s, B:dim7 0.5s, F:maj/5 2.0s, G:min7 1.0s, C:7 1.0s, F:maj7 1.0s, F:7 1.0s, Bb:maj 2.0s, G:min7 1.0s, C:sus4(7) 0.5s, C:7 0.5s, F:maj 1.0s, Gb:maj6 1.0s, F:maj6 2.0s"
5387,Ab:major,"Ab:maj 2.0s, Eb:7 4.0s, Ab:maj 4.0s, C:min 2.0s, G:7 2.0s, C:min 0.5s, Eb:7 1.5s, Ab:maj 2.0s, Eb:7 4.0s, Ab:maj 2.0s, F:7 2.0s, Bb:min7 0.8s, F:dim 0.8s, A:9 0.2s, Bb:9 1.2s, Bb:min7 0.5s, Eb:7 0.5s, Ab:maj 1.8s, A:7 0.2s, Bb:7 1.0s, D:maj 1.0s, Eb:7 2.0s, Ab:maj 3.0s, F:dim 1.0s, Bb:min7 0.5s, Eb:7 2.0s, D:7 0.2s, Eb:7 1.2s, Ab:maj 4.0s, Bb:7 1.0s, D:maj 1.0s, Eb:7 2.0s, Ab:maj 2.0s, Ab:7 1.0s, G:7 0.5s, Gb:7 0.5s, F:7 2.0s, Bb:min7 2.0s"
2034,D:major,"D:maj 7.5s, B:7 1.5s, E:min 3.0s, A:7 9.0s, D:maj 9.0s, F:maj 1.5s, B:7 1.5s, E:min 3.0s, G:maj 3.0s, D:maj 1.5s, B:min 1.5s, A:maj 1.5s, E:7 1.5s, A:maj 2.5s, D:maj 1.5s, A:7 0.5s, D:maj 6.0s, G:maj 4.5s"
3653,C:major,"C:maj 2.0s, F:maj 2.0s, C:maj 2.0s, G:7 2.0s, C:maj 2.0s, F:maj 2.0s, D:7 2.0s, G:7 2.0s, C:maj 2.0s, F:maj 2.0s, F:min 2.0s, G:7 2.0s, C:maj 2.0s, F:maj 2.0s, C:maj 1.0s, D:7 1.0s, G:7 2.0s, C:maj 4.0s, C:maj 4.0s, A:min 2.0s, D:7 2.0s, A:min 2.0s, D:7 2.0s, C:maj 5.0s, Bb:maj 1.0s, C:maj 1.0s, Bb:maj 1.0s, C:maj 1.0s, G:7 3.0s"
4139,F:major,"F:maj6 1.0s, C:7 1.0s, F:maj6 1.0s, C:7 1.0s, F:maj6 1.0s, C:7 1.0s, Bb:maj/9 1.0s, F:maj 1.0s, F:maj6 1.0s, C:7 1.0s, F:maj6 0.2s, C:7 1.8s, F:maj6 1.0s, C:7 1.0s, Bb:maj 1.0s, F:maj 1.0s, Bb:maj6 2.0s, C:min7 1.0s, F:7 1.0s, Bb:maj6 1.0s, G:(3,#5,b7) 1.0s, C:min7 1.0s, F:7 1.0s, Bb:maj6 2.0s, Eb:maj6 1.0s, E:dim7 1.0s, Bb:maj6/5 1.0s, F:7 1.0s, Bb:maj6 1.5s, C:7 0.5s, C:min7 1.0s, F:7 1.0s, Bb:min6 1.0s, Eb:7 1.0s, A:min7 1.0s, D:7 1.0s, G:min7 1.5s, C:7 0.5s, C:min7 1.0s, F:7 1.0s, Bb:min6 1.0s, Eb:7 1.0s, A:min7 1.0s, D:7 3.0s, F:maj6 1.0s, C:7 1.0s, F:maj6 1.0s, C:7 1.0s, F:maj6 1.0s, C:7 1.0s, Bb:maj/9 1.0s, F:maj 1.0s, F:maj6 1.0s, C:7 1.0s, F:maj6 1.0s, C:7 0.2s, F:min 0.8s"
1357,G:major,"G:maj6 2.0s, G#:dim 2.0s, A:min6 1.0s, D:7 1.0s, G:maj 3.0s, G#:dim 1.0s, A:min7 1.0s, D:7 1.0s, G:maj 1.0s, G#:dim 1.0s, A:min7 1.0s, D:7 1.0s, G:maj 2.0s, G#:dim 2.0s, A:min6 1.0s, D:7 1.0s, G:maj 2.0s, B:min 3.0s, F#:7 1.0s, B:min 1.0s, E:7 1.0s, A:min7 0.8s, D:7 1.2s, G:maj 1.0s, G:7/b7 1.0s, E:min7 1.0s, G:7/5 1.0s, C:maj 2.0s, C:min6 2.0s, G:maj 1.0s, G:7/b7 1.0s, E:min7 1.0s, G:7/5 1.2s, C:maj 1.8s, C:min6 2.0s, G:maj 4.0s, G:maj/3 2.0s, Bb:dim 2.0s, A:min6 1.0s, G#:dim 1.0s, A:min7 1.0s, D:7 1.0s"
1797,G:major,"G:maj 2.0s, B:7 2.0s, E:min 1.0s, E:min7 1.0s, A:7 1.0s, C:min 1.0s, G:maj 1.0s, E:min 1.0s, A:7 1.0s, D:7 1.0s, G:maj 1.0s, C:maj 0.5s, C:min6 0.5s, G:maj 1.0s, D:7 1.0s, G:maj 2.0s, B:7 2.0s, E:min 1.0s, E:min7 1.0s, A:7 1.0s, C:min 1.0s, G:maj 1.0s, E:min 1.0s, A:7 1.0s, D:7 1.0s, G:maj 1.0s, C:maj 0.5s, C:min6 0.5s, G:maj 1.0s, B:7 1.0s, E:min 2.0s, A:min 1.0s, E:min 1.0s, B:maj 1.0s, B:7 1.0s, C:7 1.0s, B:7 1.0s, E:min 2.0s, A:min 1.0s, E:min 1.0s, A:7 2.0s, D:7 1.0s, D:9 1.0s, G:maj 2.0s, B:7 2.0s, E:min 1.0s, E:min7 1.0s, F:dim 1.0s, E:7 1.0s, A:min 1.0s, A:min7 1.0s, G:maj 0.5s, E:min 0.5s, A:min 0.5s, D:7 0.5s"
5889,F:major,"F:maj 1.0s, C:7 1.0s, F:maj 1.0s, C:7 1.0s, F:maj 3.0s, C:7 1.0s, G:min 1.0s, D:7 1.0s, G:min 1.0s, D:7 1.0s, G:7 2.0s, C:7 2.0s, F:maj 1.0s, C:7 1.0s, F:maj 1.0s, C:7 1.0s, F:maj 2.0s, C:7 2.0s, G:7 2.0s, C:maj 1.0s, A:7 1.0s, D:7 1.0s, G:7 1.0s, C:7 2.0s, F:maj 1.0s, C:7 1.0s, F:maj 1.0s, C:7 1.0s, F:maj 3.0s, C:7 1.0s, G:min 1.0s, D:7 1.0s, G:min 1.0s, D:7 1.0s, G:7 2.0s, C:7 2.0s, F:maj 1.0s, C:7 1.0s, F:maj 1.0s, C:7 1.0s, F:maj 2.0s, C:7 2.0s, G:7 2.0s, C:maj 1.0s, A:7 1.0s"
3839,F:major,"F:maj 4.0s, C:7 2.0s, F:maj 6.0s, C:7 2.0s, F:maj 6.0s, C:7 2.0s, F:maj 6.0s, C:7 2.0s, F:maj 6.0s, C:7 2.0s, F:maj 6.0s, C:7 2.0s, F:maj 6.0s, C:7 2.0s, F:maj 6.0s"
602,Ab:major,"Ab:maj 1.0s, Db:maj 1.0s, Ab:maj 1.0s, Db:maj 1.0s, Ab:maj 1.0s, Db:maj 1.0s, Ab:maj 1.0s, Eb:7 1.0s, Ab:maj 1.0s, Db:maj 1.0s, Ab:maj 1.0s, Db:maj 1.0s, Ab:maj 1.0s, Db:maj 1.0s, Ab:maj 0.5s, Eb:7 1.5s, Ab:maj 1.0s, Db:maj 1.0s, Ab:maj 1.0s, Db:maj 1.0s, Ab:maj 1.0s, Db:maj 1.0s, Ab:maj 0.5s, Eb:7 1.5s, Ab:maj 1.0s, Db:maj 1.0s, Ab:maj 1.0s, Db:maj 1.0s, Ab:maj 1.0s, Eb:7 1.0s, Ab:maj 1.0s, Eb:7 1.0s, Ab:maj 1.0s, Db:maj 1.0s, Ab:maj 1.0s, Db:maj 1.0s, Ab:maj 1.0s, Db:maj 1.0s, Ab:maj 1.0s, Eb:7 1.0s, Ab:maj 1.0s, Db:maj 1.0s, Ab:maj 1.0s, Db:maj 1.0s, Ab:maj 1.0s, Db:maj 1.0s, Ab:maj 1.0s, Eb:7 1.0s, Ab:maj 1.0s, Db:maj 1.0s, Ab:maj 1.0s, Db:maj 1.0s, Ab:maj 1.0s, Db:maj 1.0s, Ab:maj 1.0s, Eb:7 1.0s, Ab:maj 1.0s, Db:maj 1.0s, Ab:maj 1.0s, Db:maj 1.0s"
1030,Ab:major,"Ab:maj 1.0s, Ab:7 1.0s, Db:maj 1.0s, Eb:7 1.0s, Ab:maj 2.0s, E:7 1.0s, Eb:7 1.0s, Ab:maj 1.0s, Ab:7 1.0s, Db:maj 1.0s, Eb:7 1.0s, Ab:maj 1.0s, Db:7 1.0s, Ab:maj 1.0s, Eb:7 1.0s, Ab:maj 1.0s, Ab:7 1.0s, Db:maj 1.0s, Eb:7 1.0s, Ab:maj 2.0s, E:7 1.0s, Eb:7 1.0s, Ab:maj 1.0s, Ab:7 1.0s, Db:maj 1.0s, Eb:7 1.0s, Ab:maj 1.0s, Db:7 1.0s, Ab:maj 1.0s, Eb:7 1.0s, Ab:7 1.0s, Eb:7 1.0s, Ab:7 2.0s, Db:maj 2.0s, Db:7 1.0s, C:7 0.5s, B:7 0.5s, Bb:7 1.0s, F:min7 1.0s, Bb:7 2.0s, Eb:7 1.0s, Bb:7 1.0s, E:7 1.0s, Eb:7 1.0s, Ab:maj 1.0s, Ab:7 1.0s, Db:maj 1.0s, Eb:7 1.0s, Ab:maj 2.0s, E:7 1.0s, Eb:7 1.0s, Ab:maj 1.0s, Ab:7 1.0s, Db:maj 1.0s, Eb:7 1.0s"
4731,C:major,"C:maj 2.0s, D:min7 0.5s, G:7 1.5s, C:maj 2.0s, D:min7 0.5s, G:7 1.5s, C:maj 1.0s, C:aug 1.0s, F:maj 1.5s, Ab:7 0.5s, C:maj 1.0s, D:min7 0.5s, G:7 0.5s, C:maj 2.0s, C:maj 2.0s, D:min7 0.5s, G:7 1.5s, C:maj 2.0s, D:min7 0.5s, G:7 1.5s, C:maj 1.0s, C:aug 1.0s, F:maj 1.5s, Ab:7 0.5s, C:maj 1.0s, D:min7 0.5s, G:7 0.5s, C:maj 2.5s, C:maj7 1.5s, C:maj7 2.0s, C:maj7 2.0s, C:maj7 2.0s, C:maj7 2.0s, C:maj7 2.0s, Bb:maj 1.0s, A:7 1.0s, Ab:7 1.0s, G:7 1.0s, C:maj 2.0s, D:min7 0.5s, G:7 1.5s, C:maj 2.0s, D:min7 0.5s, G:7 1.5s, C:maj 1.0s, C:aug 1.0s, F:maj 1.5s, Ab:7 0.5s"
2723,C:major,"C:maj 6.0s, G:7 8.0s, C:maj 8.0s, G:7 8.0s, C:maj 2.0s, G:7 8.0s, C:maj 8.0s, G:7 12.0s"
256,C:major,"C:maj 2.0s, F:maj 2.0s, C:maj 2.0s, F:maj 1.0s, C:maj 1.0s, A:min 2.0s, D:min 1.0s, G:7 1.0s, C:maj 2.0s, G:7 1.0s, C:maj 3.0s, F:maj 1.0s, G:7 1.0s, C:maj 2.0s, F:maj 1.0s, C:maj 1.0s, A:min 2.0s, D:min 1.0s, C:7 1.0s, C:maj 2.0s, G:7 1.0s, C:maj 1.0s"
195,D:major,"D:maj 2.0s, G:maj 2.0s, D:maj 4.0s, D:maj 2.0s, G:maj 2.0s, A:maj 4.0s, D:maj 2.0s, G:maj 2.0s, D:maj 4.0s, C:maj 2.0s, G:maj 2.0s, D:maj 4.0s, C:maj 2.0s, G:maj 2.0s, D:maj 4.0s, D:maj 2.0s, G:maj 2.0s, D:maj 4.0s, D:maj 2.0s, G:maj 2.0s, A:maj 4.0s, D:maj 2.0s, G:maj 2.0s"
3020,C:major,"G:7 1.5s, C:maj 2.0s, C:7 2.0s, F:maj 4.0s, G:7 4.0s, C:maj 3.0s, G:7 1.0s, C:maj 2.0s, C:7 2.0s, F:maj 4.0s, G:7 4.0s, C:maj 3.0s, C:7 1.0s, F:maj 4.0s, C:maj 4.0s, D:7 4.0s, G:7 4.0s, C:maj 2.0s, C:7 2.0s, F:maj 4.0s, G:7 2.5s"
105,E:minor,"A:min7 2.0s, D:7 2.0s, G:maj6(9) 2.0s, C:maj6(9) 2.0s, F#:min7(b5) 2.0s, B:7 2.0s, E:min6 4.0s, A:min7 2.0s, D:7 2.0s, G:maj6(9) 2.0s, C:maj6(9) 2.0s, F#:min7(b5) 2.0s, B:7 2.0s, E:min6 4.0s, F#:min7(b5) 2.0s, B:7 2.0s, E:min6 4.0s, A:min7 2.0s, D:7 2.0s, G:maj6(9) 2.0s, C:maj6(9) 2.0s, F#:min7(b5) 2.0s, B:7 2.0s, E:min7 1.0s, A:7 1.0s, D:min7 1.0s, G:7 1.0s, C:maj6(9) 2.0s, F#:min7(b5) 1.0s, B:7 1.0s"
4069,Eb:major,"Eb:maj 1.0s, Eb:7 0.5s, Ab:maj 0.5s, Ab:min 1.0s, Eb:maj6 1.0s, Gb:dim 0.5s, F:min7 0.8s, Bb:7 0.8s, Eb:maj 1.0s, Eb:7 0.5s, Ab:maj 0.5s, G:7 1.0s, C:min 0.5s, C:min7 0.5s, F:9 0.5s, Bb:sus4(7) 1.0s, Bb:7 0.5s, F:min7 1.5s, Bb:7 1.5s, Eb:maj7 1.5s, C:7 1.5s, F:min7 1.5s, Bb:7 1.5s, G:min7 1.5s, C:7 1.5s, F:min7 1.5s, Bb:7 1.5s, Eb:maj7 1.5s, A:hdim7 1.0s, D:7 0.5s, G:maj7 1.5s, A:min7 1.0s, D:7 0.5s, G:maj7 3.0s, F:min7 1.5s, Bb:7 1.5s, G:hdim7 1.5s, C:7 1.5s, Ab:min7 1.5s, Db:7 1.5s, F:min7 1.5s, Bb:7 1.5s, F:min7 1.5s, Bb:7 1.5s, G:hdim7 1.5s, C:(3,#5,b7) 1.5s, F:min7 1.5s, Bb:7 1.5s, Eb:maj6 1.5s, F:min7 0.5s, Bb:9 1.0s"
1288,C:major,"C:maj 1.5s, G:7 3.0s, C:maj 3.0s, G:7 3.0s, C:maj 3.0s, G:7 3.0s, C:maj 3.0s, G:7 3.0s, C:maj 3.0s, F:maj 3.0s, C:maj 3.0s, G:7 1.5s, C:maj 4.5s, F:maj 3.0s, C:maj 3.0s, G:7 3.0s, C:maj 1.5s"
2667,Eb:major,"Eb:maj7 1.0s, Bb:7(b9) 1.0s, Bb:min7 1.0s, Eb:7 1.0s, F:7 1.0s, Bb:7 1.0s, Eb:maj7 2.0s, F:min7 1.0s, E:7 1.0s, Eb:maj7 1.0s, C:7(b9) 1.0s, F:min7 1.0s, Bb:7(b9) 1.0s, Eb:maj7 1.0s, F:min7 0.5s, Bb:7 0.5s, Eb:maj7 1.0s, Bb:7(b9) 1.0s, Bb:min7 1.0s, Eb:7 1.0s, F:7 1.0s, Bb:7 1.0s, Eb:maj7 2.0s, F:min7 1.0s, E:7 1.0s, Eb:maj7 1.0s, C:7(b9) 1.0s, F:min7 1.0s, E:7 1.0s, Eb:maj7 1.0s, A:hdim7 0.8s, D:7 0.2s, G:min7 2.0s, A:hdim7 1.0s, D:7 1.0s, G:min7 1.0s, F#:7 1.0s, B:maj7 2.0s, Eb:min7 2.0s, A:dim7 2.0s, B:7 2.0s, F:min7 1.0s, Bb:7 1.0s, Eb:maj7 1.0s, Bb:7(b9) 1.0s, Bb:min7 1.0s, Eb:7 1.0s, F:7 1.0s, Bb:7 1.0s, Eb:maj7 2.0s, F:min7 1.0s, E:7 1.0s, Eb:maj7 1.0s, C:7(b9) 1.0s"
4764,C:major,"C:maj 2.0s, A:min 2.0s, D:7 4.0s, G:maj 4.0s, C:maj 6.0s, C:maj 2.0s, G:7 4.0s, G:7 4.0s, C:maj 2.0s, G:7 2.0s, C:maj 2.0s, A:min 2.0s, D:7 4.0s, G:7 4.0s, A:maj 2.0s, G:7 2.0s, C:maj 2.0s, G:7 2.0s, C:maj 2.0s, G:7 2.0s, C:maj 2.0s, F:maj 1.0s, G:maj 1.0s"
714,F:major,"F:maj 1.5s, F:dim 0.5s, C:7 4.0s, F:maj 3.0s, Bb:maj 0.8s, Bb:7 0.2s, F:maj 1.0s, D:7 1.0s, G:7 2.2s, C:7 1.8s, F:maj 1.5s, F:dim 0.5s, C:7 3.8s, G:min 0.2s, A:maj 2.0s, D:dim 1.0s, Db:7 1.0s, F:maj 1.0s, D:7 1.0s, G:min 1.0s, G:7 0.5s, C:7 0.5s, F:maj 2.0s"
4213,C:major,"C:maj 4.0s, A:min 1.5s, E:7/b4 0.5s, A:min 4.0s, D:min6 4.0s, E:sus4 2.0s, E:maj 2.0s, A:min 2.0s, B:hdim7 1.0s, E:7 1.0s, A:min 4.0s, D:min 4.0s, E:sus4 2.0s, E:maj 2.0s, A:min 2.0s, C:7 2.0s, F:maj 2.0s, G:maj 2.0s, E:min 2.0s, A:min 2.0s, D:min 2.0s, G:(3,5,b7,9,11) 1.0s, G:7 1.0s, C:maj 3.0s, C:7 1.0s, F:maj 2.0s, G:maj 2.0s, E:min 2.0s"
3968,C:major,"C:maj7 4.0s, C:min7 4.0s, D:7/b7 3.0s, Db:maj/7 1.0s, C:maj7 4.0s, D:min7 2.0s, G:7 1.0s, G:7(#5,b9) 1.0s, C:maj7 4.0s, F:min7 2.0s, Bb:7 1.0s, Bb:7(#5,b9) 1.0s, Eb:maj7 3.0s, G:7 1.0s, C:maj7 4.0s, C:min7 4.0s, D:7/b7 3.0s, Db:maj/7 1.0s, C:maj7 4.0s, D:min7 1.0s, D:min/b7 1.0s, B:hdim7 1.0s, E:7(b9) 1.0s, A:min7 1.0s, A:min/b7 1.0s, F#:hdim7 1.0s, B:7 1.0s, E:min7 1.0s, A:7 1.0s, D:min7 1.0s, G:7 1.0s"
4054,C:major,"F:maj 2.0s, G:maj 1.0s, G:maj 1.0s, E:min 1.0s, E:min 1.0s, F:maj 1.0s, F:maj 1.0s, F:maj 2.0s, G:maj 1.0s, G:maj 1.0s, E:min 1.0s, E:min 1.0s, F:maj 1.0s, F:maj 1.0s, F:maj6 1.0s, C:maj 1.0s, F:maj6 1.0s, C:maj 1.0s, F:maj6 1.0s, C:maj 1.0s, F:maj6 1.0s, C:maj 1.0s, F:maj6 1.0s, C:maj 1.0s, F:maj6 1.0s, C:maj 1.0s, F:maj6 1.0s, C:maj 1.0s, F:maj6 1.0s, C:maj 1.0s, F:maj 0.8s, G:maj 1.2s, E:min 0.8s, F:maj 1.2s, F:maj 1.0s, G:maj 1.0s, E:min 2.0s, F:maj 0.8s, G:maj 1.2s, E:min 0.8s, F:maj 1.2s, F:maj 1.0s, C:maj 1.0s, F:maj6 1.0s, C:maj 1.0s, F:maj6 0.8s, C:maj 1.2s, F:maj6 0.8s, C:maj 1.2s, F:maj6 0.8s, C:maj 1.2s, F:maj6 1.0s, C:maj 1.0s, F:maj6 1.0s, C:maj 1.0s, F:maj6 1.0s, C:maj 1.0s"
1218,G:major,"E:min 16.0s, B:sus4 1.0s, B:maj 1.0s, A:sus4 1.0s, A:maj 1.0s, G:sus4 1.0s, G:maj 1.0s, D:sus4 1.0s, D:maj 1.0s, A:min7 2.0s, D:sus4 1.0s, D:maj 1.0s, A:min7 2.0s, F:maj 1.0s, C:maj 1.0s, A:min7 2.0s, D:sus4 1.0s, D:maj 1.0s, C:7 1.0s, B:sus4(7) 1.0s, E:min 8.0s, E:min 14.0s"
2986,G:major,"G:maj 5.0s, C:maj 4.0s, D:maj 2.5s, D:7 1.5s, G:maj 1.0s, C:maj 1.0s, D:maj 2.0s, G:maj 4.0s, C:maj 4.0s, D:maj 2.5s, D:7 1.5s, G:maj 4.0s, C:maj 4.0s, G:maj 4.0s, D:maj 2.0s, A:maj 4.0s, D:maj 2.0s, G:maj 4.0s, A:min 4.0s, D:maj 2.5s, D:7 0.5s"
4666,Eb:major,"Eb:maj 0.5s, Db:maj 1.5s, C:7 2.0s, F:min 0.5s, F:maj7 1.5s, F:min7 2.0s, Bb:7 4.0s, Eb:maj 1.0s, E:dim7 1.0s, F:min7 1.0s, Bb:7 1.0s, Eb:maj 1.5s, Db:maj 0.5s, C:7 2.0s, F:min 0.5s, F:maj7 1.5s, F:min7 2.0s, Bb:7 4.0s, Eb:maj 1.0s, Ab:maj 1.0s, Eb:maj 1.0s, Eb:7 1.0s, Ab:maj 4.0s, Eb:maj 0.5s, Eb:maj7 1.5s, Eb:maj 1.0s, E:maj 1.0s, F:7 4.0s, Bb:7 1.0s, F:min7 1.0s, Bb:7 1.0s, Bb:(3,#5,b7) 1.0s, Eb:maj 1.5s, Db:maj 0.5s, C:7 2.0s, F:min 0.5s, F:maj7 1.5s, F:min7 2.0s, Ab:maj 1.0s, G:min7 1.0s, F:min7 1.0s, C:7 1.0s"
6116,Eb:major,"Eb:maj6 1.0s, Bb:7 1.0s, C:min7 1.0s, Ab:maj 0.5s, Ab:min 0.5s, Eb:maj/5 1.0s, B:dim7 0.5s, C:min 0.5s, F:min9 1.0s, Bb:7(b9) 1.0s, Eb:maj6 1.0s, Bb:7 1.0s, Eb:maj6 1.0s, Bb:9 1.0s, Eb:maj6 1.0s, Eb:9 1.0s, Ab:maj 1.0s, Ab:7 0.5s, G:(3,#5,b7) 0.5s, C:min 0.5s, C:min/b7 0.5s, Ab:min6 1.0s, Eb:maj/5 1.0s, A:min7 0.8s, D:7 0.2s, G:maj 1.0s, Ab:min7 0.5s, Db:9 0.5s, Gb:maj7 1.0s, Bb:7 1.0s, Eb:maj6 1.0s, Bb:7 1.0s, Eb:maj6 1.0s, Bb:9 1.0s, Eb:maj6 1.0s, Eb:9 1.0s, Ab:maj 1.0s, Ab:7 0.5s, G:(3,#5,b7) 0.5s, C:min 0.5s, C:min/b7 0.5s, Ab:min6 1.0s, Eb:maj/5 1.0s, A:min7 0.8s, D:7 0.2s, G:min7 0.5s, C:7 0.5s, F:min7 0.8s, Bb:7 0.2s, Eb:maj6 2.0s, Bb:min7 1.0s, Eb:9 1.0s, Bb:min7 1.0s, Eb:9 1.0s, Bb:min7 1.0s, Eb:9 1.0s, Ab:maj7 2.0s, Ab:min7 1.0s, Db:9 1.0s, Gb:maj7 2.0s, C:min7 1.0s, F:7 1.0s, Bb:sus4(7) 0.5s, Bb:7 1.5s, Eb:maj6 1.0s, Bb:7 1.0s, Eb:maj6 1.0s, Bb:9 1.0s"
5383,G:major,"A:maj 2.0s, G:(*3,*5) 2.0s, A:(*3,*5) 2.0s, G:(*3,*5) 2.0s, A:(*3,*5) 2.0s, G:(*3,*5) 2.0s, B:maj 2.0s, G:(*3,*5) 2.0s, B:maj 2.0s, G:(*3,*5) 2.0s, A:(*3,*5) 2.0s, G:(*3,*5) 2.0s, A:(*3,*5) 2.0s, G:(*3,*5) 2.0s, B:maj 2.0s, D:(*3,*5) 2.0s, E:maj 4.0s, C:(*3,*5) 1.0s, D:(*3,*5) 1.0s, A:maj 1.0s, G:(*3,*5) 1.0s, A:maj 1.0s, D:maj 1.0s, G:(*3,*5) 2.0s, E:maj 2.0s, A:maj 2.0s, E:maj 2.0s, D:(*3,*5) 2.0s, A:(*3,*5) 2.0s, G:(*3,*5) 2.0s, A:(*3,*5) 2.0s, G:(*3,*5) 2.0s"
4418,G:major,"G:maj 1.8s, G:maj/3 0.2s, G:maj/5 1.0s, D:7 0.5s, E:min 1.0s, C:maj 0.5s, G:maj 2.8s, G:maj/3 0.2s, G:maj/5 1.0s, D:maj/b7 0.5s, G:maj/3 2.5s, G:maj 2.0s, G:maj/3 1.5s, C:maj 0.8s, G:maj/3 0.2s, C:maj 0.5s, G:maj 1.0s, G:maj/3 0.5s, E:min 1.0s, G:maj/5 1.5s, D:7 0.5s, G:maj 3.0s"
1557,Eb:major,"Eb:maj7 1.0s, Eb:maj 3.0s, Eb:maj6 0.8s, Eb:maj7 3.2s, Eb:maj 0.8s, Eb:maj6 1.2s, E:dim7 2.0s, Bb:7 4.0s, Bb:7 1.0s, Ab:maj/9 3.0s, Bb:7 4.0s, C:aug 0.8s, C:7 1.2s, F:7 2.0s, Bb:7 4.0s, Eb:maj7 1.0s, Eb:maj 3.0s, Eb:maj6 1.0s, Eb:maj7 3.0s, E:dim7 1.0s, C:7/3 1.0s, C:7 2.0s, F:min 1.0s, C:7 1.0s, F:min 2.0s, Ab:maj6 0.8s, Ab:maj7 2.8s, A:dim7 0.5s, Eb:maj/5 1.0s, Bb:min6/b3 1.0s, C:7 2.0s, F:7 2.0s, Bb:7 2.0s"
892,C:major,"C:7 1.0s, F:7 1.0s, C:7 2.0s, F:7 2.0s, C:7 2.0s, G:7 1.0s, F:7 1.0s, C:7 2.0s"
5902,C:major,"C:maj6 0.5s, C:maj7 3.5s, C:maj7 0.5s, D:min7 2.0s, G:9 1.5s, D:min7 0.5s, C:maj7 2.0s, C:maj6 1.5s, C:maj7 0.5s, D:min7 2.0s, G:9 1.5s, D:min7 0.5s, C:maj7 2.0s, C:maj6 1.5s, C:maj7 0.5s, D:min7 2.0s, G:9 1.5s, D:min7 0.5s, C:maj7 2.0s, C:maj6 1.5s, C:maj7 0.5s, D:min7 2.0s, G:9 1.5s, A:min7 1.0s, B:hdim7 2.0s, E:7(b9) 1.0s, E:7(b9) 0.5s, A:min7 2.0s, A:min6 1.5s, A:min6 0.5s, D:min7 2.0s, D:min6 1.5s, D:min6 0.5s, D:hdim7 2.0s, G:7(b9) 2.0s, A:min 2.0s, A:min/b1 2.0s, A:min/b7 2.0s, A:min/bb7 2.5s, F:maj7 1.5s, F:maj6 1.5s"
6555,C:major,"A:min 1.0s, D:min 1.0s, C:maj 0.5s, E:maj 0.5s, A:min 1.0s, A:min 1.0s, D:min 1.0s, C:maj 0.5s, E:maj 0.5s, A:min 1.0s, C:maj 1.0s, G:maj 1.0s, A:min 1.0s, E:maj 1.0s, A:min 1.0s, D:maj 1.0s, F:maj 0.5s, E:maj 0.5s, A:min 1.0s, C:maj 1.0s, G:maj 1.0s, A:min 1.0s, E:maj 1.0s, A:min 1.0s, D:maj 1.0s, F:maj 0.5s, E:maj 0.5s, A:min 1.0s"
5790,C:major,"C:maj 2.0s, Eb:maj 2.0s, C:maj 2.0s, F:maj 2.0s, Ab:maj 2.0s, C:maj 2.0s, D:7 2.0s, G:7 2.0s, C:maj 4.0s, F:maj 2.0s, F:min 2.0s, C:maj 2.0s, G:7 2.0s, C:maj 2.0s, G:7 2.0s, C:maj 2.0s"
573,C:major,"F:maj 1.5s, C:7 1.5s, F:maj 1.5s, C:7 1.5s, F:maj 1.5s, C:7 1.5s, D:min 3.0s, F:maj 1.5s, C:7 1.5s, F:maj 1.5s, Bb:maj 1.5s, F:maj 3.0s, G:min 1.5s, C:7 1.5s, F:maj 3.0s, Bb:maj 3.0s, F:maj 3.0s, C:7 3.0s, F:maj 3.0s, Bb:maj 3.0s, F:maj 1.5s, C:7 1.5s, F:maj 3.0s, F:maj 1.5s, G:min 1.5s, F:maj 1.5s, C:7 1.5s, F:maj 3.0s"
3939,C:major,"C:maj 16.0s, C:maj 6.0s, G:7 8.0s, C:maj 8.0s, G:7 8.0s, C:maj 6.0s, G:7 8.0s"
6189,G:major,"G:maj 2.0s, B:7 2.0s, E:min 4.0s, C:maj 2.0s, G:maj 1.0s, E:min 1.0s, A:7 2.0s, D:7 2.0s, G:maj 2.0s, B:7 2.0s, E:min 2.0s, G:7 2.0s, C:maj 2.0s, G:maj 0.5s, E:min 1.5s, A:7 1.0s, A:min7/4 0.5s, D:7 0.5s, C:maj 2.0s, C:maj 2.0s, D:maj 2.0s, C:maj 2.0s, B:min 2.0s, C:maj 2.0s, G:maj 0.5s, B:min/b3 0.5s, E:min 0.5s, G:maj/5 0.5s, C:maj 0.5s, C:maj/7 0.5s, A:min7 1.0s, A:min7/4 1.5s, D:7 0.5s, G:maj 2.0s, B:7 2.0s, E:min 4.0s, C:maj 2.0s, G:maj 1.0s, E:min 1.0s"
5218,C:major,"C:maj 1.0s, F:maj 1.0s, C:maj 1.0s, F:maj 1.0s, C:maj 1.0s, F:maj 1.0s, C:maj 2.0s, G:min 2.0s, D:min 2.0s, D:7 1.0s, G:7 1.0s, C:maj 1.0s, G:7 1.0s, C:maj 1.0s, F:maj 1.0s, C:maj 1.0s, F:maj 1.0s, C:maj 1.0s, F:maj 1.0s, C:maj 1.0s, C:7 1.0s, G:min 2.0s, D:min 2.0s, D:7 1.0s, G:7 1.0s, C:maj 2.0s, F:maj 1.0s, D:min 1.0s, A:min 1.0s, D:min 1.0s, C:maj 1.0s, G:7 1.0s, C:maj 2.0s, F:7 1.0s, C:maj 1.0s, D:7 0.8s, G:7 1.2s, D:7 2.0s, G:7 2.0s, C:maj 1.0s, F:maj 1.0s, C:maj 1.0s, F:maj 1.0s, C:maj 1.0s, F:maj 1.0s, C:maj 1.0s, C:7 1.0s, G:min 2.0s, D:min 2.0s"
3606,C:major,"D:min 4.0s, E:7 4.0s, G:min 4.0s, E:7 2.0s, A:7 2.0s, D:min 4.0s, E:7 4.0s, G:min 4.0s, E:7 2.0s, A:7 2.0s, A:7 2.0s, D:7 2.0s, G:min 2.2s, C:7 1.8s, F:maj 2.0s, A:7 2.0s, D:min 2.0s, E:7 2.0s, A:maj 2.0s, D:min 4.0s, E:7 4.0s, G:min 2.0s"
4698,Eb:major,"C:min 3.0s, Ab:9 1.0s, C:min 1.0s, C:maj 1.0s, C:min7 1.0s, C:min6 1.0s, G:min/5 2.0s, D:7(b9) 2.0s, G:min 2.0s, F:min7 1.0s, Bb:7 1.0s, Eb:maj7 2.0s, Eb:maj6 1.0s, C:7(b9) 1.0s, F:min7 1.0s, F:min7/b7 1.0s, D:hdim7 1.0s, G:7 1.0s, C:min 2.0s, F:min 2.0s, Bb:min7 2.0s, Eb:7 1.0s, A:7(b5) 1.0s, Ab:maj 2.0s, G:7 2.0s, C:min 2.0s, D:hdim7 0.5s, G:7 1.5s, C:min 2.0s, D:hdim7 1.0s, G:7 1.0s, C:min 2.0s, F:min7 1.0s, B:7(b9) 1.0s, Eb:maj 2.0s, Ab:7 2.0s, Eb:maj 4.0s, Bb:min7 2.0s, Eb:7 1.5s, Eb:(3,#5,b7) 0.5s"
1422,F:major,"F:maj/5 0.2s, F:maj/3 0.2s, F:maj 1.0s, C:7/5 0.2s, F:maj/3 0.2s, F:maj/5 1.0s, Bb:maj 0.2s, C:7 0.2s, D:min 0.5s, D:min7/b7 0.2s, Bb:maj 0.2s, G:min 0.2s, F:maj/3 0.2s, F:maj/4 0.5s, F:maj/5 0.5s, C:maj 0.2s, F:maj/5 0.2s, F:maj/3 0.5s, F:maj 0.2s, C:7/5 0.5s, F:maj/3 0.2s, Bb:maj 1.5s, F:maj/5 0.8s, C:7 0.8s, F:maj 1.5s, A:min 0.8s, F:maj 0.2s, C:7/5 0.2s, F:maj/3 0.2s, Bb:maj 0.5s, C:7 1.5s, C:9 0.2s, C:7 0.8s, F:maj 1.0s, F:maj/3 0.5s, Bb:maj 0.5s, G:min 0.5s, C:7 0.2s, C:7/b7 0.2s, D:min 0.5s, C:maj/3 0.5s, D:min 0.2s, Bb:min7/b3 0.2s, F:maj/5 1.0s, C:7 0.5s, F:sus4 0.5s, F:maj 1.0s"
2577,Bb:major,"G:min 12.0s, D:7 4.0s, G:min 4.0s, C:min 2.0s, G:min 2.0s, G:min 2.0s, D:7 2.0s, G:min 4.0s, G:min 12.0s, D:7 4.0s, G:min 4.0s, C:min 2.0s, G:min 2.0s, G:min 2.0s, D:7 2.0s"
729,G:major,"E:min 4.0s, B:7 3.0s, E:min 1.0s, E:min 4.0s, B:7 3.0s, E:min 1.0s, E:min 4.0s, B:7 3.0s, E:min 1.0s, E:min 4.0s, B:7 3.0s, E:min 1.0s"
986,F:major,"F:maj 2.0s, F:7 2.0s, Bb:maj 2.0s, G:min 2.0s, C:7 4.0s, F:maj 3.0s, C:7 1.0s, F:maj 4.0s, F:maj 2.0s, F:7 2.0s, Bb:maj 2.0s, G:min 2.0s, C:7 4.0s, F:maj 2.0s, C:7 2.0s, F:maj 4.0s, Db:maj 4.0s, F:maj 4.0s, C:maj 2.0s, C:min 2.0s, G:7 2.0s, C:7 2.0s, F:maj 2.0s, F:7 2.0s"
2797,C:minor,"C:min 2.0s, G:maj 2.0s, C:min 2.0s, G:maj 2.0s, F:min 2.0s, Bb:maj 2.0s, F:min 2.0s, C:min 2.0s, G:maj 2.0s, C:min 2.0s, F:min 2.0s, Bb:maj 2.0s, F:min 2.0s, C:min 2.0s, G:maj 2.0s, C:min 2.0s"
2981,F:major,"F:maj 1.0s, C:7/5 1.0s, F:maj/3 2.0s, F:maj 1.0s, A:min 0.5s, D:min 0.5s, G:min7 1.0s, C:7 1.0s, G:min 1.0s, G:maj 1.0s, G:min7 1.0s, G:min6 1.0s, C:7/5 2.0s, F:maj 0.5s, C:7 0.5s, F:maj 1.0s, F:maj 1.0s, C:(3,5,b7,9,11,13) 1.0s, F:maj 1.0s, C:(3,5,b7,9,11,13) 1.0s, F:maj 1.0s, A:min 1.0s, G:min7 1.0s, C:7 1.0s, G:min7 1.0s, C:7 1.0s, G:min7 1.0s, C:7 1.0s, G:min7 1.0s, C:7 1.0s, F:maj6 2.0s"
6030,C:major,"F:min7 1.0s, Bb:7(b5) 0.5s, C:maj7 2.5s, D:min7(b5) 1.0s, G:(3,5,b7,9,11,13) 1.0s, Ab:maj7 1.0s, D:7 0.2s, Db:7 0.2s, C:7 0.2s, B:7 0.2s, Bb:7 1.0s, A:7(#5) 1.0s, E:(3,5,b7,9,b9,11,13) 1.0s, Eb:7(#9) 1.0s, A:min7 1.0s, D:(3,5,b7,9,11,13) 1.0s, D:(b3,5,b7,9,11) 1.0s, G:7(b9) 1.0s, F:min7 1.0s, Bb:7(b5) 0.5s, C:maj7 2.5s, D:min7(b5) 1.0s, G:(3,5,b7,9,11,13) 1.0s, Ab:maj7 1.0s, D:7 0.2s, Db:7 0.2s, C:7 0.2s, B:7 0.2s, Bb:7 1.0s, A:7(#5) 1.0s, E:(3,5,b7,9,b9,11,13) 1.0s, Eb:7(#9) 1.0s, D:min9 1.0s, G:(3,5,b7,9,11,13) 0.8s, Db:maj7 2.2s, G:min7 1.0s, C:(3,5,b7,9,b9,11,13) 1.0s, G:min7 1.0s, F#:min7 1.0s, F#:min7 1.0s, B:(3,5,b7,9,11,13) 0.8s, E:maj7 2.2s, A:min7(b5) 0.8s, Ab:maj7 0.2s, G:7 0.8s, G:7(b9) 0.2s, C:min7 1.0s, F:(3,5,b7,9,#11,11,13) 1.0s, F:min7 1.0s, Eb:min7 1.0s, D:min7 1.0s, G:7(b9) 1.0s, F:min7 1.0s, Bb:7(b5) 0.5s, C:maj7 2.5s, D:min7(b5) 1.0s, G:(3,5,b7,9,11,13) 1.0s, Ab:maj7 0.5s, Db:maj7 0.5s, C:maj6 0.5s, B:7(b9) 0.5s, Bb:7 1.0s, A:7(#5) 1.0s, E:7(b9) 1.0s, Eb:7(#9) 1.0s"
4484,C:major,"C:maj 1.5s, F:maj 2.5s, D:min 2.0s, G:maj 1.0s, F:maj 2.0s, C:maj 1.0s, G:maj 1.0s, E:min 2.0s, A:min 2.0s, F:maj 2.0s, G:maj 1.0s, F:maj 2.0s, D:min 0.5s, G:maj 0.5s, C:maj 1.0s"
563,Eb:major,"C:min 2.0s, G:maj 1.0s, C:min 1.0s, F:min 1.0s, C:min 1.0s, G:maj 1.0s, C:min 1.0s, C:min 2.0s, G:maj 1.0s, C:min 1.0s, F:min 1.0s, C:min 1.0s, G:maj 1.0s, C:min 1.0s, C:min 2.0s, G:maj 2.0s, F:min 2.0s, C:min 2.0s, C:min 2.0s, G:maj 1.0s, C:min 1.0s, F:min 1.0s, C:min 1.0s, G:maj 1.0s, C:min 1.0s"
6141,Db:major,"F:hdim7 2.0s, Bb:7(b9) 2.0s, Eb:min7 2.0s, Ab:7 2.0s, Db:dim7 1.0s, Db:maj6 1.0s, Db:maj7 2.0s, Db:min7 2.0s, Gb:7 2.0s, F:hdim7 2.0s, Bb:7(b9) 2.0s, Eb:min7 2.0s, Ab:7 2.0s, Db:dim7 1.0s, Db:maj6 1.0s, Db:maj7 2.0s, Db:min7 2.0s, Gb:7 2.0s, Db:maj7 2.0s, Ab:min7 1.5s, Db:7 0.5s, Ab:min7 1.0s, Db:7 1.0s, G:hdim7 2.0s, C:7 2.0s, F:maj7 4.0s, Ab:hdim7 2.0s, Db:7 2.0s, Gb:min7 2.0s, Eb:min7 1.0s, Ab:7 1.0s, F:hdim7 2.0s, Bb:7(b9) 2.0s, Eb:min7 2.0s"
1852,C:major,"F:maj 1.5s, Db:min6 0.5s, F:maj 1.5s, Db:min6 0.5s, F:maj 3.5s, Db:min6 0.5s, F:maj 1.5s, Db:min6 0.5s, F:maj 1.0s, Db:min6 1.0s, F:maj 1.5s, Db:min6 0.5s, F:maj6 1.5s, Db:min6 0.5s, F:maj 2.0s, C:maj 2.0s, F:maj 1.0s, F:maj6 2.0s, G:maj 0.5s, A:min 0.5s, G:maj 0.5s, G:maj6 0.5s, E:min 2.0s, F:maj 2.0s, C:maj 1.5s, G:maj 0.5s, F:maj 3.5s, Db:min6 0.5s, F:maj 1.0s, Db:min6 1.0s, F:maj6 1.5s, Db:min6 0.5s, F:maj 2.0s, C:maj 2.0s, F:maj 1.0s, F:maj6 2.0s, G:maj 0.5s, A:min 0.5s, G:maj 0.5s, G:maj6 0.5s, E:min 2.0s, F:maj 2.0s, C:maj 1.5s, G:maj 0.5s, F:maj 6.0s"
4932,F:major,"F:maj 1.5s, F:maj/5 1.5s, C:7 3.0s, F:maj 1.5s, C:(3,#5,b7) 1.5s, F:maj7 1.5s, F:maj6 1.5s, E:hdim7 1.5s, A:7 1.5s, D:min7 1.5s, G:(3,5,b7,9,11,13) 1.5s, A:maj/5 1.5s, E:7 1.5s, A:min7 1.5s, G:min7 1.0s, C:7 0.5s, C:min7 1.5s, F:7 1.5s, Bb:maj 1.5s, Ab:(3,5,b7,9,11,13) 1.5s, G:7 3.0s, C:7 1.5s, C:(3,#5,b7) 1.5s, F:maj 1.5s, C:min7 1.0s, F:7 0.5s, Bb:maj7 1.5s, Eb:7 1.5s, F:maj/5 1.5s, C:7 1.5s, F:maj 1.0s, D:min7 0.5s, G:min7 0.8s, C:7(b9) 0.8s, F:maj 1.5s, F:maj/5 1.5s, C:7 3.0s, F:maj 1.5s, C:(3,#5,b7) 1.5s, F:maj7 1.5s, F:maj6 1.5s"
950,F:major,"F:maj 1.5s, C:maj 0.5s, F:maj 1.0s, F:maj6 0.5s, F:aug 0.5s, F:maj 1.0s, D:min7 1.0s, G:9 1.5s, Db:9 0.5s, C:7 1.0s, C:dim 1.0s, G:min7 1.0s, C:7 1.0s, G:min7 1.0s, C:7 1.0s, Eb:9 0.5s, D:9 0.5s, Db:9 0.5s, C:9 0.5s, F:maj 1.5s, C:maj 0.5s, F:maj 1.0s, F:maj6 0.5s, F:aug 0.5s, F:maj 1.0s, D:min7 1.0s, G:9 1.0s, Db:9 1.0s, C:7 1.0s, C:dim 1.0s, G:min7 1.0s, C:7 1.0s, G:min7 1.0s, C:7 1.0s, F:maj 2.0s, E:maj 1.0s, A:maj 1.0s, E:maj 1.0s, A:7 1.0s, D:min 1.0s, E:maj 0.5s, F:maj 0.5s, D:min 1.5s, Ab:9 0.5s, G:7 1.0s, D:min7 1.0s, G:7 1.0s, D:min7 0.5s, G:9 0.5s, C:maj 2.0s, C:7 1.0s, D:maj 0.5s, E:dim 0.5s, F:maj 1.5s, C:maj 0.5s, F:maj 1.0s, F:maj6 0.5s, F:aug 0.5s, F:maj 1.0s, D:min7 1.0s, G:9 1.0s, Db:9 1.0s, C:7 1.0s, C:dim 1.0s, G:min7 1.0s, C:7 1.0s"
1745,Eb:major,"Eb:maj7 1.0s, C:min7 1.0s, F:min7 1.0s, Bb:7 1.0s, Eb:maj7 0.7s, Bb:min7 0.7s, Eb:7 0.7s, Ab:maj7 1.0s, Db:7 1.0s, Eb:maj7 1.0s, C:min7 1.0s, F:min7 1.0s, Bb:7 1.0s, Eb:maj7 1.0s, C:min7 1.0s, F:min7 1.0s, Bb:7 1.0s, Eb:maj7 1.0s, C:min7 1.0s, F:min7 1.0s, Bb:7 1.0s, Eb:maj7 0.7s, Bb:min7 0.7s, Eb:7 0.7s, Ab:maj7 1.0s, Db:7 1.0s, Eb:maj7 1.0s, C:min7 1.0s, F:min7 1.0s, Bb:7 1.0s, Eb:maj7 1.0s, Ab:7 1.0s, Eb:maj7 2.0s, G:dim7 2.0s, C:7 2.0s, F:min7 4.0s, Db:7 2.0s, C:7 2.0s, C:min7 1.0s, F:7 1.0s, F:min7 1.0s, Bb:7 1.0s, Eb:maj7 1.0s, C:min7 1.0s, F:min7 1.0s, Bb:7 1.0s, Eb:maj7 0.7s, Bb:min7 0.7s, Eb:7 0.7s, Ab:maj7 1.0s, Db:7 1.0s, Eb:maj7 0.5s, C:min7 1.5s, F:min7 1.0s, Bb:7 1.0s"
2734,Eb:major,"C:min7 4.0s, C:min7 1.0s, Bb:maj 1.0s, C:min7 2.0s, F:min7 4.0s, C:min7 1.0s, Bb:maj 1.0s, C:min7 1.8s, D:7 0.2s, G:7 1.8s, D:7 0.2s, G:7 2.0s, C:min7 1.0s, Bb:maj 1.0s, C:min7 2.0s"
903,C:major,"C:maj 2.0s, C:maj 2.0s, F:maj 2.0s, F:maj 2.0s, C:maj 2.0s, C:maj 2.0s, F:maj 2.0s, F:maj 2.0s, D:min7 2.0s, E:min7 2.0s, D:min7 2.0s, G:maj7 2.0s, D:min7 2.0s, E:min7 2.0s, D:min7 2.0s, G:maj7 10.0s"
2994,Eb:major,"Eb:maj 4.0s, Ab:min6 2.0s, Bb:7 2.0s, Eb:maj 4.0s, C:(3,#5,b7) 2.0s, C:7 2.0s, F:min 2.0s, G:7 2.0s, C:min 4.0s, C:min7 1.0s, F:7 3.0s, Ab:min6 1.0s, Bb:7 3.0s, Eb:maj 4.0s, Ab:min6 2.0s, Bb:7 2.0s, Eb:maj 4.0s, C:(3,#5,b7) 2.0s, C:7 2.0s, F:min 2.0s, F#:dim7 2.0s, Eb:maj 1.0s, C:7 1.0s, Bb:min6 1.0s, C:7 1.0s, F:min 1.0s, F:min7 1.0s, Ab:min6 2.0s"
5797,C:major,"C:maj 0.8s, E:min 0.5s, B:aug 0.5s, F:maj 1.0s, C:maj 0.5s, A:7 0.5s, F:maj 0.5s, F:min 0.5s, E:min 0.5s, A:min 0.5s, F:maj7 0.5s, D:min7 0.5s, G:7 0.7s, G:aug 0.3s, C:maj 1.0s, E:min 0.5s, B:aug 0.5s, F:maj 0.8s, F:min 0.2s, C:maj 0.5s, A:7 0.5s, F:maj 0.5s, F:min 0.5s, E:min 0.5s, A:min 0.5s, D:min 0.5s, D:min7 0.2s, G:7 0.2s, C:maj 1.0s, C:maj 0.5s, C:7 1.0s, F:maj 0.5s, D:min 0.5s, F:maj7 0.2s, D:min7 0.2s, G:maj 0.8s, F:maj 0.2s, G:7 0.5s, G:aug 0.5s, C:maj 1.0s, E:min 0.5s, B:aug 0.5s, F:maj 1.0s, C:maj 0.5s, A:7 0.5s, F:maj 0.5s, F:min 0.5s, E:min 0.5s, A:min 0.5s, D:min 0.5s, D:min7 0.5s, C:maj 1.0s"
128,F:major,"C:7 2.0s, F:maj 2.0s, C:7 2.0s, F:maj 1.5s, B:7 0.5s, C:7 2.0s, F:maj 2.0s, C:7 2.0s, F:maj 2.0s, G:min7 1.5s, C:7 1.5s, F:maj 1.5s, F#:dim7 1.5s, G:min7 1.5s, C:7 1.5s, F:maj7 1.5s, F:maj6 1.5s, G:min7 1.5s, C:7 1.5s, A:min7 1.5s, D:min 1.0s, D:min7 0.5s, G:7 1.5s, C:7 1.5s, F:maj 3.0s, G:min7 1.0s, C:7 1.0s, F:maj 1.0s, F#:dim 1.0s, G:min7 1.0s, C:7 1.0s, F:maj 2.0s, G:min7 1.0s, C:7 1.0s, F:maj 1.0s, D:min 0.5s, D:min7 0.5s, G:7 1.0s, C:7 1.0s, F:maj 2.0s, C:7 2.0s, F:maj 2.0s"
5581,Eb:major,"Eb:maj 10.0s, E:dim 2.0s, F:min7 2.0s, Bb:7 2.0s, F:min7 2.0s, Bb:7 2.0s, F:min7 2.0s, Bb:7 6.0s, Eb:maj 4.0s, Eb:maj 10.0s, E:dim 2.0s, F:min7 2.0s, Bb:7 2.0s, F:min7 2.0s, Bb:7 2.0s, F:min7 2.0s, Bb:7 6.0s"
4763,C:major,"C:maj 6.0s, G:7 8.0s, C:maj 6.8s, C:7 1.2s, F:maj 4.0s, C:maj 2.0s, G:7 2.0s, C:maj 4.0s, G:7 4.0s, C:maj 4.0s, G:7 4.2s, C:maj 3.8s, C:maj 6.0s, G:7 4.0s"
4930,G:major,"G:maj 1.5s, G:maj7 1.5s, G:maj6 1.5s, G:maj 3.0s, G:7 1.5s, C:maj 1.5s, E:7 1.5s, A:min 6.0s, D:7 1.5s, D:aug 1.5s, G:maj 1.5s, D:7 1.5s, G:maj 1.5s, G:maj7 1.5s, G:maj6 1.5s, G:maj 1.5s, E:min7 1.5s, G:7 1.5s, C:maj 1.5s, E:7 1.5s, G:dim7 1.5s, F#:7 1.5s, G:maj 1.5s, E:7 1.5s, A:7 1.5s, D:7 1.5s, G:maj 6.0s, A:7 1.5s, D:7 4.5s"
3367,G:major,"G:maj 2.0s, E:min 2.0s, C:maj 2.0s, D:7 2.0s, G:maj 2.0s, E:min 2.0s, G:maj 2.0s, E:min 2.0s, A:min 2.0s, D:7 4.0s, G:maj 4.0s, E:min 4.0s, B:min 2.0s, C:maj 2.0s, D:7 4.0s, G:maj 4.0s, C:maj 2.0s, D:7 2.0s, G:maj 4.0s, D:7 2.5s, G:7 1.5s, C:maj 2.0s, B:min 2.0s, D:7 2.0s"
3547,F:major,"F:maj 1.5s, C:7 3.0s, F:maj 3.0s, Bb:maj 1.5s, C:7 1.5s, F:maj 1.5s"
6013,Eb:major,"Eb:maj 1.5s, G:7/5 1.5s, C:7 1.5s, F:min 1.0s, Ab:min 0.5s, Eb:maj/5 1.5s, B:7 1.0s, Bb:7 0.5s, Eb:maj 1.5s, F:min7 1.0s, Bb:7 0.5s, Eb:maj 1.5s, G:7/5 1.5s, C:7 1.5s, F:min 1.0s, Ab:min 0.5s, Eb:maj/5 1.5s, B:7 1.0s, Bb:7 0.5s, Eb:maj 1.5s, Eb:maj 1.5s, Ab:maj 1.5s, Ab:min 1.5s, Eb:maj/3 1.5s, F:7 1.5s, Eb:maj/5 1.5s, C:7 1.5s, F:min7 1.5s, Bb:7 1.5s, Eb:maj 1.5s, G:7/5 1.5s, C:7 1.5s, F:min 1.0s, Ab:min 0.5s, Eb:maj/5 1.5s, B:7 1.0s, Bb:7 0.5s, Eb:maj 3.0s"
1580,Bb:major,"Bb:maj 1.0s, F:7 1.0s, Bb:maj6 0.5s, F:7 1.5s, Bb:maj 1.0s, F:7 1.0s, Bb:maj6 0.7s, B:dim7 0.7s, F:7 0.7s, Bb:maj 1.0s, F:7 1.0s, Bb:maj 1.0s, G:7 1.5s, Ab:maj 0.5s, C:7 1.0s, F:7 1.0s, Bb:maj 2.0s, Bb:maj 4.0s, Bb:maj 8.0s, F:7 8.0s, Bb:maj 3.5s, B:dim7 0.5s, C:7 0.5s, B:7 0.5s, C:7 3.0s, F:7 1.0s, Bb:maj/6 0.5s, G#:min 0.5s, F:7/3 2.0s, Bb:maj 10.0s, Bb:7 1.0s"
3490,G:major,"A:min7 3.5s, D:7 0.5s, G:maj7 2.0s, E:min6 2.0s, A:min7 3.5s, D:7 0.5s, D:min7 4.0s, C:min7 1.5s, F:7(b9) 0.5s, C:min7 1.5s, F:7(b9) 0.5s, Bb:maj6 1.5s, D:min 0.5s, G:min7 2.0s, E:9 1.5s, B:min7 1.0s, E:7 1.0s, E:7(b9) 0.5s, A:7 1.0s, A:7(b9) 1.0s, A:7 1.5s, A:7 2.0s, D:maj 2.0s, D:(3,#5,b7) 0.5s, A:min7 3.5s, D:7 0.5s, G:maj7 2.0s, E:min6 2.0s, A:min7 3.5s, D:7 0.5s, D:min7 4.0s, C:min7 0.0s, Bb:(1,*3,*5) 1.0s, F:7(b9) 1.0s, C:min7 1.5s, F:7(b9) 0.5s, Db:maj7 2.0s, F:min6 2.0s"
4065,F:major,"Bb:maj 2.0s, F:maj 2.0s, C:7 2.0s, F:maj 1.5s, F:7 0.5s, Bb:maj 2.0s, F:maj 2.0s, C:7 2.0s, F:maj 2.0s, F:maj 8.0s, Bb:maj 2.0s, F:maj 2.0s, C:7 2.0s, F:maj 2.0s, F:maj 8.0s, Bb:maj 2.0s, F:maj 2.0s, C:7 2.0s, F:maj 2.0s, Bb:maj 2.0s, F:maj 2.0s, C:7 2.0s, F:maj 1.5s, F:7 0.5s, Bb:maj 2.0s, F:maj 2.0s"
5702,C:major,"D:min7 2.0s, Bb:7 2.0s, C:maj7 2.0s, A:7 2.0s, D:7 2.0s, D:min7 2.0s, C:maj7 1.0s, F:maj7 1.0s, C:maj7 2.0s, D:min7 2.0s, Bb:7 2.0s, C:maj7 2.0s, A:7 2.0s, D:7 2.0s, D:min7 2.0s, C:maj7 1.0s, F:maj7 1.0s, C:maj7 2.0s, G:min7 2.0s, C:7 2.0s, F:maj7 4.0s, D:7 4.0s, D:min7 1.0s, G:7 1.0s, D:min7 1.0s, A:7 1.0s, D:min7 2.0s, Bb:7 2.0s, C:maj7 2.0s, A:7 2.0s, D:7 2.0s, D:min7 2.0s"
6283,G:major,"G:maj 1.5s, E:min7 1.5s, C:7 1.5s, G:maj 1.5s, C:7 1.5s, G:maj 1.5s, F#:min7(b5) 1.5s, B:7 1.5s, E:min 1.5s, G:7/5 1.5s, C:maj 1.5s, C:min6 1.5s, E:min 1.5s, C:min7 0.5s, F#:7 1.0s, B:min7 0.5s, E:7 1.0s, A:min 1.5s, G:maj 1.5s, E:min7 1.5s, C:7 1.5s, G:maj/3 1.5s, C:7 1.5s, G:maj/3 1.5s, F#:min7(b5) 1.5s, B:7 1.5s, E:min 1.5s, E:min/b7 3.0s, C:7 1.5s, G:maj/3 1.5s, C:7 1.5s, G:maj/3 1.5s, C:7 1.5s, G:maj/3 1.5s, E:min 1.5s, A:min 0.5s, D:9 1.0s, D:9 1.5s, G:maj 3.0s, G:maj 1.5s, E:min7 1.5s"
5731,G:major,"G:maj 2.0s, E:7 2.0s, A:7 1.0s, E:min 1.0s, A:7 2.0s, D:7 2.0s, A:min 1.0s, D:7 1.0s, G:maj 1.0s, Bb:maj 1.0s, D:7 2.0s, G:maj 2.0s, E:7 2.0s, A:7 1.0s, E:min 1.0s, A:7 2.0s, C:maj 1.0s, C#:maj 1.0s, G:maj 1.0s, E:7 1.0s, A:9 1.0s, A:min 0.5s, D:7 0.5s, G:maj 1.0s, E:7 1.0s, A:9 1.0s, A:min 0.5s, D:7 0.5s, G:maj 2.0s, G:maj 2.0s, G:maj 2.0s, D:7 2.0s, A:maj 2.0s, G:7 2.0s, C:maj 2.0s, G:maj 1.0s, E:min 1.0s, A:maj 2.0s, D:7 1.5s, G:7 0.5s, G:maj 2.0s, D:7 4.0s"
3723,F:major,"F:maj7 10.0s, F:maj/3 1.0s, Ab:dim7 1.0s, G:min7 1.0s, Eb:maj/3 1.0s, G:min6 1.0s, Eb:maj/3 1.0s, G:min7 11.0s, G:min7/4 0.5s, C:7(b9) 0.5s, F:maj7 4.0s, A:hdim7 4.0s, D:7(b9) 4.0s, G:min7 2.0s, Bb:min6 2.0s, F:maj 1.0s, D:min7 1.0s, G:min7 1.0s, C:7 1.0s, F:maj7 7.0s, F:maj/3 0.5s, Ab:dim7 0.5s, G:min 2.0s, C:7(b9) 1.0s, G:min7/4 0.5s, C:7(b9) 0.5s"
1782,F:major,"D:min 4.0s, A:7/3 4.0s, C:min6 4.0s, G:maj/3 4.0s, Bb:maj6 4.0s, Eb:maj7 4.0s, E:hdim7 2.0s, A:7 2.0s, D:min 4.0s, F:maj 4.0s, F:dim 4.0s, D:min 2.0s, G:min6 1.0s, A:7 1.0s, D:min 4.0s, C:min7 2.0s, F:7 2.0s, B:min7 2.0s, E:7 2.0s, G:min6 2.0s, A:7 2.0s"
6426,Bb:major,"Bb:maj 4.0s, Eb:maj 2.0s, Bb:maj 4.0s, C:7 2.0s, C:7 2.0s, F:7 2.0s, Bb:maj 4.0s, Eb:maj 2.0s, Bb:maj 6.0s, F:7 2.0s, Bb:maj 4.0s, Eb:maj 2.0s, Bb:maj 2.0s, F:7 2.0s, Bb:maj 2.0s, Eb:maj 2.0s, Bb:maj 2.0s, F:7 2.0s, Bb:maj 2.0s, Bb:maj 4.0s, Eb:maj 2.0s, Bb:maj 4.0s"
110,F:major,"E:9 0.2s, F:9 3.8s, D:9 0.2s, Eb:9 3.8s, C:9 0.2s, Db:9 1.8s, Db:(1,*3,*5) 1.5s, C:9 2.5s, Bb:maj7/9 1.0s, C:(3,5,b7,9,11,13) 1.0s, F:maj 1.0s, G:min7 0.5s, G:min7/4 0.5s, F:maj 1.0s, G:min7 0.5s, G:min7/4 0.5s, C:min7 1.0s, F:7 1.0s, Db:maj 2.0s, Ab:min7 1.0s, Db:7 1.0s, Gb:maj7 2.0s, F:maj 2.0s, F:dim 2.0s, G:min7 1.0s, G:min7/4 0.5s, C:7(b9) 0.2s, F:maj 1.2s, G:min7/4 1.0s, F:maj 1.0s, G:min7 0.5s, G:min7/4 0.5s, F:maj 1.0s, G:min7 0.5s, G:min7/4 0.5s, C:min7 1.0s, F:7 1.5s, Db:maj 1.3s, Db:(1,*3,*5) 0.2s, Ab:min7 1.0s, Db:7 1.0s, Gb:maj7 2.0s, F:maj 2.0s, F:dim 2.0s, G:min7 1.0s, G:min7/4 0.5s, C:7(b9) 0.2s, F:maj 1.5s, E:7(#9) 0.8s, A:min 2.0s, D:min 2.0s"
493,D:major,"D:maj 1.0s, A:7 1.0s, D:maj 1.0s, A:7 1.0s, D:maj 1.0s, A:7 1.0s, D:maj 1.0s, D:7 1.0s, G:maj 1.0s, D:7 1.0s, G:maj 1.0s, D:7 1.0s, G:maj 1.0s, D:7 1.0s, G:maj 1.0s, G:7 1.0s, D:maj 1.0s, B:min 1.0s, E:min7 1.0s, A:7 1.0s, D:maj 1.0s, B:min 1.0s, E:min7 1.0s, A:7 1.0s, D:maj 1.0s, A:7 1.0s, D:maj 1.0s, A:7 1.0s, D:maj 1.0s, A:7 1.0s, D:maj 1.0s, D:7 1.0s, G:maj 1.0s, D:7 1.0s, G:maj 1.0s, D:7 1.0s, G:maj 1.0s, D:7 1.0s, G:maj 1.0s, G:7 1.0s, D:maj 1.0s, B:min 1.0s, E:min7 1.0s, A:7 1.0s, D:maj 2.0s, D:7 2.0s, G:maj 2.0s, D:maj 2.0s, G:maj 1.0s, A:7 1.0s, D:maj 2.0s, G:maj 2.0s, D:maj 2.0s"
4345,Bb:major,"Bb:maj 0.2s, Bb:maj/3 0.5s, F:maj 0.5s, Bb:maj 2.0s, Eb:maj 2.0s, Bb:maj 3.5s, Eb:maj/5 0.5s, F:(3,5,b7,9,11,13) 0.8s, F:7 3.2s, Bb:maj 3.5s, C:min/b7 0.5s, Bb:maj 2.0s, Eb:maj 2.0s, Bb:maj 3.8s, Eb:maj/5 0.2s, C:(3,5,b7,9,11) 1.0s, C:min 1.0s, F:7 2.0s, Bb:maj 4.0s, Eb:maj 4.0s, Bb:maj 4.0s, F:7 4.0s, Bb:maj 4.0s, Eb:maj 4.0s, Bb:maj 4.0s, F:(3,5,b7,9,11,13) 1.0s, F:7 1.8s"
4689,Ab:major,"F:min 8.0s, C:min 4.0s, G:min 4.0s, Ab:maj 4.0s, Eb:maj 4.0s, C:min 4.0s, G:min 4.0s, Ab:maj 4.0s, Bb:maj 4.0s, F:min 4.0s, Db:maj 4.0s, Eb:maj 4.0s, Ab:maj 2.0s, Ab:maj 1.0s, G:min 1.0s, F:min 4.0s"
3077,G:major,"G:maj 0.5s, G:sus4 0.5s, G:maj 0.5s, G:sus4 0.5s, G:maj 1.0s, E:min 0.5s, C:maj(2) 0.2s, D:maj 0.2s, G:maj 0.5s, G:sus4 0.5s, G:maj 0.5s, G:sus4 0.5s, G:maj 1.0s, E:min 0.5s, C:maj(2) 0.2s, D:maj 0.2s, G:maj 1.5s, G:sus4 0.5s, G:maj 1.0s, D:maj 0.5s, C:maj(2) 0.2s, D:maj 0.2s, G:maj 1.5s, G:sus4 0.5s, G:maj 1.0s, E:min 0.5s, C:maj(2) 0.2s, D:maj 0.2s, G:maj 0.8s, D:maj 0.2s, G:maj 0.5s, G:sus4 0.5s, G:maj 1.0s, E:min 0.8s, D:maj 0.2s, G:maj 1.5s, G:sus4 0.5s, G:maj 1.0s, D:maj 0.8s, D:maj 0.2s, G:maj 1.5s, G:sus4 0.5s, G:maj 1.0s, D:maj 0.8s, D:maj 0.2s, G:maj 0.5s, C:maj(2) 1.5s, G:maj 1.0s, E:min 0.7s, D:maj 0.2s, G:maj 1.5s, G:sus4 0.5s, G:maj 1.0s, D:maj 0.8s, D:maj 0.2s, G:maj 1.5s, G:sus4 0.5s, G:maj 1.0s, D:maj 0.8s, D:maj 0.2s, G:maj 1.0s, D:maj 0.5s, C:maj(2) 0.2s, D:maj 0.2s, G:maj 0.5s"
1919,C:major,"C:maj 8.0s, F:maj 4.0s, C:maj 2.0s, F:maj 1.0s, C:maj 9.0s, F:maj 4.0s, C:maj 2.0s, F:maj 1.0s, C:maj 1.0s, F:maj 4.0s, F:min 4.0s, C:maj 7.0s, G:7 1.0s, C:maj 2.0s, F:maj 2.0s, D:min7 6.0s, C:maj 2.0s"
5640,C:major,"G:maj 2.0s, C:maj 2.0s, G:maj 2.0s, C:maj 2.0s, G:maj 2.0s, C:maj 8.0s, G:maj 2.0s, C:maj 2.0s, G:maj 2.0s, C:maj 2.0s, G:maj 4.0s, D:maj 4.0s, C:maj 2.0s, G:maj 2.0s, D:maj 4.0s, C:maj 2.0s, G:maj 4.0s, C:maj 2.0s, G:maj 6.0s, C:maj 4.0s"
856,F:major,"F:maj 3.5s, E:7 0.5s, Bb:maj 1.0s, F:maj 6.5s, D:7 0.5s, G:maj 7.0s, C:7 0.5s, Bb:maj 0.5s, G:maj 1.0s, C:7 7.0s, F:maj 7.5s, E:7 0.5s, Bb:maj 1.0s, F:maj 2.0s, F:7 1.0s, D:7 1.0s, G:maj 0.5s, D:7 2.5s, G:maj 6.0s, G:maj 1.0s, C:7 1.0s, F:maj 0.8s, F:7 1.2s, G:maj 1.0s, D:7 1.0s, G:maj 2.0s, Bb:maj 2.0s"
457,Eb:major,"Eb:maj 1.0s, Bb:(3,#5,b7) 0.5s, Bb:min9 1.0s, Eb:9 0.5s, Ab:maj 1.5s, Db:9 1.5s, C:min7 1.0s, Gb:(3,5,b7,9,11,13) 0.5s, F:7 1.5s, Bb:7 1.0s, Bb:(3,#5,b7) 0.5s, Eb:maj 1.0s, Bb:sus4(7,13) 0.5s, Eb:maj 1.2s, Bb:(3,#5,b7) 0.2s, Bb:min9 1.0s, Eb:9 0.5s, Ab:maj 1.5s, Db:9 1.5s, C:min7 0.5s, Gb:(3,5,b7,9,11,13) 0.5s, F:7 2.0s, Bb:7 1.0s, Bb:(3,#5,b7) 0.5s, Eb:maj 1.5s, G:min 1.5s, E:hdim7 1.5s, A:hdim7 3.0s, D:7 3.0s, G:min7 1.2s, C:7 0.2s, F:min 1.0s, Bb:7 0.5s, Eb:maj 1.0s, Bb:(3,#5,b7) 0.5s, Bb:min9 1.0s, Eb:9 0.5s, Ab:maj7 1.5s, Ab:min6 1.5s, G:min7 0.5s, C:min7 1.0s, F:7 1.5s, Bb:7 1.0s, Bb:(3,#5,b7) 0.5s, Eb:maj 1.5s, Eb:maj 1.0s, Bb:(3,#5,b7) 0.5s, Bb:min9 1.0s, Eb:9 0.5s, Ab:maj 1.5s, Db:9 1.5s, C:min7 1.0s, Gb:(3,5,b7,9,11,13) 0.5s, F:7 1.5s, Bb:7 1.0s, Bb:(3,#5,b7) 0.5s, Eb:maj 1.0s, Bb:sus4(7,13) 0.5s"
2214,C:major,"C:maj 6.0s, D:min7 2.0s, G:maj 4.0s, C:maj 4.0s, E:maj 4.0s, B:7 4.0s, G:maj 2.0s, A:min7 1.0s, D:7 1.0s, D:min 2.0s, G:7 2.0s, C:maj 6.0s, F:maj 2.0s, D:min 2.0s, A:7 2.0s, D:min 2.5s, D:min7 1.5s, F:maj 1.0s, F:min 1.0s, E:min 2.0s, F:maj 1.0s, F:min 1.0s, C:maj 4.0s, G:7 2.0s"
4601,Bb:major,"Bb:maj 2.0s, D:7 2.0s, Eb:maj6 2.5s, D:dim 0.5s, C:min7 0.5s, D:dim 0.5s, C:min7 1.0s, F:9 1.0s, F:7 2.0s, Bb:dim 0.3s, Bb:maj 1.7s, C:min7 1.0s, F:9 1.0s, Bb:maj 2.0s, D:7 2.0s, Eb:maj6 2.5s, D:dim 0.5s, C:min7 0.5s, D:dim 0.5s, C:min7 1.0s, F:9 1.0s, C:min7 1.0s, F:9 1.0s, Bb:maj 1.0s, Eb:maj6 1.0s, Bb:maj 2.0s, Gb:maj 2.0s, B:maj 0.5s, Gb:maj 1.5s, Ab:min7 1.0s, Db:7 1.0s, Ab:min7 1.0s, Db:7 1.0s, Gb:maj 2.0s, G:min7 1.0s, C:9 1.0s, C:min7 1.0s, F:7 0.5s, C:min7 0.5s, F:(3,#5,b7) 2.0s, Bb:maj 2.0s, D:7 2.0s, Eb:maj6 2.5s, D:dim 0.5s, C:min7 0.5s, D:dim 0.5s, C:min7 1.0s, F:9 1.5s, F:7 0.5s, C:min7 0.5s, F:7 0.5s"
3837,C:major,"C:maj 2.0s, F:maj 2.0s, G:maj 2.0s, E:7 2.0s, A:min 3.0s, G:maj 1.0s, F:maj 4.0s, C:maj 2.0s, F:maj 2.0s, G:maj 2.0s, E:7 2.0s, A:min 3.0s, C:7 1.0s, F:maj 4.0s, D:min 4.0s, G:7 4.0s, A:min 4.0s, G:maj 4.0s, C:maj 5.0s, F:maj 1.0s, G:maj 2.0s, A:min 3.0s, G:maj 1.0s"
4471,C:major,"D:min9 2.0s, G:7 2.0s, A:min 4.0s, D:min9 2.0s, G:7 2.0s, A:min 4.0s, D:min9 2.0s, G:7 2.0s, A:min 4.0s, F:maj 2.0s, G:7 2.0s, C:maj 4.0s, Bb:maj 8.0s, D:min 4.0s, G:7 8.0s, D:min 8.0s"
5787,F:major,"F:maj 2.0s, Ab:dim7 2.0s, G:min7 1.5s, C:7 2.5s, F:maj 2.0s, Ab:dim7 2.0s, G:min7 1.5s, C:7 2.5s, F:7 4.0s, Bb:7 4.0s, Eb:7 4.0s, Ab:7 2.0s, C:7 2.0s, F:maj 2.0s, Ab:dim7 2.0s, G:min7 1.5s, C:7 2.5s, F:maj 2.0s, Ab:dim7 2.0s, G:min7 1.5s, C:7 2.5s, C:min7 1.5s, F:7 2.5s, Bb:maj 1.5s, Bb:min 2.5s, F:maj 1.0s, D:min 1.0s, G:7 0.5s, C:7 1.5s"
5397,D:major,"D:maj 2.0s, A:maj 4.0s, G:maj 2.0s, A:maj 2.0s, D:maj 2.0s, G:maj 1.0s, A:maj 1.0s, D:maj 4.0s, G:maj 4.0s, A:maj 6.0s, G:maj 1.0s, A:maj 1.0s, G:maj 2.0s, A:maj 2.0s, D:maj 2.0s, G:maj 2.0s, A:maj 2.0s, G:maj 2.0s, D:maj 2.0s, G:maj 1.0s, A:maj 1.0s, D:maj 2.0s, D:maj 2.0s, A:maj 4.0s, G:maj 2.0s, A:maj 2.0s, D:maj 2.0s"
3774,C:major,"D:min7 1.0s, G:7 1.0s, E:min7 1.0s, A:(3,#5,b7) 1.0s, D:min7 1.0s, G:7(b9) 1.0s, C:maj7 1.0s, C:7 1.5s, G:min7 0.5s, F:min7 1.0s, Bb:7 1.0s, C:maj7 1.0s, Eb:dim7 1.0s, D:min7 1.0s, G:7 1.0s, C:maj7 1.0s, E:hdim7 1.0s, D:min7 1.0s, G:7 1.0s, E:hdim7 1.0s, A:7(b9) 1.0s, D:min7 1.0s, G:7(b9) 1.0s, C:maj7 1.0s, C:7 1.5s, G:min7 0.5s, F:maj7 1.0s, Bb:7 1.0s, C:maj7 1.0s, Eb:dim7 1.0s, D:7 0.7s, D:min7 0.7s, G:7 0.7s, C:maj 0.7s, G:min7 0.7s, C:7 0.7s, F:maj7 1.0s, F#:dim7 1.0s, C:maj/5 0.5s, A:7 1.5s, D:min7 1.5s, G:7 0.5s, C:maj7 2.0s, B:hdim7 1.0s, E:7 1.0s, A:min7 2.0s, D:7 2.0s, D:min7 1.0s, G:7 1.0s, D:min7 1.0s, G:7 1.0s, E:min7 1.0s, A:7(b9) 1.0s, D:min7 1.0s, G:7(b9) 1.0s, C:maj7 1.0s, C:7 1.5s, G:min7 0.5s, F:maj7 1.0s"
2437,G:major,"B:7 1.0s, E:7 1.0s, A:7 1.0s, D:7 1.0s, G:7 1.0s, C:7 1.0s, A:7 1.0s, A:7(b9) 1.0s, G:maj/5 2.0s, A:min 1.0s, G:maj/3 1.0s, C:maj6 0.2s, G:maj/3 0.8s, Bb:dim7 0.5s, A:min7 0.5s, G:maj 2.0s, B:7 1.0s, E:7 1.0s, A:7 1.0s, D:7 1.0s, G:7 1.0s, C:7 1.0s, A:7 1.0s, A:7(b9) 1.0s, G:maj/5 2.0s, A:min7 1.0s, G:maj/3 1.0s, C:maj6 0.2s, G:maj/3 0.8s, Bb:dim7 0.5s, A:min7 0.5s, G:maj 2.0s, E:min 2.0s, C:9 2.0s, E:min7 2.0s, A:7 2.0s, D:min 1.0s, D:min/b3 1.0s, A:7/5 1.0s, A:7 1.0s, A:min7 2.0s, D:(3,#5,b7) 1.0s, D:(3,#5,b7)/b7 1.0s, B:7 1.0s, E:7 1.0s, A:7 0.5s, D:7 1.5s, G:7 1.0s, C:7 1.0s, A:7 1.0s, A:7(b9) 1.0s, G:maj/5 2.0s, A:min7 1.0s, G:maj/3 1.0s"
1941,F:major,"F:maj7 4.0s, G:min7 4.0s, C:7 4.0s, F:maj7 2.0s, G:min7 1.0s, C:7 1.0s, F:maj7 4.0s, G:min7 4.0s, C:7 4.0s, F:maj7 2.0s, Bb:hdim7 1.0s, E:7 1.0s, A:min7 1.0s, E:min7 1.0s, A:min7 3.0s, E:min7 1.0s, A:min7 1.5s, Bb:7 0.5s, C:maj7 1.0s, Bb:7 1.0s, C:maj7 1.0s, G:7 1.0s, G:min7 2.0s, C:(3,#5,b7) 2.0s, F:maj7 4.0s, G:min7 8.0s"
6276,C:major,"G:7 0.5s, C:maj 2.0s, G:min7 1.0s, C:9 1.0s, D:min7 4.0s, Bb:9 2.0s, D:min7 1.0s, G:7 1.0s, C:maj 1.0s, A:min7 1.0s, D:min7 1.0s, G:7 1.0s, C:maj 2.0s, C:maj 2.0s, G:min7 1.0s, C:7 1.0s, G:min7 1.0s, C:7 1.0s, D:min7 1.0s, F:maj7 3.0s, A:min7 1.0s, D:7 1.0s, A:min7 1.0s, D:7 1.0s, D:min7 2.0s, G:7 2.0s, C:maj 1.0s, D:min7 1.0s, C:maj 2.0s"
3640,Eb:major,"G:min 2.0s, Ab:maj 2.0s, Bb:7 2.0s, Eb:maj/3 2.0s, F:min7 2.0s, Eb:maj/5 2.0s, Bb:7 2.0s, Eb:maj 4.0s, C:min 2.0s, G:min/b3 2.0s, Ab:maj 2.0s, Eb:maj/5 2.0s, F:min 2.0s, Eb:maj/5 1.0s, Bb:7 1.0s, Eb:maj 1.0s, G:min 1.0s, D:7/3 1.0s, G:min 1.0s, Ab:maj6 1.0s, Bb:7 1.0s, C:min 2.0s, Ab:maj 2.0s, Eb:maj/5 1.5s, Bb:7 0.5s, Eb:maj 2.0s, G:min 2.4s, Ab:maj 1.6s, Bb:7 2.4s, Eb:maj/3 1.6s, F:min 2.0s, Eb:maj/5 2.0s, Bb:7 2.4s, Eb:maj 1.6s"
5113,F:major,"F:maj 2.0s, A:min 2.0s, D:min 4.0s, G:min 2.0s, C:7 2.0s, D:min 1.0s, G:7 1.0s, C:7 2.0s, F:maj 2.0s, A:min 2.0s, D:min 4.0s, G:min 2.0s, C:7 2.0s, Db:7 1.0s, F:maj 0.5s, C:7 0.5s, F:maj 0.5s, Db:maj 0.5s, Ab:maj 0.5s, C:7 0.5s, F:maj 2.0s, A:min 2.0s, D:min 4.0s, G:min 2.0s, C:7 2.0s, A:min 0.5s, A:min7 0.5s, G:7 1.0s, C:7 0.5s, G:min6 0.5s, C:7 1.0s, F:maj 2.0s, A:min 2.0s, D:min 4.0s, G:min 1.5s, G:dim 0.5s, C:7 2.0s"
5443,C:major,"G:maj 12.0s, D:maj 4.0s, C:maj 8.0s, G:maj 4.0s, D:maj 4.0s, C:maj 2.0s, G:maj 2.0s, C:maj 2.0s, A:maj 2.0s, D:7 4.0s, G:maj 8.0s, D:7 4.0s, G:maj 4.0s"
3868,D:major,"B:min 1.5s, A:maj 0.5s, B:min 2.0s, E:min 1.5s, G:maj 0.5s, F#:7 2.0s, B:min 2.0s, G:maj 2.0s, F#:min 2.0s, E:min 1.0s, A:sus4(7) 1.0s, D:dim 0.5s, D:(3,5,7,9,11,13) 1.5s, G:7 1.5s, F#:7 0.5s, B:min 6.0s, F#:(b3,*5,b7)/b7 0.8s, F#:(b3,*5,b7)/b7 0.8s, F#:(b3,*5,b7)/b7 0.5s, F#:(b3,*5,b7)/b7 1.0s, B:(*3,5,9) 0.8s, B:(*3,5,9) 2.2s, B:(*3,5,9) 1.5s, F#:(3,*5)/3 0.5s, G:maj7 1.0s, G:maj7 3.0s, F#:7 1.0s, F#:7 3.0s, E:min7 1.0s, E:min7 1.0s, A:7(b9) 1.0s, A:7(b9) 1.0s, D:maj7 1.0s, D:maj7 3.0s, C#:7 1.0s, C#:7 1.0s, F#:7 1.0s, F#:7 1.0s, B:maj 1.0s, B:maj 5.0s"
4016,C:major,"F:maj 4.0s, G:7 4.0s, C:7 4.0s, Bb:maj 2.0s, F:maj 6.0s, G:7 4.0s, C:7 4.0s, Bb:maj 2.0s, F:maj 6.0s, G:7 4.0s, C:7 4.0s, Bb:maj 2.0s, F:maj 4.0s, F:maj 4.0s, G:7 4.0s, C:7 2.0s"
1502,G:major,"G:maj 2.0s, E:min 2.0s, C:maj7 2.0s, D:7 2.0s, G:maj 2.0s, E:min 2.0s, D:maj 2.0s, D:7 2.0s, G:maj 2.0s, E:min 2.0s, C:maj7 2.0s, D:7 2.0s, G:maj 2.0s, E:min 2.0s, B:min 2.0s, D:maj 1.5s, D:7 0.5s, G:maj 2.0s, D:maj6/3 2.0s, E:min7 2.0s, G:maj7 2.0s, A:min/b3 2.0s, D:7 2.0s, G:maj 4.0s, C:maj 2.0s, D:maj 2.0s, C:maj 2.0s, Bb:maj 2.0s, C:maj 2.0s, D:maj 2.0s"
3192,C:major,"C:maj 2.0s, G:7 1.0s, C:maj 3.0s, G:maj 2.0s, F:maj 1.0s, C:maj 5.0s, G:maj 2.0s"
821,Eb:major,"D:7 1.0s, G:7 0.7s, G:7 0.3s, C:min 0.4s, C:min 2.2s, F:7 1.0s, Bb:7 0.8s, Eb:maj7 2.2s, D:7 1.0s, G:7 0.7s, G:7 0.3s, C:min 0.4s, C:min 2.2s, Ab:7 2.0s, G:7 2.0s, D:7 1.0s, G:7 0.7s, G:7 0.3s, C:min 0.4s, C:min 2.2s, F:7 1.0s, Bb:7 0.8s, Eb:maj7 2.2s, D:7 1.0s, G:7 0.7s, G:7 0.3s, C:min 0.4s, C:min 2.2s, Ab:7 3.0s, G:7 1.0s, G:7 1.0s, C:7 1.0s, F:7 1.0s, Bb:7 1.0s, Eb:7 1.0s, Ab:7 1.0s, Db:7 2.0s, F:7 1.0s, Bb:7 1.0s, Eb:7 1.0s, Ab:7 1.0s, Db:7 1.0s, Gb:7 0.8s, G:7 2.2s, D:7 1.0s, G:7 0.7s, G:7 0.3s, C:min 0.4s, C:min 2.2s, F:7 1.0s, Bb:7 0.8s, Eb:7 2.3s, D:7 0.7s"
5088,Eb:major,"C:min6 2.0s, Ab:7 2.0s, C:min6 2.0s, C:min7 2.0s, C:maj7 2.0s, F:maj7 2.0s, C:maj7 1.0s, A:7(b9) 1.0s, D:min7 1.5s, G:(3,5,b7,9,11,13) 0.5s, C:min6 2.0s, Ab:7 2.0s, C:min6 2.0s, C:min7 2.0s, C:maj7 2.0s, F:maj7 2.0s, C:maj7 1.0s, A:7(b9) 1.0s, D:min7 1.5s, G:(3,5,b7,9,11,13) 0.5s, C:7 8.0s, D:7 6.0s, G:7 2.0s, C:min6 2.0s, Ab:7 2.0s, C:min6 2.0s, C:min7 2.0s, C:maj7 2.0s, F:maj7 2.0s"
4282,Bb:major,"Bb:(*3,*5) 2.0s, Eb:(*3,*5) 2.0s, F:(*3,*5) 2.0s, Bb:(*3,*5) 4.0s, Eb:(*3,*5) 2.0s, Bb:(*3,*5) 1.0s, F:maj 1.0s, Bb:(*3,*5) 3.0s, Eb:(*3,*5) 1.0s, F:maj 1.0s, Bb:(*3,*5) 1.0s, G:maj 1.0s, Eb:(*3,*5) 1.0s, F:(*3,*5) 1.0s, F:maj 1.0s, Bb:(*3,*5) 1.0s, F:(*3,*5) 1.0s, Eb:(*3,*5) 1.0s, C:maj 1.0s, F:maj 2.0s, Bb:(*3,*5) 3.0s, Eb:(*3,*5) 1.0s, F:maj 1.0s, Bb:(*3,*5) 1.0s, G:maj 1.0s, Eb:(*3,*5) 1.0s, F:(*3,*5) 1.0s, F:maj 1.0s, Bb:(*3,*5) 1.0s, F:(*3,*5) 1.0s, Eb:(*3,*5) 1.0s, C:maj 1.0s, F:maj 2.0s, Bb:(*3,*5) 6.0s, Eb:(*3,*5) 2.0s, F:maj 2.0s, Bb:(*3,*5) 4.0s"
5514,C:minor,"C:min7 2.0s, D:dim7 1.0s, G:7 1.0s, C:min7 2.0s, F:min7 2.0s, C:min7 2.0s, D:dim7 1.0s, G:7(b9) 1.0s, C:min7 2.0s, D:dim7 1.0s, G:7 1.0s, C:min7 2.0s, D:dim7 1.0s, G:7 1.0s, C:min7 2.0s, F:min7 2.0s, C:min7 2.0s, D:dim7 1.0s, G:7(b9) 1.0s, C:min7 2.0s, F:min7 1.0s, Bb:7 1.0s, Eb:maj7 3.0s, F:min7 1.0s, C:7(b9) 2.0s, C:7(b9) 2.0s, F:min7 6.0s, G:7(b9) 2.0s, C:min7 2.0s, D:dim7 1.0s, G:7 1.0s, C:min7 2.0s, F:min7 2.0s, C:min7 2.0s, D:7(b5) 1.0s, G:7(b9) 1.0s"
3431,F:major,"F:maj 4.0s, C:7 8.0s, F:maj 4.0s, A:hdim7 1.0s, D:7 1.0s, A:hdim7 1.0s, D:7 1.0s, G:min 4.0s, G:7 4.0s, C:7 4.0s, F:maj 4.0s, C:7 8.0s, F:maj 4.0s, A:hdim7 1.0s, D:7 1.0s, A:hdim7 1.0s, D:7 1.0s, G:min 2.0s, B:dim7 2.0s, C:7 4.0s"
2788,C:major,"C:maj 1.5s, F:maj 0.5s, C:maj 1.5s, F:maj 0.5s, C:maj 0.5s, F:maj 1.5s, C:maj 3.5s, F:maj 0.5s, C:maj 0.5s, F:maj 1.5s, D:min 2.0s, G:7 2.0s, C:maj 1.5s, F:maj 0.5s, C:maj 0.5s, F:maj 1.5s, C:maj 0.5s, F:maj 1.5s, C:maj 3.5s, F:maj 0.5s, C:maj 1.5s, F:maj 0.5s, C:maj 2.0s, F:maj 2.0s, C:maj 1.0s, D:min 1.0s, E:min 1.0s, F:maj 1.0s, C:maj 0.5s, D:min 1.5s, E:min 1.5s, F:maj 0.5s, C:maj 0.5s, D:min 1.5s, E:min 1.0s, F:maj 1.0s, D:min 2.0s, G:7 2.0s, C:maj 1.0s, D:min7 1.0s, E:min 1.0s, F:maj 1.0s, C:maj 1.0s, D:min 1.0s, E:min 1.0s, F:maj 1.0s, C:maj 0.5s, D:min 1.5s, E:min 1.0s, F:maj 1.0s"
4356,C:major,"G:maj 4.0s, C:maj 1.0s, G:maj 1.0s, D:maj 1.0s, G:maj 1.0s, G:maj 4.0s, C:maj 1.0s, G:maj 1.0s, D:maj 1.0s, G:maj 1.0s, G:maj 3.0s, D:maj 4.0s, G:maj 4.0s, C:maj 3.0s, D:maj 1.0s, G:maj 1.0s, C:maj 2.0s, G:maj 2.0s, D:maj 2.0s, G:maj 2.0s, C:maj 2.0s, G:maj 2.0s, D:maj 1.0s, G:maj 2.0s"
3345,G:major,"A:min7 0.5s, B:min7 0.5s, E:min 0.5s, B:min7 0.5s, A:min7 0.5s, B:min7 0.5s, E:min 0.5s, B:min7 0.5s, A:min7 0.5s, B:min7 0.5s, C:maj7 0.5s, D:maj 0.1s, B:min7 0.2s, Bb:min7 0.2s, A:min7 0.5s, B:min7 0.5s, C:maj7 0.5s, D:maj 0.1s, B:min7 0.2s, Bb:min7 0.2s, A:min7 0.5s, B:min7 0.5s, C:maj7 0.5s, D:maj 0.5s, E:min7 0.5s, G:maj/3 0.5s, D:maj 0.5s, D:sus4 0.2s, D:maj 0.2s, E:min7 0.5s, G:maj/3 0.2s, C:maj 0.2s, D:maj 0.5s, D:sus4 0.2s, D:maj 0.2s, E:min7 0.5s, G:maj/3 0.5s, D:maj 0.5s, D:sus4 0.2s, D:maj 0.2s, E:min 0.5s, G:maj/3 0.2s, C:maj 0.2s, D:maj 0.5s, B:min7 0.5s, E:min 0.5s, G:maj/3 0.2s, C:maj 0.2s, D:maj 1.0s"
2826,E:minor,"E:min 0.2s, B:min 0.3s, E:min 0.5s, E:min 0.2s, B:min 0.2s, E:min 0.5s, G:maj 1.0s, E:min 0.2s, B:min 0.5s, E:min 0.2s, G:maj 1.0s, E:min 0.2s, B:min 0.2s, E:min 0.5s"
2978,C:major,"F:maj 1.0s, Bb:maj 1.0s, F:maj 1.0s, Bb:maj 1.0s, F:maj 1.0s, C:7 1.0s, F:maj 3.0s, Bb:maj 1.0s, F:maj 1.0s, Bb:maj 1.0s, F:maj 1.0s, C:7 1.0s, F:maj 4.0s, D:min 2.0s, C:maj 1.0s, G:7 1.0s, C:maj 2.0s, F:maj 1.0s, Bb:maj 1.0s, F:maj 1.0s, Bb:maj 1.0s, F:maj 1.0s, C:7 1.0s, F:maj 3.0s, Bb:maj 1.0s, F:maj 1.0s, Bb:maj 1.0s, F:maj 1.0s, C:7 1.0s, F:maj 3.0s, Bb:maj 1.0s, F:maj 1.0s, Bb:maj 1.0s, F:maj 1.0s, C:7 1.0s, F:maj 4.0s, D:min 2.0s, C:maj 1.0s, G:7 1.0s, C:maj 2.0s, F:maj 1.0s, Bb:maj 1.0s, F:maj 1.0s, Bb:maj 1.0s"
4281,C:minor,"E:7(b5) 2.0s, Eb:7(b5) 2.0s, D:7 2.0s, G:7(#9) 2.0s, C:min7 2.0s, F:7 2.0s, C:min7 2.0s, F:7 2.0s, Db:maj7 0.8s, Db:dim7 1.2s, C:min7 0.8s, C:dim7 1.2s, E:7(b5) 0.8s, Eb:7(b5) 1.2s, Ab:7 1.0s, G:7(#9) 1.0s, C:min7 2.0s, F:7 2.0s, C:min7 2.0s, F:7 2.0s, Db:maj7 0.8s, Db:dim7 1.2s, C:min7 0.8s, C:dim7 1.2s, E:7(b5) 0.8s, Eb:7(b5) 1.2s, Ab:7 1.0s, G:7(#9) 1.0s, F:min7 1.0s, Bb:min7 1.0s, Bb:min7(b5) 1.0s, Eb:7(b9) 1.0s, Ab:maj7 2.0s, G:min7 2.0s, Ab:maj7 2.0s, G:min7 2.0s, F:min7 0.8s, Bb:(3,5,b7,9,11,13) 1.2s, Eb:maj7 2.0s, D:7 0.8s, D:7(b5) 1.2s, G:7 2.0s"
1928,C:major,"A:min 4.0s, A:min7 2.0s, A:min6 2.0s, A:min 1.0s, A:min6 1.0s, A:min7 1.0s, A:min6 1.0s, Bb:9 1.0s, Bb:maj6 1.0s, Bb:aug 1.5s, Bb:7 0.5s, G:min 2.0s, E:hdim7 1.0s, A:7(b9) 1.0s, D:min 4.0s, G:7 2.0s, G:(3,#5,b7) 2.0s, C:maj7 2.0s, B:hdim7 1.0s, E:7(b9) 1.0s, A:min 4.0s, A:min7 2.0s, A:min6 2.0s, A:min 1.0s, A:min6 1.0s, A:min7 1.0s, A:min6 1.0s, Bb:9 1.0s, Bb:maj6 1.0s, Bb:aug 1.5s, Bb:7 0.5s, G:min 2.0s, E:hdim7 1.0s, A:7(b9) 1.0s, D:min 4.0s, G:7 2.0s, G:(3,#5,b7) 2.0s"
1553,Eb:major,"Eb:maj 4.5s, Ab:min 1.5s, Eb:maj 4.5s, E:maj 1.5s, F:min 3.0s, F:min7 3.0s, Bb:7 3.0s, F:min 1.5s, Bb:7 1.5s, Eb:maj 1.5s, C:min7 1.5s, F:min7 1.5s, Bb:7 1.5s, Eb:maj 4.5s, Ab:min 1.5s, Eb:maj 4.5s, E:maj 1.5s, F:min 3.0s, F:min7 3.0s, Bb:7 3.0s, F:min 1.5s, Bb:7 1.5s, Eb:maj 1.5s, Gb:maj 1.5s, F:min7 1.5s, Bb:7 1.5s"
1824,A:major,"A:maj6 2.0s, B:min/b7 0.5s, A:maj 0.5s, G#:maj/b6 0.5s, A:maj/5 0.5s, B:min7 2.0s, D#:maj/b7 0.5s, E:maj/b7 1.5s, D:maj 3.0s, E:7 1.0s, A:maj 2.0s, A:maj6 1.0s, D:maj/9 0.5s, E:7 0.5s, A:maj 1.0s, A:maj7 1.0s, A:7 2.0s, D:maj 2.0s, D:min6 2.0s, A:maj/5 2.0s, D:maj/9 0.5s, A:maj/5 0.5s, B:7 1.0s, B:min7/4 2.0s, E:7 2.0s, A:maj 2.0s, B:min/b7 0.5s, A:maj 0.5s, G#:maj/b6 0.5s, A:maj/5 0.5s, B:min7 2.0s, D#:maj/b7 0.5s, E:maj/b7 1.5s, D:maj 3.0s, E:7 1.0s, A:maj 3.0s, D:maj/9 0.5s, E:7 0.5s, A:maj 1.0s, A:maj7 1.0s, A:7 2.0s, D:maj 2.0s, D:min 2.0s, A:maj/5 1.0s, E:dim7 1.0s, D:maj/9 1.0s, E:7 1.0s"
4542,Bb:major,"Bb:maj 2.0s, C:min7 1.0s, F:7 1.0s, D:min7 1.2s, G:7 0.8s, C:min7 1.0s, F:7 1.0s, Bb:7 2.0s, Eb:7 2.0s, D:min7 1.0s, G:7 1.0s, C:min7 1.0s, F:7 3.2s, Bb:maj 3.8s, D:7 4.0s, G:7 4.0s, C:7 4.0s, F:7 4.2s, Bb:maj 1.8s, C:min7 1.0s, F:7 1.0s, Bb:maj 1.2s, G:7 0.8s, C:min7 1.0s, F:7 1.0s, Bb:7 2.0s, Eb:7 2.2s, Bb:maj 3.8s, Bb:maj 6.0s"
2197,Eb:major,"Eb:maj 1.0s, G:7(*5,#9,b9,#11,b13) 1.0s, C:min7 0.8s, Bb:min7 0.2s, Eb:7 1.0s, Ab:maj 1.0s, G:min7 0.5s, C:7(*5,#9,b9,#11,b13) 0.5s, F:min7 1.0s, Ab:min7 0.5s, Db:7 0.5s, Eb:maj 0.5s, Eb:maj/b7 0.5s, C:min7 0.5s, C:min/b7 0.5s, Ab:maj 0.5s, G:min7 0.5s, C:min7 0.5s, F:7 0.5s, F:min7 1.0s, Bb:7 1.0s, Eb:maj 1.0s, F:min7 0.5s, Bb:7 0.5s, F:min7 1.0s, Bb:7 1.0s, Eb:maj 1.0s, G:7(*5,#9,b9,#11,b13) 1.0s, C:min7 1.0s, F:7 1.0s, Bb:maj 2.0s, Bb:min7 1.0s, Eb:7 1.0s, Ab:maj 2.0s, D:min7 1.0s, G:7 1.0s, C:maj 2.0s, C:min7 1.5s, F:7 0.5s, F:min7 1.0s, Bb:7 1.0s, Eb:maj 1.0s, G:7(*5,#9,b9,#11,b13) 1.0s, C:min7 0.8s, Bb:min7 0.2s, Eb:7 1.0s, Ab:maj 1.0s, G:min7 0.5s, C:7(*5,#9,b9,#11,b13) 0.5s, F:min7 1.0s, Ab:min7 0.5s, Db:7 0.5s, Eb:maj 0.5s, Eb:maj/b7 0.5s, C:min7 0.5s, C:min/b7 0.5s, Ab:maj 0.5s, G:min7 0.5s, C:min7 0.5s, F:7 0.5s, F:min7 1.0s, Bb:7 1.0s, Eb:maj 1.0s, F:min7 0.5s, Bb:7 0.5s"
3886,F:major,"D:min 1.0s, G:min 1.0s, D:min 1.0s, A:7 1.0s, D:min 1.0s, G:min 1.0s, D:min 1.0s, A:7 1.0s, Bb:maj 1.0s, C:aug 1.0s, A:min7 1.0s, D:7 1.0s, G:min 1.0s, C:7 1.0s, D:min 1.0s, A:7 1.0s, D:min 1.0s, G:min 1.0s, D:min 1.5s, A:7 0.5s, D:min 0.5s, G:min 1.5s, D:min 1.0s, A:7 1.0s, D:min 1.0s, G:min 1.0s, D:min 1.0s, A:7 1.0s, D:min 1.0s, G:min 1.0s, D:min 1.0s, A:7 1.0s, Bb:maj 1.0s, C:aug 1.0s, A:min7 1.0s, D:7 1.0s, G:min 1.0s, C:7 1.0s, D:min 1.0s, A:7 1.0s, D:min 1.0s, G:min 1.0s, D:min 1.5s, A:7 0.5s, D:min 0.5s, G:min 1.5s, D:min 1.0s, A:7 1.0s, D:min 1.0s, A:7 1.0s, Bb:maj 1.0s, G:min7 1.0s, C:7 1.0s, F:maj 1.0s, G:min7 1.0s, C:7 1.0s, G:min7 0.5s, C:7 0.5s, F:maj 0.5s, A:7 0.5s, D:min 2.0s"
1496,C:major,"G:7 2.0s, C:maj 0.8s, G:7 1.2s, C:maj 0.8s, G:7 1.2s, C:maj 2.0s, C:maj 4.0s, F:maj 4.0s, G:7 2.0s, C:maj 0.8s, G:7 1.2s, C:maj 1.0s, G:7 0.5s, C:maj 2.5s, C:maj 4.0s, F:maj 4.0s, G:7 2.0s, C:maj 0.8s, G:7 1.2s, C:maj 1.0s, G:7 0.5s, C:maj 2.5s, C:maj 2.5s, C:7 1.5s, F:maj 4.0s, G:7 2.0s, C:maj 0.8s, G:7 1.2s, C:maj 1.0s, G:7 0.5s, C:maj 2.5s"
1687,G:major,"G:maj 1.0s, B:7 1.0s, E:min 1.5s, E:min7 0.5s, A:min 1.0s, A:min7 1.0s, D:7 2.0s, G:maj 1.0s, B:7 1.0s, C:maj 1.0s, C:min6 1.0s, G:maj 0.5s, E:min 0.5s, A:min 0.5s, A:min7 0.5s, D:7 2.0s, G:maj 1.0s, B:7 1.0s, E:min 1.5s, E:min7 0.5s, A:min 1.0s, A:min7 1.0s, D:7 2.0s, G:maj 1.0s, B:7 1.0s, C:maj 1.0s, C:min6 1.0s, G:maj 2.0s, C:maj6 1.0s, D:7(b9) 1.0s, G:maj 2.0s, E:min 0.5s, B:7 0.5s, E:min 1.0s, E:min 0.5s, B:7 0.5s, E:min 1.0s, Bb:dim7 0.5s, C:7 0.5s, B:7 1.0s, Bb:dim7 0.5s, C:7 0.5s, B:7 1.0s, A:min 0.5s, D:7 0.5s, G:maj7 0.5s, C:maj7 0.5s, A:min6 0.5s, B:7 0.5s, E:min 0.5s, E:min7 0.5s, A:min 1.0s, G:dim7 1.0s, B:7 2.0s, G:maj 1.0s, B:7 1.0s, E:min 1.5s, E:min7 0.5s, A:min 1.0s, A:min7 1.0s, D:7 2.0s, G:maj 1.0s, B:7 1.0s"
355,F:major,"F:maj 4.0s, E:7 2.0s, G:min7 1.0s, C:7 1.0s, F:maj 4.0s, E:7 4.0s, G:min7 4.0s, A:7 2.0s, D:7 2.0s, G:min7 2.0s, C:7 2.0s, A:7 2.0s, D:min 2.0s, G:min 2.0s, G:min7 2.0s, Bb:min 2.0s, C:7 2.0s, F:maj 4.0s, E:7 4.0s, G:min7 4.0s, A:7 2.0s, D:7 2.0s, Bb:maj 2.0s, Bb:min 2.0s"
533,C:major,"C:maj7 2.0s, D:min7 1.0s, G:7 1.0s, C:maj7 2.0s, G:min7 1.0s, C:7 1.0s, F:maj7 2.0s, F:7 2.0s, C:maj7 2.0s, E:min7 1.0s, A:7(b9) 1.0s, D:min7 2.0s, G:7(b9) 2.0s, C:maj7 4.0s, C:maj7 2.0s, D:min7 1.0s, G:7 1.0s, C:maj7 2.0s, G:min7 1.0s, C:7 1.0s, F:maj7 2.0s, F:7 2.0s, C:maj7 2.0s, E:min7 1.0s, A:7(b9) 1.0s, D:min7 2.0s, G:7(b9) 2.0s, C:maj7 4.0s"
948,C:major,"C:maj 2.0s, F:maj 2.0s, C:maj 2.0s, F:maj 2.0s, C:maj 2.0s, G:7 2.0s, C:maj 4.0s, C:maj 2.0s, F:maj 2.0s, C:maj 2.0s, F:maj 2.0s, C:maj 2.0s, G:7 2.0s, C:maj 4.0s, F:maj 2.0s, C:maj 2.0s, F:maj 2.0s, C:maj 2.0s, D:7 2.0s, G:maj 2.0s, G:7 4.0s, C:maj 2.0s, F:maj 2.0s, C:maj 2.0s, F:maj 2.0s, C:maj 2.0s, G:7 2.0s"
3473,C:major,"C:maj7 1.0s, Db:7(b5) 1.0s, D:min7 1.0s, Db:maj7 1.0s, C:maj7 1.0s, A:7(b5) 1.0s, D:min7 1.0s, Bb:7 1.0s, C:maj7 1.0s, Db:7(b5) 1.0s, D:min7 1.0s, Db:maj7 1.0s, C:maj7 1.0s, A:min7 2.0s, C:7 1.0s, F:maj7 1.0s, Gb:7(b5) 1.0s, G:min7 1.0s, Gb:maj7 1.0s, F:maj7 1.0s, D:7(b5) 1.0s, G:min7 1.0s, Eb:7 1.0s, F:maj7 1.0s, Gb:7(b5) 1.0s, G:min7 1.0s, Gb:9 1.0s, F:maj7 2.3s, F:7 1.1s, C:min7 0.6s, F:maj7 0.0s, F:maj7 1.0s, F:maj6 1.0s, D:9 1.0s, D:7 1.0s, C:maj6 1.0s, C:maj7 1.0s, D:(b3,5,b7,9,11,13) 1.0s, C:7(b5) 1.0s, F:maj7 1.0s, F:maj6 1.0s, D:9 1.0s, D:7 1.0s, C:maj6 1.0s, C:maj7 1.0s, D:min6(9) 2.0s, C:maj7 1.0s, Db:7(b5) 1.0s, D:min7 1.0s, Db:maj7 1.0s, C:maj7 1.0s, A:7(b5) 1.0s, D:min7 1.0s, Bb:7 1.0s, C:maj7 1.0s, Db:7(b5) 1.0s, D:min7 1.0s, Db:maj7 1.0s"
343,C:major,"C:maj(2) 2.0s, F:maj(2) 2.0s, C:maj(2) 2.0s, F:maj(2) 4.0s, C:maj(2) 2.0s, F:9 2.0s, C:maj(2) 2.0s, F:9 2.0s, C:maj(2)/3 1.5s, C:maj/3 0.5s, F:maj(2) 2.0s, F:maj/9 2.0s, G:maj 0.5s, D:min 1.0s, G:7 0.5s, C:maj 2.0s, F:maj 2.0s, C:maj(2) 2.0s, F:9 2.0s, C:maj(2)/3 2.0s, C:maj/4 0.2s, F:maj 0.8s, D:min 1.0s, F:maj/9 1.0s, E:min/b3 0.5s, D:min/4 0.5s, G:sus4 0.5s, G:maj 0.8s, D:min 0.3s, G:maj 2.3s, G:maj/b7 2.0s, E:min7 2.0s, A:min 2.0s, D:min 2.0s, F:maj/9 1.5s, G:maj 0.5s, C:maj7 1.0s, D:min7 1.0s, E:min7 2.0s, F:maj7 2.0s"
5782,F:major,"F:maj 1.0s, Bb:7 1.0s, F:maj 7.0s, Bb:7 1.0s, F:maj 1.5s, F#:dim 0.5s, C:7 3.0s, Bb:maj 1.0s, F:maj 1.0s, Bb:7 1.0s, F:maj 2.0s, F:maj 1.0s, Bb:7 1.0s, F:maj 7.0s, Bb:7 1.0s, F:maj 1.5s, F#:dim 0.5s, C:7 3.0s, Bb:maj 1.0s, F:maj 1.0s, Bb:7 1.0s, F:maj 2.0s, Bb:maj 1.5s, A:maj 0.5s, Bb:maj 1.5s, A:maj 0.5s, Bb:maj 0.5s, A:maj 0.5s, Bb:maj 3.0s, F:maj 0.5s, F:dim 0.5s, F:maj 1.0s, C:7 0.5s, C:dim 0.5s, C:7 1.0s, D:min 1.0s, G:7 1.0s, C:7 2.0s, F:maj 1.0s, Bb:7 1.0s, F:maj 2.0s"
4095,C:major,"C:maj 1.5s, F#:maj 1.0s, C:maj 2.0s, F:maj 1.0s, G:maj 1.0s, C:maj 3.5s, C:maj/7 0.5s, A:min 2.5s, A:7 0.5s, D:maj 0.5s, A:min 0.5s, F:maj6 1.0s, F:7 1.0s, E:maj 4.0s, C:maj 3.0s, C:7 1.0s, F:maj 1.0s, C#:maj 1.0s, D:min 4.0s, G:maj 2.0s, C:maj 1.0s, E:dim 0.5s, F:maj 0.5s, C:maj/5 1.0s, E:min 0.5s, G:7 0.5s, C:maj 2.0s"
6214,F:major,"F:maj 5.5s, F:dim 0.5s, F:maj 1.5s, F#:dim 0.5s, C:maj 1.5s, C:7 0.5s, F:maj 1.5s, C:dim 0.5s, C:7 2.0s, F:maj 0.5s, F:dim 0.5s, Bb:7 0.5s, C:7 0.5s, F:maj 5.5s, F:dim 0.5s, F:maj 1.5s, F#:dim 0.5s, C:maj 1.5s, C:7 0.5s, F:maj 1.5s, C:dim 0.5s, C:7 2.0s, F:maj 2.0s, Bb:maj 3.0s, Bb:min 1.0s, F:maj 1.0s, C:7 0.5s, F:dim 0.5s, F:maj 2.0s, D:min 2.5s, G:7 1.5s, C:maj 1.0s, G:7 1.0s, C:maj 0.5s, F:maj 0.5s, Bb:maj 0.5s, C:maj 0.5s, F:maj 5.5s, F:dim 0.5s, F:maj 1.5s, F#:dim 0.5s, C:maj 1.5s, C:7 0.5s, F:maj 1.5s, C:dim 0.5s"
2480,F:major,"F:7 1.5s, Bb:maj 1.0s, G:min 1.0s, C:7 2.0s, F:maj/3 2.0s, D:min 2.0s, G:min 2.0s, C:7 1.0s, G:min7 0.5s, C:7 0.5s, F:maj 2.0s, F:7 2.0s, Bb:maj 1.0s, G:min 1.0s, C:7 2.0s, F:maj/3 2.0s, D:min 2.0s, G:min 2.0s, C:7 2.0s, F:maj 1.0s, Bb:maj 1.0s, F:maj 2.0s, F:maj 2.0s, F:7 2.0s, Bb:maj 1.0s, G:min 1.0s, C:7 2.0s, F:maj 4.0s, C:7 0.5s, G:min 1.0s, G:min7 0.5s, C:7 2.0s, F:maj 2.0s, F:7 1.0s, C:min7 0.5s, F:7 0.5s, Bb:maj 1.0s, G:min7 1.0s, C:7 1.0s, G:min7 0.8s, C:7 0.2s, F:maj 2.5s"
1221,Bb:major,"Bb:maj7 2.0s, C:min7 2.0s, D:min7 2.0s, C:min7 2.0s, Db:maj7 2.0s, C:min7 2.0s, D:min7 2.0s, F:min7 1.5s, Bb:7 0.5s, Eb:maj7 2.0s, E:min7 1.0s, A:7 1.0s, D:min7 2.0s, G:7 2.0s, Db:min7 2.0s, Gb:7 2.0s, C:min7 2.0s, F:7 2.0s, Bb:maj7 2.0s, C:min7 2.0s, D:min7 2.0s, G:min7 2.0s, Db:maj7 2.0s, C:min7 2.0s, D:min7 2.0s, F:min7 1.5s, Bb:7 2.5s, Eb:maj7 2.0s, E:min7 1.0s, A:7 1.0s, D:min7 2.0s, G:7 2.0s, C:min7 2.0s"
3795,G:major,"D:(3,5,b7,9,11,13) 3.0s, A:min7 1.0s, D:(3,5,b7,9,11,13) 3.0s, A:min7 1.0s, D:(3,5,b7,9,11,13) 2.0s, D:9 2.0s, G:maj6 4.0s, D:(3,5,b7,9,11,13) 3.0s, A:min7 1.0s, D:(3,5,b7,9,11,13) 3.0s, A:min7 1.0s, D:(3,5,b7,9,11,13) 2.0s, D:9 2.0s, G:maj6 4.0s, G:maj6 5.0s, D:9 1.0s, G:maj7 4.0s, D:min7 2.0s, G:9 2.0s, C:min6 4.0s, G:maj9 2.0s, A:min7 1.0s, D:7 1.0s, G:maj9 4.0s, D:min7 2.0s"
5102,Eb:major,"Eb:maj7 2.0s, Ab:maj7 4.0s, Db:maj7 2.0s, Eb:maj7 2.0s, Ab:maj7 2.0s, D:min7 1.0s, G:7 1.0s, C:min7 2.0s, Bb:min7 2.0s, Db:maj/9 1.0s, Eb:7 1.0s, Ab:maj7 2.0s, Ab:min6 2.0s, G:min7 2.0s, C:min7 2.0s, F:min9 2.0s, Bb:sus4(7) 2.0s, Eb:maj7 2.0s, Ab:maj7 4.0s, Db:maj7 2.0s, Eb:maj7 2.0s, Ab:maj7 2.0s, D:min7 1.0s, G:7 1.0s, C:min7 2.0s, Bb:min7 2.0s, Db:maj/9 1.0s, Eb:7 1.0s, Ab:maj7 2.0s, Ab:min6 2.0s, G:min7 2.0s, C:min7 2.0s"
5967,C:major,"A:min 2.0s, C:maj/5 2.0s, F:maj 2.0s, C:maj/3 2.0s, D:7 2.0s, F:maj 2.0s, E:7 4.0s, A:min 2.0s, C:maj/5 2.0s, F:maj 2.0s, C:maj/3 2.0s, D:7 2.0s, F:maj 2.0s, E:7 4.0s, F:maj 1.0s, E:min 0.5s, D:min 0.5s, C:maj 2.0s, F:maj 1.0s, E:min 0.5s, D:min 0.5s, C:maj 2.0s, F:maj 1.0s, E:min 0.5s, D:min 0.5s, C:maj 2.0s, Bb:maj 2.0s, F:maj 2.0s, A:min 2.0s, C:maj/5 2.0s, F:maj 2.0s, C:maj/3 2.0s, D:7 2.0s, G:maj 1.0s, F:maj 1.0s"
2846,C:major,"C:maj 2.0s, G:maj 4.0s, C:maj 2.0s, C:maj 2.0s, G:maj 4.0s, C:maj 2.0s, F:maj 4.0s, C:maj 2.0s, G:maj 2.0s, C:maj 2.0s, G:maj 4.0s, C:maj 2.0s"
1513,C:major,"C:maj 1.0s, C:maj7 1.0s, G:7 2.5s, G:maj6 1.2s, G:7 0.2s, C:maj7 2.5s, C:sus4 0.5s, C:9 1.0s, G:7 2.0s, C:sus4 1.0s, C:maj7 1.0s, G:7 2.5s, G:maj6 1.2s, G:7 0.2s, C:maj 2.0s, C:7 2.0s, F:maj 3.5s, G:maj 0.5s, G:7 2.0s, D:7 2.0s, G:7 2.0s, C:maj7 2.0s, G:7 2.5s, G:maj6 1.2s, G:7 0.2s, C:maj7 2.5s, C:sus4 1.5s, F:maj 1.5s, F:9 0.5s, C:maj 2.0s, G:7 2.5s, G:maj6 1.2s, G:7 0.2s, C:maj 2.0s, C:7 2.0s, F:maj 1.0s, F:maj7 1.0s, E:7 2.0s, C:maj6/3 1.0s, C:aug 1.0s"
2862,C:major,"G:min 14.0s, D:7 6.0s, D:7 6.0s, D:7 2.0s, G:min 4.0s, G:maj 12.0s, D:7 4.0s, C:maj 2.0s, C#:dim 2.0s, B:min7 2.0s, E:7 2.0s, A:min7 2.0s, D:7 2.0s"
4692,G:major,"A:min7 2.0s, C:maj/9 1.0s, G:maj 1.0s, A:min7 2.0s, C:maj/9 1.0s, G:maj 1.0s, G:maj 2.0s, D:maj 2.0s, C:maj 2.0s, D:maj 2.0s, G:maj 2.0s, B:min7 2.0s, A:min7 2.0s, C:maj/9 1.0s, D:7 1.0s, C:9 2.0s, G:maj6 2.0s, C:9 2.0s, G:9 2.0s, C:maj6 2.0s, G:maj 2.0s, D:maj 4.0s, E:min 0.8s, F#:min/b7 1.2s, E:min 0.8s, F#:min/b7 1.2s, A:min7 2.0s, C:maj/9 2.0s, E:min 0.8s, F#:min/b7 1.2s, E:min 0.8s, F#:min/b7 1.2s, A:min7 2.0s, C:maj/9 2.0s, A:min7 2.0s, C:maj/9 2.0s"
5123,F:major,"C:maj 1.0s, C:maj 1.0s, C:maj 1.0s, F:maj 2.0s, D:min 1.5s, C:maj 0.5s, C:maj 1.5s, C:maj 0.5s, D:min 2.0s, D:min 0.5s, F:maj 1.5s, D:min 1.0s, C:maj 1.0s, C:maj 1.0s, C:maj 1.0s, C:maj 1.5s, C:maj 1.0s, F:maj 1.5s, C:maj 2.0s, C:maj 2.0s, C:maj 0.5s, D:min 1.5s, D:min 1.0s, F:maj 1.0s, F:maj 1.5s, C:maj 0.5s, C:maj 2.0s, C:maj 0.5s, C:maj 1.0s, D:min 0.5s, D:min 1.2s, D:min 0.5s, D:min 0.2s, D:min 0.2s, D:min 1.8s, D:min 2.0s, C:maj 2.5s, C:maj 1.5s, D:min 2.0s, D:min 1.0s, C:maj 1.0s, C:maj 0.5s, C:maj 1.5s, C:maj 2.0s, C:maj 1.5s, D:min 0.5s, D:min 2.0s, F:maj 1.5s, D:min 1.0s, C:maj 0.5s"
2397,C:major,"D:min 2.0s, F:maj 2.0s, C:maj 2.0s, Bb:maj 2.0s, D:min 2.0s, F:maj 2.0s, C:maj 2.0s, Bb:maj 2.0s, D:min 2.0s, F:maj 2.0s, C:maj 2.0s, Bb:maj 2.0s, D:min 2.0s, F:maj 2.0s, C:maj 2.0s, Bb:maj 2.0s, D:min 2.0s, F:maj 2.0s, C:maj 2.0s, Bb:maj 2.0s, D:min 2.0s, F:maj 2.0s, C:maj 2.0s, Bb:maj 2.0s, D:min 2.0s, F:maj 2.0s, C:maj 2.0s, Bb:maj 2.0s, D:min 2.0s, F:maj 2.0s"
4248,F:major,"D:min7 0.5s, G:7 1.5s, G:min7 0.5s, Db:aug 0.5s, C:7 1.0s, F:maj 1.0s, C:7 1.0s, F:maj7 1.5s, Ab:dim 0.5s, G:min7 2.0s, Eb:(3,5,b7,9,11) 1.0s, D:7 0.5s, C:7 0.5s, F:maj 1.0s, Eb:(3,5,b7,9,11) 1.0s, Db:(3,5,b7,9,11) 1.0s, C:9 1.0s, D:min7 1.0s, G:7 1.0s, G:min7 0.5s, Db:aug 0.5s, C:7 1.0s, F:maj 1.0s, C:7 1.0s, F:maj7 1.5s, Ab:dim 0.5s, G:min7 2.0s, Eb:(3,5,b7,9,11) 1.0s, D:7 0.5s, C:7 0.5s, F:maj 1.0s, Eb:9 0.5s, E:9 0.5s, F:maj6 2.0s, G:min7 1.0s, C:7 1.0s, Eb:maj6 0.7s, E:maj6 0.3s, F:maj6 1.0s, G:min7 1.0s, C:7 1.0s, Eb:maj6 0.7s, E:maj6 0.3s, F:maj6 1.0s, A:min7 1.0s, D:7 1.0s, F:maj6 0.7s, F#:maj6 0.3s, G:maj6 1.0s, A:min7 1.0s, D:7 1.0s, G:min7 1.0s, C:7 1.0s, D:min7 1.0s, G:7 1.0s, G:min7 0.5s, Db:aug 0.5s, C:7 1.0s, F:maj 1.0s, C:7 1.0s, F:maj7 1.5s, Ab:dim 0.5s, G:min7 2.0s, Eb:(3,5,b7,9,11) 1.0s, D:7 0.5s, C:7 0.5s"
2664,Ab:major,"F:min 2.0s, D:min7(b5) 2.0s, G:min7 2.0s, C:7 2.0s, Bb:min6 2.0s, F:min 2.0s, Eb:min7 2.0s, Ab:7 2.0s, Db:maj7 4.0s, Gb:9 4.0s, Ab:maj 2.0s, Ab:dim7 2.0s, G:min7 2.0s, C:7 2.0s, F:min 2.0s, D:min7(b5) 2.0s, G:min7 2.0s, C:7 2.0s, Bb:min6 2.0s, F:min 2.0s, Eb:min7 2.0s, Ab:7 2.0s, Db:maj7 4.0s, Gb:9 4.0s, Ab:maj 2.0s, Bb:min7 1.0s, Eb:7 1.0s"
4193,C:major,"G:maj 2.0s, C:maj 2.0s, D:7 2.0s, G:maj 4.0s, C:maj 2.0s, D:7 2.0s, G:maj 4.0s, C:maj 2.0s, D:7 2.0s, G:maj 4.0s, C:maj 2.0s, D:7 2.0s, G:maj 2.0s, C:maj 2.0s, F:maj 2.0s, G:7 2.0s, C:maj 4.0s, F:maj 2.0s, G:7 2.0s, C:maj 4.0s, F:maj 2.0s, G:7 2.0s, C:maj 4.0s, F:maj 2.0s"
3618,F:major,"F:maj 2.0s, D:min7 2.0s, Bb:maj 4.0s, A:min7 2.0s, D:maj 1.0s, D:7 1.0s, G:min7 3.5s, C:7 0.5s, Bb:7 4.0s, G:min7 4.0s, F:maj 4.0s, F:maj 2.0s, D:min7 2.0s, Bb:maj 4.0s, A:min7 2.0s, D:maj 1.0s, D:7 1.0s, G:min7 3.5s, C:7 0.5s, Bb:7 2.0s, F:maj 2.0s, Bb:maj 2.0s, C:7 1.5s, F:maj 5.0s, C:maj 1.5s, C:maj 2.0s"
1798,Ab:major,"F:7(#9) 2.0s, Bb:7(#9) 1.0s, Eb:9 1.0s, Bb:7(#9) 1.0s, Eb:9 1.0s, Bb:7(#9) 1.0s, Eb:9 1.0s, Bb:7(#9) 1.0s, Eb:9 1.0s, Gb:7 1.0s, Gb:9 1.0s, Gb:(3,5,b7,9,11,13) 2.0s, Bb:7(#9) 1.0s, Eb:9 1.0s, Bb:7(#9) 2.0s, Eb:(3,5,b7,9,11,13) 1.0s, E:(3,5,b7,9,11,13) 1.0s, Eb:9 2.0s, Eb:(3,5,b7,9,11,13) 1.0s, E:(3,5,b7,9,11,13) 1.0s, F:(3,5,b7,9,11,13) 2.0s, C:(3,5,b7,9,b9,11,13) 0.5s, Db:(3,5,b5,b7,9,11,13) 1.5s, F:(3,5,b7,9,11) 2.0s, Bb:7(#9) 1.0s, Eb:9 1.0s, Bb:7(#9) 1.0s, Eb:9 1.0s, Bb:7(#9) 1.0s, Eb:9 1.0s, Bb:7(#9) 1.0s, Eb:9 1.0s, Gb:7 1.0s, Gb:9 1.0s, Gb:(3,5,b7,9,11,13) 2.0s, Bb:7(#9) 1.0s, Eb:9 1.0s, Bb:7(#9) 2.0s, Eb:(3,5,b7,9,11,13) 1.0s, E:(3,5,b7,9,11,13) 1.0s, Eb:9 2.0s, Eb:(3,5,b7,9,11,13) 1.0s, E:(3,5,b7,9,11,13) 1.0s, F:(3,5,b7,9,11,13) 2.0s, C:(3,5,b7,9,b9,11,13) 0.5s, Db:(3,5,b5,b7,9,11,13) 1.5s, F:(3,5,b7,9,11) 1.5s, Ab:maj 0.5s"
2704,F:major,"F:(*3,*5) 2.0s, Bb:(*3,*5) 2.0s, F:(*3,*5) 2.0s, C:(*3,*5) 2.0s, F:(*3,*5) 2.0s, Bb:(*3,*5) 2.0s, F:(*3,*5) 2.0s, C:(*3,*5) 2.0s, F:(*3,*5) 2.0s, Bb:(*3,*5) 2.0s, F:(*3,*5) 2.0s, C:(*3,*5) 2.0s, F:(*3,*5) 2.0s, Bb:(*3,*5) 2.0s, F:(*3,*5) 2.0s, C:(*3,*5) 2.0s, F:(*3,*5) 2.0s, Bb:maj 2.0s, F:(*3,*5) 2.0s, C:(*3,*5) 2.0s, F:(*3,*5) 2.0s, Bb:maj 2.0s, F:(*3,*5) 2.0s, C:(*3,*5) 2.0s, F:(*3,*5) 2.0s, Bb:(*3,*5) 2.0s, F:(*3,*5) 2.0s, C:(*3,*5) 2.0s, F:(*3,*5) 2.0s, Bb:(*3,*5) 2.0s"
4784,C:major,"F:maj 8.0s, Bb:maj 8.0s, G:min 2.0s, C:7 2.0s, F:maj 8.0s, Bb:maj 8.0s, G:min 2.0s, C:7 2.0s, F:maj 4.0s, F:maj 1.0s, Bb:maj 1.0s, C:7 1.0s, F:maj 2.0s, Bb:maj 1.0s, C:maj 1.0s, F:maj 2.0s, Bb:maj 1.0s, C:7 1.0s, F:maj 1.0s, G:min 4.0s"
709,Eb:major,"Eb:maj9 2.0s, Ab:(3,5,b7,9,11,13) 2.0s, Eb:maj9 2.0s, C:7(b9) 2.0s, F:min9 2.0s, Db:(3,5,b7,9,#11,11,13) 2.0s, F:min9 2.0s, Ab:maj/9 1.0s, Bb:7(b9) 1.0s, Eb:maj9 2.0s, B:9(b5) 2.0s, Eb:maj9 2.0s, B:9(b5) 2.0s, Eb:maj9 2.0s, Ab:(3,5,b7,9,11,13) 2.0s, Eb:maj9 2.0s, C:7(b9) 2.0s, F:min9 2.0s, Db:(3,5,b7,9,#11,11,13) 2.0s, F:min9 2.0s, Ab:maj/9 1.0s, Bb:7(b9) 1.0s, Eb:maj9 2.0s, B:9(b5) 2.0s, Eb:maj9 2.0s, B:9(b5) 2.0s, Eb:maj9 2.0s, B:9(b5) 2.0s, Eb:maj9 2.0s, Eb:maj6 2.0s, D:min7(b5) 2.0s, G:7(#5,#9) 2.0s"
4627,C:major,"C:maj 0.5s, E:min 0.5s, F:maj 1.0s, C:maj 0.5s, E:min 0.5s, F:maj 1.0s, G:maj 1.0s, E:min 0.5s, F:maj 0.5s, C:maj 0.2s, F:maj 0.2s, C:maj 0.3s, F:maj 0.2s, C:maj 0.2s, F:maj 0.4s, C:maj 0.3s, G:maj 1.0s, B:min 0.5s, F:maj 0.5s, C:maj 0.2s, F:maj 0.2s, C:maj 0.2s, F:maj 0.2s, C:maj 0.2s, F:maj 0.2s, C:maj 0.5s, G:maj 1.0s, B:7 1.0s, E:min 0.5s, G:7/5 0.5s, C:maj 1.0s, G:maj 1.0s, A:min 0.5s, F:maj 0.5s, G:maj 1.5s, A:min7 0.2s, G:7/3 0.2s, C:maj 0.4s, G:maj/3 0.6s, F:maj 1.0s, C:maj 0.5s, G:maj 0.5s, F:maj 0.5s, C:maj 0.5s, G:maj 1.0s, A:min 0.5s, C:maj/3 0.5s, F:maj 1.0s, D:maj/3 0.8s, G:7/3 0.2s, F:maj 0.6s, F:maj/9 0.4s, C:maj 0.5s, E:min 0.5s, F:maj 1.0s, C:maj 0.5s, G:maj 0.5s, A:min 0.5s, E:min 0.5s, F:maj 0.5s, F:maj/9 0.5s, C:maj 0.5s, G:maj 0.5s, A:min 0.5s, E:min 0.5s, F:maj 0.5s, F:maj/9 0.5s, C:maj 1.0s"
4072,G:major,"G:7 3.5s, C:maj 2.0s, C:min 2.0s, G:maj 2.0s, A:7 1.0s, D:7 1.0s, G:maj 4.0s, G:7 4.0s, C:maj 2.0s, C:min 2.0s, G:maj 2.0s, A:7 2.0s, D:7 6.0s, G:maj 3.5s, D:7 0.5s, A:min 2.0s, A:7 2.0s, D:7 2.0s, A:min 1.0s, C:min 1.0s, G:maj 4.0s, G:maj 3.5s, D:7 0.5s, A:min 2.0s, A:7 2.0s, D:7 2.0s, A:7 0.5s"
4811,G:major,"G:maj 1.5s, E:min7 1.5s, C:maj6 1.5s, D:7 1.5s, G:maj 1.5s, E:min7 1.5s, A:7 1.5s, D:7 1.5s, G:maj 1.5s, G:7 1.5s, A:min 1.5s, D:7 1.5s, G:maj 3.0s, A:min 1.0s, D:7 0.5s, G:maj 4.5s, D:7 3.0s, G:maj 1.5s, E:min7 1.5s, A:7 1.0s, D:7 0.5s, G:maj 1.0s, D:7 2.0s, G:maj 1.5s, E:min7 1.5s, C:maj6 1.5s, D:7 1.5s, G:maj 1.5s, E:min7 1.5s, A:7 1.5s, D:7 1.5s, G:maj 1.5s, G:7 1.5s, A:min 1.5s, D:7 1.5s, G:maj 3.0s, A:min 1.0s, D:7 0.5s"
4206,Eb:major,"Eb:maj 3.0s, Bb:7 6.0s, Eb:maj 6.0s, Bb:7 6.0s, Eb:maj 6.0s, Bb:7 6.0s, C:7 3.0s, F:min 1.5s, Ab:min6 1.5s, G:min 0.5s, Eb:dim 0.5s, Db:maj 0.5s, C:7 1.5s, F:min 1.5s, G:min 1.2s, Bb:7 0.2s, Eb:maj 1.5s, D:maj 0.5s, C:min 0.5s, Bb:aug 0.5s, Eb:maj 3.0s"
3062,Eb:major,"Eb:maj 2.0s, Ab:9 2.0s, Eb:maj 1.5s, Bb:9 0.5s, Eb:9 1.5s, Eb:7 0.5s, Ab:9 4.0s, Eb:maj 4.0s, Bb:9 2.0s, Ab:9 2.0s, Eb:maj 1.0s, Ab:9 0.5s, Bb:9 0.5s, Eb:maj 8.0s, Eb:7 2.0s, Ab:9 4.0s, Eb:maj 4.0s, Bb:9 2.0s, Ab:9 2.0s, Eb:maj 3.5s, Bb:maj 0.5s, Eb:9 4.0s"
5290,G:major,"G:maj 1.0s, C:maj 1.0s, G:maj 0.5s, C:maj 0.5s, G:maj 1.0s, D:7 2.0s, A:min7 0.5s, F#:dim 0.5s, G:maj 0.5s, D:7 0.5s, G:maj 1.0s, C:maj 1.0s, G:maj 0.5s, G:7 0.5s, C:maj 0.5s, C:min 0.5s, G:maj 1.0s, D:7 1.0s, G:maj 1.0s, D:7 1.0s, G:maj 1.0s, C:maj 1.0s, G:maj 0.5s, C:maj 0.5s, G:maj 1.0s, D:7 2.0s, A:min 0.5s, F#:dim 0.5s, G:maj 0.5s, D:7 0.5s, G:maj 1.0s, C:maj 1.0s, G:maj 0.5s, G:7 0.5s, C:maj 0.5s, C:min 0.5s, G:maj 1.0s, D:7 1.0s, G:maj 2.0s, D:7 2.0s, G:maj 0.5s, B:7 0.5s, E:min 1.0s, A:7 0.5s, A:9 0.5s, A:7 1.0s, D:7 2.0s, G:maj 1.0s, C:maj 1.0s, G:maj 0.5s, C:maj 0.5s, G:maj 1.0s, D:7 2.0s, A:min7 0.5s, F#:dim 0.5s, G:maj 0.5s, D:7 0.5s, G:maj 1.0s, C:maj 1.0s, G:maj 0.5s, G:7 0.5s, C:maj 0.5s, C:min 0.5s, G:maj 1.0s, D:7 1.0s, G:maj 0.5s, C#:dim 0.5s, A:min7 0.5s, D:7 0.5s, G:maj 1.0s, C:maj 1.0s, G:maj 0.5s, C:maj 0.5s, G:maj 1.0s"
4935,C:major,"C:maj7 4.0s, D:min7 2.0s, G:7 4.0s, C:maj 2.0s, D:min7 1.0s, G:7 1.0s, C:maj 2.0s, D:min7 1.0s, G:7 1.0s, E:min 2.0s, D:min7 1.0s, G:7 1.0s, C:maj 2.0s, G:7 2.0s, C:maj 2.0s, D:min7 1.0s, G:7 1.0s, C:maj 2.0s, D:min7 1.0s, G:7 1.0s, E:min 2.0s, D:min7 1.0s, G:7 1.0s, C:maj 2.0s, G:7 2.0s, F:maj 4.0s, D:min7 1.0s, G:7 1.0s, C:maj7 2.0s, A:min7 1.0s, D:7 1.0s, G:maj7 2.0s, A:min7 1.0s, D:7 1.0s, G:7 2.0s, G:7 2.0s"
5109,C:major,"F:dim 2.0s, C:maj 1.0s, D:min7 1.0s, F:dim 1.0s, C:maj7 2.0s, D:min7 1.0s, F:dim 1.0s, C:maj7 1.0s, A:min7 1.0s, D:min7 1.0s, F:min7 1.0s, C:maj7 1.0s, C:maj 1.0s, D:min7 1.0s, F:dim 1.0s, C:maj7 1.0s, F:maj 2.0s, C:maj 1.0s, D:min7 1.0s, F:dim 1.0s, C:maj7 1.0s, C:maj 1.0s, D:min7 1.0s, F:dim 1.0s, C:maj7 1.0s, A:min7 1.0s, D:min7 1.0s, F:min7 1.0s, C:maj7 1.0s, C:maj 1.0s, D:min7 1.0s, F:dim 1.0s, C:maj7 1.0s, F:maj 2.0s, C:maj 1.0s, D:min7 1.0s, F:dim 1.0s, C:maj7 1.0s, C:maj 1.0s, D:min7 1.0s, F:dim 1.0s, C:maj7 1.0s, A:min7 1.0s, D:min7 1.0s, F:min7 1.0s, C:maj7 1.0s, C:maj 1.0s, D:min7 1.0s, F:dim 1.0s, C:maj7 1.0s"
1925,C:major,"C:maj6 2.0s, F:9 2.0s, D:9 4.0s, D:min9 2.0s, G:9 1.5s, C:maj6 2.5s, F:9 2.0s, C:maj6 2.0s, F:9 2.0s, D:9 4.0s, D:min9 2.0s, G:9 1.5s, C:maj6 4.5s, G:min7 2.0s, C:7 2.0s, F:maj6 4.0s, A:min7 2.0s, D:7 2.0s, G:7 2.0s, G:7(#5) 2.0s, C:maj6 2.0s, F:9 2.0s, D:9 4.0s, D:min9 2.0s, G:9 2.0s"
1067,Bb:major,"G:min 1.5s, Eb:min 0.5s, G:min 1.5s, Eb:min 0.5s, G:min 1.5s, Eb:min 0.5s, G:min 1.5s, Eb:min 0.5s, G:min 1.5s, Eb:min 0.5s, G:min 0.5s, Eb:min 0.5s, G:min 2.5s, Eb:min 1.5s, G:min 3.0s, Db:min 2.0s, Eb:min 2.0s, G:min 0.5s, Eb:maj 0.5s, G:min 1.0s, Eb:maj 1.0s, A:min 1.0s, Db:min 2.0s, Eb:min 2.0s, G:min 0.5s, Eb:min 0.5s, G:min 1.0s"
6532,C:major,"C:min 1.5s, Eb:maj 1.5s, C:min 3.0s, Eb:maj 1.5s, C:min7 1.5s, G:7 3.0s, C:min 1.5s, Eb:maj 1.5s, C:min 3.0s, G:maj 1.5s, D:maj 0.5s, G:maj 0.5s, D:7 0.5s, G:maj 3.0s, Eb:maj 3.0s, G:min7 3.0s, Eb:maj 3.0s, G:7 1.5s, G:(3,#5,b7) 1.5s, C:maj 0.8s, C:maj 0.8s, B:maj 1.0s, B:7 0.5s, D:min 1.0s, A:maj 0.5s, D:min 1.0s, A:7 0.5s, D:min7 1.5s, G:7 1.5s, C:maj7 1.0s, B:maj 0.5s, C:maj 1.0s, G:7 0.5s, C:maj 1.5s, E:7 2.5s, A:min 2.0s, B:min 1.0s, D:7 2.0s, D:min7 1.0s, G:7 0.5s, D:min7 1.0s, G:7 0.5s"
2146,C:major,"C:maj 1.0s, C:7 1.0s, F:maj 2.0s, C:maj 2.0s, E:min7 2.0s, D:min7 2.0s, G:7 2.0s, C:maj 3.0s, G:7 1.0s, C:maj 1.0s, C:7 1.0s, F:maj 2.0s, C:maj 2.0s, E:min7 2.0s, D:min7 2.0s, G:7 2.0s, C:maj 2.0s, E:7 2.0s, A:min7 1.0s, E:7 1.0s, A:min 1.5s, E:7 0.5s, A:min7 1.0s, E:7 1.0s, A:min 0.8s, E:7 1.2s, A:min 1.0s, E:7 1.0s, G:maj 1.0s, D:7 1.0s, G:7 2.0s, G:7 2.0s, C:maj 4.2s, D:min7 1.8s, F:maj 2.0s, D:min7 2.0s, G:7 2.0s"
4917,C:major,"C:maj 4.0s, D:min7 2.0s, G:7 2.0s, C:maj 1.0s, A:min7 1.0s, D:min7 1.0s, G:7 1.0s, C:maj 2.0s, D:min7 1.0s, G:7 1.0s, C:maj 4.0s, G:hdim7 1.0s, G:min7 1.0s, C:7 2.0s, G:hdim7 0.5s, G:min7 0.5s, C:7 1.0s, F:maj 2.0s, D:hdim7 1.0s, D:min7 5.8s, G:7 1.2s, C:maj 4.0s, D:min7 2.0s, G:7 2.0s, C:maj 1.0s, A:min7 1.0s, D:min7 1.0s, G:7 1.0s, C:maj 4.0s"
2472,F:major,"F:maj 6.0s, C:7 8.0s, F:maj 6.0s, F:7 2.0s, Bb:maj 2.0s, C:7 6.0s, F:maj 8.0s, C:7 8.0s, F:maj 6.0s, F:7 2.0s, Bb:maj 2.0s, C:7 4.0s"
4086,G:major,"G:maj 2.0s, C:maj 2.0s, D:maj 4.0s, G:maj 2.0s, C:maj 2.5s, D:maj 3.5s, G:maj 2.0s, C:maj 2.0s, F:maj 2.0s, E:min 2.0s, A:min 4.0s, D:maj 8.0s, G:maj 2.0s, C:maj 2.0s, D:maj 4.0s, G:maj 2.0s, C:maj 2.0s, D:maj 4.5s, G:maj 1.5s, C:maj 2.0s, F:maj 2.0s, E:min 2.0s"
2275,C:major,"C:maj 1.0s, C#:dim 1.0s, D:min7 2.0s, Eb:dim 2.0s, C:maj 1.0s, G:aug 1.0s, C:maj 2.0s, E:7 2.0s, F:maj 2.0s, E:min7 1.0s, A:7 1.0s, D:min7 2.0s, G:7 2.0s, C:maj 1.0s, G:min6 1.0s, A:7 2.0s, D:7 2.0s, A:hdim7 1.0s, D:7 1.0s, D:min7 2.0s, G:7 1.0s, G:aug 1.0s, C:maj 1.0s, C#:dim 1.0s, D:min7 2.0s, Eb:dim 2.0s, C:maj 1.0s, G:aug 1.0s, C:maj 2.0s, E:7 2.0s, F:maj 2.0s, E:min7 1.0s, A:7 1.0s, F:maj 2.0s, F#:dim 2.0s, C:maj 1.0s, E:min 1.0s, A:7 2.0s, D:min 2.0s, G:7 2.0s"
6519,Eb:major,"Eb:maj 2.0s, Ab:maj/5 2.0s, Eb:maj7 2.0s, F:min7 1.0s, Bb:7 1.0s, Eb:maj 1.0s, E:dim7 1.0s, F:min7 1.0s, Bb:7(b9) 1.0s, Eb:maj 1.0s, C:min7 1.0s, F:min7 1.0s, Bb:7 1.0s, Eb:maj 2.0s, Ab:maj/5 2.0s, Eb:maj7 2.0s, D:min7 1.0s, G:7 1.0s, C:min 2.0s, Ab:7 1.0s, F:9 1.0s, F:min7/4 2.0s, Eb:maj/5 2.0s, F:min7/4 2.0s, Eb:maj/5 1.5s, C:dim7/b7 2.5s, Bb:7 2.0s"
3008,F:minor,"Bb:min7 2.0s, Eb:sus4 2.0s, F:min 1.0s, C:min7 1.0s, Db:(2,5) 2.0s, Bb:min7 2.0s, Eb:sus4 2.0s, F:min 1.0s, C:min7 1.0s, Db:(2,5) 2.0s, Bb:min7 2.0s, Eb:sus4 2.0s, F:min 1.0s, C:min7 1.0s, Db:(2,5) 2.0s, Bb:min7 2.0s, Eb:sus4 2.0s, F:min 1.0s, C:min7 1.0s, Db:(2,5) 2.0s, Bb:min7 2.0s, Eb:sus4 2.0s, F:min 1.0s, C:min7 1.0s, Db:(2,5) 2.0s, Bb:min7 2.0s, Eb:sus4 2.0s, F:min 1.0s, C:min7 1.0s, Db:(2,5) 2.0s, Bb:min7 2.0s, Eb:sus4 2.0s, F:min 1.0s, C:min7 1.0s, Db:(2,5) 2.0s, Bb:min7 2.0s, Eb:sus4 2.0s"
5948,Bb:major,"Bb:maj 1.0s, F:7 1.0s, Bb:7 1.5s, Bb:(3,#5,b7) 0.5s, Eb:maj/3 2.0s, Eb:maj 1.0s, C:min7 0.5s, C#:dim7 0.5s, Bb:maj/3 1.5s, F:7 0.5s, Bb:maj 1.0s, G:min 1.0s, C:7 2.0s, C:min/4 1.0s, F:7 1.0s, Bb:maj 1.0s, F:7 1.0s, Bb:7 1.5s, Bb:(3,#5,b7) 0.5s, Eb:maj/3 2.0s, Eb:maj 1.5s, C#:dim7 0.5s, Bb:maj/3 1.5s, F:7 0.5s, Bb:maj 1.0s, G:min 1.0s, C:9 0.5s, C:7 1.0s, F:7 0.5s, Bb:maj 0.0s, C:min/4 1.0s, Bb:maj 1.0s, Bb:9 4.0s, Eb:maj6 1.0s, Eb:maj6/5 1.0s, Eb:maj 1.5s, Eb:maj/5 0.5s, G:min7 2.0s, C:7 2.0s, F:maj 1.0s, Eb:maj/9 1.0s, D:min/b3 1.0s, F:9 0.5s, F:7(#5,b9) 0.5s, Bb:maj 1.0s, F:7 1.0s, Bb:7 1.5s, B:(3,#5,b7) 0.5s, Eb:maj/3 2.0s, Eb:maj 1.0s, C:min7 0.5s, C#:dim7 0.5s, Bb:maj/3 1.5s, F:7 0.5s, Bb:maj 1.0s, G:min7 1.0s"
3601,C:major,"A:min 0.5s, E:maj 0.2s, F:maj 0.2s, D:min 0.2s, E:maj 0.2s, A:min 1.5s, G:maj 1.0s, C:maj 1.0s, D:min 0.5s, C:maj/3 0.5s, E:maj 0.2s, E:aug 0.2s, F:maj 1.0s, D:min 0.5s, E:maj 1.0s, A:min 1.0s, A:min 0.5s, E:maj 0.2s, F:maj 0.2s, D:min 0.2s, E:maj 0.2s, A:min 1.5s, G:maj 1.0s, C:maj 1.0s, D:min 0.5s, C:maj/3 0.5s, E:maj 0.2s, E:aug 0.2s, F:maj 1.0s, D:min 0.5s, E:maj 1.0s, A:min 1.0s, F:maj 1.0s, C:maj 1.0s, F:maj 1.0s, C:maj 1.0s, Bb:maj 1.0s, F:maj 1.0s, E:maj 2.0s, A:min 0.5s, E:maj 0.2s, F:maj 0.2s, D:min 0.2s, E:maj 0.2s, A:min 1.5s, G:maj 1.0s, C:maj 1.0s, D:min 0.5s, C:maj/3 0.5s, E:maj 0.2s, E:aug 0.2s, F:maj 1.0s, D:min 0.5s, E:maj 1.0s, A:min 1.5s"
2512,G:major,"E:min7 0.5s, A:7 1.5s, A:min7 1.0s, D:7 1.0s, G:maj 1.0s, G:maj6 1.0s, G:maj7 1.5s, Bb:dim7 0.5s, A:min7 2.0s, C:maj7 1.5s, D:7 0.5s, G:maj 1.0s, F#:7 1.0s, F:7 1.0s, E:7 1.0s, E:min7 1.0s, A:7 1.0s, A:min7 1.0s, D:7 1.0s, G:maj 1.0s, G:maj6 1.0s, G:maj7 1.5s, Bb:dim7 0.5s, A:min7 2.0s, C:maj7 1.5s, D:7 0.5s, G:maj 1.0s, C:7 1.0s, G:maj6 1.0s, E:min7 1.0s, A:min7 1.0s, D:7 1.0s, B:min7 1.0s, E:min7 1.0s, A:min7 1.0s, D:7 1.0s, G:maj 2.0s, B:min7 1.0s, E:7 1.0s, A:maj 1.0s, F#:min7 1.0s, B:min7 1.0s, E:7 1.0s, A:min7 0.3s, A:min7/b7 0.7s, B:7 1.0s, E:min7 1.0s, A:7 1.0s, A:min7 1.0s, D:7 1.0s, G:maj 0.5s, G:maj6 1.5s, G:maj7 1.5s, Bb:dim7 0.5s, A:min7 2.0s, C:maj7 1.5s, D:7 0.5s"
1195,F:major,"C:7 3.0s, F:maj 3.0s, G:min 2.0s, C:7 1.0s, F:maj 3.0s, C:7 3.0s, D:min 3.0s, A:maj 2.0s, D:7 1.0s, A:maj 1.5s, C:7 4.5s, F:maj 3.0s, G:min 2.0s, C:7 1.0s, F:maj 3.0s, C:7 3.0s, D:min 2.0s, G:7 1.0s, G:min 1.5s, C:7 1.5s, F:maj 3.0s"
2968,Eb:major,"Eb:maj 1.0s, Eb:(*3,*5) 2.0s, Eb:maj6 1.0s, F:min7 2.0s, Bb:7 2.0s, Ab:maj6 1.0s, A:dim7 1.0s, G:min7 1.0s, C:7 1.0s, F:min7 1.0s, G:min7 1.0s, F:min7 1.0s, Bb:7 1.0s, Eb:maj 1.0s, Eb:maj7 2.0s, Eb:maj6 1.0s, F:min7 2.0s, Bb:7 2.0s, Ab:maj6 1.0s, D:7 1.0s, G:min7 1.0s, C:(3,#5,b7) 1.0s, F:min7 1.0s, Bb:7 1.0s, G:aug 1.0s, C:(3,#5,b7) 1.0s, F:9 1.0s, Ab:min 1.0s, Eb:maj 1.0s, G:min7 0.8s, C:7 0.2s, F:min7 1.2s, F:min7/4 0.8s, Eb:maj 2.0s, Eb:maj 1.0s, Eb:(*3,*5) 2.0s, Eb:maj6 1.0s, F:min7 2.0s, Bb:7 2.0s, Ab:maj6 1.0s, A:dim7 1.0s, G:min7 1.0s, C:7 1.0s, F:min7 1.0s, G:min7 1.0s, F:min7 1.0s, Bb:7 1.0s, Eb:maj 1.0s, Eb:maj7 2.0s, Eb:maj6 1.0s"
1802,G:major,"C:maj 2.0s, G:maj 2.0s, D:maj 4.0s, C:maj 2.0s, G:maj 2.0s, D:maj 4.0s, C:maj 2.0s, G:maj 2.0s, D:maj 4.0s, C:maj 2.0s, G:maj 2.0s, D:maj 4.0s, C:maj 2.0s, G:maj 2.0s, D:maj 4.0s, C:maj 2.0s, G:maj 2.0s, D:maj 4.0s"
6433,F:major,"F:maj 1.0s, C:maj 1.0s, Bb:maj 1.0s, F:maj 1.0s, C:7 2.0s, F:maj 1.5s, F:7 0.5s, Bb:maj 2.0s, F:maj 2.0s, G:7 2.0s, C:7 2.0s, C:maj 1.0s, D:7 1.0s, G:min 2.0s, F:maj 1.2s, D:maj 0.8s, G:min 1.0s, C:7 1.0s, F:maj 1.0s, C:maj 1.0s, Bb:maj 1.0s, F:maj 1.0s, C:7 2.0s, F:maj 2.0s"
2290,F:major,"F:maj 2.0s, F:maj 2.0s, C:7 6.0s, C:7 2.0s, F:maj 6.5s, F:maj 1.5s, C:7 6.0s, C:7 2.0s, F:maj 2.0s, G:min7 1.2s, F:maj 0.8s, Bb:maj 2.0s, F:maj 2.0s, C:7 2.0s, F:maj 1.0s, F:7 1.0s, Bb:maj 2.0s, F:maj 2.0s, G:maj 1.0s, G:7 1.0s, C:7 2.0s, F:maj 4.0s, C:7 4.0s, F:maj 2.5s, C:7 1.5s"
3428,F:major,"F:maj 4.0s, Eb:maj 2.0s, F:maj 6.0s, Eb:7 4.0s, C:maj 2.0s, G:7 2.0s, C:maj 2.0s, F:7 1.0s, C:maj 3.0s, G:7 4.0s, C:7 3.0s, C:7 1.0s, F:maj 2.0s, Bb:maj 2.0s, F:maj 2.0s, Bb:maj 1.0s, F:maj 3.0s, Bb:maj 1.0s, F:maj 1.0s, G:7 2.0s, C:7 2.0s, F:maj 2.0s, F:7 2.0s, Bb:maj 3.0s, C:7 1.0s, F:maj 2.0s"
5959,C:major,"A:min 2.0s, C:maj 2.0s, G:maj 2.0s, F:maj 2.0s, A:min 2.0s, C:maj 2.0s, G:maj 2.0s, F:maj 2.0s, A:min 2.0s, C:maj 2.0s, G:maj 2.0s, F:maj 2.0s, A:min 2.0s, C:maj 2.0s, G:maj 2.0s, F:maj 2.0s, A:min 2.0s, C:maj 2.0s, G:maj 2.0s, F:maj 2.0s, A:min 2.0s, C:maj 2.0s, G:maj 2.0s, F:maj 2.0s, A:min 2.0s, C:maj 2.0s, G:maj 2.0s, F:maj 2.0s, A:min 2.0s, C:maj 2.0s"
4975,G:major,"A:min7 2.0s, D:7 1.5s, D:sus4(7) 0.5s, G:maj 1.0s, G:maj6 1.0s, G:maj 2.0s, Eb:maj7 2.0s, D:7 2.0s, G:maj7 2.0s, G:maj6 2.0s, Eb:maj7 2.0s, D:7 2.0s, G:maj7 2.0s, G:maj6 2.0s, E:min6 2.0s, Eb:maj6 2.0s, B:min7 2.0s, Bb:dim7 2.0s, A:min7 2.0s, D:7 2.0s, G:maj 1.0s, G:maj6 1.0s, G:maj 2.0s, Eb:maj7 2.0s, D:7 2.0s, G:maj7 2.0s, G:maj6 2.0s, Eb:maj7 2.0s, D:7 2.0s, G:maj7 2.0s, G:maj6 2.0s, E:min6 2.0s, Eb:maj6 2.0s"
557,D:major,"D:7 2.0s, G:7 2.0s, D:7 4.0s, G:7 4.0s, D:7 4.0s, A:7 2.0s, G:7 2.0s, D:7 1.0s, G:7 1.0s, D:7 2.0s"
6592,F:major,"F:maj 1.0s, F:maj 1.0s, A:maj 1.1s, Bb:(*3,*5) 0.9s, Eb:maj 1.0s, Ab:maj 1.0s, Gb:maj 1.0s, D:maj 1.0s, G:maj 1.0s, Eb:maj 1.0s, C:maj 1.0s, C:maj 1.0s, F:maj 0.3s, Bb:(*3,*5) 0.3s, C:maj 0.3s, A:maj 0.5s, F:(*3,*5) 0.5s, A:maj 1.0s, Bb:(*3,*5) 1.0s, Eb:maj 1.0s, Ab:maj 1.0s, Gb:maj 1.0s, D:maj 1.0s, G:maj 1.0s, Eb:maj 1.0s, C:maj 2.0s, F:maj 0.5s, Bb:(*3,*5) 0.2s, C:maj 0.2s, F:maj 1.0s, A:maj 1.0s, Bb:(*3,*5) 1.0s, Eb:maj 1.0s, Ab:maj 1.0s, Gb:maj 1.0s, D:maj 1.0s, G:maj 1.0s, Eb:maj 1.0s, C:maj 2.0s, F:maj 0.0s, Bb:(*3,*5) 0.5s, C:maj 0.5s, F:maj 0.2s, Bb:maj 0.3s, C:maj 0.5s, F:maj 1.0s"
1653,Bb:major,"F:maj 1.0s, D:min 1.0s, G:min 1.0s, G:min/b7 1.0s, G:min/6 3.0s, F:maj 1.0s, D:maj 1.0s, G:min 2.0s, C:min7 2.0s, F:maj 1.0s, F:sus4 0.5s, F:maj 1.5s, F:maj 0.5s, D:min 0.5s, G:min 0.5s, G:min/b7 0.5s, G:min/6 1.0s, F:maj 1.0s, D:maj 0.5s, G:min 0.5s, C:min7 4.0s, F:maj/3 1.0s, G:min 1.0s, C:min7 2.0s, F:maj/3 1.0s, G:min 1.0s, C:min7 2.0s, G:min 1.0s, G:min/b7 1.0s, G:min/6 1.0s, Eb:maj6 4.0s, F:maj 1.0s, F:sus4 0.5s, F:maj 0.5s, G:min 1.0s, G:min/b7 1.0s, G:min/6 5.0s, F:maj 1.0s, F:sus4 0.5s, F:maj 0.5s, G:min 1.0s, G:min/b7 1.0s, G:min/6 7.0s"
5203,F:major,"G:min9 2.0s, C:9 2.0s, G:min9 2.0s, C:9 2.0s, G:min9 2.0s, C:9 2.0s, F:maj6 2.0s, D:7 2.0s, Bb:min9 2.0s, Eb:9 2.0s, Bb:min9 2.0s, Eb:9 2.0s, G:9 2.0s, C:9 1.0s, C:7(b9) 1.0s, F:maj6 1.0s, D:7 1.0s, G:min7 1.5s, C:7 0.5s, F:maj 4.0s, F:min7 4.0s, Ab:min 4.0s, Eb:maj7 4.0s, E:7(b9) 1.5s, E:7 2.0s, C:(3,#5,b7) 0.5s, G:min9 2.0s, C:9 2.0s, G:min9 2.0s, C:9 2.0s"
5723,C:major,"C:maj 2.0s, F:maj 2.0s, C:maj 1.0s, G:maj 1.0s, C:maj 4.0s, F:maj 2.0s, G:maj 2.0s, C:maj 4.0s, C:maj 2.0s, F:maj 2.0s, C:maj 1.0s, G:maj 1.0s, C:maj 4.0s, F:maj 2.0s, G:maj 2.0s, C:maj 4.0s, C:maj 6.0s, F:maj 4.0s, C:maj 10.0s, D:7 4.0s"
4780,C:major,"G:maj 0.5s, F:maj/3 0.7s, G:7/3 0.2s, C:maj 2.0s, G:aug 2.0s, C:maj6 2.0s, C:maj 2.0s, D:7 2.0s, G:7 2.0s, C:maj 1.0s, C#:dim 1.0s, G:7 1.0s, D:min7/5 0.2s, E:7/5 0.8s, C:maj 2.0s, G:aug 2.0s, C:maj6 1.0s, E:7/5 1.0s, A:min 1.2s, C#:dim 0.8s, G:maj/5 2.0s, D:7 2.0s, G:(3,5,b7,9,11) 1.0s, G:9 1.0s, G:7 0.5s, G:maj 0.5s, G:maj7 0.5s, G:7 0.5s, C:7 2.0s, D#:dim 1.0s, C:7/3 1.0s, F:maj 3.0s, E:maj 0.5s, Eb:maj6 0.5s, D:7 0.8s, C:maj/3 1.2s, F:dim 0.8s, D:7/3 1.2s, G:7 3.0s, F:maj/3 0.5s, G:7/3 0.5s, C:maj 2.0s, G:aug 2.0s, C:maj6 1.0s, E:7/5 1.0s, A:7 0.5s, A:maj 0.5s, A:maj7 0.2s, A:7 0.8s, D:7 2.0s, G:7 0.5s"
2360,G:major,"C:maj 1.0s, G:maj 1.0s, D:maj/3 1.0s, E:min 1.0s, C:maj 1.0s, G:maj 1.0s, D:sus4 1.0s, D:maj 1.0s, C:maj 1.0s, G:maj 1.0s, D:maj/3 1.0s, E:min 1.0s, C:maj 1.0s, G:maj 1.0s, D:sus4 1.0s, D:maj 1.0s, C:maj 1.0s, E:min 1.0s, C:maj 0.5s, D:maj 0.5s, E:min 1.0s, C:maj 0.8s, D:maj 1.2s, C:maj/5 1.0s, G:maj 3.0s, C:maj 1.0s, G:maj 1.0s, D:maj 1.0s, E:min 1.0s, C:maj 1.0s, G:maj 1.0s, D:maj 0.8s, E:min 1.2s, C:maj 1.0s, G:maj 1.0s, D:maj 1.0s, E:min 2.0s, C:maj 1.0s, G:maj 1.0s, D:sus4 0.5s, D:maj 0.5s, G:maj 1.5s, C:maj/5 0.5s, G:maj 2.0s, C:maj 1.0s, G:maj 1.0s, D:maj/3 1.0s, E:min 1.0s, C:maj 0.8s, G:maj 1.2s, D:sus4 1.0s, D:maj 1.0s, C:maj 1.0s, E:min 1.0s, C:maj 0.5s, D:maj 0.5s, E:min 1.0s, C:maj 0.8s, D:maj 1.2s"
4707,C:major,"A:min 4.0s, E:maj 4.0s, A:min 4.0s, E:maj 2.0s, A:min 1.0s"
6309,C:major,"C:maj 4.5s, C:7 1.5s, F:maj 1.5s, A:7 1.5s, D:7 3.0s, G:7 6.0s, C:maj 3.0s, G:7 3.0s, C:maj 4.5s, C:7 1.5s, F:maj 1.5s, A:7 1.5s, D:7 3.0s, F:maj 3.0s, C:maj 1.5s, A:7 1.5s, D:7 1.5s, G:7 1.5s, C:maj 3.0s"
259,Eb:major,"Bb:7 4.0s, Eb:maj 4.0s, Bb:7 4.0s, Eb:maj 4.0s, Bb:7 4.0s, Eb:maj 4.0s, Bb:7 4.0s, Eb:maj 3.0s, C:maj 0.5s, Bb:7 0.5s, Eb:maj 4.0s, Eb:maj 4.0s, Bb:7 4.0s, F:min7 2.0s, Bb:7 2.0s, Eb:maj 3.0s, C:maj 0.5s, Bb:7 0.5s, Eb:maj 4.0s, Bb:7 4.0s"
2601,Eb:major,"G:min 1.5s, Gb:maj7 1.5s, F:min7 1.5s, Bb:7 1.5s, Eb:maj7 1.5s, Ab:7(#11) 1.5s, Eb:min9 1.5s, Ab:(3,5,b7,9,11,13) 1.5s, F:min9 1.5s, Db:7(#11) 1.5s, Eb:maj 1.5s, G:min7 0.5s, C:7 1.0s, F:min7(b5) 1.5s, Bb:(3,5,b7,9,11,13) 1.5s, F:min7(b5) 1.5s, Bb:(3,5,b7,9,11,13) 1.0s, B:dim 0.5s, C:min7 1.5s, F:(3,5,b7,9,11,13) 1.5s, F:min7 1.5s, Bb:7 1.5s, Eb:maj7 1.5s, Ab:7(#11) 1.5s, Eb:min9 1.5s, Ab:(3,5,b7,9,11,13) 1.5s, F:min7 1.5s, Db:7(#11) 1.5s, Eb:maj 1.5s, G:min 0.5s, C:7 1.0s, F:min7(b5) 1.5s, Bb:7 1.0s, B:dim 0.5s, C:min7 1.5s, F:(3,5,b7,9,11,13) 1.0s, F#:dim 0.5s, G:min7 0.8s, C:7 0.8s, F:min7 0.8s, Bb:7 0.8s, Eb:maj 1.5s, F:min7 1.0s, Bb:7 0.5s"
1134,Bb:major,"Bb:maj 2.0s, Eb:maj 2.0s, F:7 2.0s, Bb:maj 4.0s, Eb:maj 1.0s, C:min7 1.0s, F:7 2.0s, Bb:maj 2.0s, Eb:7 2.0s, Bb:maj6 1.0s, G:7 1.0s, C:min7 1.0s, F:7 1.0s, Bb:maj 2.0s, Eb:7 2.0s, Bb:maj6 1.0s, G:7 1.0s, C:7 2.0s, C:min7 1.0s, F:7 1.0s, Bb:maj 2.0s, Eb:maj 2.0s, F:7 2.0s, Bb:maj 4.0s, Eb:maj6 1.0s, C:hdim7 1.0s, F:7 2.0s, Bb:maj 2.0s"
2562,A:major,"A:maj 5.0s, A#:dim7 1.0s, E:7/5 1.5s, E:7 0.5s, A:maj 5.0s, A#:dim7 1.0s, E:7/5 1.5s, E:7 0.5s, C#:7 2.0s, F#:min7 2.0s, C#:7/5 1.0s, C#:7 1.0s, F#:min 1.0s, F#:min/b7 1.0s, D#:7 2.0s, G#:min 2.0s, E:7 0.5s, D:maj/3 0.5s, G:dim7 0.5s, E:7/3 0.5s, A:min6 0.5s, A#:dim 0.2s, E:7/5 5.2s, A:maj 5.0s, A#:dim7 1.0s, E:7/5 1.5s, E:7 0.5s, A:7 4.0s, D:maj 1.0s, D:maj/7 1.0s, D:maj/6 1.0s, D:maj/5 1.0s, F:7 4.0s, A:maj/5 2.0s, B:9 1.0s, F:7(b5) 1.0s"
2791,C:major,"G:maj 1.0s, C:maj 1.0s, G:maj 2.0s, C:maj 1.0s, D:7 1.0s, G:maj 2.0s, C:maj 1.0s, D:7 1.0s, B:7 1.0s, E:min 1.0s, G:maj 1.0s, D:7 1.0s, G:maj 2.0s, C:maj 1.0s, D:7 1.0s, G:maj 2.0s, C:maj 1.0s, D:7 1.0s, G:maj 2.0s, C:maj 1.0s, D:7 1.0s, C:maj 2.0s, G:maj 1.0s, D:7 1.0s, G:maj 2.0s, G:maj 1.0s, C:maj 1.0s, G:maj 2.0s, C:maj 1.0s, D:7 1.0s, G:maj 2.0s, C:maj 1.0s, D:7 1.0s, B:7 1.0s, E:min 1.0s, G:maj 1.0s, D:7 1.0s, G:maj 2.0s, C:maj 1.0s, D:7 1.0s, G:maj 2.0s, C:maj 1.0s, D:7 1.0s, G:maj 2.0s, C:maj 1.0s, D:7 1.0s, C:maj 2.0s"
6003,C:major,"C:maj 2.0s, G:7 4.0s, C:maj 4.0s, G:7 2.0s, D:min7 1.0s, G:7 1.0s, C:maj 4.0s, G:7 4.0s, C:maj 4.0s, A:min7 0.8s, D:maj 1.2s, D:min7 1.0s, G:7 1.0s, C:maj 2.0s, C:maj 2.0s, G:7 4.0s, C:maj 4.0s, G:7 2.0s, D:min7 1.0s, G:7 1.0s, C:maj 4.0s, G:7 4.0s, C:maj 4.0s, A:min7 0.8s, D:maj 1.2s"
1681,F:major,"F:maj 1.0s, F:aug 1.0s, Bb:maj 1.0s, D:7 1.0s, G:min 1.0s, Eb:maj 1.0s, C:7 2.0s, F:maj 1.0s, Ab:dim 1.0s, G:min7 2.0s, C:7 1.5s, C:aug 0.5s, F:maj 0.7s, G:min 0.7s, C:7 0.7s, F:maj 1.0s, F:aug 1.0s, Bb:maj 1.0s, D:7 1.0s, G:min 1.0s, Eb:maj 1.0s, C:7 2.0s, F:maj 1.0s, Ab:dim 1.0s, G:min7 2.0s, C:7 0.5s, C:7(b9) 1.5s, F:maj 2.0s, F:7 1.0s, C:min7 1.0s, F:7 2.0s, Bb:maj 1.0s, F:aug 1.0s, Bb:maj 0.7s, Bb:dim 0.7s, Bb:maj 0.7s, D:min 1.0s, A:aug 0.5s, D:min7 0.5s, G:7 2.0s, G:min7 1.0s, C:dim 1.0s, G:min7 1.0s, C:7 1.0s, F:maj 1.0s, F:aug 1.0s, Bb:maj 1.0s, D:7 1.0s, G:min 1.0s, Eb:maj 1.0s, C:7 2.0s, F:maj 1.0s, Ab:dim 1.0s, G:min7 2.0s"
4590,C:major,"G:7 2.0s, C:maj 1.0s, B:7 1.0s, C:maj6 2.0s, G:7 1.0s, G#:dim7 1.0s, G:7 2.0s, D:min7 1.0s, G:7 1.0s, D:min7 1.0s, G:7 1.0s, C:maj7 1.0s, C:min6 1.0s, G:7 2.0s, C:maj6 1.0s, B:7 1.0s, C:maj6 2.0s, G:7 1.0s, G#:dim7 1.0s, G:7 2.0s, D:min7 1.0s, G:7 1.0s, D:min7 1.0s, G:7 1.0s, C:maj7 1.0s, B:(3,#5,b7) 1.0s, C:7 2.0s, F:maj7 1.0s, F:maj6 1.0s, F:min6 2.0s, C:maj/3 2.0s, Eb:dim7 2.0s, D:min7 1.0s, G:7 1.0s, G:9 1.0s, G:7 1.0s, C:maj6 1.0s, C#:dim7 1.0s, G:7/5 2.0s, C:maj6 1.0s, B:7 1.0s, C:maj6 2.0s, G:7 1.0s, G#:dim7 1.0s, G:7 2.0s, D:min7 1.0s, G:7 1.0s"
1432,Eb:major,"Eb:maj 4.0s, Bb:7 8.0s, Eb:maj 7.0s, Eb:7 1.0s, Ab:maj 4.0s, Eb:maj 2.0s, Bb:7 2.0s, Eb:maj 4.0s, Eb:maj 2.0s, Bb:7 4.0s, Eb:maj 4.0s, Bb:7 4.0s, Eb:maj 3.0s, Eb:7 1.0s, Ab:maj 4.0s, Eb:maj 4.0s, Bb:7 2.0s"
5004,C:major,"C:maj 2.0s, A:min7 2.0s, Bb:maj 2.0s, G:sus4 1.0s, G:maj 1.0s, C:maj 2.0s, A:min7 2.0s, Bb:maj 2.0s, G:sus4 1.0s, G:maj 1.0s, F:maj 2.0s, C:maj 2.0s, G:maj 2.0s, C:maj 2.0s, F:maj 2.0s, C:maj 2.0s, G:maj 4.0s, C:maj 2.0s, F:maj/5 2.0s, G:maj/4 2.0s, C:maj 4.0s, A:min7 2.0s, D:min7 2.0s, G:sus4 1.0s, G:maj 1.0s, C:maj 2.0s, E:min7 2.0s, G:min7 1.0s, C:7 1.0s, F:maj 2.0s, F:maj/3 1.0s, G:maj/3 1.0s, C:maj 1.0s, A:min7 1.0s"
395,C:major,"C:maj 4.0s, C:maj 4.0s, E:min 4.0s, F:maj7 2.0s, G:maj 2.0s, C:maj 4.0s, C:maj 4.0s, E:min 4.0s, F:maj7 2.0s, G:maj 2.0s, C:maj 4.0s, C:maj7 4.0s, C:maj 4.0s, F:maj7 4.0s, A:min 2.0s"
5294,G:major,"G:maj7 1.0s, Bb:dim7 1.0s, A:min7 1.0s, D:7 1.0s, G:maj7 1.0s, E:(3,#5,b7) 1.0s, A:min7 1.0s, D:7 1.0s, G:maj7 1.0s, C:maj7 1.0s, G:maj7 2.0s, E:min7 1.0s, A:7 1.0s, A:min7 1.5s, D:7 0.5s, G:maj7 1.0s, Bb:dim7 1.0s, A:min7 1.0s, D:7 1.0s, G:maj7 1.0s, E:(3,#5,b7) 1.0s, A:min7 1.0s, D:7 1.0s, G:maj7 1.0s, C:maj7 1.0s, G:maj7 1.0s, E:7 1.0s, A:7 1.0s, D:7 1.0s, G:maj6 2.0s, C:min7 1.0s, F:7 1.0s, D:min7 1.0s, G:min7 1.0s, C:hdim7 1.0s, F:7 1.0s, Bb:maj7 1.0s, G:min7 1.0s, C:min7 1.0s, F:7 1.0s, Bb:maj7 1.0s, G:min7 1.0s, C:hdim7 1.0s, F:7 1.0s, E:7 1.0s, Eb:7 0.5s, D:7 0.5s, G:maj7 1.0s, Bb:dim7 1.0s, A:min7 1.0s, D:7 1.0s, G:maj7 1.0s, E:(3,#5,b7) 1.0s, A:min7 1.0s, D:7 1.0s, G:maj7 1.0s, G:sus4(7) 1.0s, C:maj6 1.0s, F:7 1.0s"
148,Eb:major,"Eb:maj6(9) 2.0s, N 2.0s, Eb:maj6(9) 2.0s, Bb:min7 1.0s, Eb:(3,#5,b7) 1.0s, Ab:maj7 1.2s, Ab:maj6 0.8s, Ab:min7 1.2s, Ab:min6 0.8s, G:min7 1.0s, C:9 1.0s, F:9 1.0s, Bb:7(b9) 1.0s, Eb:maj6 1.0s, Gb:9 1.0s, B:maj7 1.2s, Bb:sus4(7) 0.8s, Eb:maj6(9) 2.0s, N 2.0s, Eb:maj6(9) 2.0s, Bb:min7 1.0s, Eb:(3,#5,b7) 1.0s, Ab:maj7 1.2s, Ab:maj6 0.8s, Ab:min7 1.2s, Ab:min6 0.8s, G:min7 1.0s, C:9 1.0s, F:9 1.0s, Bb:7(b9) 1.0s, Eb:maj6(9) 2.0s, Ab:min7 1.0s, Db:sus4(7) 1.0s, Gb:maj7 0.5s, Eb:min7 1.5s, C:min7 1.0s, F:7(#5,#9,#11) 1.0s, Ab:maj9/9 0.5s, Gb:min7 1.5s, Bb:sus4(7) 0.5s, Bb:dim7 1.5s, Ab:maj9/9 2.0s, Eb:maj6(9) 2.0s, N 2.0s, Eb:maj6(9) 2.0s, Bb:min7 1.0s, Eb:(3,#5,b7) 1.0s, Ab:maj7 1.2s, Ab:maj6 0.8s"
33,C:minor,"C:min 4.0s, G:maj 1.0s, C:min 1.0s, C:min 4.0s, G:maj 1.0s, C:min 1.0s, C:min 1.0s, F:min 1.0s, Bb:maj 1.0s, Eb:maj 1.0s, C:min 1.0s, G:maj 1.0s, C:min 0.5s, G:maj 0.5s, C:min 1.0s"
1890,F:major,"F:maj 0.2s, C:7 0.2s, F:maj 0.5s, D:min7 0.2s, G:7 0.2s, F:maj/5 0.2s, C:7 0.2s, F:maj 0.2s, D:7 0.2s, Gb:dim 0.1s, E:min 0.5s, G:sus4(7) 0.2s, G:7 0.2s, C:7 0.2s, Gb:dim 0.2s, F:maj 0.2s, D:min7 0.2s, G:min7 0.5s, F:maj 0.2s, C:7 0.2s, F:maj 0.5s, A:min 0.2s, F:dim 0.2s, G:min7 0.5s, C:7 0.2s, C:sus4(7) 0.2s, F:maj 0.2s, Ab:dim 0.2s, C:7 0.1s, F:maj 0.2s, D:min7 0.2s, G:min7 0.5s, A:7 0.5s, Bb:maj 0.5s, Ab:dim 0.2s, G:9 0.2s, F:maj 0.8s, C:7 0.2s, F:maj 1.0s, F:maj 0.2s, C:7 0.2s, F:maj 0.5s, D:min7 0.2s, G:7 0.2s, F:maj/5 0.2s, C:7 0.2s, F:maj 0.2s, D:7 0.2s, Gb:dim 0.1s, E:min 0.5s, G:sus4(7) 0.2s, G:7 0.2s, C:7 0.2s, Gb:dim 0.2s, F:maj 0.2s, D:min7 0.2s, G:min7 0.5s, F:maj 0.2s, C:7 0.2s, F:maj 0.5s, A:min 0.2s, F:dim 0.2s, G:min7 0.5s, C:7 0.2s, C:sus4(7) 0.2s, F:maj 0.2s, Ab:dim 0.2s, C:7 0.1s, F:maj 0.2s, D:min7 0.2s, G:min7 0.5s, A:7 0.5s, Bb:maj 0.5s, Ab:dim 0.2s, G:9 0.2s, F:maj 0.8s, C:7 0.2s, F:maj 0.5s"
6221,C:major,"A:min 2.0s, D:min 2.0s, E:7 2.0s, A:min 2.0s, A:min9 2.0s, D:min 2.0s, E:7 2.0s, A:min 2.0s, D:min 4.0s, B:7 4.0s, C:maj 4.0s, B:maj 2.0s, E:7 2.0s, A:min 2.0s, E:min 2.0s, B:7 2.0s, E:min 2.0s, A:min 2.0s, E:min 2.0s, B:7 2.0s, E:min 2.0s, A:min 2.0s, E:min 2.0s, B:7 2.0s, E:min 2.0s, A:min 2.0s, D:min6 2.0s"
3180,F:major,"G:min7 4.0s, F:maj7 4.0s, G:min 2.0s, G:min 2.0s, F:maj7 4.0s, Bb:maj7 2.0s, C:9 2.0s, A:min7 2.0s, D:min7 2.0s, G:min7 4.0s, Eb:maj 2.0s, C:7 2.0s, G:min7 4.0s, F:maj7 4.0s, G:min 2.0s, G:min 2.0s, F:maj7 4.0s, Bb:maj7 2.0s, C:9 2.0s, A:min7 2.0s, D:min7 2.0s, G:min7 2.0s, C:7 2.0s"
6623,C:major,"C:(*3,*5) 1.0s, A:maj 1.0s, F:(*3,*5) 1.0s, G:(*3,*5) 1.0s, C:(*3,*5) 1.0s, A:maj 1.0s, F:(*3,*5) 1.0s, G:(*3,*5) 1.0s, C:(*3,*5) 2.0s, E:(*3,*5) 2.0s, F:(*3,*5) 1.0s, G:(*3,*5) 1.0s, C:(*3,*5) 2.0s, F:(*3,*5) 1.0s, F:maj 1.0s, C:(*3,*5) 1.0s, A:maj 1.0s, F:(*3,*5) 1.0s, G:(*3,*5) 1.0s, C:(*3,*5) 1.0s, G:(*3,*5) 1.0s, C:(*3,*5) 2.0s, E:(*3,*5) 2.0s, F:(*3,*5) 1.0s, G:(*3,*5) 1.0s, C:(*3,*5) 2.0s, F:(*3,*5) 1.0s, F:maj 1.0s, C:(*3,*5) 1.0s, A:maj 1.0s, F:(*3,*5) 1.0s, G:maj 1.0s, C:(*3,*5) 1.0s, C:maj 1.0s, F:(*3,*5) 2.0s, E:maj 2.0s, F:(*3,*5) 1.0s, G:(*3,*5) 1.0s, C:(*3,*5) 1.0s, C:maj 1.0s, F:(*3,*5) 2.0s, E:maj 2.0s, D:(*3,*5) 2.0s, G:(*3,*5) 2.0s, C:(*3,*5) 2.0s, E:(*3,*5) 2.0s"
803,F:major,"F:maj 8.0s, F:maj/3 2.0s, Ab:dim 2.0s, G:min7 2.0s, C:7 2.0s, Bb:maj 4.0s, G:min7 4.0s, Bb:maj/9 1.0s, Bb:maj 1.0s, G:min7 1.0s, C:7 1.0s, F:maj 4.0s, C:min6/6 1.0s, D:7 1.0s, D:7/3 2.0s, G:min 4.0s, E:7 2.0s, E:7/3 2.0s, A:min 2.0s, G:min7 1.5s, C:7 0.5s, F:maj 4.0s, D:7/3 4.0s, Bb:maj/6 2.0s, C:7 2.0s"
2759,Eb:major,"Eb:maj 2.5s, Eb:aug 0.5s, F:min 0.7s, Db:maj 0.8s, Bb:7 0.5s, Ab:aug 0.5s, F:min 0.5s, F:min7 1.0s, Ab:min 0.5s, Bb:maj6 1.0s, Bb:7 0.5s, Eb:maj 0.8s, Bb:7 0.8s, Eb:maj 0.0s, Ab:maj 0.8s, Bb:aug 0.8s, G:min 1.5s, C:dim 1.5s, F:min 1.0s, Db:7 0.5s, Bb:7 0.5s, F:min7 0.5s, Bb:7 0.5s, F:min 1.5s, Bb:7 1.0s, Bb:aug 0.5s, Eb:maj 1.0s, Eb:aug 0.5s, Eb:maj6 0.5s, G:min 0.5s, Eb:maj6 0.5s, Eb:maj 1.5s, G:min7 1.0s, Eb:aug 0.5s, F:min 0.8s, Db:maj 0.8s, Bb:7 0.5s, Ab:aug 0.5s, F:min 0.5s, F:min7 0.5s, C:min 0.5s, Ab:maj 0.5s, G:7 1.5s, C:min 0.5s, C:dim 0.5s, C:min 2.0s, F:min7 1.5s, D:7 1.5s, Eb:maj 1.0s, Bb:min 0.5s, C:7 0.5s, G:min 0.5s, C:7 0.5s, F:min 0.5s, C:7 0.5s, F:min 0.5s, Ab:min 0.0s, Bb:7 0.8s, Eb:maj 0.8s, Eb:maj 0.5s, G:min 0.5s, Eb:dim 0.5s, Bb:7 0.5s, Bb:dim 0.5s, Bb:7 0.5s, Eb:maj 2.5s, Eb:aug 0.5s, F:min 0.8s, Db:maj 0.8s, Bb:7 0.5s, Ab:aug 0.5s, F:min 0.5s, F:min7 1.0s, Ab:min 0.5s, Bb:maj6 1.0s, Bb:7 0.5s, Eb:maj 0.8s, Bb:7 0.8s, Eb:maj 0.0s, Ab:maj 0.8s, Bb:aug 0.8s"
2424,C:major,"C:maj 3.0s, D:min 3.0s, G:7 3.0s, C:maj 1.0s, C:dim 0.5s, C:maj 4.5s, D:min 3.0s, G:7 3.0s, C:maj 6.0s, D:min 3.0s, G:7 3.0s, C:maj 1.0s, C:dim 0.5s, C:maj 4.5s, D:min 3.0s, G:7 3.0s, C:maj 2.5s, G:7 0.5s, C:maj 3.0s, D:min7 1.5s, D:min 1.5s, G:7 3.0s, C:maj 3.0s"
448,Eb:major,"Eb:maj7 1.0s, Eb:7 1.0s, Ab:maj7 1.0s, G:min7 1.0s, F:min7 2.0s, Bb:7 2.0s, Eb:maj7 1.0s, Eb:7 1.0s, Ab:maj7 1.0s, G:min7 1.0s, F:min7 1.0s, Bb:9 1.0s, Eb:maj 2.0s, Eb:maj7 2.0s, F:min7 2.0s, G:min7 2.0s, F:min7 1.0s, Bb:7 1.0s, Eb:maj7 1.0s, Eb:7 1.0s, Ab:maj7 1.0s, G:min7 1.0s, F:min7 1.0s, Bb:7(b9) 1.0s, Eb:maj 2.0s, C:min7 1.5s, F:7 0.5s, Bb:maj 1.0s, Bb:maj7 1.0s, F:min7 2.0s, Bb:7 1.0s, F:min7 0.5s, Bb:7 0.5s, Eb:maj 1.0s, Eb:maj7 1.0s, Eb:9 1.0s, Eb:maj7 1.0s, F:min7 2.0s, Bb:9 1.5s, Bb:7(b9) 0.5s, Eb:maj 1.0s, Eb:maj7 1.0s, Eb:9 1.0s, Eb:maj7 1.0s, F:min7 2.0s, Bb:9 2.0s, Eb:maj 2.0s, E:dim 2.0s"
1635,Eb:major,"F:min6 1.5s, C:9 1.5s, F:min6 1.5s, C:7 1.5s, Eb:min6 1.5s, Bb:9 1.5s, Eb:min6 1.5s, Bb:7 1.5s, Eb:maj 1.5s, G:min 1.5s, B:maj 1.5s, Bb:7 1.5s, F:min7 1.5s, Bb:9 1.5s, F:min7 1.5s, Bb:9 1.5s, Eb:maj 1.5s, G:min 1.5s, Eb:maj 1.5s, G:min 1.5s, F:min7 1.5s, Bb:9 1.5s, F:min7 1.5s, Bb:9 1.5s, Eb:maj 1.5s, C:min 1.5s, F:min7 1.5s, Bb:9 1.5s, F:min7 1.5s, Bb:9 1.5s, F:min7 1.5s, Bb:9 1.5s, Eb:maj 1.5s, G:min 1.5s, Eb:maj 1.5s, G:min 1.5s, F:min7 1.5s, Bb:9 1.5s, F:min7 1.5s, Bb:9 1.5s"
946,E:major,"E:maj 2.8s, E:maj/3 1.0s, F#:min7 1.0s, B:7 1.0s, E:maj 0.5s, Ab:maj/5 0.5s, Db:min 1.0s, F#:sus4 0.5s, F#:7 0.5s, B:maj 0.8s, B:(3,#5,b7) 0.2s, E:maj 2.0s, A:maj 0.5s, Db:7 0.5s, Gb:min 0.5s, E:maj 0.2s, Gb:min 0.2s, E:maj/5 0.5s, Gb:min 0.5s, Gb:min7 0.5s, B:7 0.5s, E:maj 0.5s, A:maj 0.5s, E:dim 0.5s, B:7 0.5s, E:maj 1.0s, E:maj/3 1.0s, F#:min7 1.0s, B:7 1.0s, E:maj 0.5s, Ab:maj/5 0.5s, Db:min 1.0s, F#:sus4 0.5s, F#:7 0.5s, B:7 0.8s, B:(3,#5,b7) 0.2s, E:maj 1.0s, E:maj/3 1.0s, A:maj 0.5s, Db:7 0.5s, Gb:min 0.5s, B:7 0.5s, E:maj 0.5s, Gb:min7 1.0s, B:7 0.5s, E:maj 1.0s, B:7 0.5s, E:dim 0.5s, G:maj/5 1.0s, A:min/4 1.0s, D:7 1.0s, G:maj7 1.0s, D:9 2.0s, G:maj/5 0.5s, G:dim 0.5s, D:7 1.0s, G:maj 1.5s, E:min 0.5s, Gb:hdim7 1.0s, B:7 1.0s, E:min/5 1.5s, B:(3,#5,b7) 0.4s, B:7 0.1s, E:maj/5 1.0s, B:7 1.0s, A:maj 1.0s, B:7 1.0s, F#:hdim7 1.0s, B:7 1.0s, Gb:min7 1.0s, B:7 1.0s, E:maj 1.0s, E:maj/3 1.0s, F#:min7 0.5s, F#:hdim7 0.5s, B:7 1.0s, E:maj 0.2s"
6043,B:major,"B:maj 2.0s, B:maj 0.8s, B:sus4 1.2s, B:maj 2.0s, B:maj 0.8s, B:sus4 1.2s, B:maj 2.0s, B:sus4 2.0s, F#:maj 2.0s, F#:(2,5) 2.0s, E:maj6 2.0s, E:maj 2.0s, B:maj 2.0s, B:sus4 2.0s, B:maj 4.0s, F#:maj6 4.0s, E:maj7 4.0s, B:maj 4.0s, F#:maj6 4.0s, E:maj7 4.0s, B:maj 4.0s, F#:maj6 4.0s, E:maj7 4.0s"
5150,D:major,"E:min 0.5s, B:7 0.5s, E:min 0.5s, Db:7 0.5s, D:maj 0.5s, Gb:maj 0.5s, B:maj 1.0s, E:7 1.0s, E:hdim7 0.2s, A:7 0.8s, D:maj 2.0s, D:maj 1.0s, B:maj 1.0s, E:7 2.0s, A:7 2.0s, D:maj 0.5s, Eb:dim 0.5s, A:7 1.0s, D:maj 1.5s, Eb:dim 0.5s, A:7 2.0s, D:maj 0.5s, B:min 0.5s, E:7 1.0s, A:maj 0.5s, A:dim 0.5s, A:maj 0.5s, B:7 0.5s, G:maj 0.5s, B:min 0.5s, E:7 1.0s, Bb:7 1.0s, A:7 1.0s, E:7 0.5s, Gb:7 0.5s, E:7 1.0s, A:maj 0.5s, Gb:dim 0.5s, A:maj 1.0s, D:maj 2.0s, A:7 2.0s, E:min 1.0s, A:7 1.0s, D:maj 0.5s, Eb:dim 0.5s, E:min 0.5s, D:maj 2.5s, A:maj 1.0s, Gb:7 1.0s, B:min7 1.0s, E:7 1.0s, A:maj 1.5s, D:maj 2.5s, A:7 3.5s, Gb:7 0.5s, B:min 1.5s, B:7 0.5s, E:min 0.5s, B:7 0.5s, E:min 0.5s, Db:7 0.5s, D:maj 0.5s, Gb:maj 0.5s, B:maj 1.0s"
5867,Eb:major,"Eb:maj 6.0s, C:7 2.0s, F:7 2.0s, Bb:7 2.0s, Eb:maj 2.0s, F:min7 1.0s, Bb:7 1.0s, Eb:maj 6.0s, C:7 2.0s, F:7 2.0s, Bb:7 2.0s, Eb:maj 2.0s, Bb:min7 1.0s, Eb:7 1.0s, Ab:maj 2.0s, C:7 2.0s, F:min 4.0s, Bb:7 4.0s, Eb:maj 1.0s, E:dim7 1.0s, F:min7 1.0s, Bb:7 1.0s, Eb:maj 6.0s, C:7 2.0s, F:7 2.0s, Bb:7 2.0s"
3498,F:major,"D:maj 4.0s, D:maj 4.0s, D:(5) 4.0s, Bb:(5) 4.0s, D:(5) 4.0s, Bb:(5) 4.0s, D:min 4.0s, Bb:maj 4.0s, D:min 4.0s, Bb:maj 4.0s, D:min 4.0s, Bb:maj 4.0s, D:min 4.0s, Bb:maj 4.0s, D:min 2.0s, Bb:maj 2.0s"
115,G:major,"A:min7 2.0s, D:min7 2.0s, A:min 2.0s, D:7 2.0s, G:maj 2.0s, C:maj 2.0s, G:maj 2.0s, G#:dim7 2.0s, A:min7 3.5s, D:7 0.5s, G:maj 3.0s, G:dim7 1.0s, A:min7 2.0s, D:7 2.0s, B:min7 2.0s, Bb:dim7 2.0s, A:min7 2.0s, D:min7 2.0s, A:min7 2.0s, D:7 2.0s, G:maj 2.0s, C:maj 2.0s, G:maj 2.0s, E:7 2.0s, A:min7 2.0s, C:min6 2.0s, G:maj 2.0s, Bb:dim7 2.0s, A:min7 2.0s, D:7 2.0s"
4651,C:major,"D:min7 4.0s, G:7 4.0s, C:maj7 4.0s, A:7 4.0s, D:min7 4.0s, G:7 4.0s, C:maj7 4.0s, A:7 4.0s, D:min7 4.0s, G:7 4.0s, C:maj7 4.0s, A:7 4.0s, D:min7 4.0s, G:7 4.0s, C:maj7 4.0s"
3932,F:major,"D:min/9 2.0s, A:sus4 1.0s, A:maj 1.0s, D:min 1.0s, Bb:maj 1.0s, G:min7 2.0s, D:min9 1.0s, Bb:maj 1.0s, G:min7 2.0s, D:min9 0.5s, Bb:maj 1.5s, G:min6 2.0s, D:min/9 2.0s, A:maj 2.0s, D:min9 1.0s, Bb:maj 1.0s, G:7 1.0s, G:min7 1.0s, D:min9 1.0s, Bb:maj 1.0s, G:7 1.0s, G:min6 1.0s, D:min9 1.0s, Bb:sus4 1.0s, G:7 1.0s, G:min6 1.0s, D:min/9 1.8s, A:maj 2.2s, D:min 2.0s, Bb:maj 2.0s, G:min7 2.0s, D:min/9 1.0s, A:7 1.0s, D:min 2.0s, Bb:maj 2.0s, G:maj 2.0s, E:7(b9) 1.0s, A:7 1.0s, D:min 1.0s, Bb:maj 1.0s, G:maj 1.0s, G:min7 1.0s, D:maj 1.0s, Bb:maj 1.0s, G:maj 1.0s, G:min7 1.0s"
1829,Eb:major,"A:min7(b5) 2.0s, D:7 2.0s, G:min7 2.0s, C:7 2.0s, F:min9 2.0s, Bb:maj 2.0s, Eb:maj 2.0s, Bb:7 2.0s, Eb:maj7 2.0s, Ab:min/5 2.0s, Eb:maj7 2.0s, Ab:min/5 2.0s, Eb:maj 2.0s, Ab:min/5 2.0s, D:min7 2.0s, Db:(#3,*5) 1.0s, C:9 1.0s, F:min 2.0s, Db:maj/3 2.0s, F:dim7 2.0s, Db:maj/3 2.0s, F:min7 2.0s, Bb:7 1.0s, Bb:7/b7 1.0s, G:min7 1.0s, C:7 1.0s, F:min7 1.0s, Bb:9 1.0s, Eb:maj7 2.0s, Ab:min/5 2.0s, Eb:maj7 2.0s, Ab:min/5 2.0s, Eb:maj 2.0s, Eb:7 2.0s"
3708,C:major,"C:maj 2.0s, E:7 2.0s, F:maj 2.0s, C:maj 2.0s, D:7 2.0s, G:7 2.0s, C:maj 1.0s, F:maj 1.0s, C:maj 1.0s, G:7 1.0s, C:maj 2.0s, E:7 2.0s, F:maj 2.0s, C:maj 2.0s, D:7 2.0s, G:7 2.0s, C:maj 1.0s, F:maj 1.0s, C:maj 2.0s, C:maj 2.0s, E:7 2.0s, F:maj 2.0s, C:maj 2.0s, D:7 2.0s, G:7 2.0s, C:maj 1.0s, F:maj 1.0s, C:maj 2.0s"
5641,F:major,"G:9 1.5s, Db:7 0.5s, C:7 2.0s, A:min7 2.0s, D:7 2.2s, G:9 1.2s, Db:7 0.5s, C:7 2.0s, F:7 2.0s, B:7 2.0s, Bb:maj6 1.0s, Bb:min6 1.0s, F:maj/5 1.0s, C:min7 0.5s, F:7 0.5s, Bb:maj6 1.0s, Bb:min6 1.0s, A:hdim7 1.0s, D:7(b9) 1.2s, G:9 1.2s, Db:7 0.5s, G:7 2.0s, G:min7 1.5s, C:7 0.5s, A:hdim7 1.0s, D:7(b9) 1.0s, G:9 1.5s, Db:7 0.5s, C:7 2.0s, A:min7 2.0s, D:7 2.2s, G:9 1.2s, Db:7 0.5s, C:7 2.0s, F:7 2.0s, B:7 2.0s, Bb:maj6 1.0s, Bb:min6 1.0s, F:maj/5 1.0s, C:min7 0.5s, F:7 0.5s, Bb:maj6 1.0s, Bb:min6 1.0s, A:hdim7 1.0s, D:7(b9) 1.2s, G:9 1.2s, Db:7 0.5s, C:7 2.0s"
5741,C:major,"E:min 4.0s, E:maj 1.0s, D:min 1.0s, E:maj 2.0s, F:maj 2.0s, F:min 2.0s, C:maj 1.0s, G:7 1.0s, C:maj 2.0s, E:min 4.0s, E:maj 1.0s, D:min 1.0s, E:maj 2.0s, F:maj 2.0s, F:min 2.0s, C:maj 1.0s, G:aug 1.0s, C:maj 2.0s, A:min6 1.0s, B:aug 0.5s, B:7 0.5s, E:min 2.0s, G:7 1.5s, G:aug 0.5s, C:maj 2.0s, A:min6 1.0s, B:7 1.0s, E:min 2.0s, D:min 1.5s, B:7 2.5s, E:min 4.0s, E:maj 2.0s, E:maj 2.0s, F:maj 2.0s, F:min 2.0s"
2353,C:major,"F:maj 6.0s, C:maj 5.5s, Eb:dim7 0.5s, G:7 6.0s, C:maj 1.5s, D:min7 1.5s, D#:dim7 1.5s, C:maj/3 1.5s, F:maj 6.0s, C:maj 6.0s, G:7 6.0s, C:maj 1.5s, F:maj 1.5s, C:maj 3.0s"
6625,E:major,"E:maj 4.0s, B:7 4.0s, E:maj 2.0s, A:min 2.0s, D:maj 2.0s, G:maj 2.0s, C:maj 2.0s, B:7 2.0s, E:maj 4.0s, E:maj 2.0s, A:min 2.0s, D:maj 2.0s, G:maj 2.0s, C:maj 2.0s, B:7 2.0s, E:maj 4.0s, E:maj 2.0s, A:min 2.0s, D:maj 2.0s, G:maj 2.0s, C:maj 2.0s, B:7 2.0s, E:maj 4.0s, E:maj 2.0s, A:min 2.0s"
3002,A:major,"A:maj 2.0s, D:maj 2.0s, A:maj 2.0s, E:maj 2.0s, A:maj 2.0s, D:maj 2.0s, A:maj 1.0s, E:maj 1.0s, A:maj 3.0s, E:maj 1.0s, A:maj 3.0s, E:maj 1.0s, A:maj 3.0s, D:maj 1.0s, A:maj 1.5s, E:maj 0.5s, A:maj 1.0s, E:maj 1.0s, A:maj 2.0s"
3901,Bb:major,"F:7 1.5s, Bb:maj 3.0s, F:7 3.0s, Bb:maj 3.0s, F:7 3.0s, Bb:7 1.5s, Eb:maj 1.5s, Eb:min6 3.0s, C:9 1.5s, C:7 0.5s, G:min7 0.5s, C:7 0.5s, F:9 1.5s, F:7 1.5s, Bb:maj 3.0s, F:7 3.0s, Bb:maj 3.0s, F:7 3.0s, C:min7 1.5s, Bb:aug 1.5s, Eb:maj 1.5s, Eb:min6 1.5s, C:min7 1.5s, F:7 1.5s, Bb:maj 3.0s"
791,Eb:major,"Eb:maj 3.0s, Bb:7(b9) 1.0s, Eb:maj7 3.0s, Bb:7(b9) 1.0s, Eb:maj 3.0s, Bb:7(b9) 1.0s, Eb:9 3.0s, Eb:7(b9) 1.0s, Ab:maj 3.0s, Eb:dim 1.0s, Eb:maj7 2.0s, Eb:maj 2.0s, F:9 3.0s, F:7 1.0s, B:9 3.0s, Bb:9 1.0s, Eb:maj 3.0s, Bb:7(b9) 1.0s, Eb:maj7 3.0s, Bb:7(b9) 1.0s, Eb:maj 3.0s, Bb:7(b9) 1.0s, Eb:9 3.0s, Eb:7(b9) 1.0s, Ab:maj 4.0s, F:9 4.0s, B:9 3.0s, Bb:9 1.0s"
301,G:major,"G:maj 7.5s, D:7 4.0s, G:maj 12.0s, D:7 4.0s, G:maj 4.0s"
3500,C:major,"F:maj 12.0s, C:7 16.0s, F:maj 2.0s, F:7 2.0s, Bb:maj 4.0s, F:maj 4.0s, G:7 4.0s, C:7 4.0s, F:maj 8.0s, G:7 2.0s, C:7 2.0s"
265,C:major,"C:maj 2.0s, G:7 2.0s, G:7 2.0s, F:maj 1.0s, C:maj 1.0s, D:min7 0.5s, C:maj 1.5s, G:7 2.0s, G:7 2.0s, D:7 0.8s, G:9 0.8s, G:aug 0.5s, C:maj 2.0s, G:7 4.0s, F:maj 1.0s, C:maj 1.0s, D:min7 0.5s, C:maj 1.5s, G:7 4.0s, D:7 0.8s, G:9 1.2s, C:maj 2.0s, F:maj 2.0s, C:maj 2.0s, F:maj 2.0s, C:maj 2.0s, D:7 4.0s, G:7 2.0s, G:7 0.5s, F:maj 0.5s, G:7 3.0s, G:7 2.0s, F:maj 1.0s, C:maj 1.0s, D:7 0.5s, C:maj 1.5s, G:7 2.0s"
6378,A:major,"E:maj 2.0s, C#:maj 2.0s, C#:min 2.0s, E:maj 2.0s, E:maj 2.0s, C#:maj 2.0s, C#:min 2.0s, E:maj 4.0s, E:maj 2.0s, C#:maj 2.0s, C#:min 2.0s, E:maj 2.0s, E:maj 2.0s, C#:maj 2.0s, C#:min 2.0s, E:maj 4.0s, A:maj6 4.0s, E:maj6 4.0s, A:maj6 2.0s, A:maj 2.0s, F#:maj 2.0s, B:7 2.0s, E:maj 2.0s, C#:maj 2.0s, C#:min 2.0s, E:maj 2.0s"
3311,F:major,"F:maj 3.0s, Eb:9 1.0s, D:7 1.0s, Eb:9 1.0s, D:7 2.0s, G:7 2.0s, C:7 2.0s, F:maj 2.0s, G:min7 1.0s, C:7 1.0s, F:maj 3.0s, Eb:9 1.0s, D:7 1.0s, Eb:9 1.0s, D:7 2.0s, G:7 2.0s, C:7 2.0s, F:maj 2.0s, F:7 2.0s, Bb:maj 6.0s, Bb:min 2.0s, F:maj 2.0s, D:min 2.0s, G:9 2.0s, C:7 2.0s, F:maj 3.0s, Eb:9 1.0s, D:7 1.0s, Eb:9 1.0s, D:7 2.0s, G:7 2.0s, C:9 1.0s, C:7 1.0s"
6236,F:major,"F:maj 8.0s, C:7 4.0s, F:maj 4.0s, Bb:maj 4.0s, F:maj 2.0s, D:min 2.0s, F:maj 2.0s, C:7 2.0s, F:maj 4.0s, A:min 2.0s, G:min 2.0s, F:maj 4.0s, F:maj 2.0s, A:7 2.0s, D:min 2.0s, F:7 2.0s, Bb:maj 2.0s, C:7 2.0s, F:maj 2.0s, D:min 2.0s, F:maj 2.0s, C:7 2.0s"
2951,D:major,"A:maj 1.0s, A:maj 3.0s, D:(*3,*5) 1.0s, D:(*3,*5) 5.0s, A:(*3,*5) 1.0s, A:(*3,*5) 8.0s, D:(*3,*5) 7.0s, A:maj 1.0s, A:maj 7.0s, D:(*3,*5) 1.0s, D:(*3,*5) 2.0s, G:(*3,*5) 5.0s, D:(*3,*5) 1.0s, D:(*3,*5) 1.0s, A:(*3,*5) 1.0s, A:(*3,*5) 1.0s, E:maj 1.0s, E:maj 1.8s, A:(*3,*5) 3.2s, D:(*3,*5) 1.0s, D:(*3,*5) 3.0s, A:maj 1.0s, A:maj 3.0s"
4276,C:major,"C:(3,5,b7,9,11,13) 4.0s, C:(3,5,b7,9,11,13) 4.0s, F:9(#11) 4.0s, C:(3,5,b7,9,11,13) 4.0s, C:(3,5,b7,9,11,13) 0.5s, F:9 0.0s, F:9 0.5s, Bb:(3,5,b7,9,11,13) 0.0s, Bb:(3,5,b7,9,11,13) 0.5s, A:(3,#5,b7) 0.0s, A:(3,#5,b7) 0.5s, D:7(b5,#9) 2.0s, G:(3,5,b7,9,11,13) 2.0s, C:(3,5,b7,9,11,13) 4.0s, C:(3,5,b7,9,11,13) 4.0s, F:9(#11) 4.0s, C:(3,5,b7,9,11,13) 4.0s, C:(3,5,b7,9,11,13) 0.5s, F:9 0.0s, F:9 0.5s, Bb:(3,5,b7,9,11,13) 0.0s, Bb:(3,5,b7,9,11,13) 0.5s, A:(3,#5,b7) 0.0s, A:(3,#5,b7) 0.5s, D:7(b5,#9) 2.0s, G:(3,5,b7,9,11,13) 2.0s, C:7(b5,#9) 8.0s, Db:7(b5,#9) 8.0s"
1448,D:major,"D:maj 1.5s, A:7 1.5s, D:maj 1.5s, A:7 1.5s, G:maj 1.5s, D:maj 1.5s, A:7 1.5s, D:maj 1.5s, D:maj 1.5s, A:7 1.5s, D:maj 1.5s, A:7 1.5s, G:maj 1.5s, D:maj 1.5s, A:7 1.5s, D:maj 1.5s, D:maj 1.5s, A:7 1.5s, D:maj 1.5s, A:7 1.5s, G:maj 1.5s, D:maj 1.5s, A:7 1.5s, D:maj 1.5s"
1751,G:major,"G:maj 4.0s, D:7 4.0s, A:min7 2.0s, D:7 2.0s, G:maj 3.0s, D:9 1.0s, G:maj 4.0s, D:7 4.0s, A:min7 2.0s, D:7 2.0s, G:maj 4.0s, Eb:maj 3.0s, C:min 0.5s, Eb:7 0.5s, G:maj 4.0s, A:maj 2.0s, E:min7 1.0s, A:7 1.0s, D:7 4.0s, G:maj 4.0s, D:7 4.0s, A:min7 2.0s, D:7 2.0s"
1795,Eb:major,"Eb:maj 1.0s, G:min7 1.0s, Ab:maj 1.0s, Bb:maj 1.0s, Eb:maj 1.0s, G:min7 1.0s, Ab:maj 1.0s, Bb:maj 1.0s, Eb:maj 0.5s, Eb:maj7 1.5s, C:min 1.0s, F#:dim 1.0s, F:min7 2.0s, Bb:maj 2.0s, Eb:maj 0.5s, G:min7 1.5s, Ab:maj 1.0s, Bb:maj 1.0s, Eb:maj 1.0s, G:min7 1.0s, Ab:maj 1.0s, Bb:maj 1.0s, Eb:maj 0.5s, Eb:maj7 1.5s, C:min 1.5s, F#:dim 0.5s, F:min7 2.0s, Bb:maj 2.0s, Eb:maj 1.0s, G:min7 1.0s, Ab:maj 1.0s, Bb:maj 1.0s, Eb:maj 1.0s, G:min7 1.0s, Ab:maj 1.0s, Bb:maj 1.0s, Eb:maj 1.0s, Eb:maj7 1.0s, C:min 1.0s, F#:dim 1.0s, F:min7 2.0s, Bb:maj 2.0s, Eb:maj 1.0s, G:min7 1.0s, Ab:maj 1.0s, Bb:maj 1.0s, Eb:maj 1.0s, G:min7 1.0s, Ab:maj 1.0s, Bb:maj 1.0s, Eb:maj 0.8s, C:min 1.2s, F:min7 0.8s, Bb:7 1.2s"
6337,F:major,"F:maj 1.0s, F#:dim 1.0s, C:7 2.0s, F:maj 1.0s, F#:dim 1.0s, C:7 2.0s, D:7 2.0s, G:min7 1.0s, Bb:min 1.0s, F:maj 1.0s, C:7 1.0s, F:maj 1.0s, C:7 1.0s, F:maj 1.0s, F#:dim 1.0s, C:7 2.0s, F:maj 1.0s, F#:dim 1.0s, C:7 2.0s, D:7 2.0s, G:min7 1.0s, Bb:min 1.0s, F:maj 1.0s, C:7 1.0s, F:maj 2.0s, Bb:maj 4.0s, Eb:7 4.0s, F:maj 2.0s, G:7 2.0s, Db:7 2.0s, C:7 2.0s, F:maj 1.0s, F#:dim 1.0s, C:7 2.0s, F:maj 1.0s, F#:dim 1.0s, C:7 2.0s, D:7 2.0s, G:min7 1.0s, Bb:min 1.0s"
5944,Bb:major,"Bb:maj 1.5s, Eb:min6 1.5s, D:min7 0.5s, C:min7 0.5s, F:7 0.5s, Bb:maj 1.5s, B:7 1.5s, F:7 0.5s, F#:dim7 1.0s, G:min7 1.0s, F#:7 0.5s, Bb:maj/5 1.5s, Eb:maj7 1.5s, A:7 1.5s, D:min7 0.5s, C:min7 0.5s, F:7 0.5s, Bb:maj 1.5s, Eb:maj7 1.5s, A:7 1.5s, D:min7 0.5s, C:min7 0.5s, F:7 0.5s, Bb:maj 1.5s, F:7 1.5s, F#:dim7 1.5s, G:min7 1.0s, Db:7 0.5s, C:7 1.5s, Bb:maj/5 1.5s, F:7 1.5s, Bb:maj 3.0s"
2920,Eb:major,"Eb:maj7 1.0s, F#:dim7 1.0s, F:min7 1.0s, Bb:7 1.0s, Eb:maj7 1.0s, C:7 1.0s, F:min7 1.0s, Bb:7 1.0s, Eb:maj7 1.0s, C:7 1.0s, F:min7 1.0s, Db:7 1.0s, Eb:maj7 1.0s, F:7 1.0s, F:min7 1.5s, Bb:7 0.5s, Eb:maj7 1.0s, F#:dim7 1.0s, F:min7 1.0s, Bb:7 1.0s, Eb:maj7 1.0s, C:7 1.0s, F:min7 1.0s, Bb:7 1.0s, Eb:maj7 1.0s, C:7 1.0s, F:min7 1.0s, Db:7 1.0s, Eb:maj7 1.0s, F:min7 0.5s, Bb:7 0.5s, Eb:maj7 2.0s, F:min7 1.0s, Bb:7 1.0s, Eb:maj7 4.0s, F:min7 1.5s, Bb:7 0.5s, Eb:maj7 1.0s, Bb:7 1.0s, Eb:maj7 1.0s, C:7 1.0s, F:7 2.0s, F:min7 1.0s, Bb:7 1.0s, Eb:maj7 1.0s, F#:dim7 1.0s, F:min7 1.0s, Bb:7 1.0s, Eb:maj7 1.0s, C:7 1.0s, F:min7 1.0s, Bb:7 1.0s, Eb:maj7 1.0s, C:7 1.0s, F:min7 1.0s, Db:7 1.0s"
4372,G:major,"G:7 32.0s, C:maj 1.0s, F:maj 0.5s, C:maj 0.5s, G:7 1.0s, G:maj 0.2s, E:(*3,5,b9)/b9 0.2s, F:(3,*5,7)/7 0.2s, G:(*3,5,5)/5 0.2s, C:maj 1.0s, C:maj/3 1.0s, G:7 0.2s, B:dim/b3 0.2s, B:dim/b3 0.2s, B:dim/b3 0.2s, E:(b3,*5,b7)/b7 0.5s, B:dim/b3 0.5s, C:maj 1.0s, C:maj/5 1.0s, G:7 0.2s, G:maj 0.2s, G:maj 0.2s, G:maj 0.2s, G:maj 0.2s, E:(*3,5,b9)/b9 0.2s, F:(3,*5,7)/7 0.2s, G:(*3,5,5)/5 0.2s, C:maj 1.0s, C:maj/3 1.0s, D:7 2.0s, G:7 0.5s, G:(*3,5) 0.5s, D:(b3,*5)/b3 0.5s, E:(*3,*5,b7) 0.5s, F:(*3,5) 0.2s, G:(*3,5) 0.2s, G:(*3,5) 0.2s, B:(*3,5) 0.2s, B:(*3,5) 0.2s, A:(*3,5) 0.2s, G:(*3,5) 0.5s, G:(*3,5) 0.2s, G:(*3,5) 0.2s, G:(*3,5) 0.2s, F:(*3,5) 0.2s, C:(3,*5)/3 0.2s, C:(3,*5)/3 0.8s, B:(b3,*5) 0.5s, A:(b3,*5) 0.5s, G:(3,*5) 0.5s, A:(b3,*5) 1.0s, G:(*3,5) 0.5s, D:(b3,*5)/b3 0.5s, E:(*3,*5,b7) 0.5s, F:(*3,5) 0.2s, G:(*3,5) 0.2s, G:(*3,5) 0.2s, B:(*3,5) 0.2s, B:(*3,5) 0.2s, A:(*3,5) 0.2s, G:(*3,5) 0.5s"
3444,F:major,"F:7 2.0s, Bb:7 2.0s, F:7 3.8s, Bb:7 4.0s, F:7 2.2s, A:min7 0.8s, D:7 1.2s, G:min7 2.0s, C:7 2.0s, F:7 3.7s"
31,G:major,"E:min 2.0s, B:aug/3 1.0s, N 1.0s, G:maj/5 2.0s, C#:hdim7 1.5s, C:min6/b3 0.5s, G:maj/5 2.0s, C:9 1.0s, D:maj 1.0s, G:maj 2.0s, C#:hdim7 2.0s, E:min 2.0s, B:aug/3 1.0s, N 1.0s, G:maj/5 2.0s, F#:hdim7 1.5s, C:min6/b3 0.5s, G:maj/5 2.0s, C:9 1.0s, D:maj 1.0s, G:maj 4.0s, G:maj 2.0s, C:min/5 1.0s, G:maj 1.0s, C:min/5 1.0s, G:maj 1.0s, C:min/5 1.0s, G:maj 3.0s, C:min/5 1.0s, G:maj 1.0s, C:min/5 1.0s, G:maj 1.0s, D:(*3,*5) 1.0s, G:maj 0.5s, B:(3,#5,b7) 0.5s, E:min 2.0s, B:aug/3 1.2s, N 0.8s, G:maj/5 2.0s, C#:hdim7 1.5s, C:min6/b3 0.5s, G:maj/5 2.0s, C:9 1.0s, D:aug 1.0s"
4433,C:major,"C:maj 2.0s, D:min7 1.0s, G:7 1.0s, C:maj 2.0s, D:min7 1.0s, G:7 1.0s, C:maj 2.0s, D:min7 1.0s, G:7 1.0s, C:maj 2.0s, D:min7 1.0s, G:7 1.0s, C:maj 2.0s, D:min7 1.0s, G:7 1.0s, C:maj 2.0s, D:min7 1.0s, G:7 1.0s, C:maj 2.0s, D:min7 1.0s, G:7 1.0s, C:maj 2.0s, D:min7 1.0s, G:7 1.0s, F:maj 3.0s, G:7 1.0s, C:maj 3.0s, C:7 1.0s, F:maj 1.0s, A:min7 1.0s, D:7 2.0s, D:min7 1.5s, G:7 0.5s, C:maj 2.0s, D:min7 1.0s, G:7 1.0s, C:maj 2.0s, D:min7 1.0s, G:7 1.0s, C:maj 2.0s, D:min7 1.0s, G:7 1.0s, C:maj 2.0s"
6198,D:major,"D:maj7 2.0s, A:min6/4 2.0s, G:maj6/5 2.0s, G:min/5 1.5s, B:dim 0.5s, D:maj7 2.0s, A:7/4 2.0s, G:maj6/5 2.0s, G:min/5 2.0s, D:maj7 2.0s, A:min/4 2.0s, G:maj6/5 2.0s, G:min/5 1.5s, B:dim 0.5s, D:maj7 2.0s, A:min/4 2.0s, G:maj6/5 2.0s, G:min/5 2.0s, D:maj7 2.0s, D:7(b5)/b5 2.0s, G:maj7 2.0s, F#:min7 2.0s, G:maj7 2.0s, F#:min7 2.0s, G:maj7 2.0s, F#:min7 1.0s, B:min7 1.0s, E:min7 2.0s, A:sus4(7) 1.0s, E:min7/4 1.0s, D:maj7 2.0s, D:7(b5)/b5 2.0s, G:maj7 2.0s, C:9 2.0s"
1304,F:major,"Bb:min6 2.0s, C:7 1.5s, F#:dim 0.5s, G:min 0.5s, C:maj 0.5s, C:dim 1.0s, G:min7 1.0s, Bb:min6 0.5s, C:7 0.5s, F:maj 2.0s, C:aug 2.0s, A:7 2.0s, C:min6 1.0s, D:7 1.0s, G:min 2.0s, Bb:min 2.0s, F:maj 2.0s, D:min 2.0s, A:maj 1.0s, D:maj6 1.0s, A:maj 2.0s, D:min 1.0s, C#:min 0.5s, E:7 0.5s, A:maj 0.5s, A:dim 1.5s, Bb:min6 2.0s, C:7 1.5s, F#:dim 0.5s, G:min 0.5s, C:maj 0.5s, C:dim 1.0s, G:min7 0.5s, Bb:min6 1.0s, C:7 0.5s, F:maj 1.0s, A:min 0.5s, C:7 0.5s, F:7 2.0s, D:7 2.0s, G:min 1.5s, F#:dim 0.5s, G:min 2.0s, Bb:min6 2.0s, F:maj 1.0s, F:7 1.0s, D:7 2.0s, Bb:min6 2.0s, C:7 1.5s, C:dim 0.5s"
127,F:major,"C:7 4.0s, F:maj 4.0s, C:7 4.0s, F:maj 2.0s, F:7 2.0s, Bb:maj 4.0s, F:maj 4.0s, C:7 4.0s, F:maj 4.0s, C:7 4.0s, F:maj 4.0s, C:7 4.0s, F:maj 2.0s, F:7 2.0s, Bb:maj 4.0s, F:maj 4.0s, C:7 4.0s"
6595,Bb:major,"Bb:maj 0.7s, Eb:(2,5) 0.2s, G:min7 0.7s, Eb:(2,5) 0.2s, Bb:maj 0.8s, Eb:(2,5) 0.2s, G:min7 1.0s, Bb:maj 0.8s, Eb:(2,5) 0.2s, G:min7 0.8s, Eb:(2,5) 0.3s, Bb:maj 0.7s, Eb:(2,5) 0.2s, G:min7 1.0s, C:sus4 1.0s, Eb:(2,5) 1.0s, Bb:maj 0.2s, F:maj 0.2s, Eb:(2,5) 0.5s, Bb:maj 0.2s, F:maj 0.2s, Eb:(2,5) 0.5s, Bb:maj 0.2s, F:maj 0.2s, Eb:(2,5) 0.5s, G:min7 0.2s, F:maj 0.2s, Eb:(2,5) 0.5s, G:min7 0.2s, F:maj 0.2s, Eb:(2,5) 0.5s, Bb:maj 0.8s, Eb:(2,5) 0.2s, G:min7 1.0s, Eb:(2,5) 1.0s, Bb:maj 0.8s, Eb:(2,5) 0.2s, G:min7 0.8s, Eb:(2,5) 0.2s, Bb:maj 0.8s, Eb:(2,5) 0.2s, G:min7 1.0s, C:sus4 1.0s, Eb:(2,5) 1.0s, Bb:maj 0.2s, F:maj 0.2s, Eb:(2,5) 0.5s, Bb:maj 0.2s, F:maj 0.2s, Eb:(2,5) 0.5s, Bb:maj 0.2s, F:maj 0.2s, Eb:(2,5) 0.5s, G:min7 0.2s, F:maj 0.2s, Eb:(2,5) 0.5s, G:min7 0.2s, F:maj 0.2s, Eb:(2,5) 0.5s, Bb:maj 0.2s, F:maj 0.2s, Eb:(2,5) 0.5s, Bb:maj 0.2s, F:maj 0.2s, Eb:(2,5) 0.5s, Bb:maj 0.2s, F:maj 0.2s, Eb:(2,5) 0.5s, G:min7 0.2s, F:maj 0.2s, Eb:(2,5) 0.5s, G:min7 0.2s, F:maj 0.2s, Eb:(2,5) 0.5s, Bb:maj 0.8s, Eb:(2,5) 0.8s"
4132,F:major,"F:maj 1.5s, Bb:maj 0.5s, F:maj 3.5s, Bb:maj 0.5s, F:maj 3.5s, Bb:maj 0.5s, F:maj 2.0s, C:7 4.0s, F:maj 2.0s, F:7 2.0s, Bb:maj 4.0s, F:maj 2.0s, C:7 2.0s, F:maj 4.0s, F:maj 1.5s, Bb:maj 0.5s, F:maj 3.5s, Bb:maj 0.5s, F:maj 3.5s, Bb:maj 0.5s, F:maj 2.0s, C:7 4.0s, F:maj 2.0s, F:7 2.0s, Bb:maj 4.0s, F:maj 2.0s, C:7 2.0s"
1287,Bb:major,"Bb:maj 5.8s, F:7 4.0s, Bb:maj 1.8s, C:7 1.2s, F:7 3.0s, Bb:maj 3.8s, G:7 2.2s, C:min 2.0s, C:7 2.0s, F:maj 2.0s, C:7 2.0s, F:7 3.0s, Bb:maj 4.0s, Eb:maj 0.5s, G:7 0.5s, C:min 2.0s, C:7 1.0s, F:7 4.0s, Bb:maj 3.0s, F:7 1.0s, Bb:maj 0.5s, F:7 0.5s, Bb:maj 3.0s, C:min 1.0s, G:7 1.0s, C:min 4.0s, Bb:maj 1.2s"
667,Eb:major,"Eb:maj 1.0s, F:7 1.0s, Bb:7 1.0s, Eb:maj 1.0s, F:7 2.5s, Bb:7 0.5s, Eb:maj 2.0s, F:7 1.0s, Bb:7 1.0s, Eb:maj 1.0s, F:7 1.8s, Bb:7 2.2s, F:min 4.0s, F:7 2.0s, Bb:7 2.0s, Eb:maj 1.0s, Bb:7 1.0s, Eb:maj 1.0s, Eb:7 1.0s, Ab:maj 1.0s, Eb:7 1.0s, Ab:maj 2.0s, Eb:maj 1.5s, Bb:7 0.5s, Eb:maj 0.2s, G:maj 0.5s, Bb:7 1.2s, Eb:maj 1.5s, Bb:7 0.5s, Eb:maj 2.0s, F:7 4.0s, Bb:7 4.0s, Eb:maj 1.2s, D:maj 0.8s, Eb:maj 1.0s, Eb:7 1.0s, Ab:maj 1.0s, Eb:7 1.0s, Ab:maj 2.0s, Eb:maj 4.0s"
4256,C:major,"C:maj9 1.5s, D:min7 1.5s, E:min7 1.5s, D:min7 1.5s, C:maj7 1.5s, A:7(b9) 1.5s, D:min7 1.5s, G:7 1.5s, D:hdim7 1.5s, G:7 1.5s, Eb:maj7 1.5s, G:7 1.5s, D:min7 1.5s, G:sus4(7) 1.0s, G:7 0.5s, C:maj 1.5s, D:min7 1.0s, G:7 0.5s, C:maj9 1.5s, D:min7 1.5s, E:min7 1.5s, D:min7 1.5s, C:maj7 1.5s, A:7(b9) 1.5s, D:min7 1.5s, G:7 1.5s, D:hdim7 1.5s, G:7 1.5s, Eb:maj7 1.5s, G:7 1.5s, D:min7 1.5s, G:sus4(7) 1.0s, G:7 0.5s, C:maj 1.5s, C:7 1.5s, F:maj 1.5s, G:min7 1.5s, A:min7 1.5s, G:min7 1.5s, F:maj9 1.5s, G:min7 1.5s, F:maj7 1.5s, F:maj6 1.5s"
4687,F:major,"F:maj 6.0s, C:7 2.0s, F:maj 6.5s, C:7 0.5s, F:maj 3.0s, F:maj 3.3s, C:7 0.8s, F:maj 2.0s, C:7 2.0s, F:maj 1.0s, F:7 1.0s, Bb:maj 1.0s, Db:7 1.0s, C:7 2.5s, C:7 3.5s, F:maj 6.0s, C:7 2.0s, F:maj 6.5s, C:7 0.5s, F:maj 3.0s, F:maj 3.2s, C:7 0.8s, F:maj 2.0s"
3237,Eb:major,"Bb:7 1.5s, Eb:maj 1.5s, C:min7 1.0s, Bb:7 1.5s, Eb:maj 2.5s, Bb:7 1.5s, F:7 2.0s, Bb:7 2.0s, Eb:7 5.0s, Ab:maj 1.0s, F:min7 2.0s, F#:dim 1.0s, Eb:maj 2.0s, Bb:7 2.0s, F:min7 3.0s, F:min7 2.0s, Bb:7 2.0s, Eb:maj 1.5s, C:min7 1.0s, Bb:7 1.5s, Eb:maj 2.5s, Bb:7 1.5s, Eb:maj 1.5s, C:min7 0.5s, Bb:7 2.0s, Eb:7 5.0s, Ab:maj 1.0s, F:min7 2.0s, F#:dim 1.5s, G:7 1.0s, C:min 1.0s, C:7 0.5s, F:min7 2.0s, Bb:7 0.5s"
814,C:major,"G:maj 8.0s, A:min 3.0s, D:7 1.0s, G:maj 1.0s, D:7 1.0s, G:maj 8.0s, A:min 3.0s, D:7 1.0s, G:maj 4.0s, F:7 4.0s, Bb:maj 4.0s, E:7 4.0s, A:7 2.0s, D:7 2.0s, G:maj 8.0s, A:min 3.0s, D:7 1.0s, G:maj 2.0s"
3918,C:major,"A:min7 4.0s, B:min7(b5) 2.0s, E:7 2.0s, A:min7 1.5s, D:7 0.5s, G:min7 1.0s, C:7 1.0s, F:maj6 4.0s, F#:min7(b5) 2.0s, B:7(b9) 2.0s, E:min7(b5) 2.0s, A:7(b9) 2.0s, D:min7(b5) 2.0s, B:min7(b5) 1.5s, E:7 0.5s, A:min6 2.0s, Bb:7(*5,#9,b9,#11,b13) 2.0s, A:min7 4.0s, B:min7(b5) 2.0s, E:7 2.0s, A:min7 1.5s, D:7 0.5s, G:min7 1.0s, C:7 1.0s, F:maj6 4.0s, F#:min7(b5) 2.0s, B:7(b9) 2.0s, E:min7(b5) 2.0s, A:7(b9) 2.0s, D:min7(b5) 2.0s, B:min7(b5) 1.5s, E:7 0.5s"
430,Eb:major,"Eb:maj 2.0s, Bb:aug 2.0s, Eb:maj 2.0s, G:hdim7 1.0s, C:7 1.0s, F:min 2.0s, Ab:min 1.0s, Bb:7 1.0s, Eb:maj 2.0s, Ab:min 1.0s, Bb:(3,#5,b7) 1.0s, Eb:maj 2.0s, Bb:aug 2.0s, Eb:maj 2.0s, G:hdim7 1.0s, C:7 1.0s, F:min 2.0s, Ab:min 1.0s, Bb:7 1.0s, Eb:maj 2.0s, Eb:7 2.0s, Ab:maj 2.0s, Ab:min 1.0s, F:hdim7 1.0s, Eb:maj/5 2.0s, Eb:maj6 2.0s, Ab:maj 2.0s, F:hdim7 2.0s, F:7 2.0s, Bb:7 2.0s, Eb:maj 2.0s, Bb:aug 2.0s, Eb:maj 2.0s, G:hdim7 1.0s, C:7 1.0s, F:min 2.0s, Ab:min 1.0s, Bb:7 1.0s"
4888,F:major,"F:maj 2.0s, G:min7 1.0s, C:7 1.0s, F:maj 2.0s, G:min7 1.0s, C:7 1.0s, F:maj 1.0s, F:maj/3 1.0s, G:min7 1.0s, C:7 1.0s, F:maj 1.0s, D:min7 1.0s, G:min7 1.0s, C:7 1.0s, F:maj 2.0s, G:min7 1.0s, C:7 1.0s, F:maj 2.0s, G:min7 1.0s, C:7 1.0s, F:maj 1.0s, F:maj/3 1.0s, G:min7 1.0s, C:7 1.0s, F:maj 1.0s, D:min7 1.0s, F:maj 1.0s, E:7 1.0s, A:7 4.0s, D:7 4.0s, G:7 4.0s, C:7 4.0s, F:maj 1.0s, D:7 1.0s, G:min7 1.0s, C:7 1.0s, F:maj 2.0s, G:min7 1.0s, C:7 1.0s, F:maj 1.0s, F:maj/3 1.0s, G:min7 1.0s, C:7 1.0s"
692,A:major,"A:maj 4.0s, A:maj 4.0s, A:maj 3.0s, A:min 2.0s, G:min 2.0s, D:min 1.5s, D:min 1.5s, D:min 2.0s, G:min 1.0s, C:maj 1.2s, G:dim 0.8s, G#:dim 1.0s, D:min/5 0.5s, A:maj 1.8s, D:min 0.7s, C#:dim 1.0s, A:maj 8.0s, A:maj 3.0s, A:min 2.0s, G:min 2.0s, D:min 1.5s, D:min 1.5s, D:min 2.0s, G:min 1.0s, C:maj 1.2s, G:dim 0.8s, G#:dim 1.0s, D:min/5 0.5s, A:maj 1.8s, D:min 0.8s, C#:dim 1.0s, A:maj 4.0s"
2809,C:major,"C:maj 3.0s, C:7 1.5s, F:maj 1.5s, C:maj 3.0s, G:7 3.0s, C:maj 3.0s, C:7 1.5s, F:maj 1.5s, C:maj 2.0s, G:7 1.0s, C:maj 4.5s, E:7 1.5s, F:maj 1.5s, C:maj 4.5s, G:7 3.0s, C:maj 3.0s, C:7 1.5s, F:maj 1.5s, C:maj 2.0s, G:7 1.0s, C:maj 3.0s, C:maj 3.0s"
2946,F:major,"D:min 0.5s, D:min/b7 1.5s, G:min6/b3 1.0s, A:7 1.0s, D:min 1.5s, D:min/b7 0.5s, E:7/b5 0.7s, Bb:7(b5) 0.7s, A:9 0.7s, Eb:9 1.0s, D:7(b9) 1.5s, D:9 0.5s, Db:9 0.5s, Bb:maj/9 1.0s, C:9 0.5s, F:maj7 0.7s, Bb:maj/3 0.7s, A:min7 0.7s, Bb:min6/b3 1.0s, C:7(b9) 0.0s, Bb:7 0.0s, A:7 1.0s, D:min 1.5s, D:min/b7 0.5s, E:hdim7 1.0s, A:7 1.0s, D:min 2.0s, E:7 1.0s, A:9 1.0s, Eb:9 1.0s, D:7(b9) 1.5s, D:9 0.5s, D:9 0.5s, Bb:maj/9 1.0s, C:9 0.5s, F:maj 1.0s, D:min6 1.0s, E:7(b9) 1.0s, A:7(b9) 1.0s, D:min7 1.0s, G:min7 1.0s, C:7 1.0s, F:maj7 1.0s, Bb:maj7 1.0s, E:hdim7 1.0s, Bb:7 1.0s, A:7 1.0s, D:min7 1.0s, G:min7 1.0s, C:7 1.0s, F:maj7 1.0s, Bb:maj7 1.0s, E:hdim7 1.0s, Bb:7 1.0s, A:7 1.0s, D:min 0.5s, D:min/b7 1.5s, G:min6/b3 1.0s, A:7 1.0s, D:min 0.5s, D:min/b7 1.5s, E:7/5 0.7s, Bb:7(b5) 0.7s, A:9 0.7s, Eb:9 0.5s, D:9 1.5s"
2574,C:major,"A:min 4.0s, E:7 4.0s, A:min 2.0s, F:maj 2.0s, E:7 4.0s, A:min 4.0s, A:min 4.0s, E:7 4.0s, A:min 2.0s, F:maj 2.0s, E:7 4.0s, A:maj 4.0s, D:min 2.0s, G:7 2.0s, C:maj 2.0s, F:maj 2.0s, E:7 2.0s, A:min 2.0s, D:min 2.0s, G:7 2.0s, C:maj 2.0s, F:maj 2.0s"
5630,E:major,"E:maj/5 0.5s, A:maj 3.0s, B:sus4(7) 3.0s, B:min/b3 4.0s, B:sus4(7) 1.0s, B:7 7.0s, B:sus4(7) 1.0s, B:7 4.8s, E:maj/5 3.2s, A:maj/9 4.0s, E:maj/5 4.0s, B:sus4(7) 4.0s, A:maj/9 3.0s, C:maj 1.0s, G:maj/3 1.0s, G:maj 1.0s, D:maj 1.0s, C:maj 1.0s, G:maj/3 1.0s, G:maj 0.5s, E:min7 0.2s, D:maj 1.2s, C:maj 1.0s, G:maj/3 1.0s, G:maj 1.0s, D:maj 1.0s, C:maj 1.0s, G:maj/3 1.0s, B:sus4(7) 3.0s, B:sus4(7) 0.5s"
6394,Bb:major,"Bb:maj6 4.0s, Bb:7 4.0s, Eb:maj 4.0s, Ab:9 4.0s, Bb:maj6 4.0s, C:9 4.0s, C:min7 4.0s, C:min7 4.0s, Bb:maj6 4.0s, Bb:7 4.0s, Eb:maj 4.0s, Ab:9 4.0s, Bb:maj6 4.0s, C:9 4.0s, C:min7 2.0s, F:7 2.0s"
5892,C:major,"C:maj 2.0s, D:min7 0.5s, G:7 1.5s, C:maj 2.0s, G:7 2.0s, C:maj 2.0s, D:min 0.5s, G:7 1.5s, C:maj 4.0s, E:min 2.0s, A:min6 1.5s, B:7 0.5s, E:min 2.0s, C:min6 2.0s, G:maj 1.5s, G#:dim7 0.5s, A:min7 0.5s, D:7 1.5s, D:min7 2.0s, G:7 2.0s, C:maj 4.0s, C:dim 4.0s, C:maj 4.0s, A:(3,#5,b7) 2.0s, A:7 2.0s, D:7 4.0s, G:7 4.0s, C:maj 3.0s, C:dim 1.0s"
3491,A:major,"A:maj 1.0s, E:maj 1.0s, E:7 2.0s, B:maj 1.0s, E:maj 1.0s, B:maj 1.0s, E:maj 1.0s, E:7 4.0s, B:maj 1.0s, E:maj 1.0s, E:maj 4.0s, E:7 2.0s, B:7 2.0s, A:maj 0.5s, E:maj 1.5s, B:maj 2.0s, A:maj 0.5s, E:maj 1.5s, A:maj 0.5s, E:maj 1.5s, A:maj 0.5s, E:maj 1.5s, B:maj 1.0s, E:maj 1.0s, A:maj 1.0s, F#:min 1.0s, B:maj 1.0s, D#:maj 1.0s, E:maj 2.0s"
6262,Eb:major,"Eb:maj 1.8s, Bb:7 4.0s, Eb:maj 1.0s, Bb:7 1.0s, Eb:maj 2.0s, Bb:7 4.0s, Eb:maj 2.0s, Eb:maj 2.0s, F:min7 1.0s, Bb:7 3.0s, Eb:maj 1.5s, Bb:7 0.5s, Eb:maj 1.0s, Eb:7 1.0s, Ab:maj 1.0s, A:dim 1.0s, Eb:maj/5 1.0s, Bb:7 1.0s, Eb:maj 1.0s, Bb:7 1.0s"
5204,G:major,"G:maj 0.5s, G:maj/3 0.5s, G:maj/3 0.5s, G:maj 0.5s, G:maj/3 0.5s, G:maj/3 0.5s, D:7 0.5s, D:(3,*5,b7)/b7 0.5s, D:(3,*5,b7)/b7 0.5s, G:maj/3 1.5s, G:maj 1.5s, G:maj 1.5s, C:maj 0.5s, G:maj 1.0s, G:maj 1.5s, G:maj 1.5s, C:maj 1.5s, D:maj 0.8s, D:maj/3 0.8s, D:7 0.8s, D:maj 0.8s, G:maj 0.8s, G:maj/5 0.8s, G:maj 0.8s, B:(b3,*5) 0.8s, E:min 0.8s, E:min/5 0.8s, E:min 0.8s, E:(*3,5) 0.8s, A:min 0.8s, A:min/b3 0.8s, D:7 0.8s, F#:dim/b3 0.8s, G:maj 0.0s, G:maj/3 0.8s, C:(3,*5) 0.8s, G:maj 0.8s, G:maj/3 0.8s, G:maj 1.5s, G:maj 0.8s, G:maj/5 0.8s, C:maj 0.0s, C:maj/3 0.8s, G:maj 0.8s, G:maj 1.5s, G:maj 0.8s, G:maj/3 0.8s, C:maj 0.8s, C:maj 0.8s, D:maj 0.8s, D:maj/3 0.8s, D:7 0.8s, D:maj 0.8s, G:maj 0.8s, G:maj/5 0.8s, G:maj 0.8s, B:(b3,*5) 0.8s, E:min 0.8s, E:min/5 0.8s, E:min 0.8s, E:(*3,5) 0.8s, A:min 0.8s, A:min/b3 0.8s, D:7 0.8s, F#:dim/b3 0.8s, G:maj 0.0s, G:maj/3 0.8s, C:(3,*5) 0.8s, G:maj 0.8s, G:maj/3 0.8s, G:maj 1.5s, G:maj 1.5s, G:maj 1.5s, G:maj 1.5s"
1063,C:major,"G:7 4.0s, C:maj 2.0s, F:maj 0.2s, C:maj 1.8s, G:7 2.0s, F:maj 0.2s, C:maj 3.8s, F:maj 0.2s, C:maj 1.8s, G:7 2.0s, C:maj 6.0s, G:7 2.0s, F:maj 0.5s, C:maj 5.5s, G:7 2.0s, C:maj 2.0s, C:maj 2.0s, F:maj 0.2s, C:maj 1.8s, G:7 2.0s, F:maj 0.2s, C:maj 3.8s, F:maj 0.2s, C:maj 1.8s, G:7 2.0s, C:maj 6.0s, G:7 2.0s, F:maj 0.5s, C:maj 1.5s"
2744,Eb:major,"Eb:maj 2.0s, F:7(b9) 1.5s, Bb:7 0.5s, Eb:maj 3.5s, Bb:7 0.5s, Eb:maj 2.0s, G:7(b5) 0.5s, C:7(b9) 1.0s, F:7 0.5s, Bb:maj 4.0s, Bb:min7 1.0s, Eb:7(b9) 1.0s, Ab:maj 2.0s, G:7 0.2s, G:7(b5) 0.8s, C:(3,#5,b7) 0.5s, C:7 0.5s, F:7 1.0s, F:min7 0.5s, Bb:7 0.5s, Eb:maj 2.0s, F:7(b9) 0.5s, Bb:7 1.5s, Eb:maj 6.0s, F:7(b9) 0.5s, Bb:7 1.5s, Eb:maj 3.5s, Bb:7 0.5s, Eb:maj 2.0s, G:7(b5) 0.5s, C:7(b9) 1.0s, F:7 0.5s, Bb:maj 4.0s, Bb:min7 1.0s, Eb:7(b9) 1.0s, Ab:maj 2.0s, G:7 0.2s, G:7(b5) 0.8s, C:(3,#5,b7) 0.5s, C:7 0.5s, F:7 0.0s, F:min7 1.0s, Bb:7 1.0s, Eb:maj 2.0s, F:7(b9) 1.5s, Bb:7 0.5s"
6200,Db:major,"Bb:min7 8.0s, Eb:min7 4.0s, Bb:min7 4.0s, F:7 4.0s, Bb:min7 2.0s, Gb:7 1.0s, F:7 1.0s, Gb:7 4.0s, Bb:maj 2.0s, D:min7 1.0s, Db:dim7 1.0s, C:min7 0.8s, Eb:min7 0.8s, Bb:maj 0.5s, C:7 1.0s, F:7 1.0s, Bb:7 0.5s, G:(3,#5,b7) 0.5s, C:7 0.5s, F:7 0.5s, Bb:7 0.5s, Eb:7 0.5s, Ab:7 0.5s, Db:7 0.5s, Gb:7 2.0s, Gb:7 2.0s, Bb:maj 2.0s, D:min7 1.0s, Db:dim7 1.0s, C:min7 0.8s, Eb:min7 0.8s, Bb:maj 0.5s, C:7 1.0s, F:7 1.0s, Bb:7 4.0s"
3751,Db:major,"D:min7 1.5s, G:(3,5,b7,9,b9,11,13) 1.5s, D:min7 1.5s, Db:maj7 1.5s, Eb:min7 1.5s, Ab:7(b9) 1.5s, Db:maj7 3.0s, D:min7 1.5s, G:(3,5,b7,9,b9,11,13) 1.5s, D:min7 1.5s, Db:maj7 1.5s, Eb:min7 1.5s, Ab:7(b9) 1.5s, Db:maj9 3.0s, Ab:min7 1.5s, Db:(3,5,b7,9,11,13) 1.5s, Bb:7(#9) 1.5s, Bb:7(b5) 1.5s, Eb:min7 1.5s, Ab:7(b9) 1.5s, Db:maj7 1.5s, F:7(b5) 0.5s, E:7(b5) 0.5s, Eb:7(b5) 0.5s, D:min7 1.5s, G:(3,5,b7,9,b9,11,13) 1.5s, D:min7 1.5s, Db:maj7 1.5s, Eb:min7 1.5s, Ab:7(b9) 3.0s, Db:maj7 1.5s"
2888,C:major,"C:maj 10.0s, B:7 1.5s, D:min 0.5s, A:7 2.0s, D:min 0.5s, A:7 0.5s, D:min 0.5s, E:min 0.5s, D:min7 1.0s, G:7 3.0s, C:maj 4.0s, B:7 4.0s, E:min 1.0s, Eb:min6 0.5s, G:7 2.5s, C:maj 10.0s, G:7 1.0s, C:7 1.0s, F:maj 1.0s, A:7 1.0s, D:min 2.0s, F:maj6 2.0s, B:7 2.0s, C:maj 1.0s, G:7 1.0s, A:7 2.0s, D:7 2.0s, G:7 1.5s, C:maj 0.5s"
2136,F:major,"D:min 1.0s, D:min7 1.0s, Bb:7 1.0s, A:7 1.0s, D:min 1.0s, D:min7 1.0s, Bb:7 1.0s, A:7 1.0s, G:min7 3.0s, A:7 1.0s, D:min 1.0s, D:min7 1.0s, Bb:7 1.0s, A:7 1.0s, G:min7 1.0s, A:7 1.0s, G:min7 1.0s, A:7 1.0s, D:min 1.0s, D:min7 1.0s, Bb:7 1.0s, A:7 1.0s, D:min 1.0s, D:min7 1.0s, Bb:7 1.0s, A:7 1.0s, D:min 1.0s, D:min7 1.0s, Bb:7 1.0s, A:7 1.0s, G:min7 3.0s, A:7 1.0s, D:min 1.0s, D:min7 1.0s, Bb:7 1.0s, A:7 1.0s, G:min7 1.0s, A:7 1.0s, G:min7 1.0s, A:7 1.0s, D:min 1.0s, D:min7 1.0s, Bb:7 1.0s, A:7 1.0s"
2379,Eb:major,"C:min 3.0s, G:maj 1.0s, F:min 3.0s, G:maj 1.0s, C:min 1.0s, G:maj 1.0s, C:min 1.0s, G:maj 1.0s, C:min 1.0s, G:maj 1.0s, C:min 1.0s, G:maj 1.0s, C:min 2.0s"
3667,Ab:major,"Ab:maj 1.0s, Ab:7 1.0s, Db:maj 1.0s, E:7 1.0s, Ab:maj 1.0s, F:min 0.5s, F:min7 0.5s, E:7 0.8s, Eb:7 1.2s, Ab:maj 1.0s, Ab:7 1.0s, Db:maj 1.0s, E:7 1.0s, Ab:maj 1.0s, F:min 0.5s, F:min7 0.5s, Bb:min7 1.0s, Eb:9 1.0s, Ab:maj6 2.0s, Db:maj6 2.0s, Ab:maj6 2.0s, Bb:min7 0.5s, Eb:9 1.5s, Ab:maj6 2.0s, Db:maj6 2.0s, Ab:maj6 2.0s, E:9 1.0s, Eb:9 1.0s, Ab:maj6 2.0s, Db:9 2.0s, Ab:maj6 2.0s, Bb:min7 0.5s, Eb:9 1.5s, Ab:maj6 2.0s, Db:maj6 2.2s, Ab:maj6 0.8s, F:min 1.0s, Eb:9 0.2s, Eb:7 0.5s, Ab:maj6 1.2s, C:7 4.0s, F:7 2.0s, F:9 2.0s, Bb:9 2.0s, Bb:9 1.5s, Bb:7 0.5s"
6026,G:major,"C:maj 1.0s, F#:hdim7 2.0s, B:7(b5) 0.7s, B:7(b9) 0.2s, B:7 1.0s, E:min 2.0s, C:maj 2.0s, A:min 2.0s, D:maj 2.0s, A:dim 1.0s, G:maj 1.0s, B:min 2.0s, E:min 3.0s, A:9 1.0s, D:min 3.0s, G:9 1.0s, G:min6 1.0s, A:7 1.0s, F:min6 1.0s, G:7 1.0s, C:maj 4.0s, F#:hdim7 2.0s, B:7(b5) 0.8s, B:7(b9) 0.2s, B:7 1.0s, E:min 2.0s, C:maj 2.0s, A:min 2.0s, D:maj 2.0s, A:dim 1.0s, G:maj 1.0s, G:7 2.0s, E:min 2.0s, C#:hdim7 1.5s, C:min6 0.5s, G:maj 2.0s, C:maj 2.0s, B:min7 1.5s, Bb:7 0.5s, A:min7 1.0s"
4026,Eb:major,"Eb:maj6 1.5s, Gb:dim7 0.5s, F:min7 1.0s, Bb:7 1.0s, Eb:maj6 1.0s, Gb:dim7 1.0s, F:min7 1.0s, Bb:7 1.2s, Eb:maj 0.8s, E:dim7 1.0s, Bb:7/5 2.0s, Eb:maj/3 1.0s, Gb:dim7 1.0s, F:min7 1.0s, Bb:7 1.0s, Eb:maj/3 0.8s, Eb:min/b3 1.2s, Bb:maj/5 1.0s, G:min7 1.0s, C:min7 1.0s, F:7 1.0s, Bb:sus4(7) 1.0s, Bb:7 1.0s, F:9/3 1.0s, Ab:min6 0.5s, Ab:dim7 0.5s, Eb:maj/3 1.0s, Gb:dim7 1.0s, F:min 1.0s, C:maj/3 0.5s, E:dim7 0.5s, Cb:7 1.0s, Bb:7 0.5s, Bb:(3,#5,b7) 2.5s"
483,G:major,"E:min 2.0s, E:min 2.0s, E:min 2.0s, E:min 2.0s, E:min 2.0s, E:min 2.0s, E:min 2.0s, E:min 2.0s, A:min 2.0s, B:min7 1.0s, B:7/3 1.0s, E:min 2.0s, D:maj/3 2.0s, G:maj 1.0s, C:maj/5 0.5s, G:maj 0.5s, B:7/3 1.0s, B:7 1.0s, E:min 1.0s, C:maj 1.0s, D:maj/3 2.0s, G:maj 1.5s, C:maj 0.5s, B:7/3 1.0s, B:7 1.0s, E:min 1.5s, A:min 0.5s, E:min 2.0s, E:min 2.0s, E:min 2.0s, E:min 2.0s, E:min 2.0s, E:min 2.0s, E:min 2.0s, E:min 2.0s, E:min 2.0s, A:min 2.0s, B:min7 1.0s, B:7/3 1.0s"
147,Eb:major,"Eb:(*3,*5) 0.5s, G:maj 0.5s, Ab:(*3,*5) 0.5s, Bb:maj 0.5s, Eb:(*3,*5) 0.5s, E:maj 0.5s, F:maj 0.5s, Bb:(*3,*5) 0.5s, F:maj 0.5s, Bb:maj 0.5s, Eb:(*3,*5) 0.5s, C:maj 0.5s, Eb:(*3,*5) 0.5s, Eb:maj 0.5s, Ab:(*3,*5) 0.5s, F:maj 0.5s, Bb:(*3,*5) 0.5s, G:maj 0.2s, Bb:maj 0.2s, Eb:(*3,*5) 0.5s, Bb:maj 0.5s, Eb:(*3,*5) 0.5s, E:maj 0.5s, F:maj 0.5s, Bb:(*3,*5) 0.5s, F:maj 0.5s, Bb:maj 0.5s, Eb:(*3,*5) 0.5s, C:maj 0.5s, Eb:(*3,*5) 0.5s, Eb:maj 0.5s, Ab:(*3,*5) 0.5s, F:maj 0.5s, Bb:(*3,*5) 0.5s, G:maj 0.2s, Bb:(*3,*5) 0.2s, Eb:(*3,*5) 0.8s, Eb:maj 0.2s, Ab:(*3,*5) 0.5s, Bb:maj 0.5s, Eb:(*3,*5) 0.2s, C:maj 0.3s, Eb:(*3,*5) 0.2s, Eb:maj 0.2s, Ab:(*3,*5) 0.5s, Bb:maj 0.5s, Eb:(*3,*5) 0.8s, C:maj 0.2s, Eb:(*3,*5) 0.5s, Eb:maj 0.5s, Ab:(*3,*5) 0.5s, F:maj 0.5s, Bb:(*3,*5) 0.5s, G:maj 0.2s, Bb:maj 0.2s, Eb:(*3,*5) 0.8s, Bb:maj 0.2s, Eb:(*3,*5) 0.5s, E:maj 0.5s, F:maj 0.5s, Bb:(*3,*5) 0.5s, F:maj 0.5s, Bb:maj 0.5s, Eb:(*3,*5) 0.5s, C:maj 0.5s, Eb:(*3,*5) 0.5s, Eb:maj 0.5s, Ab:(*3,*5) 0.5s, F:maj 0.5s, Bb:(*3,*5) 0.5s, G:maj 0.2s, Bb:maj 0.2s, Eb:(*3,*5) 0.8s, Eb:maj 0.2s, Ab:(*3,*5) 0.5s, Bb:maj 0.5s, Eb:(*3,*5) 0.2s, C:maj 0.3s, Eb:(*3,*5) 0.2s, Eb:maj 0.2s, Ab:(*3,*5) 0.5s, Bb:maj 0.5s, Eb:(*3,*5) 0.8s, C:maj 0.2s, Eb:(*3,*5) 0.5s, Eb:maj 0.5s, Ab:(*3,*5) 0.5s, F:maj 0.5s, Bb:(*3,*5) 0.5s, G:maj 0.2s, Bb:maj 0.2s, Eb:(*3,*5) 0.8s, C:maj 0.2s, Eb:(*3,*5) 0.5s, Eb:maj 0.5s, Ab:(*3,*5) 0.5s, F:maj 0.5s, Bb:(*3,*5) 1.0s, G:maj 0.5s, Bb:maj 0.5s, Eb:(*3,*5) 0.5s, Bb:maj 0.5s, Eb:(*3,*5) 0.5s, Eb:maj 0.5s"
4353,Ab:major,"Ab:maj6 2.0s, C:min7 1.0s, F:7 1.0s, Bb:min7 1.0s, Eb:7 0.5s, Ab:maj6 2.5s, Ab:maj6 2.0s, C:min7 1.0s, F:7 1.0s, Bb:min7 1.0s, Eb:7 0.5s, Ab:maj6 2.5s, C:hdim7 1.0s, Gb:7 0.8s, F:7 2.2s, Bb:min7 1.0s, Fb:(3,#5,b7) 0.8s, Eb:7 2.2s, Ab:7 1.0s, Ab:9/3 1.0s, Db:maj6 0.8s, D:dim7 1.2s, Ab:maj6/5 1.0s, Eb:7 0.5s, Ab:maj6 2.5s, Ab:maj6 2.0s, C:min7 1.0s, F:7 1.0s, Bb:min7 1.0s, Eb:7 0.5s, Ab:maj6 2.5s, Ab:maj6 2.0s, C:min7 1.0s, F:7 1.0s, Bb:min7 1.0s, Eb:7 0.5s, Ab:maj6 2.5s, C:hdim7 1.0s, Gb:7 0.8s, F:7 2.2s, Bb:min7 1.0s, Fb:(3,#5,b7) 0.8s, Eb:7 2.2s, Ab:7 1.0s, Ab:9/3 1.0s, Db:maj6 0.8s, D:dim7 1.2s"
416,Eb:major,"C:min6 4.0s, G:7 8.0s, C:min6 8.0s, G:7 8.0s, C:min6 4.0s, F:min6 2.0s, G:7 2.0s, C:min6 4.0s, F:min6 4.0s, C:maj 4.0s, D:min 2.0s, G:7 2.0s, C:maj7 4.0s, D:min 2.0s, G:7 2.0s"
2371,F:major,"D:min 1.0s, G:7 2.0s, G:min 1.0s, C:7 1.0s, F:maj 1.0s, A:min 1.0s, F:maj 1.0s, D:min 1.0s, G:7 2.0s, G:min 1.0s, C:7 1.0s, F:7 4.0s, Bb:maj 2.0s, Bb:min 2.0s, F:maj 1.0s, A:7 1.0s, D:7 2.0s, D:min 2.0s, F:7 2.0s, G:min 2.0s, C:7 1.0s, D:min 1.0s, G:7 2.0s, G:min 1.0s, C:7 1.0s, F:maj 1.0s, A:min 1.0s, F:maj 1.0s, D:min 1.0s, G:7 2.0s, G:min 1.0s, C:7 1.0s, F:7 2.0s, Eb:7 2.0s, Bb:maj 2.0s, Bb:min 2.0s, F:maj 0.8s, A:min 1.2s, D:7 1.0s, D:min 1.0s, G:7 2.0s, G:min 1.0s"
5795,C:major,"C:maj 4.0s, G:7 8.0s, C:maj 8.0s, F:maj 2.0s, D:7 6.0s, G:7 4.0s, C:maj 4.0s, G:7 8.0s, C:maj 8.0s, F:maj 4.0s, G:7 4.0s"
5726,Bb:major,"G:maj 2.0s, C:maj 2.0s, D:maj 2.0s, G:maj 2.0s, C:maj 2.0s, D:maj 2.0s, G:maj 0.5s, Bb:(*3,*5) 1.5s, Eb:maj 1.0s, D:(*3,*5) 1.0s, G:maj 1.0s, A:maj 1.0s, D:(*3,*5) 1.0s, D:maj 1.0s, G:maj 1.5s, Bb:(*3,*5) 0.5s, G:maj 2.0s, C:maj 2.0s, D:maj 2.0s, G:maj 1.0s, Bb:(*3,*5) 1.0s, Eb:maj 1.0s, D:maj 1.0s, G:maj 1.0s, A:maj 1.0s, D:(*3,*5) 1.0s, D:maj 1.0s, G:maj 2.0s, Bb:(*3,*5) 2.0s, F:maj 2.0s, Eb:(*3,*5) 0.5s, G:maj 1.5s, F:maj 2.0s, Bb:(*3,*5) 2.0s, D:(*3,*5) 1.0s, D:maj 1.0s, Eb:(*3,*5) 2.0s, C:maj 2.0s, D:(*3,*5) 1.0s, D:maj 1.0s, C:maj 2.0s, D:maj 2.0s"
3142,C:major,"C:maj 2.0s, E:min7 2.0s, F:maj 2.0s, D:min7 2.0s, G:maj 2.0s, F:maj 2.0s, G:sus4(7) 1.0s, G:7 0.8s, G:9/3 0.2s, C:maj 6.0s, F#:7 2.0s, D:min7 2.0s, G:maj 2.0s, G:maj7 2.0s, G:7 2.0s, D:min7 1.0s, G:7 1.0s, C:maj 2.0s, C:7 2.0s, Bb:maj/5 1.0s, F:maj 3.0s, F:maj/5 1.0s, C:maj 3.0s, G:7 1.0s, D:min7 1.0s, G:7 2.0s, C:maj 1.0s, G:7/4 1.0s, C:7 2.0s, Bb:maj/5 1.0s, F:maj 3.0s, F:maj/5 1.0s, C:maj 3.0s"
3458,Bb:major,"G:min 2.0s, G:7 1.0s, C:min 2.0s, D:7 2.0s, G:min 4.0s, C:min 2.0s, D:7 2.0s, G:min 3.0s, G:7 1.0s, C:min 2.0s, D:7 2.0s, G:min 4.0s, C:min 1.0s, G:min 1.0s, D:7 2.0s, G:min 8.0s, D:7 4.0s, G:min 2.0s, D:7 2.0s, G:min 2.0s, D:7 2.0s, G:min 2.0s, D:7 2.0s, G:min 2.0s, G:min 3.0s"
1105,F:major,"G:min7 2.0s, C:7 2.0s, F:maj7 2.0s, D:7 2.0s, G:min7 2.0s, C:7 2.0s, F:maj7 4.0s, Bb:min7 2.0s, Eb:7 2.0s, Ab:maj7 2.0s, G:(3,#5,b7) 2.0s, C:maj7 2.0s, D:min7 1.5s, G:7 0.5s, C:maj7 2.0s, D:min7 1.0s, G:7 1.0s, G:min7 2.0s, C:7 2.0s, F:maj7 2.0s, D:7 2.0s, G:min7 2.0s, C:7 2.0s, A:dim7 2.0s, D:7 2.0s, G:min7 2.0s, Bb:min7 1.5s, Eb:7 0.5s, F:maj7 2.0s, Bb:min7 1.0s, Eb:7 1.0s, A:min7 1.0s, D:7 1.0s, G:min7 1.5s, C:7 0.5s"
4756,Eb:major,"Eb:maj 1.0s, Bb:9 1.0s, Eb:maj 1.0s, Eb:maj7 1.0s, Eb:maj 1.0s, Eb:maj7 1.0s, Eb:maj 1.0s, Eb:maj7 1.0s, Eb:maj 1.0s, Eb:maj7 1.0s, Eb:maj 1.0s, E:dim 1.0s, Ab:maj 1.0s, F:9 1.0s, Bb:maj 2.0s, F:min7 1.0s, Bb:7 1.0s, Eb:maj 1.5s, Eb:maj7 0.5s, F:min7 1.0s, Bb:9 0.5s, Bb:maj 0.5s, Eb:maj 2.0s, C:min6 1.0s, D:aug 0.5s, D:7 0.5s, G:maj 0.5s, B:maj 0.5s, A:min7 2.0s, D:7(b9) 0.8s, D:7 0.2s, G:maj 2.0s, Bb:7 0.5s, Eb:maj 0.8s, Bb:9 0.8s, Eb:maj 1.0s, Eb:maj7 1.0s, Eb:maj 2.0s, Ab:maj 1.5s, Ab:maj6 0.5s, Eb:maj 1.0s, Bb:7 0.2s, Bb:(3,#5,b7) 0.8s, Eb:maj 1.0s, Db:maj 1.0s, Eb:maj 1.0s, Bb:7 1.0s, Eb:maj 1.0s, F:min7 1.0s, Eb:maj 1.0s, Bb:7 1.0s, Eb:maj 1.0s, Ab:maj 1.0s, Eb:maj 2.0s, Bb:9 2.0s, Bb:maj 0.5s, Eb:maj 1.5s, F:min7 1.0s, Bb:7 1.0s"
5009,Eb:major,"Eb:maj 5.5s, F:7 0.5s, Bb:maj 2.0s, Eb:maj 5.5s, Bb:7 0.5s, Eb:maj 2.0s, Eb:maj 5.0s, C:min7 0.5s, F:7 0.5s, Bb:maj 2.0s, Eb:maj 5.5s, Bb:7 0.5s, Eb:maj 2.0s, Eb:maj 5.5s, F:7 0.5s, Bb:maj 2.0s, Eb:maj 5.5s, Bb:7 0.5s, Eb:maj 2.0s, Eb:maj 5.0s, C:min7 0.5s, F:7 0.5s, Bb:maj 2.0s, Eb:maj 4.0s"
4822,Eb:major,"Eb:maj 3.0s, Ab:maj 1.0s, Eb:maj 4.0s, G:min/b3 3.0s, D:7 1.0s, Eb:maj 7.0s, Ab:maj 1.0s, Eb:maj 4.0s, G:min/b3 3.0s, Bb:7 1.0s, Eb:maj 4.0s, Ab:maj 4.0s, Eb:maj 4.0s, G:min/b3 3.0s, D:7 1.0s, Eb:maj 1.0s, F:min7 1.0s, F#:dim7 1.0s, Eb:maj/3 1.0s, Ab:maj 4.0s, Eb:maj 4.0s, G:min/b3 3.0s, Bb:7 1.0s"
1792,C:major,"C:maj 2.0s, D:min7 1.0s, G:7 1.0s, C:maj 2.0s, C:7 2.0s, F:maj 2.0s, G:min 1.0s, C:7 1.0s, F:maj 4.0s, G:7 4.0s, C:maj 2.0s, A:7 2.0s, D:min 1.0s, A:7 1.0s, D:min 1.0s, D:7 1.0s, G:7 2.0s, D:min7 2.0s, C:maj 2.0s, D:min7 1.5s, G:7 0.5s, C:maj 2.0s, C:7 2.0s, F:maj 2.0s, G:min7 1.5s, C:7 0.5s, F:maj 4.0s, G:7 4.0s, G:min 2.0s, A:7 2.0s, D:min 2.0s, G:7 2.0s"
3665,Bb:major,"Bb:maj 2.0s, Bb:maj7 2.0s, G:min9 2.0s, B:dim 2.0s, C:min7 1.0s, F:maj/b7 1.0s, F:7 2.0s, Bb:maj 3.5s, D:7/5 0.5s, G:min 2.0s, D:7/5 2.0s, D:7(b9) 0.5s, D:aug 1.0s, D:7 0.5s, G:min 2.0s, D:maj/5 0.5s, E:min7/4 1.0s, F#:min/b3 0.5s, E:min7 1.0s, Eb:7(b5) 1.0s, D:maj 2.0s, F:7/5 2.0s, Bb:maj6 4.0s, C#:dim7 4.0s, F:7 2.5s, F:9 1.0s, F:7(b9) 0.5s, Bb:maj6 2.0s, A:aug 1.0s, F:min/b3 1.0s, G:7 4.0s, G:min7/4 2.0s, C:min 2.0s, C:7 2.0s, C:maj6 1.0s, C:7 1.0s"
3898,C:major,"F:maj 2.0s, F:min7 2.0s, Eb:maj7 2.0s, D:min7 0.5s, E:min7 0.5s, F:min7 0.5s, E:min7 0.5s, D:min7 1.5s, G:7 0.5s, C:maj7 2.0s, D:min7 1.0s, F:maj/9 1.0s, C:maj7 2.0s, E:hdim7 2.0s, A:sus4(7) 0.5s, A:7 1.5s, D:min7 2.0s, D:hdim7 2.0s, A:min 2.0s, E:sus4(7) 0.5s, E:7 1.5s, C:7 2.0s, F:maj7 2.0s, B:hdim7 1.0s, E:7(b9) 1.0s, A:min 2.0s, D:7 2.0s, F:maj/9 1.0s, D:min7 0.5s, G:maj6 0.5s, D:min7 1.0s, G:7 1.0s, C:maj7 2.0s, D:min7 1.0s, F:maj/9 1.0s, C:maj7 2.0s, E:hdim7 2.0s, A:sus4(7) 0.5s, A:7 1.5s, D:min7 2.0s, D:hdim7 2.0s, A:min 1.0s, A:(3,#5,b7) 0.5s, A:7 0.5s, D:min7 1.0s, E:7 1.0s"
3281,Bb:major,"Bb:maj 2.0s, Eb:maj 2.0s, F:7 2.0s, Bb:maj 4.0s, Eb:maj 2.0s, Bb:maj 1.0s, F:7 1.0s, Bb:maj 2.0s, Bb:maj 1.0s, Eb:maj 1.0s, F:7 1.0s, Bb:maj 1.0s, G:min 1.0s, Eb:maj 1.0s, F:7 2.0s, Bb:maj 1.0s, F:maj 0.5s, Bb:maj 0.5s, Eb:maj 2.0s, Bb:maj 1.0s, F:7 1.0s, Bb:maj 2.0s"
6633,C:major,"A:min 3.0s, G:maj 4.0s, C:maj 4.0s, G:maj 4.0s, E:min 4.0s, C:maj 4.0s, A:min 4.0s, D:maj 2.0s, G:maj 2.0s, C:maj 2.0s, A:min 2.0s, D:7 2.0s, E:min 2.0s, D:7 2.0s, A:min 2.0s, D:maj 2.0s, G:maj 2.0s, C:maj 2.0s, A:min 2.0s, D:7 2.0s, E:min 2.0s, D:7 2.0s, A:min 2.0s, D:7 1.0s"
2504,F:major,"F:maj 1.5s, C:7 1.0s, F:maj 1.5s, Bb:maj 0.5s, F:maj 0.5s, Bb:maj 0.5s, B:maj 0.5s, C:7 10.0s, F:maj 8.0s, F:maj 2.0s, C:7 1.0s, F:maj 1.0s, C:7 8.0s, F:maj 8.0s, C:7 8.0s, F:maj 4.0s, F:maj 4.0s"
6425,C:major,"C:maj 2.0s, G:7 1.0s, C:maj 2.0s, F:maj 1.0s, D:7 1.0s, G:7 1.0s, C:maj 2.0s, G:7 1.0s, C:maj 1.0s, C:maj 1.0s, D:7 1.0s, G:7 1.0s, C:maj 1.0s, A:min 2.0s, E:7 1.0s, A:min 1.0s, B:7 1.0s, E:min 1.0s, E:min 0.5s, B:7 0.5s, E:7 1.0s, A:min 2.0s, E:7 1.0s, A:min 1.0s, C:min 1.0s, G:maj 1.0s, D:7 1.0s, G:maj 1.0s, C:maj 2.0s, G:7 1.0s, C:maj 2.0s, F:maj 1.0s, D:7 1.0s, G:7 1.0s, C:maj 2.0s, G:7 1.0s, C:maj 1.0s, C:maj 1.0s, F:maj 1.0s, C:maj 0.5s, G:7 0.5s, C:maj 1.0s, C:maj 2.0s, G:7 1.0s, C:maj 2.0s, F:maj 1.0s, D:7 1.0s, G:7 1.0s, C:maj 2.0s, G:7 1.0s, C:maj 1.0s"
2525,Db:major,"Db:maj 4.0s, Ab:7 1.0s, Gb:7 3.0s, Db:maj 4.0s, Ab:min7 2.0s, Db:7 2.0s, Gb:maj 2.0s, Gb:min7 2.0s, Db:maj/3 4.0s, Bb:7 4.0s, Eb:min7 2.0s, Ab:sus4(7) 1.0s, Ab:7 1.0s, Db:maj 4.0s, Ab:7 1.0s, Gb:7 3.0s, Db:maj 4.0s, Ab:min7 2.0s, Db:7 2.0s, Gb:maj 2.0s, Gb:min7 2.0s, Db:maj/3 2.0s, Bb:7(b9) 2.0s, Eb:min7 2.0s, Ab:7(b9) 2.0s"
389,G:major,"G:maj 6.0s, C:maj 4.0s, D:7 4.0s, G:maj 8.0s, C:maj 4.0s, D:7 4.0s, G:maj 2.0s, G:maj 6.0s, C:maj 4.0s, D:7 4.0s, G:maj 8.0s, C:maj 4.0s, D:7 2.0s"
5758,G:major,"Eb:7 0.5s, A:dim7 1.5s, D:7(b9) 0.5s, G:maj 5.0s, Eb:7 1.0s, A:dim7 1.0s, D:7 1.0s, G:maj 12.0s, A:7 2.0s, A:(3,5,b7,9,11,13) 4.0s, D:9 3.0s, Eb:7 1.0s, A:dim7 1.0s, D:7(b9) 1.0s, G:maj 5.0s, Ab:9 1.0s, G:7(b9) 3.0s, F:7 5.0s, F:7 3.0s, C:7 4.0s, Eb:7 1.0s, A:dim7 1.0s, D:7(b9) 2.0s, C:7 0.5s"
1348,F:major,"F:maj 1.5s, G:min7 1.5s, F:dim 1.5s, C:7 1.5s, F:maj 1.5s, C:7 0.5s, F:maj 3.0s, G:7 0.5s, C:7 0.5s, F:maj 1.5s, C:7 0.5s, F:maj 1.0s, C:7 2.0s, G:7 0.5s, C:7 5.5s, G:min 0.5s, D:7 0.5s, G:min 2.0s, G:min7 0.5s, C:7 0.5s, F:maj 1.5s, G:min7 0.5s, F#:dim 0.5s, C:7 0.5s, F:maj 1.5s, Bb:maj 0.5s, F:maj 2.5s, C:7 1.5s, F:maj 1.5s, Bb:maj 0.5s, F:maj 1.0s, C:7 4.5s, C:7 2.5s, C#:dim 0.5s, G:min 0.5s, D:7 0.5s, G:min 0.5s, G:min7 1.5s, C:9 0.5s, C:7 1.0s, F:maj 2.0s, F:dim 0.5s, F:maj 0.5s, A:aug 0.5s, A:7 1.0s, Bb:maj 1.5s, Bb:maj6 1.5s, C:7 1.5s"
5225,A:major,"A:maj 1.0s, C#:min 2.0s, D:maj 2.0s, A:maj 2.0s, D:maj 2.0s, E:maj 2.0s, A:maj 2.0s, E:maj 2.0s, A:maj 2.0s, C#:min 2.0s, D:maj 2.0s, A:maj 2.0s, B:maj 4.0s, E:maj 4.0s, A:maj 2.0s, C#:min 2.0s, D:maj 4.0s, B:maj 4.0s, E:maj 2.0s, E:7 2.0s, A:maj 2.0s, A:7 2.0s, D:maj 2.0s, D#:dim 2.0s, A:maj 2.0s, E:maj 2.0s, A:maj 1.0s"
2367,G:major,"G:maj 2.0s, D:maj 2.0s, E:min 2.0s, B:maj 2.0s, C:maj 2.0s, G:maj 2.0s, A:maj 2.0s, D:maj 2.0s, G:maj 2.0s, D:maj 2.0s, E:min 2.0s, B:maj 2.0s, C:maj 2.0s, G:maj 2.0s, D:maj 2.0s, G:maj 1.0s, D:maj 1.0s, G:maj 2.0s, D:maj 2.0s, E:min 2.0s, B:maj 2.0s, C:maj 2.0s, G:maj 2.0s, A:maj 2.0s, D:maj 2.0s, G:maj 2.0s, D:maj 2.0s, E:min 2.0s, B:maj 2.0s, C:maj 2.0s, G:maj 2.0s"
6565,G:major,"G:maj 4.0s, D:7 2.0s, G:maj 2.0s, A:min7 1.0s, D:7 1.0s, G:maj 2.0s, A:min7 1.0s, D:7 1.0s, G:maj6 2.0s, G:maj 4.0s, A:7 2.0s, A:min7/4 1.0s, D:7 1.0s, G:maj 10.0s, B:7 2.0s, C:maj 2.0s, E:7 2.0s, A:min 5.0s, D:9 1.0s, A:min7 2.0s, D:7 4.0s, G:maj 1.0s, E:min7 1.0s, A:min7 1.0s, D:7(#5,b9) 1.0s, G:maj 4.0s"
201,Eb:major,"Ab:maj/5 2.0s, Eb:maj 2.0s, F:hdim7 2.0s, Bb:7(b9) 2.0s, Ab:maj/5 2.0s, Eb:maj 2.0s, Ab:min7 2.0s, Db:7 2.0s, Eb:maj 2.0s, C:7(b9) 2.0s, F:min7 2.0s, Bb:7 1.5s, Bb:7/7 0.5s, G:min7 2.0s, C:7(b9) 2.0s, F:min7 2.0s, Bb:7 2.0s, Ab:maj/5 2.0s, Eb:maj 2.0s, F:hdim7 2.0s, Bb:7(b9) 2.0s, Ab:maj/5 2.0s, Eb:maj 2.0s, G:min7 2.0s, C:7 2.0s, Ab:sus4 2.0s, A:hdim7 1.0s, D:7(b9) 1.0s, G:(3,#5,b7) 1.0s, Db:9 1.0s, C:7 2.0s, F:min 1.0s, C:7/5 1.0s, F:min/b3 1.0s, Bb:7 1.0s"
5693,F:major,"C:maj/9 1.0s, F:maj 2.0s, F:maj/3 1.0s, Bb:maj 2.0s, C:sus4(7,9) 2.0s, C:maj/4 1.0s, F:maj 2.0s, F:maj/3 1.0s, Bb:maj 3.0s, D:7/5 2.0s, G:min 1.0s, C:7 1.0s, C:maj/b7 1.0s, F:maj/3 1.5s, A:7/3 0.5s, D:min 1.0s, C:7/3 0.5s, F:maj 0.5s, G:sus4(7) 2.0s, G:7 2.0s, C:sus4(7) 2.0s, C:7 1.0s, Bb:maj7/9 1.0s, C:7(b9) 1.0s, F:maj 4.0s, A:min 2.0s, D:7(b9) 2.0s, G:min7 2.0s, C:9 2.0s, F:maj 3.0s, Bb:maj7/9 0.5s, C:7(b9) 0.5s, F:maj 4.0s, A:min 2.0s, D:7(b9) 2.0s, G:min7 2.0s, C:9 1.0s"
877,C:major,"F:maj 6.0s, F:7 2.0s, Bb:maj 4.0s, F:maj 4.0s, C:7 2.0s, Bb:maj 2.0s, F:maj 1.0s, Bb:maj 1.0s, F:maj 8.0s, F:7 2.0s, Bb:maj 4.0s, F:maj 4.0s, C:7 2.0s, Bb:maj 2.0s, F:maj 1.0s, Bb:maj 1.5s, F:maj 10.0s, Bb:maj 3.5s"
3386,G:major,"G:maj 0.8s, D:7 1.2s, G:maj 2.0s, A:7 1.0s, D:7 1.0s, G:maj 1.0s, G:7 1.0s, C:maj 1.0s, C:min6 1.0s, G:maj 1.0s, E:7 1.0s, A:7 2.0s, D:7 2.0s, G:maj 0.8s, D:7 1.2s, G:maj 2.0s, B:7 2.0s, E:min 0.7s, E:maj 0.7s, E:hdim7 0.7s, D:maj 1.0s, G#:min7(#5) 1.0s, D:maj 1.0s, D:dim 1.0s, D:maj 1.0s, A:7 1.0s, D:7 0.7s, A:min 0.7s, F#:dim 0.7s, G:maj 5.8s, D:dim 0.2s, G:maj 1.0s, G:7 1.0s, C:maj 1.0s, C:min 1.0s, G:maj 1.0s, E:7 1.0s, A:7 1.0s, D:7 1.0s, G:maj 2.0s, G:maj 5.8s, D:dim 0.2s, G:maj 1.0s, G:7 1.0s, C:maj 1.0s, C:min 1.0s, G:maj 1.0s, E:7 1.0s"
2548,C:major,"C:maj7 1.0s, G:sus4 1.5s, C:maj7 1.5s, G:sus4 1.5s, C:maj7 1.5s, G:sus4 1.5s, C:maj7 1.5s, G:sus4 1.5s, C:maj7 1.5s, G:sus4 1.5s, C:maj7 1.5s, G:sus4 1.5s, C:maj7 1.5s, G:sus4 1.5s, C:maj7 3.0s, B:min7 3.0s, E:7 3.0s, A:maj7 1.5s, E:7 1.5s, A:maj7 1.5s, A:maj7 0.5s, Bb:maj7 0.5s, B:maj7 0.5s, C:maj7 1.5s, G:sus4 1.5s, C:maj7 1.5s, C:maj7 0.5s, C#:maj7 0.5s, D:maj7 0.5s, Eb:maj7 1.5s, Ab:maj7 1.5s, A:sus4 1.5s, D:7 1.5s, G:sus4 1.5s, G:7 1.5s, G:9 1.5s, G:7 1.5s, C:maj7 1.5s, G:sus4 1.5s, C:maj7 1.5s, G:sus4 1.5s, C:maj7 0.5s"
3560,G:major,"G:maj7 4.0s, Eb:9 4.0s, G:maj7 4.0s, B:min7 2.0s, E:7(b9) 2.0s, A:min7 2.0s, E:7(b9) 2.0s, A:min7 4.0s, Eb:7 4.0s, D:sus4(7) 2.0s, D:7 2.0s, G:maj7 4.0s, Eb:9 4.0s, G:maj7 4.0s, B:min7 2.0s, E:7(b9) 2.0s, A:min7 2.0s, E:7(b9) 2.0s, A:min7 2.0s, C:min6 2.0s, B:min7 1.0s, Bb:dim 1.0s, A:min7 1.0s, D:7 1.0s"
6383,G:major,"G:maj 2.0s, E:7/3 2.0s, D:maj/5 2.0s, D:7 2.0s, G:maj 2.0s, C:maj 1.0s, G:maj 1.0s, A:maj 1.0s, D:7 1.0s, G:maj 2.0s, G:maj 2.0s, C:maj 1.0s, G:maj 1.0s, A:maj 1.0s, D:7 1.0s, G:maj 2.0s, G:7 2.0s, C:maj 2.0s, D:maj 2.0s, G:maj 2.0s, E:min 2.0s, A:7 2.0s, D:maj 2.0s, G:maj 3.0s, D:7 1.0s, G:maj6 8.0s, D:7 8.0s, G:maj6 2.0s"
4280,C:major,"C:maj 6.8s, G:maj 4.0s, F:maj 0.5s, G:maj 3.5s, C:maj 8.0s, F:maj 4.0s, C:maj 2.0s, G:maj 2.0s, C:maj 8.0s, G:maj 4.0s, F:maj 0.5s, G:maj 3.5s, C:maj 8.0s, F:maj 4.0s, C:maj 1.2s"
5832,Bb:major,"Bb:maj7 1.5s, D:7(#5) 1.5s, Eb:maj7 1.5s, G:7(#5) 1.5s, C:min7 1.5s, G:7(#5) 1.5s, C:7 1.5s, F:7 1.5s, D:min7 1.5s, C#:dim7 1.5s, C:min7 1.5s, F:7 1.5s, D:min7 1.5s, Db:dim7 1.5s, C:min7 1.5s, F:7 1.5s, Bb:maj7 1.5s, D:7(#5) 1.5s, Eb:maj7 1.5s, G:7(#5) 1.5s, C:min7 1.5s, G:7(#5) 1.5s, C:7 1.5s, F:7 1.5s, F:min7 1.5s, Bb:7 1.5s, Eb:maj7 1.5s, E:dim7 1.5s, Bb:maj7 1.5s, Bb:sus4(7) 1.5s, Bb:maj7 1.5s, B:7(#11) 1.5s"
1980,C:major,"C:maj7 1.5s, F#:7(b9) 0.5s, B:7(#5) 2.0s, F:maj7 0.5s, E:min7 0.5s, A:min7 0.2s, A:min7 0.7s, D:7 1.0s, D:min7 0.5s, G:7 0.8s, G:min7 0.8s, C:7 1.0s, F:maj7 0.8s, Bb:7 1.2s, C:maj7 1.0s, A:min7 1.5s, Ab:7(b5) 0.5s, D:min7 0.5s, G:7 0.5s, C:maj7 1.5s, F#:7(b9) 0.5s, B:7(#5) 2.0s, F:maj7 0.5s, E:min7 0.5s, A:min7 0.2s, A:min7 0.8s, D:7 1.0s, D:min7 0.5s, G:7 0.8s, G:min7 0.8s, C:7 1.0s, F:maj7 0.8s, Bb:7 1.2s, C:maj7 1.0s, A:min7 1.5s, F#:min7(b5) 0.5s, B:7 1.0s, E:min7 2.0s, B:7(*5,#9,b9,#11,b13) 2.0s, E:maj7 2.0s, F#:min7(b5) 1.0s, B:7 1.0s, E:min7 2.0s, B:7(*5,#9,b9,#11,b13) 2.0s, E:maj7 2.0s, Db:9(#11) 2.0s, C:maj7 1.0s, F#:7(b9) 1.0s, B:7(#5) 2.0s, F:maj7 0.5s, E:min7 0.5s, A:min7 0.2s, A:min7 0.8s, D:7 1.0s, D:min7 0.5s, G:7 0.8s, G:min7 0.8s, C:7 1.0s, F:maj7 1.0s, Bb:7 1.0s"
1073,Ab:major,"C:min7 0.8s, Db:maj7 3.2s, C:min7 0.8s, F:min7 2.0s, Ab:maj7 2.2s, G:min7(b5) 1.0s, C:7(b9) 0.8s, F:min7 6.2s, G:min7(b5) 1.0s, C:7(b9) 0.8s, F:maj7 4.0s, Db:maj7 1.5s, Eb:(3,*5) 0.5s, F:(b3,*5) 0.2s, F:(b3,*5) 0.2s, F:(b3,*5) 0.5s, F:(b3,*5) 0.2s, Eb:(3,*5) 0.5s, Db:(3,*5) 0.5s, Ab:maj7 1.0s, C:(b3,*5) 2.8s, Db:maj7 2.2s, Bb:7 1.8s, G:min7(b5) 2.2s, C:7(b9) 3.0s, C:min7 0.8s, Db:maj7 3.2s, C:min7 0.8s, F:min7 2.0s, Ab:maj7 2.2s, G:min7(b5) 1.0s, C:7(b9) 0.8s, F:maj7 4.3s"
1172,C:major,"C:maj 0.2s, C:maj7 0.8s, D:min7 0.5s, Eb:dim 0.2s, C:maj/3 2.2s, A:7 0.2s, C:7 0.8s, B:7 0.5s, Bb:7 0.2s, A:7 2.2s, D:min7 2.0s, D:min7/4 1.0s, G:7 1.0s, C:maj 0.2s, C:maj/3 0.8s, Eb:dim7 0.5s, D:min7 0.2s, A:7/3 0.2s, G:7 2.0s, C:maj 0.2s, C:maj/3 0.8s, Eb:dim7 0.5s, D:min7 0.2s, A:7/3 2.2s, A:7 0.2s, C:7 0.8s, B:7 0.5s, Bb:7 0.2s, A:7 2.2s, D:min7 2.0s, D:min7/4 1.0s, G:7 1.0s, C:maj 0.2s, C:maj/3 0.8s, Eb:dim7 0.5s, D:min7 0.2s, A:7/3 0.2s, G:min7 1.0s, C:7 1.0s, F:maj7 2.0s, F:min6 2.0s, C:maj7 2.0s, C:7 1.5s, C:(3,#5,b7) 0.5s, D:7 2.0s, F#:hdim7 1.0s, B:7 1.0s, E:min 1.0s, Eb:dim 1.0s, D:min 1.0s, G:7 1.0s, C:maj 0.2s, C:maj7 0.8s, D:min7 0.5s, Eb:dim 0.2s, C:maj/3 2.2s, A:7 0.2s, C:7 0.8s, B:7 0.5s, Bb:7 0.2s, A:7 2.3s, D:min7 2.0s, D:min7/4 1.0s, G:7 1.0s"
2374,Eb:major,"Eb:maj 1.5s, Ab:maj7 4.0s, Db:maj7 2.5s, Eb:maj 1.5s, Ab:maj7 2.0s, G:sus4(7) 1.0s, G:7 1.0s, C:min7 2.0s, Bb:min7 2.0s, Db:maj/9 1.0s, Eb:7 1.0s, Ab:maj7 2.0s, Ab:min6 2.0s, G:min7 2.0s, C:min7 2.0s, F:min6 2.0s, Bb:sus4(7) 2.0s, Eb:maj 2.0s, Ab:maj7 5.5s, C:min6 0.5s, C:min7 1.0s, F:7 1.0s, Bb:maj 1.0s, Bb:maj7 1.0s, Bb:7 2.0s, Eb:maj 2.0s"
4237,Eb:major,"C:min 4.0s, C:min 1.0s, G:min 0.8s, C:min 2.2s, F:min 4.0s, C:min 1.0s, G:min 0.8s, C:min 2.2s, Ab:7 4.2s, C:min 0.8s, G:min 0.8s, C:min 2.2s, C:min 4.0s, C:min 1.0s, G:min 0.8s, C:min 2.2s, F:min 4.0s, C:min 1.0s, G:min 0.8s, C:min 2.2s, Ab:7 4.2s, C:min 0.8s, G:min 0.8s, C:min 2.2s, C:min6 6.0s, C:7 2.0s, F:min6 4.0s"
271,Eb:major,"Eb:maj 0.5s, F:min 0.5s, G:min 0.5s, F:min 0.5s, Bb:7 0.5s, F:min 1.0s, Eb:maj 1.0s, F:min 0.5s, G:min 0.5s, F:min 0.5s, Bb:7 0.5s, F:min 1.0s, Eb:maj6 2.0s, E:maj6 1.5s, E:dim 0.5s, Bb:7 2.0s, Bb:9 2.0s, Eb:maj 1.0s, F:min 0.5s, G:min 0.5s, F:min 0.5s, Bb:7 0.5s, F:min 1.5s, G:min 0.5s, D:7 0.5s, G:min 0.5s, C:min 0.5s, D:7 0.5s, C:min6 1.0s, G:min 1.0s, Gb:dim 1.0s, F:sus4(7) 1.0s, F:7 1.0s, Bb:7 2.0s, G:min6 2.0s, Bb:min7 2.0s, Eb:7 2.0s, Ab:maj6 4.0s, G:7 2.0s, C:min7 1.5s, F:7 0.5s, F:min7 2.0s, Bb:7 2.5s, Eb:maj 1.5s, C:sus4 1.0s, C:dim 1.0s, F:min7/5 2.0s, F:7/3 2.0s, Bb:7 3.0s, Bb:sus4(7) 1.0s, G:hdim7 0.5s"
149,F:major,"F:maj 2.0s, Bb:maj 2.0s, F:maj 2.0s, C:7 2.0s, C:7 2.0s, F:maj 2.0s, Bb:maj 4.0s, C:7 2.0s, C:7 2.0s, A:min7 2.0s, D:min7 2.0s, A:min7 2.0s, D:min7 2.0s, A:min 2.0s, F:maj 2.0s, G:min7 2.0s, C:maj 2.0s, G:min7 2.0s, C:maj 4.0s, G:min7 5.5s, F:maj 2.5s, F:maj 2.0s, Bb:maj 2.0s, F:maj 2.0s, C:7 2.0s, C:7 2.0s"
2785,C:major,"G:7 0.5s, C:maj6 1.5s, Eb:dim 0.5s, G:9 1.0s, G:7(b9) 1.0s, C:maj6 2.0s, Eb:9 2.0s, Ab:maj6 2.0s, G:9 2.0s, E:min7 1.0s, A:7(b9) 1.0s, D:min7 1.0s, G:7(b9) 0.5s, G:(3,#5,b7) 0.5s, C:maj6 1.5s, Eb:dim 0.5s, G:9 1.0s, G:7(b9) 1.0s, C:maj6 2.0s, Eb:9 2.0s, Ab:maj6 2.0s, G:9 2.0s, C:maj6 1.0s, F:9 1.0s, C:maj6 2.0s, D:min7 1.0s, G:7 1.0s, C:maj7 1.0s, C:maj6 1.0s, D:min7 1.0s, G:7 1.0s, C:maj7 1.0s, C:maj6 1.0s, B:min7 1.0s, E:7 1.0s, A:maj7 1.0s, A:maj6 1.0s, A:min7 1.0s, D:9 1.0s, D:min7 1.5s, G:(3,#5,b7) 0.5s, C:maj6 1.5s, Eb:dim 0.5s, G:9 1.0s, G:7(b9) 1.0s, C:maj6 2.0s, Eb:9 2.0s, Ab:maj6 2.0s, G:9 1.5s"
4861,Bb:major,"F:7 1.5s, Bb:maj 3.0s, Eb:maj 3.0s, Bb:maj 3.0s, F:7 3.0s, Bb:maj 1.5s, G:7 1.5s, C:7 3.0s, C:min7 1.5s, F:7 1.5s, Bb:maj 1.5s, F:7 1.5s, Bb:maj 3.0s, Eb:maj 3.0s, D:7 3.0s, G:7 3.0s, C:7 3.0s, C:min7 1.5s, F:7 1.5s, Bb:maj 3.0s"
2285,F:major,"A:7 2.0s, D:min 4.0s, G:min 6.0s, A:7 2.0s, D:min 1.0s, G:min 1.0s, D:min 0.5s, A:7 1.5s, D:min 4.0s, G:min 6.0s, A:7 2.0s, D:min 1.0s, G:min 1.0s, D:min 2.0s, A:7 2.0s, D:min 2.0s, A:7 2.0s, D:min 2.0s, G:min 2.0s, D:min 2.0s, E:7 2.0s, A:7 4.0s, D:min 4.0s, G:min 4.0s"
2224,Ab:major,"F:min7 2.0s, Db:7 1.0s, C:(3,#5,b7) 1.0s, F:min7 2.0s, Db:7 2.0s, G:hdim7 1.0s, C:(3,#5,b7) 1.0s, F:min7 2.0s, Db:9 2.0s, G:hdim7 1.0s, C:7 1.0s, F:min7 2.0s, Db:7 1.0s, C:(3,#5,b7) 1.0s, F:min7 2.0s, Db:7 2.0s, G:hdim7 1.0s, C:(3,#5,b7) 1.0s, F:min7 2.0s, Db:9 1.0s, C:(3,#5,b7) 1.0s, F:min7 2.0s, Bb:min7 1.0s, Eb:7 1.0s, Ab:maj7 1.0s, F:min7 1.0s, Bb:min7 1.0s, Eb:7 1.0s, Ab:maj7 2.0s, D:min7 1.0s, G:9 1.0s, C:maj7 2.0s, Db:9 2.0s, G:hdim7 1.0s, C:7 1.0s, F:min7 2.0s, Db:7 1.0s, C:(3,#5,b7) 1.0s, F:min7 2.0s, Db:7 2.0s, G:hdim7 1.0s, C:(3,#5,b7) 1.0s, F:min7 2.0s"
630,C:major,"E:min 1.0s, Ab:7 0.5s, D:min6 1.5s, Db:dim 1.0s, G:7 0.5s, D:min6 1.5s, Gb:dim 1.0s, C:maj 0.5s, E:min7 1.5s, C:maj 1.5s, A:min 1.5s, C:maj 1.5s, D:min7 1.5s, D:min6 1.5s, G:7 1.5s, G:aug 1.5s, C:maj/3 1.5s, Db:dim 1.5s, G:7 1.5s, C:maj/3 1.0s, Ab:7/5 0.5s, D:min6 1.5s, Db:dim 1.0s, G:7 0.5s, D:min6 1.5s, Gb:dim 1.0s, C:maj 0.5s, E:min7 1.5s, C:maj 1.5s, D:7/5 3.0s, A:min7 1.5s, C:maj/5 1.5s, D:min7 1.5s, G:7 1.5s, C:maj 4.5s"
5263,Eb:major,"Eb:maj 1.5s, Ab:maj 1.0s, Ab:7 0.5s, Eb:maj 6.0s, Bb:maj 3.0s, Eb:maj 1.5s, Ab:maj 1.0s, Ab:7 0.5s, Eb:maj 4.5s, Bb:7 1.5s, Eb:maj 3.0s, Bb:maj 1.0s, Ab:maj/9 0.5s, G:min/b3 1.5s, Eb:maj 3.0s, Bb:maj 1.0s, Ab:maj/9 0.5s, G:min/b3 1.0s, Bb:9 0.5s, Eb:maj 2.5s, Ab:maj 3.0s, Ab:7 0.5s, Eb:maj 4.5s, Bb:7 1.5s, Eb:maj 3.0s, Eb:maj 1.5s, Ab:maj 1.0s, Ab:7 0.5s, Eb:maj 6.0s, Bb:maj 3.0s"
2500,C:major,"C:maj 4.0s, G:7 8.0s, C:maj 4.0s, F:maj 4.0s, C:maj 4.0s, G:7 4.0s, C:maj 4.0s, F:maj 4.0s, C:maj 4.0s, G:7 4.0s, C:maj 2.0s, C:7 2.0s, A:maj 4.0s, C:maj 4.0s, G:7 4.0s"
5709,F:major,"F:maj 1.5s, D:min 1.5s, Bb:7 1.5s, F:maj/3 1.5s, Bb:7 1.5s, F:maj/3 1.5s, E:min7(b5) 1.5s, A:7 1.5s, D:min 1.5s, F:7/5 1.5s, Bb:maj 3.0s, D:min 1.5s, B:min7(b5) 0.5s, E:7 1.0s, A:min 0.5s, D:7 1.0s, G:min 1.0s, C:7 0.5s, F:maj 1.5s, D:min 1.5s, Bb:7 1.5s, F:maj/3 1.5s, Bb:7 1.5s, F:maj/3 1.5s, E:min7(b5) 1.5s, A:7 1.5s, D:min 1.5s, D:min/b7 1.5s, B:min7(b5) 1.5s, Bb:7 1.5s, F:maj/3 1.5s, Bb:7 1.5s, F:maj/3 1.5s, Bb:7 1.5s, F:maj/3 1.5s, D:min 1.5s, G:min 1.5s, C:9 1.5s, F:maj 3.0s"
1536,G:major,"A:min7 2.0s, D:7 2.0s, G:maj 4.0s, A:min 2.0s, D:7 2.0s, G:maj 4.0s, B:7 1.0s, E:min6/5 1.0s, B:7 2.0s, E:min 1.0s, B:7 1.0s, E:min 1.0s, E:min7 1.0s, A:7 1.0s, D:min6/5 0.5s, A:dim 0.5s, A:7 2.0s, D:7 0.5s, C:maj7/9 1.5s, D:7 2.0s, A:min7 2.0s, D:7 2.0s, G:maj 4.0s, A:min 2.0s, D:7 2.0s, B:maj 0.5s, E:min6/5 1.0s, B:dim 0.5s, B:7 1.5s, G:dim 0.5s, G:7 2.0s, D:min7 0.2s, G:7 1.8s, C:maj 2.0s, C#:dim7 1.5s, G#:dim7 0.5s, D:7 1.0s, A:min 1.0s, D:7 2.0s"
4036,C:major,"C:maj7 2.0s, G:min7 0.5s, C:7 1.5s, F:maj7 2.0s, C:maj7 2.0s, E:min7 1.0s, A:7 1.0s, D:min7 1.0s, G:7 1.0s, C:maj7 2.0s, C:maj6 1.0s, C#:dim7 1.0s, D:min7 2.0s, G:7 2.0s, C:maj7 2.0s, A:min7 2.0s, D:7 4.0s, G:sus4(7) 2.0s, G:7 2.0s, C:maj7 2.0s, G:min7 0.5s, C:7 1.5s, F:maj7 2.0s, F:maj6 2.0s, C:maj7 2.0s, A:7 2.0s, D:min7 2.0s, G:7 2.0s, C:maj7 2.0s, G:min7 0.5s, C:7 1.5s, F:maj7 2.0s, D:min7 2.0s, G:7 3.0s, G:7(b9) 1.0s"
1833,F:major,"F:(3,#5,b7) 0.5s, Bb:maj 2.0s, Bb:min 2.0s, F:maj 2.0s, Ab:dim 2.0s, G:min7 2.0s, C:7 2.0s, F:maj 2.0s, Bb:9 1.0s, F:maj 0.5s, F:(3,#5,b7) 0.5s, Bb:maj 2.0s, Bb:min 2.0s, F:maj 2.0s, Ab:dim 2.0s, G:min7 2.0s, C:7 2.0s, F:9 4.0s, Bb:maj 2.0s, A:maj 1.0s, A:7 1.0s, D:7 1.0s, G:7 1.0s, C:7 2.0s, D:min 1.0s, D:min7 1.0s, G:7 2.0s, G:min7 2.0s, C:9(#5) 1.5s, F:(3,#5,b7) 0.5s, Bb:maj 2.0s, Bb:min 2.0s, F:maj 2.0s, D:(3,#5,b7) 2.0s, G:7 2.0s, G:min7 1.0s, C:7 0.5s"
5328,D:major,"D:maj 4.0s, B:min 4.0s, D:maj 4.0s, B:min 4.0s, E:min7 4.0s, E:hdim7 4.0s, D:maj7 2.0s, B:min9 2.0s, E:min7 2.0s, A:(3,5,b7,9,11) 1.0s, A:7 1.0s, D:maj 4.0s, B:min 4.0s, D:maj 4.0s, B:min 4.0s, E:min7 4.0s, E:hdim7 4.0s, D:maj7 2.0s, B:min9 2.0s"
2339,Bb:major,"Bb:maj 2.0s, C:min 2.0s, F:maj 2.0s, Bb:maj 0.5s, F:7 0.5s, Bb:maj 3.0s, C:min 2.0s, F:7 2.0s, Bb:maj 0.5s, Eb:maj 0.5s, Bb:maj 3.0s, C:min 2.0s, F:7 2.0s, Bb:maj 0.5s, F:7 0.5s, Bb:maj 3.0s, C:min 2.0s, F:7 2.0s, Bb:maj 0.5s, Eb:maj 0.5s, Bb:maj 1.0s, F:7 2.0s, Bb:maj 2.0s, F:7 2.0s, Bb:maj 2.0s, F:7 2.0s, Bb:maj 2.0s, C:7 2.0s, F:7 0.5s, C:min 0.5s, F:7 1.0s, Bb:maj 2.0s, C:min 2.0s, F:7 2.0s, Bb:maj 0.5s, F:7 0.5s, Bb:maj 3.0s, C:min 2.0s"
4998,F:major,"G:min7 2.0s, C:(3,5,b7,9,11) 2.0s, F:maj7 1.0s, F:maj6 2.0s, Ab:dim 1.0s, G:min7 2.0s, C:9 1.0s, C:(3,#5,b7) 1.0s, F:maj9 4.0s, E:min7 0.8s, A:7 1.2s, E:min7 0.8s, A:7 1.2s, D:min 4.0s, D:min7 0.8s, G:7 1.2s, D:min7 1.0s, G:7 1.0s, C:(3,5,b7,9,11) 2.0s, C:9 2.0s, G:min7 2.0s, C:(3,5,b7,9,11) 2.0s, F:maj7 1.0s, F:maj6 2.0s, Ab:dim 1.0s, G:min7 2.0s, C:9 1.0s, C:(3,#5,b7) 1.0s, F:9 1.0s, F:9 3.0s, Bb:maj7 2.0s, Bb:min6 2.0s, A:min7 2.0s, Ab:dim 2.0s, G:min7 2.0s, C:9 2.0s"
943,Eb:major,"Eb:(*3,*5) 0.2s, C:maj 0.8s, Eb:(*3,*5) 1.0s, D:maj 2.0s, Eb:(*3,*5) 0.5s, G:maj 1.5s, Ab:maj 2.0s, Eb:(*3,*5) 0.5s, Gb:maj 1.5s, D:maj 0.5s, G:maj 0.5s, Bb:maj 1.0s, Eb:maj 1.0s, G:maj 0.0s, Ab:maj 1.0s, D:maj 1.0s, Eb:maj 2.0s, B:maj 1.0s, E:(*3,*5) 1.0s, Eb:maj 2.0s, B:maj 1.0s, E:(*3,*5) 1.0s, Eb:maj 3.0s, C:maj 2.0s, F:maj 0.8s, G:maj 1.2s, C:maj 2.0s, Eb:(*3,*5) 1.0s, B:maj 1.0s, E:(*3,*5) 1.0s, Eb:maj 2.0s, B:maj 1.0s, E:(*3,*5) 1.0s, Eb:maj 2.0s, C:maj 0.5s, Eb:(*3,*5) 0.5s, C:maj 2.0s, G:maj 1.0s, C:maj 2.0s, D:maj 1.0s, Eb:(*3,*5) 0.5s, Ab:maj 1.5s, D:maj 0.5s, G:maj 0.5s, C:maj 2.0s, G:maj 1.0s, Ab:maj 2.0s, Eb:(*3,*5) 0.5s, Gb:maj 1.5s, D:maj 0.5s, G:maj 0.5s, Bb:maj 1.0s"
6635,Eb:major,"Eb:maj 12.0s, F:min/b7 12.0s, F:min7/b7 1.5s, Bb:9(#5)/4 2.5s, Eb:maj6 1.5s, Bb:9(#5) 2.5s, Eb:maj 12.0s, Db:maj 1.5s, Db:7 2.5s, Ab:maj6 3.0s, Ab:min6 1.0s, Eb:maj9 3.0s, C:aug 1.0s, F:min7 3.0s, E:maj7 1.0s"
700,G:major,"G:maj 0.2s, C:maj 0.2s, G:maj 0.5s, G:maj 0.2s, A:maj 0.2s, D:7 0.5s, G:maj 0.2s, C:maj 0.2s, G:maj 0.5s, C:maj 0.2s, D:maj 0.2s, G:maj 0.5s, G:maj 0.5s, C:maj 0.5s, D:maj 0.5s, G:maj 0.5s, G:maj 0.5s, C:maj 0.5s, D:maj 0.5s, G:maj 0.5s"
3156,F:major,"F:maj7 1.0s, Ab:dim7 1.0s, G:min7 1.0s, Ab:hdim7 0.5s, D:7 1.5s, G:min7 1.0s, Bb:min7 1.0s, Eb:7 1.0s, F:maj7 2.0s, Bb:maj7 1.0s, B:dim7 1.0s, G:min7 1.0s, C:7 1.0s, F:maj7 0.5s, G:min7 1.0s, C:7 0.5s, F:maj7 1.0s, Ab:dim7 1.0s, G:min7 1.0s, Ab:hdim7 0.5s, D:7 1.5s, G:min7 1.0s, Bb:min7 1.0s, Eb:7 1.0s, F:maj7 2.0s, Bb:maj7 1.0s, B:dim7 1.0s, G:min7 1.0s, C:7 1.0s, F:maj7 2.0s, A:7 4.0s, D:7 4.0s, G:7 4.0s, C:7 4.0s, F:maj7 1.0s, Ab:dim7 1.0s, G:min7 1.0s, A:hdim7 0.5s, D:7 1.5s, G:min7 1.0s, Ab:dim7 2.0s, F:maj7 2.0s, Bb:maj7 1.0s, B:dim7 1.0s"
2628,E:major,"E:maj 0.5s, A:maj 0.5s, D:maj 0.5s, G:maj 0.5s, E:maj 0.5s, A:maj 0.5s, D:maj 0.5s, G:maj 0.5s, E:maj 0.5s, A:maj 0.5s, D:maj 0.5s, G:maj 0.5s, E:maj 0.5s, A:maj 0.5s, D:maj 0.4s, G:maj 0.6s, E:maj 0.5s, A:maj 0.5s, D:maj 0.5s, G:maj 0.5s, E:maj 0.5s, A:9 0.5s, D:maj 0.5s, G:maj 0.5s, E:maj 0.5s, A:9 0.5s, D:maj 0.5s, G:maj 0.5s, E:maj 0.5s, A:7 0.5s, D:maj 0.5s, G:maj 0.5s, E:maj 0.5s, A:maj 0.5s, D:maj 0.5s, G:maj 0.5s, E:maj 0.5s, A:maj 0.5s, D:maj 0.5s, G:maj 0.5s, E:maj 0.5s, A:maj 0.5s, D:maj 0.5s, G:maj 0.5s, E:maj 0.4s, A:maj 0.1s, D:maj 1.0s, G:maj 0.5s, E:maj 0.5s, A:maj 0.5s, D:maj 0.5s, G:maj 0.5s, E:maj 0.5s, A:maj 0.4s, D:maj 0.1s, G:maj 1.0s, E:maj 0.5s, A:maj 0.5s, D:maj 0.5s, G:maj 0.5s, E:maj 0.2s, A:(*3,5)/5 0.8s, E:(3,*5) 0.1s, E:(3,*5) 0.1s, A:maj 0.5s, D:(3,*5) 0.7s, A:(*3,5)/5 0.1s, A:(*3,5)/5 0.1s, D:maj 0.3s, D:(3,*5) 0.1s, D:(3,*5) 0.1s, G:(*3,5)/5 0.1s, G:maj 0.5s, E:maj 0.2s, A:(*3,5)/5 0.8s, E:(3,*5) 0.1s, E:(3,*5) 0.1s, A:maj 0.5s, D:(3,*5) 0.7s, A:(*3,5)/5 0.1s, A:(*3,5)/5 0.1s, D:maj 0.3s, D:(3,*5) 0.1s, D:(3,*5) 0.1s, G:(*3,5)/5 0.1s, G:maj 0.5s, E:maj 0.2s, A:(*3,5)/5 0.8s, E:(3,*5) 0.1s, E:(3,*5) 0.1s, A:maj 0.5s, D:(3,*5) 0.7s, A:(*3,5)/5 0.1s, A:(*3,5)/5 0.1s, D:maj 0.3s, D:(3,*5) 0.1s, D:(3,*5) 0.1s, G:(*3,5)/5 0.1s, G:maj 0.5s, E:maj 0.5s, A:maj 0.5s, D:maj 0.5s, G:maj 0.5s, G:maj 0.9s, E:7 1.1s, G:maj 1.0s, E:7 1.0s, G:maj 0.9s, E:7 1.1s, C:maj 1.0s, D:maj 1.0s, E:maj 2.0s, E:maj 0.5s, A:maj 0.5s, D:maj 0.5s, G:maj 0.5s, E:maj 0.5s, A:maj 0.5s, D:maj 0.5s, G:maj 0.5s, E:maj 0.5s, A:maj 0.5s, D:maj 0.5s, G:maj 0.5s, E:maj 0.5s"
1810,C:major,"C:maj 0.5s, G:maj 0.5s, C:maj 0.5s, G:maj 0.5s, C:maj 0.5s, G:maj 0.5s, C:maj 0.5s, G:maj 0.5s, C:maj 0.5s, G:maj 0.5s, C:maj 1.0s, G:maj 0.5s, D:maj 0.5s, G:maj 0.5s, D:maj 0.5s, G:maj 0.5s, D:maj 0.5s, G:maj 0.5s, D:maj 0.5s, G:maj 0.5s, D:maj 0.5s, G:maj 1.0s, F:maj 2.0s, G:maj 1.0s, C:maj 0.5s, G:maj 0.5s, C:maj 0.5s, G:maj 0.5s, C:maj 0.5s, G:maj 0.5s, C:maj 0.5s, G:maj 0.5s, C:maj 0.5s, G:maj 0.5s, C:maj 0.5s, G:maj 0.5s, C:maj 1.0s"
4164,D:major,"D:maj 6.0s, A:7 2.0s, D:maj 2.5s, G:maj 0.5s, D:maj 0.5s, G:maj 0.5s, D:maj 4.0s, A:7 2.0s, D:maj 6.0s, A:7 2.0s, D:maj 6.0s, A:7 1.0s, D:maj 3.0s, A:7 2.0s, D:maj 2.0s, A:7 2.0s, D:maj 2.0s, A:7 2.0s, D:maj 2.0s, A:7 1.0s, D:maj 7.0s, A:7 2.0s, D:maj 2.0s"
5609,Db:major,"Db:maj 4.0s, Eb:7 4.0s, Gb:7 1.0s, G:dim 1.0s, Db:maj/5 1.0s, Bb:7 1.0s, A:7 2.0s, Ab:7 2.0s, Db:maj 4.0s, Eb:7 4.0s, Gb:7 1.0s, G:dim 1.0s, Db:maj/5 1.0s, Bb:7 1.0s, Eb:min7 1.0s, Ab:7 1.0s, Db:maj 2.0s, A:7 4.0s, Db:maj 2.0s, C:min7(b5) 1.0s, F:7 1.0s, Bb:min7 1.0s, F:7 1.0s, Bb:min7 2.0s, Eb:min7 2.0s, A:7 1.0s, Ab:7 1.0s, Db:maj 4.0s, Eb:7 4.0s, Gb:7 1.0s, G:dim 1.0s, Db:maj/5 1.0s, Bb:7 1.0s"
2171,G:major,"G:maj 1.5s, G:maj7 0.5s, G:7 2.0s, C:maj 1.5s, C:min7 0.5s, G:maj 1.0s, F:dim 1.0s, D:maj 1.5s, B:min7 0.5s, D:7 0.2s, A:min7 1.8s, D:7 1.5s, A:min7 0.5s, G:maj 3.5s, G:maj7 0.5s, G:7 2.0s, C:maj 1.5s, C:min7 0.5s, G:maj 1.0s, F:dim 1.0s, D:maj 1.5s, B:min7 0.5s, D:7 0.2s, A:min7 1.7s, D:7 1.5s, A:min7 0.5s, G:maj 2.0s, A:min 1.5s, C:min 0.5s, G:maj 2.0s, D:7 1.5s, A:min7 0.5s, G:maj 2.0s, A:min 1.5s, C:min 0.5s, G:maj 0.2s, E:min 1.8s, A:7 2.0s, A:min 1.0s, D:7 1.0s, G:maj 1.5s, G:maj7 0.5s, G:7 2.0s, C:maj 1.5s, C:min7 0.5s, G:maj 1.0s, F:dim 1.0s, D:maj 1.5s, B:min7 0.5s, D:7 0.2s, A:min7 1.8s"
4015,C:major,"G:maj7 1.0s, G#:dim7 1.0s, A:min7 1.0s, D:7 1.0s, G:maj7 1.0s, G#:dim7 1.0s, A:min7 1.0s, D:7 1.0s, G:maj7 1.0s, G:7 1.0s, C:maj7 1.0s, G:maj/3 1.0s, A:min7 1.0s, G:maj 1.0s, A:7 1.0s, A:min7 0.5s, D:7 0.5s, G:maj7 1.0s, G#:dim7 1.0s, A:min7 1.0s, D:7 1.0s, G:maj7 1.0s, G#:dim7 1.0s, A:min7 1.0s, D:7 1.0s, G:maj7 1.0s, G:7 1.0s, C:maj7 1.0s, G:maj/3 1.0s, A:min7 1.0s, G:maj 1.0s, B:7 1.0s, B:min7(b5) 0.5s, E:7 0.5s, A:min7 1.0s, D:7 1.0s, G:maj 1.0s, C:7 1.0s, G:maj7 1.0s, C:7 1.0s, G:maj 1.0s, B:min7 0.5s, E:7 0.5s, A:min7 1.0s, D:7 1.0s, G:maj7 1.0s, C:7 1.0s, D:maj7 1.0s, A:7 1.0s, A:min7/4 1.0s, Ab:7(#11) 1.0s, G:maj 1.0s, G#:dim7 1.0s, A:min7 1.0s, D:7 1.0s, G:maj7 1.0s, G#:dim7 1.0s, A:min7 1.0s, D:7 1.0s, G:maj 1.0s, G:7 1.0s, C:maj7 1.0s, G:maj/3 1.0s"
5765,Eb:major,"Eb:maj 0.5s, Ab:maj 0.5s, Eb:maj 0.5s, Ab:maj 0.5s, Eb:maj 0.5s, Ab:maj 0.5s, Eb:maj 1.0s, Eb:maj 0.5s, Ab:maj 0.5s, Eb:maj 0.5s, F:min 0.5s, C:min 1.0s, F:min 1.0s, Ab:maj 1.0s, Ab:maj 1.0s, Eb:maj 0.5s, Bb:7 0.5s, C:min 1.0s, Ab:maj 1.0s, Eb:maj 1.0s, Bb:7 1.0s, Eb:maj 1.0s, C:min 1.0s, G:min 1.0s, C:min 1.0s, G:min 1.0s, Ab:maj 1.0s, Eb:maj 1.0s, Bb:7 1.0s, Eb:maj 1.0s, Eb:maj 1.0s, Eb:maj 1.0s, G:min 1.0s, Eb:maj 1.0s, Bb:7 1.0s, Bb:7 1.0s, C:min 1.0s, Bb:7 1.0s, Eb:maj 1.0s, Eb:maj 0.5s, C:min 0.5s, G:min 1.0s, Eb:maj 1.0s, Bb:maj 1.0s, F:7 1.0s, Bb:7 2.0s, Eb:maj 1.0s, Eb:maj 1.0s, G:min 1.0s, Eb:maj 1.0s, Bb:7 1.0s, Bb:7 1.0s, C:min 1.0s, Bb:7 1.0s, Eb:maj 1.0s, Eb:maj 0.5s, C:min 0.5s, G:min 1.0s, Bb:7 1.0s, F:min 1.0s, Bb:7 1.0s, Eb:maj 2.0s, Eb:maj 1.2s, Ab:maj 0.8s, Eb:maj 1.0s, Ab:maj 0.5s, Eb:maj 0.5s"
774,F:major,"F:maj 1.0s, F:maj6 1.0s, F:maj 1.0s, F:maj6 1.0s, F:maj 1.0s, F:maj6 1.0s, F:maj 1.0s, F:maj6 1.0s, C:7 1.0s, C:9 1.0s, C:7 1.0s, C:9 1.0s, F:maj 1.0s, F:maj6 1.0s, F:maj 1.0s, F:maj6 1.0s, F:maj 1.0s, F:maj6 1.0s, F:maj 1.0s, F:maj6 1.0s, F:maj 1.0s, F:maj6 1.0s, F:maj 1.0s, F:maj6 1.0s, C:7 1.0s, C:9 1.0s, C:7 1.0s, C:9 1.0s, F:maj 2.0s, F:9 2.0s, Bb:maj 3.0s, G:min 0.8s, C:aug 0.2s, F:maj7 1.0s, F:maj 2.5s, B:dim 0.5s, C:9 1.0s, C:7 2.0s, G:7 1.0s, C:7 0.7s, G:min 0.7s, G:min7 0.7s, C:7 2.0s, F:maj 1.0s, F:maj6 1.0s, F:maj 1.0s, F:maj6 1.0s, F:maj 1.0s, F:maj6 1.0s, F:maj 1.0s, F:maj6 1.0s, C:7 1.0s, C:9 1.0s, C:7 1.0s, C:7 0.5s, C:7 0.5s"
5533,Ab:major,"F:min7 1.0s, D:min7(b5) 1.0s, G:7(b9) 0.8s, C:7(b9) 1.2s, F:min7 0.7s, Db:maj7 1.2s, Bb:min7 0.8s, Eb:7 1.2s, C:min7 1.0s, F:min7 1.0s, Bb:min7 1.0s, Eb:7(b9) 1.0s, Ab:maj7 1.0s, Db:maj7 1.0s, G:min7(b5) 1.0s, C:7 1.0s, F:min7 1.0s, D:min7(b5) 1.0s, G:7(b9) 0.8s, C:7(b9) 1.2s, F:min7 0.8s, Db:maj7 1.2s, Bb:min7 0.8s, Eb:7 1.2s, C:min7 1.0s, F:min7 1.0s, Bb:min7 1.0s, Eb:7(b9) 1.0s, Ab:maj7 1.0s, Eb:7 1.0s, Ab:maj7 2.0s, C:min7(b5) 1.0s, F:7(b9) 1.0s, Bb:min7 3.0s, Eb:7(b9) 1.0s, Ab:maj7 2.0s, C:min7(b5) 1.0s, F:7(b9) 1.0s, Bb:min7 2.0s, Eb:7(b9) 2.0s, Ab:maj7 0.8s, C:7 1.2s, F:min7 1.0s, D:min7(b5) 1.0s, G:7(b9) 1.0s, C:7(b9) 1.0s, F:min7 1.0s, Db:maj7 1.0s, Bb:min7 1.0s, Eb:9 1.0s, C:min7 1.0s, F:min7 1.0s, Bb:min7 1.0s, Eb:7(b9) 1.0s"
66,F:major,"F:maj 4.0s, C:7 8.0s, F:maj 8.0s, G:7 4.0s, C:7 4.0s, F:maj 1.0s, Bb:maj 1.0s, B:7 1.0s, C:7 1.0s, F:maj 4.0s, C:7 8.0s, F:maj 4.0s, F:7 2.0s, F:9 1.0s, F:7(b9) 1.0s, Bb:maj6 2.0s, Bb:min6 2.0s, F:maj 4.0s"
6238,C:major,"G:(3,5,b7,9,11,13) 0.5s, C:maj 1.5s, Ab:(3,5,b7,9,11,13) 0.5s, G:7 2.0s, A:min 1.0s, A:min7 1.0s, D:9(#5) 1.8s, D:9 0.2s, Bb:min9 1.0s, Eb:9 1.0s, Ab:maj 2.0s, F:min 0.8s, Ab:9 1.2s, G:sus4(7) 1.0s, G:7 0.5s, G:(3,5,b7,9,11,13) 0.5s, C:maj 1.5s, Ab:(3,5,b7,9,11,13) 0.5s, G:7 2.0s, A:min 1.0s, A:min7 1.0s, D:9(#5) 1.8s, D:9 0.2s, Bb:min9 1.0s, Eb:9 1.0s, Ab:maj 2.0s, F:min 1.0s, G:7 0.3s, G:(3,5,b7,9,11,13) 0.7s, C:maj 2.0s, Ab:9 1.0s, G:7(#5,b9) 1.0s, C:min6 2.0s, Ab:9 1.0s, G:(3,#5,b7) 1.0s, C:min6 2.0s, Ab:maj6 1.0s, G:7 1.0s, G:maj6 1.0s, F:7 1.0s, D:7 1.0s, Ab:(3,5,b7,9,11,13) 1.0s, G:7 1.5s, G:(3,5,b7,9,11,13) 0.5s, C:maj 1.5s, Ab:(3,5,b7,9,11,13) 0.5s, G:7 2.0s, A:min 1.0s, A:min7 1.0s, D:9(#5) 1.8s, D:7 0.2s, Bb:min9 1.0s, Eb:9 1.0s, Ab:maj 1.5s"
5577,G:major,"G:maj 4.0s, A:7 4.0s, D:7 4.0s, G:maj 2.0s, D:7 2.0s, G:maj 2.0s, G:dim 2.0s, A:min7 2.0s, D:7 2.0s, A:7 4.0s, D:7 4.0s, G:maj 4.0s, A:7 4.0s, D:7 2.0s, A:min7 2.0s, B:7 4.0s, A:min 2.0s, G:dim 2.0s, G:maj 2.0s, E:7 2.0s, A:7 2.0s, D:7 2.0s"
3971,E:major,"E:maj 0.0s, E:(3,*5) 0.5s, E:(3,*5) 1.0s, E:(3,*5) 0.2s, E:(3,*5) 0.2s, E:(3,*5) 1.0s, E:(3,*5) 1.0s, E:(3,*5) 0.5s, E:(3,*5) 0.2s, E:(3,*5) 0.2s, E:(3,*5) 0.2s, E:(3,*5) 0.2s, E:(3,*5) 0.5s, A:maj 0.0s, F#:(b3,*5) 0.5s, F#:(*3,5)/5 1.0s, F#:(b3,*5) 0.5s, C#:(b3,*5) 1.0s, E:maj 1.0s, E:(3,*5) 1.0s, E:(3,*5) 10.0s, E:maj 7.0s, E:7 1.0s, A:maj 8.0s, E:maj 4.0s, B:7 6.0s, E:maj 4.0s, E:maj 6.0s, E:7 2.0s, A:maj 1.0s"
3773,F:major,"F:maj 1.5s, D:7(b5) 0.5s, G:min9 1.0s, C:7 1.0s, F:maj 1.0s, D:7(b9) 1.0s, G:min7 0.5s, C:7 1.5s, F:7 1.0s, F:(3,5,b7,9,11,13) 1.0s, Bb:maj7 1.0s, Eb:9 2.0s, G:min7 0.5s, C:7 0.5s, F:maj 1.0s, C:7 1.0s, F:maj 1.5s, D:7(b5) 0.5s, G:min7 1.0s, C:7 1.0s, F:maj 1.0s, D:7(b9) 1.0s, G:min7 0.5s, C:7 1.5s, F:maj 1.0s, F:(3,5,b7,9,11,13) 1.0s, Bb:maj 1.0s, Bb:min 1.0s, F:maj/5 1.0s, G:min7 0.5s, C:7 0.5s, F:maj 1.0s, E:7 1.0s, A:maj6 1.0s, F#:(b3,5,b7,9,11) 1.0s, B:min7 1.0s, E:7 1.0s, A:maj/3 1.0s, A:dim 1.0s, A:maj 1.0s, E:7 1.0s, C:maj/5 1.0s, A:(b3,5,b7,9,11) 1.0s, F:min6 0.8s, G:sus4(7,9) 1.2s, Ab:7 2.0s, G:7 1.0s, C:7 1.0s, F:maj 1.5s, D:7(b5) 0.5s, G:min7 1.0s, C:7 1.0s, F:maj 1.0s, D:7(b9) 1.0s, G:min7 0.5s, C:7 1.5s, F:7 1.0s, F:(3,5,b7,9,11,13) 1.0s, Bb:maj 1.0s, Bb:min 1.0s"
3347,C:major,"F:maj 6.0s, Bb:maj 3.0s, F:maj 9.0s, G:7 3.0s, C:7 3.0s, F:maj 6.0s, Bb:maj 3.0s, F:maj 3.0s, Bb:maj 3.0s, F:maj 4.5s, C:7 1.5s, F:maj 3.0s, Bb:maj 3.0s, F:maj 1.5s, G:7 3.0s, C:7 1.5s, Bb:maj 3.0s"
5537,C:major,"C:maj 3.0s, Eb:dim 1.0s, D:min7 2.0s, G:7 1.0s, Eb:dim 1.0s, D:min7 2.0s, G:9 1.0s, D:min7 0.5s, G:9 0.5s, C:maj 1.0s, Eb:maj 1.0s, G:7/5 2.0s, C:maj 1.0s, F:maj 1.0s, C:maj 1.5s, C:7 0.5s, F:maj 3.0s, F#:dim 1.0s, C:maj/5 2.0s, C:7 2.0s, F:maj 1.0s, A:min 1.0s, D:7 2.0s, D:min7 2.0s, G:7 2.0s, C:maj 3.0s, Eb:dim 1.0s, D:min7 2.0s, G:7 1.0s, Eb:dim 1.0s, D:min7 2.0s, G:9 1.0s, D:min7 0.5s, G:9 0.5s, C:maj 1.0s, F:maj 1.0s, C:maj 2.0s"
5080,Eb:major,"Eb:maj 2.0s, Ab:maj 2.0s, Eb:maj 1.0s, G:min 1.0s, F:min7 2.0s, Eb:maj 2.0s, Ab:maj 2.0s, Eb:maj 1.0s, Bb:7 1.0s, F:min 1.5s, Eb:maj 0.5s, Bb:7 4.0s, Eb:maj 4.0s, Bb:7 4.0s, Eb:maj 4.0s, Bb:7 2.0s, Ab:maj 2.0s, Eb:maj 4.0s, Bb:7 2.0s, F:min7 1.0s, Bb:7 1.0s, Eb:maj 4.0s, Ab:maj 2.0s, Bb:7 2.0s, Eb:maj 4.0s, Ab:maj 2.0s, Bb:7 2.0s"
1128,G:major,"G:7 3.5s, F:maj 0.7s, G:7 0.8s, Bb:maj 1.0s, C:7 4.0s, Eb:maj 0.3s, Bb:maj 0.3s, F:maj 0.3s, Bb:maj 1.0s, Eb:maj 1.0s, Bb:maj 1.0s, D:min 1.0s, Eb:maj 4.0s, D:7 1.0s, G:min 4.0s, G:7 3.5s, F:maj 0.5s, G:7 2.0s, Bb:maj 1.0s, C:7 4.0s, G:7 2.0s, Bb:maj 1.0s, C:7 4.2s, Eb:maj 0.8s, Bb:maj 1.0s, F:7 1.0s, Bb:maj 1.0s, Eb:maj/3 1.0s, Bb:maj/5 1.0s, D:min 1.0s, Eb:maj 4.0s, D:7 1.0s, G:min 4.0s, F:maj 2.0s"
5973,Eb:major,"Eb:maj 0.2s, G:7 0.5s, C:7 1.6s, F:min 0.6s, G:min 0.2s, Bb:7 0.8s, Eb:maj 0.2s, E:7 0.5s, Eb:9 1.6s, Ab:min 0.6s, Bb:7 1.0s, Eb:maj 0.2s, G:7 0.5s, C:7 1.2s, F:min 1.0s, G:min 0.5s, Bb:7 0.5s, Eb:maj9 2.0s, F:9 1.0s, Ab:maj 0.2s, Bb:7 0.8s, Eb:maj 0.2s, G:7 0.5s, C:7 1.6s, F:min 0.6s, G:min 0.2s, Bb:7 0.8s, Eb:maj 0.2s, E:7 0.5s, Eb:9 1.6s, Ab:min 0.6s, Bb:7 1.0s, Eb:maj 0.2s, G:7 0.5s, C:7 1.2s, F:min 1.0s, G:min 0.5s, Bb:7 0.5s, Eb:9 4.0s, Ab:maj7 1.5s, Ab:maj6 0.5s, Ab:min9 1.0s, Ab:min6 1.0s, G:min7 0.5s, Gb:min7 0.5s, F:min9 0.5s, E:7 0.2s, Eb:9 1.2s, Eb:9 1.0s, Ab:maj9 1.0s, Ab:maj6 1.0s, Ab:min9 1.0s, Ab:min6 1.0s, Eb:maj 0.9s, F:9 1.1s, Bb:7 1.0s, Bb:(3,#5,b7) 1.0s, Eb:maj 0.2s, G:7 0.5s, C:7 1.6s, F:min 0.6s, G:min 0.2s, Bb:7 0.8s, Eb:maj 0.2s, E:7 0.5s, Eb:9 1.6s, Ab:min 0.6s, Bb:7 1.0s, Eb:maj 0.2s, G:7 0.5s, C:7 1.2s, B:7 1.0s, Bb:(3,#5,b7) 1.0s"
802,Bb:major,"Bb:maj 2.5s, E:dim 0.5s, C:min7 1.5s, F:7 4.5s, Bb:maj 4.5s, G:7 1.5s, C:min 1.0s, C:min7 0.5s, F:7 4.5s, Bb:maj 1.5s, F:7 1.5s, Bb:maj 2.5s, E:dim 0.5s, C:min7 1.5s, F:7 4.5s, Bb:maj 4.5s, G:7 1.5s, C:min 1.0s, C:min7 0.5s, F:7 4.5s, Bb:maj 3.0s, Eb:maj 1.5s, F:7 1.0s, F:9 0.5s, Bb:maj 3.0s, F:7 1.0s, B:dim 0.5s, F:7 1.0s, F:aug 0.5s, Bb:maj 3.0s"
2879,F:major,"F:maj 2.0s, C:7 4.0s, F:maj 3.0s, C:7 2.0s, F:maj 1.0s, D:min7 2.0s, G:7 1.0s, C:maj 1.0s, G:min 2.0s, D:min 2.0s, G:7 1.0s, C:maj 0.5s, D:min 0.5s, C:maj 1.0s, G:7 1.0s, C:maj 0.8s, G:7 1.2s, F:maj 1.5s, C:7 3.0s, F:maj 1.5s, A:7 1.5s, D:min 1.5s, G:7 1.5s, C:7 1.5s, F:maj 1.5s, C:7 3.0s, F:maj 1.5s, F:7 1.5s, Bb:maj 1.0s, G:min7 0.5s, C:7 1.5s, F:maj 1.5s, Bb:maj 0.5s, F:maj 0.5s, C:7 0.5s, F:maj 1.5s"
4050,C:major,"F:maj 7.5s, Bb:maj 8.0s, F:maj 2.0s, G:maj 2.0s, Bb:maj 4.0s, F:maj 2.0s, C:7 2.0s, F:maj 2.5s, F:maj 7.5s, Bb:maj 8.0s, F:maj 2.0s, G:maj 2.0s, Bb:maj 4.0s, F:maj 2.0s, C:7 2.0s, F:maj 2.0s"
2266,G:major,"E:min7 1.5s, F#:min7 1.5s, E:min7 1.5s, F#:min7 1.5s, C:maj7 6.0s, A:min7 1.5s, D:7 1.5s, G:maj7 1.5s, C:maj7 1.5s, G:maj7 1.5s, C:maj7 1.5s, F#:hdim7 1.5s, B:7 1.5s, E:min7 1.5s, F#:min7 1.5s, E:min7 1.5s, F#:min7 1.5s, C:maj7 6.0s, A:min7 1.5s, D:7 1.5s, G:maj7 1.5s, C:maj7 1.5s, G:maj7 1.5s, C:maj7 1.5s, F#:hdim7 1.5s, B:7 1.5s, E:maj7 1.5s, F#:min7 1.5s, E:maj7 1.5s, F#:min7 1.5s, A:maj7 6.0s"
1500,Bb:major,"Bb:maj 1.0s, Bb:7 1.0s, Eb:maj 0.5s, Eb:min 1.5s, Bb:maj 1.0s, F:7 1.0s, Bb:maj 2.0s, Bb:maj 1.0s, G:min7 1.0s, C:min7 0.8s, F:7 1.2s, Bb:maj 2.0s, C:min7 0.8s, F:7 1.2s, Bb:maj 1.0s, Bb:7 1.0s, Eb:maj 0.5s, Eb:min 1.5s, Bb:maj 1.0s, F:7 1.0s, Bb:maj 2.0s, D:7 2.0s, D:7 2.0s, G:7 2.0s, G:7 2.0s, C:7 2.0s, C:7 4.0s, F:7 2.0s, Bb:maj 1.0s, G:min7 1.0s, C:min7 0.8s, F:7 1.2s, Bb:maj 2.0s, C:min7 0.8s, F:7 1.2s, Bb:maj 1.0s, Bb:7 1.0s, Eb:maj 0.5s, Eb:min 1.5s, Bb:maj 1.0s, F:7 1.0s, Bb:maj 2.0s, Bb:maj 1.0s, F:7 1.0s, Bb:maj 2.0s"
2692,Eb:major,"Eb:maj 3.0s, E:dim 1.0s, F:min7 3.0s, Bb:7 1.0s, F:min 1.0s, Db:7 1.0s, Bb:7 2.0s, Eb:maj 3.0s, Eb:7 1.0s, Ab:maj 4.0s, G:min 1.0s, Ab:maj 1.0s, G:min 1.0s, Ab:maj 0.0s, Ab:min 1.0s, Eb:maj 1.0s, E:dim 1.0s, Bb:7 1.0s, Ab:maj 0.5s, Bb:7 0.5s, Eb:maj 2.0s, Eb:7 1.0s, Ab:maj 1.0s, Eb:maj 1.0s, F:min7 1.0s, Eb:maj 1.0s, F:min 1.0s, C:min 1.0s, Ab:maj 0.2s, G:min 0.8s, F:min 1.0s, B:dim 0.5s, G:7 0.5s, C:min 1.0s, B:dim 0.5s, G:7 0.5s, C:min7 2.0s, F:9 2.0s, F:min 1.5s, Bb:7 0.5s, Eb:maj 3.0s, E:dim 1.0s, F:min7 3.0s, Bb:7 1.0s, F:min 1.0s, Db:7 1.0s, Bb:7 2.0s"
5273,C:major,"G:min7 3.0s, C:7 1.0s, F:maj 4.0s, C:7 4.0s, F:maj 2.0s, D:7 1.0s, C:7 1.0s, G:min7 2.0s, C:7 2.0s, F:maj 4.0s, C:7 2.0s, F:maj 2.0s, A:7 4.0s, D:min 4.0s, E:7 4.0s, E:7 4.0s, A:min 1.0s, E:7 1.0s, C:7 2.0s, G:min7 2.0s, C:7 2.0s, F:maj 4.0s, C:7 4.0s"
5982,Bb:major,"G:min 3.0s, D:7 6.0s, G:min 3.0s, C:min 1.5s, D:7 1.5s, G:min 1.5s, D:maj 3.0s, D:7 1.5s, G:min/5 1.5s, D:7 1.5s, G:min 3.0s, D:7 6.0s, G:min 3.0s, C:min/5 1.5s, F:7 1.5s, G:min 3.0s, D:maj 1.5s, D:aug 1.5s, G:min 3.0s, Bb:maj 1.5s, G:min 1.5s, A:dim 3.0s, D:maj 1.5s, D:7 1.5s, G:min 3.0s"
1407,A:major,"A:maj 3.0s, D:maj 0.5s, E:maj 1.5s, A:maj 1.0s, E:maj 0.5s, B:7 0.5s, E:maj 0.5s, E:7 0.5s, A:maj 2.0s, A:maj 0.5s, A:maj 0.5s, D:maj 0.5s, C:maj 0.5s, F:min 0.5s, E:maj 0.5s, A:maj 1.0s, F:min 1.5s, E:7 0.5s, A:maj 1.5s"
1078,Bb:major,"F:7 1.5s, Bb:maj 1.5s, F:7 0.5s, Bb:maj 2.0s, Eb:maj 3.5s, E:7 0.5s, F:7 1.5s, C:min 0.5s, F:7 2.0s, C:min7 1.5s, F:7 0.5s, Bb:maj 2.0s, Eb:maj 4.0s, Bb:maj 4.0s, C:7 1.5s, G:min7 0.5s, C:7 2.0s, F:7 1.5s, C:min 0.5s, F:7 1.0s, C:min 0.5s, F:7 0.5s, Bb:maj 1.5s, F:7 0.5s, Bb:maj 2.0s, Eb:maj 3.5s, E:7 0.5s, F:7 1.5s, C:min7 0.5s, F:7 4.0s, Bb:maj 1.5s, Bb:7 0.5s, Eb:maj 4.0s, Bb:maj 3.0s, C:min7 0.5s, Bb:maj 0.5s, Eb:maj 1.0s, C:min7 1.0s, F:7 0.5s"
5025,C:major,"F:min7 2.0s, F:min6 1.0s, G:7(b9) 1.0s, C:maj7 2.0s, A:7(b9) 2.0s, D:min 2.0s, G:(3,5,b7,9,11) 1.5s, G:9 0.5s, C:maj7 3.0s, C:maj6 1.0s, F:min7 2.5s, F:min6 0.5s, G:7(b9) 1.0s, C:min7 2.0s, C:min6 2.0s, G:maj 1.0s, E:min 1.0s, A:min7 1.5s, D:9 0.5s, C:maj 1.0s, G:maj 1.0s, F:min7 1.0s, F:min6 0.5s, G:7(b9) 0.5s, C:maj6 2.0s, D:min7 1.5s, G:(3,5,b7,9,11) 0.5s, C:maj6 2.0s, D:min7 1.0s, G:(3,5,b7,9,11) 1.0s, C:maj 2.0s, D:min7 0.8s, G:(3,5,b7,9,11) 1.2s, C:maj7 1.0s, C:maj6 1.0s, D:min7 2.0s, C:maj 2.0s, D:min7 1.0s, G:(3,5,b7,9,11) 1.0s, A:7 6.2s, D:min7 1.8s"
2278,D:major,"D:maj 1.0s, A:maj/3 1.0s, B:min 1.0s, D:maj/5 1.0s, G:maj 1.0s, A:sus4 0.8s, A:maj 0.2s, D:min 1.0s, G:maj/9 0.5s, A:maj 0.5s, D:maj 1.0s, A:maj/3 1.0s, B:min 1.0s, D:maj/5 1.0s, G:maj 1.0s, A:sus4 0.8s, A:maj 0.2s, D:maj 2.0s, B:min 1.0s, D:maj/5 1.0s, G:maj 1.0s, D:maj/3 1.0s, G:maj 1.0s, B:min/5 1.0s, E:min 1.0s, F#:sus4 1.5s, F#:maj 0.5s, D:maj 1.0s, A:maj/3 1.0s, B:min 1.0s, D:maj/5 1.0s, G:maj 1.0s, A:sus4 0.8s, A:maj 0.2s, D:maj 2.0s, D:maj 1.0s, A:maj/3 1.0s, B:min 1.0s, D:maj/5 1.0s, G:maj 1.0s, A:sus4 0.8s, A:maj 0.2s, D:min 1.0s, G:maj/9 0.5s, A:maj 0.5s, D:maj 1.0s, A:maj/3 1.0s, B:min 1.0s, D:maj/5 1.0s, G:maj 1.0s, A:sus4 0.8s, A:maj 0.2s, D:maj 2.0s, D:maj 1.0s, A:maj/3 1.0s, B:min 1.0s, D:maj/5 1.0s, G:maj 1.0s, A:sus4 0.8s, A:maj 0.2s, D:min 1.0s, G:maj/9 0.5s, A:maj 0.5s, D:maj 1.0s, A:maj/3 1.0s, B:min 1.0s"
2631,D:major,"D:maj 0.8s, F:hdim7 1.0s, E:min7 1.0s, A:7 1.2s, D:maj 0.8s, F:hdim7 1.0s, E:min7 1.0s, A:7 1.2s, D:maj 0.8s, F:hdim7 1.0s, E:min7 1.0s, A:7 1.0s, D:maj 4.2s, D:maj 0.8s, F:hdim7 1.0s, E:min7 1.0s, A:7 1.2s, D:maj 0.8s, F:hdim7 1.0s, E:min7 1.0s, A:7 1.2s, D:maj 0.8s, F:hdim7 1.0s, E:min7 1.0s, A:7 1.0s, D:maj 4.3s, G:min6 3.8s, D:maj 4.0s, F#:maj 2.0s, G:hdim7 2.2s, G#:min7 0.8s, C#:7 1.0s, F#:maj 1.0s, A:7 1.2s, D:maj 0.8s, F:hdim7 1.0s, E:min7 1.0s, A:7 1.2s, D:maj 0.8s, F:hdim7 1.0s, E:min7 1.0s, A:7 1.2s, D:maj 0.8s, F:hdim7 1.0s, E:min7 1.0s, A:7 1.0s, D:maj 0.2s"
4906,Bb:major,"G:min7 4.0s, C:min6 4.0s, C:min7 2.0s, Eb:7 1.0s, A:7 0.5s, D:7 0.5s, G:min6 4.0s, G:min6 7.0s, F:7 1.0s, Bb:7 1.0s, F:min7 1.0s, Bb:7 1.0s, F:min7 1.0s, Bb:7 1.0s, F:min7 1.0s, Bb:7 2.0s, Eb:7 0.8s, Bb:min7 1.2s, Eb:7 0.8s, Bb:min7 4.2s, F:7 1.0s"
1206,C:major,"G:7 0.5s, C:maj 2.0s, A:min 2.0s, D:min7 2.0s, G:7 2.0s, C:maj/3 2.0s, D:min7 1.0s, G:7 1.0s, C:maj 1.0s, C#:dim 1.0s, D:min7 1.0s, G:7 1.0s, C:maj 2.0s, A:min 2.0s, D:min7 2.0s, G:7 2.0s, C:maj/3 2.0s, D:min7 1.0s, G:7 1.0s, C:maj 4.0s, D:min7 2.0s, G:7 2.0s, C:maj 4.0s, A:min7 2.0s, D:7 2.0s, D:min/4 2.0s, G:7 2.0s, C:maj 2.0s, A:min 2.0s, D:min7 2.0s, G:7 2.0s, C:maj/3 2.0s, D:min7 1.0s, G:7 0.5s"
717,C:major,"G:7 12.0s, C:maj 4.0s, G:7 8.0s, C:maj 8.0s, G:7 8.0s, C:maj 4.0s, C:maj 10.0s, D:7 2.0s, G:7 4.0s"
728,F:major,"F:maj 2.0s, C:7 4.0s, F:maj 2.0s, Ab:dim7 4.0s, C:7 2.0s, G:min 1.0s, Bb:min 1.0s, F:maj 2.0s, D:9 2.0s, G:min 2.0s, C:7 2.0s, F:maj 4.0s, F:maj 1.0s, F:maj7 1.0s, D:7(b9) 2.0s, G:min7 1.5s, C:7(b9) 0.5s, F:maj 2.0s, F:maj7 1.5s, D:min7 0.5s, G:min7 1.0s, C:7 0.5s, E:7 0.5s, F:maj7 1.5s, F:maj 0.5s, B:min7 1.0s, E:7 1.0s, A:min7 4.0s, D:7 4.0s, G:7 4.0s, C:7 2.0s, C:(3,#5,b7) 1.5s, C:7 0.5s"
4889,Bb:major,"C:min6/b3 1.0s, D:7 1.0s, G:min 1.0s, C:7 1.0s, F:maj 1.0s, Eb:7 1.0s, D:7/b7 2.0s, C:min/5 2.0s, G:min/5 2.0s, C:min 2.0s, G:min/5 2.0s, A:hdim7 1.0s, D:7 1.0s, G:min/5 1.0s, G:min7/b7 1.0s, A:7/5 1.0s, Eb:7/b7 1.0s, D:7 2.0s, C:min 2.0s, G:min/5 2.0s, F:7 2.0s, Bb:maj 2.0s, A:hdim7 1.0s, D:7/b7 1.0s, G:min 1.0s, G:min7/b7 1.0s, Eb:9 1.0s, D:7 1.0s, G:min 2.0s, C:min7 1.0s, F:7 1.0s, Bb:maj 2.0s, C:min7 1.0s, F:7 1.0s, Bb:maj/3 2.0s, A:hdim7 1.0s, D:7 1.0s, G:min/b3 0.5s, G:min7 1.5s, A:7/5 1.0s, Eb:7/b7 1.0s, D:7 2.0s, C:min 2.0s, G:min 2.0s"
5819,C:major,"G:aug 0.5s, C:maj 1.0s, G:aug 1.0s, C:maj 2.0s, C:maj 3.0s, G:aug 1.0s, C:maj 2.0s, E:hdim7 1.0s, A:7 1.0s, D:min7 2.0s, G:7 2.0s, D:min7 2.0s, G:7 2.0s, C:maj 2.0s, A:min 2.0s, D:7 4.0s, G:7 1.0s, G:dim 1.0s, G:7 2.0s, C:maj 1.0s, G:aug 1.0s, C:maj 1.0s, G:aug 1.0s, C:maj 4.0s, C:7 2.0s, G:min7 1.0s, C:7 1.0s, F:maj 1.0s, A:7 1.0s, D:min 2.0s, F:maj 2.0s, F#:dim 2.0s, C:maj 1.0s, E:7 1.0s, A:7 2.0s, D:7 2.0s, D:min7 1.0s, G:7 0.5s"
2370,C:major,"C:maj 10.0s, C:aug 2.0s, F:maj 2.0s, F:min 1.5s, G:7 0.5s, C:maj 2.0s, G:7 4.0s, C:maj 2.0s, E:min 2.0s, C:maj 2.0s, E:min 2.0s, F:maj 2.0s, G:7 2.0s, F:maj 2.0s, G:7 2.0s, C:maj 2.0s, C:aug 2.0s, F:maj 2.0s, F:min 2.0s, C:maj 4.0s, G:7 4.0s, C:maj 4.0s, C:maj 2.0s"
6274,Eb:major,"C:min 2.0s, Eb:maj 2.0s, Bb:maj 2.0s, F:min 2.0s, C:min 2.0s, Eb:maj 2.0s, Bb:maj 2.0s, F:min 3.0s, Eb:maj 2.0s, Bb:maj 1.0s, F:min 1.0s, Eb:maj 1.0s, Bb:maj 2.0s, Eb:maj 2.0s, Bb:maj 2.0s, C:min 2.0s, Ab:maj 2.0s, Eb:maj 2.0s, Bb:maj 2.0s, C:min 2.0s, Ab:maj 2.0s, Eb:maj 2.0s, C:min 2.0s, Eb:maj 2.0s, Bb:maj 2.0s, F:min 2.0s, C:min 2.0s, Eb:maj 2.0s, Bb:maj 5.0s, Eb:maj 1.0s"
2945,C:major,"G:7 1.0s, C:maj 1.0s, A:(1,*3,*5) 2.0s, G:7 1.0s, C:maj 3.0s, G:7 1.0s, C:maj 1.0s, D:min 1.0s, C:maj/3 1.0s, Eb:dim 1.0s, D:min7 2.0s, G:7 2.0s, D:min7 2.0s, F:min6 2.0s, C:maj/3 2.0s, A:min7 2.0s, D:7 2.0s, G:7 2.0s, C:maj 1.0s, G:(3,#5,b7) 1.0s, C:maj 1.0s, G:7 1.0s, C:maj 3.0s, G:7 1.0s, C:maj 4.5s, D:min 1.5s, C:maj/3 1.0s, Eb:dim 1.0s, D:min7 2.0s, G:7 2.0s, D:min 2.0s, F:min6 2.0s, C:maj/3 2.0s, A:min7 2.0s, D:7 2.0s, G:7 1.0s"
1901,C:major,"C:maj 1.0s, D:min 1.0s, E:min 1.0s, F:maj 1.0s, C:maj 1.0s, G:maj 1.0s, F:maj 1.0s, C:maj 1.0s, C:maj 1.0s, D:min 1.0s, E:min 1.0s, F:maj 1.0s, C:maj 1.0s, G:maj 1.0s, F:maj 1.0s, C:maj 1.0s, C:maj 1.0s, D:min 1.0s, E:min 1.0s, F:maj 1.0s, C:maj 1.0s, G:maj 1.0s, F:maj 1.0s, C:maj 1.0s, C:maj 1.0s, G:maj 1.0s, C:maj 2.0s, D:min 1.0s, G:maj 1.0s, C:maj 1.0s, G:maj 1.0s, C:maj 1.0s, G:maj 1.0s, C:maj 2.0s, D:min 1.0s, G:maj 1.0s, C:maj 1.0s, G:7 1.0s, C:maj 1.0s, G:maj 1.0s, C:maj 2.0s, D:min 1.0s, G:maj 1.0s, C:maj 1.0s, G:maj 1.0s, C:maj 1.0s, G:maj 1.0s, C:maj 2.0s, D:min 1.0s, G:maj 1.0s, C:maj 1.0s, G:7 1.0s"
2526,Eb:major,"Ab:maj7 2.0s, Bb:7 0.5s, B:dim 1.5s, G:7 2.0s, C:min 2.0s, Ab:maj7 2.0s, F:min7 1.5s, Bb:7 0.5s, Eb:maj7 1.5s, G:7 0.5s, C:min 1.5s, B:dim 0.5s, Eb:maj/5 1.0s, G:7 1.0s, C:min 2.0s, A:hdim7 1.0s, D:7 1.0s, G:min 2.0s, E:dim 2.0s, F:min7 1.5s, Bb:7 0.5s, Eb:maj 1.5s, G:7 0.5s, Ab:maj7 1.5s, Bb:7 0.5s, Eb:maj/3 1.0s, G:7 1.0s, C:min 2.0s, A:hdim7 1.8s, D:7 0.2s, G:hdim7 1.8s, C:7 0.2s, F:min7 1.0s, Bb:7 1.0s, G:min7 1.0s, C:7 1.0s, A:hdim7 1.0s, D:7 1.0s, G:min7 1.2s, C:min7 0.8s, F:min7 1.0s, Bb:7 1.0s, Eb:maj7 2.0s, D:hdim7 1.0s, G:7 1.0s, C:min 2.0s, A:hdim7 0.5s, D:7 1.5s, G:min7 0.5s, C:7 0.5s, F:min7 0.8s, Bb:7 0.2s"
297,F:major,"A:min 1.0s, D:min7 1.0s, G:7 0.5s, C:7 0.5s, F:7 1.0s, Bb:maj 1.0s, C:7 1.0s, A:7 1.0s, D:min 1.0s, D:min6 1.0s, G:hdim7 1.0s, A:min7 1.2s, Ab:7 0.8s, G:min7 1.0s, C:(3,5,b7,9,11,13) 1.0s, A:min7 1.0s, D:min7 0.0s, G:min7 0.0s, C:7 1.0s, A:min 1.0s, D:min7 1.0s, G:7 0.5s, C:7 0.5s, F:7 1.0s, Bb:maj 1.0s, C:7 1.0s, A:7 1.0s, D:min 1.0s, D:min6 1.0s, G:hdim7 1.0s, A:min7 1.3s, Ab:7 0.8s, G:min7 1.0s, C:7 1.0s, Bb:maj 0.5s, C:maj 0.5s, D:min 1.0s, F:maj 1.0s, D:min7 1.0s, G:7 0.5s, C:7 0.5s, A:min 1.0s, G:min7 0.5s, C:7 0.5s, F:maj 0.5s, D:min7 0.5s, Db:7 1.0s, C:7(b9) 1.0s, C:maj 0.5s, C:9 0.5s, A:min 0.5s, D:min7 0.5s, G:min 2.0s, F:maj 1.0s, D:min7 1.0s, G:maj 1.0s, E:hdim7 1.0s, A:min7 1.0s, D:min7 1.0s, G:7 0.5s, C:7 0.5s, F:7 1.0s, Bb:maj 1.0s, C:7 1.0s, A:7 1.0s, D:min 1.0s, D:min6 1.0s, G:hdim7 1.0s, A:min7 1.2s, Ab:7 0.8s"
6488,Eb:major,"F:min7 1.0s, Eb:maj 1.0s, Bb:7/b7 1.0s, Eb:maj 1.0s, C:7 1.0s, F:min7 1.0s, Bb:7 1.0s, Bb:7 1.0s, F:min7 0.8s, A:dim7 0.2s, Eb:maj 1.0s, Bb:7 1.0s, Eb:maj 1.0s, C:7 1.0s, F:min7 2.0s, Bb:7 2.0s, Eb:min 1.0s, Bb:7 1.0s, Db:min 1.0s, Gb:7 1.0s, Cb:maj 2.0s, Ab:min7 1.0s, Bb:(3,#5,b7) 1.0s, Eb:min 2.0s, C:min7 1.0s, F:7 1.0s, Bb:7 2.5s, Bb:7 0.5s, F:min7 1.0s, Eb:maj 1.0s, Bb:7 1.0s, Eb:maj 1.0s, C:7 1.0s, F:min7 2.0s, Bb:7 1.0s, F:min7 0.8s, A:dim7 0.2s, Eb:maj 1.0s, Bb:7 1.0s, Eb:maj 1.0s, Bb:9(#5) 1.0s, Bb:min7 2.0s, Eb:maj 2.0s, Ab:maj 2.0s, Db:9 2.0s, G:min7 2.0s, C:min7 1.0s, F:7 1.0s, Eb:maj 2.0s, Bb:7 1.0s"
2894,G:major,"G:maj 2.0s, G:7 2.0s, C:maj 2.0s, G:maj 2.0s, C:maj 2.0s, D:7 2.0s, G:maj 2.0s, D:7 2.0s, G:maj 2.0s, G:7 2.0s, C:maj 2.0s, G:maj 1.0s, C:maj 1.0s, G:maj 2.0s, D:7 2.0s, G:maj 2.0s, C:maj 1.0s, D:7 1.0s, G:maj 2.0s, G:7 2.0s, C:maj 2.0s, G:maj 2.0s, C:maj 2.0s, D:7 2.0s, G:maj 2.0s, D:7 2.0s, G:maj 2.0s, G:7 2.0s, C:maj 2.0s, G:maj 1.0s, C:maj 1.0s, G:maj 2.0s, D:7 2.0s"
3354,F:major,"F:maj 4.0s, D:min7 4.0s, Bb:maj9 4.0s, C:maj 4.0s, F:maj 4.0s, D:min7 4.0s, Bb:maj9 4.0s, C:maj 4.0s, F:maj 4.0s, D:min7 4.0s, Bb:maj9 4.0s, C:maj 4.0s, F:maj 4.0s, D:min7 4.0s, Bb:maj9 4.0s"
1817,Eb:major,"F#:dim 1.0s, Bb:7/5 3.0s, F#:dim 1.0s, Bb:7/5 3.0s, Bb:(3,#5,b7) 1.0s, Eb:maj6 3.0s, Bb:(3,#5,b7) 1.0s, Eb:maj6 4.0s, Bb:7 8.0s, Eb:maj6 3.0s, Bb:(3,#5,b7) 1.0s, Eb:maj6 3.0s, F#:dim 1.0s, Bb:7/5 3.0s, F#:dim 1.0s, Bb:7/5 3.0s, Bb:(3,#5,b7) 1.0s, Eb:maj6 3.0s, Bb:(3,#5,b7) 1.0s, Eb:maj6 4.0s, Ab:maj 4.0s, Eb:maj 3.0s, F#:dim 1.0s, Bb:7/5 3.0s"
3034,Eb:major,"Eb:maj 4.0s, C:min 2.0s, Ab:maj 2.0s, Eb:maj 4.0s, C:min 2.0s, Ab:maj 2.0s, Eb:maj 4.0s, C:min 2.0s, Ab:maj 2.0s, Eb:maj 4.0s, C:min 2.0s, Ab:maj 3.0s, Eb:maj 4.0s, C:min 2.0s, Ab:maj 2.0s, Eb:maj 4.0s, Eb:maj 4.0s, C:min 2.0s, Ab:maj 2.0s, Eb:maj 4.0s, C:min 2.0s, Ab:maj 1.0s"
1136,Bb:major,"Bb:maj 4.0s, C:min7 2.0s, F:7 6.0s, Bb:maj 4.0s, Bb:7 4.0s, Eb:maj 4.0s, C:7 4.0s, F:7 4.0s, Bb:maj 4.0s, C:min7 2.0s, F:7 6.0s, Bb:maj 4.0s, Bb:7 4.0s, Eb:maj 2.0s, E:dim 2.0s, Bb:maj 1.5s, G:min7 0.5s, C:min7 1.0s, F:7 1.0s"
1654,C:major,"A:min 1.0s, E:maj 1.0s, A:min 1.0s, E:maj 1.0s, E:maj 0.5s, A:min 1.0s, E:maj 0.5s, A:min 0.5s, E:maj 0.5s, A:min 1.0s"
4617,F:major,"D:min 0.5s, F:maj 0.5s, G:maj 0.5s, Bb:maj 0.5s, D:min 0.5s, A:maj 0.5s, D:maj 0.5s, A:maj 1.0s, D:min 0.5s, F:maj 0.5s, G:maj 0.5s, Bb:maj 0.5s, D:min 0.5s, F:maj 0.5s, A:maj 1.0s, D:min 0.5s, F:maj 0.5s, G:maj 0.5s, Bb:maj 0.5s, D:min 0.5s, A:maj 0.5s, D:min 0.5s, D:min 0.5s, F:maj 0.5s, G:maj 0.5s, Bb:maj 0.5s, D:min 0.5s, F:maj 0.5s, A:maj 1.0s, D:min 0.5s, F:maj 0.5s, G:maj 0.5s, Bb:maj 0.5s, D:min 0.5s, A:maj 0.5s, D:min 0.5s"
920,G:major,"G:maj(4) 1.0s, G:maj 1.0s, E:7 2.0s, A:7 4.0s, D:7 4.0s, G:maj 1.0s, G#:dim 1.0s, D:7 2.0s, G:maj(4) 1.0s, G:maj 1.0s, E:7 2.0s, A:7 4.0s, D:7 4.0s, G:maj 2.5s, G:7 0.5s, D:min7 0.5s, G:7 0.5s, C:maj 2.0s, C:min6 2.0s, B:7/5 1.0s, D:min6/b3 1.0s, E:7 2.0s, A:7 4.0s, C:min6 2.0s, D:7 2.0s, G:maj(4) 1.0s, G:maj 1.0s, E:7 2.0s, A:7 4.0s, D:7 4.0s"
5543,Bb:major,"Bb:maj 4.0s, Eb:maj 4.0s, F:7 4.0s, Bb:maj 3.0s, C:min7 0.5s, C#:dim 0.5s, Bb:maj 3.0s, Eb:maj 0.5s, Bb:maj 0.5s, Eb:maj 4.0s, F:7 2.5s, A:maj 0.5s, F:aug 0.2s, F:7 0.8s, Bb:maj 4.0s, Eb:maj 4.0s, Bb:maj 4.0s, C:7 4.0s, F:7 2.5s, Bb:maj 0.5s, C:7 0.5s, C#:dim 0.5s, Bb:maj 3.0s, Eb:maj6 0.5s, Bb:maj 0.5s, Eb:maj 4.0s, F:7 2.5s, F:aug 0.8s, F:7 0.8s"
3504,C:major,"F:maj 2.0s, F:min 2.0s, C:maj 2.0s, D:7 2.0s, D:min7 2.0s, G:7 2.0s, C:maj 2.0s, C:7 2.0s, F:maj 2.0s, F:min 2.0s, C:maj 2.0s, D:7 2.0s, D:min7 2.0s, G:7 2.0s, C:maj 4.0s, E:7 4.0s, A:7 4.0s, D:7 4.0s, G:7 2.0s, G:min7 1.0s, C:7 1.0s, F:maj 2.0s, F:min 2.0s, C:maj 2.0s, D:7 2.0s, D:min7 2.0s, G:7 2.0s"
5727,C:major,"A:min 1.0s, A:min/7 1.0s, A:min/b7 1.0s, A:min/6 1.0s, F:maj7 4.0s, D:min7 3.0s, B:hdim7 1.0s, B:min7/4 2.0s, E:7 2.0s, A:min 1.0s, A:min/7 1.0s, A:min/b7 1.0s, A:min/6 1.0s, F:maj7 4.0s, D:min7 3.0s, B:hdim7 1.0s, A:maj7 2.0s, A:maj 2.0s, B:hdim7 1.0s, E:9 1.0s, A:maj7 1.5s, A:maj6 0.5s, B:hdim7 1.0s, E:9 1.0s, A:maj7 2.0s, Ab:min7 1.0s, Db:7(b9) 1.0s, Gb:maj7 2.0s, G:min7 1.0s, C:7(b9) 1.0s, F:maj7 2.0s, A:min 1.0s, A:min/7 1.0s, A:min/b7 1.0s, A:min/6 1.0s, F:maj7 4.0s, D:min7 2.0s, Bb:7(b5) 2.0s"
708,C:major,"C:maj6 2.0s, C:7 2.0s, F:maj6 2.0s, C:maj6 2.0s, C:maj7 2.0s, A:min7 2.0s, D:7 2.0s, G:7 2.0s, C:maj7 2.0s, C:7 2.0s, F:maj6 2.0s, E:7 2.0s, C:maj6 2.0s, A:min7 2.0s, D:7 1.0s, G:7 1.0s, C:maj6 2.0s, C:maj6 2.0s, C:7 2.0s, F:maj6 2.0s, C:maj6 2.0s, C:maj7 2.0s, A:min7 2.0s, D:7 2.0s, G:7 2.0s, C:maj7 2.0s, C:7 2.0s, F:maj6 2.0s, E:7 2.0s, C:maj6 2.0s, A:min7 2.0s"
2140,C:major,"G:7 0.5s, C:maj6 2.0s, E:7 2.0s, F:maj7 2.0s, B:min7(b5) 1.0s, E:7 1.0s, A:min7 2.0s, D:7 2.0s, D:min7 1.0s, G:7 1.0s, E:min7 0.5s, A:7 0.5s, D:min7 0.5s, G:7 0.5s, C:maj6 2.0s, E:7 2.0s, F:maj7 2.0s, B:min7(b5) 1.0s, E:7 1.0s, A:min7 2.0s, D:7 2.0s, D:min7 1.0s, G:7 1.0s, C:maj6 2.0s, G:min7 3.0s, C:7 1.0s, F:maj7 1.0s, C:7 1.0s, F:maj6 2.0s, A:min7 2.0s, D:7 2.0s, D:min7 2.0s, G:sus4(7,9) 1.0s, G:7 1.0s, C:maj6 2.0s, E:7 2.0s, F:maj7 2.0s, B:min7(b5) 1.0s, E:7 1.0s, A:min7 2.0s, D:7 1.5s"
4440,C:major,"C:maj 5.0s, Eb:dim 1.0s, G:9 1.5s, G:7 0.5s, C:maj 3.0s, C:dim 0.5s, C:maj 8.5s, G:7 5.0s, D:min7 1.0s, G:7 6.5s, D:min7 0.5s, G:7 3.0s, C:maj 2.5s, Eb:dim 1.0s, G:7 0.5s, C:maj 3.0s, C:dim 0.5s, C:maj 6.5s, C:7 0.5s, C:dim 0.5s, C:7 0.5s, C:aug 0.5s, F:maj 8.0s"
2462,C:major,"C:maj 2.0s, G:maj/3 2.0s, F:maj/3 4.0s, C:maj/5 2.0s, D:7/3 1.0s, F:min 1.0s, E:min7 1.0s, A:min7 1.0s, D:min7 1.0s, G:7 1.0s, C:maj 2.0s, G:maj/3 2.0s, F:maj/3 4.0s, C:maj/5 2.0s, D:7/3 1.0s, F:min 1.0s, E:min7 2.0s, A:7 2.0s, F:maj7 1.0s, F:maj6 1.0s, F:maj 1.0s, E:7 1.0s, A:min 1.0s, A:maj 1.0s, A:min7 1.0s, D:7/5 1.0s, E:maj/5 2.0s, F#:min7 1.0s, B:7 1.0s, E:maj7 2.0s, G:9 2.0s, C:maj 2.0s, G:maj/3 2.0s, F:maj/3 4.0s, C:maj/5 2.0s, F#:hdim7 1.0s, F:min6 1.0s"
3449,F:major,"C:7 1.0s, F:maj 1.0s, C:7 1.0s, F:maj 1.0s, C:7 1.0s, F:maj 2.5s, F:7 0.5s, Bb:maj 1.0s, F:maj 1.0s, G:min7 1.0s, F:maj 1.0s, Bb:maj 2.0s, C:7 1.0s, F:maj 1.0s, C:7 1.0s, F:maj 1.0s, C:7 1.0s, F:maj 2.5s, F:7 0.5s, Bb:maj 1.0s, F:maj 1.0s, G:min7 1.0s, F:maj 1.0s, Bb:maj 2.0s, A:7 4.0s, A:min7 2.0s, D:7 2.0s, G:7 4.0s, G:min7 2.0s, C:7 2.0s, C:7 1.0s, F:maj 1.0s, C:7 1.0s, F:maj 1.0s, C:7 1.0s, F:maj 2.5s, F:7 0.5s, Bb:maj 1.0s, F:maj 1.0s, G:min7 1.0s, F:maj 1.0s, Bb:maj 1.0s, F:maj 0.5s, F:7 0.5s, Bb:maj 1.0s, F:maj 1.0s"
6379,F:major,"F:maj 2.2s, Bb:maj 2.0s, F:maj 1.5s, D:min 2.5s, F:maj 2.0s, Bb:maj 2.0s, F:maj/5 1.0s, C:7 0.8s, F:maj 2.2s, D:min 2.0s, A:min 2.0s, D:min 1.8s, A:maj 2.0s, F:maj 2.2s, Bb:maj 2.0s, F:maj/5 1.0s, C:7 0.8s, F:maj 6.0s, F:maj 2.2s, Bb:maj 2.0s, F:maj 1.5s, D:min 2.5s, F:maj 2.0s, Bb:maj 2.0s, F:maj/5 1.0s, C:7 0.8s, F:maj 2.2s, D:min 2.0s, A:min 2.0s, D:min 1.8s, A:maj 2.0s"
2300,F:major,"C:maj 1.0s, F:(*3,*5) 1.0s, D:maj 1.0s, G:maj 1.0s, C:maj 1.0s, F:(*3,*5) 1.0s, D:maj 1.0s, G:maj 1.0s, C:maj 1.0s, F:(*3,*5) 1.0s, D:maj 1.0s, G:maj 1.0s, C:maj 1.0s, F:(*3,*5) 1.0s, D:maj 1.0s, G:maj 1.0s, C:maj 1.0s, F:(*3,*5) 1.0s, D:maj 1.0s, G:maj 1.0s, C:maj 1.0s, F:(*3,*5) 1.0s, D:maj 1.0s, G:maj 1.0s, C:maj 1.0s, F:(*3,*5) 1.0s, D:maj 1.0s, G:maj 1.0s, C:maj 1.0s, F:(*3,*5) 1.0s, D:maj 1.0s, G:maj 0.0s, C:maj 1.0s, F:maj 1.0s, Bb:(*3,*5) 2.0s, G:maj 2.0s, C:maj 1.2s, G:maj 0.8s, C:maj 2.0s, F:(*3,*5) 1.2s, D:maj 0.8s, F:(*3,*5) 2.0s, Bb:(*3,*5) 2.0s, G:maj 1.0s, C:maj 1.0s, F:(*3,*5) 1.0s, D:maj 1.0s, G:maj 1.0s, C:maj 1.0s, F:(*3,*5) 1.0s, D:maj 1.0s, G:maj 1.0s, C:maj 1.0s, F:(*3,*5) 1.0s, D:maj 1.0s, G:maj 1.0s"
3015,C:major,"A:min 8.0s, D:min7 4.0s, A:min 4.0s, A:min 8.0s, D:min7 4.0s, A:min 4.0s, F:maj7 3.0s, E:maj7 1.0s, Eb:maj7 4.0s, Eb:min7 0.5s, Eb:min7/4 1.5s, D:maj7 2.0s, C:maj7 4.0s, A:min 8.0s, D:min7 4.0s"
3731,C:major,"C:maj 1.0s, E:7 1.0s, F:maj 2.0s, G:7 2.0s, C:maj 3.0s, Eb:maj 1.0s, D:min7 2.0s, G:7 2.0s, C:maj 3.0s, E:7 1.0s, F:maj 2.0s, G:7 2.0s, C:maj 2.0s, F:min7 1.0s, C:7 1.0s, F:maj 2.0s, C:maj 1.0s, D:7 0.5s, G:7 0.5s, C:maj 2.0s, E:7 2.0s, A:min7 2.0s, D:min7 1.0s, G:7 1.0s, C:maj 1.0s, C:7 1.0s, F:maj 2.0s, C:maj 1.0s, Eb:maj 1.0s, D:min7 1.0s, G:7 1.0s, C:maj 3.0s, E:7 1.0s, F:maj 2.0s, G:7 2.0s, C:maj 2.0s, G:min7 1.0s, C:7 1.0s, F:maj 2.0s"
6467,Eb:major,"Eb:(*3,*5) 2.0s, Eb:(*3,*5) 2.0s, F:min7 2.0s, Bb:7 2.0s, Eb:(*3,*5) 2.0s, Eb:(*3,*5) 2.0s, Ab:maj7 2.0s, Ab:maj7 2.0s, Eb:(*3,*5) 2.0s, Eb:(*3,*5) 2.0s, F:min7 2.0s, Bb:7 2.0s, Eb:(*3,*5) 2.0s, Eb:(*3,*5) 2.0s, Ab:maj7 2.0s, F#:min7 1.0s, B:7 1.0s, E:maj7 8.0s, F#:hdim7 2.0s, B:7(b9) 2.0s, E:maj 4.0s, F:maj7 8.0s, G:hdim7 2.0s, C:7(b9) 2.0s"
6479,Db:major,"Db:maj 0.8s, B:maj/bb3 1.0s, Db:maj 0.8s, B:maj/bb3 1.2s, Db:maj 0.7s, B:maj/bb3 1.2s, Db:maj 1.0s, B:maj/bb3 1.0s, Db:maj 1.0s, B:maj/bb3 1.0s, Db:maj 0.8s, B:maj/bb3 1.2s, Db:maj 2.0s, Db:maj 2.0s, Gb:maj 1.0s, E:maj/bb3 1.0s, Gb:maj 0.8s, E:maj/bb3 1.2s, Gb:maj 1.0s, E:maj/bb3 1.0s, Gb:maj 0.8s, Ab:maj 1.2s, Db:maj 1.0s, B:maj/bb3 1.0s, Db:maj 0.8s, B:maj/bb3 1.2s, Db:maj 1.5s, B:maj/bb3 0.5s, Db:maj 0.8s, B:maj/bb3 1.5s, Db:maj 0.8s, B:maj/bb3 1.0s, Db:maj 0.8s, B:maj/bb3 1.2s, Db:maj 0.8s, B:maj/bb3 1.2s, Db:maj 1.0s, B:maj/bb3 1.0s, Db:maj 1.0s, B:maj/bb3 1.0s, Db:maj 0.8s, B:maj/bb3 1.2s, Db:maj 2.0s, Db:maj 2.0s, Gb:maj 1.0s, E:maj/bb3 1.0s, Gb:maj 0.8s, E:maj/bb3 1.2s, Gb:maj 1.0s, E:maj/bb3 1.0s, Gb:maj 0.8s, Ab:maj 1.2s, Db:maj 1.0s, B:maj/bb3 1.0s, Db:maj 0.8s, B:maj/bb3 1.5s"
1879,C:major,"C:maj 1.0s, G:maj 1.0s, A:min 1.5s, G:maj 0.5s, C:maj 1.0s, G:maj 1.0s, G:sus4 1.5s, G:maj 0.5s, C:maj 1.0s, D:maj 1.0s, G:maj 1.5s, D:maj 0.5s, G:maj 1.0s, D:maj 1.0s, G:maj 2.0s, D:min 1.0s, G:maj 1.0s, C:maj 1.0s, A:min 1.0s, D:maj 0.5s, G:maj 0.5s, D:min 0.5s, C:maj 0.5s, G:maj 2.0s, D:min 1.0s, G:maj 1.0s, C:maj 1.0s, A:min 1.0s, G:maj 1.0s, D:maj 3.0s, C:maj 1.0s, G:maj 1.0s, A:min 2.0s, D:min 1.0s, F:maj 1.0s, G:maj 2.0s, C:maj 1.0s, E:maj 1.0s, F:maj 1.0s, C:maj 0.5s, G:maj 0.5s, A:min 1.0s, G:maj 1.0s, C:maj 3.0s, F:maj 1.0s, A:min 0.5s, F:maj 0.5s, C:maj 0.5s, D:min 0.5s, C:maj 1.0s, G:maj 1.0s, C:maj 2.0s"
1616,Bb:major,"Eb:maj 2.0s, D:min 2.0s, Eb:maj 2.0s, D:min 2.0s, C:min7 2.0s, F:7 2.0s, Ab:maj 1.0s, Gb:maj 3.0s, Bb:maj7 2.0s, C:min7 2.0s, Bb:maj7 2.0s, C:min7 2.0s, Bb:maj7 2.0s, C:min7 2.0s, Bb:maj7 2.0s, C:min7 1.0s, F:7 1.0s, D:7 4.0s, G:min 2.0s, C:7 2.0s, Bb:maj 2.0s, F:7 2.0s, Gb:maj 2.0s, Bb:7 2.0s, Bb:7 2.0s, Eb:maj 1.0s, Eb:maj 1.0s, D:min 2.0s, Eb:maj 2.0s, D:min 2.0s, C:min7 2.0s"
5816,C:major,"C:maj 3.0s, G:maj 4.0s, C:maj 4.0s, F:maj 2.0s, C:maj 1.0s, G:maj 1.0s, C:maj 1.0s"
5424,Bb:major,"Bb:maj 3.0s, Eb:maj 1.5s, C:7 1.5s, F:7 3.0s, Bb:maj 6.0s, Eb:maj 1.5s, C:7 1.5s, F:7 3.0s, Bb:maj 1.5s, Bb:7 1.5s, Eb:maj 3.0s, Bb:maj 3.0s, C:7 3.0s, F:7 3.0s, Bb:maj 3.0s, Eb:maj 1.5s, C:7 1.5s, F:7 3.0s, Bb:maj 1.5s, C:7 0.5s, F:7 1.0s, Bb:maj 3.0s, Eb:maj 1.5s, C:7 1.5s, F:7 3.0s, Bb:maj 3.0s"
4925,C:major,"C:maj 3.0s, F:maj 3.0s, C:maj 3.0s, G:7 3.0s, C:maj 3.0s, F:maj 3.0s, C:maj 1.5s, G:7 1.5s, C:maj 3.0s, F:maj 3.0s, C:maj 3.0s, G:7 3.0s, C:maj 1.5s, G:7 0.8s, C:7 0.8s, F:maj 3.0s, C:maj 3.0s, G:maj 1.5s, D:7 1.5s, G:7 3.0s, C:maj 3.0s, F:maj 3.0s, C:maj 3.0s, G:7 3.0s"
3496,Bb:major,"Bb:maj 0.7s, F:7 0.2s, Bb:maj 1.8s, B:dim7 0.2s, C:maj 0.2s, F:7 0.5s, Bb:maj 1.0s, D:7 0.2s, G:min 0.8s, F:maj 0.2s, Eb:dim7 0.5s, G:min7 0.3s, C:7 0.2s, F:maj 1.5s, Bb:maj 0.8s, F:7 0.2s, Bb:maj 1.8s, B:dim7 0.2s, C:maj 0.2s, F:7 0.5s, Bb:maj 1.0s, D:7 0.2s, G:min 0.8s, F:maj 0.2s, Eb:dim7 0.5s, G:min7 0.2s, C:7 0.2s, F:maj 0.8s, Bb:7 2.0s, Eb:maj 2.0s, C:7 2.0s, F:maj 0.2s, Bb:maj 0.5s, F:maj 1.2s, Bb:maj 2.0s, C:min 1.0s, Ab:maj 1.0s, Bb:maj 1.2s, G:7 0.5s, C:min 0.5s, F:7 0.7s, C:maj 0.2s, Bb:maj 0.5s"
3374,Eb:major,"D:hdim7 1.0s, Db:maj7 1.0s, C:min7 1.0s, Db:7(#11) 1.0s, Eb:7 1.0s, F:7 1.0s, Db:7 1.0s, C:min7 1.0s, D:hdim7 1.0s, Db:maj7 1.0s, C:min7 1.0s, F:7 1.0s, Eb:7 1.0s, F:7 1.0s, Db:7 1.0s, C:min7 1.0s, Bb:min9/4 8.0s, A:min9/4 3.0s, D:7 1.0s, E:min7 2.0s, Eb:7(#11) 2.0s, D:hdim7 1.0s, Db:maj7 1.0s, C:min7 1.0s, Db:7(#11) 1.0s, Eb:7 1.0s, F:7 1.0s, Db:7 1.0s, C:min7 1.0s, D:hdim7 1.0s, Db:maj7 1.0s, C:min7 1.0s, F:7 1.0s, Eb:7 1.0s, F:7 1.0s, Db:7 1.0s, C:min7 1.0s"
163,Eb:major,"Ab:maj 4.0s, Eb:maj 4.0s, Bb:7 4.0s, Eb:maj 1.0s, Eb:maj7 1.0s, Eb:maj6 1.0s, Eb:7 5.0s, Eb:maj 4.0s, Bb:7 4.0s, Eb:maj 1.0s, Db:7 1.0s, Eb:maj 1.0s, Ab:maj6 1.0s, Eb:maj 1.0s, Eb:maj6 1.0s, Eb:maj7 1.0s, Ab:maj6 1.0s, Eb:maj 1.0s, Eb:maj6 1.0s, Eb:7 1.0s, D:7 1.0s, G:min 1.0s, D:7 1.0s, G:min 1.0s, D:7 1.0s, G:maj 2.0s, Bb:7 0.5s, Eb:7 1.5s, Ab:maj 4.0s, Eb:maj 4.0s, Bb:7 4.0s"
3187,F:major,"F:maj 7.5s, C:7 1.5s, G:min7 1.5s, C:7 7.0s, G:min7 0.5s, C:7 1.5s, G:min7 1.0s, C:7 0.5s, F:maj 2.0s, G:min7 1.0s, F:maj 4.5s, F:7 1.5s, Bb:maj 4.5s, C:7 1.0s, G:min7 0.5s, C:7 1.5s, G:min7 1.5s, C:7 3.0s, F:maj 1.5s, G:min7 1.5s, F:maj 1.5s, G:min7 1.0s, C:7 0.5s, F:maj 4.5s, F:7 1.5s, Bb:maj 4.5s, C:7 1.0s, G:min7 0.5s"
1574,C:major,"G:maj 1.0s, Gb:dim 1.0s, G:7 2.0s, C:maj 4.0s, E:7 4.0s, A:min 4.0s, C:7 4.0s, F:maj 2.0s, G:maj 2.0s, C:maj 1.0s, E:7 1.0s, A:min 2.0s, D:7 4.0s, G:maj 1.0s, Gb:dim 1.0s, G:7 2.0s, C:maj 1.0s, C:maj 3.0s, E:7 4.0s, A:min 4.0s, C:7 4.0s, F:maj 8.0s"
3273,F:major,"F:maj7 1.0s, G:min7 1.0s, A:min7 1.0s, C:(3,5,b7,9,11,13) 1.0s, F:maj7 1.0s, Bb:maj7 1.0s, A:min7 1.0s, D:7(b9) 1.0s, G:min7 2.0s, C:sus4(7,9) 1.0s, C:7 1.0s, F:maj7 1.0s, D:7 1.0s, G:min7 1.0s, C:7 1.0s, F:maj7 1.0s, G:min7 1.0s, A:min7 1.0s, C:(3,5,b7,9,11,13) 1.0s, F:maj7 1.0s, Bb:maj7 1.0s, A:min7 1.0s, D:7(b9) 1.0s, G:min7 2.0s, C:sus4(7,9) 1.0s, C:7 1.0s, F:maj7 3.0s, C:7(#9) 1.0s, F:7 4.0s, Bb:maj7 3.0s, Ab:9 1.0s, G:7 4.0s, G:min7 2.0s, C:sus4(7,9) 1.0s, C:9 1.0s, F:maj7 1.0s, G:min7 1.0s, A:min7 1.0s, C:(3,5,b7,9,11,13) 1.0s, F:maj7 1.0s, Bb:maj7 1.0s, A:min7 1.0s, D:7(b9) 1.0s, G:min7 2.0s, C:sus4(7,9) 1.0s, C:7 1.0s"
3709,Bb:major,"Bb:maj7 0.8s, G:min7 1.0s, C:min7 1.0s, F:7 1.0s, Bb:maj7 1.0s, G:min7 1.0s, C:min7 1.0s, F:7 1.0s, F:min7 1.0s, Bb:7 1.0s, Eb:maj7 1.0s, Ab:7 1.0s, D:min7 1.0s, G:min7 1.0s, C:min7 1.0s, F:7 1.0s, Bb:maj7 1.0s, G:min7 1.0s, C:min7 1.0s, F:7 1.0s, Bb:maj7 1.0s, G:min7 1.0s, C:min7 1.0s, F:7 1.0s, F:min7 1.0s, Bb:7 1.0s, E:maj7 1.0s, Ab:7 1.0s, D:min7 1.0s, G:min7 1.0s, C:min7 1.0s, F:7 1.0s, Bb:maj 1.0s, G:min7 1.0s, C:min7 1.0s, F:7 1.0s, Bb:maj 2.0s"
5152,Bb:major,"Bb:maj 4.0s, Eb:maj 4.0s, F:maj 2.0s, F:7 2.0s, Bb:maj 2.0s, F:7 2.0s, Bb:maj 4.0s, Eb:maj 4.0s, F:maj 2.0s, F:7 2.0s, Bb:maj 4.0s, Eb:maj 4.0s, Bb:maj 4.0s, C:maj 2.0s, C:7 2.0s, F:maj 2.0s, F:7 2.0s, Bb:maj 4.0s, Eb:maj 4.0s, F:maj 2.0s, F:7 2.0s"
5873,G:major,"G:maj 8.0s, D:7 4.0s, G:maj 4.0s, G:maj 8.0s, D:7 4.0s, G:maj 3.5s, C:maj 0.5s, G:7 2.0s, C:maj 2.0s, G:7 2.0s, C:maj 2.0s, A:7 1.5s, E:min7 0.5s, A:7 1.0s, A:dim 0.5s, A:7 0.5s, A:min7 1.0s, D:7 1.0s, D:9 1.5s, D:7 0.5s, G:maj 8.0s, D:7 4.0s"
3447,Bb:major,"D:(3,#5,b7) 1.0s, F#:dim 1.0s, G:min 2.0s, D:(3,#5,b7) 1.0s, F#:dim/b9 1.0s, G:min 1.0s, Bb:7 2.0s, Bb:maj 1.0s, Eb:maj 2.0s, Bb:7 1.0s, Bb:maj 1.0s, Eb:maj 1.0s, C:min7 2.0s, F:(3,5,b7,9,11,13) 1.0s, C:maj 1.0s, F:(3,5,b7,9,11,13) 2.0s, Bb:dim 1.0s, Bb:maj 2.0s, G:min 0.5s, D:7 0.5s, F#:dim 1.0s, G:min 1.0s, C:9 2.0s, C:min 1.0s, Ab:7 1.0s, F:7 1.0s, D:(3,#5,b7) 1.0s, F#:dim 1.0s, G:min 2.0s, D:(3,#5,b7) 1.0s, F#:dim/b9 1.0s, G:min 1.0s, Bb:7 2.0s, Bb:maj 1.0s, Eb:maj 2.0s, Bb:7 1.0s, Bb:maj 1.0s, Eb:maj 1.0s, C:min7 2.0s, F:9 1.0s, C:maj 1.0s, F:maj6 0.5s, F:7 1.5s, C#:dim 1.0s, Bb:maj 0.5s, Eb:maj 0.5s, D:7 1.0s, G:min 0.5s, G:min7 0.5s, C:9 0.8s, Gb:7 0.2s, Bb:maj 1.0s, C:min9 1.0s"
1501,C:major,"G:min 2.0s, C:min 2.0s, D:7 2.0s, G:min 2.0s, G:min 2.0s, C:min 2.0s, D:7 2.0s, G:min 2.0s, B:maj 1.0s, F:7 1.0s, B:maj 1.0s, G:min 1.0s, B:maj 1.0s, F:7 1.0s, B:maj 2.0s, D:7 2.0s, G:min 2.0s, D:7 2.0s, G:min 2.0s"
3453,F:major,"F:maj 7.5s, Bb:maj 0.5s, F:maj 1.0s, C:7 4.5s, Bb:maj 0.5s, F:maj 2.5s, Bb:maj 0.5s, F:maj 1.0s, C:7 1.5s, Bb:maj 0.5s, F:maj 2.5s, C:7 1.5s, F:maj 3.0s, F:maj 7.5s, Bb:maj 0.5s, F:maj 1.0s, C:7 4.5s, Bb:maj 0.5s, F:maj 2.5s, Bb:maj 0.5s, F:maj 1.0s, C:7 1.5s, Bb:maj 0.5s, F:maj 2.5s, C:7 1.5s, F:maj 1.5s"
6085,D:major,"D:maj 4.0s, D:maj 8.0s, G:maj 8.0s, A:7 4.0s, D:maj 4.0s, A:7 2.0s, D:maj 2.0s, A:7 2.0s, D:maj 2.0s, A:7 2.0s, D:maj 2.0s, A:7 6.0s, D:maj 8.0s, G:maj 6.0s"
3958,C:major,"C:maj 4.0s, B:7 4.0s, C:maj 4.0s, A:7 4.0s, D:min7 2.0s, G:7 2.0s, C:maj 2.0s, A:min7 2.0s, B:7 4.0s, E:min7 2.0s, D:min7 1.0s, G:7 1.0s, C:maj 4.0s, B:7 4.0s, C:maj 4.0s, A:7 4.0s, F:maj 2.0s, F:min 2.0s, C:maj 2.0s, A:7 2.0s, D:min7 2.0s, G:7 2.0s"
4467,Eb:major,"Eb:maj 1.5s, Eb:dim 0.5s, Eb:maj 2.0s, Bb:7 1.5s, Bb:dim 0.5s, Bb:7 2.0s, F:min 1.0s, F:minmaj7 1.5s, F:min7 0.5s, Bb:7 1.0s, Eb:maj 2.0s, Eb:7 2.0s, Ab:maj 4.0s, Ab:maj/5 0.5s, Eb:maj 0.5s, G:7/5 1.0s, C:min 0.8s, Eb:7/5 0.2s, Ab:maj6 1.0s, Eb:maj/5 2.0s, Bb:7 2.0s, Eb:maj 5.5s, Eb:maj7 1.5s, Eb:maj6 1.5s, Eb:dim 1.5s, F:min7 3.0s, Bb:7 3.0s, F:maj 1.5s, F:minmaj7 1.5s, F:min7 1.5s, Bb:7 1.5s, Ab:maj/5 1.2s, Eb:maj 0.5s, Eb:dim 0.2s, Eb:maj 3.0s, Eb:maj7 1.0s, Eb:7 2.0s, Ab:maj 2.0s"
4352,C:major,"F:maj7 2.0s, G:maj6 2.0s, F:maj7 4.0s, G:maj/3 0.8s, C:maj(2) 1.2s, G:maj/3 0.8s, A:min7 1.2s, G:maj/3 0.5s, C:maj(2) 1.5s, G:maj/3 0.8s, A:min7 1.2s, G:maj/3 0.8s, C:maj(2) 1.2s, G:maj/3 1.0s, A:min7 1.0s, G:maj/3 0.8s, C:maj(2) 1.2s, G:maj/3 0.8s, A:min7 1.2s, G:maj/3 0.8s, C:maj(2) 1.2s, G:maj/3 1.0s, A:min7 1.0s, G:maj 1.0s, C:maj 1.0s, G:maj 0.8s, A:min7 1.2s, G:maj 0.8s, C:maj 1.2s, G:maj 0.8s, A:min7 1.2s, G:maj 0.5s, C:maj 1.5s, G:maj 0.8s, A:min7 1.2s, Bb:maj 0.8s, F:maj 1.2s, G:maj 2.0s, G:maj 2.0s, F:maj7 2.0s, G:maj6 2.0s, F:maj7 2.0s, G:maj6 4.0s, G:maj6 2.0s, F:maj7 2.0s"
113,C:major,"C:maj 1.0s, C:maj6 0.5s, C:maj7 0.5s, D:min7 1.0s, G:7 1.0s, C:maj7 1.0s, A:min 0.5s, C:maj7 0.5s, B:min7 1.0s, E:7 1.0s, A:min 0.0s, F:maj 0.7s, A:min 0.7s, E:maj 0.7s, C:7 0.0s, G:min7 1.0s, C:7 1.0s, F:maj7 0.8s, F:maj6 0.2s, D:min7 1.0s, G:7 2.0s, C:maj 1.0s, C:maj6 0.5s, C:maj7 0.5s, D:min7 1.0s, G:7 1.0s, C:maj7 1.0s, A:min 0.5s, C:maj7 0.5s, B:min7 1.0s, E:7 1.0s, A:maj 2.0s, F#:min 2.0s, B:min 1.0s, E:7 1.0s, A:maj 2.0s, G:min7 3.0s, F#:dim 1.0s, G:min7 2.0s, Gb:7 2.0s, F:maj7 1.5s, F:maj6 0.5s, G:min6 1.0s, A:7 1.0s, D:7 2.0s, D:min7 1.0s, G:7 1.0s, C:maj 1.0s, C:maj6 0.5s, C:maj7 0.5s, D:min7 1.0s, G:7 1.0s, C:maj7 1.0s, C:7 1.0s, G:min6 1.0s, A:(3,#5,b7) 0.5s, A:7 0.5s, D:min7 3.0s, Db:maj7 1.0s"
2477,C:major,"C:maj 1.0s, E:min 1.0s, F:maj 1.0s, C:maj 1.0s, F:maj 1.0s, C:maj 1.0s, D:9 1.0s, G:7 1.0s, C:maj 1.0s, E:min 1.0s, F:maj 1.0s, F:min 1.0s, C:maj 1.2s, D:7 0.8s, G:7 1.0s, D:min7 0.2s, G:7 0.8s, C:maj 1.0s, E:min 1.0s, F:maj 1.0s, C:maj 1.0s, F:maj 1.0s, C:maj 1.0s, D:9 1.0s, G:7 1.0s, C:maj 1.0s, E:min 1.0s, F:maj 1.0s, F:min 1.0s, C:maj 1.0s, G:7 1.0s, C:maj 2.0s, E:min 2.0s, B:7 2.0s, E:min 1.0s, D:7 1.0s, G:maj 2.0s, A:min6 1.0s, B:7 1.0s, E:min 2.0s, D:7 2.0s, G:7 2.0s, C:maj 1.0s, E:min 1.0s, F:maj 1.0s, C:maj 1.0s, F:maj 1.0s, C:maj 1.0s, D:9 1.0s, G:7 1.0s, C:maj 1.0s, E:min 1.0s, F:maj 1.0s, F:min 1.0s"
3132,G:major,"G:maj 1.0s, B:7 1.0s, D:min6 1.0s, E:sus4(7) 1.0s, A:min7 1.0s, D:7 1.0s, G:maj 1.0s, Eb:9 0.2s, D:9 0.8s, G:maj 1.0s, B:7 1.0s, D:min6 1.0s, E:7 1.0s, A:7 1.0s, A:7(b5) 1.0s, D:maj 1.0s, D:7 1.0s, G:maj 1.0s, G:maj7 1.0s, G:7 2.0s, C:maj7 2.0s, F:9 2.0s, G:maj 0.8s, A:min7 1.2s, D:9 2.0s, G:maj 1.0s, G#:dim7 3.0s, G:maj 1.0s, G:maj7 1.0s, G:7 2.0s, C:maj7 2.0s, F:9 2.0s, G:maj 0.8s, A:min7 1.2s, D:9 2.0s, G:maj 1.5s, C:7 0.5s, F:min7 1.0s, Bb:7 1.0s, Eb:maj 1.0s, Eb:maj7 1.0s, Eb:maj 1.0s, Eb:maj7 3.0s, Eb:maj 1.0s, Eb:9 1.0s, A:min7 1.0s, D:7 1.0s, G:maj 0.8s, E:9 1.0s, G:min 0.2s"
580,Gb:major,"E:min 0.5s, G:maj 0.5s, B:min7 0.5s, E:min 1.0s, G:maj 0.5s, B:min7 1.0s, E:min 0.5s, G:maj 0.5s, B:min7 0.5s, E:min 1.0s, G:maj 0.5s, B:min7 1.0s, E:min 1.0s, G:maj/6 0.5s, A:maj/5 0.5s, E:min 1.5s, B:min7 0.5s, E:min 1.0s, E:min 0.5s, G:maj 0.5s, B:min7 0.5s, E:min 1.0s, G:maj 0.5s, B:min7 1.0s, E:min 0.5s, G:maj 0.5s, B:min7 0.5s, E:min 1.0s, G:maj 0.5s, B:min7 1.0s, E:min 1.0s, G:maj/6 0.5s, A:maj/5 0.5s, E:min 1.5s, B:min7 0.5s, E:min 0.5s, E:min 1.0s, G:maj 0.5s, B:min7 0.5s, E:min 1.0s, G:maj 0.5s, B:min7 1.0s, E:min 0.5s, G:maj 0.5s, B:min7 0.5s, E:min 1.0s, G:maj 0.5s, B:min7 2.0s, E:min 0.5s, G:maj 0.5s, B:min7 0.5s, E:min 1.0s, G:maj 0.5s, B:min7 1.0s, E:min 0.5s, G:maj 0.5s, B:min7 0.5s, E:min 1.0s, G:maj 0.5s, B:min7 1.0s, E:min 1.0s, G:maj/6 0.5s, A:maj/5 0.5s, E:min 1.5s, B:min7 0.5s, E:min 1.0s, G:maj/6 0.5s, A:maj/5 0.5s, E:min 1.5s, B:min7 0.5s, E:min 7.5s"
1680,Eb:major,"C:min 2.0s, F:min 1.0s, G:min 1.0s, C:min 1.0s, Bb:dim 0.8s, C:min 0.2s, Bb:maj 1.2s, C:min 3.0s, F:min 1.5s, G:min 0.2s, C:min 1.0s, Bb:dim 1.0s, C:min 1.0s, Bb:maj 1.0s, G:min 1.5s, Eb:maj 2.5s, C:min 1.0s, Bb:maj 1.0s, C:min 1.0s, Bb:maj 1.0s, G:min 1.5s, Eb:maj 2.5s, Db:maj 2.0s, Eb:maj6 2.0s, C:min 1.2s, F:min 0.8s, Ab:maj 1.0s, Bb:maj 1.0s, Ab:maj 1.0s, Bb:maj 1.0s, Ab:maj 2.0s, C:min 1.2s, F:min 0.8s, Ab:maj 1.0s, Bb:maj 1.0s, Ab:maj 1.0s, Bb:maj 1.0s, Ab:maj 2.0s, C:min 2.0s, F:min 1.0s, G:min 1.0s, C:min 1.0s, Bb:dim 0.8s, C:min 0.2s, Bb:maj 1.2s, C:min 3.0s, F:min 1.5s, G:min 0.2s"
4329,C:major,"C:maj 1.5s, A:min 1.5s, D:min7 1.5s, G:7 1.5s, C:maj 1.0s, F:maj 0.5s, C:maj 1.5s, D:min 1.5s, G:7 1.5s, C:maj 3.0s, B:7 3.0s, E:min 1.5s, B:7 1.5s, G:9 3.0s, A:min 3.0s, E:min 1.5s, C:7 1.5s, F:maj 1.5s, G:7 1.5s, C:maj 3.0s, A:min7 3.0s, G:maj 3.0s, A:min7 1.5s, D:7 1.5s, G:7 3.0s, C:maj 1.5s, A:min 1.5s, D:min7 1.5s, G:7 1.5s, C:maj 1.0s, F:maj 0.5s, C:maj 1.5s, D:min 1.5s, G:7 1.5s"
5571,F:major,"F:maj 4.0s, Bb:maj 4.0s, C:7 4.0s, F:maj 2.0s, C:7 2.0s, F:maj 4.0s, Bb:maj 4.0s, C:7 4.0s, F:maj 2.0s, Bb:maj 1.0s, F:maj 3.0s, Bb:maj 2.0s, F:maj 8.0s, C:7 16.0s"
6377,C:major,"C:maj 2.0s, G:(5) 2.0s, A:min7 2.0s, F:(2,5) 2.0s, C:maj 2.0s, G:(5) 2.0s, A:min7 2.0s, F:(2,5) 2.0s, C:maj 2.0s, G:(5) 2.0s, A:min7 2.0s, F:(2,5) 2.0s, C:maj 2.0s, G:(5) 2.0s, A:min7 2.0s, F:(2,5) 2.0s, C:maj 2.0s, G:(5) 2.0s, A:min7 2.0s, F:maj 2.0s, C:maj 2.0s, G:maj 1.0s, F:(2,5) 2.0s, C:maj 4.0s, G:(5) 2.0s, A:min7 2.0s, F:(2,5) 2.0s, C:maj 2.0s, G:(5) 2.0s, A:min7 1.0s"
5815,Bb:major,"Ab:maj 1.2s, Bb:maj 0.8s, Ab:maj 1.2s, Bb:maj 0.8s, Ab:maj 2.0s, Bb:maj 1.0s, Ab:maj 0.5s, Bb:maj 0.5s, Eb:maj 1.5s, Ab:maj 0.2s, Bb:maj 0.2s, Eb:maj 2.0s, F:min 2.0s, Ab:maj 0.8s, Bb:maj 1.2s, Eb:maj 1.0s, F:min 1.0s, Bb:maj 2.0s, F:min 2.0s, Ab:maj 1.0s, Bb:maj 1.0s, Eb:maj 1.2s, F:min 0.8s, Bb:maj 2.0s, F:min 2.0s, Ab:maj 1.0s, Bb:maj 1.0s, Eb:maj 1.5s, F:min 0.5s, Bb:maj 2.0s, F:min 2.0s, Ab:maj 1.0s, Bb:maj 1.0s, Eb:maj 1.5s, F:min 0.5s, Bb:maj 2.0s, F:min 2.0s, Ab:maj 0.8s, Bb:maj 1.2s, Eb:maj 1.5s, F:min 0.5s, Bb:maj 2.0s, F:min 2.0s, Ab:maj 1.0s, Bb:maj 1.0s, Ab:maj 1.0s, Bb:maj 1.0s, Ab:maj 1.2s, Bb:maj 0.8s"
3802,G:major,"G:maj 2.0s, C:maj 2.0s, D:9 2.0s, G:maj 4.0s, C:maj 2.0s, D:7 2.0s, G:maj 4.0s, C:maj 2.0s, D:9 2.0s, G:maj 4.0s, C:maj 2.0s, D:7 2.0s, G:maj 1.0s, C:maj 1.0s, G:maj 2.0s, D:7 2.0s, G:maj 2.0s, D:7 2.0s, G:maj 2.0s, D:7 2.0s, G:maj 2.0s, A:7 4.0s, D:maj 1.0s, G:maj 1.0s, C:maj 2.0s, D:9 2.0s, G:maj 4.0s"
4865,C:major,"F#:dim 1.0s, F:dim 1.0s, A:min 1.0s, A:min/b7 1.0s, F#:dim 1.0s, F:dim 1.0s, E:hdim7 1.0s, A:7 1.0s, D:min7 1.0s, G:7 1.6s, E:7 0.4s, A:min7 1.0s, F#:dim 2.0s, D:min6 1.0s, E:7 1.2s, F#:dim 0.8s, A:dim 0.5s, G#:dim 0.5s, A:min 1.0s, A:min/b7 1.0s"
4978,Eb:major,"Eb:7 0.5s, Db:7 0.5s, C:9 1.0s, F:9 1.0s, Bb:(3,5,b7,9,11,13) 1.0s, F:9 1.0s, Bb:(3,5,b7,9,11,13) 1.0s, G:min7 0.0s, C:7 0.7s, F:min7 0.7s, Bb:7 0.7s, Eb:7 0.5s, Db:7 0.5s, C:9 1.0s, F:9 1.0s, Bb:(3,5,b7,9,11,13) 1.0s, F:9 1.0s, Bb:(3,5,b7,9,11,13) 1.0s, Eb:9 1.0s, Bb:min7 0.8s, Eb:9 0.2s, Ab:maj6 1.0s, A:dim7 1.0s, Eb:maj6/5 0.8s, Bb:7 0.2s, Eb:9 1.0s, Ab:maj6 1.0s, A:dim7 1.0s, Eb:maj6/5 1.0s, C:7 0.0s, F:min7 0.0s, Bb:7 1.0s, Eb:7 0.5s, Db:7 0.5s, C:9 1.0s, F:9 1.0s, Bb:(3,5,b7,9,11,13) 1.0s, F:9 1.0s, Bb:(3,5,b7,9,11,13) 1.0s, Eb:9 0.5s, D:9 0.5s, Db:9 0.5s, C:9 0.5s, F:9 1.0s, Bb:(3,5,b7,9,11,13) 1.0s, Eb:maj6 1.0s, F:min7 0.0s, Bb:7 1.0s, Eb:7 0.5s, Db:7 0.5s, C:9 1.0s, F:9 1.0s, Bb:(3,5,b7,9,11,13) 1.0s, F:9 1.0s, Bb:(3,5,b7,9,11,13) 1.0s, G:min7 0.0s, C:7 0.7s, F:min7 0.7s, Bb:7 0.7s, Eb:7 0.5s, Db:7 0.5s, C:9 1.0s, F:9 1.0s, Bb:(3,5,b7,9,11,13) 1.0s, F:9 1.0s, Bb:(3,5,b7,9,11,13) 1.0s, Eb:9 1.0s, Bb:min7 0.8s, Eb:9 0.2s, Ab:maj6 1.0s, A:dim7 1.0s, Eb:maj6/5 0.8s, Bb:7 0.2s, Eb:9 1.0s, Ab:maj6 1.0s, A:dim7 1.0s, Eb:maj6/5 1.0s, C:7 0.0s, F:min7 0.0s, Bb:7 1.0s"
1762,Eb:major,"Eb:maj 1.0s, F:min7 0.5s, Bb:7 0.5s, Eb:maj 2.0s, G:min 1.0s, C:min 0.5s, D:7 0.5s, G:min 2.0s, F:min7 1.0s, Bb:7 1.0s, Eb:maj 1.0s, C:min7 1.0s, F:7 2.0s, Bb:7 2.0s, Eb:maj 1.0s, Bb:min6/b3 0.5s, C:7 0.5s, F:min7 1.0s, Ab:min6/b3 0.5s, Bb:7 0.5s, Eb:maj 1.0s, Gb:dim 1.0s, F:min7 1.0s, Bb:7 1.0s, Eb:maj 1.0s, Bb:min6/b3 0.5s, C:7 0.5s, F:min7 1.0s, Ab:min6/b3 0.5s, Bb:7 0.5s, Eb:maj 1.0s, F:min7 0.5s, Bb:7 0.5s, Eb:maj 2.0s, D:7 1.0s, G:7 1.0s, C:7 2.0s, F:7 2.0s, Bb:7 2.0s, Eb:maj 1.0s, Bb:min6/b3 0.5s, C:7 0.5s, F:min7 1.0s, Ab:min6/b3 0.5s, Bb:7 0.5s, Eb:maj 1.0s, F:min7 0.5s, Bb:7 0.5s, Eb:maj 2.0s"
6233,G:major,"G:maj7 4.0s, E:7 4.0s, A:min7 2.0s, F:7 2.0s, A:min7 1.0s, D:7 1.0s, G:maj7 1.0s, A:min7 0.5s, D:7 0.5s, G:maj7 4.0s, E:7 4.0s, A:min7 2.0s, F:7 2.0s, A:min7 1.0s, D:7 1.0s, G:maj7 2.0s, G:7 4.0s, C:maj7 4.0s, A:7 4.0s, A:min7 2.0s, D:7 2.0s, G:maj7 4.0s, E:7 4.0s, A:min7 2.0s, F:7 2.0s"
6089,Eb:major,"C:min 3.0s, F:min7 1.5s, Bb:7 1.5s, Bb:7(b9) 1.5s, Bb:7 1.5s, Bb:(3,#5,b7) 1.5s, Eb:maj/3 1.5s, Eb:maj/5 1.5s, F:min7 3.0s, Bb:7 3.0s, Gb:dim 1.5s, F:min7 4.5s, Bb:7 1.5s, Bb:7/b7 1.5s, Eb:maj/3 1.5s, Gb:dim 1.5s, F:min7 1.5s, Bb:7(b9) 1.5s, Eb:maj/3 1.5s, Eb:maj/5 1.5s, F:min7 3.0s, G:7/3 3.0s, C:min7 1.5s, F:9 1.5s, Eb:maj/5 1.5s, Gb:dim 0.5s, Eb:maj 0.5s, C:min7 0.5s, F:7 1.5s, D:min 0.5s, F:7 1.0s, Bb:7 1.5s, Bb:9 1.5s, Eb:maj 3.0s, Eb:maj 1.0s, Eb:maj7 0.5s"
873,C:major,"C:maj 1.5s, A:maj 0.5s, G:7 1.0s, C:maj 1.0s, C:maj 1.5s, A:maj 0.5s, G:7 1.2s, C:maj 0.8s, C:maj 1.5s, A:maj 0.5s, G:7 1.0s, C:maj 1.0s, C:maj 2.0s, G:7 1.0s, C:maj 1.0s, A:min 1.0s, E:7 1.0s, A:min 2.0s, A:min 1.0s, E:7 1.0s, A:min 2.0s, C:maj 1.0s, G:7 1.0s, C:maj 2.0s, D:7 2.0s, D:min7 1.0s, F:min 0.8s, G:7 0.2s, C:maj 1.5s, A:maj 0.5s, G:7 1.0s, C:maj 1.0s, C:maj 1.5s, A:maj 0.5s, D:7 0.5s, G:7 0.5s, C:maj 1.0s, C:maj 1.5s, A:maj 0.5s, G:7 1.0s, C:maj 1.0s, C:maj 1.5s, A:maj 0.5s, G:7 1.2s, C:maj 0.8s, C:maj 1.5s, A:maj 0.5s, G:7 1.0s, C:maj 1.0s, C:maj 2.0s, G:7 1.0s, C:maj 1.0s, A:min 1.0s, E:7 1.0s, A:min 2.0s"
6365,C:major,"G:maj 2.0s, A:min 2.0s, B:min 2.0s, C:maj 2.0s, G:maj 2.0s, E:min 4.5s, D:7 1.5s, G:maj 2.0s, A:min 4.0s, C:maj 2.0s, G:maj 1.0s, E:min 1.0s, D:7 0.5s, A:min 0.5s, D:7 1.0s, G:maj 4.0s, C:maj 1.0s, D:7 1.0s, G:maj 2.0s, C:maj 1.0s, D:7 3.5s, G:maj 1.5s, C:maj 2.0s, G:maj 2.0s, D:7 4.0s, G:maj 2.0s, A:min 4.0s, C:maj 2.0s, G:maj 2.0s"
3216,C:major,"C:maj 2.0s, D:min 2.0s, G:maj 2.0s, C:maj 4.0s, D:min 2.0s, G:maj 2.0s, C:maj 2.0s, A:min 1.0s, E:min 1.0s, F:maj 1.0s, C:maj 1.0s, A:min 1.0s, E:min 1.0s, F:maj 1.0s, G:7 5.0s, C:maj 2.0s, D:min 2.0s, G:maj 2.0s, C:maj 1.0s, G:7 1.0s, C:maj 2.0s, D:min 2.0s, G:maj 2.0s, C:maj 1.0s, G:7 1.0s, A:min 1.0s, E:min 1.0s, F:maj 1.0s, C:maj 1.0s, A:min 1.0s, E:min 1.0s, F:maj 1.0s, G:7 5.0s, C:maj 2.0s, D:min 2.0s"
1519,C:major,"F:maj 4.0s, G:maj 4.0s, F:maj 4.0s, G:maj 4.0s, F:maj 8.0s, Bb:maj 4.0s, C:maj 12.0s, F:maj 4.0s, Bb:maj 4.0s, F:maj 4.0s, Bb:maj 4.0s, F:maj 2.0s, C:maj 2.0s"
4044,C:major,"C:maj 1.0s, E:hdim7 1.0s, A:7 2.0s, D:min 1.0s, D:hdim7 1.0s, G:maj 2.0s, C:maj 2.0s, F:maj 1.0s, F:min 1.0s, C:maj 1.0s, D:7 0.5s, G:7 0.5s, C:maj 3.0s, E:hdim7 1.0s, A:7 2.0s, D:min 1.0s, D:hdim7 1.0s, G:maj 2.0s, C:maj 2.0s, F:maj 1.0s, F:min 1.0s, C:maj 1.0s, D:7 0.5s, G:7 0.5s, C:maj 3.0s, C:dim 1.0s, D:min 1.0s, G:7 1.0s, F:maj 2.0s, F:min 2.0s, C:maj 2.0s, G#:dim 1.0s, A:min 1.0s, D:7 2.0s, G:maj 1.5s, G:7(b9) 0.5s, C:maj 1.0s, G:min6 1.0s, A:7 2.0s, D:min 1.0s, D:hdim7 1.0s, G:maj 2.0s, C:maj 2.0s, F:maj 1.0s, F:min 1.0s"
2467,C#:minor,"C#:min 2.0s, A:maj 2.0s, E:maj 2.0s, B:maj 2.0s, C#:min 2.0s, A:maj 2.0s, E:maj 2.0s, B:maj 4.0s, C#:min 8.0s, A:maj 2.0s, F#:min 2.0s, C#:min 8.0s, A:maj 2.0s, F#:min 2.0s, B:maj 8.0s, A:maj 2.0s, F#:min 2.0s, B:maj 1.5s, B:maj6 0.5s, B:maj 2.0s, C#:min 2.0s"
959,Bb:major,"Eb:maj 1.0s, Bb:maj/4 1.0s, Ab:maj/5 1.0s, Eb:maj 1.0s, Eb:maj 1.0s, Bb:maj/4 1.0s, Ab:maj/5 1.0s, Eb:maj 1.2s, F:maj 1.8s, Bb:maj 2.0s, Eb:maj/5 2.0s, Bb:maj 2.0s, Eb:maj/5 2.0s, G:min 2.0s, Ab:maj/3 2.0s, Eb:maj 2.0s, Bb:maj/5 1.0s, F:maj 1.0s, Bb:maj 2.0s, Eb:maj/5 2.0s, Bb:maj 2.0s, Eb:maj/5 2.0s, G:min 2.0s, Ab:maj/3 2.0s, Eb:maj 2.0s, Eb:maj/9 2.0s, F:maj/4 1.0s, Bb:maj 1.0s, F:maj/4 1.0s, Bb:maj 1.0s, Gb:maj/9 0.5s, Db:maj/5 1.5s, Gb:maj/9 1.0s, Db:maj/5 1.0s, F:maj/4 1.0s, Bb:maj 1.0s, F:maj/4 1.0s, Bb:maj 1.0s, Gb:maj/9 0.5s, Db:maj/5 1.5s, Gb:maj/9 1.0s, Db:maj/5 1.0s, F:maj/4 1.0s, Bb:maj 1.0s"
5032,C:major,"C:maj 1.0s, C:7 1.0s, F:maj 1.0s, F:min 1.0s, D:7 1.0s, G:7 1.0s, C:maj 2.0s, C:maj 1.0s, C:7 1.0s, F:maj 1.0s, F:min 1.0s, D:7 1.0s, G:7 1.0s, C:maj 1.0s, C:7 1.0s, F:7 8.0s, Eb:7 4.0s, F:7 2.0s, D:7 2.0s, G:7 2.0s, C:7 2.0s, F:maj 2.0s, F:7 8.0s, Eb:7 4.0s, F:7 2.0s, D:7 2.0s, G:7 2.0s, C:7 2.0s, F:maj 2.0s"
2121,F:major,"B:7 0.5s, C:7 1.5s, Bb:7 0.3s, C:7 1.2s, Bb:7 0.5s, G:min7 2.0s, A:min 1.5s, G:min 0.5s, E:maj 0.5s, F:maj 1.5s, E:maj 0.3s, F:maj 1.2s, E:maj 0.5s, C:min 2.0s, D:7 2.5s, G:min7 1.5s, A:min 2.0s, G:dim 2.0s, D:min 2.5s, G:7 2.0s, G:9 2.0s, Bb:maj 1.5s, Db:min 2.0s, B:7 0.5s, C:7 1.5s, B:7 0.3s, C:7 1.2s, B:7 0.5s, G:min7 2.0s, A:min 1.5s, G:min 0.5s, E:maj 0.5s, F:maj 1.5s, E:maj 0.3s, F:maj 1.2s, E:maj 0.5s, C:min 2.0s, D:7 2.5s, G:min7 1.5s, Bb:maj 0.5s, Bb:min 0.5s, A:min 0.5s, C:7 0.5s, F:maj 1.0s, D:min 1.0s, D:9 1.5s, D:aug 0.5s, F:aug 0.5s, G:9 1.0s, F:aug 0.5s, G:min7 1.5s, G:dim 0.5s"
784,F:major,"D:min 1.0s, Bb:maj 1.0s, D:min 1.0s, Bb:maj 1.0s, Bb:(3,5,b7,9,11) 2.0s, Bb:7(b9) 2.0s, Eb:maj7 1.0s, Eb:9 1.0s, Ab:maj 2.0s, A:min7 1.0s, D:maj 1.0s, A:min7 1.0s, Ab:7 1.0s, G:min9 2.0s, G:min7 1.0s, G:dim 1.0s, F:maj7 2.0s, D:min7 2.0s, D:min6 2.0s, E:7 2.0s, G:min6 1.0s, A:7 1.0s, E:hdim7 1.5s, A:7 0.5s, F:maj7 2.0s, G:9 1.0s, C:maj 1.0s, C:min 1.0s, C:min7 1.0s, C:min6 1.0s, F:9 1.0s, Bb:maj 2.0s, E:hdim7 2.0s, A:7 4.0s, D:min 2.0s, D:min 1.0s, Bb:maj 1.0s, Bb:(3,5,b7,9,11) 2.0s, Bb:7(b9) 2.0s, Eb:maj7 1.0s, Eb:9 1.0s, Ab:maj 2.0s"
6292,G:major,"G:maj 3.0s, C:maj 3.0s, G:maj 3.0s, C:maj 3.0s, G:maj 10.5s, G:7 1.5s, C:maj 3.0s, G:maj 7.5s, G:7 1.5s, C:maj 3.0s, D:7 1.5s, G:maj 3.0s, G:maj 3.0s, C:maj 3.0s, G:maj 3.0s, C:maj 3.0s, G:maj 4.5s"
3168,F:major,"F:maj7 1.8s, A:7 1.0s, D:7 1.0s, G:7 4.0s, G:min7 1.0s, C:7 1.0s, E:dim7 1.0s, A:7 1.0s, D:min7 1.0s, G:7 1.0s, C:min7 1.0s, F:7 1.0s, Bb:maj7 2.0s, Bb:min7 1.0s, Eb:7 1.0s, F:maj7 4.0s, B:dim7 1.0s, E:7 1.0s, B:dim7 1.0s, E:7 1.0s, A:min7 1.0s, D:7 1.0s, G:min7 1.0s, C:7 1.0s, F:maj7 2.0s, A:7 1.0s, D:7 1.0s, G:7 4.0s, G:min7 1.0s, C:7 1.0s, E:dim7 1.0s, A:7 1.0s, D:min7 1.0s, G:7 1.0s, C:min7 1.0s, F:7 1.0s, Bb:maj7 2.0s, Bb:min7 1.0s, Eb:7 1.0s, F:maj7 2.0s, B:dim7 1.5s, E:7 0.5s, A:min7 1.0s, D:7 1.0s, G:min7 1.0s, C:7 1.0s, F:maj7 0.2s"
4727,F:major,"F:maj 10.0s, C:7 14.0s, F:maj 16.0s, C:7 8.0s, F:min 4.0s, Bb:min 4.0s, C:7 4.0s"
6289,G:major,"G:maj 3.0s, E:7 1.0s, A:7 4.0s, D:7 4.0s, G:maj 2.0s, A:7 1.0s, D:7 1.0s, G:7 2.0s, C:maj 2.0s, E:7 2.0s, A:min7 1.0s, D:7 1.0s, G:maj 3.0s, E:7 1.0s, A:7 1.0s, D:7 1.0s, G:maj 2.0s"
2123,F:major,"F:maj 2.0s, C:7 2.0s, F:maj 2.0s, C:7 2.0s, F:maj 4.0s, G:min7 2.8s, C:9 1.2s, F:maj 2.0s, C:7 2.0s, F:maj 2.0s, C:7 2.0s, F:maj 4.0s, C:min7 2.8s, F:9 1.2s, Bb:maj 2.0s, A:7(b9) 1.0s, A:aug 0.5s, A:7 0.5s, D:min 1.0s, D:min7 1.0s, G:9 4.0s, G:min7 0.8s, C:7 1.2s, F:maj 2.5s, C:min7 1.0s, F:(3,5,b7,9,11,13) 0.5s, Bb:maj 2.0s, A:7(b9) 1.0s, A:aug 0.5s, A:7 0.5s, D:min 1.0s, D:min7 1.0s, G:9 4.0s, G:min7 1.0s, C:7 1.0s"
4083,C:major,"C:maj 3.0s, C:aug 1.0s, F:maj 2.0s, G:7 1.5s, D:min7 0.5s, G:7 3.0s, G:(3,#5,b7) 1.0s, C:maj7 2.0s, C:maj6 1.0s, G:min7 0.5s, C:7 0.5s, F:maj 2.0s, D:min 1.0s, G:7 0.5s, G:9 0.5s, C:maj7 2.0s, A:min7 2.0s, D:7 4.0s, D:min7 2.0s, G:7 2.0s, C:maj 3.0s, C:aug 1.0s, F:maj 2.0s, G:7 1.5s, D:min7 0.5s, G:7 3.0s, F:7(b5) 1.0s, E:7 2.0s, G:min6 1.5s, A:7 0.5s, D:min 1.0s, D:min7 1.0s, F:min6 3.0s, E:min7 1.0s, A:7 2.0s, D:min 1.0s, G:maj 1.5s, G:7 1.0s, G:7(b9) 0.5s"
4768,D:major,"D:maj 4.0s, A:maj 3.8s, B:min 2.2s, G:maj 2.0s, D:maj 4.0s, D:maj 4.0s, A:maj 3.8s, B:min 2.2s, G:maj 2.0s, D:maj 3.5s, C#:min 0.5s, C:maj7 2.0s, B:min 1.5s, E:min7 4.4s, C:maj7 4.1s, B:min 2.5s, A:maj 1.5s, D:maj 2.0s, A:maj 1.2s, B:min 0.8s, D:maj 2.0s, A:maj 0.5s, G:maj 0.8s, D:maj 2.8s, A:maj/3 1.8s, G:maj 0.2s"
644,C:major,"C:maj 6.5s, G:7 10.0s, C:maj 10.0s, G:7 10.0s, C:maj 8.0s, G:7 8.0s, C:maj 5.5s, C:maj 2.0s"
4187,C:major,"C:maj 7.6s, C:7 1.0s, A:7 1.4s, D:7 1.6s, D:min 2.0s, G:7 2.0s, C:maj 5.0s, C:7 2.0s, D:min 2.0s, D:7 3.0s, G:7 4.0s, C:maj 11.0s, G:7 5.0s, D:min 4.0s, G:7 8.0s, C:maj 0.4s"
3537,C:major,"C:maj7 2.0s, F#:min7 1.0s, F:min7 1.0s, E:min7 2.0s, G:min7 1.0s, C:7(b9) 1.0s, F:maj7 2.0s, F:min7 1.0s, Bb:7(b9) 1.0s, Eb:maj7 4.0s, Eb:min7 2.0s, Ab:9 2.0s, Db:maj7 2.0s, G:7(b9) 2.0s, C:maj6 2.0s, A:7 2.0s, D:min7 2.0s, G:7 2.0s, C:maj7 2.0s, F#:min7 1.0s, F:min7 1.0s, E:min7 2.0s, G:min7 1.0s, C:7(b9) 1.0s, F:maj7 2.0s, F:min7 1.0s, Bb:7(b9) 1.0s, Eb:maj7 4.0s, B:maj7 4.0s, Bb:7 4.0s, Eb:maj7 4.0s"
5297,Eb:major,"C:min 2.0s, G:maj7 0.5s, G:7 1.5s, C:7 2.0s, F:min7 2.0s, D:min7 1.0s, G:7 1.0s, D:min7 1.0s, G:7 1.0s, C:min 2.0s, Ab:7 1.0s, G:7 1.0s, C:min 2.0s, G:maj7 0.5s, G:7 1.5s, C:7 2.0s, F:min7 2.0s, D:min7 1.0s, G:7 1.0s, D:min7 1.0s, G:7 1.0s, C:min 1.0s, F:min 1.0s, C:min 2.0s, F:min7 4.0s, C:maj 0.8s, C:maj7 1.2s, C:maj6 2.0s, F:min7 4.0s, C:maj 1.0s, C#:dim7 1.0s, G:7 0.5s, Eb:dim 1.0s, G:7 0.5s, C:min 2.0s, G:maj7 0.5s, G:7 1.5s, C:7 2.0s, F:min7 2.0s, D:min7 1.0s, G:7 1.0s, D:min7 1.0s, G:7 1.0s"
707,C:major,"B:min7 0.0s, C#:(b3,*5) 0.8s, D:(3,*5) 1.0s, D:(3,*5) 0.8s, C#:(b3,*5) 1.0s, C#:(b3,*5) 0.8s, D:(3,*5) 0.2s, D:(3,*5) 1.0s, C#:(b3,*5) 0.7s, D:(3,*5) 0.2s, D:(3,*5) 0.8s, C#:(b3,*5) 0.2s, C#:(b3,*5) 0.8s, D:(3,*5) 0.2s, D:(3,*5) 1.0s, F:(*3,5)/5 0.8s, D:(b3,*5) 0.2s, D:(b3,*5) 0.8s, C:(3,*5) 0.2s, C:(3,*5) 0.8s, D:(b3,*5) 0.2s, D:(b3,*5) 1.0s, F:(*3,5)/5 0.8s, D:(b3,*5) 0.2s, D:(b3,*5) 0.8s, C:(3,*5) 0.2s, C:(3,*5) 0.8s, D:(b3,*5) 0.2s, D:(b3,*5) 1.0s, B:min7 12.0s, D:min(9)/5 4.0s, B:min7 12.0s, D:min(9)/5 4.0s, G:maj/9 8.0s, G:maj 0.0s, A:(3,*5) 0.2s, F#:(b3,*5) 1.0s, A:(*3,5)/5 0.2s, F#:(b3,*5) 1.0s"
189,C:major,"C:maj 4.0s, B:7 4.0s, C:maj 4.0s, A:7 4.0s, D:7 4.0s, G:7 4.0s, C:maj 2.0s, D:min 2.0s, G:7 4.0s, C:maj 4.0s, B:7 4.0s, C:maj 4.0s, A:7 4.0s, D:7 4.0s, G:7 4.0s, D:min 2.0s, F:maj 1.0s, F:min 1.0s"
6280,C:major,"C:maj 12.0s, D:min7 2.0s, G:7 2.0s, E:min 1.5s, B:7 2.5s, E:min 2.0s, A:hdim7 2.0s, G:maj/5 1.0s, A:min7 1.0s, G:maj/5 1.0s, D:7 1.0s, G:7 2.0s, C:7 2.0s, F:maj 3.0s, G:7 1.0s, C:maj/3 1.0s, A:min 3.0s, D:min 1.0s, C:maj/3 1.0s, F:maj7 1.0s, D:maj/b3 1.0s, D:min7/4 2.0s, G:7 2.0s, C:maj 1.5s, C:7 2.5s, F:maj 4.0s, D:7/3 4.0s"
3353,G:major,"A:min 1.5s, B:7 1.0s, A:min 0.5s, B:7 1.0s, A:min 0.5s, B:7 1.5s, E:min 3.0s, A:min 3.0s, D:7 3.0s, G:maj 3.0s, A:min6 1.5s, B:7 1.5s, E:min 1.5s, E:min6 1.5s, C:maj6 1.5s, B:7 1.0s, E:min 1.5s, A:min 0.5s, E:min 1.5s, E:min 1.5s, E:min6 1.5s, B:7 1.5s, E:min 3.0s, E:min6 1.5s, D:7 1.5s, G:maj 1.0s, B:7 0.5s, E:min 1.5s, F:maj 1.5s, A:min6 1.0s, B:7 0.5s, E:min 1.5s, G:maj 1.5s, A:min 1.0s, A:min6 0.5s, B:7 1.0s, A:min6 0.5s, B:7 1.0s, A:min6 0.5s, B:7 1.0s, A:min6 0.5s, B:7 1.5s, E:min 3.0s"
6206,G:major,"D:7 0.5s, G:maj 1.5s, B:7 2.0s, E:min 1.0s, A:7 1.5s, D:7 3.0s, G:maj 2.5s, D:7 0.5s, G:maj 1.5s, B:7 2.0s, E:min 0.5s, E:min7 0.5s, A:7 1.5s, D:7 3.0s, G:maj 3.0s, D:7 1.5s, D:9/3 2.0s, G:maj 0.5s, G:dim 0.5s, G:maj 3.0s, E:7 1.0s, A:9/3 0.5s, A:7 1.5s, D:7 1.5s, G:maj 1.5s, B:7 2.0s, E:min 0.5s, E:min7 0.5s, A:7 1.5s, D:7 3.0s, G:maj 1.0s, C:min 0.5s, G:maj 1.5s"
4463,C:major,"C:maj 12.0s, F:maj 12.0s, C:maj 2.0s, F:maj 2.0s, G:7 4.0s, C:maj 8.0s, E:maj 4.0s, A:min 4.0s, F:min 4.0s, C:maj 8.0s"
6369,G:major,"G:maj 12.0s, D:7 16.0s, G:maj 14.0s, G:7 2.0s, C:maj 4.0s, C:min 4.0s, G:maj 4.0s, D:7 4.0s"
250,F:major,"F:maj 2.0s, D:min 2.0s, Bb:maj 2.0s, F:maj 4.0s, D:min 2.0s, G:min7 2.0s, C:7 2.0s, F:maj 2.0s, D:min 2.0s, Bb:maj 2.0s, F:maj 1.5s, A:7 0.5s, D:min 2.0s, Bb:maj 1.0s, C:7 1.0s, F:maj 1.0s, Bb:maj 1.0s, F:maj 2.0s"
3001,F:major,"D:min 2.0s, A:7(#5) 1.5s, D:min7 0.5s, E:7 4.0s, E:min7(b5) 2.0s, Bb:maj 2.0s, A:7 4.0s, D:min 2.0s, A:7(#5) 1.5s, D:min7 0.5s, E:7 4.0s, G:min 2.0s, Bb:maj 1.0s, E:min7(b5) 0.5s, A:7 0.5s, D:min 4.0s, Eb:maj 4.0s, D:maj 4.0s, Eb:maj 4.0s, D:maj 2.0s, A:7 2.0s, D:min 2.0s, A:7(#5) 1.5s, D:min7 0.5s, E:7 2.0s, E:7 2.0s, E:min7(b5) 2.0s, Bb:maj 2.0s"
4319,C:major,"A:min 4.0s, F:maj 4.0s, A:min 4.0s, F:maj 4.0s, A:min 4.0s, F:maj 4.0s, A:min 4.0s, F:maj 4.0s, A:min 4.0s, F:maj 4.0s, C:maj 4.0s, G:maj 4.0s, C:maj 4.0s, G:maj 1.0s, C:maj/3 1.0s, F:maj6 1.0s, D:7 1.0s, A:min 3.0s, G:maj 1.0s"
1222,C:major,"C:maj 1.0s, A:min7 1.0s, D:min7 1.0s, G:7 1.0s, C:maj 1.0s, A:min7 1.0s, D:min7 1.0s, G:7 1.0s, C:maj 1.0s, D:min7 1.0s, Eb:dim7 1.0s, C:7/3 1.0s, Bb:7(#11) 2.0s, A:7 2.0s, D:min7 2.0s, G:7 2.0s, Bb:7(#11) 2.0s, A:7 2.0s, D:min7 2.0s, G:7 2.0s, C:maj 1.0s, A:min7 1.0s, D:min7 1.0s, G:7 1.0s, C:maj 1.0s, A:min7 1.0s, D:min7 1.0s, G:7 1.0s, C:maj 1.0s, A:min7 1.0s, D:min7 1.0s, G:7 1.0s, C:maj 1.0s, D:min7 1.0s, Eb:dim7 1.0s, C:7/3 1.0s, Bb:7(#11) 2.0s, A:7 2.0s, D:min7 2.0s, G:7 2.0s, Bb:7(#11) 2.0s, A:7 2.0s, D:min7 2.0s, G:7 2.0s"
3607,C:major,"C:maj 5.5s, F:maj 0.5s, G:7 8.0s, C:min 1.5s, G:7 0.5s, C:min 2.0s, G:7 2.0s, C:min 2.0s, G:7 2.0s, C:min 1.5s, G:7 0.5s, C:min 2.0s, G:7 4.0s, C:min 4.0s, G:7 4.0s, C:min 1.5s, Bb:7 0.5s, Eb:maj 2.0s, Bb:7 4.0s, Eb:maj 2.0s, F:min 1.0s, G:7 1.0s, C:min 2.0s, D:7 2.0s, G:7 2.0s, C:maj 2.0s"
5539,F:major,"F:maj 5.0s, C:7 8.0s, F:maj 1.0s, F:7 2.0s, Bb:7 4.0s, F:maj 2.0s, D:7 2.0s, G:7 4.0s, C:7 3.0s, F:7 2.0s, E:7 1.0s, F:7 2.0s, C:7 4.0s, C:7 3.5s, Bb:maj 0.5s, A:7 3.5s, F:7 0.5s, Bb:7 4.0s, F:maj 2.0s, D:7 2.0s, G:7 2.0s, C:7 2.0s"
4940,F:major,"F:maj 1.0s, A:min 1.0s, Bb:maj 1.0s, C:maj 1.0s, F:maj 1.0s, A:min 1.0s, Bb:maj 1.0s, C:maj 1.0s, G:min 1.0s, C:7 1.0s, F:maj 1.0s, D:min 1.0s, C:maj 1.0s, F:maj 1.0s, C:7 1.0s, F:maj 1.0s"
5606,Eb:major,"G:7/3 2.0s, C:min 2.0s, F:min7 2.0s, D:dim7 2.0s, G:7/3 2.0s, C:min 2.0s, F:min7 2.0s, D:dim7 2.0s, C:min 0.5s, F:min 0.5s, Bb:maj 1.0s, Eb:maj 2.0s, C:min 0.5s, F:min7 1.5s, Bb:maj 0.8s, Eb:maj 1.8s, C:min 0.5s, F:min 0.5s, Bb:maj 0.5s, Eb:maj 2.0s, C:min 2.0s, Bb:maj 1.5s, Ab:maj 0.5s, G:maj 3.8s, C:min 0.2s, F:min 2.0s, G:7 2.0s, C:min 2.0s, C:min 0.5s, F:min 0.5s, Bb:maj 1.0s, Eb:maj 2.0s, C:min 0.5s, F:min7 1.5s, Bb:maj 0.8s, Eb:maj 1.8s, C:min 0.5s, F:min 0.5s, Bb:maj 0.5s, Eb:maj 2.0s, C:min 2.0s, Bb:maj 1.5s, Ab:maj 0.5s, G:maj 2.0s"
999,C:major,"C:maj 2.0s, F:maj 2.0s, C:maj 0.5s, C:7 0.5s, B:7 0.5s, Bb:7 0.5s, A:7 2.0s, D:7 2.0s, G:7 1.5s, G:(3,#5,b7) 0.5s, C:maj 1.0s, A:min7 1.0s, D:min7 1.0s, G:7 1.0s, C:maj 2.0s, F:maj 2.0s, C:maj 0.5s, C:7 0.5s, B:7 0.5s, Bb:7 0.5s, A:7 2.0s, D:7 2.0s, G:7 1.5s, G:(3,#5,b7) 0.5s, C:maj 1.0s, F:maj6 1.0s, C:maj 1.0s, C:7 1.0s, F:maj 2.0s, E:min7 2.0s, F:maj 1.0s, F#:dim7 1.0s, C:maj/5 0.7s, Bb:7 0.7s, A:7 0.7s, D:min7 1.0s, G:7 1.0s, C:7 0.2s, B:7 0.2s, Bb:7 0.2s, A:7 1.2s, D:7 2.0s, D:min7 1.0s, G:(3,#5,b7) 1.0s, C:maj 2.0s, F:maj 2.0s, C:maj 0.5s, C:7 0.5s, B:7 0.5s, Bb:7 0.5s, A:7 2.0s, D:7 2.0s, G:7 1.5s, G:(3,#5,b7) 0.5s"
6210,F:major,"Bb:7 0.5s, F:maj6 2.0s, Bb:7 1.0s, C:9 1.0s, F:maj6 2.0s, C:7 1.5s, Bb:7 0.5s, F:maj6 2.0s, Bb:7 1.0s, F:maj 1.0s, Bb:7 4.0s, F:maj6 2.0s, C:(3,#5,b7) 1.0s, G:min7 1.0s, F:maj 2.0s, C:7 1.5s, Bb:7 0.5s, F:maj6 2.0s, Bb:7 1.0s, F:maj 1.0s, Bb:7 4.0s, F:maj6 2.0s, C:(3,#5,b7) 1.0s, G:min7 1.0s, F:maj 3.0s, F:7 1.0s, Bb:7 2.0s, F:maj6 2.0s, Bb:7 2.0s, F:maj6 2.0s, Bb:7 2.0s, F:maj6 2.0s, G:7 2.0s, C:7 1.5s, Bb:7 0.5s, F:maj6 2.0s, C:(3,#5,b7) 1.0s, F:maj 0.5s"
773,F:major,"D:min 2.0s, A:maj/3 2.0s, D:7/b7 2.0s, G:maj/3 2.0s, C:7/b7 2.0s, F:maj/3 1.0s, Bb:7 0.5s, A:7 0.5s, D:min 1.0s, D:min 2.0s, Bb:9 1.0s, E:7(b5) 1.0s, A:(3,#5,b7) 1.0s, D:min 2.0s, A:maj/3 2.0s, D:7/b7 2.0s, G:maj/3 2.0s, C:7/b7 2.0s, F:maj/3 1.0s, Bb:7 0.5s, A:7 0.5s, D:min 2.0s, A:7(b9) 1.0s, D:min 0.5s, Eb:7 0.5s, D:7 4.0s, G:7 4.0s, C:7 2.0s, G:hdim7 1.0s, C:7 1.0s, F:maj 2.0s, A:7/5 1.0s, A:7 1.0s, D:min 2.0s, A:maj/3 2.0s, D:7/b7 2.0s, G:maj/3 2.0s, C:7/b7 2.0s"
305,C:major,"C:maj 2.0s, A:min 1.5s, D:7 3.0s, G:7 3.0s, C:maj 1.0s, C:dim 0.5s, G:7 1.5s, C:maj 1.5s, C:min 1.5s, G:maj 3.0s, D:7 3.0s, G:7 10.5s, E:7 1.5s, F:maj 1.0s, A:7 0.5s, D:min 1.5s, G:7 3.0s, C:dim 1.5s, C:maj 1.5s, D:7 3.0s, F:min6 1.5s, G:7 1.5s, C:maj 1.5s, G:(3,#5,b7) 1.5s, C:maj 4.5s, E:7 1.5s, F:maj 1.0s, A:7 0.5s, D:min 1.0s"
2591,G:major,"D:min7 0.8s, G:7 1.0s, D:min7 0.8s, G:7 1.2s, D:min7 1.0s, G:7 1.0s, D:min7 0.8s, G:7 1.2s, C:min7 1.0s, F:7 1.0s, C:min7 0.8s, F:7 1.0s, A:min7 1.2s, D:7 1.0s, G:maj7 1.0s, G:maj6 1.2s, D:min7 0.8s, G:7 1.0s, D:min7 0.8s, G:7 1.2s, D:min7 1.0s, G:7 1.0s, D:min7 0.8s, G:7 1.2s, C:min7 1.0s, F:7 1.0s, C:min7 0.8s, F:7 1.0s, A:min7 1.2s, D:7 1.0s, G:maj7 1.0s, G:maj6 1.0s, C:min7 3.0s, F:9 0.8s, Bb:maj 2.0s, D:min7 0.2s, G:7 2.0s, C:min7 3.0s, F:9 1.0s, Bb:maj7 0.8s, Bb:7 1.0s, A:min7 0.2s, D:9 2.0s, D:min7 1.0s, G:7 1.0s, D:min7 0.8s, G:7 1.2s, D:min7 1.0s, G:7 1.0s, D:min 2.0s, C:min7 1.0s, F:7 1.0s, C:min7 0.8s, F:7 1.2s, A:min7 0.2s"
4532,G:major,"G:maj6 4.0s, C:7 4.0s, G:maj7 2.0s, E:min7 2.0s, A:min7 2.0s, D:7 2.0s, G:maj6 4.0s, C:7 4.0s, G:maj7 2.0s, A:min7 1.0s, D:7 1.0s, G:maj6 4.0s, F#:min7 2.0s, B:7 2.0s, E:min7 4.0s, F:7 2.0s, E:(3,#5,b7) 2.0s, Eb:(3,#5,b7) 2.0s, D:7 2.0s, G:maj6 4.0s, C:7 4.0s, G:maj6 1.5s, A:min7 1.5s, D:7 1.0s"
3600,F:major,"F:maj 2.0s, C:7 1.0s, F:maj 3.0s, C:7 1.0s, F:maj 3.0s, C:7 1.0s, F:maj 3.0s, C:7 1.0s, F:maj 2.0s, D:7 1.0s, G:min 1.0s, C:7 1.0s, F:maj 1.0s, Bb:maj 1.0s, C:7 2.0s, F:maj 2.0s, F:maj 1.0s, C:7 1.0s, F:maj 1.0s, D:7 1.0s, G:min 1.0s, C:7 1.0s, F:maj 1.0s, Bb:maj 1.0s, C:7 2.0s, F:maj 1.5s, Bb:maj 0.5s, F:maj 1.0s, C:7 1.0s, F:maj 4.0s"
1322,G:major,"G:maj 2.0s, G#:dim7 2.0s, A:min7 2.0s, Bb:dim7 2.0s, G:maj 2.0s, E:min7 2.0s, A:min7 2.0s, D:7 2.0s, G:maj 2.0s, G#:dim7 2.0s, A:min7 3.0s, D#:dim7 1.0s, E:min 2.0s, A:7 2.0s, A:min7 2.0s, D:7 2.0s, G:maj 1.5s, G#:dim7 2.5s, A:min7 2.0s, Bb:dim7 2.0s, G:maj 2.0s, E:min7 2.0s, D:min7 2.0s, G:7 2.0s, C:maj7 2.0s, C:min 2.0s, G:maj 2.0s, Bb:dim 2.0s, A:min7 3.0s, B:7 1.0s"
5796,D:minor,"D:(1,*3,*5) 2.0s, Bb:(3,*5) 1.0s, C:(*3,*5,b7) 1.0s, F:(*3,5) 2.0s, C:(1,*3,*5) 1.0s, E:(b3,*5) 1.0s, D:(1,*3,*5) 2.0s, Bb:(3,*5) 1.0s, Bb:(*3,*5,7)/7 1.0s, F:(*3,5) 2.0s, C:(1,1,*3,*5) 0.5s, C:(1,1,*3,*5) 0.5s, C:(1,*3,5) 0.5s, C:(1,3,*5) 0.5s, D:(1,1,*3,*5) 1.0s, D:(1,1,*3,*5) 0.4s, C:(1,*3,*5) 0.4s, D:(1,*3,*5) 1.2s, D:(*3,5,5) 0.4s, C:(1,*3,*5) 0.4s, A:(1,*3,*5) 1.2s, D:(b3,b3,*5) 0.4s, E:(1,*3,*5) 0.4s, C:(1,*3,*5) 1.2s, G:(1,*3,5)/5 0.4s, A:(1,*3,*5) 0.6s, D:(1,1,*3,*5) 1.0s, D:(1,1,*3,*5) 0.4s, C:(1,*3,*5) 0.4s, D:(1,*3,*5) 1.2s, D:(*3,5,5) 0.4s, C:(1,*3,*5) 0.4s, A:(1,*3,*5) 1.2s, D:(b3,b3,*5) 0.4s, E:(1,*3,*5) 0.4s, C:(1,*3,*5) 1.2s, G:(1,*3,5)/5 0.4s, A:(1,*3,*5) 0.6s, C:(1,1,1,*3,*5) 0.2s, C:(1,1,1,*3,*5) 0.2s, C:(1,1,1,*3,*5) 0.2s, C:(1,1,1,*3,*5) 0.2s, C:(1,1,1,*3,*5) 1.0s, C:(*3,5) 1.2s, C:min 0.2s, C:min 0.5s, Eb:(*3,5) 1.2s, Eb:(1,*3,5) 0.2s, Eb:(1,*3,5) 0.5s, Ab:(*3,5) 1.2s, Ab:maj 0.2s, Ab:maj 0.5s, Ab:(*3,5) 1.2s, Bb:(*3,5,9) 0.2s, Bb:(*3,5,9) 0.5s, C:(*3,5) 1.2s, C:min 0.2s, C:min 0.5s, Eb:(*3,5) 1.2s, Eb:(1,*3,5) 0.2s, Eb:(1,*3,5) 0.5s, Ab:(*3,5) 1.2s, Ab:maj 0.2s, Ab:maj 0.5s, Ab:(*3,5) 1.2s, Ab:maj 0.2s, D:(*3,b5,b7)/b5 0.8s, Bb:(*3,5,9) 0.2s, Bb:(1,*3,5,9) 0.5s, Bb:(*3,5) 0.5s, Bb:(*3,5) 0.2s, C:min 0.8s, C:(b3,*5) 0.5s, C:min 1.2s, Bb:(*3,5,9) 0.2s, Bb:(1,*3,5,9) 0.5s, Bb:(*3,5) 0.5s, Bb:(*3,5) 0.2s, C:(*3,5) 0.2s, C:(1,1,*3,5) 0.2s, C:maj 0.2s, C:maj 0.2s, C:maj 0.2s, C:maj 0.2s, C:maj/3 0.2s, C:maj/3 0.2s, C:maj/3 0.5s, D:min 0.8s, D:min7 0.2s, D:min7 0.2s, D:min7 0.2s, A:min(4)/4 0.2s"
5811,G:major,"G:maj 1.5s, G:dim 1.5s, A:min7 1.5s, D:7 1.5s, A:min7 1.5s, D:7 0.5s, C:maj 0.5s, D:7 0.5s, G:maj 1.5s, D:7 1.5s, G:maj 1.5s, G:dim 1.5s, D:maj 1.5s, D:maj7 1.5s, E:min7 1.5s, A:7 1.5s, C:min6 2.0s, D:7 2.5s, G:maj 2.0s, A:min7 1.0s, D:7 1.0s, A:min 1.0s, D:7 1.0s, G:maj 2.0s, G:7 2.0s, C:maj 2.0s, A:7 2.0s, A:min7 1.0s, D:7 1.0s, G:maj 2.0s, A:min7 1.0s, D:7 1.0s, A:min 1.0s, D:7 1.0s, G:maj 2.0s, G:7 2.0s, C:maj 1.0s, C:min6 1.0s, G:maj 1.0s, D:9 1.0s, G:maj 0.5s, D:min6 0.5s, E:(3,#5,b7) 0.5s, E:7 0.5s, A:7 1.0s, D:7 1.0s, G:maj 0.5s"
5696,Bb:major,"Bb:maj 2.0s, Bb:maj/7 2.0s, Eb:maj 4.0s, Bb:maj 2.0s, Bb:maj/7 2.0s, Eb:maj 4.0s, Bb:maj 2.0s, Bb:maj/7 2.0s, Eb:maj 4.0s, Bb:maj 2.0s, Bb:maj/7 2.0s, Eb:maj 4.0s, G:min7 4.0s, G:min7/b7 4.0s, Eb:maj 2.2s, G:min7 3.8s, G:min7/b7 4.0s, Eb:9 4.0s, Bb:maj/5 2.0s, Eb:maj 2.0s, G:min 2.0s"
1060,C:major,"C:maj 6.0s, C:7 2.0s, F:maj 7.0s, G:7 1.0s, C:maj 8.0s, F:maj 2.0s, G:maj 2.0s, C:maj 4.0s, C:maj 6.0s, C:7 2.0s, F:maj 7.0s, G:7 1.0s, C:maj 8.0s, F:maj 2.0s, G:maj 2.0s"
5031,G:major,"F#:maj 0.5s, G:maj 2.0s, F#:maj 0.5s, D:maj 0.5s, D:maj 0.5s, G:maj 6.0s, Bb:dim 2.0s, D:7 4.0s, A:min 0.5s, E:7 1.5s, A:min 0.5s, D:dim 0.5s, A:min 0.5s, E:7 0.5s, D:dim 2.0s, A:min7 2.0s, C:maj 1.0s, D:7 2.5s, D:aug 0.5s, G:maj 1.0s, D:dim 1.0s, D:7 1.0s, A:dim 1.0s, G:7 3.5s, G:aug 0.5s, C:maj7 1.0s, C:maj6 3.0s, E:min7 2.0s, A:7 2.0s, A:min7 1.0s, D:7 3.0s, F#:maj 0.5s, G:maj 2.0s, F#:maj 0.5s, G:maj 0.5s, D:maj 0.5s, G:maj 1.0s, G:7 1.0s, E:min 1.0s, C:min 1.0s, G:maj 1.0s, B:maj 1.0s, E:min7 2.0s"
3520,F:major,"G:min7 1.5s, C:7 1.5s, A:min7 1.5s, D:min7 1.5s, F#:dim 1.5s, G:min7 1.5s, A:min7 1.5s, D:7 1.5s, G:min7 1.5s, G:dim 1.5s, F:maj 1.5s, Bb:min 1.5s, F:maj 1.5s, G:min7 1.5s, F:maj 1.5s, D:min7 1.5s, E:min7 1.5s, A:7 1.5s, D:maj 3.0s, Eb:min7 1.5s, Ab:7 1.5s, Db:maj 3.0s, F:min 1.5s, Bb:maj 1.5s, Eb:maj 3.0s, D:min7 1.5s, G:7 1.5s, G:min7 1.5s, C:7 1.5s, D:min7 1.5s, G:min7 3.0s, F:maj 3.0s"
988,Bb:major,"F:(*3,*5) 2.0s, Eb:maj 2.0s, F:(*3,*5) 2.0s, Bb:maj 1.0s, C:maj 1.0s, F:(*3,*5) 2.0s, A:maj 2.0s, F:(*3,*5) 1.0s, D:maj 1.0s, A:maj 1.0s, D:maj 1.0s, Bb:(*3,*5) 2.0s, Eb:maj 1.0s, Bb:maj 1.0s, F:(*3,*5) 1.0s, D:maj 1.0s, C:maj 1.0s, C:maj 1.0s, F:(*3,*5) 2.0s, A:maj 2.0s, F:(*3,*5) 1.0s, D:maj 1.0s, A:maj 1.0s, D:maj 1.0s, G:maj 0.5s, Bb:(*3,*5) 1.5s, Eb:maj 1.0s, Bb:maj 1.0s, F:(*3,*5) 1.2s, D:maj 0.8s, Bb:maj 1.0s, Bb:maj 1.0s, F:(*3,*5) 3.5s, F:maj 0.5s, Bb:maj 0.5s, Bb:(*3,*5) 1.5s, Eb:maj 2.0s, Bb:maj 2.0s, Eb:maj 1.0s, Bb:maj 1.0s, A:maj 2.0s, D:maj 2.0s, G:maj 0.5s, F:(*3,*5) 1.5s, G:maj 0.5s, C:maj 1.5s"
1031,G:major,"G:maj 4.0s, A:min7 2.0s, D:7 2.0s, D:7 4.0s, G:maj 4.0s, G:7 4.0s, C:maj 4.0s, A:7 4.0s, D:7 4.0s, G:maj 4.0s, A:min7 2.0s, D:7 2.0s, D:7 4.0s, G:maj 4.0s, G:7 4.0s, C:maj 2.0s, C#:dim7 2.0s, G:maj 2.0s, D:7 2.0s"
5869,Eb:major,"Eb:maj 2.0s, F:min7 1.0s, Bb:7 1.5s, Ab:maj 1.0s, Bb:7 2.5s, Eb:maj 2.0s, Bb:7 2.5s, Ab:maj 1.0s, Bb:7 2.5s, Db:maj 1.5s, C:7 2.5s, Ab:min6 1.5s, Bb:7 2.5s, Eb:maj 2.0s, Eb:7 2.0s, Ab:maj6 1.0s, Ab:min6 1.0s, Bb:7 2.0s, Eb:maj 2.0s, F:min7 1.0s, Bb:7 1.5s, Ab:maj 1.0s, Bb:7 2.5s, Eb:maj 2.0s, Bb:7 2.5s, Ab:maj 1.0s, Bb:7 2.5s, Db:maj 1.5s, C:7 2.5s, Ab:min6 1.5s, Bb:7 2.5s, C:maj 2.0s, D:min7 1.0s, G:7 1.0s"
410,B:major,"B:maj7 1.5s, G#:min7 2.0s, D#:min7 4.0s, G#:min7 1.0s, C#:7 1.0s, F#:maj 1.0s, B:maj 1.0s, F#:maj 5.0s, F#:maj 1.0s, B:maj 2.0s, G#:min7 1.0s, C#:7 1.0s, F#:maj 1.0s, B:maj 1.3s, B:maj 4.3s, F#:maj 1.3s, E:sus4(7,9) 3.2s, A:min/5 2.5s, E:maj 2.0s, G#:min7 2.0s, E:maj 1.0s, F#:maj 1.0s, B:maj 2.0s, G#:min7 2.1s, B:maj 1.9s, D#:min7 2.0s, G#:min7 2.0s, C#:min 1.5s, D#:min 1.2s, E:min 3.2s, B:maj7 2.0s, G#:min7 1.0s"
4308,Eb:major,"Eb:maj 1.0s, C:min 1.0s, F:min7 1.0s, Bb:7 1.0s, Eb:maj 1.0s, C:min7 1.0s, F:min7 1.0s, Bb:7 1.0s, Eb:maj 1.0s, C:min7 1.0s, F:min7 1.0s, Bb:7 1.0s, Eb:maj 1.0s, C:min 1.0s, F:min7 1.0s, Bb:7 1.0s, Eb:maj 1.0s, C:min 1.0s, F:min7 1.0s, Bb:7 1.0s, Eb:maj 1.0s, C:min7 1.0s, F:min7 1.0s, Bb:7 1.0s, Eb:maj 1.0s, C:min7 1.0s, F:min7 1.0s, Bb:7 1.0s, Eb:maj 1.0s, Ab:7 1.0s, Eb:maj 2.0s, G:7 4.0s, C:7 4.0s, F:7 4.0s, F:min7 2.0s, Bb:7 2.0s, Eb:maj 1.0s, C:min 1.0s, F:min7 1.0s, Bb:7 1.0s, Eb:maj 1.0s, C:min7 1.0s, F:min7 1.0s, Bb:7 1.0s, Eb:maj 1.0s, C:min7 1.0s, F:min7 1.0s, Bb:7 1.0s"
1647,A:major,"F#:min 2.0s, D:maj 1.0s, B:min 1.0s, F#:min 2.0s, D:maj 1.0s, B:min 1.0s, F#:min 2.0s, D:maj 1.0s, B:min 1.0s, F#:min 2.0s, D:maj 1.0s, B:min 1.0s, A:maj 2.0s, E:maj 2.0s, D:maj 2.0s, E:maj 2.0s, A:maj 2.0s, E:maj 2.0s, D:maj 2.0s, E:maj 2.0s, F#:min 2.0s, D:maj 1.0s, B:min 1.0s, F#:min 2.0s, D:maj 1.0s, B:min 1.0s, F#:min 2.0s, D:maj 1.0s, B:min 1.0s, F#:min 2.0s, D:maj 1.0s, B:min 1.0s, F#:min 2.0s, D:maj 1.0s, B:min 1.0s, F#:min 2.0s, D:maj 1.0s, B:min 1.0s, F#:min 2.0s, D:maj 1.0s, B:min 1.0s"
6483,G:major,"G:maj 2.0s, G:maj9 2.0s, A:min 1.0s, E:aug 1.0s, A:min7 1.0s, D:9 1.0s, D:7 2.0s, D:7 2.0s, G:maj 1.0s, G:maj7 1.0s, G:maj6 1.0s, G:maj 0.5s, E:7 2.0s, E:7 0.5s, E:7 1.5s, A:min 0.5s, A:min 0.5s, E:7 0.5s, A:min 0.5s, A:min6 1.0s, F:maj 0.5s, A:min 1.0s, E:min 0.5s, B:7 0.5s, E:min 1.0s, C:maj 1.5s, D:maj 0.5s, C:min6 2.0s, D:7 2.0s, G:maj 2.0s, G:maj9 2.0s, A:min 1.0s, E:aug 1.0s, A:min7 1.0s, D:9 1.0s, D:7 2.0s, D:7 2.0s, G:maj 1.0s, G:maj7 1.0s, G:maj6 1.0s, G:maj 0.5s, E:7 0.5s, E:7 2.0s, E:7 1.5s, A:min 0.5s, A:min 1.0s, C:min9 1.0s, C:min9 1.0s, C:min 1.0s, G:maj 2.0s, D:9 2.0s"
1372,C:major,"G:maj 3.0s, C:maj 1.0s, G:maj 2.0s, C:maj 1.0s, D:7 1.0s, G:maj 3.0s, C:maj 1.0s, G:maj 1.0s, D:7 1.0s, G:maj 5.0s, C:maj 1.0s, G:maj 2.0s, F:maj 1.0s, D:7 1.0s, G:maj 3.0s, C:maj 1.0s, G:maj 1.0s, D:7 1.0s, G:maj 2.0s, D:maj 2.0s, G:maj 2.0s, D:maj 2.0s, G:maj 5.0s, C:maj 1.0s, G:maj 1.0s, D:7 1.0s, G:maj 2.0s, G:maj 3.0s, C:maj 1.0s, G:maj 2.0s, C:maj 1.0s, D:7 1.0s, G:maj 3.0s, C:maj 1.0s"
711,F:major,"F:maj6(9) 0.5s, F:maj 1.0s, D:min7 1.0s, G:min7 1.0s, C:7 1.0s, F:maj6(9) 1.5s, D:min7 0.5s, G:min7 1.0s, C:7 1.0s, F:maj6(9) 1.0s, A:7 1.0s, D:min 1.0s, G:dim7/b5 1.0s, F:maj6(9)/5 1.0s, F:7 1.0s, Bb:maj 1.0s, D:7/5 1.0s, G:min6 1.0s, C:7 0.3s, Db:dim7 0.7s, D:min6 1.0s, G:7 1.0s, G:min7 2.0s, C:7 1.5s, G:min7 0.5s, F:maj 1.0s, D:min7 1.0s, G:min7 1.0s, C:7 1.0s, F:maj6(9) 1.5s, D:min7 0.5s, G:min7 1.0s, C:7 1.0s, F:maj6(9) 1.0s, A:7 1.0s, D:min 1.0s, G:dim7/b5 1.0s, F:maj6(9)/5 1.0s, F:7 1.0s, Bb:maj 1.0s, D:7/5 1.0s, G:min6 1.0s, C:7 0.3s, Db:dim7 0.7s, D:min6 1.0s, G:7 1.0s, G:min7 1.0s, C:7 1.0s, F:maj6(9) 1.0s, E:7 1.0s, A:maj6(9) 1.0s, F#:min7 1.0s, B:min7 1.0s, E:7 1.0s, A:maj6(9) 1.5s, F#:min7 0.5s, D:min7 1.0s, E:7 1.0s, A:maj6(9) 3.0s, G:7 0.5s"
2009,C:major,"C:maj 1.5s, D:min 1.0s, F:maj 1.0s, G:maj 2.0s, C:maj 2.0s, C:maj 2.0s, D:min 1.0s, F:maj 1.0s, G:maj 2.0s, C:maj 2.0s, D:min 4.0s, F:maj 2.0s, C:maj 2.0s, E:min 4.0s, A:min 1.0s, F:maj 1.0s, C:maj 2.0s"
1492,C:major,"C:maj 2.0s, E:min 2.0s, F:maj 2.0s, C:maj 2.0s, D:min 2.0s, G:7 2.0s, C:maj 6.0s, E:min 2.0s, F:maj 2.0s, C:maj 2.0s, D:min 2.0s, G:7 2.0s, C:maj 4.0s, F:maj 4.0s, C:maj 4.0s, F:maj 2.0s, A:min 4.0s, D:7 2.0s, G:7 2.0s, C:maj 2.0s, E:min 2.0s, F:maj 2.0s, C:maj 2.0s, D:min 2.0s"
3691,Eb:major,"Eb:maj 2.0s, F:7/b7 2.0s, F:min7 1.0s, Bb:sus4(7) 0.5s, Bb:7 0.5s, Eb:maj 1.0s, Bb:sus4(7) 1.0s, Eb:maj 2.0s, F:7/b7 2.0s, Ab:min7 2.0s, Bb:sus4(7) 1.5s, Bb:7 0.5s, Bb:min7 1.5s, Eb:sus4(7) 0.5s, Ab:maj7 2.0s, Bb:min7 1.5s, Eb:sus4(7) 0.5s, Ab:maj7 2.0s, Eb:maj/b7 0.2s, Db:maj 0.8s, Eb:maj/b7 0.2s, Db:maj 0.8s, Db:maj/7 0.2s, Cb:maj 0.8s, Db:maj/b7 0.2s, Cb:maj 0.8s, F:min7 1.0s, G:min7 1.0s, Ab:maj7 1.0s, Bb:7 1.0s, Eb:maj 2.0s, F:7/b7 2.0s, F:min7 1.0s, Bb:sus4(7) 0.5s, Bb:7 0.5s, Eb:maj 1.0s, Bb:sus4(7) 1.0s, Eb:maj 2.0s, F:7/b7 2.0s, Ab:min7 2.0s, Bb:sus4(7) 1.5s, Bb:7 0.5s, Bb:min7 1.5s, Eb:sus4(7) 0.5s, Ab:maj7 2.0s, Bb:min7 1.5s, Eb:sus4(7) 0.5s, F:min7 1.0s, Bb:7 1.0s, Eb:maj 2.0s, F:7/b7 2.0s"
3800,D:major,"D:maj 2.5s, A:maj 0.5s, D:maj 1.0s, D:maj 2.5s, A:maj 0.5s, D:maj 1.0s, B:min 0.5s, A:maj 0.5s, D:maj 0.5s, G:maj 0.5s, B:min 0.5s, A:maj 0.5s, D:maj 0.5s, G:maj 0.5s, D:maj 0.5s, A:maj 0.5s, D:maj 1.0s"
790,F:major,"D:min 1.5s, D:min7/b7 1.5s, Bb:maj6 1.5s, G:min6 1.5s, A:7 1.5s, E:hdim7 1.0s, A:7 0.5s, D:min 3.0s, D:min 1.5s, D:min7/b7 1.5s, Bb:maj6 1.5s, G:min6 1.5s, A:7 1.5s, E:hdim7 1.0s, A:7 0.5s, D:min 1.0s, G:min 0.5s, D:min 1.5s, C:7 3.0s, F:maj 3.0s, E:7/5 1.5s, E:7 1.5s, A:7 1.0s, E:hdim7 0.5s, A:7 1.5s, D:min 1.5s, D:min7/b7 1.5s, Bb:maj6 1.5s, G:min6 1.5s, A:7 1.5s, E:hdim7 1.0s, A:7 0.5s, D:min 1.0s, G:min 0.5s, D:min 1.5s"
1065,Eb:major,"Eb:maj 3.0s, Ab:maj 1.0s, Eb:maj 1.0s, Ab:maj 1.0s, Eb:maj 1.0s, Ab:maj 0.8s, Bb:7 0.2s, Eb:maj 3.0s, Ab:maj 0.5s, Bb:maj 0.5s, Eb:maj 3.0s, B:maj 1.0s, Eb:maj 3.0s, Ab:maj 1.0s, Eb:maj 4.0s, F:min 2.0s, Bb:7 2.0s, Eb:maj 4.0s, Ab:maj 2.0s, Eb:maj 2.0s, Ab:maj 1.0s, Bb:maj 0.5s, Eb:maj 2.5s, Ab:maj 2.0s, Eb:maj 2.0s, F:maj 1.0s, F:7 1.0s, Bb:7 0.8s, Ab:maj 0.8s, Bb:maj 0.5s, Eb:maj 3.0s, Ab:maj 1.0s, Eb:maj 1.0s, Ab:maj 1.0s, Eb:maj 1.0s, Ab:maj 0.8s, Bb:maj 0.2s, Eb:maj 2.0s, F:min 0.5s, Eb:maj 0.5s, Ab:maj 0.5s, Bb:maj 0.5s"
3969,C:major,"C:maj 1.0s, F:maj 0.5s, D:min7 0.5s, C:maj 1.0s, A:min 1.0s, G:maj 1.0s, D:7 1.0s, G:maj 2.0s, C:maj 1.0s, G:7 1.0s, C:maj 0.5s, E:min 0.5s, A:min 0.5s, D:min7 0.5s, C:maj 0.5s, A:min 0.5s, C:maj 0.5s, G:7 0.5s, C:maj 3.5s, C:maj 0.5s, G:maj 1.0s, A:min7 0.5s, D:7 0.5s, G:maj 1.5s, C:maj 0.5s, G:maj 0.5s, E:min 0.5s, G:maj 0.5s, D:7 0.5s, C:maj 3.5s, E:7 0.5s, A:min 0.5s, E:7 0.5s, A:min 1.0s, D:7 1.0s, E:min 0.5s, C:maj 0.5s, G:maj 1.0s, D:7 1.0s, C:maj 1.0s, F:maj 0.5s, D:min7 0.5s, C:maj 1.0s, A:min 1.0s, G:maj 1.0s, D:7 1.0s, G:maj 2.0s, C:maj 1.0s, G:7 1.0s, C:maj 0.5s, E:min 0.5s, A:min 0.5s, D:min7 0.5s, C:maj 0.5s, A:min 0.5s, C:maj 0.5s, G:7 0.5s, C:maj 3.5s, C:maj 0.5s, G:maj 1.0s, A:min7 0.5s, D:7 0.5s, G:maj 1.5s, C:maj 0.5s, G:maj 0.5s, E:min 0.5s, G:maj 0.5s, D:7 0.5s, C:maj 2.0s"
1683,C:major,"C:maj7 6.0s, Eb:min7 1.0s, Ab:9 1.0s, D:min7 2.0s, G:7 2.0s, D:min7 2.0s, G:7 2.0s, C:maj7 6.0s, Eb:min7 1.0s, Ab:9 1.0s, D:min7 2.0s, G:7 2.0s, D:min7 2.0s, G:7 2.0s, G:min7 4.0s, C:sus4(7,9) 2.0s, C:7 2.0s, F:maj7 4.0s, Bb:7 1.0s, A:7 1.0s, Ab:7 1.0s, G:7 1.0s, C:maj7 6.0s, Eb:min7 1.0s, Ab:9 1.0s, D:min7 2.0s, G:7 2.0s"
1361,Eb:major,"Eb:maj 1.0s, Eb:aug 1.0s, Eb:maj6 1.0s, Eb:7 1.0s, Ab:maj 1.0s, Ab:aug 1.0s, Ab:maj6 1.0s, Ab:aug 1.0s, G:min 1.0s, C:min 1.0s, F:min 1.0s, Bb:7 1.0s, G:min 1.0s, C:min 1.0s, F:min 1.0s, Bb:(3,5,b7,9,11,13) 0.8s, Bb:7 0.2s, Eb:maj 1.0s, Eb:aug 1.0s, Eb:maj6 1.0s, Eb:7 1.0s, Ab:maj 1.0s, Ab:aug 1.0s, Ab:maj6 1.0s, Ab:aug 1.0s, G:min 1.0s, C:min 1.0s, F:min 0.8s, Bb:(3,5,b7,9,11,13) 1.2s, Ab:maj 0.9s, Eb:maj/3 1.1s, F:min7 1.0s, Bb:(3,5,b7,9,11,13) 1.0s, Ab:maj 1.0s, Eb:maj/3 1.0s, F:min7 1.0s, Bb:(3,5,b7,9,11,13) 1.0s, Ab:maj 1.0s, Eb:maj/3 1.0s, F:min7 1.0s, Bb:(3,5,b7,9,11,13) 2.0s, G:min 1.0s, C:min 1.0s, F:min 1.0s, Bb:7 1.0s, G:min 1.5s, C:min 0.5s, F:min 1.0s, Bb:(3,5,b7,9,11,13) 1.0s, G:min 1.0s, C:min 1.0s, F:min 1.0s, Bb:(3,5,b7,9,11,13) 0.8s, Bb:7 0.2s, Eb:maj 1.0s, Eb:7 1.0s, C:min 1.0s, F:min7 1.0s, Bb:min7 1.0s, Eb:(3,5,b7,9,11,13) 1.0s, C:min 1.0s"
3327,G:major,"G:9 1.0s, C:9 1.0s, G:maj7 1.0s, C:9 1.0s, G:maj9 1.0s, C:maj7 1.0s, G:maj7 1.0s, C:maj7 1.0s, A:min7 0.8s, G:maj7/3 0.8s, G:maj/3 0.5s, C:9 0.8s, G:maj7 0.8s, G:maj/5 0.5s, E:min7 1.0s, E:min7/4 0.5s, A:9 0.5s, A:min7/4 1.0s, D:9 1.0s, G:9 1.0s, C:9 1.0s, G:maj7 1.0s, C:9 1.0s, G:maj9 1.0s, C:maj7 1.0s, G:maj7 1.0s, C:maj7 1.0s, A:min7 0.8s, G:maj7/3 0.8s, G:maj/3 0.5s, C:9 0.8s, G:maj7 0.8s, G:maj/5 0.5s, E:min7 1.0s, E:min7/4 0.5s, A:9 0.5s, A:min7/4 2.0s, G:maj7 1.0s, F:maj7 1.0s, G:maj7 1.0s, E:min7 1.0s, D:min7 1.5s, D:min7/4 0.5s, C:maj7 1.0s, F:maj7 1.0s, B:min7 1.0s, B:min7/4 1.0s, A:maj7 1.0s, D:maj7 1.0s, A:min7 1.0s, A:min7/4 1.0s, G:maj7 1.0s, C:maj7 1.0s, G:min7 1.0s, G#:min7 1.0s, A:min7 1.0s, A:min7/4 3.0s, G:9 1.0s, C:9 1.0s, G:maj7 1.0s, C:maj7 1.0s, G:maj9 1.0s, C:maj7 1.0s"
283,D:major,"D:maj 1.7s, G:maj 1.0s, D:maj 3.0s, G:maj 1.0s, A:maj 2.0s, G:maj 2.0s, D:maj 1.0s, G:maj 1.0s, D:maj 1.0s, A:maj 1.0s, D:maj 2.0s, B:min 1.0s, G:maj 1.0s, D:maj 1.0s, A:maj 1.0s, B:min 1.0s, G:maj 1.0s, D:maj 1.0s, A:maj 1.0s, D:maj 1.0s, G:maj 1.0s, D:maj 1.0s, G:maj 1.0s, D:maj 1.0s, A:maj 1.0s, D:maj 4.0s"
2735,C:major,"C:maj 1.0s, C:dim 1.0s, D:min7 1.5s, G:7 0.5s, C:maj 1.0s, C:dim 1.0s, D:min7 1.5s, G:7 0.5s, C:maj 0.5s, D:min7 0.5s, C:maj7 0.5s, G:min 0.5s, A:7 1.0s, A:9 1.0s, D:7 1.0s, A:min7 0.5s, D:7 0.5s, G:7 1.5s, A:7(b5) 0.5s, G:maj 1.0s, A:min7 0.2s, D:7 0.5s, G:7 1.8s, C#:dim 0.5s, D:7 1.0s, A:min7 0.5s, D:7 0.5s, G:7 0.5s, G:dim 0.8s, G:7 1.8s, D:min7 1.0s, G:7 1.0s, G:9 1.0s, C:maj 1.0s, E:7 1.0s, A:7 0.8s, A:(3,#5,b7) 0.8s, A:9 0.5s, D:9 1.5s, D:9(b5) 0.5s, G:7 1.0s, G:9 1.0s, C:maj 1.0s, G:min 0.5s, A:9 0.5s, D:7 1.0s, G:7 2.0s, D:min7 1.0s, G:7 1.0s, G:9 1.0s, C:maj 1.0s, E:7 1.0s, A:7 0.8s, A:(3,#5,b7) 0.8s, A:9 0.5s, F:maj 1.0s, B:7 1.0s, C:maj 0.5s, E:7 0.5s, A:7 1.0s, D:9 1.0s, G:7 1.0s, C:maj 0.5s, Eb:dim 0.5s, G:7 2.0s, D:min7 1.0s, G:7 1.0s, G:9 1.0s"
3836,G:major,"A:min7 2.0s, C:min6 2.0s, G:maj/3 2.0s, Bb:dim 2.0s, A:min 2.0s, E:7 2.0s, A:7 2.0s, D:9 1.0s, Ab:dim 1.0s, A:min7 2.0s, C:min6 2.0s, G:maj/3 2.0s, Bb:dim 2.0s, A:min7 2.0s, E:7 2.0s, A:min7 1.0s, D:7(b9) 1.0s, G:maj6(9) 2.0s, D:min7 2.0s, G:7 2.0s, C:maj6(9) 4.0s, A:7 2.0s, A:(3,5,b7,9,11,13) 2.0s, A:min7 2.0s, D:9 1.0s, Ab:dim 1.0s, A:min7 2.0s, C:min6 2.0s, G:maj/3 2.0s, Bb:dim 2.0s, A:min 2.0s, E:7 2.0s"
266,F:major,"F:maj6 0.5s, Eb:7 0.4s, D:7 1.1s, G:min7 1.0s, Bb:min6 1.0s, A:min7 1.0s, Bb:9 0.8s, A:min7 1.2s, D:7(b9) 1.0s, G:min7 1.0s, C:7 1.0s, G:min7 1.0s, C:9 1.0s, F:maj 1.0s, D:7(b9) 1.0s, G:7 1.0s, C:7(b9) 1.0s, F:maj6 0.9s, D:7 1.1s, G:min7 0.9s, Bb:min6 1.1s, A:min7 1.0s, Bb:9 1.0s, A:min7 1.0s, D:7(b9) 1.0s, G:min7 1.0s, C:7 1.0s, G:min7 1.0s, C:9 1.0s, F:maj 1.0s, Eb:7 1.0s, F:maj 2.0s, E:min7 2.0s, A:7 1.0s, A:(3,#5,b7) 1.0s, D:(3,5,b7,9,11) 2.0s, D:9 2.0s, G:7 2.0s, G:(3,#5,b7) 2.0s, G:min7 2.0s, C:7 2.0s, F:maj6 0.5s, Eb:7 0.4s, D:7 1.1s, G:min7 1.0s, Bb:min6 1.0s, A:min7 1.0s, Bb:9 1.0s, A:min7 1.0s, D:7(b9) 1.0s, G:min7 1.0s, C:7 1.0s, G:min7 1.0s, C:9 1.0s"
4230,Eb:major,"Eb:maj7 1.0s, Ab:maj6 1.0s, Eb:maj7 1.0s, Ab:maj6 1.0s, Bb:min7 1.0s, Eb:7 1.0s, Bb:min7 1.0s, A:7 1.0s, Ab:maj7 1.0s, Ab:maj6 1.0s, Ab:min 1.0s, Ab:min6 1.0s, G:min7 1.0s, C:9 1.0s, F:min9 0.5s, Bb:7 1.5s, Eb:maj6 0.5s, Ab:maj6 1.5s, Eb:maj6 1.0s, Bb:sus4(7) 1.0s, Eb:maj7 1.0s, Ab:maj6 1.0s, Eb:maj7 1.0s, Ab:maj6 1.0s, Bb:min7 1.0s, Eb:7 1.0s, Bb:min7 1.0s, A:7 1.0s, Ab:maj7 1.0s, Ab:maj6 1.0s, Ab:min 1.0s, Ab:min6 1.0s, G:min7 1.0s, C:9 1.0s, F:min9 0.5s, Bb:7 1.5s, Eb:maj6 0.5s, Ab:maj6 1.5s, C:min/5 1.0s, Bb:sus4(7) 1.0s, C:min 2.0s, C:min7 1.0s, C:min6 1.0s, G:min 2.0s, D:7 1.0s, G:7 1.0s, C:min 2.0s, C:min7 0.8s, C:min6 1.2s, G:min 1.0s, C:7 1.0s, F:min7 1.0s, Bb:sus4(7) 1.0s, Eb:maj7 1.0s, Ab:maj6 1.0s, Eb:maj7 1.0s, Ab:maj6 1.0s"
3141,G:major,"G:7 1.0s, C:7 1.2s, C:7 0.2s, G:7 1.0s, C:7 9.2s, C:7 0.2s, G:7 1.0s, C:7 1.2s, C:7 0.2s, G:7 1.0s, C:7 1.2s, C:7 0.2s, G:7 1.0s, C:7 0.0s, C:7 3.0s, G:7 1.0s, C:7 0.0s, C:7 1.0s, G:7 1.0s, C:7 1.4s, C:7 0.4s, G:7 1.0s, C:7 0.0s, C:7 1.0s, G:7 1.0s, C:7 3.2s, C:7 0.2s, Eb:7(#11) 1.0s, Eb:7(#11) 1.0s, Db:7(#11) 2.0s, G:7 1.0s, C:7 0.0s, C:7 3.0s, G:7 1.0s, C:7 0.0s, C:7 1.0s, G:7 1.0s, C:7 1.4s, C:7 0.4s, G:7 1.0s, C:7 0.0s, C:7 1.0s, G:7 1.0s, C:7 3.2s, C:7 0.2s, Eb:7(#11) 1.0s, Eb:7(#11) 1.0s, Db:7(#11) 2.0s"
393,C:major,"A:min 1.5s, E:7 1.5s, A:min 3.0s, A:min 1.5s, E:maj 1.5s, A:min 3.0s, A:min 1.5s, E:7 1.5s, A:min 3.0s, A:min 1.5s, E:maj 1.5s, A:min 1.5s, G:maj 1.5s, G:maj 1.5s, A:min 1.5s, E:7 6.0s, A:min 1.5s, E:7 1.5s, A:min 3.0s, A:min 1.5s, E:7 1.5s, A:min 1.5s, G:maj 1.5s, G:maj 1.5s, A:min 1.5s, E:7 6.0s, A:min 1.5s, E:7 1.5s, A:min 3.0s"
2060,Eb:major,"B:7 4.0s, Eb:maj 4.0s, Bb:7 4.0s, Eb:maj 3.0s, Ab:maj 1.0s, Bb:7 4.0s, Eb:maj 4.0s, Bb:7 4.0s, Eb:maj 2.0s, Db:7 2.0s, Eb:maj 2.0s, D:min7 2.0s, C:maj 2.0s, G:7 0.2s, C:maj 1.8s, D:min7 2.0s, C:maj 2.0s, G:7 0.5s, Ab:7 0.5s, D:min7 0.5s, G:7 0.5s, C:maj 1.0s, Ab:maj 1.0s, Bb:7 4.0s, Eb:maj 4.0s, Bb:7 4.0s"
4585,G:major,"G:maj 1.0s, C:maj/3 0.5s, G:maj/3 0.5s, E:min 1.0s, A:min 0.5s, G:maj/3 0.5s, C:maj 0.5s, D:maj 0.5s, D:maj/3 0.5s, D:maj 0.5s, G:maj 0.5s, E:min 0.5s, C:maj 0.5s, G:maj/3 0.5s, E:min 0.5s, E:min/b7 0.5s, C:maj6 0.5s, C#:hdim7 0.5s, D:7 0.5s, G:maj 2.5s, C:maj/3 0.5s, D:maj/3 0.5s, E:min 0.5s, D:maj 0.5s, C:maj/3 0.5s, D:maj/3 0.5s, G:maj 0.5s, D:maj 1.5s, D:7 1.5s, G:maj 0.5s, G:maj/7 0.5s, C:maj/3 0.5s, G:maj/3 1.0s, E:min 0.5s, C:maj6 0.5s, D:maj 1.0s, G:maj 1.0s, C:maj/3 0.5s, G:maj/3 0.5s, E:min 1.0s, A:min 0.5s, G:maj/3 0.5s, C:maj6 0.5s, D:maj 1.5s, G:maj 0.5s, E:min 0.5s, C:maj 0.5s, G:maj/3 0.5s, E:min 0.5s, E:min/b7 0.5s, C:maj6 0.5s, C#:hdim7 0.5s, D:7 0.5s, G:maj 0.5s, G:maj/7 0.5s, C:maj/3 0.5s, D:maj/3 0.5s, E:min7 0.5s, D:maj 0.5s, C:maj/3 0.5s, D:maj/3 0.5s, G:maj 0.5s, D:maj 1.5s, D:7 1.5s, G:maj 0.5s, G:maj/7 0.5s, C:maj/3 0.5s, D:maj/3 0.5s, E:min7 0.5s, D:maj 0.5s, C:maj6 0.5s, D:maj 0.5s, D:7 0.5s, G:maj 1.0s, C:maj/3 0.5s, G:maj/3 0.5s, E:min 1.0s, A:min 0.5s, G:maj/3 0.5s, C:maj6 0.5s, D:maj 1.5s, G:maj 0.5s, E:min 0.5s, C:maj 0.5s, G:maj/3 0.5s, E:min 0.5s, E:min/b7 0.5s, C:maj 0.5s, C#:hdim7 0.5s, D:7 0.5s, G:maj 1.5s, D:maj 0.5s, D:maj/b7 0.5s, E:7/5 0.5s"
4265,Bb:major,"G:min 1.5s, D:7(b9)/4 1.5s, G:min 3.0s, G:min 1.5s, C:min/5 4.5s, G:min 1.5s, G:min/b7 1.5s, Eb:maj7 1.5s, F:7 1.5s, Gb:dim 1.5s, G:min 3.0s, Eb:maj7 1.5s, F:7(b9) 1.5s, Gb:dim 1.5s, G:min 3.0s"
5246,F:major,"F:maj 1.0s, Bb:maj 0.5s, F:maj 0.5s, Bb:maj 1.0s, F:maj 2.0s, Bb:maj 0.5s, F:maj 0.5s, Bb:maj 1.0s, F:maj 1.0s, Bb:maj 1.0s, C:maj 0.5s, Bb:maj 1.5s, C:maj 0.5s, Bb:maj 0.5s, C:7 4.0s, F:maj 2.0s, D:min 2.0s, F:maj 1.5s, D:min 2.5s, F:maj 4.0s, D:min 4.0s, F:maj 2.0s, D:min 2.0s, Bb:maj 1.5s, C:7 0.5s, F:maj 2.0s, D:min 2.0s, F:maj 2.0s, D:min 2.0s"
1471,F#:minor,"F:maj 0.0s, F#:(*3,5) 1.0s, F#:(*3,5) 1.0s, D:maj 0.0s, B:(b3,*5)/b3 1.0s, D:(*3,5) 1.0s, B:(b3,*5)/b3 1.0s, D:(*3,5) 1.0s, A:maj 0.0s, B:(*3,*5,b7)/b7 1.0s, B:(*3,*5,b7)/b7 1.0s, E:maj 0.0s, A:(*3,5)/5 0.0s, A:(*3,5)/5 1.0s, E:(3,*5) 1.0s, F:maj 2.0s, D:maj 2.0s, A:maj 2.0s, E:maj 2.0s, F:maj 2.0s, D:maj 2.0s, A:maj 2.0s, E:maj 2.0s, B:maj 2.0s, D:maj 2.0s, F:maj 1.0s, E:maj 1.0s, D:maj 2.0s, B:maj 2.0s, D:maj 2.0s, F:maj 1.0s, E:maj 1.0s, D:maj 2.0s, F:maj 0.0s, F#:(*3,5) 1.0s, F#:(*3,5) 1.0s, D:maj 0.0s, B:(b3,*5)/b3 1.0s, D:(*3,5) 1.0s, B:(b3,*5)/b3 1.0s, D:(*3,5) 1.0s, A:maj 0.0s, B:(*3,*5,b7)/b7 1.0s, B:(*3,*5,b7)/b7 1.0s, E:maj 0.0s, A:(*3,5)/5 1.0s, E:(3,*5) 1.0s, A:(*3,5)/5 1.0s, E:(3,*5) 1.0s, F:maj 1.0s, F#:(*3,5) 1.0s, D:maj 2.0s, A:maj 2.0s"
4227,Bb:major,"Bb:maj 9.0s, F:7 12.0s, Bb:maj 10.5s, Bb:7 1.5s, Eb:maj 4.5s, E:dim 1.5s, Bb:maj 1.5s, G:7 1.5s, C:7 1.5s, F:7 1.5s, Bb:maj 2.5s, F:min 0.5s, Eb:maj 8.0s, Gb:dim 1.0s, Bb:7 3.0s"
2211,C:major,"F:maj 12.0s, G:min 1.0s, C:7 15.0s, F:maj 4.0s, Bb:maj 4.0s, F:maj 4.0s, G:7 4.0s, C:7 1.0s, G:7 1.0s, C:7 2.0s, F:maj 12.0s"
699,C:major,"C:maj 1.0s, D:7 1.0s, G:maj 2.0s, G:min7 1.0s, C:7 1.0s, F:maj 2.0s, F:min 2.0s, C:maj 2.0s, D:min 1.0s, G:7 1.0s, C:maj 3.0s, D:7 1.0s, G:maj 2.0s, G:min 1.0s, C:7 1.0s, F:maj 2.0s, F:min 2.0s, C:maj 2.0s, D:min 1.0s, G:7 1.0s, C:maj 1.5s, C:7 0.5s, F:maj 2.0s, D:min7 1.0s, G:7 1.0s, C:maj 4.0s, G:maj 2.0s, E:min 1.0s, A:7 1.0s, D:maj 2.0s, D:7 2.0s, G:maj 1.0s, A:7 1.0s, D:maj 2.0s, D:min7 1.8s, G:7 0.2s, C:maj 2.0s, A:min 2.0s, F:maj 2.0s"
1000,C:major,"C:maj 2.0s, G:maj 2.0s, A:min 2.0s, E:min 2.0s, F:maj 2.0s, C:maj 2.0s, F:maj 2.0s, G:maj 2.0s, F:maj 2.0s, C:maj 2.0s, D:maj 2.0s, F:maj 2.0s, G:maj 2.0s, F:maj 2.0s, G:maj 2.0s, F:maj 2.0s, G:maj 2.0s, F:maj 2.0s, G:maj 4.0s, C:maj 4.0s"
931,C:major,"C:maj 2.0s, A:min 2.0s, F:maj 2.0s, G:7 2.0s, C:maj 2.0s, A:min 2.0s, F:maj 2.0s, G:7 2.0s, C:maj 2.0s, A:min 2.0s, F:maj 2.0s, G:7 2.0s, C:maj 2.0s, A:min 2.0s, F:maj 2.0s, G:7 2.0s, C:maj 2.0s, A:min 2.0s, F:maj 2.0s, G:7 2.0s, C:maj 2.0s, A:min 2.0s, F:maj 2.0s, G:7 2.0s, C:maj 2.0s, A:min 2.0s, F:maj 2.0s, G:7 2.0s, C:maj 2.0s, A:min 2.0s"
6535,Bb:major,"G:maj 2.0s, F:(*3,*5) 0.2s, D:maj 1.8s, F:(*3,*5) 0.2s, D:maj 1.8s, C:(*3,*5) 0.2s, Eb:(*3,*5) 0.8s, G:maj 3.0s, F:(*3,*5) 0.2s, D:maj 1.8s, F:(*3,*5) 0.2s, D:maj 1.8s, C:(*3,*5) 0.2s, Eb:(*3,*5) 0.5s, C:(*3,*5) 3.2s, G:maj 1.0s, F:(*3,*5) 1.0s, G:maj 1.0s, F:(*3,*5) 1.0s, G:maj 1.0s, F:(*3,*5) 1.0s, G:maj 1.0s, F:(*3,*5) 1.0s, G:maj 2.0s, D:maj 4.0s, G:maj 4.0s, D:maj 4.0s, G:maj 2.0s, F:(*3,*5) 1.0s, Eb:(*3,*5) 1.0s, D:maj 4.0s, G:maj 2.0s, F:(*3,*5) 1.0s, Eb:(*3,*5) 1.0s, D:maj 4.0s, G:maj 2.0s, F:(*3,*5) 1.0s, D:maj 1.0s"
2902,C:major,"F:maj 8.0s, C:7 16.0s, F:maj 6.0s, C:7 2.0s, F:maj 8.0s, C:7 12.0s, F:maj 2.0s, D:min 2.0s, G:7 2.0s, C:7 2.0s"
5384,C:major,"G:7 0.5s, C:maj 4.0s, D:min 2.0s, D:min7 1.5s, D:min 0.5s, G:7 1.0s, D:min 1.0s, G:7 1.0s, G:maj 1.0s, C:maj 2.0s, C:maj 1.5s, G:7 0.5s, C:maj 4.0s, D:min7 3.5s, D:min7 0.5s, G:7 1.0s, D:min7 1.0s, G:7 2.0s, C:maj 2.0s, D:min7 0.5s, C:maj 1.5s, E:min 2.0s, F:maj 2.0s, C:maj 2.0s, G:7 0.2s, C:maj 0.8s, A:min 1.0s, B:7 2.0s, F:min7 0.2s, B:7 1.8s, E:min 2.0s, G:7 2.0s, C:maj 2.0s, C:maj 2.0s, D:min7 3.0s, G:7 0.5s, D:min7 0.5s, G:7 1.0s, D:min7 1.0s, G:7 1.5s"
585,Bb:major,"Bb:maj 1.0s, F:7 1.0s, Bb:7 1.5s, Bb:(3,#5,b7) 0.5s, Eb:maj/3 2.0s, Eb:maj 1.0s, C:min7 0.5s, C#:dim7 0.5s, Bb:maj/3 1.5s, F:7 0.5s, Bb:maj 1.0s, G:min 1.0s, C:7 2.0s, C:min/4 0.0s, F:7 1.0s, F:7 1.0s, Bb:maj 1.0s, F:7 1.0s, Bb:7 1.5s, Bb:(3,#5,b7) 0.5s, Eb:maj/3 2.0s, Eb:maj 1.5s, C#:dim7 0.5s, Bb:maj/3 1.5s, F:7 0.5s, Bb:maj 1.0s, G:min 1.0s, C:9 0.5s, C:7 1.0s, F:7 0.5s, Bb:maj 0.5s, C:min/4 0.5s, Bb:maj 1.0s, F:min6 1.0s, Bb:maj6 2.5s, B:aug 0.5s, Eb:maj6 1.0s, Eb:maj6/5 1.0s, Eb:maj 1.5s, Eb:maj/5 0.5s, G:min 2.0s, C:7 2.0s, F:maj 1.0s, Eb:maj/9 1.0s, D:min/b3 1.0s, F:9 0.5s, F:7(#5,b9) 0.5s, Bb:maj 1.0s, F:7 1.0s, Bb:7 1.5s, B:(3,#5,b7) 0.5s, Eb:maj/3 2.0s, Eb:maj 1.0s, C:min7 0.5s, C#:dim7 0.5s, Bb:maj/3 1.5s, F:7 0.5s, Bb:maj 1.0s, G:min7 1.0s"
3638,Bb:major,"C:9 2.0s, F:7 2.0s, Bb:maj 2.0s, Db:dim 1.0s, F:7 1.0s, Bb:maj 8.0s, G:min7 1.0s, C:7 1.0s, G:min7 1.0s, C:7 5.0s, F:7 1.0s, B:dim 1.0s, F:7 3.0s, B:dim 0.5s, F:9 2.5s, Bb:maj 2.0s, D:7(b5) 1.0s, G:7 1.0s, C:7 1.5s, F:9 2.5s, Bb:maj 8.0s, G:min7 1.0s, C:7 1.0s, G:min7 1.0s, C:7 5.0s, Bb:maj 4.0s"
3201,F:major,"D:min 1.0s, A:min/4 1.0s, F:maj/6 1.0s, G:maj/5 1.0s, D:min 1.0s, A:min/4 1.0s, F:maj/6 1.4s, G:maj/5 0.6s, D:min 2.0s, A:min/b3 2.0s, A:maj/3 2.0s, A:7 2.0s, G:min 2.0s, D:min/b3 2.0s, A:maj/5 2.0s, A:7 2.0s, D:min 2.0s, A:min/b3 2.0s, A:maj/3 2.0s, A:7 2.0s, G:min 2.0s, D:min/b3 2.0s, A:maj/5 2.0s, A:7 2.0s, Bb:maj 2.0s, F:maj 2.0s, C:maj 4.0s, Bb:maj 2.0s, F:maj 2.0s, C:maj 3.5s, A:maj/3 0.5s, D:min 2.0s, A:min/b3 2.0s"
1965,F:major,"F:(*3,*5) 2.0s, Bb:(*3,*5) 2.0s, F:(*3,*5) 6.0s, Bb:(*3,*5) 2.0s, F:(*3,*5) 4.0s, Bb:(*3,*5) 2.0s, B:maj 2.0s, F:(*3,*5) 2.0s, D:maj 2.0s, F:(*3,*5) 2.0s, Bb:(*3,*5) 2.0s, F:(*3,*5) 6.0s, Bb:(*3,*5) 2.0s, F:(*3,*5) 6.0s, Bb:(*3,*5) 2.0s, F:(*3,*5) 4.0s, Bb:(*3,*5) 2.0s, B:maj 2.0s, F:(*3,*5) 2.0s, Bb:(*3,*5) 2.0s, F:(*3,*5) 2.0s, Bb:(*3,*5) 2.0s"
2507,E:major,"E:maj 0.0s, D#:(b3,*5) 1.0s, C#:(b3,*5) 1.0s, D#:(b3,*5) 0.8s, C#:(b3,*5) 0.2s, D#:(b3,*5) 0.5s, C#:(b3,*5) 0.5s, A:maj 0.0s, B:(3,*5) 1.0s, A:(3,*5) 1.0s, B:(3,*5) 0.8s, A:(3,*5) 0.2s, B:(3,*5) 0.5s, A:(3,*5) 0.5s, B:7 0.0s, B:(3,*5)/3 1.0s, A:(3,*5)/3 1.0s, B:(3,*5)/3 0.8s, A:(3,*5)/3 0.2s, G#:(b3,*5)/b3 0.5s, F#:(b3,*5)/b3 0.5s, E:maj 1.0s, E:(3,*5)/3 1.5s, G#:(b3,*5) 0.5s, F#:(b3,*5) 0.5s, E:(3,*5) 0.5s, E:maj 0.0s, D#:(b3,*5) 1.0s, C#:(b3,*5) 1.0s, C#:(b3,*5) 0.5s, C#:(b3,*5) 0.2s, D#:(b3,*5) 0.2s, E:(3,*5) 0.5s, C#:(b3,*5) 0.5s, A:maj 0.0s, B:(3,*5) 1.0s, A:(3,*5) 1.0s, A:(3,*5) 0.5s, B:(3,*5) 0.5s, C#:(b3,*5) 0.5s, D#:(b3,*5) 0.5s, B:(3,*5) 1.0s, A:(3,*5) 1.0s, A:(3,*5) 0.5s, B:(3,*5) 0.5s, C#:(b3,*5) 0.5s, D#:(b3,*5) 0.5s, E:maj 0.0s, A:(3,*5) 1.0s, G#:(b3,*5) 1.0s, G#:(b3,*5) 0.5s, G#:(b3,*5) 0.5s, F#:(b3,*5) 0.5s, E:(3,*5) 0.5s, D#:(b3,*5) 1.0s, C#:(b3,*5) 1.0s, C#:(b3,*5) 0.5s, C#:(b3,*5) 0.2s, D#:(b3,*5) 0.2s, E:(3,*5) 0.5s, C#:(b3,*5) 0.5s, A:maj 0.0s, B:(3,*5) 1.0s, A:(3,*5) 1.0s, A:(3,*5) 0.5s, F#:(b3,*5) 0.5s, E:(3,*5) 0.5s, D#:(b3,*5) 0.5s, G#:(b3,*5) 0.5s, E:(3,*5) 0.5s, D#:(b3,*5) 0.5s, C#:(b3,*5) 0.5s, B:7 0.0s, D#:(b3,*5) 1.0s, E:(3,*5) 1.0s, E:maj 0.0s, D#:(b3,*5) 0.2s, D#:(b3,*5) 1.0s, E:(3,*5) 0.2s, E:(*3,5)/5 1.0s, E:(*3,5)/5 6.0s, B:7 7.7s"
1430,F:major,"F:maj 3.5s, Bb:maj 0.5s, F:maj 2.0s, F:maj7 1.5s, D:min7 1.5s, G:min7 1.5s, C:7 1.5s, F:maj 1.5s, F:7 1.5s, Bb:maj9 1.5s, Bb:min6 1.5s, F:maj 1.5s, C:7 1.5s, F:maj 0.5s, G:min7 0.5s, Bb:maj 0.5s, F:maj/3 0.0s, Ab:dim7 0.8s, G:min7 0.8s, F:maj 3.5s, Bb:maj 0.5s, F:maj 2.0s, F:maj7 1.5s, D:min7 1.5s, G:min7 1.5s, C:7 1.5s, F:maj 1.5s, F:7 1.5s, Bb:maj9 1.5s, Bb:min6 1.5s, F:maj 1.5s, C:7 1.5s, F:maj 0.5s, G:min7 0.5s, G#:dim 0.5s, F:maj/3 0.0s, Bb:maj 0.8s, F:7/5 0.8s, Bb:maj 2.0s, C:maj 1.0s, Bb:min/5 0.5s, F:maj 0.5s, G#:dim 0.5s, F:maj 1.0s, Db:7 0.5s, C:7 1.5s, G:min7 1.0s, C:7 0.5s, F:maj 2.5s, F:7 0.5s"
5746,C:major,"D:min 3.0s, F:maj 1.5s, G:maj 1.5s, D:min 3.0s, F:maj 1.5s, G:maj 1.5s, D:min 3.0s, Bb:maj 1.5s, A:min 1.5s, D:min 3.0s, F:maj 2.0s, G:maj 2.0s, F:maj 2.0s, G:maj 2.0s, Bb:maj 2.0s, A:min 2.0s, D:min 4.0s, D:min 3.0s, F:maj 1.5s, G:maj 1.5s, D:min 3.0s, F:maj 1.5s, G:maj 1.5s, D:min 3.0s, Bb:maj 1.5s, A:min 1.5s, D:min 3.0s, F:maj 2.0s"
348,F:major,"F:maj 6.0s, F:maj 6.0s, C:7 10.0s, C:7 6.0s, F:maj 3.0s, C:7 7.0s, C:7 4.0s, F:7 2.0s, Bb:maj 4.0s, Bb:maj 2.0s, B:dim 2.0s, F:maj 2.0s, D:7 2.0s, G:7 2.0s, C:7 2.0s"
98,G:major,"G:maj 1.0s, B:min 1.0s, Bb:maj 2.0s, A:min 1.0s, D:7 1.0s, G:maj 1.0s, A:min 1.0s, G:maj 1.0s, C:maj 1.0s, G:maj 1.0s, A:min 1.0s, G:maj 1.0s, C:maj 1.0s, F#:min 1.0s, B:maj 1.0s, F#:min 1.0s, B:maj 1.0s, E:min 1.0s, A:min 2.5s, D:7 0.5s, G:maj 1.0s, A:min 1.0s, G:maj 1.0s, C:maj 1.0s, G:maj 1.0s, A:min 1.0s, G:maj 1.0s, C:maj 1.0s, F#:min 1.0s, B:maj 1.0s, F#:min 1.0s, B:maj 1.0s, E:min 1.0s, A:min 1.0s, D:7 1.2s, F:7 0.8s, Bb:maj 0.5s, G:min 1.5s, C:min 1.0s, D:7 1.0s, G:min 2.0s, C:min 1.0s, D:7 1.0s, G:maj 1.0s, A:min 1.0s, G:maj 1.0s, C:maj 1.0s, G:maj 1.0s, A:min 1.0s, G:maj 1.0s, C:maj 1.0s, F#:min 1.0s, B:maj 1.0s, F#:min 1.0s, B:maj 1.0s, E:min 1.0s, A:min 1.0s"
406,G:major,"A:min7 2.0s, D:7 2.0s, G:maj7 2.0s, C#:hdim7 1.0s, F#:7 1.0s, F:maj7 2.0s, B:min7 1.0s, E:7 1.0s, A:min7 1.0s, D:7(b9) 1.0s, G:maj7 1.0s, E:7(b9) 1.0s, A:min7 2.0s, D:7 2.0s, G:maj7 2.0s, C#:hdim7 1.0s, F#:7 1.0s, F:maj7 2.0s, B:min7 1.0s, E:7 1.0s, A:min7 1.0s, D:7(b9) 1.0s, A:min7 1.0s, D:7(b9) 1.0s, G:maj7 2.0s, D:7(b5) 0.5s, D:7 1.5s, G:maj7 1.0s, E:min 1.0s, C#:min7 1.0s, F#:7 1.0s, B:maj7 1.0s, G#:min7 1.0s, C#:min7 0.5s, F#:7 1.5s, B:7 1.0s, E:7(b9) 1.0s, E:min7 1.0s, A:7 1.0s, A:min7 2.0s, D:7 2.0s, G:maj7 2.0s, B:hdim7 1.0s, E:7(b9) 1.0s, A:min7 2.0s, D:sus4(7,9) 1.0s, Ab:7 1.0s"
4313,C:major,"G:maj 1.0s, G:maj/7 1.0s, G:maj/b7 1.0s, C:maj/3 1.0s, C:min/b3 1.0s, G:maj/5 1.0s, C#:dim7 1.0s, D:maj/b7 0.5s, D:maj 0.5s, G:maj7 1.0s, A:min7 1.0s, B:min7 1.0s, A:min7 1.0s, G:maj 1.0s, G:maj/7 1.0s, G:maj/b7 1.0s, C:maj/3 1.0s, C:min/b3 1.0s, G:maj/5 1.0s, C#:dim7 1.0s, D:maj/b7 0.5s, D:maj 0.5s, G:maj7 1.0s, A:min7 1.0s, B:min7 1.0s, A:min7 1.0s, G:min7 3.0s, C:9 1.0s, F:maj7 2.0s, E:min7 1.0s, A:7 1.0s, D:7 2.0s, G:maj7 2.0s, D:min7 2.0s, G:7 2.0s, C:maj7 1.0s, A:min7 1.0s, D:min7 1.0s, G:(3,5,b7,9,11,13) 1.0s, C:maj7 1.0s, A:min7 1.0s, D:min 1.0s, G:7 1.0s, C:maj7 2.0s, A:min7 2.0s, D:(b3,5,b7,9,11) 2.0s, G:7 1.0s, F#:hdim7 0.5s, G:7/b7 0.5s, C:maj/3 1.0s, Eb:dim7 1.0s, D:min7 1.0s, G:7 1.0s"
3070,Bb:major,"Bb:maj(2) 2.0s, Eb:maj7 2.0s, Bb:maj7 2.0s, C:min7 1.0s, F:(3,5,b7,9,b9,11,13) 1.0s, Bb:maj 1.8s, Bb:dim7 0.2s, C:min7 1.5s, F:7 2.0s, Eb:maj/9 0.5s, Bb:maj 3.0s, Bb:7 1.0s, Eb:maj 1.0s, E:dim7 1.0s, Bb:maj/5 1.0s, F:7 1.0s, Bb:maj 3.8s, Bb:dim7 0.2s, C:min7 3.5s, Eb:maj/9 0.5s, Bb:maj 3.0s, Bb:7 1.0s, Eb:maj 1.0s, E:dim7 1.0s, Bb:maj/5 1.0s, F:7 1.0s, Bb:maj 2.0s, Bb:maj 1.8s, Bb:dim7 0.2s, C:min7 1.5s, F:7 2.0s, Eb:maj/9 0.5s, Bb:maj 3.0s, Bb:7 1.0s, Eb:maj 1.0s, E:dim7 1.0s, Bb:maj/5 1.0s, F:7 1.0s, Bb:maj 3.8s, Bb:dim7 0.2s, C:min7 2.0s"
5223,C:major,"C:maj 1.5s, A:7 1.5s, D:min 3.0s, D:min7 1.5s, G:7 1.5s, C:maj 4.5s, B:7 1.5s, G:7 3.0s, D:min 3.0s, D:7 1.5s, G:maj 1.5s, C:maj 1.5s, A:7 1.5s, D:min 3.0s, D:min7 1.5s, G:7 1.5s, C:maj 1.5s, C:7 1.5s, F:maj 1.5s, E:7 1.5s, A:min 1.5s, D:7 1.5s, C:maj 1.5s, G:7 1.5s, C:maj 3.0s"
3962,C:major,"C:maj7 1.0s, Bb:maj7 1.0s, C:maj7 1.0s, Bb:maj7 1.0s, C:maj7 0.5s, A:min7 0.5s, D:min7 0.5s, G:7 0.5s, E:min7 1.0s, A:7(b9) 1.0s, F#:min7(b5) 1.0s, F:min7 1.0s, A:min7 1.0s, D:7 1.0s, D:min7 1.0s, G:7 1.0s, C:maj7 1.0s, Bb:maj7 1.0s, C:maj7 1.0s, Bb:maj7 1.0s, C:maj7 1.0s, Bb:maj7 1.0s, C:maj7 0.5s, A:min7 0.5s, D:min7 0.5s, G:7 0.5s, E:min7 1.0s, A:7(b9) 1.0s, F#:min7(b5) 1.0s, F:min7 1.0s, A:min7 1.0s, D:7 1.0s, D:min7 1.0s, G:7 1.0s, C:maj7 2.0s, G:min7 1.0s, C:maj6(9) 1.0s, G:min7 1.0s, C:maj6(9) 1.0s, G:min7 1.0s, C:maj6(9) 1.0s, G:min7 1.0s, C:maj6(9) 1.0s, C:min7 1.0s, F:maj7 1.0s, C:min7 1.0s, F:maj7 1.0s, F#:min7 0.5s, B:7 0.5s, E:maj7 1.0s, A:min7 1.0s, D:7 1.0s, G:maj7 1.0s, F:maj7 1.0s, C:maj7 1.0s, Bb:maj7 1.0s, C:maj7 0.5s, A:min7 0.5s, D:min7 0.5s, G:9 0.5s, E:min7 1.0s, A:7(b9) 1.0s, F#:min7(b5) 1.0s, F:min7 1.0s, A:min7 1.0s, D:7 1.0s"
252,C:major,"Bb:maj 4.0s, F:maj 4.0s, Bb:maj 4.0s, F:maj 4.0s, D:min 2.0s, A:maj 2.0s, D:min 2.0s, G:7 2.0s, G:min 6.0s, C:7 2.0s, F:maj 2.0s, C:7 2.0s, G:min 2.0s, C:7 2.0s, F:maj 2.0s, C:7 2.0s, G:min 2.0s, C:maj 2.0s, F:maj 4.0s, Bb:maj 2.0s, G:7 2.0s, F:maj 2.0s, C:7 2.0s"
3296,F:major,"C:maj 2.0s, F:(*3,*5) 1.0s, A:maj 1.0s, Bb:(*3,*5) 1.5s, C:maj 0.5s, F:(*3,*5) 1.0s, A:maj 1.0s, Bb:(*3,*5) 0.5s, C:maj 1.5s, F:(*3,*5) 2.0s, Bb:(*3,*5) 2.0s, G:maj 2.0s, C:maj 2.0s, F:(*3,*5) 1.0s, A:maj 1.0s, Bb:(*3,*5) 1.5s, C:maj 0.5s, F:(*3,*5) 1.0s, A:maj 1.0s, Bb:(*3,*5) 0.5s, C:maj 1.5s, F:(*3,*5) 2.0s, Bb:(*3,*5) 2.0s, G:maj 2.0s, F:(*3,*5) 1.5s, F:maj 0.5s, Bb:(*3,*5) 1.0s, Bb:maj 1.0s, A:maj 1.5s, C:maj 0.5s, A:maj 1.0s, G:maj 1.0s, F:maj 2.0s, Bb:(*3,*5) 2.0s, Bb:maj 1.5s, G:maj 0.5s, A:maj 1.0s, G:maj 1.0s, C:maj 2.0s, F:(*3,*5) 1.0s, A:maj 1.0s, Bb:(*3,*5) 1.5s, C:maj 0.5s, F:(*3,*5) 1.0s, A:maj 1.0s, Bb:(*3,*5) 0.5s, C:maj 1.5s, F:(*3,*5) 2.0s"
1350,Eb:major,"Bb:7 1.5s, Eb:maj 3.0s, E:dim7 1.0s, Bb:7/5 2.0s, Bb:7 2.0s, F:min7 3.0s, Bb:7 1.0s, Eb:maj 2.0s, F:min7 1.0s, Bb:sus4(7) 1.0s, Eb:maj 3.0s, E:dim7 1.0s, Bb:7/5 2.0s, Bb:7 2.0s, F:min7 2.0s, Bb:7 2.0s, Eb:maj 2.0s, Bb:7 2.0s, Eb:maj 3.0s, E:dim7 1.0s, Bb:7/5 2.0s, Bb:7 2.0s, F:min7 3.0s, Bb:7 1.0s, Eb:maj 2.0s, F:min7 1.0s, Bb:7 1.0s, Eb:maj 3.0s, E:dim7 1.0s, Bb:7/5 2.0s, Bb:7 2.0s, F:min7 2.0s, Bb:7 0.5s"
292,Bb:major,"D:7 1.5s, G:min 1.5s, A:maj 0.7s, A:maj 0.8s, D:maj 1.5s, D:7 1.5s, G:min 1.5s, A:7 0.8s, A:7 0.8s, D:maj 3.0s, D:7 1.5s, G:min 1.5s, D:7 3.0s, G:min 1.5s, D:7 1.5s, G:min 3.0s, D:7 1.5s, G:min 1.5s, D:7 3.0s, G:min 1.5s, D:7 1.5s, G:min 1.5s"
2335,G:minor,"G:min 4.0s, Eb:7 1.0s, D:(3,#5,b7) 1.0s, G:min7 2.0s, C:7 2.0s, F:sus4(7,9) 2.0s, Bb:maj6 2.0s, D:(3,#5,b7) 2.0s, G:min 4.0s, Eb:7 1.0s, D:(3,#5,b7) 1.0s, G:min7 2.0s, C:7 2.0s, F:sus4(7,9) 2.0s, Bb:maj6 4.0s, F:min7 2.0s, Bb:7 2.0s, Eb:maj7 4.0s, C:7 4.0s, F:7 2.0s, F:9 1.5s, D:(3,#5,b7) 0.5s, G:min 4.0s, Eb:7 1.0s, D:(3,#5,b7) 1.0s, G:min7 2.0s, C:7 2.0s, F:sus4(7,9) 2.0s"
3250,C:minor,"C:min 7.5s, G:maj 1.5s, C:maj 4.5s, G:maj 4.5s, C:min 3.0s, F:min 4.5s, C:min 6.0s, F:min 3.0s, C:min 1.5s, G:maj 3.0s, C:min 0.5s, F:min 1.0s, C:min 1.5s, G:maj 1.5s, C:min 1.5s"
3954,F:major,"A:7 4.0s, D:min 4.0s, A:7 4.0s, Bb:maj 4.0s, G:min6 4.0s, D:min 4.0s, A:7 4.0s, D:min 4.0s"
5720,Eb:major,"Eb:maj 4.0s, Eb:min7 2.0s, Ab:7 2.0s, F:min7 4.0s, Ab:min7 2.0s, Db:7 2.0s, Eb:maj/3 2.0s, F#:min7 1.0s, B:7 1.0s, F:min7 2.0s, Bb:7 2.0s, Eb:maj/3 2.0s, F#:min7 1.0s, B:7 1.0s, F:min7 1.8s, Bb:7 0.2s, Bb:7 2.0s, Eb:maj 4.0s, Eb:min7 2.0s, Ab:7 2.0s, F:min7 4.0s, Ab:min7 2.0s, Db:7 2.0s, Eb:maj/3 2.0s, F#:min7 1.0s, B:7 1.0s, F:min7 2.0s, Bb:7 2.0s, Eb:maj/3 2.0s, F#:min7 1.0s, B:7 1.0s"
1508,E:major,"E:maj 7.7s, A:(2,5) 1.0s, A:maj 0.5s, C#:min/b6 0.5s, B:maj 2.0s, E:maj 4.0s, A:(2,5) 1.0s, A:maj 0.5s, C#:min/b6 0.5s, B:maj 2.0s, F#:min7 2.0s, A:maj 2.0s, C#:min7 2.0s, A:maj 2.0s, D:maj 2.0s, A:maj/3 1.0s, A:maj 1.0s, E:maj 2.0s, D:maj 1.0s, A:maj/3 1.0s, E:maj 2.0s, B:maj 2.0s, C#:min 2.0s, A:maj 1.0s, A:(2,5) 1.0s, E:maj 2.0s, B:maj 2.0s, C#:min 2.0s, A:maj 1.0s, A:(2,5) 1.0s, E:maj/3 2.0s, F#:min 2.0s, D:maj(9) 1.0s, A:maj/3 1.0s, E:maj 2.3s"
3803,C:major,"D:min7 2.0s, F:min6 1.0s, G:7 1.0s, C:maj 3.0s, E:min 1.0s, A:min 2.0s, D:7 1.0s, G:7 1.0s, C:maj 4.0s, D:min7 2.0s, F:min6 1.0s, G:7 1.0s, C:maj 3.0s, E:min 1.0s, A:min 2.0s, D:7 1.0s, G:7 1.0s, C:maj 1.0s, F:maj 1.0s, C:maj 2.0s, A:min 2.0s, F:7 2.0s, A:min6 2.0s, F:7 2.0s, A:min 2.0s, A:dim 1.0s, B:7 1.0s, E:maj 1.0s, A:dim 1.0s, G:7 2.0s, D:min7 2.0s, F:min6 1.0s, G:7 1.0s, C:maj 3.0s, E:min 1.0s, A:min 2.0s, D:7 1.0s, G:7 1.0s"
1806,C:major,"C:maj 10.0s, A:7 2.0s, G:7 16.0s, C:maj 2.0s, G:7 2.0s, C:7 4.0s, F:maj 4.0s, D:7 4.0s, G:7 4.0s, C:maj 4.0s, D:7 4.0s, D:min7 2.0s, G:7 2.0s"
3633,Ab:major,"F:min 0.2s, C:min 0.2s, Db:maj 0.1s, Ab:maj 0.1s, Ab:maj 0.1s, Ab:maj 0.2s, Ab:maj 0.1s, Bb:min 0.5s, Eb:maj 0.5s, F:min 0.1s, C:min 0.1s, C:min 0.1s, C:min 0.2s, C:min 0.1s, Db:maj 0.1s, Ab:maj 0.1s, Ab:maj 0.1s, Ab:maj 0.7s, Ab:maj 0.1s, Eb:maj 0.5s, F:min 0.1s, C:min 0.1s, C:min 0.1s, C:min 0.2s, C:min 0.1s, Db:maj 0.1s, Ab:maj 0.1s, Ab:maj 0.1s, Ab:maj 0.2s, Ab:maj 0.1s, Bb:min 0.5s, Eb:maj 0.5s, F:min 0.1s, C:min 0.1s, C:min 0.1s, C:min 0.2s, C:min 0.1s, Db:maj 0.1s, Ab:maj 0.1s, Ab:maj 0.1s, Ab:maj 0.8s, Ab:maj 0.1s, Eb:maj 0.5s, F:min 0.5s, Db:maj 0.5s, Ab:maj 0.5s, Eb:maj 0.5s, Eb:maj 0.5s, F:min 0.5s, Db:maj 0.5s, Ab:maj 0.5s, Eb:maj 0.5s, F:min 0.1s, C:min 0.1s, C:min 0.1s, C:min 0.2s, C:min 0.1s, Db:maj 0.1s, Ab:maj 0.1s, Ab:maj 0.1s, Ab:maj 0.2s, Ab:maj 0.1s, Bb:min 0.5s, Eb:maj 0.5s, F:min 0.1s, C:min 0.1s, C:min 0.1s, C:min 0.3s, C:min 0.1s, Db:maj 0.1s, Ab:maj 0.1s, Ab:maj 0.1s, Ab:maj 0.8s, Ab:maj 0.1s, Eb:maj 0.5s, F:min 0.5s, Db:maj 0.5s, Ab:maj 0.5s, Eb:maj 0.5s, F:min 0.5s, Db:maj 0.5s, Ab:maj 0.5s, Eb:maj 0.5s, F:min 0.5s, Db:maj 0.5s, Ab:maj 0.5s, Eb:maj 1.0s, F:min 0.1s, C:min 0.1s, C:min 0.1s, C:min 0.2s, C:min 0.1s, Db:maj 0.1s, Ab:maj 0.1s, Ab:maj 0.1s, Ab:maj 0.2s, Ab:maj 0.1s, Bb:min 0.5s, Eb:maj 0.5s, F:min 0.1s, C:min 0.1s, C:min 0.1s, C:min 0.2s, C:min 0.1s, Db:maj 0.1s, Ab:maj 0.1s, Ab:maj 0.1s, Ab:maj 0.8s, Ab:maj 0.1s, Eb:maj 0.5s, F:min 0.5s, Db:maj 0.5s, Ab:maj 0.5s, Eb:maj 0.5s, F:min 0.5s, Db:maj 0.5s, Ab:maj 0.5s, Eb:maj 0.5s, Eb:maj 0.5s, F:min 0.5s, Db:maj 0.5s, Ab:maj 0.5s, Eb:maj 0.5s, F:min 0.5s, Db:maj 0.5s, Ab:maj 0.5s, Eb:maj 0.5s"
114,G:major,"E:min 2.0s, A:min 1.0s, E:min 1.0s, A:min 1.0s, E:min 2.0s, E:min 1.0s, E:min 1.5s, E:maj 0.5s, A:min 1.0s, E:min 2.0s, E:min 2.0s, E:min 1.0s, C:maj 2.0s, D:maj 1.0s, G:maj 1.0s, C:maj 2.0s, D:maj 1.0s, G:maj 2.0s, E:min 1.0s, A:min 0.5s, D:7 0.5s, G:maj 2.0s, E:min 2.0s, C:maj 1.0s, A:min 1.0s, E:min 1.0s, A:min 0.5s, D:7 0.5s, G:maj 1.0s, A:maj 1.0s, E:maj 0.5s, A:7 0.5s, A:min 1.0s, E:min 9.0s"
3106,Eb:major,"Eb:(5) 12.0s, Eb:maj 4.0s, Bb:maj 4.0s, C:min7 4.0s, Ab:maj 4.0s, F:7 4.0s, Ab:maj 4.0s, Eb:maj 4.0s, Bb:maj 4.0s, C:min 4.0s, Ab:maj 2.0s, Bb:7 2.0s, Eb:maj 8.0s"
5301,G:major,"G:maj 6.0s, E:7 2.0s, A:7 2.0s, D:7 2.0s, G:maj 2.0s, E:min 1.0s, D:7 1.0s, G:maj 6.0s, E:7 2.0s, A:7 2.0s, D:7 2.0s, G:maj 6.0s, D:min 2.0s, C:maj 4.0s, A:7 4.0s, D:7 4.0s, G:maj 6.0s, E:7 2.0s, A:7 2.0s, D:7 2.0s"
3096,C:major,"C:maj 4.5s, C:dim 1.5s, D:7 3.0s, G:7 3.0s, C:maj 1.5s, F:maj 1.0s, F:min 0.5s, C:maj 3.0s, F:maj 1.5s, F:min 1.5s, C:maj 4.5s, F:maj 1.0s, F:min 0.5s, C:maj 3.0s, D:7 3.0s, G:7 6.0s, C:maj 3.0s, F:maj 1.5s, F:min 1.5s, C:maj 3.0s, D:7 3.0s, G:7 3.0s, D:7 3.0s, G:7 1.5s, C:maj 1.5s"
2149,C:major,"B:7 0.5s, C:7 0.5s, C#:7 0.5s, D:7 4.0s, G:7 4.0s, A:min7 1.5s, B:7 2.0s, G:maj 0.5s, A:min7 1.5s, F:aug 2.0s, A:min7 0.5s, D:7 4.0s, G:7 4.0s, C:maj 3.0s, F:min 1.0s, C:maj 1.0s, G:7 0.5s, G:maj 1.0s, A:min 0.5s, C:min6 1.0s, D:7 4.0s, G:7 4.0s, A:min7 1.5s, B:7 1.5s, G:min6 1.0s, A:7 1.5s, D:7 1.5s, C:dim 0.5s, B:maj 0.5s, A:min7 1.5s, F:aug 2.0s, A:7 0.5s, D:7 2.0s, F:min 1.0s, G:7 1.0s, C:maj 1.5s, F:maj 0.5s, G:7 0.5s"
5008,G:major,"G:maj 1.0s, E:min 1.0s, A:min7 1.0s, D:7 1.0s, G:maj 1.0s, E:min 1.0s, A:min7 1.0s, D:7 1.0s, G:maj 1.0s, E:min 1.0s, A:min7 1.0s, D:7 1.0s, G:maj 1.0s, E:min 1.0s, A:min7 1.0s, D:7 1.0s, A:min7 1.0s, D:7 1.0s, G:maj 1.0s, E:min 1.0s, A:min7 1.0s, D:7 1.0s, G:maj 2.0s, A:min7 1.0s, D:7 1.0s, G:maj 1.0s, E:min 1.0s, A:min7 2.0s, D:7 2.0s, G:maj 1.0s, E:min 1.0s, A:min7 1.0s, D:7 1.0s, G:maj 1.0s, E:min 1.0s, A:min7 1.0s, D:7 1.0s, G:maj 1.0s, E:min 1.0s, A:min7 1.0s, D:7 1.0s, G:maj 1.0s, E:min 1.0s, A:min7 1.0s, D:7 1.0s, A:min7 1.0s, D:7 1.0s, G:maj 1.0s, E:min 1.0s, A:min7 1.0s, D:7 1.0s, G:maj 2.0s, A:min7 1.0s, D:7 1.0s, G:maj 1.0s, E:min 1.0s"
306,Bb:major,"F:maj 0.5s, Bb:maj 6.0s, D:min 1.0s, G:7 1.0s, Eb:maj6 1.0s, Eb:7 1.0s, Bb:maj 2.0s, F:maj 2.0s, Bb:maj 0.5s, Ab:7 0.5s, G:7 1.0s, C:min/b3 1.0s, Eb:7 1.0s, Bb:maj 2.0s, F:7 2.0s, Bb:maj 1.0s, C:min7 1.0s, F:maj 2.0s, Bb:maj 2.0s"
3225,C:major,"G:maj 1.0s, F:maj 1.0s, G:maj 2.0s, G:maj 1.0s, F:maj 1.0s, G:maj 2.0s, G:maj 2.0s, D:maj 2.0s, F:maj 1.0s, D:min 1.0s, C:maj 1.0s, A:min 1.0s, C:maj 1.0s, A:min 1.0s, F:maj 1.0s, D:min 1.0s, B:maj 2.0s, G:maj 2.0s, C:maj 2.0s, E:min 2.0s, C:maj 2.0s, F:maj 2.0s, D:min 2.0s, C:maj 2.0s, G:maj 2.0s, D:min 2.0s, F:min 2.0s, E:min 6.0s, G:maj 2.0s, D:maj 2.0s, F:maj 1.0s, D:min 1.0s, C:maj 0.8s, A:min 1.2s, C:maj 1.0s, A:min 1.0s, F:maj 0.8s, D:min 1.2s"
2475,Ab:major,"Eb:7 0.5s, Ab:maj 0.8s, Ab:maj/b7 1.2s, Db:maj/3 1.0s, E:7 1.0s, Ab:maj6 1.0s, A:dim 1.0s, Bb:min7 0.5s, E:7 0.5s, Eb:7 1.0s, Ab:maj 1.0s, Ab:7/3 1.0s, Db:maj 1.0s, Bb:hdim7 1.0s, Ab:maj6 0.5s, Eb:9/5 0.5s, B:dim 0.5s, Ab:maj6/3 0.5s, Bb:min7 0.5s, Eb:(3,#5,b7) 0.2s, Ab:maj 1.2s, Ab:maj 1.0s, Ab:maj/b7 1.0s, Db:maj6/3 1.0s, Eb:7 1.0s, Db:maj 1.0s, Ab:maj/3 1.0s, Bb:min7 1.0s, Eb:7 1.0s, Ab:maj 1.0s, Ab:maj/b7 1.0s, Db:maj6/3 1.0s, Eb:7 1.0s, Ab:maj 0.5s, A:dim 0.5s, Bb:min7 0.5s, Eb:7 0.2s, Ab:maj 0.2s, A:dim 1.0s, Bb:min7 0.0s, Eb:7 1.0s, Ab:maj 1.0s, Ab:maj/b7 1.0s, Db:maj6/3 1.0s, Eb:7 1.0s, Db:maj 1.0s, Ab:maj/3 1.0s, Bb:min7 1.0s, Eb:7 1.0s, Ab:maj 1.0s, Ab:maj/b7 1.0s, Db:maj6/3 1.0s, Eb:7 1.0s, Ab:maj 0.5s, A:dim 0.5s, Bb:min7 0.5s, Eb:7 0.2s, Ab:maj 1.2s, Ab:7 1.0s, Db:maj6 1.0s, Eb:min7 1.0s, Bb:min7/5 1.0s, Eb:(3,5,b7,9,11) 0.2s, Eb:(3,#5,b7) 0.5s, Ab:maj6 3.2s, Ab:7 1.0s, Db:maj6 0.8s, Eb:min7 1.2s, E:dim 1.0s, Db:maj6/3 0.5s"
5302,G:major,"E:7 4.0s, A:maj 4.0s, D:7 4.0s, G:maj 1.0s, G#:dim 1.0s, A:min7 1.0s, D:7 1.0s, E:7 4.0s, A:7 8.0s, D:7 4.0s, E:7 4.0s, A:maj 4.0s, D:7 3.5s, C:7 0.5s, B:7 4.0s, E:9 1.0s, F:9 1.0s, E:7 2.0s, A:7 4.0s, G:maj 0.5s, G:aug 1.0s, E:min 0.5s, A:7 1.0s, D:7 1.0s"
3746,C:major,"G:maj 2.0s, E:min 2.0s, G:maj 2.0s, D:7 2.0s, C:7 2.0s, E:min 2.0s, G:maj 1.0s, D:7 1.0s, G:maj 1.5s, E:min 0.5s, G:maj 2.0s, E:min 2.0s, G:maj 2.0s, D:7 2.0s, C:7 2.0s, E:min 2.0s, G:maj 1.0s, D:7 1.0s, G:maj 2.0s, D:min7 2.0s, G:7 2.0s, C:maj 1.0s, G:7 1.0s, C:maj 2.0s, E:min7 2.0s, A:7 2.0s, D:7 4.0s, G:maj 2.0s, E:min 2.0s, G:maj 2.0s, D:7 2.0s, C:7 2.0s, E:min 2.0s"
1761,Eb:major,"Eb:maj 2.0s, G:min 1.0s, C:min 1.0s, F:min 2.0s, Bb:7 2.0s, Eb:maj 2.0s, G:min 1.0s, C:min 1.0s, F:min 2.0s, Bb:7 2.0s, Eb:maj 2.0s, C:min 2.0s, F:9 1.0s, F:7 1.0s, F:9 3.0s, F:7 1.0s, F:9 1.5s, F:7 0.5s, Bb:7 2.0s, Bb:(3,#5,b7) 2.0s, Eb:maj 2.0s, G:min 1.0s, C:min 1.0s, F:min 2.0s, Bb:7 2.0s, Eb:maj 2.0s, G:min 1.0s, C:min 1.0s, F:min 2.0s, Bb:7 2.0s, Eb:maj 2.0s, C:7 2.0s, F:9 1.0s, F:7 1.0s, B:maj 1.5s, Bb:7 0.5s, Eb:maj 2.0s, G:min 1.0s, C:7 1.0s"
6133,F:major,"F:maj 2.0s, F:maj6 2.0s, E:maj 2.0s, D:dim 1.5s, C:7 0.5s, F:maj 2.0s, F:maj6 2.0s, C:9 2.0s, C:7 2.0s, F:maj 2.0s, F:7 2.0s, Bb:maj 2.0s, Bb:min6 2.0s, F:maj 2.0s, C:7 2.0s, F:maj 3.5s, F:7 0.5s, Bb:maj 2.0s, Db:7 2.0s, F:maj 4.0s, Bb:maj 2.0s, Db:7 2.0s, C:9 2.0s, C:7 2.0s, F:maj 2.0s, F:7 2.0s, Bb:maj 2.0s, Bb:min6 2.0s, F:maj 2.0s, E:maj 1.0s, C:7 1.0s"
2845,Bb:major,"Bb:maj 3.0s, Bb:maj7 1.0s, A:7 4.0s, Bb:maj 2.0s, D:min7 1.0s, G:9 1.0s, G:7 4.0s, Eb:maj 3.0s, Eb:min 1.0s, Bb:maj 1.0s, A:7 0.5s, D:min7 0.5s, G:7 2.0s, C:7 2.0s, G:min7 2.0s, C:min7 2.0s, F:7 1.0s, Gb:dim7 1.0s, Bb:maj 3.0s, Bb:maj7 1.0s, A:7 4.0s, Bb:maj 2.0s, D:min7 1.0s, G:9 1.0s, G:7 4.0s, Eb:maj 3.0s, Eb:min 1.0s, Bb:maj 1.0s, A:7 0.5s, D:7 1.5s, G:min7 1.0s, C:min7 2.0s, F:7(b9) 2.0s"
6593,F:major,"F:maj 4.0s, Bb:maj 2.0s, F:maj 6.0s, G:7 2.0s, C:7 4.0s, F:maj 4.0s, Bb:maj 2.0s, F:maj 6.0s, C:7 2.0s, F:maj 4.0s, G:7 4.0s, C:maj 4.0s, G:7 4.0s, C:maj 4.0s, A:7 4.0s, D:min 4.0s"
4796,Eb:major,"Ab:maj7 1.8s, Db:9 2.0s, Eb:maj 2.0s, G:min7 0.8s, C:9 1.2s, F:7 2.0s, F:min7 1.2s, Bb:7 0.8s, D:min 2.0s, Ab:min 1.5s, G:7 0.8s, Ab:maj7 1.8s, Db:9 2.0s, Eb:maj 2.0s, G:min7 0.8s, C:9 1.2s, F:7 2.0s, F:min7 1.3s, Bb:7 0.8s, D:min 2.0s, Eb:9 3.5s, Eb:aug 0.5s, Ab:maj 2.0s, Eb:maj 2.0s, Eb:maj 1.0s, F:min7 0.5s, Bb:7 0.5s, Eb:maj7 2.0s, F:9 4.0s, Bb:7 1.0s, Bb:dim 1.0s, F:min7 1.0s, Bb:7 1.0s, Ab:maj7 2.0s, Db:9 2.0s, Eb:maj 2.0s, G:min7 1.0s, C:9 1.0s, F:7 2.0s, F:min7 0.2s"
3772,C:major,"C:maj 1.0s, C:7 1.0s, F:maj 1.0s, C:maj 2.0s, A:min 1.0s, D:min 1.0s, G:7 1.0s, C:maj 1.0s, C:7 1.0s, F:maj 4.0s, G:7 2.0s, D:7 1.0s, G:7 1.0s, C:maj 2.0s, C:7 4.0s, F:maj 1.0s, C:7 1.0s, F:maj 2.0s, D:7 4.0s, G:7 4.0s, C:maj 1.0s, C:7 1.0s, F:maj 1.0s, C:maj 2.0s, A:min 1.0s, D:min 1.0s, G:7 1.0s, C:maj 1.0s, C:7 1.0s, F:maj 2.0s, D:7 1.0s, G:7 1.0s, C:maj 8.0s"
1984,Bb:major,"G:min 1.5s, G:min/b7 1.5s, Eb:maj 1.5s, Eb:maj/7 1.5s, C:min 1.5s, C#:dim7 1.5s, D:sus4(7) 1.0s, D:7 0.5s, G:min 3.0s, A:min7(b5) 1.0s, A:dim7 2.0s, Bb:maj 1.5s, G:min/b3 1.5s, C:min 1.5s, F:maj/3 1.5s, Bb:maj 1.5s, Eb:maj/3 1.5s, A:dim 1.5s, Bb:maj 1.0s, Eb:maj/5 0.5s, G:min/5 1.0s, Bb:maj 2.0s, B:dim7 1.5s, C:min 1.5s, G:min/b3 1.5s, Ab:maj 1.5s, G:min/5 1.5s, D:7 1.5s, G:min 1.5s, G:min/b7 1.5s, Eb:maj 1.5s, Eb:maj/7 1.5s, C:min 1.5s, C#:dim7 1.5s, D:sus4(7) 1.0s, D:7 0.5s, G:min 3.0s, A:min7(b5) 1.0s, A:dim7 2.0s, Bb:maj 1.5s, G:min/b3 1.5s"
702,F:major,"F:maj 2.0s, G:7 2.0s, C:maj 2.0s, A:7 2.5s, D:7 1.5s, G:7 2.0s, C:maj(4) 1.0s, C:maj 3.0s, F:maj 2.0s, C:maj 2.5s, A:7 1.2s, D:7 2.2s, G:7 2.0s, C:maj 2.0s, F:maj 1.0s, G:min 1.0s, C:maj 1.5s, C:7 1.0s, F:maj 1.5s"
5350,C:major,"A:min 2.0s, E:min 2.0s, D:min 2.0s, A:min 2.0s, E:min 2.0s, A:min 2.0s, F:maj 1.0s, G:maj 1.0s, A:min 1.0s, G:9 1.0s, C:maj 2.0s, E:maj 2.0s, A:min 1.0s, G:maj 1.0s, F:maj 2.0s, D:min 2.0s, C:maj 1.0s, G:maj/3 1.0s, D:min 2.0s, C:maj 1.0s, G:maj/3 1.0s, A:min 1.0s, E:min 1.0s, F:maj 1.0s, G:maj 1.0s, E:min 0.9s, A:min 1.1s, F:maj 1.0s, G:maj 1.0s, A:min 2.0s, E:min 2.0s, D:min 2.0s, A:min 2.0s, E:min 2.0s, A:min 2.0s, F:maj 1.0s, G:maj 1.0s, A:min 1.0s, G:maj 1.0s, C:maj 2.0s, E:maj 2.0s"
3255,C:major,"F:maj 4.0s, Bb:maj 4.0s, C:7 4.0s, F:maj 6.0s, F:7 2.0s, Bb:maj 4.0s, C:7 4.0s, F:maj 8.0s, Bb:maj 4.0s, C:7 4.0s, F:maj 6.0s, F:7 2.0s, Bb:maj 4.0s, C:7 4.0s"
2316,C:major,"F:maj 1.5s, C:7 3.0s, F:maj 1.5s, A:7 1.5s, D:min 1.5s, G:7 1.5s, C:7 1.5s, F:maj 1.5s, C:7 3.0s, F:maj 3.0s, Bb:maj 1.5s, C:7 1.5s, F:maj 1.5s, Bb:maj 1.0s, C:7 0.5s, F:maj 1.5s"
6056,Eb:major,"Eb:maj 8.0s, Bb:7 4.0s, Eb:maj 2.0s, Bb:7 2.0s, Eb:maj 8.0s, Bb:7 4.0s, Eb:maj 9.0s, Bb:7 1.0s, Eb:maj 2.0s, F:maj 2.0s, C:min7 2.0s, Bb:7 4.0s, Eb:maj 6.0s, Eb:maj 1.0s, F:min 1.0s, Bb:7 4.0s"
38,G:major,"A:min7 1.7s, D:7 2.2s, A:min7 1.7s, D:7 2.2s, A:min7 1.8s, D:7 2.2s, A:min7 1.8s, D:7 2.2s, A:min7 1.8s, D:7 2.2s, A:min7 1.8s, D:7 2.2s, A:min7 1.8s, D:7 2.2s, A:min7 1.8s, D:7 2.2s, A:min 3.0s, D:7 1.0s, A:min 1.8s, D:7 2.2s, A:min7 1.8s, D:7 2.2s, A:min7 1.8s, D:7 2.2s, A:min7 1.8s, D:7 2.2s, A:min7 1.8s, D:7 2.2s, A:min7 3.0s, D:7 1.0s"
3485,Eb:major,"Bb:maj 2.0s, Eb:(*3,*5) 1.0s, G:maj 1.0s, Ab:(*3,*5) 1.0s, Bb:(*3,*5) 1.0s, Eb:(*3,*5) 1.0s, G:maj 1.0s, Ab:(*3,*5) 1.0s, Bb:(*3,*5) 1.0s, Eb:(*3,*5) 1.0s, C:maj 1.0s, Ab:(*3,*5) 1.0s, Bb:(*3,*5) 1.0s, Eb:(*3,*5) 1.0s, C:maj 1.0s, Ab:(*3,*5) 1.0s, Bb:(*3,*5) 1.0s, Eb:(*3,*5) 1.0s, G:maj 1.0s, Ab:(*3,*5) 1.0s, Bb:(*3,*5) 1.0s, Eb:(*3,*5) 1.0s, G:maj 1.0s, Ab:(*3,*5) 1.0s, Bb:(*3,*5) 1.0s, Eb:(*3,*5) 1.0s, C:maj 1.0s, Ab:(*3,*5) 1.0s, Bb:(*3,*5) 1.0s, Eb:(*3,*5) 1.0s, C:maj 1.0s, Ab:(*3,*5) 1.0s, Bb:(*3,*5) 1.0s, Ab:(*3,*5) 2.0s, G:maj 2.0s, Ab:(*3,*5) 2.0s, G:maj 2.0s, Ab:(*3,*5) 2.0s, G:maj 2.0s, Ab:(*3,*5) 2.0s, Bb:(*3,*5) 2.0s, Eb:(*3,*5) 1.0s, G:maj 1.0s, Ab:(*3,*5) 1.0s, Bb:(*3,*5) 1.0s, Eb:(*3,*5) 1.0s, G:maj 1.0s, Ab:(*3,*5) 1.0s, Bb:(*3,*5) 1.0s, Eb:(*3,*5) 1.0s, C:maj 1.0s"
5978,Eb:major,"Eb:maj 1.5s, Bb:aug 1.5s, Eb:maj 2.5s, Bb:7 0.5s, Eb:maj 1.5s, Bb:aug 1.5s, Ab:maj 3.0s, F:min7 1.5s, Bb:7 1.5s, Eb:maj 1.0s, Bb:min 0.5s, C:7 1.5s, F:7 3.0s, Bb:7 0.5s, Bb:dim 0.5s, Bb:maj 0.5s, Bb:7 1.5s, Eb:maj 1.5s, Bb:aug 1.5s, Eb:maj 2.5s, Bb:7 0.5s, Eb:maj 1.5s, Eb:7 1.0s, Eb:(3,#5,b7) 0.5s, Ab:maj 2.5s, F:min7 0.5s, Ab:maj 1.5s, C:dim 1.5s, Eb:maj 1.5s, C:7 1.0s, E:maj 0.5s, F:7 1.5s, Bb:7 1.5s, Eb:maj 1.5s, Bb:7 1.5s, Eb:maj 1.5s"
1477,C:major,"C:maj 1.0s, F:maj 1.0s, G:maj 1.0s, C:maj 1.0s, G:maj 4.0s, C:maj 1.0s, G:maj 1.0s, C:maj 1.0s, G:maj 1.0s, G:maj 4.0s, C:maj 1.0s, F:maj 1.0s, G:maj 1.0s, C:maj 1.0s"
1171,C:major,"C:maj 2.0s, G:7 2.0s, C:maj 1.0s, Ab:maj 1.0s, G:7 2.0s, G:maj 1.0s, D:7 1.0s, A:7 2.0s, D:7 1.0s, G:7 1.0s, C:maj 3.0s, Ab:maj 1.0s, G:7 2.0s, C:maj 1.0s, Ab:maj 1.0s, G:7 2.0s, C:maj 1.0s, E:7 1.0s, A:7 2.0s, D:7 1.0s, G:7 1.0s, C:maj 2.0s, F:maj 4.0s, C:maj 4.0s, F:maj 4.0s, C:maj 2.0s, G:7 2.0s, C:maj 1.0s, Ab:maj 1.0s, G:7 2.0s, C:maj 1.0s, Ab:maj 1.0s, G:7 2.0s, C:maj 1.0s, E:7 1.0s, A:7 2.0s"
6062,C:major,"C:maj7 2.0s, F:min7 1.0s, Bb:7 1.0s, C:7 1.0s, Bb:7 1.0s, A:7 2.0s, D:7 2.0s, G:7 2.0s, E:min7 1.0s, A:7 1.0s, D:min7 1.5s, G:7 0.5s, C:maj7 2.0s, F:min7 1.0s, Bb:7 1.0s, C:7 1.0s, Bb:7 1.0s, A:7 2.0s, D:7 2.0s, D:min7 1.0s, G:7 1.0s, C:maj7 2.0s, F#:hdim7 1.5s, B:7(#9) 0.5s, E:min7 2.0s, F#:hdim7 1.0s, B:7(#9) 1.0s, E:min7 2.0s, A:7 2.0s, D:min7 2.0s, E:hdim7 1.0s, A:7(#9) 1.0s, D:7 2.0s, D:min7 1.0s, G:7 1.0s, C:maj7 2.0s, F:min7 1.0s, Bb:7 1.0s, C:7 1.0s, Bb:7 1.0s, A:7 2.0s, D:7 2.0s, D:min7 1.0s, G:7 1.0s"
4949,A:minor,"A:min 4.0s, A:min 4.0s, A:min 2.0s, D:min7 1.5s, G:7 0.5s, C:maj7 2.0s, C#:dim7 2.0s, D:min7 2.0s, G:7 2.0s, C:maj7 2.0s, F:maj7 6.0s, A:min 4.0s, A:min 4.0s, A:min 8.0s, D:min 4.0s, D:min 1.5s, D:min7/b7 2.5s, A:min 1.0s, A:min7/b7 1.0s, F:maj7 6.0s"
2600,F:major,"F:maj 1.0s, C:maj 1.0s, D:min 1.0s, C:maj 1.0s, D:min 1.0s, C:maj 1.0s, D:min 1.0s, A:7 1.0s, G:min 1.0s, Bb:maj 1.0s, G:7 2.0s, C:7 2.0s, G:min 1.0s, Eb:7 1.0s, C:7 2.0s, F:maj 1.5s, C:7 0.5s, F:maj 1.5s, D:7 0.5s, G:7 3.0s, Ab:maj 0.5s, C:7 4.5s, F:maj 5.5s, C:7 0.5s, F:maj 1.5s, D:7 0.5s, G:7 3.0s, Ab:maj 0.5s, C:7 4.5s, F:maj 4.0s, A:7 4.0s, D:min 1.5s, A:7 2.5s, G:7 2.0s"
2696,D:major,"D:maj 2.0s, G:maj 1.0s, D:maj 1.0s, B:min 1.0s, A:7 1.0s, D:maj 2.0s, D:maj 2.0s, G:maj 1.0s, D:maj 1.0s, B:min 1.0s, A:7 1.0s, D:maj 2.0s, D:maj 2.0s, G:maj 1.0s, D:maj 1.0s, B:min 1.0s, A:7 1.0s, D:maj 2.0s, D:maj 2.0s, G:maj 1.0s, D:maj 1.0s, B:min 1.0s, A:7 1.0s, D:maj 2.0s, B:min 2.0s, A:maj 2.0s, C:maj 2.0s, G:maj 2.0s, G:maj 2.0s, D:maj 3.0s, C:maj 1.0s, D:maj 3.0s, C:maj 1.0s, D:maj 2.0s, D:maj 2.0s, G:maj 1.0s, D:maj 1.0s, B:min 1.0s, A:7 1.0s, D:maj 2.0s"
3528,F:major,"F:maj 0.5s, F:maj 1.0s, F:maj 1.0s, F:maj 1.0s, F:maj 0.5s, Bb:maj 0.5s, Bb:maj 1.0s, Bb:maj 0.5s, F:maj 0.5s, F:maj 1.0s, F:maj 1.0s, F:maj 1.0s, F:maj 0.5s, F:maj 0.5s, A:7/5 1.0s, A:7 0.5s, D:min 0.5s, D:min 0.5s, G:min 0.5s, G:min 0.5s, C:7 0.5s, C:(3,*5,b7)/b7 0.5s, F:maj 1.0s, F:maj/3 1.0s, F:maj 4.0s, Bb:maj 2.0s, F:maj 4.5s, A:7 0.5s, D:min 1.0s, G:min 1.0s, C:7 1.0s, F:maj 2.0s, F:maj 4.0s, Bb:maj 2.0s, F:maj 4.5s, A:7 0.5s, D:min 1.0s, G:min 1.0s, C:7 1.0s, F:maj 2.0s, F:maj 0.5s, F:maj 1.0s, F:maj 1.0s, F:maj 1.0s, F:maj 0.5s, Bb:maj 0.5s, Bb:maj 1.0s, Bb:maj 0.5s, F:maj 0.5s, F:maj 1.0s, F:maj 1.0s, F:maj 1.0s, F:maj 0.5s, F:maj 0.5s, A:7/5 0.5s"
6118,Eb:major,"F:min7 1.0s, Bb:7 1.0s, Eb:maj7 2.0s, F:min7 1.0s, Bb:7 1.0s, Eb:maj7 2.0s, A:min7 1.0s, D:7 1.0s, G:maj6 2.0s, A:min7 1.0s, D:7 1.0s, G:maj7 2.0s, G:min 2.0s, F#:dim7 2.0s, F:min7 2.0s, Bb:7 2.0s, Eb:maj7 2.0s, G:hdim7 1.0s, C:7(b9) 1.0s, F:min7 2.0s, Bb:7 2.0s, F:min7 1.0s, Bb:7 1.0s, Eb:maj7 2.0s, F:min7 1.0s, Bb:7 1.0s, Eb:maj7 2.0s, A:min7 1.0s, D:7 1.0s, G:maj6 2.0s, A:min7 1.0s, D:7 1.0s, G:maj7 2.0s, F:min 2.0s, C:min 2.0s, F:min7 1.0s, Bb:7 1.0s, G:hdim7 1.5s, C:7 0.5s, F:min7 2.0s, Bb:9 2.0s"
6352,F:major,"F:7 4.0s, Bb:7 5.0s, Db:7 2.0s, C:7 1.0s, A:7 1.0s, Ab:7 1.0s, G:7 1.0s, Gb:7 1.0s, F:7 4.0s, Bb:7 5.0s, Db:7 2.0s, C:7 1.0s, A:7 1.0s, Ab:7 1.0s, G:7 1.0s, Gb:7 1.0s"
5632,C:major,"G:7 1.0s, C:maj 4.0s, B:7 2.0s, E:7 1.0s, A:7 1.0s, D:min 3.0s, D:min7 1.0s, G:7 1.0s, F#:min/b9 1.0s, G:9 1.0s, G:7 1.0s, C:maj 2.0s, Eb:min6 2.0s, D:min7 1.0s, G:7 2.0s, A:min6 0.5s, D:dim7 0.5s, A:min 2.0s, D:7 4.0s, G:7 2.0s, C:maj 4.0s, B:7 2.0s, E:7 1.0s, A:7 1.0s, D:min 2.0s, D:min 2.0s, E:maj 1.0s, B:7 1.0s, E:maj 2.0s, A:min 2.0s, C:7 1.5s, C:aug 0.5s, F:maj6 2.0s, F:min6 2.0s, C:maj/3 1.0s, Eb:min6 1.0s, D:min7 1.0s"
5929,C:major,"A:min7 3.0s, E:(3,#5,b7) 1.0s, A:min7 3.0s, E:(3,#5,b7) 1.0s, D:min7 2.0s, F:9 2.0s, B:(3,#5,b7) 4.0s, A:min7 3.0s, E:(3,#5,b7) 1.0s, A:min7 2.0s, D:9 2.0s, C:maj7 1.0s, A:min7 2.0s, E:(3,#5,b7) 1.0s, A:min6 3.0s, E:(3,#5,b7) 1.0s, A:min7 3.0s, E:(3,#5,b7) 1.0s, A:min7 3.0s, E:(3,#5,b7) 1.0s, D:min7 2.0s, F:9 2.0s, B:(3,#5,b7) 4.0s, A:min7 3.0s, E:(3,#5,b7) 1.0s, A:min7 2.0s, D:9 2.0s, C:maj7 1.0s, A:min7 2.0s, E:(3,#5,b7) 1.0s"
2416,C:major,"C:maj 2.0s, F:maj 2.0s, C:maj 2.0s, F:maj 2.0s, C:maj 2.0s, F:maj 1.0s, G:maj 1.0s, C:maj 1.0s, G:maj 1.0s, C:maj 2.0s, C:maj 1.0s, D:min 1.0s, G:maj 0.8s, C:maj 1.2s, D:min 1.0s, G:maj 1.0s, C:maj 4.0s, F:maj 2.0s, G:7 2.0s, C:maj 4.0s, F:maj 1.0s, D:min 1.0s, G:maj 2.0s, C:maj 4.0s, C:maj 2.0s, F:maj 1.0s, G:maj 1.0s, C:maj 1.0s, G:maj 1.0s, C:maj 2.0s, C:maj 1.0s, D:min 1.0s, G:maj 0.8s, C:maj 1.2s, D:min 1.0s, G:maj 1.0s, C:maj 4.0s"
3514,F:major,"F:maj 1.0s, D:7 1.0s, G:min7 1.0s, C:7 1.0s, F:maj 1.0s, D:7 1.0s, G:min7 1.0s, C:7 1.0s, F:maj 1.0s, D:7 1.0s, G:min 1.0s, A:7 1.0s, D:min7 1.0s, G:7 1.0s, G:min7 1.0s, C:7 1.0s, F:maj 1.0s, D:7 1.0s, G:min7 1.0s, C:7 1.0s, F:maj 1.0s, D:7 1.0s, G:min7 1.0s, C:7 1.0s, F:maj 1.0s, D:7 1.0s, G:min 1.0s, A:7 1.0s, D:min 1.0s, G:min7 1.0s, F:maj 1.5s, D:7 0.5s, G:min7 1.0s, C:7 1.0s, G:min7 1.0s, C:7 1.0s, G:min7 1.0s, C:7 1.0s, F:maj 1.5s, E:7 0.5s, A:min 1.0s, D:min7 1.0s, A:min 1.0s, D:min7 1.0s, G:7 1.0s, G:dim7 1.0s, G:7 1.0s, C:9 1.0s, F:maj 1.0s, D:7 1.0s, G:min7 1.0s, C:7 1.0s, F:maj 1.0s, D:7 1.0s, G:min7 1.5s, C:7 0.5s, F:maj 1.0s, D:7 1.0s, G:min 1.0s, A:7 1.0s"
6225,F:major,"G:min 1.5s, F:aug 0.5s, C:7 2.0s, F:maj 1.0s, F:maj6 2.0s, D:7 1.0s, G:min 1.5s, F:aug 0.5s, C:7 2.0s, F:maj 1.0s, F:maj6 1.0s, A:7 1.0s, A:7(b5) 1.0s, D:7 2.0s, D:9 2.0s, G:7 4.0s, C:9 1.0s, C:7 2.0s, C:aug 1.0s, F:maj 3.0s, D:7 1.0s, G:min 1.5s, F:aug 0.5s, C:7 2.0s, F:maj 1.0s, F:maj6 2.0s, D:7 1.0s, G:min 1.5s, F:aug 0.5s, C:7 2.0s, F:maj 1.0s, F:maj6 1.0s, A:7 1.0s, A:7(b5) 1.0s, D:7 2.0s, D:9 2.0s, G:7 4.0s, G:min 1.5s, F:aug 0.5s, C:7 2.0s"
