track_id,chroma_activations
10,"C:0.034, C#:0.142, D:0.037, D#:0.112, E:0.039, F:0.066, F#:0.217, G:0.067, G#:0.082, A:0.031, A#:0.094, B:0.078"
141,"C:0.034, C#:0.025, D:0.103, D#:0.129, E:0.105, F:0.137, F#:0.047, G:0.057, G#:0.024, A:0.112, A#:0.199, B:0.029"
153,"C:0.071, C#:0.094, D:0.073, D#:0.067, E:0.094, F:0.069, F#:0.063, G:0.130, G#:0.137, A:0.080, A#:0.041, B:0.082"
173,"C:0.061, C#:0.058, D:0.063, D#:0.074, E:0.092, F:0.079, F#:0.113, G:0.070, G#:0.141, A:0.085, A#:0.081, B:0.084"
181,"C:0.067, C#:0.096, D:0.056, D#:0.071, E:0.080, F:0.066, F#:0.115, G:0.075, G#:0.083, A:0.069, A#:0.100, B:0.123"
184,"C:0.118, C#:0.055, D:0.059, D#:0.100, E:0.056, F:0.179, F#:0.041, G:0.057, G#:0.055, A:0.043, A#:0.186, B:0.053"
213,"C:0.028, C#:0.031, D:0.102, D#:0.014, E:0.014, F:0.017, F#:0.269, G:0.068, G#:0.032, A:0.191, A#:0.046, B:0.190"
251,"C:0.014, C#:0.054, D:0.030, D#:0.029, E:0.194, F:0.052, F#:0.071, G:0.077, G#:0.141, A:0.260, A#:0.058, B:0.021"
331,"C:0.042, C#:0.025, D:0.030, D#:0.052, E:0.077, F:0.063, F#:0.076, G:0.067, G#:0.168, A:0.299, A#:0.056, B:0.045"
347,"C:0.062, C#:0.035, D:0.046, D#:0.083, E:0.134, F:0.092, F#:0.084, G:0.112, G#:0.112, A:0.124, A#:0.064, B:0.053"
384,"C:0.027, C#:0.021, D:0.053, D#:0.222, E:0.046, F:0.038, F#:0.034, G:0.095, G#:0.250, A:0.139, A#:0.058, B:0.017"
411,"C:0.038, C#:0.047, D:0.068, D#:0.041, E:0.041, F:0.109, F#:0.101, G:0.318, G#:0.083, A:0.055, A#:0.045, B:0.054"
532,"C:0.047, C#:0.176, D:0.087, D#:0.131, E:0.062, F:0.035, F#:0.073, G:0.057, G#:0.109, A:0.060, A#:0.102, B:0.062"
533,"C:0.142, C#:0.137, D:0.127, D#:0.085, E:0.033, F:0.091, F#:0.058, G:0.154, G#:0.058, A:0.036, A#:0.042, B:0.038"
534,"C:0.040, C#:0.032, D:0.077, D#:0.110, E:0.028, F:0.039, F#:0.040, G:0.105, G#:0.161, A:0.102, A#:0.167, B:0.101"
535,"C:0.153, C#:0.104, D:0.051, D#:0.044, E:0.023, F:0.037, F#:0.035, G:0.042, G#:0.058, A:0.061, A#:0.238, B:0.153"
536,"C:0.037, C#:0.031, D:0.033, D#:0.061, E:0.046, F:0.027, F#:0.041, G:0.085, G#:0.134, A:0.076, A#:0.209, B:0.222"
538,"C:0.077, C#:0.070, D:0.068, D#:0.098, E:0.053, F:0.051, F#:0.055, G:0.122, G#:0.150, A:0.062, A#:0.104, B:0.091"
540,"C:0.180, C#:0.182, D:0.052, D#:0.081, E:0.058, F:0.098, F#:0.034, G:0.058, G#:0.088, A:0.036, A#:0.066, B:0.068"
542,"C:0.075, C#:0.063, D:0.051, D#:0.038, E:0.022, F:0.042, F#:0.032, G:0.038, G#:0.060, A:0.066, A#:0.161, B:0.354"
546,"C:0.069, C#:0.047, D:0.083, D#:0.089, E:0.064, F:0.074, F#:0.074, G:0.129, G#:0.175, A:0.063, A#:0.070, B:0.061"
547,"C:0.109, C#:0.057, D:0.048, D#:0.067, E:0.028, F:0.080, F#:0.059, G:0.171, G#:0.230, A:0.045, A#:0.056, B:0.052"
549,"C:0.082, C#:0.068, D:0.076, D#:0.061, E:0.047, F:0.062, F#:0.069, G:0.090, G#:0.109, A:0.077, A#:0.144, B:0.115"
564,"C:0.244, C#:0.122, D:0.055, D#:0.056, E:0.063, F:0.046, F#:0.036, G:0.060, G#:0.035, A:0.035, A#:0.110, B:0.138"
565,"C:0.027, C#:0.067, D:0.043, D#:0.094, E:0.220, F:0.055, F#:0.037, G:0.033, G#:0.085, A:0.137, A#:0.060, B:0.143"
566,"C:0.412, C#:0.077, D:0.060, D#:0.026, E:0.018, F:0.008, F#:0.014, G:0.058, G#:0.040, A:0.082, A#:0.067, B:0.138"
567,"C:0.052, C#:0.062, D:0.066, D#:0.067, E:0.054, F:0.046, F#:0.061, G:0.044, G#:0.043, A:0.080, A#:0.212, B:0.213"
569,"C:0.051, C#:0.075, D:0.045, D#:0.044, E:0.097, F:0.118, F#:0.271, G:0.078, G#:0.039, A:0.051, A#:0.041, B:0.090"
570,"C:0.047, C#:0.034, D:0.032, D#:0.035, E:0.080, F:0.044, F#:0.075, G:0.115, G#:0.144, A:0.246, A#:0.096, B:0.053"
571,"C:0.073, C#:0.181, D:0.019, D#:0.017, E:0.039, F:0.162, F#:0.236, G:0.079, G#:0.035, A:0.056, A#:0.067, B:0.037"
572,"C:0.030, C#:0.038, D:0.052, D#:0.101, E:0.168, F:0.113, F#:0.136, G:0.072, G#:0.080, A:0.099, A#:0.038, B:0.072"
573,"C:0.018, C#:0.043, D:0.080, D#:0.176, E:0.058, F:0.056, F#:0.041, G:0.266, G#:0.052, A:0.080, A#:0.103, B:0.028"
574,"C:0.047, C#:0.036, D:0.036, D#:0.122, E:0.036, F:0.047, F#:0.119, G:0.092, G#:0.221, A:0.094, A#:0.082, B:0.068"
579,"C:0.054, C#:0.050, D:0.061, D#:0.083, E:0.139, F:0.096, F#:0.068, G:0.081, G#:0.074, A:0.125, A#:0.096, B:0.074"
580,"C:0.112, C#:0.073, D:0.068, D#:0.056, E:0.092, F:0.045, F#:0.060, G:0.121, G#:0.079, A:0.120, A#:0.088, B:0.085"
608,"C:0.089, C#:0.067, D:0.132, D#:0.113, E:0.071, F:0.043, F#:0.035, G:0.036, G#:0.058, A:0.201, A#:0.101, B:0.057"
610,"C:0.065, C#:0.067, D:0.290, D#:0.149, E:0.031, F:0.055, F#:0.036, G:0.062, G#:0.020, A:0.051, A#:0.141, B:0.033"
611,"C:0.121, C#:0.039, D:0.153, D#:0.026, E:0.089, F:0.034, F#:0.044, G:0.314, G#:0.055, A:0.045, A#:0.017, B:0.063"
612,"C:0.046, C#:0.061, D:0.110, D#:0.072, E:0.069, F:0.081, F#:0.202, G:0.138, G#:0.068, A:0.055, A#:0.047, B:0.051"
625,"C:0.416, C#:0.038, D:0.063, D#:0.011, E:0.039, F:0.138, F#:0.043, G:0.118, G#:0.014, A:0.049, A#:0.026, B:0.045"
634,"C:0.078, C#:0.036, D:0.069, D#:0.132, E:0.355, F:0.089, F#:0.030, G:0.019, G#:0.035, A:0.063, A#:0.031, B:0.063"
670,"C:0.109, C#:0.126, D:0.074, D#:0.090, E:0.117, F:0.063, F#:0.050, G:0.048, G#:0.061, A:0.042, A#:0.105, B:0.115"
671,"C:0.110, C#:0.128, D:0.074, D#:0.089, E:0.116, F:0.063, F#:0.051, G:0.051, G#:0.059, A:0.042, A#:0.103, B:0.113"
678,"C:0.044, C#:0.124, D:0.063, D#:0.062, E:0.095, F:0.049, F#:0.096, G:0.056, G#:0.180, A:0.077, A#:0.092, B:0.062"
679,"C:0.041, C#:0.128, D:0.062, D#:0.065, E:0.097, F:0.047, F#:0.100, G:0.054, G#:0.182, A:0.075, A#:0.087, B:0.060"
692,"C:0.098, C#:0.061, D:0.046, D#:0.035, E:0.038, F:0.051, F#:0.104, G:0.146, G#:0.122, A:0.114, A#:0.068, B:0.116"
705,"C:0.024, C#:0.042, D:0.092, D#:0.059, E:0.125, F:0.065, F#:0.166, G:0.099, G#:0.055, A:0.150, A#:0.048, B:0.075"
706,"C:0.163, C#:0.050, D:0.040, D#:0.083, E:0.074, F:0.135, F#:0.049, G:0.087, G#:0.088, A:0.058, A#:0.093, B:0.080"
708,"C:0.160, C#:0.071, D:0.127, D#:0.031, E:0.042, F:0.030, F#:0.070, G:0.103, G#:0.054, A:0.103, A#:0.063, B:0.146"
805,"C:0.230, C#:0.067, D:0.040, D#:0.021, E:0.018, F:0.011, F#:0.024, G:0.023, G#:0.043, A:0.138, A#:0.100, B:0.285"
814,"C:0.048, C#:0.252, D:0.117, D#:0.029, E:0.023, F:0.009, F#:0.080, G:0.056, G#:0.116, A:0.121, A#:0.054, B:0.095"
1007,"C:0.040, C#:0.075, D:0.277, D#:0.090, E:0.071, F:0.032, F#:0.040, G:0.060, G#:0.041, A:0.160, A#:0.077, B:0.037"
1014,"C:0.290, C#:0.135, D:0.067, D#:0.067, E:0.058, F:0.075, F#:0.058, G:0.046, G#:0.040, A:0.029, A#:0.051, B:0.083"
1015,"C:0.106, C#:0.054, D:0.040, D#:0.077, E:0.094, F:0.234, F#:0.108, G:0.066, G#:0.069, A:0.046, A#:0.056, B:0.051"
1016,"C:0.061, C#:0.229, D:0.120, D#:0.092, E:0.194, F:0.119, F#:0.043, G:0.029, G#:0.031, A:0.023, A#:0.023, B:0.037"
1017,"C:0.199, C#:0.064, D:0.037, D#:0.035, E:0.048, F:0.093, F#:0.057, G:0.044, G#:0.047, A:0.069, A#:0.140, B:0.168"
1042,"C:0.115, C#:0.067, D:0.117, D#:0.033, E:0.034, F:0.040, F#:0.058, G:0.125, G#:0.160, A:0.134, A#:0.049, B:0.069"
1044,"C:0.121, C#:0.078, D:0.072, D#:0.026, E:0.030, F:0.027, F#:0.054, G:0.088, G#:0.118, A:0.161, A#:0.107, B:0.118"
1045,"C:0.072, C#:0.048, D:0.054, D#:0.025, E:0.031, F:0.036, F#:0.080, G:0.139, G#:0.145, A:0.152, A#:0.116, B:0.102"
1046,"C:0.048, C#:0.055, D:0.107, D#:0.066, E:0.028, F:0.042, F#:0.061, G:0.150, G#:0.265, A:0.086, A#:0.048, B:0.045"
1049,"C:0.351, C#:0.132, D:0.071, D#:0.042, E:0.037, F:0.028, F#:0.026, G:0.092, G#:0.025, A:0.037, A#:0.049, B:0.111"
1050,"C:0.080, C#:0.066, D:0.168, D#:0.174, E:0.181, F:0.088, F#:0.041, G:0.037, G#:0.029, A:0.022, A#:0.043, B:0.070"
1073,"C:0.071, C#:0.082, D:0.161, D#:0.113, E:0.087, F:0.065, F#:0.080, G:0.118, G#:0.064, A:0.068, A#:0.041, B:0.050"
1076,"C:0.034, C#:0.099, D:0.136, D#:0.127, E:0.048, F:0.043, F#:0.088, G:0.012, G#:0.018, A:0.065, A#:0.046, B:0.284"
1083,"C:0.402, C#:0.030, D:0.014, D#:0.016, E:0.015, F:0.023, F#:0.031, G:0.084, G#:0.011, A:0.028, A#:0.121, B:0.225"
1085,"C:0.136, C#:0.084, D:0.114, D#:0.044, E:0.047, F:0.039, F#:0.059, G:0.118, G#:0.084, A:0.131, A#:0.056, B:0.089"
1086,"C:0.081, C#:0.055, D:0.084, D#:0.062, E:0.172, F:0.072, F#:0.059, G:0.074, G#:0.073, A:0.067, A#:0.073, B:0.128"
1088,"C:0.084, C#:0.038, D:0.025, D#:0.022, E:0.042, F:0.043, F#:0.112, G:0.056, G#:0.081, A:0.153, A#:0.149, B:0.196"
1091,"C:0.101, C#:0.065, D:0.115, D#:0.048, E:0.070, F:0.056, F#:0.072, G:0.108, G#:0.082, A:0.141, A#:0.064, B:0.079"
1116,"C:0.085, C#:0.028, D:0.015, D#:0.117, E:0.046, F:0.022, F#:0.173, G:0.124, G#:0.040, A:0.017, A#:0.160, B:0.173"
1133,"C:0.067, C#:0.050, D:0.188, D#:0.126, E:0.046, F:0.042, F#:0.056, G:0.188, G#:0.038, A:0.064, A#:0.097, B:0.039"
1156,"C:0.022, C#:0.028, D:0.058, D#:0.088, E:0.232, F:0.053, F#:0.033, G:0.067, G#:0.093, A:0.203, A#:0.068, B:0.055"
1157,"C:0.044, C#:0.028, D:0.031, D#:0.046, E:0.103, F:0.075, F#:0.114, G:0.149, G#:0.097, A:0.077, A#:0.097, B:0.139"
1159,"C:0.113, C#:0.047, D:0.055, D#:0.033, E:0.075, F:0.068, F#:0.086, G:0.172, G#:0.077, A:0.089, A#:0.076, B:0.109"
1160,"C:0.065, C#:0.130, D:0.153, D#:0.143, E:0.125, F:0.043, F#:0.025, G:0.018, G#:0.041, A:0.069, A#:0.105, B:0.084"
1161,"C:0.053, C#:0.050, D:0.081, D#:0.137, E:0.280, F:0.088, F#:0.044, G:0.035, G#:0.026, A:0.018, A#:0.042, B:0.144"
1162,"C:0.047, C#:0.056, D:0.040, D#:0.071, E:0.204, F:0.087, F#:0.108, G:0.058, G#:0.066, A:0.076, A#:0.049, B:0.139"
1163,"C:0.159, C#:0.069, D:0.102, D#:0.056, E:0.173, F:0.042, F#:0.101, G:0.096, G#:0.026, A:0.043, A#:0.047, B:0.087"
1165,"C:0.151, C#:0.094, D:0.109, D#:0.110, E:0.091, F:0.049, F#:0.042, G:0.055, G#:0.050, A:0.078, A#:0.070, B:0.101"
1167,"C:0.226, C#:0.046, D:0.125, D#:0.217, E:0.036, F:0.038, F#:0.013, G:0.108, G#:0.009, A:0.035, A#:0.079, B:0.067"
1168,"C:0.109, C#:0.056, D:0.057, D#:0.078, E:0.153, F:0.069, F#:0.054, G:0.095, G#:0.075, A:0.116, A#:0.058, B:0.079"
1170,"C:0.177, C#:0.059, D:0.028, D#:0.020, E:0.028, F:0.044, F#:0.114, G:0.195, G#:0.080, A:0.053, A#:0.102, B:0.100"
1171,"C:0.133, C#:0.080, D:0.139, D#:0.084, E:0.120, F:0.073, F#:0.053, G:0.057, G#:0.042, A:0.076, A#:0.053, B:0.091"
1172,"C:0.085, C#:0.060, D:0.060, D#:0.058, E:0.103, F:0.060, F#:0.059, G:0.113, G#:0.108, A:0.157, A#:0.076, B:0.062"
1173,"C:0.056, C#:0.088, D:0.113, D#:0.057, E:0.090, F:0.201, F#:0.143, G:0.050, G#:0.088, A:0.059, A#:0.023, B:0.032"
1174,"C:0.059, C#:0.106, D:0.060, D#:0.060, E:0.095, F:0.111, F#:0.243, G:0.089, G#:0.054, A:0.035, A#:0.032, B:0.057"
1175,"C:0.070, C#:0.118, D:0.078, D#:0.037, E:0.055, F:0.039, F#:0.029, G:0.045, G#:0.194, A:0.191, A#:0.069, B:0.075"
1177,"C:0.080, C#:0.220, D:0.042, D#:0.061, E:0.148, F:0.057, F#:0.027, G:0.032, G#:0.174, A:0.078, A#:0.026, B:0.057"
1179,"C:0.022, C#:0.066, D:0.206, D#:0.039, E:0.044, F:0.031, F#:0.109, G:0.161, G#:0.047, A:0.185, A#:0.043, B:0.046"
1181,"C:0.034, C#:0.117, D:0.273, D#:0.067, E:0.043, F:0.034, F#:0.092, G:0.130, G#:0.055, A:0.099, A#:0.020, B:0.037"
1182,"C:0.023, C#:0.034, D:0.048, D#:0.081, E:0.111, F:0.043, F#:0.094, G:0.087, G#:0.086, A:0.129, A#:0.107, B:0.158"
1183,"C:0.046, C#:0.037, D:0.055, D#:0.101, E:0.185, F:0.065, F#:0.057, G:0.063, G#:0.066, A:0.091, A#:0.096, B:0.137"
1186,"C:0.044, C#:0.045, D:0.142, D#:0.066, E:0.089, F:0.134, F#:0.082, G:0.129, G#:0.067, A:0.147, A#:0.037, B:0.018"
1187,"C:0.073, C#:0.027, D:0.068, D#:0.065, E:0.196, F:0.060, F#:0.035, G:0.049, G#:0.051, A:0.241, A#:0.054, B:0.081"
1189,"C:0.069, C#:0.078, D:0.049, D#:0.053, E:0.075, F:0.097, F#:0.222, G:0.082, G#:0.059, A:0.108, A#:0.047, B:0.061"
1190,"C:0.034, C#:0.031, D:0.071, D#:0.157, E:0.266, F:0.146, F#:0.067, G:0.042, G#:0.032, A:0.028, A#:0.042, B:0.084"
1191,"C:0.101, C#:0.037, D:0.109, D#:0.053, E:0.108, F:0.267, F#:0.052, G:0.100, G#:0.014, A:0.057, A#:0.021, B:0.081"
1192,"C:0.137, C#:0.053, D:0.066, D#:0.097, E:0.042, F:0.046, F#:0.077, G:0.130, G#:0.089, A:0.050, A#:0.072, B:0.142"
1193,"C:0.039, C#:0.056, D:0.008, D#:0.018, E:0.021, F:0.013, F#:0.029, G:0.104, G#:0.210, A:0.173, A#:0.142, B:0.188"
1194,"C:0.134, C#:0.105, D:0.087, D#:0.097, E:0.157, F:0.041, F#:0.031, G:0.054, G#:0.062, A:0.112, A#:0.043, B:0.078"
1198,"C:0.192, C#:0.115, D:0.369, D#:0.060, E:0.040, F:0.068, F#:0.013, G:0.014, G#:0.017, A:0.042, A#:0.023, B:0.048"
1199,"C:0.025, C#:0.112, D:0.068, D#:0.104, E:0.067, F:0.112, F#:0.131, G:0.044, G#:0.118, A:0.073, A#:0.102, B:0.042"
1219,"C:0.218, C#:0.108, D:0.075, D#:0.040, E:0.057, F:0.024, F#:0.019, G:0.224, G#:0.091, A:0.025, A#:0.072, B:0.046"
1231,"C:0.023, C#:0.015, D:0.032, D#:0.036, E:0.171, F:0.033, F#:0.023, G:0.053, G#:0.236, A:0.062, A#:0.027, B:0.289"
1232,"C:0.019, C#:0.248, D:0.040, D#:0.049, E:0.030, F:0.039, F#:0.161, G:0.043, G#:0.034, A:0.160, A#:0.126, B:0.051"
1235,"C:0.005, C#:0.036, D:0.006, D#:0.008, E:0.029, F:0.095, F#:0.698, G:0.077, G#:0.022, A:0.006, A#:0.013, B:0.005"
1275,"C:0.042, C#:0.046, D:0.093, D#:0.099, E:0.118, F:0.169, F#:0.097, G:0.059, G#:0.046, A:0.057, A#:0.099, B:0.076"
1277,"C:0.036, C#:0.031, D:0.047, D#:0.156, E:0.072, F:0.104, F#:0.064, G:0.111, G#:0.144, A:0.093, A#:0.101, B:0.043"
1354,"C:0.046, C#:0.079, D:0.113, D#:0.121, E:0.148, F:0.097, F#:0.122, G:0.048, G#:0.035, A:0.038, A#:0.057, B:0.094"
1381,"C:0.110, C#:0.047, D:0.041, D#:0.026, E:0.055, F:0.029, F#:0.034, G:0.096, G#:0.092, A:0.183, A#:0.163, B:0.123"
1417,"C:0.102, C#:0.034, D:0.067, D#:0.140, E:0.167, F:0.034, F#:0.022, G:0.013, G#:0.025, A:0.036, A#:0.070, B:0.290"
1418,"C:0.069, C#:0.059, D:0.090, D#:0.069, E:0.174, F:0.070, F#:0.028, G:0.062, G#:0.054, A:0.218, A#:0.060, B:0.047"
1419,"C:0.039, C#:0.055, D:0.232, D#:0.115, E:0.190, F:0.059, F#:0.026, G:0.013, G#:0.033, A:0.078, A#:0.038, B:0.122"
1420,"C:0.045, C#:0.019, D:0.088, D#:0.078, E:0.218, F:0.029, F#:0.051, G:0.103, G#:0.047, A:0.041, A#:0.081, B:0.199"
1450,"C:0.101, C#:0.053, D:0.076, D#:0.058, E:0.060, F:0.113, F#:0.058, G:0.092, G#:0.068, A:0.075, A#:0.172, B:0.075"
1451,"C:0.053, C#:0.080, D:0.102, D#:0.085, E:0.089, F:0.047, F#:0.062, G:0.076, G#:0.132, A:0.197, A#:0.042, B:0.035"
1474,"C:0.041, C#:0.064, D:0.085, D#:0.037, E:0.087, F:0.078, F#:0.155, G:0.135, G#:0.070, A:0.076, A#:0.069, B:0.103"
1475,"C:0.067, C#:0.027, D:0.126, D#:0.214, E:0.028, F:0.081, F#:0.041, G:0.074, G#:0.074, A:0.096, A#:0.131, B:0.042"
1476,"C:0.050, C#:0.072, D:0.171, D#:0.068, E:0.027, F:0.039, F#:0.057, G:0.237, G#:0.087, A:0.062, A#:0.076, B:0.055"
1499,"C:0.131, C#:0.040, D:0.082, D#:0.038, E:0.107, F:0.099, F#:0.045, G:0.177, G#:0.053, A:0.103, A#:0.034, B:0.091"
1526,"C:0.068, C#:0.071, D:0.036, D#:0.039, E:0.030, F:0.067, F#:0.065, G:0.069, G#:0.154, A:0.142, A#:0.174, B:0.084"
1529,"C:0.082, C#:0.185, D:0.052, D#:0.051, E:0.055, F:0.026, F#:0.021, G:0.041, G#:0.146, A:0.156, A#:0.109, B:0.077"
1530,"C:0.051, C#:0.072, D:0.127, D#:0.049, E:0.086, F:0.033, F#:0.049, G:0.072, G#:0.133, A:0.138, A#:0.075, B:0.116"
1531,"C:0.026, C#:0.043, D:0.064, D#:0.157, E:0.081, F:0.093, F#:0.254, G:0.092, G#:0.064, A:0.036, A#:0.060, B:0.029"
1534,"C:0.166, C#:0.046, D:0.066, D#:0.041, E:0.157, F:0.036, F#:0.068, G:0.146, G#:0.031, A:0.022, A#:0.042, B:0.180"
1535,"C:0.139, C#:0.085, D:0.082, D#:0.059, E:0.037, F:0.035, F#:0.057, G:0.134, G#:0.065, A:0.071, A#:0.118, B:0.118"
1536,"C:0.139, C#:0.083, D:0.032, D#:0.055, E:0.129, F:0.069, F#:0.127, G:0.081, G#:0.035, A:0.083, A#:0.054, B:0.112"
1540,"C:0.042, C#:0.075, D:0.087, D#:0.046, E:0.162, F:0.112, F#:0.114, G:0.097, G#:0.049, A:0.098, A#:0.040, B:0.079"
1541,"C:0.038, C#:0.187, D:0.121, D#:0.092, E:0.131, F:0.024, F#:0.109, G:0.029, G#:0.075, A:0.040, A#:0.030, B:0.124"
1542,"C:0.045, C#:0.025, D:0.056, D#:0.064, E:0.209, F:0.148, F#:0.047, G:0.089, G#:0.055, A:0.137, A#:0.042, B:0.083"
1546,"C:0.030, C#:0.089, D:0.075, D#:0.047, E:0.185, F:0.046, F#:0.045, G:0.040, G#:0.087, A:0.172, A#:0.044, B:0.140"
1590,"C:0.085, C#:0.094, D:0.137, D#:0.078, E:0.078, F:0.049, F#:0.073, G:0.077, G#:0.070, A:0.103, A#:0.065, B:0.091"
1592,"C:0.067, C#:0.111, D:0.340, D#:0.063, E:0.042, F:0.128, F#:0.040, G:0.035, G#:0.023, A:0.110, A#:0.020, B:0.022"
1593,"C:0.125, C#:0.215, D:0.086, D#:0.038, E:0.036, F:0.034, F#:0.056, G:0.034, G#:0.065, A:0.058, A#:0.072, B:0.181"
1595,"C:0.156, C#:0.048, D:0.026, D#:0.036, E:0.066, F:0.048, F#:0.072, G:0.044, G#:0.035, A:0.109, A#:0.105, B:0.255"
1596,"C:0.071, C#:0.075, D:0.106, D#:0.065, E:0.079, F:0.093, F#:0.121, G:0.118, G#:0.053, A:0.038, A#:0.058, B:0.123"
1599,"C:0.029, C#:0.042, D:0.059, D#:0.106, E:0.298, F:0.126, F#:0.035, G:0.027, G#:0.055, A:0.124, A#:0.053, B:0.047"
1601,"C:0.059, C#:0.256, D:0.072, D#:0.030, E:0.020, F:0.023, F#:0.024, G:0.053, G#:0.216, A:0.160, A#:0.042, B:0.044"
1603,"C:0.049, C#:0.045, D:0.100, D#:0.154, E:0.056, F:0.043, F#:0.078, G:0.084, G#:0.049, A:0.102, A#:0.137, B:0.103"
1604,"C:0.060, C#:0.050, D:0.069, D#:0.100, E:0.133, F:0.114, F#:0.070, G:0.070, G#:0.055, A:0.061, A#:0.078, B:0.140"
1605,"C:0.136, C#:0.074, D:0.133, D#:0.091, E:0.149, F:0.056, F#:0.056, G:0.099, G#:0.048, A:0.058, A#:0.033, B:0.067"
1610,"C:0.045, C#:0.104, D:0.105, D#:0.107, E:0.185, F:0.123, F#:0.115, G:0.085, G#:0.043, A:0.034, A#:0.019, B:0.035"
1611,"C:0.108, C#:0.062, D:0.076, D#:0.082, E:0.155, F:0.098, F#:0.079, G:0.088, G#:0.052, A:0.056, A#:0.048, B:0.095"
1612,"C:0.024, C#:0.031, D:0.034, D#:0.073, E:0.267, F:0.071, F#:0.050, G:0.036, G#:0.075, A:0.160, A#:0.056, B:0.123"
1614,"C:0.033, C#:0.100, D:0.460, D#:0.094, E:0.046, F:0.021, F#:0.074, G:0.067, G#:0.013, A:0.058, A#:0.018, B:0.018"
1615,"C:0.230, C#:0.100, D:0.048, D#:0.034, E:0.075, F:0.051, F#:0.030, G:0.065, G#:0.070, A:0.122, A#:0.068, B:0.107"
1616,"C:0.106, C#:0.161, D:0.161, D#:0.081, E:0.067, F:0.056, F#:0.045, G:0.057, G#:0.058, A:0.089, A#:0.068, B:0.052"
1617,"C:0.057, C#:0.124, D:0.146, D#:0.084, E:0.067, F:0.040, F#:0.030, G:0.042, G#:0.081, A:0.179, A#:0.096, B:0.054"
1618,"C:0.140, C#:0.076, D:0.066, D#:0.064, E:0.113, F:0.098, F#:0.071, G:0.095, G#:0.070, A:0.066, A#:0.055, B:0.087"
1619,"C:0.079, C#:0.072, D:0.099, D#:0.087, E:0.090, F:0.046, F#:0.027, G:0.036, G#:0.075, A:0.194, A#:0.132, B:0.061"
1643,"C:0.049, C#:0.050, D:0.071, D#:0.152, E:0.081, F:0.052, F#:0.076, G:0.055, G#:0.073, A:0.066, A#:0.145, B:0.127"
1708,"C:0.073, C#:0.052, D:0.082, D#:0.040, E:0.053, F:0.032, F#:0.078, G:0.092, G#:0.058, A:0.109, A#:0.078, B:0.253"
1727,"C:0.029, C#:0.115, D:0.264, D#:0.054, E:0.028, F:0.025, F#:0.014, G:0.017, G#:0.054, A:0.314, A#:0.065, B:0.023"
1841,"C:0.039, C#:0.089, D:0.056, D#:0.185, E:0.050, F:0.047, F#:0.070, G:0.043, G#:0.331, A:0.035, A#:0.038, B:0.018"
1844,"C:0.142, C#:0.047, D:0.071, D#:0.067, E:0.079, F:0.060, F#:0.037, G:0.198, G#:0.096, A:0.045, A#:0.065, B:0.092"
1886,"C:0.076, C#:0.045, D:0.032, D#:0.065, E:0.112, F:0.050, F#:0.077, G:0.045, G#:0.051, A:0.108, A#:0.118, B:0.222"
1887,"C:0.126, C#:0.040, D:0.055, D#:0.044, E:0.125, F:0.119, F#:0.100, G:0.183, G#:0.045, A:0.034, A#:0.037, B:0.091"
1892,"C:0.014, C#:0.025, D:0.066, D#:0.081, E:0.185, F:0.040, F#:0.090, G:0.120, G#:0.076, A:0.168, A#:0.053, B:0.082"
1893,"C:0.117, C#:0.086, D:0.251, D#:0.116, E:0.046, F:0.033, F#:0.036, G:0.112, G#:0.048, A:0.051, A#:0.041, B:0.062"
1894,"C:0.140, C#:0.071, D:0.117, D#:0.069, E:0.087, F:0.077, F#:0.036, G:0.117, G#:0.062, A:0.086, A#:0.063, B:0.074"
1895,"C:0.031, C#:0.015, D:0.031, D#:0.033, E:0.231, F:0.112, F#:0.033, G:0.070, G#:0.048, A:0.225, A#:0.104, B:0.067"
1896,"C:0.031, C#:0.175, D:0.098, D#:0.106, E:0.036, F:0.032, F#:0.078, G:0.042, G#:0.242, A:0.102, A#:0.036, B:0.023"
1898,"C:0.178, C#:0.076, D:0.051, D#:0.028, E:0.018, F:0.022, F#:0.046, G:0.140, G#:0.076, A:0.106, A#:0.142, B:0.118"
1899,"C:0.084, C#:0.045, D:0.075, D#:0.056, E:0.105, F:0.054, F#:0.046, G:0.063, G#:0.081, A:0.193, A#:0.074, B:0.126"
1900,"C:0.038, C#:0.062, D:0.212, D#:0.068, E:0.066, F:0.025, F#:0.024, G:0.053, G#:0.082, A:0.251, A#:0.070, B:0.049"
1901,"C:0.336, C#:0.061, D:0.052, D#:0.018, E:0.041, F:0.014, F#:0.035, G:0.206, G#:0.029, A:0.022, A#:0.029, B:0.158"
1913,"C:0.016, C#:0.063, D:0.143, D#:0.037, E:0.083, F:0.025, F#:0.075, G:0.102, G#:0.075, A:0.317, A#:0.033, B:0.032"
1914,"C:0.207, C#:0.054, D:0.102, D#:0.036, E:0.076, F:0.189, F#:0.091, G:0.117, G#:0.032, A:0.032, A#:0.019, B:0.044"
1920,"C:0.142, C#:0.032, D:0.131, D#:0.020, E:0.058, F:0.020, F#:0.035, G:0.194, G#:0.060, A:0.145, A#:0.065, B:0.099"
1923,"C:0.092, C#:0.065, D:0.257, D#:0.044, E:0.044, F:0.021, F#:0.063, G:0.181, G#:0.042, A:0.090, A#:0.025, B:0.075"
1940,"C:0.024, C#:0.024, D:0.044, D#:0.061, E:0.101, F:0.084, F#:0.095, G:0.199, G#:0.188, A:0.105, A#:0.039, B:0.036"
1941,"C:0.031, C#:0.043, D:0.112, D#:0.121, E:0.247, F:0.131, F#:0.062, G:0.083, G#:0.083, A:0.035, A#:0.020, B:0.031"
1942,"C:0.025, C#:0.037, D:0.065, D#:0.100, E:0.132, F:0.225, F#:0.233, G:0.121, G#:0.027, A:0.017, A#:0.010, B:0.009"
1944,"C:0.052, C#:0.061, D:0.087, D#:0.121, E:0.157, F:0.130, F#:0.081, G:0.102, G#:0.092, A:0.050, A#:0.030, B:0.038"
2070,"C:0.099, C#:0.088, D:0.103, D#:0.053, E:0.068, F:0.163, F#:0.047, G:0.041, G#:0.056, A:0.102, A#:0.109, B:0.073"
2099,"C:0.145, C#:0.201, D:0.031, D#:0.031, E:0.016, F:0.115, F#:0.023, G:0.060, G#:0.213, A:0.035, A#:0.041, B:0.088"
2126,"C:0.026, C#:0.031, D:0.084, D#:0.044, E:0.129, F:0.055, F#:0.099, G:0.162, G#:0.084, A:0.180, A#:0.051, B:0.055"
2127,"C:0.074, C#:0.026, D:0.123, D#:0.067, E:0.079, F:0.057, F#:0.091, G:0.214, G#:0.066, A:0.047, A#:0.027, B:0.129"
3429,"C:0.073, C#:0.031, D:0.105, D#:0.053, E:0.081, F:0.110, F#:0.122, G:0.102, G#:0.033, A:0.156, A#:0.067, B:0.068"
3465,"C:0.119, C#:0.056, D:0.080, D#:0.034, E:0.155, F:0.036, F#:0.050, G:0.122, G#:0.049, A:0.147, A#:0.048, B:0.103"
3542,"C:0.152, C#:0.038, D:0.058, D#:0.039, E:0.139, F:0.103, F#:0.072, G:0.186, G#:0.047, A:0.063, A#:0.026, B:0.078"
3545,"C:0.072, C#:0.048, D:0.081, D#:0.074, E:0.105, F:0.101, F#:0.079, G:0.161, G#:0.099, A:0.078, A#:0.045, B:0.058"
3581,"C:0.081, C#:0.045, D:0.073, D#:0.061, E:0.149, F:0.079, F#:0.092, G:0.103, G#:0.082, A:0.090, A#:0.053, B:0.093"
3612,"C:0.064, C#:0.039, D:0.069, D#:0.044, E:0.096, F:0.056, F#:0.061, G:0.056, G#:0.067, A:0.173, A#:0.104, B:0.171"
3619,"C:0.034, C#:0.047, D:0.049, D#:0.093, E:0.176, F:0.052, F#:0.065, G:0.048, G#:0.093, A:0.119, A#:0.079, B:0.146"
3694,"C:0.082, C#:0.053, D:0.076, D#:0.101, E:0.265, F:0.093, F#:0.057, G:0.057, G#:0.032, A:0.091, A#:0.034, B:0.059"
3700,"C:0.095, C#:0.190, D:0.148, D#:0.081, E:0.083, F:0.058, F#:0.073, G:0.060, G#:0.060, A:0.042, A#:0.041, B:0.069"
3702,"C:0.050, C#:0.056, D:0.052, D#:0.123, E:0.225, F:0.132, F#:0.108, G:0.067, G#:0.053, A:0.031, A#:0.037, B:0.064"
3741,"C:0.077, C#:0.088, D:0.155, D#:0.065, E:0.066, F:0.055, F#:0.075, G:0.110, G#:0.066, A:0.108, A#:0.052, B:0.080"
3853,"C:0.016, C#:0.146, D:0.065, D#:0.012, E:0.009, F:0.022, F#:0.085, G:0.113, G#:0.055, A:0.267, A#:0.037, B:0.172"
3863,"C:0.068, C#:0.071, D:0.080, D#:0.076, E:0.152, F:0.073, F#:0.075, G:0.069, G#:0.066, A:0.121, A#:0.054, B:0.094"
3941,"C:0.045, C#:0.059, D:0.033, D#:0.067, E:0.163, F:0.063, F#:0.113, G:0.051, G#:0.074, A:0.119, A#:0.076, B:0.135"
3956,"C:0.064, C#:0.032, D:0.034, D#:0.017, E:0.030, F:0.051, F#:0.235, G:0.071, G#:0.036, A:0.104, A#:0.072, B:0.253"
4195,"C:0.101, C#:0.031, D:0.063, D#:0.057, E:0.194, F:0.074, F#:0.061, G:0.064, G#:0.029, A:0.038, A#:0.066, B:0.222"
4198,"C:0.035, C#:0.060, D:0.025, D#:0.020, E:0.049, F:0.174, F#:0.038, G:0.016, G#:0.033, A:0.088, A#:0.384, B:0.078"
4203,"C:0.066, C#:0.040, D:0.091, D#:0.069, E:0.175, F:0.067, F#:0.069, G:0.161, G#:0.058, A:0.054, A#:0.045, B:0.105"
4206,"C:0.201, C#:0.093, D:0.053, D#:0.027, E:0.105, F:0.065, F#:0.042, G:0.081, G#:0.050, A:0.085, A#:0.049, B:0.150"
4211,"C:0.107, C#:0.053, D:0.138, D#:0.062, E:0.100, F:0.053, F#:0.064, G:0.106, G#:0.050, A:0.072, A#:0.055, B:0.140"
4224,"C:0.144, C#:0.064, D:0.047, D#:0.039, E:0.094, F:0.073, F#:0.075, G:0.076, G#:0.077, A:0.156, A#:0.041, B:0.113"
4345,"C:0.108, C#:0.040, D:0.075, D#:0.046, E:0.076, F:0.123, F#:0.119, G:0.217, G#:0.046, A:0.038, A#:0.053, B:0.061"
4350,"C:0.069, C#:0.065, D:0.128, D#:0.064, E:0.085, F:0.091, F#:0.095, G:0.131, G#:0.057, A:0.100, A#:0.043, B:0.070"
4400,"C:0.025, C#:0.019, D:0.010, D#:0.025, E:0.104, F:0.021, F#:0.015, G:0.030, G#:0.050, A:0.626, A#:0.057, B:0.018"
4401,"C:0.014, C#:0.019, D:0.049, D#:0.128, E:0.289, F:0.135, F#:0.113, G:0.052, G#:0.057, A:0.085, A#:0.021, B:0.039"
4402,"C:0.088, C#:0.102, D:0.066, D#:0.053, E:0.084, F:0.090, F#:0.222, G:0.148, G#:0.065, A:0.010, A#:0.026, B:0.046"
4403,"C:0.023, C#:0.024, D:0.032, D#:0.049, E:0.189, F:0.163, F#:0.182, G:0.091, G#:0.034, A:0.017, A#:0.065, B:0.129"
4684,"C:0.095, C#:0.141, D:0.089, D#:0.060, E:0.056, F:0.041, F#:0.084, G:0.059, G#:0.057, A:0.075, A#:0.138, B:0.108"
4686,"C:0.097, C#:0.063, D:0.049, D#:0.040, E:0.048, F:0.092, F#:0.196, G:0.102, G#:0.071, A:0.065, A#:0.076, B:0.101"
4717,"C:0.380, C#:0.111, D:0.039, D#:0.046, E:0.126, F:0.033, F#:0.022, G:0.057, G#:0.024, A:0.019, A#:0.030, B:0.112"
4776,"C:0.085, C#:0.069, D:0.068, D#:0.077, E:0.114, F:0.056, F#:0.053, G:0.045, G#:0.059, A:0.158, A#:0.062, B:0.155"
4798,"C:0.112, C#:0.122, D:0.179, D#:0.065, E:0.086, F:0.085, F#:0.064, G:0.083, G#:0.041, A:0.076, A#:0.039, B:0.047"
4856,"C:0.042, C#:0.082, D:0.048, D#:0.089, E:0.030, F:0.050, F#:0.067, G:0.112, G#:0.263, A:0.083, A#:0.065, B:0.068"
4858,"C:0.027, C#:0.045, D:0.109, D#:0.020, E:0.161, F:0.170, F#:0.029, G:0.120, G#:0.081, A:0.150, A#:0.060, B:0.027"
4886,"C:0.031, C#:0.091, D:0.039, D#:0.076, E:0.239, F:0.056, F#:0.044, G:0.137, G#:0.081, A:0.098, A#:0.026, B:0.082"
4926,"C:0.052, C#:0.088, D:0.042, D#:0.041, E:0.046, F:0.094, F#:0.087, G:0.087, G#:0.100, A:0.094, A#:0.189, B:0.080"
4928,"C:0.113, C#:0.053, D:0.113, D#:0.036, E:0.069, F:0.076, F#:0.076, G:0.217, G#:0.061, A:0.066, A#:0.032, B:0.089"
4929,"C:0.044, C#:0.185, D:0.123, D#:0.040, E:0.039, F:0.115, F#:0.077, G:0.119, G#:0.158, A:0.053, A#:0.023, B:0.025"
4971,"C:0.014, C#:0.060, D:0.137, D#:0.072, E:0.023, F:0.076, F#:0.152, G:0.178, G#:0.058, A:0.082, A#:0.069, B:0.078"
4989,"C:0.047, C#:0.066, D:0.126, D#:0.095, E:0.037, F:0.043, F#:0.048, G:0.228, G#:0.125, A:0.062, A#:0.071, B:0.051"
4994,"C:0.043, C#:0.048, D:0.103, D#:0.076, E:0.108, F:0.083, F#:0.152, G:0.173, G#:0.051, A:0.055, A#:0.032, B:0.076"
5007,"C:0.111, C#:0.154, D:0.099, D#:0.069, E:0.052, F:0.047, F#:0.061, G:0.053, G#:0.135, A:0.087, A#:0.054, B:0.077"
5012,"C:0.081, C#:0.031, D:0.093, D#:0.042, E:0.116, F:0.081, F#:0.041, G:0.212, G#:0.065, A:0.123, A#:0.036, B:0.080"
5021,"C:0.028, C#:0.085, D:0.073, D#:0.064, E:0.141, F:0.085, F#:0.130, G:0.055, G#:0.075, A:0.156, A#:0.045, B:0.063"
5023,"C:0.033, C#:0.118, D:0.135, D#:0.064, E:0.039, F:0.040, F#:0.106, G:0.055, G#:0.054, A:0.082, A#:0.140, B:0.135"
5045,"C:0.033, C#:0.036, D:0.052, D#:0.049, E:0.067, F:0.103, F#:0.094, G:0.092, G#:0.114, A:0.160, A#:0.144, B:0.056"
5049,"C:0.060, C#:0.086, D:0.126, D#:0.055, E:0.100, F:0.030, F#:0.167, G:0.025, G#:0.036, A:0.194, A#:0.058, B:0.062"
5050,"C:0.104, C#:0.019, D:0.064, D#:0.126, E:0.045, F:0.205, F#:0.030, G:0.080, G#:0.021, A:0.057, A#:0.221, B:0.029"
5051,"C:0.216, C#:0.164, D:0.024, D#:0.072, E:0.007, F:0.009, F#:0.019, G:0.078, G#:0.322, A:0.033, A#:0.021, B:0.034"
5052,"C:0.177, C#:0.024, D:0.021, D#:0.020, E:0.179, F:0.082, F#:0.040, G:0.152, G#:0.050, A:0.153, A#:0.037, B:0.065"
5054,"C:0.269, C#:0.015, D:0.033, D#:0.010, E:0.098, F:0.112, F#:0.013, G:0.074, G#:0.027, A:0.164, A#:0.146, B:0.038"
5055,"C:0.096, C#:0.019, D:0.034, D#:0.013, E:0.169, F:0.229, F#:0.051, G:0.148, G#:0.069, A:0.112, A#:0.041, B:0.020"
5056,"C:0.134, C#:0.058, D:0.147, D#:0.095, E:0.044, F:0.036, F#:0.051, G:0.115, G#:0.067, A:0.061, A#:0.056, B:0.137"
5058,"C:0.011, C#:0.126, D:0.028, D#:0.348, E:0.013, F:0.117, F#:0.016, G:0.030, G#:0.247, A:0.023, A#:0.027, B:0.014"
5059,"C:0.109, C#:0.041, D:0.258, D#:0.038, E:0.090, F:0.042, F#:0.031, G:0.158, G#:0.031, A:0.096, A#:0.019, B:0.087"
5060,"C:0.055, C#:0.077, D:0.171, D#:0.026, E:0.030, F:0.031, F#:0.036, G:0.191, G#:0.057, A:0.181, A#:0.076, B:0.068"
5061,"C:0.079, C#:0.029, D:0.018, D#:0.051, E:0.064, F:0.030, F#:0.120, G:0.026, G#:0.078, A:0.055, A#:0.102, B:0.346"
5064,"C:0.032, C#:0.075, D:0.335, D#:0.125, E:0.092, F:0.080, F#:0.041, G:0.062, G#:0.025, A:0.086, A#:0.029, B:0.019"
5078,"C:0.069, C#:0.087, D:0.127, D#:0.073, E:0.161, F:0.114, F#:0.084, G:0.059, G#:0.061, A:0.086, A#:0.031, B:0.048"
5095,"C:0.166, C#:0.062, D:0.075, D#:0.029, E:0.110, F:0.084, F#:0.055, G:0.214, G#:0.064, A:0.054, A#:0.027, B:0.059"
5153,"C:0.030, C#:0.062, D:0.167, D#:0.081, E:0.233, F:0.066, F#:0.041, G:0.017, G#:0.040, A:0.153, A#:0.058, B:0.052"
5178,"C:0.035, C#:0.066, D:0.063, D#:0.137, E:0.194, F:0.069, F#:0.084, G:0.042, G#:0.093, A:0.098, A#:0.048, B:0.071"
5179,"C:0.046, C#:0.060, D:0.115, D#:0.075, E:0.096, F:0.049, F#:0.048, G:0.095, G#:0.088, A:0.198, A#:0.087, B:0.044"
5181,"C:0.055, C#:0.080, D:0.085, D#:0.123, E:0.196, F:0.086, F#:0.054, G:0.043, G#:0.071, A:0.068, A#:0.040, B:0.099"
5192,"C:0.076, C#:0.088, D:0.030, D#:0.035, E:0.090, F:0.042, F#:0.056, G:0.053, G#:0.110, A:0.121, A#:0.092, B:0.206"
5195,"C:0.091, C#:0.139, D:0.154, D#:0.076, E:0.054, F:0.048, F#:0.059, G:0.109, G#:0.057, A:0.084, A#:0.052, B:0.078"
5240,"C:0.042, C#:0.037, D:0.104, D#:0.200, E:0.086, F:0.054, F#:0.028, G:0.048, G#:0.120, A:0.073, A#:0.134, B:0.074"
5376,"C:0.124, C#:0.012, D:0.043, D#:0.063, E:0.204, F:0.045, F#:0.080, G:0.086, G#:0.028, A:0.041, A#:0.031, B:0.243"
5562,"C:0.052, C#:0.058, D:0.115, D#:0.070, E:0.163, F:0.051, F#:0.087, G:0.084, G#:0.064, A:0.128, A#:0.054, B:0.074"
5566,"C:0.044, C#:0.072, D:0.101, D#:0.071, E:0.108, F:0.050, F#:0.068, G:0.087, G#:0.109, A:0.147, A#:0.074, B:0.070"
5601,"C:0.063, C#:0.063, D:0.099, D#:0.052, E:0.079, F:0.042, F#:0.134, G:0.165, G#:0.055, A:0.069, A#:0.063, B:0.116"
5619,"C:0.156, C#:0.052, D:0.060, D#:0.050, E:0.058, F:0.039, F#:0.087, G:0.163, G#:0.059, A:0.073, A#:0.066, B:0.138"
5990,"C:0.254, C#:0.079, D:0.056, D#:0.034, E:0.086, F:0.064, F#:0.049, G:0.063, G#:0.050, A:0.080, A#:0.059, B:0.126"
6460,"C:0.019, C#:0.092, D:0.054, D#:0.020, E:0.073, F:0.079, F#:0.276, G:0.025, G#:0.031, A:0.074, A#:0.019, B:0.237"
6603,"C:0.103, C#:0.057, D:0.148, D#:0.084, E:0.117, F:0.123, F#:0.098, G:0.091, G#:0.042, A:0.034, A#:0.058, B:0.046"
6607,"C:0.025, C#:0.080, D:0.065, D#:0.087, E:0.114, F:0.033, F#:0.115, G:0.158, G#:0.161, A:0.087, A#:0.035, B:0.042"
6669,"C:0.140, C#:0.069, D:0.058, D#:0.188, E:0.143, F:0.065, F#:0.060, G:0.185, G#:0.031, A:0.009, A#:0.012, B:0.038"
6670,"C:0.107, C#:0.040, D:0.062, D#:0.045, E:0.135, F:0.087, F#:0.092, G:0.119, G#:0.062, A:0.089, A#:0.038, B:0.123"
7011,"C:0.052, C#:0.044, D:0.073, D#:0.065, E:0.269, F:0.117, F#:0.040, G:0.047, G#:0.062, A:0.071, A#:0.041, B:0.119"
7012,"C:0.017, C#:0.011, D:0.146, D#:0.032, E:0.208, F:0.037, F#:0.014, G:0.250, G#:0.034, A:0.151, A#:0.024, B:0.076"
7014,"C:0.037, C#:0.066, D:0.134, D#:0.066, E:0.031, F:0.036, F#:0.072, G:0.307, G#:0.103, A:0.079, A#:0.037, B:0.033"
7015,"C:0.165, C#:0.108, D:0.051, D#:0.045, E:0.152, F:0.080, F#:0.028, G:0.075, G#:0.105, A:0.061, A#:0.023, B:0.107"
7179,"C:0.038, C#:0.030, D:0.038, D#:0.022, E:0.027, F:0.075, F#:0.104, G:0.103, G#:0.142, A:0.249, A#:0.101, B:0.072"
7202,"C:0.028, C#:0.029, D:0.044, D#:0.035, E:0.036, F:0.042, F#:0.126, G:0.440, G#:0.090, A:0.053, A#:0.036, B:0.042"
7390,"C:0.049, C#:0.104, D:0.154, D#:0.043, E:0.194, F:0.083, F#:0.034, G:0.040, G#:0.040, A:0.060, A#:0.053, B:0.147"
7391,"C:0.049, C#:0.056, D:0.111, D#:0.083, E:0.096, F:0.078, F#:0.104, G:0.105, G#:0.070, A:0.108, A#:0.085, B:0.056"
7456,"C:0.035, C#:0.017, D:0.035, D#:0.047, E:0.124, F:0.050, F#:0.153, G:0.071, G#:0.078, A:0.143, A#:0.052, B:0.196"
7477,"C:0.045, C#:0.121, D:0.157, D#:0.052, E:0.090, F:0.025, F#:0.036, G:0.063, G#:0.069, A:0.193, A#:0.067, B:0.080"
7481,"C:0.142, C#:0.069, D:0.034, D#:0.118, E:0.030, F:0.034, F#:0.147, G:0.026, G#:0.017, A:0.037, A#:0.236, B:0.112"
7482,"C:0.181, C#:0.287, D:0.094, D#:0.040, E:0.026, F:0.023, F#:0.022, G:0.037, G#:0.068, A:0.059, A#:0.065, B:0.098"
7484,"C:0.225, C#:0.155, D:0.045, D#:0.034, E:0.026, F:0.028, F#:0.044, G:0.104, G#:0.085, A:0.058, A#:0.075, B:0.121"
7487,"C:0.053, C#:0.075, D:0.118, D#:0.120, E:0.063, F:0.132, F#:0.056, G:0.049, G#:0.073, A:0.073, A#:0.133, B:0.054"
7488,"C:0.167, C#:0.131, D:0.047, D#:0.123, E:0.056, F:0.206, F#:0.053, G:0.066, G#:0.078, A:0.021, A#:0.029, B:0.023"
7489,"C:0.027, C#:0.076, D:0.125, D#:0.142, E:0.107, F:0.185, F#:0.228, G:0.034, G#:0.021, A:0.015, A#:0.028, B:0.010"
7490,"C:0.061, C#:0.067, D:0.053, D#:0.076, E:0.126, F:0.265, F#:0.114, G:0.077, G#:0.079, A:0.025, A#:0.036, B:0.021"
7492,"C:0.173, C#:0.081, D:0.079, D#:0.069, E:0.098, F:0.092, F#:0.067, G:0.059, G#:0.046, A:0.064, A#:0.098, B:0.074"
7528,"C:0.137, C#:0.033, D:0.047, D#:0.026, E:0.135, F:0.081, F#:0.059, G:0.082, G#:0.045, A:0.239, A#:0.056, B:0.060"
7529,"C:0.097, C#:0.035, D:0.075, D#:0.134, E:0.065, F:0.041, F#:0.033, G:0.184, G#:0.054, A:0.068, A#:0.037, B:0.177"
7713,"C:0.145, C#:0.032, D:0.037, D#:0.016, E:0.039, F:0.141, F#:0.025, G:0.031, G#:0.029, A:0.108, A#:0.348, B:0.050"
7827,"C:0.154, C#:0.142, D:0.022, D#:0.031, E:0.039, F:0.228, F#:0.108, G:0.039, G#:0.074, A:0.055, A#:0.080, B:0.028"
7893,"C:0.182, C#:0.126, D:0.120, D#:0.047, E:0.054, F:0.091, F#:0.107, G:0.128, G#:0.054, A:0.033, A#:0.022, B:0.036"
7896,"C:0.072, C#:0.211, D:0.038, D#:0.029, E:0.097, F:0.058, F#:0.140, G:0.066, G#:0.055, A:0.120, A#:0.048, B:0.064"
7898,"C:0.151, C#:0.064, D:0.059, D#:0.034, E:0.107, F:0.036, F#:0.040, G:0.198, G#:0.044, A:0.148, A#:0.050, B:0.067"
7901,"C:0.028, C#:0.095, D:0.054, D#:0.041, E:0.107, F:0.058, F#:0.105, G:0.058, G#:0.158, A:0.177, A#:0.043, B:0.075"
7934,"C:0.043, C#:0.033, D:0.138, D#:0.082, E:0.032, F:0.065, F#:0.079, G:0.197, G#:0.065, A:0.109, A#:0.088, B:0.068"
7995,"C:0.031, C#:0.120, D:0.051, D#:0.066, E:0.274, F:0.065, F#:0.066, G:0.043, G#:0.058, A:0.081, A#:0.046, B:0.099"
8017,"C:0.028, C#:0.035, D:0.067, D#:0.082, E:0.193, F:0.067, F#:0.106, G:0.073, G#:0.065, A:0.125, A#:0.048, B:0.113"
8283,"C:0.077, C#:0.015, D:0.014, D#:0.086, E:0.273, F:0.117, F#:0.081, G:0.100, G#:0.040, A:0.118, A#:0.025, B:0.055"
8910,"C:0.043, C#:0.051, D:0.070, D#:0.271, E:0.065, F:0.058, F#:0.067, G:0.043, G#:0.076, A:0.046, A#:0.164, B:0.047"
8913,"C:0.035, C#:0.066, D:0.057, D#:0.170, E:0.046, F:0.075, F#:0.139, G:0.040, G#:0.027, A:0.048, A#:0.218, B:0.079"
8914,"C:0.056, C#:0.040, D:0.101, D#:0.055, E:0.216, F:0.044, F#:0.043, G:0.030, G#:0.034, A:0.054, A#:0.038, B:0.288"
8915,"C:0.109, C#:0.071, D:0.091, D#:0.121, E:0.055, F:0.038, F#:0.059, G:0.070, G#:0.107, A:0.067, A#:0.106, B:0.106"
9485,"C:0.239, C#:0.073, D:0.072, D#:0.027, E:0.083, F:0.154, F#:0.034, G:0.162, G#:0.036, A:0.071, A#:0.026, B:0.022"
9486,"C:0.034, C#:0.089, D:0.090, D#:0.058, E:0.190, F:0.075, F#:0.029, G:0.022, G#:0.061, A:0.217, A#:0.092, B:0.043"
9487,"C:0.132, C#:0.056, D:0.033, D#:0.048, E:0.126, F:0.118, F#:0.048, G:0.181, G#:0.107, A:0.054, A#:0.038, B:0.060"
9488,"C:0.101, C#:0.047, D:0.036, D#:0.053, E:0.190, F:0.096, F#:0.045, G:0.065, G#:0.107, A:0.072, A#:0.059, B:0.129"
9489,"C:0.046, C#:0.069, D:0.115, D#:0.077, E:0.096, F:0.123, F#:0.099, G:0.086, G#:0.077, A:0.126, A#:0.055, B:0.030"
9491,"C:0.123, C#:0.117, D:0.137, D#:0.143, E:0.105, F:0.079, F#:0.049, G:0.061, G#:0.032, A:0.033, A#:0.050, B:0.072"
9494,"C:0.049, C#:0.109, D:0.089, D#:0.026, E:0.055, F:0.105, F#:0.136, G:0.069, G#:0.046, A:0.068, A#:0.131, B:0.116"
9510,"C:0.085, C#:0.047, D:0.096, D#:0.123, E:0.051, F:0.085, F#:0.103, G:0.202, G#:0.064, A:0.047, A#:0.068, B:0.028"
9581,"C:0.051, C#:0.041, D:0.107, D#:0.060, E:0.057, F:0.122, F#:0.091, G:0.118, G#:0.081, A:0.069, A#:0.133, B:0.069"
9583,"C:0.061, C#:0.079, D:0.120, D#:0.094, E:0.073, F:0.057, F#:0.080, G:0.100, G#:0.073, A:0.084, A#:0.087, B:0.093"
9587,"C:0.039, C#:0.022, D:0.026, D#:0.033, E:0.061, F:0.086, F#:0.130, G:0.122, G#:0.098, A:0.152, A#:0.102, B:0.129"
9655,"C:0.072, C#:0.079, D:0.114, D#:0.057, E:0.058, F:0.082, F#:0.116, G:0.173, G#:0.072, A:0.056, A#:0.050, B:0.071"
9659,"C:0.145, C#:0.070, D:0.059, D#:0.054, E:0.109, F:0.149, F#:0.088, G:0.093, G#:0.039, A:0.033, A#:0.046, B:0.115"
9662,"C:0.082, C#:0.075, D:0.043, D#:0.098, E:0.061, F:0.072, F#:0.035, G:0.047, G#:0.219, A:0.101, A#:0.100, B:0.067"
9663,"C:0.011, C#:0.024, D:0.063, D#:0.281, E:0.039, F:0.040, F#:0.022, G:0.118, G#:0.089, A:0.023, A#:0.264, B:0.026"
9664,"C:0.038, C#:0.019, D:0.061, D#:0.058, E:0.043, F:0.196, F#:0.054, G:0.040, G#:0.027, A:0.071, A#:0.289, B:0.101"
9665,"C:0.190, C#:0.032, D:0.069, D#:0.022, E:0.209, F:0.253, F#:0.019, G:0.104, G#:0.012, A:0.043, A#:0.017, B:0.032"
9666,"C:0.098, C#:0.034, D:0.136, D#:0.024, E:0.095, F:0.090, F#:0.044, G:0.234, G#:0.049, A:0.073, A#:0.020, B:0.103"
9695,"C:0.022, C#:0.023, D:0.033, D#:0.065, E:0.181, F:0.315, F#:0.133, G:0.088, G#:0.050, A:0.037, A#:0.028, B:0.024"
9699,"C:0.159, C#:0.090, D:0.059, D#:0.051, E:0.045, F:0.052, F#:0.060, G:0.113, G#:0.146, A:0.072, A#:0.083, B:0.069"
9866,"C:0.093, C#:0.072, D:0.096, D#:0.080, E:0.069, F:0.078, F#:0.067, G:0.050, G#:0.076, A:0.096, A#:0.104, B:0.119"
9867,"C:0.052, C#:0.053, D:0.072, D#:0.092, E:0.100, F:0.119, F#:0.062, G:0.039, G#:0.099, A:0.073, A#:0.150, B:0.088"
9904,"C:0.078, C#:0.025, D:0.059, D#:0.139, E:0.128, F:0.155, F#:0.054, G:0.071, G#:0.100, A:0.052, A#:0.089, B:0.050"
9905,"C:0.175, C#:0.112, D:0.045, D#:0.031, E:0.053, F:0.155, F#:0.067, G:0.028, G#:0.040, A:0.143, A#:0.106, B:0.046"
9906,"C:0.152, C#:0.094, D:0.085, D#:0.043, E:0.048, F:0.127, F#:0.084, G:0.054, G#:0.035, A:0.052, A#:0.137, B:0.087"
9907,"C:0.096, C#:0.047, D:0.097, D#:0.151, E:0.072, F:0.099, F#:0.099, G:0.085, G#:0.030, A:0.037, A#:0.114, B:0.074"
9913,"C:0.054, C#:0.021, D:0.088, D#:0.130, E:0.081, F:0.169, F#:0.052, G:0.110, G#:0.042, A:0.062, A#:0.160, B:0.031"
9916,"C:0.022, C#:0.015, D:0.017, D#:0.096, E:0.119, F:0.185, F#:0.161, G:0.117, G#:0.109, A:0.084, A#:0.037, B:0.037"
9985,"C:0.071, C#:0.040, D:0.081, D#:0.058, E:0.111, F:0.165, F#:0.111, G:0.148, G#:0.069, A:0.049, A#:0.036, B:0.060"
9986,"C:0.062, C#:0.065, D:0.081, D#:0.067, E:0.076, F:0.113, F#:0.115, G:0.075, G#:0.082, A:0.087, A#:0.104, B:0.074"
9987,"C:0.094, C#:0.057, D:0.072, D#:0.066, E:0.095, F:0.060, F#:0.065, G:0.070, G#:0.061, A:0.091, A#:0.106, B:0.163"
9988,"C:0.054, C#:0.045, D:0.041, D#:0.052, E:0.109, F:0.065, F#:0.111, G:0.077, G#:0.076, A:0.145, A#:0.093, B:0.132"
9989,"C:0.069, C#:0.063, D:0.102, D#:0.065, E:0.090, F:0.071, F#:0.077, G:0.098, G#:0.077, A:0.104, A#:0.090, B:0.095"
9990,"C:0.090, C#:0.081, D:0.135, D#:0.116, E:0.134, F:0.071, F#:0.041, G:0.050, G#:0.043, A:0.077, A#:0.065, B:0.097"
9999,"C:0.054, C#:0.042, D:0.104, D#:0.056, E:0.104, F:0.037, F#:0.075, G:0.044, G#:0.047, A:0.117, A#:0.088, B:0.232"
10000,"C:0.081, C#:0.039, D:0.062, D#:0.115, E:0.113, F:0.223, F#:0.099, G:0.050, G#:0.059, A:0.051, A#:0.057, B:0.051"
10001,"C:0.120, C#:0.087, D:0.061, D#:0.031, E:0.049, F:0.030, F#:0.061, G:0.055, G#:0.050, A:0.072, A#:0.104, B:0.280"
10002,"C:0.093, C#:0.069, D:0.090, D#:0.070, E:0.081, F:0.160, F#:0.068, G:0.048, G#:0.088, A:0.059, A#:0.080, B:0.095"
10003,"C:0.023, C#:0.024, D:0.027, D#:0.039, E:0.085, F:0.136, F#:0.132, G:0.149, G#:0.110, A:0.146, A#:0.095, B:0.035"
10060,"C:0.009, C#:0.017, D:0.048, D#:0.370, E:0.328, F:0.029, F#:0.012, G:0.055, G#:0.010, A:0.080, A#:0.029, B:0.014"
10109,"C:0.275, C#:0.090, D:0.016, D#:0.131, E:0.017, F:0.076, F#:0.018, G:0.031, G#:0.185, A:0.031, A#:0.059, B:0.068"
10190,"C:0.053, C#:0.068, D:0.129, D#:0.114, E:0.182, F:0.080, F#:0.086, G:0.052, G#:0.048, A:0.078, A#:0.064, B:0.047"
10194,"C:0.054, C#:0.055, D:0.128, D#:0.126, E:0.111, F:0.177, F#:0.113, G:0.064, G#:0.041, A:0.054, A#:0.023, B:0.053"
10381,"C:0.096, C#:0.097, D:0.044, D#:0.040, E:0.253, F:0.059, F#:0.019, G:0.014, G#:0.045, A:0.082, A#:0.038, B:0.214"
10382,"C:0.087, C#:0.181, D:0.033, D#:0.099, E:0.054, F:0.125, F#:0.019, G:0.063, G#:0.141, A:0.033, A#:0.100, B:0.064"
10383,"C:0.058, C#:0.073, D:0.022, D#:0.012, E:0.047, F:0.039, F#:0.356, G:0.123, G#:0.035, A:0.081, A#:0.041, B:0.114"
10388,"C:0.192, C#:0.046, D:0.127, D#:0.038, E:0.176, F:0.065, F#:0.021, G:0.081, G#:0.026, A:0.096, A#:0.030, B:0.102"
10408,"C:0.053, C#:0.059, D:0.091, D#:0.076, E:0.191, F:0.054, F#:0.065, G:0.114, G#:0.067, A:0.114, A#:0.048, B:0.068"
10412,"C:0.106, C#:0.039, D:0.039, D#:0.092, E:0.160, F:0.039, F#:0.016, G:0.046, G#:0.129, A:0.142, A#:0.074, B:0.120"
10415,"C:0.083, C#:0.263, D:0.090, D#:0.116, E:0.051, F:0.025, F#:0.056, G:0.019, G#:0.137, A:0.101, A#:0.037, B:0.021"
10433,"C:0.203, C#:0.074, D:0.064, D#:0.029, E:0.055, F:0.068, F#:0.068, G:0.194, G#:0.058, A:0.039, A#:0.055, B:0.094"
10438,"C:0.027, C#:0.043, D:0.032, D#:0.064, E:0.217, F:0.083, F#:0.039, G:0.037, G#:0.043, A:0.285, A#:0.058, B:0.071"
10439,"C:0.014, C#:0.124, D:0.205, D#:0.038, E:0.251, F:0.022, F#:0.069, G:0.011, G#:0.028, A:0.193, A#:0.023, B:0.022"
10440,"C:0.064, C#:0.029, D:0.223, D#:0.022, E:0.016, F:0.029, F#:0.029, G:0.291, G#:0.043, A:0.092, A#:0.118, B:0.045"
10441,"C:0.108, C#:0.026, D:0.043, D#:0.084, E:0.026, F:0.039, F#:0.087, G:0.295, G#:0.087, A:0.060, A#:0.102, B:0.043"
10442,"C:0.115, C#:0.193, D:0.024, D#:0.018, E:0.030, F:0.272, F#:0.041, G:0.020, G#:0.038, A:0.057, A#:0.159, B:0.032"
10443,"C:0.044, C#:0.007, D:0.024, D#:0.033, E:0.017, F:0.029, F#:0.132, G:0.400, G#:0.181, A:0.067, A#:0.043, B:0.023"
10447,"C:0.091, C#:0.056, D:0.199, D#:0.020, E:0.038, F:0.116, F#:0.081, G:0.265, G#:0.022, A:0.036, A#:0.040, B:0.035"
10518,"C:0.034, C#:0.047, D:0.026, D#:0.107, E:0.220, F:0.037, F#:0.101, G:0.023, G#:0.097, A:0.180, A#:0.044, B:0.086"
10575,"C:0.031, C#:0.106, D:0.051, D#:0.058, E:0.272, F:0.051, F#:0.114, G:0.024, G#:0.056, A:0.031, A#:0.028, B:0.178"
10604,"C:0.102, C#:0.046, D:0.105, D#:0.050, E:0.085, F:0.040, F#:0.050, G:0.110, G#:0.064, A:0.114, A#:0.082, B:0.153"
10941,"C:0.112, C#:0.045, D:0.186, D#:0.029, E:0.179, F:0.087, F#:0.015, G:0.078, G#:0.055, A:0.164, A#:0.020, B:0.030"
10992,"C:0.019, C#:0.008, D:0.019, D#:0.056, E:0.251, F:0.032, F#:0.072, G:0.163, G#:0.042, A:0.087, A#:0.045, B:0.208"
11019,"C:0.016, C#:0.023, D:0.033, D#:0.173, E:0.029, F:0.005, F#:0.013, G:0.101, G#:0.386, A:0.088, A#:0.071, B:0.062"
11135,"C:0.188, C#:0.088, D:0.046, D#:0.035, E:0.072, F:0.266, F#:0.057, G:0.079, G#:0.058, A:0.031, A#:0.045, B:0.035"
11154,"C:0.193, C#:0.044, D:0.014, D#:0.023, E:0.146, F:0.404, F#:0.093, G:0.019, G#:0.027, A:0.004, A#:0.021, B:0.012"
11156,"C:0.239, C#:0.075, D:0.018, D#:0.057, E:0.088, F:0.307, F#:0.056, G:0.051, G#:0.096, A:0.003, A#:0.001, B:0.009"
11205,"C:0.103, C#:0.087, D:0.145, D#:0.081, E:0.106, F:0.109, F#:0.066, G:0.070, G#:0.043, A:0.112, A#:0.046, B:0.033"
11304,"C:0.103, C#:0.066, D:0.261, D#:0.124, E:0.049, F:0.022, F#:0.027, G:0.039, G#:0.028, A:0.141, A#:0.067, B:0.072"
11305,"C:0.016, C#:0.013, D:0.067, D#:0.051, E:0.567, F:0.051, F#:0.024, G:0.014, G#:0.036, A:0.015, A#:0.018, B:0.129"
11306,"C:0.142, C#:0.056, D:0.342, D#:0.028, E:0.028, F:0.008, F#:0.024, G:0.024, G#:0.021, A:0.163, A#:0.036, B:0.129"
11307,"C:0.021, C#:0.023, D:0.067, D#:0.056, E:0.399, F:0.171, F#:0.031, G:0.036, G#:0.029, A:0.048, A#:0.022, B:0.097"
11308,"C:0.038, C#:0.027, D:0.027, D#:0.077, E:0.286, F:0.051, F#:0.031, G:0.024, G#:0.087, A:0.040, A#:0.093, B:0.222"
11309,"C:0.046, C#:0.045, D:0.472, D#:0.053, E:0.066, F:0.112, F#:0.015, G:0.007, G#:0.012, A:0.152, A#:0.011, B:0.010"
11310,"C:0.047, C#:0.065, D:0.154, D#:0.072, E:0.189, F:0.040, F#:0.029, G:0.026, G#:0.085, A:0.154, A#:0.056, B:0.081"
11434,"C:0.045, C#:0.052, D:0.041, D#:0.033, E:0.135, F:0.037, F#:0.046, G:0.065, G#:0.091, A:0.346, A#:0.063, B:0.046"
11436,"C:0.025, C#:0.017, D:0.042, D#:0.074, E:0.510, F:0.103, F#:0.032, G:0.017, G#:0.019, A:0.011, A#:0.020, B:0.129"
11438,"C:0.096, C#:0.081, D:0.077, D#:0.070, E:0.071, F:0.069, F#:0.063, G:0.046, G#:0.044, A:0.066, A#:0.086, B:0.232"
11444,"C:0.072, C#:0.067, D:0.088, D#:0.051, E:0.049, F:0.091, F#:0.063, G:0.187, G#:0.082, A:0.092, A#:0.112, B:0.046"
11472,"C:0.126, C#:0.044, D:0.170, D#:0.040, E:0.107, F:0.227, F#:0.033, G:0.038, G#:0.016, A:0.146, A#:0.016, B:0.037"
11477,"C:0.018, C#:0.016, D:0.135, D#:0.023, E:0.043, F:0.028, F#:0.144, G:0.207, G#:0.043, A:0.135, A#:0.031, B:0.177"
11623,"C:0.041, C#:0.024, D:0.106, D#:0.036, E:0.200, F:0.062, F#:0.068, G:0.132, G#:0.030, A:0.074, A#:0.023, B:0.205"
11657,"C:0.279, C#:0.041, D:0.028, D#:0.107, E:0.022, F:0.022, F#:0.068, G:0.277, G#:0.064, A:0.017, A#:0.018, B:0.056"
11938,"C:0.052, C#:0.033, D:0.054, D#:0.026, E:0.085, F:0.037, F#:0.054, G:0.136, G#:0.138, A:0.239, A#:0.092, B:0.054"
11940,"C:0.052, C#:0.032, D:0.046, D#:0.097, E:0.264, F:0.100, F#:0.061, G:0.060, G#:0.041, A:0.056, A#:0.052, B:0.138"
11954,"C:0.132, C#:0.053, D:0.102, D#:0.118, E:0.050, F:0.061, F#:0.049, G:0.096, G#:0.068, A:0.043, A#:0.188, B:0.039"
11956,"C:0.037, C#:0.025, D:0.225, D#:0.018, E:0.009, F:0.021, F#:0.105, G:0.417, G#:0.073, A:0.026, A#:0.010, B:0.034"
11960,"C:0.051, C#:0.050, D:0.071, D#:0.118, E:0.043, F:0.069, F#:0.070, G:0.081, G#:0.160, A:0.083, A#:0.158, B:0.045"
11999,"C:0.031, C#:0.029, D:0.088, D#:0.028, E:0.136, F:0.034, F#:0.011, G:0.073, G#:0.025, A:0.443, A#:0.061, B:0.040"
12000,"C:0.033, C#:0.100, D:0.051, D#:0.052, E:0.092, F:0.060, F#:0.217, G:0.055, G#:0.038, A:0.026, A#:0.152, B:0.125"
12003,"C:0.136, C#:0.020, D:0.304, D#:0.019, E:0.256, F:0.010, F#:0.005, G:0.021, G#:0.018, A:0.160, A#:0.012, B:0.039"
12008,"C:0.027, C#:0.178, D:0.202, D#:0.017, E:0.013, F:0.010, F#:0.030, G:0.007, G#:0.037, A:0.227, A#:0.027, B:0.225"
12013,"C:0.048, C#:0.030, D:0.069, D#:0.054, E:0.028, F:0.031, F#:0.098, G:0.100, G#:0.067, A:0.049, A#:0.063, B:0.363"
12014,"C:0.095, C#:0.204, D:0.080, D#:0.052, E:0.085, F:0.036, F#:0.091, G:0.049, G#:0.126, A:0.016, A#:0.016, B:0.149"
12018,"C:0.189, C#:0.113, D:0.147, D#:0.285, E:0.022, F:0.027, F#:0.038, G:0.050, G#:0.017, A:0.028, A#:0.021, B:0.065"
12020,"C:0.067, C#:0.063, D:0.142, D#:0.035, E:0.057, F:0.076, F#:0.058, G:0.192, G#:0.051, A:0.086, A#:0.116, B:0.058"
12021,"C:0.006, C#:0.058, D:0.342, D#:0.012, E:0.038, F:0.019, F#:0.135, G:0.313, G#:0.019, A:0.016, A#:0.007, B:0.036"
12100,"C:0.078, C#:0.021, D:0.341, D#:0.021, E:0.117, F:0.088, F#:0.010, G:0.046, G#:0.012, A:0.137, A#:0.013, B:0.114"
12105,"C:0.291, C#:0.067, D:0.024, D#:0.018, E:0.090, F:0.319, F#:0.051, G:0.071, G#:0.006, A:0.041, A#:0.007, B:0.016"
12131,"C:0.103, C#:0.009, D:0.019, D#:0.046, E:0.310, F:0.066, F#:0.007, G:0.006, G#:0.033, A:0.153, A#:0.068, B:0.179"
12147,"C:0.072, C#:0.060, D:0.160, D#:0.068, E:0.080, F:0.150, F#:0.074, G:0.082, G#:0.053, A:0.122, A#:0.043, B:0.037"
12176,"C:0.093, C#:0.048, D:0.108, D#:0.054, E:0.102, F:0.031, F#:0.029, G:0.056, G#:0.085, A:0.271, A#:0.069, B:0.054"
12189,"C:0.090, C#:0.133, D:0.045, D#:0.096, E:0.061, F:0.138, F#:0.051, G:0.056, G#:0.066, A:0.064, A#:0.160, B:0.039"
12191,"C:0.063, C#:0.062, D:0.126, D#:0.056, E:0.051, F:0.062, F#:0.150, G:0.143, G#:0.062, A:0.046, A#:0.053, B:0.127"
12290,"C:0.064, C#:0.048, D:0.121, D#:0.048, E:0.043, F:0.107, F#:0.076, G:0.168, G#:0.085, A:0.077, A#:0.103, B:0.060"
12389,"C:0.026, C#:0.036, D:0.018, D#:0.036, E:0.174, F:0.050, F#:0.169, G:0.035, G#:0.034, A:0.198, A#:0.040, B:0.183"
12390,"C:0.030, C#:0.034, D:0.154, D#:0.028, E:0.034, F:0.028, F#:0.039, G:0.144, G#:0.065, A:0.353, A#:0.060, B:0.031"
12491,"C:0.087, C#:0.005, D:0.092, D#:0.004, E:0.006, F:0.229, F#:0.011, G:0.005, G#:0.004, A:0.155, A#:0.395, B:0.007"
12492,"C:0.125, C#:0.137, D:0.142, D#:0.093, E:0.091, F:0.097, F#:0.074, G:0.069, G#:0.050, A:0.065, A#:0.038, B:0.019"
12494,"C:0.045, C#:0.074, D:0.198, D#:0.072, E:0.094, F:0.092, F#:0.045, G:0.076, G#:0.060, A:0.140, A#:0.075, B:0.029"
12496,"C:0.104, C#:0.132, D:0.100, D#:0.112, E:0.081, F:0.034, F#:0.025, G:0.045, G#:0.119, A:0.099, A#:0.096, B:0.052"
12497,"C:0.029, C#:0.038, D:0.199, D#:0.070, E:0.066, F:0.093, F#:0.063, G:0.136, G#:0.058, A:0.139, A#:0.080, B:0.030"
12500,"C:0.059, C#:0.045, D:0.164, D#:0.042, E:0.052, F:0.077, F#:0.073, G:0.095, G#:0.045, A:0.130, A#:0.145, B:0.075"
12501,"C:0.122, C#:0.077, D:0.079, D#:0.074, E:0.146, F:0.106, F#:0.084, G:0.085, G#:0.050, A:0.096, A#:0.028, B:0.054"
12502,"C:0.049, C#:0.130, D:0.027, D#:0.089, E:0.129, F:0.026, F#:0.093, G:0.042, G#:0.188, A:0.076, A#:0.038, B:0.112"
12503,"C:0.102, C#:0.102, D:0.067, D#:0.059, E:0.060, F:0.068, F#:0.074, G:0.088, G#:0.101, A:0.085, A#:0.098, B:0.096"
12504,"C:0.296, C#:0.082, D:0.042, D#:0.074, E:0.175, F:0.118, F#:0.047, G:0.039, G#:0.022, A:0.020, A#:0.029, B:0.058"
12507,"C:0.080, C#:0.093, D:0.100, D#:0.104, E:0.089, F:0.056, F#:0.070, G:0.075, G#:0.076, A:0.085, A#:0.089, B:0.082"
12556,"C:0.115, C#:0.029, D:0.022, D#:0.226, E:0.033, F:0.132, F#:0.028, G:0.057, G#:0.202, A:0.024, A#:0.116, B:0.016"
12590,"C:0.398, C#:0.038, D:0.132, D#:0.015, E:0.096, F:0.028, F#:0.011, G:0.069, G#:0.015, A:0.152, A#:0.016, B:0.032"
12592,"C:0.192, C#:0.042, D:0.036, D#:0.034, E:0.150, F:0.031, F#:0.034, G:0.156, G#:0.053, A:0.141, A#:0.037, B:0.094"
12650,"C:0.058, C#:0.076, D:0.112, D#:0.057, E:0.121, F:0.059, F#:0.155, G:0.099, G#:0.042, A:0.043, A#:0.052, B:0.127"
12672,"C:0.070, C#:0.132, D:0.135, D#:0.084, E:0.080, F:0.053, F#:0.096, G:0.121, G#:0.073, A:0.071, A#:0.037, B:0.047"
12676,"C:0.049, C#:0.081, D:0.169, D#:0.046, E:0.024, F:0.062, F#:0.134, G:0.141, G#:0.058, A:0.112, A#:0.097, B:0.027"
12851,"C:0.048, C#:0.013, D:0.011, D#:0.049, E:0.069, F:0.051, F#:0.075, G:0.083, G#:0.170, A:0.195, A#:0.136, B:0.100"
12855,"C:0.044, C#:0.248, D:0.033, D#:0.032, E:0.017, F:0.086, F#:0.192, G:0.031, G#:0.084, A:0.022, A#:0.132, B:0.078"
12901,"C:0.024, C#:0.083, D:0.017, D#:0.031, E:0.103, F:0.063, F#:0.194, G:0.055, G#:0.106, A:0.149, A#:0.053, B:0.121"
12945,"C:0.095, C#:0.136, D:0.145, D#:0.101, E:0.112, F:0.077, F#:0.108, G:0.042, G#:0.046, A:0.083, A#:0.035, B:0.020"
12946,"C:0.119, C#:0.044, D:0.089, D#:0.086, E:0.046, F:0.045, F#:0.046, G:0.118, G#:0.122, A:0.084, A#:0.128, B:0.074"
12947,"C:0.043, C#:0.013, D:0.056, D#:0.025, E:0.077, F:0.173, F#:0.082, G:0.354, G#:0.064, A:0.059, A#:0.030, B:0.024"
12951,"C:0.106, C#:0.078, D:0.044, D#:0.098, E:0.050, F:0.067, F#:0.043, G:0.078, G#:0.167, A:0.085, A#:0.115, B:0.069"
12953,"C:0.070, C#:0.051, D:0.122, D#:0.150, E:0.066, F:0.164, F#:0.063, G:0.039, G#:0.023, A:0.068, A#:0.134, B:0.050"
13079,"C:0.057, C#:0.185, D:0.063, D#:0.077, E:0.027, F:0.109, F#:0.117, G:0.040, G#:0.125, A:0.037, A#:0.092, B:0.071"
13088,"C:0.206, C#:0.031, D:0.038, D#:0.116, E:0.180, F:0.017, F#:0.045, G:0.120, G#:0.069, A:0.069, A#:0.021, B:0.087"
13090,"C:0.111, C#:0.148, D:0.036, D#:0.076, E:0.060, F:0.045, F#:0.058, G:0.121, G#:0.242, A:0.044, A#:0.022, B:0.036"
13177,"C:0.047, C#:0.024, D:0.021, D#:0.210, E:0.157, F:0.030, F#:0.089, G:0.053, G#:0.058, A:0.032, A#:0.143, B:0.135"
13200,"C:0.142, C#:0.074, D:0.249, D#:0.067, E:0.094, F:0.122, F#:0.032, G:0.047, G#:0.018, A:0.094, A#:0.024, B:0.039"
13217,"C:0.122, C#:0.167, D:0.043, D#:0.085, E:0.026, F:0.081, F#:0.058, G:0.079, G#:0.119, A:0.051, A#:0.113, B:0.055"
13247,"C:0.055, C#:0.021, D:0.015, D#:0.028, E:0.065, F:0.031, F#:0.027, G:0.071, G#:0.149, A:0.254, A#:0.170, B:0.113"
13249,"C:0.080, C#:0.083, D:0.082, D#:0.096, E:0.101, F:0.095, F#:0.068, G:0.065, G#:0.060, A:0.204, A#:0.038, B:0.029"
13324,"C:0.032, C#:0.059, D:0.128, D#:0.124, E:0.048, F:0.027, F#:0.038, G:0.102, G#:0.239, A:0.111, A#:0.047, B:0.045"
13328,"C:0.074, C#:0.041, D:0.049, D#:0.068, E:0.074, F:0.184, F#:0.094, G:0.091, G#:0.138, A:0.064, A#:0.083, B:0.040"
13362,"C:0.093, C#:0.058, D:0.054, D#:0.115, E:0.203, F:0.068, F#:0.028, G:0.024, G#:0.044, A:0.106, A#:0.075, B:0.133"
13380,"C:0.053, C#:0.035, D:0.142, D#:0.084, E:0.045, F:0.101, F#:0.062, G:0.217, G#:0.046, A:0.069, A#:0.113, B:0.033"
13459,"C:0.020, C#:0.062, D:0.247, D#:0.039, E:0.075, F:0.104, F#:0.067, G:0.057, G#:0.053, A:0.239, A#:0.021, B:0.015"
13474,"C:0.019, C#:0.050, D:0.236, D#:0.091, E:0.150, F:0.124, F#:0.045, G:0.057, G#:0.011, A:0.191, A#:0.017, B:0.009"
13569,"C:0.023, C#:0.017, D:0.011, D#:0.037, E:0.402, F:0.048, F#:0.191, G:0.113, G#:0.017, A:0.053, A#:0.011, B:0.075"
13591,"C:0.042, C#:0.062, D:0.095, D#:0.058, E:0.122, F:0.077, F#:0.036, G:0.068, G#:0.143, A:0.153, A#:0.062, B:0.082"
13597,"C:0.039, C#:0.049, D:0.135, D#:0.116, E:0.290, F:0.048, F#:0.031, G:0.074, G#:0.027, A:0.060, A#:0.036, B:0.094"
13709,"C:0.111, C#:0.096, D:0.090, D#:0.095, E:0.065, F:0.068, F#:0.074, G:0.081, G#:0.067, A:0.069, A#:0.083, B:0.103"
13765,"C:0.177, C#:0.030, D:0.030, D#:0.013, E:0.018, F:0.025, F#:0.072, G:0.273, G#:0.106, A:0.090, A#:0.054, B:0.111"
13776,"C:0.043, C#:0.095, D:0.080, D#:0.114, E:0.056, F:0.044, F#:0.099, G:0.078, G#:0.193, A:0.098, A#:0.049, B:0.052"
13912,"C:0.042, C#:0.065, D:0.129, D#:0.066, E:0.071, F:0.035, F#:0.071, G:0.179, G#:0.113, A:0.123, A#:0.046, B:0.060"
13914,"C:0.049, C#:0.067, D:0.084, D#:0.097, E:0.172, F:0.070, F#:0.093, G:0.031, G#:0.048, A:0.036, A#:0.048, B:0.205"
13927,"C:0.023, C#:0.039, D:0.068, D#:0.140, E:0.291, F:0.048, F#:0.086, G:0.066, G#:0.021, A:0.019, A#:0.041, B:0.159"
13938,"C:0.192, C#:0.045, D:0.160, D#:0.027, E:0.207, F:0.039, F#:0.050, G:0.125, G#:0.045, A:0.036, A#:0.016, B:0.059"
13939,"C:0.108, C#:0.064, D:0.077, D#:0.047, E:0.076, F:0.067, F#:0.053, G:0.173, G#:0.056, A:0.137, A#:0.058, B:0.084"
13967,"C:0.078, C#:0.033, D:0.028, D#:0.047, E:0.140, F:0.077, F#:0.064, G:0.049, G#:0.062, A:0.122, A#:0.113, B:0.187"
13976,"C:0.045, C#:0.098, D:0.094, D#:0.067, E:0.074, F:0.029, F#:0.046, G:0.052, G#:0.119, A:0.178, A#:0.081, B:0.116"
13980,"C:0.028, C#:0.027, D:0.022, D#:0.068, E:0.340, F:0.042, F#:0.104, G:0.026, G#:0.080, A:0.052, A#:0.028, B:0.184"
13998,"C:0.021, C#:0.087, D:0.100, D#:0.021, E:0.154, F:0.020, F#:0.047, G:0.027, G#:0.051, A:0.356, A#:0.046, B:0.068"
14006,"C:0.010, C#:0.117, D:0.181, D#:0.017, E:0.062, F:0.013, F#:0.065, G:0.049, G#:0.038, A:0.375, A#:0.031, B:0.041"
14007,"C:0.023, C#:0.070, D:0.280, D#:0.039, E:0.060, F:0.020, F#:0.087, G:0.083, G#:0.030, A:0.215, A#:0.038, B:0.053"
14010,"C:0.207, C#:0.038, D:0.035, D#:0.025, E:0.106, F:0.173, F#:0.052, G:0.076, G#:0.027, A:0.097, A#:0.110, B:0.054"
14012,"C:0.033, C#:0.072, D:0.158, D#:0.062, E:0.162, F:0.040, F#:0.074, G:0.030, G#:0.053, A:0.183, A#:0.052, B:0.081"
14014,"C:0.043, C#:0.057, D:0.037, D#:0.075, E:0.167, F:0.084, F#:0.074, G:0.070, G#:0.113, A:0.097, A#:0.078, B:0.105"
14016,"C:0.094, C#:0.093, D:0.103, D#:0.059, E:0.106, F:0.063, F#:0.082, G:0.087, G#:0.039, A:0.036, A#:0.055, B:0.183"
14019,"C:0.104, C#:0.082, D:0.123, D#:0.046, E:0.055, F:0.035, F#:0.067, G:0.194, G#:0.052, A:0.055, A#:0.062, B:0.126"
14020,"C:0.103, C#:0.054, D:0.065, D#:0.035, E:0.043, F:0.039, F#:0.044, G:0.121, G#:0.078, A:0.142, A#:0.168, B:0.109"
14032,"C:0.057, C#:0.052, D:0.066, D#:0.101, E:0.143, F:0.139, F#:0.132, G:0.067, G#:0.048, A:0.048, A#:0.053, B:0.094"
14033,"C:0.232, C#:0.048, D:0.054, D#:0.021, E:0.053, F:0.033, F#:0.053, G:0.242, G#:0.085, A:0.071, A#:0.042, B:0.066"
14035,"C:0.109, C#:0.045, D:0.034, D#:0.024, E:0.027, F:0.022, F#:0.039, G:0.168, G#:0.121, A:0.151, A#:0.128, B:0.133"
14039,"C:0.151, C#:0.080, D:0.049, D#:0.036, E:0.069, F:0.029, F#:0.044, G:0.082, G#:0.038, A:0.196, A#:0.093, B:0.133"
14063,"C:0.108, C#:0.087, D:0.082, D#:0.070, E:0.089, F:0.087, F#:0.072, G:0.120, G#:0.082, A:0.062, A#:0.051, B:0.091"
14064,"C:0.087, C#:0.116, D:0.068, D#:0.077, E:0.042, F:0.060, F#:0.091, G:0.073, G#:0.085, A:0.083, A#:0.109, B:0.110"
14067,"C:0.106, C#:0.118, D:0.095, D#:0.101, E:0.097, F:0.081, F#:0.067, G:0.065, G#:0.058, A:0.073, A#:0.075, B:0.064"
14068,"C:0.034, C#:0.043, D:0.059, D#:0.130, E:0.093, F:0.056, F#:0.108, G:0.139, G#:0.120, A:0.061, A#:0.082, B:0.077"
14130,"C:0.096, C#:0.196, D:0.130, D#:0.065, E:0.038, F:0.032, F#:0.068, G:0.048, G#:0.074, A:0.115, A#:0.073, B:0.068"
14131,"C:0.059, C#:0.075, D:0.036, D#:0.060, E:0.032, F:0.078, F#:0.087, G:0.104, G#:0.154, A:0.098, A#:0.123, B:0.093"
14132,"C:0.044, C#:0.090, D:0.076, D#:0.055, E:0.094, F:0.064, F#:0.112, G:0.045, G#:0.084, A:0.149, A#:0.085, B:0.102"
14152,"C:0.398, C#:0.094, D:0.080, D#:0.095, E:0.047, F:0.026, F#:0.023, G:0.125, G#:0.023, A:0.014, A#:0.048, B:0.027"
14191,"C:0.029, C#:0.028, D:0.022, D#:0.046, E:0.059, F:0.045, F#:0.101, G:0.339, G#:0.209, A:0.040, A#:0.051, B:0.030"
14229,"C:0.059, C#:0.119, D:0.153, D#:0.058, E:0.054, F:0.080, F#:0.062, G:0.158, G#:0.062, A:0.063, A#:0.083, B:0.051"
14240,"C:0.048, C#:0.037, D:0.038, D#:0.067, E:0.148, F:0.066, F#:0.048, G:0.145, G#:0.147, A:0.093, A#:0.069, B:0.094"
14243,"C:0.059, C#:0.104, D:0.182, D#:0.045, E:0.032, F:0.051, F#:0.163, G:0.048, G#:0.044, A:0.041, A#:0.057, B:0.176"
14244,"C:0.027, C#:0.055, D:0.115, D#:0.056, E:0.101, F:0.030, F#:0.031, G:0.052, G#:0.074, A:0.359, A#:0.073, B:0.026"
14245,"C:0.099, C#:0.063, D:0.064, D#:0.085, E:0.162, F:0.101, F#:0.091, G:0.085, G#:0.075, A:0.067, A#:0.054, B:0.054"
14263,"C:0.265, C#:0.042, D:0.031, D#:0.038, E:0.181, F:0.048, F#:0.042, G:0.076, G#:0.043, A:0.136, A#:0.050, B:0.047"
14279,"C:0.042, C#:0.069, D:0.171, D#:0.029, E:0.041, F:0.034, F#:0.034, G:0.092, G#:0.125, A:0.244, A#:0.073, B:0.047"
14281,"C:0.047, C#:0.053, D:0.164, D#:0.046, E:0.066, F:0.064, F#:0.040, G:0.086, G#:0.083, A:0.172, A#:0.114, B:0.064"
14282,"C:0.066, C#:0.070, D:0.152, D#:0.052, E:0.056, F:0.038, F#:0.083, G:0.116, G#:0.104, A:0.154, A#:0.057, B:0.052"
14283,"C:0.038, C#:0.026, D:0.218, D#:0.105, E:0.026, F:0.018, F#:0.145, G:0.137, G#:0.036, A:0.135, A#:0.096, B:0.021"
14284,"C:0.085, C#:0.098, D:0.125, D#:0.069, E:0.032, F:0.035, F#:0.061, G:0.117, G#:0.109, A:0.070, A#:0.107, B:0.092"
14286,"C:0.141, C#:0.090, D:0.178, D#:0.041, E:0.025, F:0.028, F#:0.045, G:0.083, G#:0.081, A:0.148, A#:0.061, B:0.079"
14287,"C:0.057, C#:0.054, D:0.211, D#:0.081, E:0.035, F:0.066, F#:0.053, G:0.069, G#:0.061, A:0.176, A#:0.097, B:0.040"
14288,"C:0.114, C#:0.082, D:0.148, D#:0.081, E:0.028, F:0.013, F#:0.046, G:0.045, G#:0.080, A:0.229, A#:0.086, B:0.049"
14289,"C:0.056, C#:0.095, D:0.170, D#:0.077, E:0.028, F:0.029, F#:0.061, G:0.132, G#:0.105, A:0.090, A#:0.091, B:0.064"
14345,"C:0.082, C#:0.130, D:0.075, D#:0.057, E:0.077, F:0.068, F#:0.081, G:0.084, G#:0.110, A:0.114, A#:0.078, B:0.043"
14347,"C:0.164, C#:0.083, D:0.086, D#:0.070, E:0.109, F:0.043, F#:0.029, G:0.037, G#:0.065, A:0.152, A#:0.078, B:0.083"
14364,"C:0.044, C#:0.043, D:0.044, D#:0.038, E:0.045, F:0.084, F#:0.289, G:0.161, G#:0.069, A:0.051, A#:0.064, B:0.069"
14365,"C:0.036, C#:0.027, D:0.025, D#:0.036, E:0.056, F:0.197, F#:0.306, G:0.093, G#:0.099, A:0.064, A#:0.032, B:0.029"
14372,"C:0.199, C#:0.052, D:0.060, D#:0.042, E:0.069, F:0.261, F#:0.091, G:0.044, G#:0.040, A:0.034, A#:0.049, B:0.060"
14375,"C:0.154, C#:0.024, D:0.053, D#:0.057, E:0.026, F:0.038, F#:0.082, G:0.240, G#:0.066, A:0.050, A#:0.133, B:0.078"
14384,"C:0.040, C#:0.098, D:0.100, D#:0.019, E:0.029, F:0.032, F#:0.128, G:0.122, G#:0.133, A:0.176, A#:0.051, B:0.073"
14386,"C:0.125, C#:0.054, D:0.040, D#:0.028, E:0.024, F:0.033, F#:0.127, G:0.107, G#:0.073, A:0.058, A#:0.071, B:0.259"
14479,"C:0.097, C#:0.038, D:0.034, D#:0.100, E:0.109, F:0.042, F#:0.061, G:0.174, G#:0.068, A:0.060, A#:0.070, B:0.148"
14635,"C:0.022, C#:0.045, D:0.184, D#:0.120, E:0.044, F:0.048, F#:0.027, G:0.066, G#:0.053, A:0.175, A#:0.184, B:0.032"
14643,"C:0.012, C#:0.009, D:0.166, D#:0.533, E:0.025, F:0.027, F#:0.005, G:0.018, G#:0.004, A:0.009, A#:0.180, B:0.012"
14651,"C:0.176, C#:0.041, D:0.047, D#:0.023, E:0.056, F:0.226, F#:0.056, G:0.066, G#:0.043, A:0.181, A#:0.041, B:0.043"
14653,"C:0.105, C#:0.043, D:0.061, D#:0.195, E:0.081, F:0.158, F#:0.051, G:0.054, G#:0.059, A:0.046, A#:0.085, B:0.061"
14657,"C:0.053, C#:0.032, D:0.062, D#:0.066, E:0.151, F:0.077, F#:0.139, G:0.130, G#:0.057, A:0.075, A#:0.027, B:0.131"
14661,"C:0.137, C#:0.040, D:0.079, D#:0.039, E:0.118, F:0.133, F#:0.072, G:0.149, G#:0.055, A:0.080, A#:0.032, B:0.066"
14684,"C:0.057, C#:0.047, D:0.032, D#:0.099, E:0.298, F:0.058, F#:0.049, G:0.023, G#:0.051, A:0.097, A#:0.059, B:0.131"
14685,"C:0.047, C#:0.046, D:0.145, D#:0.068, E:0.204, F:0.074, F#:0.115, G:0.142, G#:0.033, A:0.048, A#:0.028, B:0.050"
14686,"C:0.050, C#:0.074, D:0.083, D#:0.207, E:0.007, F:0.012, F#:0.081, G:0.025, G#:0.200, A:0.017, A#:0.237, B:0.007"
14693,"C:0.046, C#:0.065, D:0.092, D#:0.063, E:0.132, F:0.044, F#:0.044, G:0.064, G#:0.084, A:0.201, A#:0.074, B:0.092"
14737,"C:0.175, C#:0.071, D:0.190, D#:0.044, E:0.059, F:0.044, F#:0.039, G:0.131, G#:0.048, A:0.089, A#:0.042, B:0.068"
14738,"C:0.122, C#:0.085, D:0.172, D#:0.112, E:0.096, F:0.055, F#:0.127, G:0.033, G#:0.028, A:0.073, A#:0.036, B:0.061"
14739,"C:0.047, C#:0.033, D:0.084, D#:0.102, E:0.245, F:0.087, F#:0.065, G:0.072, G#:0.031, A:0.021, A#:0.031, B:0.183"
14747,"C:0.132, C#:0.037, D:0.030, D#:0.045, E:0.077, F:0.363, F#:0.079, G:0.054, G#:0.069, A:0.048, A#:0.032, B:0.033"
14748,"C:0.170, C#:0.042, D:0.119, D#:0.023, E:0.014, F:0.026, F#:0.051, G:0.238, G#:0.047, A:0.064, A#:0.156, B:0.050"
14796,"C:0.031, C#:0.038, D:0.037, D#:0.048, E:0.089, F:0.169, F#:0.213, G:0.144, G#:0.073, A:0.087, A#:0.043, B:0.027"
14882,"C:0.048, C#:0.088, D:0.193, D#:0.058, E:0.048, F:0.034, F#:0.103, G:0.061, G#:0.050, A:0.136, A#:0.067, B:0.115"
14886,"C:0.209, C#:0.106, D:0.062, D#:0.039, E:0.091, F:0.050, F#:0.019, G:0.078, G#:0.044, A:0.159, A#:0.071, B:0.072"
14887,"C:0.063, C#:0.129, D:0.119, D#:0.068, E:0.084, F:0.042, F#:0.062, G:0.067, G#:0.027, A:0.044, A#:0.103, B:0.191"
14891,"C:0.041, C#:0.028, D:0.033, D#:0.107, E:0.216, F:0.033, F#:0.059, G:0.023, G#:0.088, A:0.068, A#:0.047, B:0.256"
14895,"C:0.117, C#:0.054, D:0.149, D#:0.049, E:0.072, F:0.030, F#:0.070, G:0.202, G#:0.044, A:0.070, A#:0.041, B:0.102"
14896,"C:0.060, C#:0.031, D:0.027, D#:0.050, E:0.145, F:0.046, F#:0.058, G:0.038, G#:0.072, A:0.149, A#:0.102, B:0.222"
14897,"C:0.054, C#:0.075, D:0.034, D#:0.060, E:0.138, F:0.051, F#:0.105, G:0.056, G#:0.116, A:0.099, A#:0.061, B:0.152"
14907,"C:0.248, C#:0.049, D:0.040, D#:0.033, E:0.097, F:0.204, F#:0.044, G:0.109, G#:0.034, A:0.039, A#:0.027, B:0.077"
14908,"C:0.096, C#:0.077, D:0.244, D#:0.056, E:0.022, F:0.021, F#:0.074, G:0.171, G#:0.033, A:0.046, A#:0.040, B:0.121"
14922,"C:0.145, C#:0.081, D:0.182, D#:0.029, E:0.067, F:0.127, F#:0.029, G:0.129, G#:0.024, A:0.101, A#:0.024, B:0.060"
14934,"C:0.041, C#:0.038, D:0.016, D#:0.057, E:0.130, F:0.051, F#:0.162, G:0.044, G#:0.059, A:0.097, A#:0.059, B:0.244"
14935,"C:0.041, C#:0.075, D:0.030, D#:0.109, E:0.095, F:0.024, F#:0.122, G:0.029, G#:0.084, A:0.114, A#:0.053, B:0.223"
14941,"C:0.025, C#:0.060, D:0.103, D#:0.036, E:0.061, F:0.033, F#:0.086, G:0.163, G#:0.119, A:0.224, A#:0.047, B:0.043"
14942,"C:0.022, C#:0.045, D:0.069, D#:0.047, E:0.100, F:0.029, F#:0.047, G:0.135, G#:0.139, A:0.268, A#:0.059, B:0.039"
14952,"C:0.119, C#:0.126, D:0.075, D#:0.059, E:0.146, F:0.031, F#:0.030, G:0.028, G#:0.074, A:0.131, A#:0.068, B:0.114"
14953,"C:0.093, C#:0.091, D:0.220, D#:0.044, E:0.029, F:0.021, F#:0.055, G:0.216, G#:0.056, A:0.059, A#:0.034, B:0.082"
14954,"C:0.027, C#:0.039, D:0.027, D#:0.086, E:0.284, F:0.038, F#:0.073, G:0.028, G#:0.104, A:0.097, A#:0.050, B:0.149"
14957,"C:0.070, C#:0.061, D:0.066, D#:0.056, E:0.204, F:0.070, F#:0.061, G:0.027, G#:0.055, A:0.164, A#:0.057, B:0.110"
14959,"C:0.067, C#:0.066, D:0.161, D#:0.052, E:0.098, F:0.076, F#:0.094, G:0.178, G#:0.050, A:0.054, A#:0.040, B:0.064"
14964,"C:0.080, C#:0.069, D:0.052, D#:0.077, E:0.141, F:0.094, F#:0.073, G:0.068, G#:0.107, A:0.123, A#:0.058, B:0.059"
14967,"C:0.047, C#:0.121, D:0.260, D#:0.049, E:0.029, F:0.019, F#:0.020, G:0.026, G#:0.063, A:0.314, A#:0.035, B:0.018"
14968,"C:0.073, C#:0.044, D:0.072, D#:0.092, E:0.203, F:0.041, F#:0.026, G:0.019, G#:0.025, A:0.077, A#:0.062, B:0.268"
14969,"C:0.091, C#:0.118, D:0.165, D#:0.051, E:0.034, F:0.026, F#:0.064, G:0.133, G#:0.066, A:0.078, A#:0.061, B:0.115"
14978,"C:0.067, C#:0.054, D:0.147, D#:0.043, E:0.039, F:0.049, F#:0.073, G:0.194, G#:0.060, A:0.066, A#:0.078, B:0.130"
14979,"C:0.259, C#:0.052, D:0.059, D#:0.029, E:0.019, F:0.040, F#:0.058, G:0.125, G#:0.031, A:0.050, A#:0.121, B:0.157"
14990,"C:0.041, C#:0.035, D:0.051, D#:0.153, E:0.313, F:0.112, F#:0.051, G:0.031, G#:0.024, A:0.019, A#:0.035, B:0.135"
14999,"C:0.077, C#:0.112, D:0.067, D#:0.083, E:0.156, F:0.089, F#:0.072, G:0.034, G#:0.048, A:0.083, A#:0.057, B:0.121"
15000,"C:0.033, C#:0.065, D:0.017, D#:0.035, E:0.261, F:0.049, F#:0.056, G:0.027, G#:0.075, A:0.298, A#:0.043, B:0.042"
15001,"C:0.047, C#:0.038, D:0.055, D#:0.056, E:0.214, F:0.056, F#:0.064, G:0.106, G#:0.063, A:0.084, A#:0.057, B:0.160"
15044,"C:0.075, C#:0.057, D:0.088, D#:0.108, E:0.135, F:0.143, F#:0.064, G:0.057, G#:0.045, A:0.084, A#:0.078, B:0.067"
15124,"C:0.039, C#:0.046, D:0.050, D#:0.123, E:0.277, F:0.143, F#:0.060, G:0.032, G#:0.122, A:0.020, A#:0.020, B:0.069"
15142,"C:0.047, C#:0.079, D:0.046, D#:0.159, E:0.147, F:0.047, F#:0.042, G:0.067, G#:0.092, A:0.044, A#:0.080, B:0.150"
15228,"C:0.101, C#:0.037, D:0.052, D#:0.106, E:0.324, F:0.141, F#:0.034, G:0.039, G#:0.052, A:0.036, A#:0.021, B:0.055"
15307,"C:0.040, C#:0.051, D:0.091, D#:0.046, E:0.075, F:0.076, F#:0.132, G:0.138, G#:0.086, A:0.105, A#:0.068, B:0.092"
15438,"C:0.115, C#:0.060, D:0.039, D#:0.063, E:0.061, F:0.129, F#:0.079, G:0.058, G#:0.061, A:0.091, A#:0.171, B:0.071"
15441,"C:0.051, C#:0.099, D:0.054, D#:0.029, E:0.066, F:0.075, F#:0.222, G:0.088, G#:0.038, A:0.050, A#:0.068, B:0.159"
15446,"C:0.080, C#:0.119, D:0.064, D#:0.024, E:0.025, F:0.061, F#:0.198, G:0.107, G#:0.032, A:0.044, A#:0.073, B:0.173"
15479,"C:0.031, C#:0.014, D:0.107, D#:0.023, E:0.089, F:0.045, F#:0.144, G:0.247, G#:0.052, A:0.094, A#:0.026, B:0.127"
15763,"C:0.109, C#:0.110, D:0.138, D#:0.068, E:0.052, F:0.052, F#:0.043, G:0.055, G#:0.050, A:0.124, A#:0.109, B:0.091"
15893,"C:0.243, C#:0.080, D:0.084, D#:0.024, E:0.033, F:0.064, F#:0.057, G:0.042, G#:0.025, A:0.173, A#:0.071, B:0.105"
15953,"C:0.047, C#:0.051, D:0.094, D#:0.054, E:0.121, F:0.068, F#:0.117, G:0.090, G#:0.044, A:0.084, A#:0.059, B:0.172"
15954,"C:0.077, C#:0.226, D:0.054, D#:0.092, E:0.085, F:0.057, F#:0.045, G:0.047, G#:0.126, A:0.047, A#:0.041, B:0.104"
15956,"C:0.080, C#:0.047, D:0.126, D#:0.034, E:0.059, F:0.078, F#:0.029, G:0.097, G#:0.053, A:0.177, A#:0.146, B:0.075"
15957,"C:0.082, C#:0.029, D:0.037, D#:0.068, E:0.244, F:0.223, F#:0.080, G:0.050, G#:0.039, A:0.073, A#:0.020, B:0.055"
15958,"C:0.071, C#:0.141, D:0.066, D#:0.087, E:0.114, F:0.052, F#:0.114, G:0.055, G#:0.102, A:0.090, A#:0.045, B:0.063"
16062,"C:0.020, C#:0.032, D:0.187, D#:0.016, E:0.029, F:0.013, F#:0.047, G:0.139, G#:0.052, A:0.254, A#:0.059, B:0.153"
16115,"C:0.112, C#:0.047, D:0.054, D#:0.074, E:0.061, F:0.064, F#:0.098, G:0.118, G#:0.069, A:0.091, A#:0.100, B:0.112"
16117,"C:0.046, C#:0.049, D:0.070, D#:0.122, E:0.105, F:0.061, F#:0.072, G:0.069, G#:0.114, A:0.071, A#:0.103, B:0.118"
16118,"C:0.078, C#:0.065, D:0.024, D#:0.034, E:0.093, F:0.140, F#:0.109, G:0.069, G#:0.085, A:0.112, A#:0.142, B:0.050"
16119,"C:0.043, C#:0.074, D:0.062, D#:0.128, E:0.083, F:0.083, F#:0.157, G:0.074, G#:0.049, A:0.044, A#:0.109, B:0.095"
16120,"C:0.025, C#:0.036, D:0.088, D#:0.113, E:0.074, F:0.088, F#:0.120, G:0.163, G#:0.143, A:0.054, A#:0.050, B:0.044"
16121,"C:0.131, C#:0.106, D:0.088, D#:0.099, E:0.072, F:0.117, F#:0.104, G:0.063, G#:0.057, A:0.055, A#:0.060, B:0.049"
16122,"C:0.074, C#:0.056, D:0.044, D#:0.069, E:0.045, F:0.037, F#:0.096, G:0.130, G#:0.150, A:0.121, A#:0.079, B:0.101"
16123,"C:0.031, C#:0.042, D:0.031, D#:0.072, E:0.123, F:0.218, F#:0.165, G:0.087, G#:0.095, A:0.068, A#:0.035, B:0.032"
16124,"C:0.047, C#:0.036, D:0.045, D#:0.058, E:0.106, F:0.111, F#:0.162, G:0.144, G#:0.124, A:0.071, A#:0.033, B:0.062"
16126,"C:0.228, C#:0.110, D:0.043, D#:0.088, E:0.096, F:0.038, F#:0.065, G:0.102, G#:0.058, A:0.053, A#:0.048, B:0.071"
16127,"C:0.112, C#:0.063, D:0.091, D#:0.135, E:0.263, F:0.138, F#:0.027, G:0.028, G#:0.008, A:0.014, A#:0.071, B:0.050"
16128,"C:0.046, C#:0.032, D:0.138, D#:0.056, E:0.039, F:0.069, F#:0.063, G:0.174, G#:0.089, A:0.109, A#:0.134, B:0.051"
16157,"C:0.091, C#:0.085, D:0.060, D#:0.070, E:0.063, F:0.215, F#:0.150, G:0.080, G#:0.073, A:0.038, A#:0.039, B:0.035"
16241,"C:0.102, C#:0.052, D:0.034, D#:0.100, E:0.041, F:0.117, F#:0.034, G:0.061, G#:0.164, A:0.079, A#:0.156, B:0.060"
16242,"C:0.054, C#:0.043, D:0.296, D#:0.031, E:0.071, F:0.011, F#:0.011, G:0.051, G#:0.066, A:0.277, A#:0.046, B:0.045"
16248,"C:0.126, C#:0.102, D:0.124, D#:0.054, E:0.026, F:0.026, F#:0.046, G:0.043, G#:0.054, A:0.107, A#:0.118, B:0.174"
16343,"C:0.302, C#:0.098, D:0.035, D#:0.024, E:0.026, F:0.035, F#:0.096, G:0.215, G#:0.056, A:0.026, A#:0.036, B:0.051"
16354,"C:0.013, C#:0.012, D:0.026, D#:0.316, E:0.052, F:0.025, F#:0.073, G:0.031, G#:0.022, A:0.069, A#:0.299, B:0.063"
16392,"C:0.037, C#:0.031, D:0.052, D#:0.036, E:0.136, F:0.100, F#:0.092, G:0.044, G#:0.041, A:0.186, A#:0.120, B:0.126"
16650,"C:0.079, C#:0.024, D:0.037, D#:0.039, E:0.065, F:0.135, F#:0.089, G:0.210, G#:0.144, A:0.072, A#:0.073, B:0.033"
16651,"C:0.220, C#:0.038, D:0.029, D#:0.043, E:0.033, F:0.047, F#:0.091, G:0.254, G#:0.090, A:0.083, A#:0.036, B:0.036"
16652,"C:0.056, C#:0.045, D:0.069, D#:0.026, E:0.041, F:0.068, F#:0.044, G:0.158, G#:0.140, A:0.146, A#:0.088, B:0.120"
16655,"C:0.042, C#:0.047, D:0.075, D#:0.043, E:0.141, F:0.044, F#:0.049, G:0.091, G#:0.070, A:0.127, A#:0.048, B:0.222"
16657,"C:0.139, C#:0.055, D:0.104, D#:0.025, E:0.072, F:0.014, F#:0.068, G:0.059, G#:0.048, A:0.326, A#:0.046, B:0.044"
16673,"C:0.200, C#:0.004, D:0.273, D#:0.148, E:0.003, F:0.140, F#:0.002, G:0.092, G#:0.001, A:0.070, A#:0.063, B:0.003"
16690,"C:0.055, C#:0.079, D:0.056, D#:0.104, E:0.092, F:0.074, F#:0.119, G:0.101, G#:0.157, A:0.071, A#:0.044, B:0.046"
16692,"C:0.046, C#:0.052, D:0.098, D#:0.073, E:0.099, F:0.090, F#:0.101, G:0.104, G#:0.086, A:0.098, A#:0.072, B:0.081"
16695,"C:0.083, C#:0.035, D:0.040, D#:0.069, E:0.079, F:0.102, F#:0.061, G:0.050, G#:0.066, A:0.113, A#:0.196, B:0.105"
16696,"C:0.038, C#:0.029, D:0.064, D#:0.140, E:0.336, F:0.058, F#:0.036, G:0.028, G#:0.042, A:0.059, A#:0.054, B:0.117"
16697,"C:0.083, C#:0.347, D:0.051, D#:0.015, E:0.010, F:0.007, F#:0.017, G:0.013, G#:0.106, A:0.166, A#:0.039, B:0.145"
16699,"C:0.057, C#:0.040, D:0.052, D#:0.066, E:0.152, F:0.072, F#:0.068, G:0.104, G#:0.099, A:0.126, A#:0.077, B:0.088"
16702,"C:0.104, C#:0.246, D:0.076, D#:0.037, E:0.052, F:0.046, F#:0.094, G:0.062, G#:0.105, A:0.057, A#:0.043, B:0.076"
16703,"C:0.054, C#:0.145, D:0.052, D#:0.031, E:0.050, F:0.110, F#:0.171, G:0.107, G#:0.077, A:0.056, A#:0.069, B:0.079"
16983,"C:0.113, C#:0.104, D:0.177, D#:0.118, E:0.129, F:0.071, F#:0.034, G:0.032, G#:0.032, A:0.069, A#:0.040, B:0.080"
17132,"C:0.052, C#:0.061, D:0.079, D#:0.079, E:0.169, F:0.070, F#:0.068, G:0.083, G#:0.077, A:0.161, A#:0.053, B:0.047"
17133,"C:0.046, C#:0.119, D:0.033, D#:0.098, E:0.026, F:0.037, F#:0.096, G:0.062, G#:0.271, A:0.055, A#:0.095, B:0.062"
17327,"C:0.150, C#:0.054, D:0.049, D#:0.079, E:0.203, F:0.076, F#:0.070, G:0.078, G#:0.057, A:0.070, A#:0.025, B:0.088"
17328,"C:0.032, C#:0.087, D:0.113, D#:0.046, E:0.055, F:0.059, F#:0.097, G:0.079, G#:0.181, A:0.175, A#:0.045, B:0.031"
17355,"C:0.052, C#:0.068, D:0.128, D#:0.115, E:0.183, F:0.082, F#:0.086, G:0.051, G#:0.048, A:0.078, A#:0.063, B:0.046"
17364,"C:0.015, C#:0.052, D:0.155, D#:0.050, E:0.157, F:0.037, F#:0.110, G:0.027, G#:0.086, A:0.250, A#:0.041, B:0.019"
17439,"C:0.115, C#:0.159, D:0.152, D#:0.096, E:0.087, F:0.101, F#:0.045, G:0.062, G#:0.057, A:0.040, A#:0.035, B:0.052"
17524,"C:0.023, C#:0.061, D:0.083, D#:0.064, E:0.194, F:0.049, F#:0.030, G:0.043, G#:0.072, A:0.238, A#:0.057, B:0.086"
17571,"C:0.021, C#:0.014, D:0.041, D#:0.066, E:0.153, F:0.040, F#:0.163, G:0.152, G#:0.028, A:0.038, A#:0.039, B:0.246"
17576,"C:0.235, C#:0.165, D:0.058, D#:0.041, E:0.023, F:0.020, F#:0.042, G:0.175, G#:0.099, A:0.034, A#:0.031, B:0.075"
17589,"C:0.077, C#:0.053, D:0.113, D#:0.028, E:0.035, F:0.031, F#:0.070, G:0.096, G#:0.058, A:0.133, A#:0.090, B:0.216"
17595,"C:0.071, C#:0.161, D:0.067, D#:0.071, E:0.119, F:0.089, F#:0.096, G:0.064, G#:0.091, A:0.060, A#:0.048, B:0.062"
17601,"C:0.022, C#:0.037, D:0.118, D#:0.037, E:0.052, F:0.029, F#:0.085, G:0.127, G#:0.088, A:0.286, A#:0.079, B:0.040"
17602,"C:0.050, C#:0.165, D:0.030, D#:0.022, E:0.026, F:0.065, F#:0.342, G:0.075, G#:0.061, A:0.037, A#:0.050, B:0.076"
17603,"C:0.020, C#:0.051, D:0.289, D#:0.045, E:0.066, F:0.020, F#:0.027, G:0.040, G#:0.058, A:0.262, A#:0.065, B:0.057"
17831,"C:0.068, C#:0.074, D:0.154, D#:0.094, E:0.061, F:0.047, F#:0.064, G:0.139, G#:0.075, A:0.083, A#:0.059, B:0.082"
17839,"C:0.072, C#:0.053, D:0.111, D#:0.091, E:0.114, F:0.064, F#:0.109, G:0.057, G#:0.037, A:0.035, A#:0.060, B:0.196"
17845,"C:0.063, C#:0.090, D:0.255, D#:0.051, E:0.076, F:0.029, F#:0.066, G:0.022, G#:0.025, A:0.053, A#:0.085, B:0.184"
17992,"C:0.058, C#:0.114, D:0.035, D#:0.151, E:0.022, F:0.066, F#:0.142, G:0.038, G#:0.071, A:0.032, A#:0.208, B:0.063"
18101,"C:0.042, C#:0.024, D:0.037, D#:0.050, E:0.217, F:0.038, F#:0.064, G:0.051, G#:0.110, A:0.063, A#:0.080, B:0.224"
18104,"C:0.036, C#:0.018, D:0.018, D#:0.090, E:0.216, F:0.052, F#:0.053, G:0.028, G#:0.080, A:0.099, A#:0.062, B:0.249"
18113,"C:0.016, C#:0.021, D:0.024, D#:0.041, E:0.157, F:0.275, F#:0.149, G:0.092, G#:0.040, A:0.118, A#:0.046, B:0.020"
18140,"C:0.020, C#:0.083, D:0.059, D#:0.041, E:0.147, F:0.099, F#:0.084, G:0.059, G#:0.112, A:0.187, A#:0.056, B:0.054"
18141,"C:0.058, C#:0.060, D:0.039, D#:0.062, E:0.148, F:0.117, F#:0.074, G:0.056, G#:0.088, A:0.124, A#:0.062, B:0.110"
18142,"C:0.099, C#:0.077, D:0.089, D#:0.060, E:0.065, F:0.028, F#:0.076, G:0.078, G#:0.090, A:0.192, A#:0.072, B:0.075"
18307,"C:0.132, C#:0.232, D:0.079, D#:0.073, E:0.066, F:0.032, F#:0.049, G:0.032, G#:0.023, A:0.031, A#:0.040, B:0.210"
18347,"C:0.136, C#:0.093, D:0.082, D#:0.051, E:0.070, F:0.099, F#:0.076, G:0.078, G#:0.044, A:0.091, A#:0.078, B:0.101"
18383,"C:0.053, C#:0.096, D:0.050, D#:0.110, E:0.119, F:0.049, F#:0.129, G:0.065, G#:0.072, A:0.048, A#:0.068, B:0.141"
18384,"C:0.047, C#:0.127, D:0.051, D#:0.055, E:0.137, F:0.052, F#:0.064, G:0.055, G#:0.097, A:0.153, A#:0.082, B:0.081"
18394,"C:0.035, C#:0.057, D:0.009, D#:0.029, E:0.058, F:0.018, F#:0.049, G:0.018, G#:0.075, A:0.328, A#:0.086, B:0.237"
18584,"C:0.053, C#:0.082, D:0.258, D#:0.105, E:0.142, F:0.085, F#:0.049, G:0.052, G#:0.040, A:0.043, A#:0.044, B:0.047"
18586,"C:0.200, C#:0.065, D:0.036, D#:0.067, E:0.075, F:0.074, F#:0.041, G:0.057, G#:0.047, A:0.063, A#:0.150, B:0.125"
18599,"C:0.053, C#:0.136, D:0.085, D#:0.046, E:0.117, F:0.062, F#:0.051, G:0.054, G#:0.081, A:0.096, A#:0.141, B:0.077"
18603,"C:0.082, C#:0.033, D:0.098, D#:0.050, E:0.130, F:0.238, F#:0.068, G:0.051, G#:0.024, A:0.081, A#:0.110, B:0.036"
18616,"C:0.039, C#:0.054, D:0.216, D#:0.126, E:0.167, F:0.069, F#:0.050, G:0.034, G#:0.022, A:0.107, A#:0.031, B:0.083"
18636,"C:0.049, C#:0.160, D:0.060, D#:0.041, E:0.044, F:0.142, F#:0.189, G:0.094, G#:0.105, A:0.045, A#:0.042, B:0.028"
18642,"C:0.021, C#:0.022, D:0.036, D#:0.141, E:0.086, F:0.101, F#:0.102, G:0.184, G#:0.118, A:0.055, A#:0.097, B:0.036"
18683,"C:0.047, C#:0.031, D:0.050, D#:0.094, E:0.105, F:0.029, F#:0.044, G:0.054, G#:0.051, A:0.112, A#:0.154, B:0.230"
18691,"C:0.083, C#:0.064, D:0.052, D#:0.150, E:0.045, F:0.062, F#:0.033, G:0.117, G#:0.147, A:0.056, A#:0.147, B:0.045"
18694,"C:0.116, C#:0.109, D:0.048, D#:0.092, E:0.066, F:0.075, F#:0.070, G:0.104, G#:0.171, A:0.065, A#:0.040, B:0.045"
18710,"C:0.030, C#:0.019, D:0.018, D#:0.037, E:0.103, F:0.123, F#:0.066, G:0.080, G#:0.170, A:0.226, A#:0.090, B:0.038"
18712,"C:0.204, C#:0.035, D:0.059, D#:0.024, E:0.154, F:0.238, F#:0.037, G:0.079, G#:0.031, A:0.063, A#:0.029, B:0.046"
18713,"C:0.067, C#:0.024, D:0.078, D#:0.077, E:0.032, F:0.192, F#:0.054, G:0.119, G#:0.072, A:0.082, A#:0.173, B:0.030"
18715,"C:0.052, C#:0.039, D:0.075, D#:0.074, E:0.041, F:0.175, F#:0.083, G:0.142, G#:0.056, A:0.077, A#:0.136, B:0.049"
18742,"C:0.097, C#:0.074, D:0.060, D#:0.045, E:0.109, F:0.056, F#:0.084, G:0.044, G#:0.045, A:0.068, A#:0.084, B:0.234"
18743,"C:0.079, C#:0.040, D:0.075, D#:0.052, E:0.086, F:0.066, F#:0.085, G:0.212, G#:0.094, A:0.084, A#:0.051, B:0.073"
18744,"C:0.023, C#:0.117, D:0.094, D#:0.060, E:0.118, F:0.035, F#:0.077, G:0.041, G#:0.202, A:0.105, A#:0.021, B:0.107"
18745,"C:0.156, C#:0.051, D:0.088, D#:0.031, E:0.121, F:0.058, F#:0.030, G:0.131, G#:0.043, A:0.116, A#:0.060, B:0.114"
18746,"C:0.054, C#:0.052, D:0.117, D#:0.060, E:0.065, F:0.039, F#:0.049, G:0.052, G#:0.069, A:0.231, A#:0.102, B:0.108"
18747,"C:0.094, C#:0.094, D:0.103, D#:0.108, E:0.078, F:0.058, F#:0.068, G:0.175, G#:0.064, A:0.045, A#:0.043, B:0.071"
18751,"C:0.037, C#:0.041, D:0.066, D#:0.057, E:0.096, F:0.041, F#:0.040, G:0.051, G#:0.098, A:0.241, A#:0.114, B:0.116"
18753,"C:0.055, C#:0.031, D:0.035, D#:0.066, E:0.158, F:0.048, F#:0.142, G:0.039, G#:0.025, A:0.062, A#:0.099, B:0.241"
18803,"C:0.057, C#:0.052, D:0.068, D#:0.076, E:0.067, F:0.085, F#:0.124, G:0.181, G#:0.095, A:0.081, A#:0.058, B:0.056"
18823,"C:0.114, C#:0.038, D:0.025, D#:0.046, E:0.205, F:0.045, F#:0.035, G:0.037, G#:0.086, A:0.167, A#:0.049, B:0.155"
18887,"C:0.121, C#:0.050, D:0.051, D#:0.030, E:0.175, F:0.039, F#:0.046, G:0.090, G#:0.060, A:0.157, A#:0.061, B:0.120"
18888,"C:0.027, C#:0.023, D:0.064, D#:0.086, E:0.309, F:0.111, F#:0.070, G:0.103, G#:0.033, A:0.023, A#:0.029, B:0.122"
18891,"C:0.018, C#:0.015, D:0.053, D#:0.054, E:0.196, F:0.089, F#:0.049, G:0.314, G#:0.150, A:0.031, A#:0.012, B:0.019"
19070,"C:0.178, C#:0.071, D:0.136, D#:0.028, E:0.047, F:0.035, F#:0.051, G:0.116, G#:0.038, A:0.197, A#:0.036, B:0.067"
19207,"C:0.073, C#:0.014, D:0.028, D#:0.182, E:0.066, F:0.052, F#:0.103, G:0.137, G#:0.121, A:0.026, A#:0.141, B:0.058"
19246,"C:0.103, C#:0.125, D:0.087, D#:0.066, E:0.051, F:0.062, F#:0.106, G:0.099, G#:0.078, A:0.079, A#:0.073, B:0.071"
19250,"C:0.057, C#:0.048, D:0.172, D#:0.060, E:0.076, F:0.055, F#:0.042, G:0.126, G#:0.102, A:0.106, A#:0.104, B:0.051"
19252,"C:0.059, C#:0.032, D:0.065, D#:0.055, E:0.041, F:0.047, F#:0.061, G:0.135, G#:0.114, A:0.192, A#:0.127, B:0.073"
19253,"C:0.179, C#:0.057, D:0.031, D#:0.020, E:0.018, F:0.015, F#:0.028, G:0.024, G#:0.017, A:0.029, A#:0.073, B:0.509"
19254,"C:0.120, C#:0.061, D:0.060, D#:0.049, E:0.045, F:0.040, F#:0.089, G:0.082, G#:0.071, A:0.114, A#:0.099, B:0.170"
19255,"C:0.052, C#:0.068, D:0.067, D#:0.043, E:0.055, F:0.072, F#:0.140, G:0.095, G#:0.071, A:0.099, A#:0.125, B:0.115"
19256,"C:0.061, C#:0.038, D:0.185, D#:0.036, E:0.116, F:0.116, F#:0.044, G:0.080, G#:0.024, A:0.158, A#:0.103, B:0.039"
19257,"C:0.051, C#:0.063, D:0.084, D#:0.043, E:0.043, F:0.067, F#:0.074, G:0.090, G#:0.095, A:0.212, A#:0.121, B:0.057"
19260,"C:0.044, C#:0.049, D:0.084, D#:0.082, E:0.053, F:0.044, F#:0.037, G:0.052, G#:0.087, A:0.228, A#:0.165, B:0.074"
19261,"C:0.084, C#:0.025, D:0.021, D#:0.037, E:0.112, F:0.062, F#:0.055, G:0.078, G#:0.115, A:0.167, A#:0.103, B:0.142"
19264,"C:0.075, C#:0.090, D:0.190, D#:0.085, E:0.062, F:0.101, F#:0.065, G:0.073, G#:0.079, A:0.102, A#:0.046, B:0.033"
19297,"C:0.074, C#:0.137, D:0.307, D#:0.108, E:0.065, F:0.046, F#:0.056, G:0.046, G#:0.029, A:0.045, A#:0.028, B:0.060"
19322,"C:0.090, C#:0.040, D:0.245, D#:0.028, E:0.041, F:0.014, F#:0.046, G:0.143, G#:0.037, A:0.229, A#:0.031, B:0.056"
19323,"C:0.044, C#:0.061, D:0.154, D#:0.048, E:0.088, F:0.028, F#:0.092, G:0.030, G#:0.051, A:0.185, A#:0.095, B:0.124"
19392,"C:0.092, C#:0.049, D:0.088, D#:0.068, E:0.035, F:0.051, F#:0.050, G:0.098, G#:0.061, A:0.087, A#:0.241, B:0.079"
19397,"C:0.053, C#:0.073, D:0.096, D#:0.068, E:0.091, F:0.093, F#:0.091, G:0.107, G#:0.095, A:0.114, A#:0.067, B:0.053"
19424,"C:0.096, C#:0.204, D:0.083, D#:0.103, E:0.055, F:0.023, F#:0.014, G:0.027, G#:0.096, A:0.125, A#:0.080, B:0.094"
19426,"C:0.066, C#:0.019, D:0.047, D#:0.032, E:0.047, F:0.049, F#:0.173, G:0.239, G#:0.075, A:0.156, A#:0.051, B:0.046"
19440,"C:0.084, C#:0.028, D:0.048, D#:0.044, E:0.150, F:0.052, F#:0.058, G:0.036, G#:0.075, A:0.041, A#:0.093, B:0.291"
19443,"C:0.071, C#:0.082, D:0.046, D#:0.048, E:0.067, F:0.079, F#:0.135, G:0.129, G#:0.090, A:0.104, A#:0.080, B:0.069"
19539,"C:0.072, C#:0.041, D:0.074, D#:0.047, E:0.158, F:0.058, F#:0.073, G:0.160, G#:0.047, A:0.075, A#:0.050, B:0.144"
19637,"C:0.120, C#:0.076, D:0.178, D#:0.049, E:0.080, F:0.247, F#:0.093, G:0.061, G#:0.020, A:0.036, A#:0.014, B:0.027"
19638,"C:0.194, C#:0.068, D:0.022, D#:0.079, E:0.042, F:0.051, F#:0.045, G:0.239, G#:0.168, A:0.038, A#:0.021, B:0.034"
19639,"C:0.075, C#:0.040, D:0.040, D#:0.077, E:0.157, F:0.281, F#:0.095, G:0.110, G#:0.056, A:0.022, A#:0.019, B:0.028"
19649,"C:0.120, C#:0.057, D:0.064, D#:0.063, E:0.117, F:0.044, F#:0.117, G:0.082, G#:0.036, A:0.043, A#:0.062, B:0.196"
19658,"C:0.053, C#:0.036, D:0.069, D#:0.049, E:0.069, F:0.093, F#:0.125, G:0.203, G#:0.111, A:0.045, A#:0.092, B:0.056"
19668,"C:0.057, C#:0.036, D:0.026, D#:0.054, E:0.081, F:0.082, F#:0.123, G:0.088, G#:0.142, A:0.074, A#:0.091, B:0.146"
19670,"C:0.021, C#:0.057, D:0.242, D#:0.025, E:0.018, F:0.010, F#:0.021, G:0.017, G#:0.116, A:0.410, A#:0.036, B:0.027"
19671,"C:0.100, C#:0.046, D:0.074, D#:0.033, E:0.055, F:0.027, F#:0.090, G:0.033, G#:0.035, A:0.109, A#:0.088, B:0.309"
19680,"C:0.100, C#:0.022, D:0.086, D#:0.028, E:0.086, F:0.063, F#:0.027, G:0.149, G#:0.044, A:0.192, A#:0.055, B:0.147"
19683,"C:0.164, C#:0.068, D:0.128, D#:0.034, E:0.053, F:0.025, F#:0.076, G:0.288, G#:0.052, A:0.026, A#:0.026, B:0.061"
19684,"C:0.079, C#:0.020, D:0.027, D#:0.361, E:0.036, F:0.017, F#:0.028, G:0.132, G#:0.218, A:0.037, A#:0.023, B:0.021"
19705,"C:0.024, C#:0.012, D:0.005, D#:0.018, E:0.042, F:0.152, F#:0.142, G:0.367, G#:0.203, A:0.023, A#:0.006, B:0.005"
19707,"C:0.005, C#:0.031, D:0.064, D#:0.012, E:0.017, F:0.070, F#:0.201, G:0.429, G#:0.137, A:0.024, A#:0.007, B:0.003"
19708,"C:0.232, C#:0.264, D:0.019, D#:0.028, E:0.030, F:0.062, F#:0.011, G:0.085, G#:0.104, A:0.019, A#:0.045, B:0.102"
19718,"C:0.090, C#:0.135, D:0.050, D#:0.060, E:0.083, F:0.099, F#:0.142, G:0.042, G#:0.070, A:0.042, A#:0.070, B:0.117"
19720,"C:0.084, C#:0.157, D:0.124, D#:0.146, E:0.060, F:0.093, F#:0.066, G:0.031, G#:0.043, A:0.075, A#:0.075, B:0.047"
19721,"C:0.062, C#:0.083, D:0.071, D#:0.069, E:0.070, F:0.186, F#:0.101, G:0.051, G#:0.083, A:0.059, A#:0.083, B:0.082"
19722,"C:0.088, C#:0.093, D:0.070, D#:0.055, E:0.100, F:0.113, F#:0.146, G:0.053, G#:0.032, A:0.091, A#:0.051, B:0.108"
19724,"C:0.106, C#:0.111, D:0.259, D#:0.069, E:0.041, F:0.099, F#:0.057, G:0.076, G#:0.033, A:0.043, A#:0.054, B:0.052"
19726,"C:0.161, C#:0.114, D:0.040, D#:0.096, E:0.054, F:0.083, F#:0.057, G:0.056, G#:0.174, A:0.075, A#:0.034, B:0.057"
19741,"C:0.051, C#:0.136, D:0.074, D#:0.050, E:0.038, F:0.067, F#:0.079, G:0.099, G#:0.124, A:0.069, A#:0.168, B:0.044"
19742,"C:0.030, C#:0.045, D:0.020, D#:0.017, E:0.033, F:0.217, F#:0.103, G:0.029, G#:0.053, A:0.050, A#:0.360, B:0.042"
19757,"C:0.092, C#:0.047, D:0.045, D#:0.026, E:0.048, F:0.049, F#:0.062, G:0.186, G#:0.116, A:0.083, A#:0.143, B:0.103"
20013,"C:0.017, C#:0.005, D:0.002, D#:0.006, E:0.115, F:0.078, F#:0.017, G:0.004, G#:0.013, A:0.506, A#:0.225, B:0.014"
20033,"C:0.085, C#:0.052, D:0.115, D#:0.053, E:0.056, F:0.067, F#:0.053, G:0.080, G#:0.074, A:0.149, A#:0.107, B:0.110"
20044,"C:0.092, C#:0.024, D:0.077, D#:0.059, E:0.085, F:0.193, F#:0.103, G:0.095, G#:0.094, A:0.094, A#:0.041, B:0.043"
20052,"C:0.027, C#:0.092, D:0.282, D#:0.062, E:0.110, F:0.031, F#:0.077, G:0.098, G#:0.038, A:0.090, A#:0.027, B:0.068"
20053,"C:0.294, C#:0.075, D:0.047, D#:0.029, E:0.059, F:0.170, F#:0.064, G:0.093, G#:0.021, A:0.019, A#:0.030, B:0.096"
20055,"C:0.057, C#:0.062, D:0.039, D#:0.065, E:0.124, F:0.110, F#:0.111, G:0.054, G#:0.086, A:0.045, A#:0.090, B:0.156"
20123,"C:0.011, C#:0.036, D:0.371, D#:0.032, E:0.023, F:0.016, F#:0.103, G:0.057, G#:0.025, A:0.282, A#:0.038, B:0.007"
20124,"C:0.040, C#:0.026, D:0.356, D#:0.037, E:0.012, F:0.024, F#:0.039, G:0.260, G#:0.076, A:0.059, A#:0.059, B:0.011"
20129,"C:0.050, C#:0.115, D:0.056, D#:0.077, E:0.143, F:0.014, F#:0.032, G:0.019, G#:0.132, A:0.177, A#:0.040, B:0.144"
20152,"C:0.037, C#:0.122, D:0.080, D#:0.080, E:0.055, F:0.097, F#:0.229, G:0.065, G#:0.026, A:0.038, A#:0.095, B:0.074"
20206,"C:0.262, C#:0.054, D:0.042, D#:0.144, E:0.048, F:0.033, F#:0.009, G:0.055, G#:0.079, A:0.022, A#:0.095, B:0.157"
20210,"C:0.065, C#:0.013, D:0.018, D#:0.023, E:0.103, F:0.140, F#:0.051, G:0.125, G#:0.120, A:0.178, A#:0.034, B:0.131"
20227,"C:0.079, C#:0.082, D:0.027, D#:0.049, E:0.188, F:0.058, F#:0.131, G:0.082, G#:0.085, A:0.077, A#:0.032, B:0.112"
20229,"C:0.163, C#:0.010, D:0.067, D#:0.016, E:0.156, F:0.010, F#:0.040, G:0.288, G#:0.050, A:0.031, A#:0.011, B:0.158"
20230,"C:0.034, C#:0.043, D:0.108, D#:0.042, E:0.274, F:0.034, F#:0.051, G:0.209, G#:0.036, A:0.103, A#:0.013, B:0.052"
20256,"C:0.034, C#:0.088, D:0.135, D#:0.029, E:0.058, F:0.041, F#:0.227, G:0.064, G#:0.023, A:0.140, A#:0.045, B:0.116"
20263,"C:0.004, C#:0.032, D:0.029, D#:0.002, E:0.020, F:0.009, F#:0.377, G:0.017, G#:0.025, A:0.440, A#:0.029, B:0.017"
20265,"C:0.064, C#:0.041, D:0.040, D#:0.106, E:0.054, F:0.035, F#:0.020, G:0.052, G#:0.107, A:0.107, A#:0.201, B:0.171"
20266,"C:0.088, C#:0.165, D:0.121, D#:0.067, E:0.063, F:0.040, F#:0.111, G:0.096, G#:0.064, A:0.056, A#:0.049, B:0.079"
20432,"C:0.054, C#:0.047, D:0.045, D#:0.054, E:0.123, F:0.058, F#:0.162, G:0.058, G#:0.036, A:0.047, A#:0.077, B:0.238"
20434,"C:0.164, C#:0.031, D:0.054, D#:0.223, E:0.039, F:0.118, F#:0.028, G:0.111, G#:0.020, A:0.029, A#:0.120, B:0.063"
20565,"C:0.035, C#:0.036, D:0.270, D#:0.029, E:0.112, F:0.022, F#:0.077, G:0.186, G#:0.042, A:0.090, A#:0.015, B:0.086"
20690,"C:0.165, C#:0.081, D:0.064, D#:0.092, E:0.086, F:0.088, F#:0.060, G:0.073, G#:0.064, A:0.059, A#:0.080, B:0.088"
20761,"C:0.020, C#:0.168, D:0.042, D#:0.215, E:0.020, F:0.017, F#:0.017, G:0.027, G#:0.084, A:0.044, A#:0.296, B:0.050"
20824,"C:0.170, C#:0.233, D:0.128, D#:0.042, E:0.081, F:0.035, F#:0.017, G:0.019, G#:0.022, A:0.025, A#:0.039, B:0.187"
20826,"C:0.132, C#:0.085, D:0.041, D#:0.049, E:0.075, F:0.129, F#:0.089, G:0.060, G#:0.054, A:0.081, A#:0.091, B:0.113"
20934,"C:0.119, C#:0.079, D:0.065, D#:0.036, E:0.158, F:0.022, F#:0.013, G:0.021, G#:0.100, A:0.164, A#:0.071, B:0.152"
21011,"C:0.061, C#:0.070, D:0.123, D#:0.126, E:0.096, F:0.045, F#:0.033, G:0.055, G#:0.086, A:0.154, A#:0.091, B:0.058"
21014,"C:0.049, C#:0.055, D:0.110, D#:0.081, E:0.079, F:0.087, F#:0.107, G:0.096, G#:0.106, A:0.106, A#:0.069, B:0.055"
21064,"C:0.156, C#:0.088, D:0.011, D#:0.119, E:0.066, F:0.202, F#:0.065, G:0.042, G#:0.077, A:0.021, A#:0.085, B:0.068"
21065,"C:0.152, C#:0.103, D:0.029, D#:0.097, E:0.026, F:0.135, F#:0.048, G:0.108, G#:0.137, A:0.026, A#:0.106, B:0.033"
21083,"C:0.175, C#:0.068, D:0.069, D#:0.030, E:0.036, F:0.029, F#:0.102, G:0.205, G#:0.074, A:0.071, A#:0.042, B:0.099"
21084,"C:0.063, C#:0.125, D:0.150, D#:0.052, E:0.096, F:0.060, F#:0.036, G:0.036, G#:0.121, A:0.133, A#:0.058, B:0.069"
21085,"C:0.060, C#:0.089, D:0.048, D#:0.047, E:0.096, F:0.051, F#:0.107, G:0.100, G#:0.075, A:0.130, A#:0.072, B:0.125"
21086,"C:0.020, C#:0.073, D:0.018, D#:0.083, E:0.181, F:0.027, F#:0.185, G:0.022, G#:0.104, A:0.024, A#:0.043, B:0.221"
21100,"C:0.032, C#:0.030, D:0.132, D#:0.137, E:0.020, F:0.113, F#:0.077, G:0.018, G#:0.106, A:0.028, A#:0.200, B:0.107"
21189,"C:0.036, C#:0.037, D:0.044, D#:0.065, E:0.208, F:0.071, F#:0.069, G:0.063, G#:0.144, A:0.075, A#:0.046, B:0.141"
21202,"C:0.040, C#:0.084, D:0.115, D#:0.080, E:0.147, F:0.068, F#:0.097, G:0.116, G#:0.039, A:0.080, A#:0.059, B:0.076"
21220,"C:0.127, C#:0.056, D:0.102, D#:0.119, E:0.051, F:0.060, F#:0.051, G:0.098, G#:0.067, A:0.045, A#:0.185, B:0.039"
21260,"C:0.074, C#:0.165, D:0.157, D#:0.041, E:0.014, F:0.012, F#:0.027, G:0.147, G#:0.044, A:0.143, A#:0.117, B:0.059"
21298,"C:0.102, C#:0.021, D:0.111, D#:0.027, E:0.090, F:0.021, F#:0.074, G:0.116, G#:0.035, A:0.036, A#:0.037, B:0.331"
21302,"C:0.051, C#:0.039, D:0.060, D#:0.148, E:0.064, F:0.074, F#:0.047, G:0.077, G#:0.107, A:0.090, A#:0.180, B:0.062"
21368,"C:0.188, C#:0.029, D:0.044, D#:0.012, E:0.018, F:0.064, F#:0.034, G:0.149, G#:0.056, A:0.203, A#:0.142, B:0.061"
21378,"C:0.122, C#:0.082, D:0.170, D#:0.057, E:0.061, F:0.060, F#:0.040, G:0.075, G#:0.048, A:0.101, A#:0.111, B:0.074"
21379,"C:0.046, C#:0.045, D:0.042, D#:0.079, E:0.097, F:0.064, F#:0.122, G:0.066, G#:0.151, A:0.051, A#:0.096, B:0.142"
21381,"C:0.163, C#:0.025, D:0.182, D#:0.027, E:0.074, F:0.164, F#:0.025, G:0.073, G#:0.028, A:0.058, A#:0.157, B:0.025"
21553,"C:0.037, C#:0.026, D:0.219, D#:0.017, E:0.009, F:0.023, F#:0.110, G:0.411, G#:0.074, A:0.027, A#:0.011, B:0.036"
21555,"C:0.121, C#:0.029, D:0.088, D#:0.042, E:0.234, F:0.091, F#:0.041, G:0.086, G#:0.042, A:0.134, A#:0.028, B:0.065"
21556,"C:0.041, C#:0.060, D:0.049, D#:0.133, E:0.152, F:0.093, F#:0.074, G:0.082, G#:0.164, A:0.055, A#:0.057, B:0.041"
21557,"C:0.182, C#:0.037, D:0.140, D#:0.024, E:0.039, F:0.171, F#:0.029, G:0.107, G#:0.023, A:0.062, A#:0.139, B:0.047"
21559,"C:0.032, C#:0.207, D:0.029, D#:0.053, E:0.167, F:0.022, F#:0.046, G:0.017, G#:0.128, A:0.164, A#:0.021, B:0.114"
21617,"C:0.083, C#:0.043, D:0.132, D#:0.049, E:0.176, F:0.055, F#:0.034, G:0.126, G#:0.039, A:0.164, A#:0.025, B:0.073"
21820,"C:0.014, C#:0.021, D:0.100, D#:0.189, E:0.051, F:0.114, F#:0.068, G:0.297, G#:0.039, A:0.028, A#:0.062, B:0.016"
21823,"C:0.187, C#:0.018, D:0.023, D#:0.011, E:0.125, F:0.224, F#:0.061, G:0.281, G#:0.017, A:0.005, A#:0.007, B:0.042"
21826,"C:0.156, C#:0.051, D:0.053, D#:0.235, E:0.075, F:0.182, F#:0.052, G:0.044, G#:0.038, A:0.025, A#:0.036, B:0.051"
21827,"C:0.016, C#:0.040, D:0.223, D#:0.044, E:0.089, F:0.028, F#:0.209, G:0.123, G#:0.043, A:0.129, A#:0.028, B:0.029"
21828,"C:0.010, C#:0.076, D:0.084, D#:0.009, E:0.125, F:0.013, F#:0.140, G:0.068, G#:0.019, A:0.222, A#:0.054, B:0.179"
21829,"C:0.325, C#:0.018, D:0.034, D#:0.010, E:0.104, F:0.219, F#:0.032, G:0.200, G#:0.012, A:0.010, A#:0.006, B:0.029"
21831,"C:0.134, C#:0.040, D:0.212, D#:0.037, E:0.139, F:0.023, F#:0.107, G:0.050, G#:0.015, A:0.083, A#:0.030, B:0.130"
21834,"C:0.134, C#:0.011, D:0.032, D#:0.077, E:0.033, F:0.461, F#:0.021, G:0.018, G#:0.097, A:0.034, A#:0.074, B:0.009"
21859,"C:0.194, C#:0.124, D:0.070, D#:0.053, E:0.034, F:0.071, F#:0.072, G:0.143, G#:0.088, A:0.039, A#:0.043, B:0.067"
21860,"C:0.057, C#:0.025, D:0.137, D#:0.041, E:0.038, F:0.161, F#:0.056, G:0.273, G#:0.057, A:0.069, A#:0.055, B:0.032"
21961,"C:0.053, C#:0.036, D:0.038, D#:0.108, E:0.036, F:0.048, F#:0.059, G:0.063, G#:0.176, A:0.099, A#:0.069, B:0.216"
22058,"C:0.083, C#:0.080, D:0.110, D#:0.109, E:0.068, F:0.250, F#:0.054, G:0.077, G#:0.020, A:0.017, A#:0.105, B:0.029"
22059,"C:0.035, C#:0.056, D:0.009, D#:0.030, E:0.063, F:0.018, F#:0.049, G:0.017, G#:0.075, A:0.326, A#:0.084, B:0.237"
22060,"C:0.060, C#:0.137, D:0.045, D#:0.165, E:0.142, F:0.159, F#:0.059, G:0.037, G#:0.120, A:0.017, A#:0.046, B:0.014"
22061,"C:0.057, C#:0.023, D:0.048, D#:0.028, E:0.043, F:0.129, F#:0.072, G:0.140, G#:0.124, A:0.098, A#:0.167, B:0.071"
22062,"C:0.080, C#:0.067, D:0.057, D#:0.064, E:0.079, F:0.069, F#:0.063, G:0.083, G#:0.108, A:0.116, A#:0.118, B:0.096"
22097,"C:0.135, C#:0.023, D:0.150, D#:0.152, E:0.024, F:0.089, F#:0.032, G:0.160, G#:0.068, A:0.034, A#:0.094, B:0.039"
22195,"C:0.067, C#:0.073, D:0.024, D#:0.095, E:0.141, F:0.033, F#:0.085, G:0.047, G#:0.108, A:0.038, A#:0.025, B:0.263"
22284,"C:0.135, C#:0.018, D:0.108, D#:0.013, E:0.115, F:0.030, F#:0.033, G:0.376, G#:0.051, A:0.058, A#:0.008, B:0.054"
22285,"C:0.152, C#:0.025, D:0.065, D#:0.013, E:0.216, F:0.055, F#:0.034, G:0.213, G#:0.029, A:0.117, A#:0.010, B:0.070"
22295,"C:0.098, C#:0.096, D:0.036, D#:0.099, E:0.176, F:0.191, F#:0.076, G:0.059, G#:0.046, A:0.043, A#:0.037, B:0.045"
22311,"C:0.028, C#:0.029, D:0.129, D#:0.121, E:0.064, F:0.124, F#:0.248, G:0.133, G#:0.056, A:0.031, A#:0.022, B:0.014"
22317,"C:0.042, C#:0.012, D:0.029, D#:0.093, E:0.318, F:0.041, F#:0.040, G:0.150, G#:0.073, A:0.016, A#:0.050, B:0.135"
22318,"C:0.152, C#:0.054, D:0.048, D#:0.054, E:0.072, F:0.112, F#:0.055, G:0.083, G#:0.073, A:0.091, A#:0.115, B:0.092"
22319,"C:0.109, C#:0.043, D:0.161, D#:0.026, E:0.037, F:0.029, F#:0.129, G:0.295, G#:0.034, A:0.052, A#:0.022, B:0.063"
22322,"C:0.118, C#:0.116, D:0.079, D#:0.132, E:0.104, F:0.071, F#:0.082, G:0.076, G#:0.117, A:0.045, A#:0.025, B:0.036"
22323,"C:0.111, C#:0.071, D:0.088, D#:0.127, E:0.204, F:0.061, F#:0.066, G:0.057, G#:0.031, A:0.045, A#:0.055, B:0.085"
22328,"C:0.041, C#:0.108, D:0.229, D#:0.182, E:0.061, F:0.053, F#:0.055, G:0.039, G#:0.053, A:0.085, A#:0.066, B:0.027"
22453,"C:0.118, C#:0.122, D:0.092, D#:0.082, E:0.079, F:0.078, F#:0.069, G:0.072, G#:0.070, A:0.070, A#:0.066, B:0.082"
22556,"C:0.054, C#:0.070, D:0.134, D#:0.056, E:0.076, F:0.051, F#:0.086, G:0.114, G#:0.088, A:0.175, A#:0.059, B:0.037"
22562,"C:0.077, C#:0.050, D:0.126, D#:0.058, E:0.197, F:0.089, F#:0.060, G:0.101, G#:0.039, A:0.108, A#:0.049, B:0.047"
22563,"C:0.045, C#:0.018, D:0.039, D#:0.046, E:0.145, F:0.111, F#:0.086, G:0.244, G#:0.151, A:0.034, A#:0.034, B:0.047"
22576,"C:0.034, C#:0.044, D:0.390, D#:0.094, E:0.048, F:0.098, F#:0.007, G:0.005, G#:0.016, A:0.226, A#:0.028, B:0.009"
22943,"C:0.079, C#:0.112, D:0.068, D#:0.084, E:0.156, F:0.056, F#:0.084, G:0.032, G#:0.023, A:0.022, A#:0.056, B:0.228"
22954,"C:0.103, C#:0.076, D:0.097, D#:0.114, E:0.076, F:0.053, F#:0.046, G:0.082, G#:0.063, A:0.108, A#:0.097, B:0.086"
22974,"C:0.056, C#:0.060, D:0.140, D#:0.045, E:0.104, F:0.098, F#:0.045, G:0.123, G#:0.100, A:0.127, A#:0.055, B:0.046"
22996,"C:0.015, C#:0.012, D:0.015, D#:0.025, E:0.146, F:0.180, F#:0.083, G:0.073, G#:0.087, A:0.232, A#:0.109, B:0.025"
22997,"C:0.064, C#:0.069, D:0.046, D#:0.030, E:0.057, F:0.072, F#:0.066, G:0.031, G#:0.079, A:0.149, A#:0.269, B:0.068"
23011,"C:0.059, C#:0.019, D:0.049, D#:0.037, E:0.042, F:0.074, F#:0.220, G:0.166, G#:0.079, A:0.155, A#:0.041, B:0.058"
23014,"C:0.043, C#:0.121, D:0.040, D#:0.072, E:0.144, F:0.083, F#:0.201, G:0.042, G#:0.044, A:0.052, A#:0.033, B:0.124"
23015,"C:0.036, C#:0.116, D:0.041, D#:0.060, E:0.198, F:0.034, F#:0.066, G:0.028, G#:0.130, A:0.126, A#:0.051, B:0.115"
23025,"C:0.048, C#:0.080, D:0.189, D#:0.054, E:0.109, F:0.027, F#:0.078, G:0.169, G#:0.070, A:0.082, A#:0.032, B:0.063"
23026,"C:0.092, C#:0.072, D:0.229, D#:0.153, E:0.029, F:0.017, F#:0.052, G:0.058, G#:0.028, A:0.086, A#:0.100, B:0.083"
23059,"C:0.029, C#:0.058, D:0.171, D#:0.070, E:0.098, F:0.070, F#:0.153, G:0.089, G#:0.060, A:0.095, A#:0.034, B:0.072"
23060,"C:0.043, C#:0.077, D:0.027, D#:0.056, E:0.260, F:0.048, F#:0.044, G:0.021, G#:0.123, A:0.032, A#:0.030, B:0.240"
23096,"C:0.026, C#:0.099, D:0.133, D#:0.035, E:0.041, F:0.071, F#:0.187, G:0.027, G#:0.102, A:0.183, A#:0.022, B:0.073"
23107,"C:0.114, C#:0.029, D:0.032, D#:0.054, E:0.246, F:0.038, F#:0.058, G:0.067, G#:0.029, A:0.056, A#:0.029, B:0.249"
23108,"C:0.057, C#:0.028, D:0.044, D#:0.077, E:0.328, F:0.074, F#:0.121, G:0.094, G#:0.031, A:0.018, A#:0.018, B:0.111"
23172,"C:0.105, C#:0.081, D:0.109, D#:0.055, E:0.111, F:0.035, F#:0.044, G:0.072, G#:0.073, A:0.153, A#:0.075, B:0.088"
23173,"C:0.042, C#:0.057, D:0.056, D#:0.079, E:0.147, F:0.083, F#:0.048, G:0.059, G#:0.098, A:0.146, A#:0.102, B:0.081"
23177,"C:0.057, C#:0.037, D:0.051, D#:0.110, E:0.247, F:0.130, F#:0.082, G:0.053, G#:0.036, A:0.060, A#:0.056, B:0.081"
23181,"C:0.082, C#:0.051, D:0.060, D#:0.054, E:0.099, F:0.076, F#:0.058, G:0.067, G#:0.095, A:0.147, A#:0.098, B:0.112"
23338,"C:0.095, C#:0.038, D:0.022, D#:0.037, E:0.046, F:0.016, F#:0.018, G:0.016, G#:0.030, A:0.070, A#:0.244, B:0.368"
23339,"C:0.097, C#:0.169, D:0.049, D#:0.061, E:0.031, F:0.094, F#:0.157, G:0.043, G#:0.059, A:0.039, A#:0.083, B:0.118"
23340,"C:0.048, C#:0.163, D:0.489, D#:0.120, E:0.029, F:0.010, F#:0.015, G:0.014, G#:0.016, A:0.046, A#:0.020, B:0.029"
23341,"C:0.066, C#:0.029, D:0.021, D#:0.059, E:0.133, F:0.039, F#:0.050, G:0.022, G#:0.074, A:0.143, A#:0.167, B:0.197"
23342,"C:0.093, C#:0.069, D:0.141, D#:0.072, E:0.181, F:0.105, F#:0.049, G:0.065, G#:0.039, A:0.060, A#:0.043, B:0.083"
23370,"C:0.073, C#:0.026, D:0.033, D#:0.092, E:0.135, F:0.198, F#:0.064, G:0.034, G#:0.032, A:0.067, A#:0.184, B:0.062"
23371,"C:0.028, C#:0.097, D:0.062, D#:0.156, E:0.021, F:0.074, F#:0.220, G:0.020, G#:0.105, A:0.031, A#:0.125, B:0.061"
23797,"C:0.337, C#:0.094, D:0.056, D#:0.093, E:0.038, F:0.017, F#:0.010, G:0.037, G#:0.018, A:0.037, A#:0.130, B:0.134"
23800,"C:0.141, C#:0.079, D:0.065, D#:0.074, E:0.133, F:0.097, F#:0.077, G:0.070, G#:0.075, A:0.070, A#:0.048, B:0.072"
23808,"C:0.055, C#:0.097, D:0.194, D#:0.256, E:0.135, F:0.058, F#:0.035, G:0.029, G#:0.034, A:0.033, A#:0.044, B:0.030"
23851,"C:0.096, C#:0.176, D:0.131, D#:0.055, E:0.058, F:0.020, F#:0.070, G:0.017, G#:0.023, A:0.088, A#:0.090, B:0.176"
23856,"C:0.171, C#:0.078, D:0.087, D#:0.044, E:0.035, F:0.047, F#:0.049, G:0.118, G#:0.057, A:0.069, A#:0.137, B:0.108"
23857,"C:0.114, C#:0.069, D:0.093, D#:0.150, E:0.117, F:0.143, F#:0.067, G:0.091, G#:0.035, A:0.027, A#:0.047, B:0.046"
23859,"C:0.101, C#:0.064, D:0.059, D#:0.077, E:0.090, F:0.072, F#:0.085, G:0.137, G#:0.116, A:0.075, A#:0.066, B:0.058"
23861,"C:0.069, C#:0.078, D:0.068, D#:0.062, E:0.073, F:0.100, F#:0.126, G:0.121, G#:0.102, A:0.070, A#:0.068, B:0.063"
23862,"C:0.101, C#:0.056, D:0.075, D#:0.049, E:0.032, F:0.070, F#:0.111, G:0.197, G#:0.150, A:0.057, A#:0.039, B:0.062"
23888,"C:0.060, C#:0.098, D:0.101, D#:0.142, E:0.106, F:0.126, F#:0.106, G:0.093, G#:0.053, A:0.033, A#:0.029, B:0.055"
24014,"C:0.092, C#:0.060, D:0.118, D#:0.063, E:0.099, F:0.044, F#:0.038, G:0.031, G#:0.058, A:0.169, A#:0.073, B:0.155"
24015,"C:0.072, C#:0.108, D:0.046, D#:0.060, E:0.028, F:0.066, F#:0.127, G:0.053, G#:0.164, A:0.050, A#:0.098, B:0.128"
24016,"C:0.126, C#:0.035, D:0.074, D#:0.038, E:0.088, F:0.103, F#:0.072, G:0.133, G#:0.052, A:0.159, A#:0.032, B:0.086"
24017,"C:0.128, C#:0.031, D:0.035, D#:0.038, E:0.093, F:0.135, F#:0.079, G:0.147, G#:0.075, A:0.140, A#:0.046, B:0.053"
24106,"C:0.047, C#:0.106, D:0.079, D#:0.047, E:0.137, F:0.056, F#:0.133, G:0.074, G#:0.051, A:0.118, A#:0.042, B:0.112"
24227,"C:0.161, C#:0.046, D:0.100, D#:0.114, E:0.056, F:0.134, F#:0.034, G:0.080, G#:0.078, A:0.078, A#:0.068, B:0.051"
24228,"C:0.035, C#:0.084, D:0.131, D#:0.055, E:0.137, F:0.116, F#:0.033, G:0.027, G#:0.038, A:0.237, A#:0.040, B:0.065"
24229,"C:0.147, C#:0.047, D:0.081, D#:0.060, E:0.168, F:0.089, F#:0.047, G:0.092, G#:0.047, A:0.130, A#:0.035, B:0.058"
24230,"C:0.089, C#:0.064, D:0.064, D#:0.040, E:0.073, F:0.095, F#:0.060, G:0.037, G#:0.092, A:0.237, A#:0.053, B:0.096"
24238,"C:0.227, C#:0.027, D:0.088, D#:0.033, E:0.105, F:0.149, F#:0.026, G:0.140, G#:0.050, A:0.083, A#:0.027, B:0.044"
24240,"C:0.019, C#:0.022, D:0.201, D#:0.028, E:0.108, F:0.057, F#:0.117, G:0.140, G#:0.020, A:0.140, A#:0.022, B:0.126"
24241,"C:0.015, C#:0.035, D:0.069, D#:0.026, E:0.082, F:0.026, F#:0.039, G:0.108, G#:0.115, A:0.354, A#:0.094, B:0.036"
24254,"C:0.183, C#:0.039, D:0.046, D#:0.049, E:0.197, F:0.066, F#:0.035, G:0.161, G#:0.048, A:0.068, A#:0.028, B:0.079"
24255,"C:0.044, C#:0.155, D:0.134, D#:0.074, E:0.249, F:0.031, F#:0.046, G:0.016, G#:0.071, A:0.020, A#:0.019, B:0.142"
24256,"C:0.084, C#:0.111, D:0.046, D#:0.048, E:0.184, F:0.059, F#:0.038, G:0.054, G#:0.105, A:0.118, A#:0.033, B:0.121"
24257,"C:0.169, C#:0.033, D:0.107, D#:0.033, E:0.242, F:0.031, F#:0.022, G:0.153, G#:0.045, A:0.044, A#:0.019, B:0.102"
24258,"C:0.026, C#:0.159, D:0.023, D#:0.068, E:0.222, F:0.023, F#:0.093, G:0.029, G#:0.080, A:0.126, A#:0.038, B:0.113"
24262,"C:0.025, C#:0.019, D:0.028, D#:0.121, E:0.254, F:0.023, F#:0.071, G:0.109, G#:0.023, A:0.030, A#:0.030, B:0.268"
24264,"C:0.067, C#:0.097, D:0.069, D#:0.154, E:0.067, F:0.086, F#:0.159, G:0.045, G#:0.026, A:0.033, A#:0.094, B:0.104"
24270,"C:0.105, C#:0.139, D:0.146, D#:0.056, E:0.098, F:0.104, F#:0.078, G:0.133, G#:0.033, A:0.050, A#:0.024, B:0.034"
24271,"C:0.131, C#:0.042, D:0.047, D#:0.055, E:0.079, F:0.218, F#:0.061, G:0.088, G#:0.078, A:0.047, A#:0.107, B:0.049"
24272,"C:0.095, C#:0.064, D:0.153, D#:0.035, E:0.081, F:0.076, F#:0.052, G:0.160, G#:0.045, A:0.103, A#:0.052, B:0.084"
24274,"C:0.052, C#:0.077, D:0.097, D#:0.066, E:0.072, F:0.098, F#:0.047, G:0.102, G#:0.081, A:0.232, A#:0.057, B:0.020"
24736,"C:0.253, C#:0.089, D:0.060, D#:0.036, E:0.058, F:0.042, F#:0.051, G:0.167, G#:0.059, A:0.063, A#:0.038, B:0.084"
24737,"C:0.082, C#:0.348, D:0.067, D#:0.020, E:0.019, F:0.006, F#:0.007, G:0.018, G#:0.109, A:0.224, A#:0.037, B:0.064"
24856,"C:0.018, C#:0.108, D:0.171, D#:0.025, E:0.057, F:0.222, F#:0.089, G:0.045, G#:0.061, A:0.070, A#:0.111, B:0.023"
24866,"C:0.022, C#:0.053, D:0.012, D#:0.101, E:0.235, F:0.042, F#:0.095, G:0.042, G#:0.132, A:0.061, A#:0.056, B:0.148"
24868,"C:0.168, C#:0.011, D:0.010, D#:0.183, E:0.019, F:0.014, F#:0.022, G:0.129, G#:0.384, A:0.030, A#:0.016, B:0.015"
24876,"C:0.336, C#:0.043, D:0.048, D#:0.008, E:0.098, F:0.014, F#:0.011, G:0.373, G#:0.015, A:0.012, A#:0.011, B:0.031"
24877,"C:0.014, C#:0.049, D:0.216, D#:0.029, E:0.018, F:0.024, F#:0.133, G:0.384, G#:0.047, A:0.069, A#:0.010, B:0.007"
24937,"C:0.008, C#:0.029, D:0.428, D#:0.015, E:0.008, F:0.010, F#:0.042, G:0.114, G#:0.012, A:0.245, A#:0.007, B:0.082"
24938,"C:0.333, C#:0.006, D:0.002, D#:0.017, E:0.222, F:0.005, F#:0.004, G:0.082, G#:0.005, A:0.130, A#:0.016, B:0.180"
24939,"C:0.169, C#:0.032, D:0.133, D#:0.047, E:0.109, F:0.177, F#:0.012, G:0.008, G#:0.051, A:0.147, A#:0.048, B:0.068"
24941,"C:0.095, C#:0.170, D:0.105, D#:0.031, E:0.071, F:0.030, F#:0.032, G:0.019, G#:0.060, A:0.097, A#:0.015, B:0.275"
24942,"C:0.108, C#:0.080, D:0.250, D#:0.008, E:0.008, F:0.032, F#:0.135, G:0.161, G#:0.046, A:0.135, A#:0.007, B:0.031"
25062,"C:0.021, C#:0.056, D:0.029, D#:0.137, E:0.121, F:0.031, F#:0.089, G:0.037, G#:0.188, A:0.090, A#:0.072, B:0.127"
25085,"C:0.134, C#:0.045, D:0.190, D#:0.057, E:0.042, F:0.104, F#:0.052, G:0.056, G#:0.039, A:0.152, A#:0.048, B:0.083"
25086,"C:0.024, C#:0.074, D:0.026, D#:0.040, E:0.502, F:0.047, F#:0.010, G:0.013, G#:0.041, A:0.049, A#:0.084, B:0.089"
25087,"C:0.020, C#:0.041, D:0.020, D#:0.052, E:0.073, F:0.072, F#:0.154, G:0.111, G#:0.312, A:0.089, A#:0.033, B:0.022"
25090,"C:0.063, C#:0.058, D:0.101, D#:0.084, E:0.178, F:0.089, F#:0.127, G:0.086, G#:0.041, A:0.059, A#:0.035, B:0.079"
25636,"C:0.032, C#:0.021, D:0.021, D#:0.227, E:0.022, F:0.031, F#:0.088, G:0.089, G#:0.257, A:0.048, A#:0.125, B:0.038"
25637,"C:0.034, C#:0.015, D:0.014, D#:0.032, E:0.321, F:0.042, F#:0.023, G:0.038, G#:0.040, A:0.280, A#:0.058, B:0.105"
25795,"C:0.122, C#:0.061, D:0.091, D#:0.049, E:0.080, F:0.048, F#:0.053, G:0.122, G#:0.084, A:0.125, A#:0.090, B:0.076"
25796,"C:0.082, C#:0.058, D:0.056, D#:0.050, E:0.112, F:0.068, F#:0.063, G:0.070, G#:0.083, A:0.201, A#:0.085, B:0.070"
25798,"C:0.113, C#:0.083, D:0.104, D#:0.082, E:0.078, F:0.082, F#:0.069, G:0.058, G#:0.065, A:0.082, A#:0.106, B:0.078"
25799,"C:0.133, C#:0.065, D:0.067, D#:0.071, E:0.116, F:0.068, F#:0.051, G:0.057, G#:0.076, A:0.144, A#:0.070, B:0.082"
25800,"C:0.085, C#:0.054, D:0.109, D#:0.266, E:0.082, F:0.035, F#:0.028, G:0.018, G#:0.022, A:0.037, A#:0.108, B:0.157"
25906,"C:0.047, C#:0.070, D:0.080, D#:0.067, E:0.147, F:0.076, F#:0.115, G:0.043, G#:0.071, A:0.141, A#:0.050, B:0.094"
25907,"C:0.026, C#:0.076, D:0.106, D#:0.058, E:0.146, F:0.049, F#:0.107, G:0.043, G#:0.086, A:0.195, A#:0.053, B:0.055"
25908,"C:0.032, C#:0.123, D:0.142, D#:0.043, E:0.137, F:0.035, F#:0.057, G:0.027, G#:0.064, A:0.225, A#:0.057, B:0.058"
25909,"C:0.040, C#:0.054, D:0.133, D#:0.107, E:0.046, F:0.075, F#:0.026, G:0.039, G#:0.109, A:0.100, A#:0.224, B:0.047"
26024,"C:0.105, C#:0.064, D:0.077, D#:0.039, E:0.036, F:0.041, F#:0.059, G:0.154, G#:0.110, A:0.116, A#:0.128, B:0.070"
26169,"C:0.073, C#:0.038, D:0.033, D#:0.049, E:0.147, F:0.128, F#:0.072, G:0.162, G#:0.085, A:0.125, A#:0.047, B:0.040"
26171,"C:0.062, C#:0.093, D:0.073, D#:0.104, E:0.169, F:0.123, F#:0.077, G:0.073, G#:0.076, A:0.042, A#:0.046, B:0.063"
26173,"C:0.049, C#:0.132, D:0.050, D#:0.092, E:0.091, F:0.053, F#:0.184, G:0.043, G#:0.096, A:0.035, A#:0.042, B:0.133"
26174,"C:0.085, C#:0.100, D:0.092, D#:0.066, E:0.064, F:0.078, F#:0.078, G:0.133, G#:0.064, A:0.084, A#:0.080, B:0.075"
26175,"C:0.130, C#:0.065, D:0.053, D#:0.071, E:0.140, F:0.091, F#:0.048, G:0.046, G#:0.061, A:0.131, A#:0.072, B:0.093"
26176,"C:0.165, C#:0.049, D:0.093, D#:0.054, E:0.097, F:0.071, F#:0.052, G:0.165, G#:0.099, A:0.083, A#:0.023, B:0.051"
26177,"C:0.073, C#:0.047, D:0.054, D#:0.031, E:0.080, F:0.181, F#:0.047, G:0.087, G#:0.080, A:0.133, A#:0.120, B:0.067"
26178,"C:0.107, C#:0.072, D:0.096, D#:0.084, E:0.094, F:0.131, F#:0.082, G:0.112, G#:0.061, A:0.060, A#:0.043, B:0.057"
26179,"C:0.083, C#:0.043, D:0.198, D#:0.141, E:0.028, F:0.033, F#:0.031, G:0.146, G#:0.031, A:0.061, A#:0.167, B:0.037"
26242,"C:0.076, C#:0.062, D:0.108, D#:0.062, E:0.052, F:0.030, F#:0.068, G:0.082, G#:0.100, A:0.054, A#:0.065, B:0.240"
26311,"C:0.098, C#:0.084, D:0.156, D#:0.096, E:0.132, F:0.055, F#:0.069, G:0.104, G#:0.040, A:0.082, A#:0.022, B:0.061"
26673,"C:0.040, C#:0.064, D:0.169, D#:0.050, E:0.132, F:0.082, F#:0.027, G:0.110, G#:0.042, A:0.204, A#:0.054, B:0.026"
26679,"C:0.094, C#:0.043, D:0.213, D#:0.043, E:0.125, F:0.072, F#:0.028, G:0.116, G#:0.036, A:0.166, A#:0.027, B:0.037"
26680,"C:0.065, C#:0.024, D:0.090, D#:0.042, E:0.185, F:0.097, F#:0.028, G:0.024, G#:0.061, A:0.218, A#:0.087, B:0.078"
26721,"C:0.086, C#:0.117, D:0.067, D#:0.077, E:0.042, F:0.061, F#:0.093, G:0.074, G#:0.085, A:0.081, A#:0.107, B:0.109"
26737,"C:0.060, C#:0.059, D:0.134, D#:0.039, E:0.044, F:0.118, F#:0.116, G:0.213, G#:0.051, A:0.076, A#:0.061, B:0.029"
26894,"C:0.037, C#:0.063, D:0.023, D#:0.067, E:0.086, F:0.034, F#:0.060, G:0.076, G#:0.153, A:0.162, A#:0.083, B:0.156"
26901,"C:0.042, C#:0.058, D:0.025, D#:0.045, E:0.137, F:0.099, F#:0.130, G:0.061, G#:0.056, A:0.117, A#:0.090, B:0.141"
27127,"C:0.118, C#:0.058, D:0.059, D#:0.066, E:0.068, F:0.140, F#:0.075, G:0.137, G#:0.071, A:0.046, A#:0.072, B:0.089"
27177,"C:0.127, C#:0.115, D:0.220, D#:0.084, E:0.054, F:0.079, F#:0.040, G:0.043, G#:0.032, A:0.087, A#:0.061, B:0.058"
27179,"C:0.089, C#:0.074, D:0.081, D#:0.046, E:0.067, F:0.090, F#:0.082, G:0.071, G#:0.062, A:0.176, A#:0.094, B:0.067"
27183,"C:0.034, C#:0.037, D:0.051, D#:0.128, E:0.073, F:0.073, F#:0.069, G:0.077, G#:0.130, A:0.085, A#:0.177, B:0.065"
27222,"C:0.108, C#:0.069, D:0.155, D#:0.033, E:0.066, F:0.079, F#:0.033, G:0.090, G#:0.049, A:0.230, A#:0.040, B:0.049"
27223,"C:0.088, C#:0.044, D:0.053, D#:0.059, E:0.153, F:0.044, F#:0.029, G:0.048, G#:0.100, A:0.229, A#:0.069, B:0.084"
27224,"C:0.176, C#:0.206, D:0.090, D#:0.041, E:0.035, F:0.056, F#:0.048, G:0.174, G#:0.048, A:0.034, A#:0.038, B:0.055"
27230,"C:0.115, C#:0.068, D:0.068, D#:0.051, E:0.199, F:0.126, F#:0.033, G:0.039, G#:0.045, A:0.170, A#:0.044, B:0.042"
27231,"C:0.116, C#:0.022, D:0.046, D#:0.019, E:0.154, F:0.021, F#:0.025, G:0.144, G#:0.087, A:0.217, A#:0.038, B:0.111"
27232,"C:0.112, C#:0.254, D:0.248, D#:0.061, E:0.038, F:0.027, F#:0.094, G:0.051, G#:0.027, A:0.034, A#:0.022, B:0.033"
27233,"C:0.042, C#:0.045, D:0.323, D#:0.129, E:0.115, F:0.054, F#:0.025, G:0.123, G#:0.052, A:0.023, A#:0.022, B:0.048"
27235,"C:0.059, C#:0.171, D:0.108, D#:0.046, E:0.132, F:0.047, F#:0.066, G:0.031, G#:0.078, A:0.162, A#:0.042, B:0.057"
27258,"C:0.100, C#:0.036, D:0.174, D#:0.031, E:0.055, F:0.073, F#:0.066, G:0.209, G#:0.048, A:0.064, A#:0.119, B:0.025"
27548,"C:0.014, C#:0.119, D:0.029, D#:0.065, E:0.082, F:0.016, F#:0.245, G:0.014, G#:0.101, A:0.016, A#:0.068, B:0.232"
27549,"C:0.105, C#:0.044, D:0.090, D#:0.034, E:0.027, F:0.045, F#:0.064, G:0.240, G#:0.069, A:0.095, A#:0.090, B:0.098"
27550,"C:0.188, C#:0.035, D:0.050, D#:0.029, E:0.181, F:0.028, F#:0.133, G:0.123, G#:0.019, A:0.035, A#:0.037, B:0.144"
27607,"C:0.151, C#:0.204, D:0.085, D#:0.046, E:0.044, F:0.047, F#:0.040, G:0.126, G#:0.132, A:0.063, A#:0.035, B:0.027"
27844,"C:0.059, C#:0.022, D:0.131, D#:0.018, E:0.024, F:0.025, F#:0.095, G:0.334, G#:0.072, A:0.096, A#:0.032, B:0.091"
27845,"C:0.126, C#:0.069, D:0.139, D#:0.058, E:0.102, F:0.093, F#:0.067, G:0.101, G#:0.032, A:0.081, A#:0.037, B:0.094"
27846,"C:0.018, C#:0.194, D:0.026, D#:0.064, E:0.053, F:0.064, F#:0.247, G:0.038, G#:0.144, A:0.043, A#:0.068, B:0.041"
27853,"C:0.056, C#:0.131, D:0.044, D#:0.053, E:0.122, F:0.114, F#:0.165, G:0.064, G#:0.070, A:0.031, A#:0.051, B:0.097"
27859,"C:0.114, C#:0.014, D:0.276, D#:0.006, E:0.025, F:0.052, F#:0.025, G:0.337, G#:0.021, A:0.079, A#:0.040, B:0.012"
27861,"C:0.094, C#:0.028, D:0.182, D#:0.020, E:0.017, F:0.140, F#:0.030, G:0.032, G#:0.026, A:0.085, A#:0.263, B:0.082"
27862,"C:0.166, C#:0.022, D:0.088, D#:0.023, E:0.082, F:0.053, F#:0.084, G:0.079, G#:0.047, A:0.240, A#:0.028, B:0.089"
27864,"C:0.075, C#:0.069, D:0.164, D#:0.054, E:0.050, F:0.036, F#:0.089, G:0.244, G#:0.074, A:0.047, A#:0.027, B:0.070"
27865,"C:0.019, C#:0.071, D:0.252, D#:0.045, E:0.065, F:0.031, F#:0.076, G:0.164, G#:0.084, A:0.149, A#:0.023, B:0.022"
27979,"C:0.027, C#:0.033, D:0.022, D#:0.052, E:0.043, F:0.115, F#:0.154, G:0.074, G#:0.166, A:0.104, A#:0.153, B:0.056"
28070,"C:0.154, C#:0.051, D:0.039, D#:0.025, E:0.060, F:0.051, F#:0.069, G:0.199, G#:0.173, A:0.071, A#:0.045, B:0.063"
28084,"C:0.241, C#:0.097, D:0.066, D#:0.045, E:0.046, F:0.057, F#:0.053, G:0.105, G#:0.064, A:0.045, A#:0.075, B:0.106"
28252,"C:0.177, C#:0.083, D:0.044, D#:0.068, E:0.042, F:0.095, F#:0.046, G:0.062, G#:0.110, A:0.063, A#:0.111, B:0.100"
28266,"C:0.045, C#:0.045, D:0.097, D#:0.078, E:0.187, F:0.051, F#:0.069, G:0.029, G#:0.050, A:0.100, A#:0.066, B:0.184"
28364,"C:0.151, C#:0.044, D:0.040, D#:0.035, E:0.078, F:0.092, F#:0.068, G:0.093, G#:0.080, A:0.113, A#:0.095, B:0.113"
28365,"C:0.209, C#:0.024, D:0.073, D#:0.020, E:0.115, F:0.223, F#:0.011, G:0.020, G#:0.028, A:0.153, A#:0.055, B:0.068"
28377,"C:0.082, C#:0.032, D:0.284, D#:0.038, E:0.038, F:0.032, F#:0.033, G:0.243, G#:0.048, A:0.034, A#:0.113, B:0.022"
28388,"C:0.012, C#:0.009, D:0.078, D#:0.013, E:0.010, F:0.016, F#:0.042, G:0.527, G#:0.065, A:0.024, A#:0.186, B:0.018"
28396,"C:0.031, C#:0.145, D:0.032, D#:0.137, E:0.020, F:0.024, F#:0.106, G:0.032, G#:0.205, A:0.070, A#:0.059, B:0.139"
28398,"C:0.030, C#:0.034, D:0.023, D#:0.152, E:0.098, F:0.024, F#:0.066, G:0.025, G#:0.111, A:0.023, A#:0.110, B:0.305"
28400,"C:0.021, C#:0.056, D:0.029, D#:0.137, E:0.121, F:0.031, F#:0.089, G:0.037, G#:0.188, A:0.090, A#:0.072, B:0.127"
28427,"C:0.022, C#:0.020, D:0.016, D#:0.069, E:0.172, F:0.049, F#:0.062, G:0.056, G#:0.171, A:0.211, A#:0.058, B:0.094"
28428,"C:0.040, C#:0.105, D:0.037, D#:0.036, E:0.073, F:0.127, F#:0.321, G:0.104, G#:0.036, A:0.017, A#:0.027, B:0.078"
28429,"C:0.029, C#:0.047, D:0.061, D#:0.087, E:0.275, F:0.074, F#:0.059, G:0.028, G#:0.043, A:0.159, A#:0.041, B:0.098"
28430,"C:0.029, C#:0.054, D:0.162, D#:0.068, E:0.133, F:0.050, F#:0.044, G:0.028, G#:0.071, A:0.255, A#:0.045, B:0.061"
28431,"C:0.052, C#:0.042, D:0.029, D#:0.081, E:0.102, F:0.058, F#:0.155, G:0.044, G#:0.048, A:0.080, A#:0.083, B:0.227"
28435,"C:0.029, C#:0.160, D:0.038, D#:0.034, E:0.086, F:0.055, F#:0.271, G:0.040, G#:0.088, A:0.100, A#:0.049, B:0.051"
28545,"C:0.008, C#:0.182, D:0.158, D#:0.013, E:0.197, F:0.009, F#:0.083, G:0.005, G#:0.026, A:0.300, A#:0.013, B:0.005"
28548,"C:0.175, C#:0.025, D:0.125, D#:0.020, E:0.093, F:0.022, F#:0.039, G:0.172, G#:0.073, A:0.153, A#:0.026, B:0.076"
28589,"C:0.112, C#:0.061, D:0.098, D#:0.065, E:0.056, F:0.046, F#:0.062, G:0.027, G#:0.029, A:0.073, A#:0.107, B:0.265"
28599,"C:0.041, C#:0.027, D:0.058, D#:0.036, E:0.082, F:0.076, F#:0.166, G:0.261, G#:0.074, A:0.087, A#:0.029, B:0.063"
28647,"C:0.086, C#:0.091, D:0.101, D#:0.080, E:0.084, F:0.067, F#:0.065, G:0.090, G#:0.058, A:0.097, A#:0.087, B:0.094"
28777,"C:0.133, C#:0.083, D:0.109, D#:0.062, E:0.078, F:0.090, F#:0.108, G:0.135, G#:0.040, A:0.035, A#:0.039, B:0.088"
28783,"C:0.127, C#:0.142, D:0.172, D#:0.057, E:0.057, F:0.040, F#:0.064, G:0.060, G#:0.049, A:0.103, A#:0.054, B:0.076"
28810,"C:0.227, C#:0.112, D:0.041, D#:0.021, E:0.034, F:0.026, F#:0.031, G:0.090, G#:0.062, A:0.179, A#:0.102, B:0.074"
28811,"C:0.069, C#:0.074, D:0.144, D#:0.029, E:0.034, F:0.030, F#:0.119, G:0.050, G#:0.030, A:0.070, A#:0.071, B:0.280"
28814,"C:0.015, C#:0.013, D:0.031, D#:0.139, E:0.501, F:0.066, F#:0.020, G:0.048, G#:0.015, A:0.003, A#:0.008, B:0.140"
28832,"C:0.078, C#:0.053, D:0.078, D#:0.043, E:0.184, F:0.032, F#:0.037, G:0.204, G#:0.064, A:0.073, A#:0.068, B:0.086"
28833,"C:0.086, C#:0.099, D:0.129, D#:0.071, E:0.129, F:0.053, F#:0.048, G:0.169, G#:0.107, A:0.044, A#:0.028, B:0.038"
28834,"C:0.031, C#:0.089, D:0.334, D#:0.060, E:0.020, F:0.034, F#:0.010, G:0.018, G#:0.046, A:0.297, A#:0.048, B:0.013"
28835,"C:0.067, C#:0.101, D:0.113, D#:0.089, E:0.140, F:0.070, F#:0.049, G:0.042, G#:0.040, A:0.057, A#:0.072, B:0.160"
29046,"C:0.120, C#:0.103, D:0.117, D#:0.089, E:0.075, F:0.137, F#:0.068, G:0.039, G#:0.043, A:0.092, A#:0.055, B:0.062"
29047,"C:0.127, C#:0.080, D:0.041, D#:0.066, E:0.043, F:0.107, F#:0.069, G:0.111, G#:0.148, A:0.054, A#:0.112, B:0.042"
29265,"C:0.085, C#:0.100, D:0.092, D#:0.066, E:0.063, F:0.078, F#:0.078, G:0.133, G#:0.064, A:0.085, A#:0.081, B:0.075"
29267,"C:0.067, C#:0.034, D:0.046, D#:0.024, E:0.024, F:0.032, F#:0.077, G:0.183, G#:0.093, A:0.234, A#:0.088, B:0.097"
29268,"C:0.121, C#:0.027, D:0.052, D#:0.156, E:0.054, F:0.075, F#:0.064, G:0.151, G#:0.114, A:0.045, A#:0.103, B:0.038"
29271,"C:0.124, C#:0.051, D:0.083, D#:0.076, E:0.180, F:0.113, F#:0.057, G:0.129, G#:0.044, A:0.052, A#:0.032, B:0.058"
29447,"C:0.051, C#:0.054, D:0.223, D#:0.077, E:0.064, F:0.044, F#:0.095, G:0.068, G#:0.069, A:0.166, A#:0.060, B:0.028"
29448,"C:0.017, C#:0.052, D:0.172, D#:0.036, E:0.054, F:0.067, F#:0.200, G:0.140, G#:0.067, A:0.143, A#:0.034, B:0.020"
29449,"C:0.173, C#:0.077, D:0.043, D#:0.043, E:0.142, F:0.131, F#:0.055, G:0.129, G#:0.055, A:0.024, A#:0.038, B:0.089"
29450,"C:0.024, C#:0.045, D:0.024, D#:0.045, E:0.108, F:0.161, F#:0.212, G:0.092, G#:0.083, A:0.148, A#:0.039, B:0.018"
29451,"C:0.061, C#:0.117, D:0.148, D#:0.072, E:0.128, F:0.051, F#:0.062, G:0.113, G#:0.060, A:0.061, A#:0.033, B:0.095"
29452,"C:0.286, C#:0.060, D:0.055, D#:0.047, E:0.125, F:0.071, F#:0.037, G:0.101, G#:0.030, A:0.045, A#:0.039, B:0.103"
29453,"C:0.076, C#:0.026, D:0.043, D#:0.054, E:0.113, F:0.125, F#:0.238, G:0.208, G#:0.042, A:0.019, A#:0.015, B:0.043"
29454,"C:0.028, C#:0.068, D:0.228, D#:0.046, E:0.071, F:0.123, F#:0.085, G:0.169, G#:0.055, A:0.085, A#:0.023, B:0.019"
29455,"C:0.034, C#:0.044, D:0.120, D#:0.030, E:0.153, F:0.102, F#:0.032, G:0.063, G#:0.070, A:0.243, A#:0.075, B:0.033"
29456,"C:0.036, C#:0.043, D:0.011, D#:0.007, E:0.032, F:0.046, F#:0.342, G:0.044, G#:0.010, A:0.020, A#:0.099, B:0.310"
29457,"C:0.017, C#:0.170, D:0.140, D#:0.037, E:0.062, F:0.030, F#:0.320, G:0.085, G#:0.019, A:0.035, A#:0.014, B:0.070"
29458,"C:0.063, C#:0.084, D:0.147, D#:0.070, E:0.106, F:0.093, F#:0.052, G:0.123, G#:0.044, A:0.089, A#:0.083, B:0.046"
29459,"C:0.035, C#:0.068, D:0.111, D#:0.059, E:0.050, F:0.085, F#:0.215, G:0.074, G#:0.042, A:0.095, A#:0.046, B:0.119"
29461,"C:0.024, C#:0.044, D:0.116, D#:0.035, E:0.133, F:0.081, F#:0.050, G:0.257, G#:0.057, A:0.147, A#:0.030, B:0.025"
29467,"C:0.128, C#:0.060, D:0.240, D#:0.220, E:0.051, F:0.036, F#:0.038, G:0.119, G#:0.014, A:0.012, A#:0.044, B:0.038"
29469,"C:0.056, C#:0.076, D:0.360, D#:0.078, E:0.043, F:0.066, F#:0.012, G:0.054, G#:0.020, A:0.158, A#:0.050, B:0.026"
29470,"C:0.106, C#:0.049, D:0.079, D#:0.051, E:0.060, F:0.068, F#:0.034, G:0.090, G#:0.124, A:0.104, A#:0.146, B:0.089"
29471,"C:0.013, C#:0.018, D:0.066, D#:0.183, E:0.348, F:0.053, F#:0.052, G:0.060, G#:0.014, A:0.015, A#:0.034, B:0.143"
29472,"C:0.010, C#:0.016, D:0.075, D#:0.131, E:0.290, F:0.033, F#:0.009, G:0.024, G#:0.104, A:0.277, A#:0.023, B:0.008"
29473,"C:0.058, C#:0.080, D:0.170, D#:0.018, E:0.068, F:0.026, F#:0.111, G:0.166, G#:0.040, A:0.141, A#:0.035, B:0.086"
29474,"C:0.087, C#:0.096, D:0.195, D#:0.077, E:0.034, F:0.008, F#:0.006, G:0.027, G#:0.054, A:0.234, A#:0.109, B:0.073"
29475,"C:0.040, C#:0.097, D:0.108, D#:0.127, E:0.119, F:0.056, F#:0.063, G:0.032, G#:0.027, A:0.075, A#:0.129, B:0.126"
29476,"C:0.025, C#:0.062, D:0.323, D#:0.070, E:0.049, F:0.043, F#:0.030, G:0.117, G#:0.043, A:0.123, A#:0.090, B:0.025"
29477,"C:0.101, C#:0.152, D:0.063, D#:0.189, E:0.090, F:0.033, F#:0.037, G:0.040, G#:0.177, A:0.039, A#:0.041, B:0.037"
29478,"C:0.056, C#:0.059, D:0.107, D#:0.059, E:0.089, F:0.101, F#:0.069, G:0.061, G#:0.077, A:0.154, A#:0.093, B:0.076"
29479,"C:0.011, C#:0.015, D:0.072, D#:0.309, E:0.050, F:0.025, F#:0.015, G:0.070, G#:0.058, A:0.048, A#:0.282, B:0.045"
29480,"C:0.018, C#:0.044, D:0.193, D#:0.071, E:0.155, F:0.159, F#:0.047, G:0.111, G#:0.048, A:0.131, A#:0.014, B:0.008"
29526,"C:0.153, C#:0.071, D:0.061, D#:0.060, E:0.117, F:0.097, F#:0.053, G:0.066, G#:0.055, A:0.068, A#:0.095, B:0.105"
29527,"C:0.084, C#:0.070, D:0.042, D#:0.064, E:0.083, F:0.076, F#:0.081, G:0.051, G#:0.061, A:0.131, A#:0.102, B:0.154"
29528,"C:0.204, C#:0.013, D:0.012, D#:0.018, E:0.203, F:0.157, F#:0.018, G:0.120, G#:0.015, A:0.196, A#:0.007, B:0.038"
29529,"C:0.173, C#:0.051, D:0.105, D#:0.046, E:0.109, F:0.055, F#:0.043, G:0.164, G#:0.060, A:0.067, A#:0.040, B:0.086"
29530,"C:0.272, C#:0.100, D:0.068, D#:0.080, E:0.044, F:0.032, F#:0.036, G:0.129, G#:0.038, A:0.032, A#:0.059, B:0.109"
29532,"C:0.108, C#:0.043, D:0.118, D#:0.055, E:0.092, F:0.093, F#:0.091, G:0.215, G#:0.067, A:0.049, A#:0.039, B:0.031"
29584,"C:0.053, C#:0.070, D:0.176, D#:0.102, E:0.149, F:0.070, F#:0.066, G:0.053, G#:0.052, A:0.110, A#:0.056, B:0.044"
29586,"C:0.041, C#:0.078, D:0.119, D#:0.123, E:0.094, F:0.118, F#:0.178, G:0.089, G#:0.044, A:0.048, A#:0.039, B:0.028"
29605,"C:0.075, C#:0.128, D:0.088, D#:0.145, E:0.051, F:0.047, F#:0.095, G:0.060, G#:0.103, A:0.064, A#:0.104, B:0.041"
29609,"C:0.088, C#:0.049, D:0.058, D#:0.027, E:0.066, F:0.052, F#:0.073, G:0.138, G#:0.100, A:0.166, A#:0.093, B:0.091"
29610,"C:0.075, C#:0.050, D:0.045, D#:0.059, E:0.096, F:0.079, F#:0.087, G:0.108, G#:0.122, A:0.120, A#:0.067, B:0.091"
29611,"C:0.040, C#:0.040, D:0.049, D#:0.051, E:0.070, F:0.076, F#:0.122, G:0.158, G#:0.130, A:0.138, A#:0.069, B:0.057"
29625,"C:0.090, C#:0.090, D:0.081, D#:0.064, E:0.053, F:0.050, F#:0.065, G:0.077, G#:0.116, A:0.129, A#:0.090, B:0.096"
29626,"C:0.118, C#:0.110, D:0.125, D#:0.066, E:0.076, F:0.038, F#:0.052, G:0.033, G#:0.030, A:0.045, A#:0.088, B:0.219"
29627,"C:0.057, C#:0.076, D:0.055, D#:0.147, E:0.153, F:0.059, F#:0.057, G:0.069, G#:0.100, A:0.067, A#:0.062, B:0.098"
29739,"C:0.090, C#:0.090, D:0.189, D#:0.039, E:0.070, F:0.017, F#:0.050, G:0.117, G#:0.040, A:0.139, A#:0.043, B:0.116"
29818,"C:0.035, C#:0.022, D:0.092, D#:0.186, E:0.038, F:0.087, F#:0.053, G:0.191, G#:0.064, A:0.034, A#:0.161, B:0.036"
29819,"C:0.025, C#:0.040, D:0.027, D#:0.102, E:0.271, F:0.048, F#:0.036, G:0.056, G#:0.205, A:0.080, A#:0.028, B:0.083"
29844,"C:0.027, C#:0.067, D:0.090, D#:0.046, E:0.080, F:0.064, F#:0.112, G:0.111, G#:0.124, A:0.178, A#:0.057, B:0.044"
29846,"C:0.042, C#:0.042, D:0.203, D#:0.057, E:0.060, F:0.063, F#:0.092, G:0.143, G#:0.075, A:0.118, A#:0.043, B:0.063"
29849,"C:0.050, C#:0.079, D:0.140, D#:0.048, E:0.082, F:0.033, F#:0.073, G:0.149, G#:0.054, A:0.088, A#:0.050, B:0.154"
29851,"C:0.092, C#:0.151, D:0.192, D#:0.109, E:0.101, F:0.067, F#:0.086, G:0.047, G#:0.037, A:0.066, A#:0.025, B:0.026"
29943,"C:0.173, C#:0.124, D:0.039, D#:0.082, E:0.031, F:0.087, F#:0.036, G:0.149, G#:0.130, A:0.029, A#:0.057, B:0.063"
30015,"C:0.158, C#:0.087, D:0.194, D#:0.079, E:0.066, F:0.115, F#:0.036, G:0.037, G#:0.027, A:0.064, A#:0.066, B:0.070"
30018,"C:0.099, C#:0.036, D:0.090, D#:0.039, E:0.064, F:0.028, F#:0.139, G:0.180, G#:0.051, A:0.049, A#:0.044, B:0.182"
30023,"C:0.044, C#:0.045, D:0.173, D#:0.025, E:0.073, F:0.075, F#:0.031, G:0.097, G#:0.093, A:0.257, A#:0.069, B:0.017"
30025,"C:0.109, C#:0.083, D:0.128, D#:0.045, E:0.063, F:0.055, F#:0.087, G:0.101, G#:0.089, A:0.150, A#:0.044, B:0.047"
30026,"C:0.119, C#:0.052, D:0.161, D#:0.027, E:0.054, F:0.093, F#:0.036, G:0.122, G#:0.041, A:0.169, A#:0.073, B:0.054"
30027,"C:0.040, C#:0.076, D:0.062, D#:0.076, E:0.163, F:0.059, F#:0.071, G:0.042, G#:0.043, A:0.118, A#:0.074, B:0.176"
30028,"C:0.039, C#:0.048, D:0.152, D#:0.255, E:0.117, F:0.076, F#:0.034, G:0.058, G#:0.049, A:0.097, A#:0.045, B:0.029"
30030,"C:0.120, C#:0.023, D:0.055, D#:0.033, E:0.172, F:0.049, F#:0.038, G:0.121, G#:0.066, A:0.181, A#:0.045, B:0.097"
30033,"C:0.113, C#:0.194, D:0.193, D#:0.078, E:0.093, F:0.087, F#:0.025, G:0.073, G#:0.020, A:0.088, A#:0.018, B:0.019"
30035,"C:0.041, C#:0.086, D:0.021, D#:0.016, E:0.019, F:0.056, F#:0.316, G:0.048, G#:0.022, A:0.036, A#:0.133, B:0.206"
30039,"C:0.063, C#:0.134, D:0.120, D#:0.117, E:0.143, F:0.064, F#:0.047, G:0.055, G#:0.051, A:0.088, A#:0.064, B:0.054"
30040,"C:0.045, C#:0.060, D:0.035, D#:0.039, E:0.055, F:0.112, F#:0.197, G:0.092, G#:0.082, A:0.115, A#:0.068, B:0.100"
30042,"C:0.073, C#:0.048, D:0.070, D#:0.076, E:0.076, F:0.121, F#:0.154, G:0.089, G#:0.029, A:0.056, A#:0.066, B:0.144"
30044,"C:0.097, C#:0.041, D:0.120, D#:0.037, E:0.075, F:0.148, F#:0.052, G:0.044, G#:0.058, A:0.129, A#:0.144, B:0.057"
30045,"C:0.033, C#:0.026, D:0.022, D#:0.039, E:0.126, F:0.034, F#:0.076, G:0.056, G#:0.185, A:0.181, A#:0.065, B:0.157"
30047,"C:0.305, C#:0.030, D:0.037, D#:0.024, E:0.146, F:0.130, F#:0.024, G:0.146, G#:0.017, A:0.102, A#:0.014, B:0.024"
30048,"C:0.052, C#:0.039, D:0.051, D#:0.106, E:0.179, F:0.127, F#:0.065, G:0.068, G#:0.074, A:0.108, A#:0.052, B:0.079"
30049,"C:0.067, C#:0.065, D:0.030, D#:0.035, E:0.083, F:0.080, F#:0.132, G:0.077, G#:0.078, A:0.140, A#:0.093, B:0.122"
30050,"C:0.067, C#:0.091, D:0.147, D#:0.144, E:0.142, F:0.073, F#:0.076, G:0.061, G#:0.027, A:0.061, A#:0.040, B:0.073"
30051,"C:0.062, C#:0.030, D:0.040, D#:0.081, E:0.164, F:0.075, F#:0.050, G:0.062, G#:0.125, A:0.066, A#:0.085, B:0.160"
30052,"C:0.062, C#:0.105, D:0.111, D#:0.146, E:0.091, F:0.081, F#:0.059, G:0.073, G#:0.090, A:0.067, A#:0.074, B:0.041"
30053,"C:0.149, C#:0.047, D:0.041, D#:0.054, E:0.061, F:0.150, F#:0.040, G:0.048, G#:0.147, A:0.058, A#:0.141, B:0.064"
30055,"C:0.271, C#:0.030, D:0.050, D#:0.017, E:0.053, F:0.043, F#:0.049, G:0.350, G#:0.032, A:0.029, A#:0.023, B:0.053"
30056,"C:0.092, C#:0.114, D:0.147, D#:0.075, E:0.041, F:0.117, F#:0.098, G:0.117, G#:0.052, A:0.065, A#:0.058, B:0.025"
30058,"C:0.130, C#:0.086, D:0.059, D#:0.043, E:0.048, F:0.060, F#:0.065, G:0.109, G#:0.138, A:0.063, A#:0.114, B:0.087"
30117,"C:0.067, C#:0.049, D:0.118, D#:0.034, E:0.149, F:0.033, F#:0.122, G:0.059, G#:0.029, A:0.149, A#:0.018, B:0.174"
30148,"C:0.054, C#:0.048, D:0.059, D#:0.126, E:0.095, F:0.076, F#:0.116, G:0.061, G#:0.078, A:0.057, A#:0.138, B:0.092"
30149,"C:0.102, C#:0.038, D:0.047, D#:0.107, E:0.055, F:0.094, F#:0.057, G:0.095, G#:0.106, A:0.058, A#:0.175, B:0.066"
30362,"C:0.294, C#:0.048, D:0.034, D#:0.009, E:0.015, F:0.013, F#:0.038, G:0.235, G#:0.047, A:0.128, A#:0.036, B:0.104"
30363,"C:0.114, C#:0.040, D:0.049, D#:0.027, E:0.109, F:0.061, F#:0.113, G:0.234, G#:0.062, A:0.076, A#:0.038, B:0.078"
30366,"C:0.233, C#:0.151, D:0.165, D#:0.095, E:0.067, F:0.032, F#:0.029, G:0.089, G#:0.021, A:0.047, A#:0.019, B:0.052"
30369,"C:0.210, C#:0.169, D:0.119, D#:0.041, E:0.051, F:0.028, F#:0.047, G:0.074, G#:0.067, A:0.099, A#:0.064, B:0.030"
30370,"C:0.164, C#:0.042, D:0.043, D#:0.156, E:0.037, F:0.026, F#:0.041, G:0.286, G#:0.050, A:0.026, A#:0.086, B:0.043"
30518,"C:0.042, C#:0.087, D:0.063, D#:0.183, E:0.048, F:0.059, F#:0.114, G:0.025, G#:0.028, A:0.033, A#:0.157, B:0.161"
30519,"C:0.061, C#:0.089, D:0.043, D#:0.140, E:0.038, F:0.075, F#:0.036, G:0.052, G#:0.110, A:0.075, A#:0.227, B:0.054"
30520,"C:0.036, C#:0.050, D:0.049, D#:0.148, E:0.056, F:0.053, F#:0.108, G:0.103, G#:0.177, A:0.077, A#:0.094, B:0.052"
30521,"C:0.078, C#:0.109, D:0.057, D#:0.123, E:0.037, F:0.044, F#:0.050, G:0.063, G#:0.143, A:0.060, A#:0.125, B:0.112"
30544,"C:0.077, C#:0.019, D:0.110, D#:0.018, E:0.084, F:0.216, F#:0.043, G:0.071, G#:0.033, A:0.255, A#:0.042, B:0.032"
30838,"C:0.135, C#:0.029, D:0.054, D#:0.122, E:0.023, F:0.039, F#:0.025, G:0.106, G#:0.192, A:0.043, A#:0.091, B:0.140"
30839,"C:0.026, C#:0.383, D:0.172, D#:0.162, E:0.065, F:0.033, F#:0.025, G:0.003, G#:0.030, A:0.035, A#:0.027, B:0.039"
30840,"C:0.085, C#:0.025, D:0.047, D#:0.075, E:0.136, F:0.045, F#:0.098, G:0.047, G#:0.051, A:0.050, A#:0.119, B:0.222"
30842,"C:0.093, C#:0.051, D:0.070, D#:0.066, E:0.063, F:0.049, F#:0.088, G:0.047, G#:0.048, A:0.111, A#:0.131, B:0.182"
30846,"C:0.108, C#:0.050, D:0.023, D#:0.072, E:0.027, F:0.057, F#:0.226, G:0.059, G#:0.092, A:0.036, A#:0.105, B:0.144"
30847,"C:0.197, C#:0.017, D:0.114, D#:0.043, E:0.029, F:0.217, F#:0.022, G:0.049, G#:0.025, A:0.099, A#:0.164, B:0.024"
30848,"C:0.166, C#:0.054, D:0.118, D#:0.034, E:0.096, F:0.061, F#:0.047, G:0.153, G#:0.042, A:0.104, A#:0.054, B:0.071"
30977,"C:0.040, C#:0.048, D:0.080, D#:0.038, E:0.069, F:0.133, F#:0.052, G:0.112, G#:0.072, A:0.156, A#:0.149, B:0.052"
30978,"C:0.022, C#:0.012, D:0.020, D#:0.032, E:0.026, F:0.026, F#:0.044, G:0.200, G#:0.243, A:0.292, A#:0.057, B:0.027"
30979,"C:0.057, C#:0.073, D:0.151, D#:0.072, E:0.067, F:0.113, F#:0.054, G:0.095, G#:0.050, A:0.103, A#:0.112, B:0.052"
30980,"C:0.185, C#:0.077, D:0.091, D#:0.023, E:0.043, F:0.020, F#:0.017, G:0.052, G#:0.048, A:0.201, A#:0.137, B:0.107"
30981,"C:0.138, C#:0.067, D:0.070, D#:0.055, E:0.024, F:0.027, F#:0.043, G:0.178, G#:0.053, A:0.062, A#:0.190, B:0.092"
30982,"C:0.029, C#:0.063, D:0.226, D#:0.071, E:0.112, F:0.064, F#:0.108, G:0.081, G#:0.042, A:0.091, A#:0.061, B:0.053"
30983,"C:0.056, C#:0.072, D:0.025, D#:0.049, E:0.102, F:0.039, F#:0.094, G:0.068, G#:0.163, A:0.117, A#:0.137, B:0.079"
30984,"C:0.224, C#:0.205, D:0.089, D#:0.051, E:0.064, F:0.028, F#:0.024, G:0.032, G#:0.058, A:0.061, A#:0.082, B:0.082"
30986,"C:0.029, C#:0.031, D:0.122, D#:0.043, E:0.063, F:0.082, F#:0.074, G:0.142, G#:0.088, A:0.166, A#:0.108, B:0.054"
30989,"C:0.023, C#:0.018, D:0.028, D#:0.036, E:0.342, F:0.126, F#:0.090, G:0.084, G#:0.022, A:0.026, A#:0.052, B:0.153"
31012,"C:0.015, C#:0.022, D:0.148, D#:0.051, E:0.168, F:0.123, F#:0.043, G:0.252, G#:0.019, A:0.067, A#:0.065, B:0.027"
31126,"C:0.038, C#:0.051, D:0.132, D#:0.053, E:0.181, F:0.269, F#:0.053, G:0.065, G#:0.026, A:0.081, A#:0.017, B:0.035"
31152,"C:0.271, C#:0.227, D:0.081, D#:0.097, E:0.043, F:0.025, F#:0.021, G:0.024, G#:0.030, A:0.040, A#:0.065, B:0.075"
31160,"C:0.073, C#:0.055, D:0.039, D#:0.046, E:0.071, F:0.114, F#:0.092, G:0.087, G#:0.118, A:0.099, A#:0.115, B:0.092"
31201,"C:0.009, C#:0.039, D:0.017, D#:0.165, E:0.031, F:0.060, F#:0.134, G:0.032, G#:0.267, A:0.031, A#:0.168, B:0.048"
31202,"C:0.007, C#:0.180, D:0.022, D#:0.218, E:0.008, F:0.009, F#:0.153, G:0.012, G#:0.227, A:0.017, A#:0.140, B:0.006"
31206,"C:0.061, C#:0.070, D:0.047, D#:0.058, E:0.163, F:0.090, F#:0.071, G:0.064, G#:0.087, A:0.074, A#:0.087, B:0.129"
31207,"C:0.080, C#:0.033, D:0.081, D#:0.040, E:0.107, F:0.098, F#:0.169, G:0.147, G#:0.058, A:0.109, A#:0.036, B:0.042"
31208,"C:0.130, C#:0.059, D:0.006, D#:0.277, E:0.005, F:0.011, F#:0.024, G:0.066, G#:0.285, A:0.008, A#:0.066, B:0.063"
31209,"C:0.062, C#:0.110, D:0.143, D#:0.064, E:0.081, F:0.033, F#:0.079, G:0.074, G#:0.033, A:0.097, A#:0.130, B:0.095"
31218,"C:0.130, C#:0.034, D:0.054, D#:0.165, E:0.021, F:0.203, F#:0.019, G:0.125, G#:0.084, A:0.024, A#:0.102, B:0.038"
31220,"C:0.082, C#:0.024, D:0.065, D#:0.083, E:0.142, F:0.070, F#:0.097, G:0.182, G#:0.031, A:0.106, A#:0.076, B:0.042"
31221,"C:0.080, C#:0.113, D:0.226, D#:0.064, E:0.051, F:0.109, F#:0.062, G:0.067, G#:0.048, A:0.127, A#:0.035, B:0.019"
31222,"C:0.089, C#:0.052, D:0.060, D#:0.025, E:0.127, F:0.019, F#:0.252, G:0.073, G#:0.014, A:0.012, A#:0.017, B:0.259"
31223,"C:0.008, C#:0.037, D:0.179, D#:0.017, E:0.108, F:0.021, F#:0.192, G:0.082, G#:0.029, A:0.224, A#:0.024, B:0.079"
31224,"C:0.012, C#:0.015, D:0.104, D#:0.010, E:0.130, F:0.032, F#:0.054, G:0.379, G#:0.021, A:0.120, A#:0.116, B:0.008"
31227,"C:0.256, C#:0.051, D:0.037, D#:0.015, E:0.064, F:0.022, F#:0.031, G:0.224, G#:0.068, A:0.085, A#:0.069, B:0.079"
31231,"C:0.251, C#:0.026, D:0.064, D#:0.019, E:0.123, F:0.166, F#:0.030, G:0.116, G#:0.014, A:0.114, A#:0.026, B:0.053"
31257,"C:0.091, C#:0.062, D:0.087, D#:0.085, E:0.106, F:0.103, F#:0.086, G:0.115, G#:0.070, A:0.065, A#:0.066, B:0.063"
31345,"C:0.069, C#:0.066, D:0.123, D#:0.066, E:0.078, F:0.067, F#:0.158, G:0.072, G#:0.025, A:0.020, A#:0.050, B:0.205"
31346,"C:0.074, C#:0.281, D:0.066, D#:0.026, E:0.031, F:0.071, F#:0.230, G:0.058, G#:0.088, A:0.038, A#:0.015, B:0.021"
31357,"C:0.040, C#:0.039, D:0.028, D#:0.026, E:0.066, F:0.072, F#:0.109, G:0.149, G#:0.136, A:0.149, A#:0.109, B:0.077"
31358,"C:0.047, C#:0.048, D:0.027, D#:0.113, E:0.072, F:0.049, F#:0.072, G:0.020, G#:0.040, A:0.029, A#:0.243, B:0.240"
31359,"C:0.057, C#:0.059, D:0.122, D#:0.078, E:0.146, F:0.143, F#:0.125, G:0.042, G#:0.024, A:0.057, A#:0.040, B:0.107"
31362,"C:0.071, C#:0.131, D:0.047, D#:0.076, E:0.100, F:0.033, F#:0.027, G:0.049, G#:0.219, A:0.116, A#:0.043, B:0.089"
31363,"C:0.041, C#:0.067, D:0.197, D#:0.043, E:0.063, F:0.045, F#:0.104, G:0.128, G#:0.056, A:0.092, A#:0.071, B:0.093"
31365,"C:0.063, C#:0.108, D:0.047, D#:0.034, E:0.090, F:0.059, F#:0.178, G:0.072, G#:0.093, A:0.075, A#:0.052, B:0.129"
31366,"C:0.075, C#:0.045, D:0.046, D#:0.098, E:0.233, F:0.120, F#:0.081, G:0.059, G#:0.054, A:0.072, A#:0.037, B:0.081"
31367,"C:0.250, C#:0.098, D:0.053, D#:0.112, E:0.059, F:0.106, F#:0.038, G:0.051, G#:0.018, A:0.028, A#:0.103, B:0.085"
31426,"C:0.124, C#:0.060, D:0.052, D#:0.065, E:0.119, F:0.073, F#:0.054, G:0.080, G#:0.074, A:0.117, A#:0.080, B:0.102"
31427,"C:0.050, C#:0.078, D:0.137, D#:0.080, E:0.076, F:0.078, F#:0.133, G:0.108, G#:0.056, A:0.066, A#:0.048, B:0.089"
31428,"C:0.063, C#:0.097, D:0.050, D#:0.097, E:0.077, F:0.051, F#:0.100, G:0.079, G#:0.170, A:0.052, A#:0.048, B:0.116"
31433,"C:0.065, C#:0.075, D:0.125, D#:0.067, E:0.084, F:0.059, F#:0.100, G:0.110, G#:0.076, A:0.104, A#:0.057, B:0.078"
31435,"C:0.044, C#:0.053, D:0.101, D#:0.102, E:0.129, F:0.065, F#:0.093, G:0.150, G#:0.071, A:0.054, A#:0.046, B:0.091"
31436,"C:0.106, C#:0.060, D:0.079, D#:0.068, E:0.134, F:0.103, F#:0.065, G:0.114, G#:0.062, A:0.072, A#:0.048, B:0.089"
31437,"C:0.099, C#:0.043, D:0.039, D#:0.063, E:0.137, F:0.056, F#:0.071, G:0.093, G#:0.091, A:0.093, A#:0.067, B:0.147"
31438,"C:0.144, C#:0.070, D:0.045, D#:0.047, E:0.067, F:0.047, F#:0.092, G:0.061, G#:0.045, A:0.053, A#:0.093, B:0.236"
31439,"C:0.046, C#:0.046, D:0.037, D#:0.128, E:0.086, F:0.034, F#:0.173, G:0.018, G#:0.016, A:0.018, A#:0.068, B:0.331"
31440,"C:0.062, C#:0.090, D:0.049, D#:0.104, E:0.148, F:0.050, F#:0.058, G:0.038, G#:0.115, A:0.094, A#:0.061, B:0.130"
31441,"C:0.084, C#:0.117, D:0.064, D#:0.063, E:0.167, F:0.070, F#:0.067, G:0.047, G#:0.082, A:0.069, A#:0.052, B:0.118"
31446,"C:0.051, C#:0.064, D:0.155, D#:0.084, E:0.098, F:0.047, F#:0.088, G:0.109, G#:0.060, A:0.103, A#:0.050, B:0.091"
31458,"C:0.275, C#:0.074, D:0.095, D#:0.123, E:0.073, F:0.117, F#:0.042, G:0.059, G#:0.024, A:0.020, A#:0.032, B:0.066"
31569,"C:0.069, C#:0.039, D:0.051, D#:0.064, E:0.102, F:0.065, F#:0.100, G:0.098, G#:0.124, A:0.150, A#:0.084, B:0.054"
31573,"C:0.049, C#:0.098, D:0.092, D#:0.055, E:0.106, F:0.039, F#:0.091, G:0.056, G#:0.121, A:0.137, A#:0.064, B:0.091"
31577,"C:0.055, C#:0.061, D:0.054, D#:0.054, E:0.061, F:0.066, F#:0.097, G:0.108, G#:0.124, A:0.165, A#:0.102, B:0.051"
31578,"C:0.036, C#:0.109, D:0.103, D#:0.055, E:0.120, F:0.033, F#:0.110, G:0.030, G#:0.112, A:0.168, A#:0.044, B:0.082"
31629,"C:0.100, C#:0.074, D:0.076, D#:0.088, E:0.162, F:0.124, F#:0.075, G:0.074, G#:0.074, A:0.060, A#:0.037, B:0.058"
31636,"C:0.010, C#:0.172, D:0.009, D#:0.009, E:0.102, F:0.019, F#:0.026, G:0.182, G#:0.158, A:0.259, A#:0.039, B:0.017"
31866,"C:0.056, C#:0.071, D:0.123, D#:0.050, E:0.017, F:0.023, F#:0.104, G:0.135, G#:0.035, A:0.171, A#:0.125, B:0.090"
31871,"C:0.091, C#:0.063, D:0.110, D#:0.082, E:0.043, F:0.079, F#:0.054, G:0.105, G#:0.078, A:0.077, A#:0.124, B:0.093"
31991,"C:0.033, C#:0.075, D:0.240, D#:0.165, E:0.036, F:0.141, F#:0.059, G:0.044, G#:0.024, A:0.034, A#:0.108, B:0.041"
31992,"C:0.077, C#:0.009, D:0.015, D#:0.063, E:0.449, F:0.027, F#:0.011, G:0.072, G#:0.016, A:0.058, A#:0.078, B:0.127"
31993,"C:0.329, C#:0.021, D:0.047, D#:0.013, E:0.300, F:0.066, F#:0.009, G:0.025, G#:0.023, A:0.062, A#:0.011, B:0.093"
31994,"C:0.082, C#:0.030, D:0.326, D#:0.056, E:0.009, F:0.133, F#:0.020, G:0.168, G#:0.022, A:0.027, A#:0.113, B:0.013"
31995,"C:0.044, C#:0.022, D:0.074, D#:0.041, E:0.359, F:0.019, F#:0.013, G:0.190, G#:0.011, A:0.003, A#:0.019, B:0.205"
31999,"C:0.020, C#:0.048, D:0.130, D#:0.065, E:0.289, F:0.045, F#:0.046, G:0.197, G#:0.034, A:0.081, A#:0.012, B:0.033"
32000,"C:0.023, C#:0.189, D:0.027, D#:0.047, E:0.248, F:0.041, F#:0.050, G:0.012, G#:0.032, A:0.146, A#:0.039, B:0.145"
32001,"C:0.169, C#:0.123, D:0.262, D#:0.069, E:0.029, F:0.023, F#:0.029, G:0.106, G#:0.029, A:0.023, A#:0.024, B:0.112"
32002,"C:0.147, C#:0.029, D:0.153, D#:0.023, E:0.138, F:0.079, F#:0.041, G:0.137, G#:0.033, A:0.128, A#:0.050, B:0.041"
32005,"C:0.016, C#:0.023, D:0.279, D#:0.161, E:0.026, F:0.069, F#:0.026, G:0.241, G#:0.017, A:0.072, A#:0.041, B:0.030"
32006,"C:0.012, C#:0.035, D:0.054, D#:0.041, E:0.281, F:0.033, F#:0.043, G:0.019, G#:0.158, A:0.158, A#:0.025, B:0.140"
32007,"C:0.026, C#:0.032, D:0.219, D#:0.170, E:0.046, F:0.094, F#:0.026, G:0.148, G#:0.022, A:0.109, A#:0.089, B:0.019"
32008,"C:0.340, C#:0.141, D:0.108, D#:0.141, E:0.034, F:0.056, F#:0.021, G:0.082, G#:0.032, A:0.008, A#:0.019, B:0.018"
32011,"C:0.016, C#:0.159, D:0.007, D#:0.006, E:0.202, F:0.013, F#:0.053, G:0.010, G#:0.025, A:0.273, A#:0.020, B:0.214"
32012,"C:0.200, C#:0.028, D:0.156, D#:0.119, E:0.020, F:0.038, F#:0.023, G:0.141, G#:0.034, A:0.104, A#:0.106, B:0.032"
32013,"C:0.034, C#:0.018, D:0.026, D#:0.015, E:0.012, F:0.020, F#:0.129, G:0.060, G#:0.024, A:0.040, A#:0.111, B:0.511"
32068,"C:0.095, C#:0.029, D:0.066, D#:0.049, E:0.155, F:0.158, F#:0.053, G:0.079, G#:0.039, A:0.095, A#:0.103, B:0.079"
32177,"C:0.066, C#:0.051, D:0.191, D#:0.122, E:0.045, F:0.042, F#:0.056, G:0.185, G#:0.038, A:0.067, A#:0.098, B:0.040"
32365,"C:0.028, C#:0.050, D:0.031, D#:0.151, E:0.019, F:0.015, F#:0.128, G:0.042, G#:0.118, A:0.028, A#:0.108, B:0.282"
32399,"C:0.031, C#:0.058, D:0.013, D#:0.032, E:0.197, F:0.020, F#:0.107, G:0.017, G#:0.060, A:0.214, A#:0.040, B:0.211"
32575,"C:0.155, C#:0.063, D:0.090, D#:0.052, E:0.109, F:0.066, F#:0.050, G:0.108, G#:0.060, A:0.133, A#:0.041, B:0.074"
32577,"C:0.075, C#:0.168, D:0.053, D#:0.056, E:0.132, F:0.050, F#:0.142, G:0.051, G#:0.090, A:0.056, A#:0.032, B:0.095"
32581,"C:0.027, C#:0.089, D:0.213, D#:0.044, E:0.100, F:0.026, F#:0.111, G:0.080, G#:0.043, A:0.195, A#:0.023, B:0.048"
32611,"C:0.113, C#:0.063, D:0.048, D#:0.103, E:0.051, F:0.134, F#:0.065, G:0.044, G#:0.069, A:0.073, A#:0.160, B:0.075"
32613,"C:0.131, C#:0.069, D:0.060, D#:0.092, E:0.053, F:0.131, F#:0.067, G:0.115, G#:0.096, A:0.054, A#:0.079, B:0.055"
32696,"C:0.100, C#:0.141, D:0.117, D#:0.073, E:0.064, F:0.055, F#:0.061, G:0.080, G#:0.058, A:0.062, A#:0.077, B:0.111"
32697,"C:0.169, C#:0.095, D:0.109, D#:0.032, E:0.018, F:0.016, F#:0.200, G:0.036, G#:0.025, A:0.118, A#:0.068, B:0.114"
32698,"C:0.030, C#:0.057, D:0.180, D#:0.083, E:0.137, F:0.062, F#:0.026, G:0.081, G#:0.089, A:0.169, A#:0.050, B:0.036"
32699,"C:0.135, C#:0.064, D:0.120, D#:0.105, E:0.111, F:0.085, F#:0.047, G:0.085, G#:0.096, A:0.034, A#:0.042, B:0.075"
32700,"C:0.071, C#:0.023, D:0.025, D#:0.017, E:0.043, F:0.076, F#:0.050, G:0.096, G#:0.070, A:0.231, A#:0.073, B:0.224"
32701,"C:0.032, C#:0.019, D:0.047, D#:0.062, E:0.161, F:0.036, F#:0.050, G:0.047, G#:0.218, A:0.154, A#:0.033, B:0.139"
32702,"C:0.061, C#:0.043, D:0.061, D#:0.218, E:0.128, F:0.051, F#:0.098, G:0.100, G#:0.065, A:0.043, A#:0.039, B:0.091"
32703,"C:0.105, C#:0.049, D:0.088, D#:0.086, E:0.127, F:0.100, F#:0.070, G:0.090, G#:0.096, A:0.036, A#:0.028, B:0.125"
32704,"C:0.015, C#:0.024, D:0.024, D#:0.402, E:0.013, F:0.004, F#:0.020, G:0.097, G#:0.203, A:0.022, A#:0.105, B:0.071"
32705,"C:0.039, C#:0.034, D:0.143, D#:0.073, E:0.045, F:0.045, F#:0.061, G:0.324, G#:0.062, A:0.028, A#:0.042, B:0.103"
32706,"C:0.119, C#:0.138, D:0.110, D#:0.113, E:0.121, F:0.105, F#:0.034, G:0.041, G#:0.083, A:0.029, A#:0.042, B:0.065"
32749,"C:0.214, C#:0.107, D:0.087, D#:0.047, E:0.134, F:0.033, F#:0.020, G:0.054, G#:0.069, A:0.062, A#:0.041, B:0.132"
32751,"C:0.039, C#:0.112, D:0.050, D#:0.062, E:0.148, F:0.072, F#:0.099, G:0.042, G#:0.103, A:0.118, A#:0.051, B:0.106"
32756,"C:0.034, C#:0.030, D:0.083, D#:0.174, E:0.066, F:0.145, F#:0.082, G:0.241, G#:0.039, A:0.046, A#:0.041, B:0.019"
32759,"C:0.029, C#:0.047, D:0.127, D#:0.104, E:0.277, F:0.051, F#:0.030, G:0.026, G#:0.078, A:0.074, A#:0.034, B:0.123"
32771,"C:0.122, C#:0.051, D:0.060, D#:0.069, E:0.115, F:0.129, F#:0.066, G:0.134, G#:0.046, A:0.044, A#:0.097, B:0.066"
32773,"C:0.065, C#:0.033, D:0.094, D#:0.060, E:0.115, F:0.153, F#:0.090, G:0.110, G#:0.061, A:0.152, A#:0.031, B:0.037"
32802,"C:0.100, C#:0.185, D:0.127, D#:0.053, E:0.074, F:0.020, F#:0.072, G:0.017, G#:0.023, A:0.096, A#:0.073, B:0.159"
32803,"C:0.093, C#:0.101, D:0.142, D#:0.103, E:0.106, F:0.224, F#:0.060, G:0.023, G#:0.018, A:0.026, A#:0.059, B:0.046"
32805,"C:0.087, C#:0.086, D:0.074, D#:0.098, E:0.253, F:0.090, F#:0.056, G:0.024, G#:0.027, A:0.020, A#:0.058, B:0.127"
32806,"C:0.185, C#:0.096, D:0.050, D#:0.037, E:0.066, F:0.117, F#:0.069, G:0.081, G#:0.055, A:0.087, A#:0.062, B:0.094"
32831,"C:0.070, C#:0.033, D:0.062, D#:0.062, E:0.180, F:0.073, F#:0.052, G:0.080, G#:0.074, A:0.169, A#:0.059, B:0.085"
32844,"C:0.058, C#:0.067, D:0.089, D#:0.075, E:0.076, F:0.075, F#:0.096, G:0.117, G#:0.100, A:0.101, A#:0.074, B:0.072"
32869,"C:0.028, C#:0.015, D:0.047, D#:0.146, E:0.074, F:0.112, F#:0.036, G:0.063, G#:0.159, A:0.069, A#:0.204, B:0.046"
32898,"C:0.074, C#:0.051, D:0.062, D#:0.064, E:0.069, F:0.049, F#:0.050, G:0.044, G#:0.095, A:0.194, A#:0.133, B:0.115"
32899,"C:0.055, C#:0.064, D:0.124, D#:0.073, E:0.096, F:0.075, F#:0.063, G:0.097, G#:0.068, A:0.169, A#:0.061, B:0.056"
32900,"C:0.113, C#:0.071, D:0.111, D#:0.089, E:0.071, F:0.062, F#:0.067, G:0.113, G#:0.078, A:0.074, A#:0.078, B:0.072"
33124,"C:0.143, C#:0.031, D:0.175, D#:0.027, E:0.106, F:0.020, F#:0.099, G:0.132, G#:0.030, A:0.094, A#:0.026, B:0.117"
33152,"C:0.075, C#:0.045, D:0.059, D#:0.035, E:0.058, F:0.031, F#:0.105, G:0.076, G#:0.075, A:0.181, A#:0.111, B:0.149"
33171,"C:0.033, C#:0.037, D:0.094, D#:0.110, E:0.281, F:0.114, F#:0.053, G:0.078, G#:0.056, A:0.057, A#:0.033, B:0.054"
33184,"C:0.068, C#:0.076, D:0.044, D#:0.122, E:0.059, F:0.096, F#:0.069, G:0.077, G#:0.208, A:0.063, A#:0.080, B:0.038"
33199,"C:0.134, C#:0.083, D:0.148, D#:0.041, E:0.053, F:0.016, F#:0.027, G:0.163, G#:0.032, A:0.102, A#:0.051, B:0.151"
33200,"C:0.019, C#:0.046, D:0.074, D#:0.409, E:0.056, F:0.066, F#:0.095, G:0.037, G#:0.012, A:0.022, A#:0.140, B:0.025"
33234,"C:0.150, C#:0.015, D:0.129, D#:0.004, E:0.004, F:0.055, F#:0.156, G:0.189, G#:0.012, A:0.016, A#:0.254, B:0.016"
33235,"C:0.023, C#:0.177, D:0.232, D#:0.024, E:0.071, F:0.007, F#:0.068, G:0.023, G#:0.024, A:0.184, A#:0.016, B:0.150"
33263,"C:0.565, C#:0.032, D:0.044, D#:0.013, E:0.132, F:0.022, F#:0.013, G:0.108, G#:0.011, A:0.006, A#:0.012, B:0.040"
33264,"C:0.160, C#:0.095, D:0.178, D#:0.084, E:0.109, F:0.075, F#:0.029, G:0.112, G#:0.024, A:0.053, A#:0.022, B:0.059"
33276,"C:0.042, C#:0.039, D:0.217, D#:0.034, E:0.090, F:0.025, F#:0.079, G:0.220, G#:0.081, A:0.041, A#:0.026, B:0.106"
33277,"C:0.070, C#:0.073, D:0.100, D#:0.084, E:0.144, F:0.054, F#:0.032, G:0.046, G#:0.088, A:0.159, A#:0.061, B:0.089"
33279,"C:0.029, C#:0.088, D:0.195, D#:0.103, E:0.071, F:0.042, F#:0.066, G:0.052, G#:0.058, A:0.142, A#:0.103, B:0.052"
33289,"C:0.198, C#:0.106, D:0.030, D#:0.020, E:0.028, F:0.036, F#:0.055, G:0.147, G#:0.176, A:0.089, A#:0.056, B:0.060"
33300,"C:0.044, C#:0.015, D:0.017, D#:0.045, E:0.094, F:0.237, F#:0.118, G:0.086, G#:0.297, A:0.027, A#:0.014, B:0.008"
33301,"C:0.037, C#:0.172, D:0.241, D#:0.039, E:0.145, F:0.009, F#:0.004, G:0.006, G#:0.037, A:0.242, A#:0.027, B:0.041"
33303,"C:0.022, C#:0.006, D:0.034, D#:0.130, E:0.018, F:0.117, F#:0.031, G:0.116, G#:0.057, A:0.044, A#:0.398, B:0.027"
33305,"C:0.325, C#:0.064, D:0.218, D#:0.031, E:0.010, F:0.006, F#:0.006, G:0.036, G#:0.011, A:0.023, A#:0.046, B:0.224"
33306,"C:0.045, C#:0.015, D:0.009, D#:0.015, E:0.051, F:0.042, F#:0.298, G:0.055, G#:0.137, A:0.026, A#:0.039, B:0.269"
33307,"C:0.047, C#:0.036, D:0.145, D#:0.027, E:0.071, F:0.026, F#:0.158, G:0.178, G#:0.048, A:0.196, A#:0.029, B:0.039"
33308,"C:0.080, C#:0.018, D:0.026, D#:0.026, E:0.081, F:0.285, F#:0.066, G:0.286, G#:0.037, A:0.064, A#:0.011, B:0.020"
33309,"C:0.033, C#:0.275, D:0.019, D#:0.036, E:0.011, F:0.056, F#:0.116, G:0.044, G#:0.225, A:0.045, A#:0.084, B:0.055"
33310,"C:0.644, C#:0.046, D:0.088, D#:0.010, E:0.040, F:0.004, F#:0.005, G:0.035, G#:0.007, A:0.046, A#:0.011, B:0.064"
33312,"C:0.065, C#:0.114, D:0.095, D#:0.067, E:0.017, F:0.067, F#:0.055, G:0.109, G#:0.131, A:0.038, A#:0.211, B:0.031"
33325,"C:0.063, C#:0.137, D:0.079, D#:0.061, E:0.053, F:0.072, F#:0.057, G:0.058, G#:0.116, A:0.082, A#:0.152, B:0.071"
33449,"C:0.038, C#:0.058, D:0.101, D#:0.077, E:0.144, F:0.080, F#:0.047, G:0.061, G#:0.094, A:0.176, A#:0.076, B:0.048"
33454,"C:0.040, C#:0.055, D:0.261, D#:0.049, E:0.008, F:0.005, F#:0.042, G:0.156, G#:0.020, A:0.027, A#:0.044, B:0.293"
33525,"C:0.041, C#:0.024, D:0.033, D#:0.082, E:0.042, F:0.070, F#:0.052, G:0.074, G#:0.134, A:0.143, A#:0.229, B:0.075"
33591,"C:0.068, C#:0.014, D:0.049, D#:0.025, E:0.055, F:0.217, F#:0.168, G:0.161, G#:0.075, A:0.055, A#:0.084, B:0.029"
33603,"C:0.056, C#:0.207, D:0.044, D#:0.018, E:0.019, F:0.025, F#:0.088, G:0.121, G#:0.138, A:0.166, A#:0.069, B:0.048"
33615,"C:0.065, C#:0.080, D:0.035, D#:0.022, E:0.058, F:0.099, F#:0.104, G:0.086, G#:0.121, A:0.061, A#:0.093, B:0.174"
33629,"C:0.024, C#:0.044, D:0.078, D#:0.136, E:0.426, F:0.103, F#:0.071, G:0.044, G#:0.022, A:0.008, A#:0.010, B:0.033"
33850,"C:0.041, C#:0.030, D:0.052, D#:0.062, E:0.047, F:0.103, F#:0.088, G:0.167, G#:0.090, A:0.079, A#:0.171, B:0.070"
33985,"C:0.038, C#:0.067, D:0.126, D#:0.133, E:0.169, F:0.069, F#:0.053, G:0.033, G#:0.057, A:0.126, A#:0.052, B:0.078"
33994,"C:0.031, C#:0.031, D:0.028, D#:0.076, E:0.215, F:0.083, F#:0.085, G:0.044, G#:0.083, A:0.146, A#:0.069, B:0.110"
34082,"C:0.114, C#:0.024, D:0.068, D#:0.031, E:0.069, F:0.123, F#:0.064, G:0.125, G#:0.073, A:0.253, A#:0.032, B:0.024"
34083,"C:0.143, C#:0.064, D:0.051, D#:0.045, E:0.070, F:0.076, F#:0.065, G:0.146, G#:0.125, A:0.100, A#:0.048, B:0.066"
34085,"C:0.109, C#:0.040, D:0.104, D#:0.097, E:0.075, F:0.185, F#:0.065, G:0.131, G#:0.039, A:0.035, A#:0.070, B:0.050"
34119,"C:0.157, C#:0.110, D:0.104, D#:0.066, E:0.046, F:0.040, F#:0.048, G:0.078, G#:0.047, A:0.108, A#:0.077, B:0.118"
34334,"C:0.050, C#:0.042, D:0.057, D#:0.101, E:0.065, F:0.098, F#:0.130, G:0.076, G#:0.056, A:0.058, A#:0.155, B:0.113"
34442,"C:0.044, C#:0.032, D:0.044, D#:0.090, E:0.139, F:0.059, F#:0.054, G:0.040, G#:0.099, A:0.086, A#:0.136, B:0.176"
34449,"C:0.034, C#:0.039, D:0.096, D#:0.140, E:0.168, F:0.042, F#:0.070, G:0.065, G#:0.054, A:0.050, A#:0.098, B:0.145"
34456,"C:0.165, C#:0.162, D:0.087, D#:0.053, E:0.068, F:0.031, F#:0.032, G:0.028, G#:0.050, A:0.055, A#:0.098, B:0.170"
34500,"C:0.119, C#:0.108, D:0.038, D#:0.055, E:0.057, F:0.182, F#:0.181, G:0.052, G#:0.056, A:0.036, A#:0.063, B:0.053"
34501,"C:0.055, C#:0.121, D:0.265, D#:0.096, E:0.180, F:0.074, F#:0.011, G:0.008, G#:0.025, A:0.065, A#:0.026, B:0.075"
34503,"C:0.150, C#:0.074, D:0.072, D#:0.052, E:0.090, F:0.059, F#:0.044, G:0.195, G#:0.102, A:0.043, A#:0.034, B:0.084"
34976,"C:0.152, C#:0.149, D:0.081, D#:0.070, E:0.042, F:0.039, F#:0.042, G:0.062, G#:0.123, A:0.071, A#:0.071, B:0.099"
34978,"C:0.111, C#:0.124, D:0.250, D#:0.040, E:0.016, F:0.019, F#:0.027, G:0.030, G#:0.010, A:0.105, A#:0.200, B:0.069"
35084,"C:0.259, C#:0.170, D:0.059, D#:0.126, E:0.033, F:0.064, F#:0.024, G:0.020, G#:0.110, A:0.023, A#:0.066, B:0.046"
35086,"C:0.166, C#:0.068, D:0.046, D#:0.189, E:0.062, F:0.089, F#:0.030, G:0.065, G#:0.017, A:0.022, A#:0.165, B:0.079"
35219,"C:0.048, C#:0.036, D:0.099, D#:0.062, E:0.126, F:0.184, F#:0.075, G:0.081, G#:0.050, A:0.111, A#:0.098, B:0.031"
35342,"C:0.201, C#:0.011, D:0.004, D#:0.005, E:0.152, F:0.266, F#:0.027, G:0.019, G#:0.006, A:0.093, A#:0.195, B:0.020"
35525,"C:0.027, C#:0.072, D:0.136, D#:0.025, E:0.042, F:0.044, F#:0.205, G:0.081, G#:0.046, A:0.166, A#:0.045, B:0.110"
35532,"C:0.064, C#:0.147, D:0.178, D#:0.059, E:0.078, F:0.053, F#:0.030, G:0.044, G#:0.128, A:0.127, A#:0.052, B:0.039"
35534,"C:0.107, C#:0.066, D:0.127, D#:0.071, E:0.131, F:0.076, F#:0.041, G:0.083, G#:0.074, A:0.097, A#:0.046, B:0.081"
35537,"C:0.151, C#:0.046, D:0.025, D#:0.036, E:0.049, F:0.178, F#:0.099, G:0.109, G#:0.111, A:0.068, A#:0.069, B:0.059"
35543,"C:0.033, C#:0.043, D:0.110, D#:0.070, E:0.163, F:0.046, F#:0.063, G:0.113, G#:0.050, A:0.128, A#:0.063, B:0.116"
35544,"C:0.127, C#:0.034, D:0.154, D#:0.050, E:0.129, F:0.033, F#:0.045, G:0.156, G#:0.041, A:0.125, A#:0.027, B:0.080"
35547,"C:0.118, C#:0.069, D:0.071, D#:0.083, E:0.199, F:0.047, F#:0.053, G:0.111, G#:0.015, A:0.007, A#:0.029, B:0.199"
35548,"C:0.057, C#:0.072, D:0.073, D#:0.053, E:0.085, F:0.062, F#:0.119, G:0.172, G#:0.109, A:0.084, A#:0.036, B:0.079"
35549,"C:0.042, C#:0.031, D:0.041, D#:0.016, E:0.030, F:0.021, F#:0.030, G:0.099, G#:0.138, A:0.387, A#:0.107, B:0.059"
35552,"C:0.027, C#:0.068, D:0.066, D#:0.046, E:0.120, F:0.075, F#:0.293, G:0.052, G#:0.073, A:0.072, A#:0.033, B:0.075"
35553,"C:0.045, C#:0.069, D:0.324, D#:0.026, E:0.013, F:0.007, F#:0.083, G:0.076, G#:0.010, A:0.036, A#:0.031, B:0.281"
35750,"C:0.085, C#:0.116, D:0.095, D#:0.114, E:0.043, F:0.041, F#:0.107, G:0.046, G#:0.047, A:0.047, A#:0.104, B:0.154"
35754,"C:0.041, C#:0.220, D:0.086, D#:0.054, E:0.068, F:0.107, F#:0.048, G:0.023, G#:0.074, A:0.068, A#:0.160, B:0.050"
35773,"C:0.057, C#:0.009, D:0.021, D#:0.031, E:0.057, F:0.058, F#:0.047, G:0.162, G#:0.136, A:0.073, A#:0.164, B:0.186"
36050,"C:0.072, C#:0.057, D:0.084, D#:0.086, E:0.182, F:0.082, F#:0.054, G:0.071, G#:0.055, A:0.122, A#:0.048, B:0.086"
36051,"C:0.060, C#:0.073, D:0.119, D#:0.113, E:0.156, F:0.092, F#:0.081, G:0.071, G#:0.051, A:0.063, A#:0.049, B:0.072"
36052,"C:0.091, C#:0.062, D:0.067, D#:0.042, E:0.065, F:0.092, F#:0.106, G:0.151, G#:0.098, A:0.070, A#:0.086, B:0.071"
36053,"C:0.047, C#:0.133, D:0.137, D#:0.052, E:0.109, F:0.040, F#:0.103, G:0.061, G#:0.029, A:0.047, A#:0.052, B:0.189"
36054,"C:0.125, C#:0.104, D:0.043, D#:0.055, E:0.045, F:0.133, F#:0.052, G:0.046, G#:0.049, A:0.072, A#:0.211, B:0.064"
36056,"C:0.119, C#:0.113, D:0.130, D#:0.171, E:0.073, F:0.063, F#:0.067, G:0.078, G#:0.038, A:0.026, A#:0.040, B:0.081"
36057,"C:0.101, C#:0.101, D:0.051, D#:0.075, E:0.057, F:0.099, F#:0.069, G:0.048, G#:0.085, A:0.072, A#:0.169, B:0.073"
36121,"C:0.033, C#:0.050, D:0.077, D#:0.179, E:0.116, F:0.088, F#:0.122, G:0.082, G#:0.101, A:0.055, A#:0.066, B:0.029"
36125,"C:0.107, C#:0.045, D:0.045, D#:0.046, E:0.179, F:0.143, F#:0.052, G:0.058, G#:0.064, A:0.051, A#:0.071, B:0.139"
36126,"C:0.061, C#:0.064, D:0.065, D#:0.050, E:0.217, F:0.064, F#:0.050, G:0.037, G#:0.085, A:0.106, A#:0.094, B:0.108"
36127,"C:0.066, C#:0.090, D:0.211, D#:0.120, E:0.069, F:0.043, F#:0.057, G:0.105, G#:0.067, A:0.083, A#:0.046, B:0.042"
36128,"C:0.050, C#:0.026, D:0.032, D#:0.012, E:0.028, F:0.063, F#:0.095, G:0.087, G#:0.112, A:0.132, A#:0.101, B:0.261"
36130,"C:0.149, C#:0.062, D:0.108, D#:0.058, E:0.029, F:0.012, F#:0.025, G:0.233, G#:0.092, A:0.033, A#:0.041, B:0.157"
36131,"C:0.072, C#:0.086, D:0.365, D#:0.084, E:0.151, F:0.023, F#:0.021, G:0.024, G#:0.026, A:0.083, A#:0.029, B:0.037"
36384,"C:0.090, C#:0.103, D:0.074, D#:0.032, E:0.056, F:0.050, F#:0.201, G:0.038, G#:0.031, A:0.058, A#:0.054, B:0.211"
36385,"C:0.054, C#:0.035, D:0.046, D#:0.072, E:0.191, F:0.087, F#:0.079, G:0.148, G#:0.076, A:0.041, A#:0.053, B:0.119"
36388,"C:0.066, C#:0.034, D:0.046, D#:0.025, E:0.025, F:0.034, F#:0.077, G:0.183, G#:0.094, A:0.234, A#:0.087, B:0.096"
36389,"C:0.071, C#:0.082, D:0.106, D#:0.075, E:0.167, F:0.084, F#:0.095, G:0.096, G#:0.058, A:0.046, A#:0.032, B:0.087"
36393,"C:0.072, C#:0.074, D:0.047, D#:0.055, E:0.074, F:0.113, F#:0.113, G:0.086, G#:0.069, A:0.092, A#:0.121, B:0.083"
36481,"C:0.025, C#:0.028, D:0.071, D#:0.032, E:0.076, F:0.053, F#:0.112, G:0.172, G#:0.119, A:0.203, A#:0.063, B:0.046"
36482,"C:0.024, C#:0.055, D:0.149, D#:0.090, E:0.145, F:0.088, F#:0.114, G:0.160, G#:0.060, A:0.054, A#:0.025, B:0.036"
36483,"C:0.168, C#:0.055, D:0.033, D#:0.031, E:0.073, F:0.206, F#:0.122, G:0.129, G#:0.049, A:0.046, A#:0.027, B:0.062"
36484,"C:0.122, C#:0.042, D:0.057, D#:0.018, E:0.030, F:0.054, F#:0.109, G:0.357, G#:0.084, A:0.049, A#:0.024, B:0.055"
36485,"C:0.152, C#:0.073, D:0.116, D#:0.039, E:0.043, F:0.048, F#:0.054, G:0.135, G#:0.078, A:0.156, A#:0.049, B:0.059"
36486,"C:0.051, C#:0.041, D:0.093, D#:0.047, E:0.091, F:0.156, F#:0.059, G:0.057, G#:0.065, A:0.237, A#:0.062, B:0.041"
36487,"C:0.076, C#:0.048, D:0.079, D#:0.083, E:0.056, F:0.086, F#:0.089, G:0.140, G#:0.057, A:0.060, A#:0.132, B:0.093"
36488,"C:0.113, C#:0.068, D:0.145, D#:0.053, E:0.057, F:0.032, F#:0.057, G:0.135, G#:0.070, A:0.148, A#:0.046, B:0.076"
36490,"C:0.068, C#:0.030, D:0.041, D#:0.064, E:0.131, F:0.162, F#:0.070, G:0.095, G#:0.061, A:0.168, A#:0.073, B:0.038"
36572,"C:0.174, C#:0.032, D:0.022, D#:0.040, E:0.017, F:0.006, F#:0.093, G:0.117, G#:0.084, A:0.082, A#:0.092, B:0.242"
36573,"C:0.128, C#:0.036, D:0.071, D#:0.034, E:0.034, F:0.019, F#:0.041, G:0.326, G#:0.090, A:0.034, A#:0.027, B:0.158"
36574,"C:0.150, C#:0.047, D:0.096, D#:0.067, E:0.053, F:0.019, F#:0.030, G:0.220, G#:0.086, A:0.036, A#:0.033, B:0.163"
36575,"C:0.069, C#:0.027, D:0.242, D#:0.103, E:0.017, F:0.067, F#:0.027, G:0.054, G#:0.023, A:0.033, A#:0.229, B:0.110"
36576,"C:0.019, C#:0.016, D:0.265, D#:0.135, E:0.024, F:0.119, F#:0.027, G:0.016, G#:0.011, A:0.034, A#:0.253, B:0.081"
36577,"C:0.033, C#:0.133, D:0.087, D#:0.020, E:0.118, F:0.041, F#:0.093, G:0.046, G#:0.015, A:0.221, A#:0.098, B:0.096"
36579,"C:0.167, C#:0.050, D:0.026, D#:0.008, E:0.047, F:0.028, F#:0.006, G:0.012, G#:0.093, A:0.121, A#:0.149, B:0.291"
36580,"C:0.023, C#:0.029, D:0.417, D#:0.033, E:0.066, F:0.027, F#:0.030, G:0.147, G#:0.021, A:0.073, A#:0.035, B:0.100"
36737,"C:0.196, C#:0.088, D:0.060, D#:0.082, E:0.139, F:0.032, F#:0.037, G:0.088, G#:0.020, A:0.024, A#:0.063, B:0.172"
36738,"C:0.112, C#:0.047, D:0.073, D#:0.076, E:0.137, F:0.152, F#:0.041, G:0.060, G#:0.048, A:0.150, A#:0.063, B:0.043"
36747,"C:0.133, C#:0.081, D:0.138, D#:0.086, E:0.184, F:0.076, F#:0.015, G:0.027, G#:0.040, A:0.069, A#:0.035, B:0.117"
36749,"C:0.162, C#:0.073, D:0.130, D#:0.033, E:0.060, F:0.078, F#:0.098, G:0.124, G#:0.041, A:0.074, A#:0.029, B:0.098"
36751,"C:0.088, C#:0.085, D:0.183, D#:0.021, E:0.046, F:0.011, F#:0.072, G:0.148, G#:0.113, A:0.152, A#:0.018, B:0.061"
36757,"C:0.175, C#:0.011, D:0.061, D#:0.012, E:0.064, F:0.069, F#:0.028, G:0.362, G#:0.027, A:0.057, A#:0.008, B:0.125"
36762,"C:0.032, C#:0.077, D:0.151, D#:0.357, E:0.020, F:0.031, F#:0.062, G:0.023, G#:0.016, A:0.056, A#:0.162, B:0.012"
36763,"C:0.017, C#:0.173, D:0.025, D#:0.156, E:0.027, F:0.101, F#:0.238, G:0.028, G#:0.104, A:0.019, A#:0.097, B:0.014"
36764,"C:0.061, C#:0.168, D:0.035, D#:0.067, E:0.054, F:0.127, F#:0.095, G:0.063, G#:0.157, A:0.040, A#:0.117, B:0.015"
36765,"C:0.141, C#:0.042, D:0.105, D#:0.019, E:0.089, F:0.077, F#:0.035, G:0.089, G#:0.052, A:0.149, A#:0.055, B:0.146"
36768,"C:0.061, C#:0.053, D:0.032, D#:0.059, E:0.033, F:0.078, F#:0.125, G:0.073, G#:0.061, A:0.053, A#:0.234, B:0.138"
36771,"C:0.025, C#:0.152, D:0.045, D#:0.193, E:0.021, F:0.079, F#:0.013, G:0.011, G#:0.178, A:0.021, A#:0.104, B:0.159"
36772,"C:0.015, C#:0.155, D:0.012, D#:0.155, E:0.012, F:0.106, F#:0.210, G:0.011, G#:0.105, A:0.008, A#:0.069, B:0.141"
36773,"C:0.024, C#:0.097, D:0.036, D#:0.374, E:0.118, F:0.005, F#:0.122, G:0.043, G#:0.004, A:0.003, A#:0.080, B:0.094"
36774,"C:0.028, C#:0.170, D:0.051, D#:0.147, E:0.042, F:0.101, F#:0.168, G:0.044, G#:0.116, A:0.033, A#:0.006, B:0.095"
36777,"C:0.025, C#:0.082, D:0.019, D#:0.279, E:0.035, F:0.018, F#:0.106, G:0.023, G#:0.274, A:0.024, A#:0.013, B:0.103"
37085,"C:0.062, C#:0.064, D:0.035, D#:0.072, E:0.059, F:0.095, F#:0.081, G:0.251, G#:0.106, A:0.071, A#:0.069, B:0.037"
37087,"C:0.149, C#:0.029, D:0.094, D#:0.259, E:0.045, F:0.044, F#:0.022, G:0.156, G#:0.017, A:0.026, A#:0.135, B:0.024"
37088,"C:0.057, C#:0.047, D:0.068, D#:0.023, E:0.095, F:0.035, F#:0.043, G:0.076, G#:0.146, A:0.275, A#:0.074, B:0.062"
37096,"C:0.110, C#:0.031, D:0.062, D#:0.028, E:0.161, F:0.025, F#:0.159, G:0.236, G#:0.025, A:0.101, A#:0.016, B:0.046"
37106,"C:0.057, C#:0.058, D:0.045, D#:0.037, E:0.152, F:0.075, F#:0.101, G:0.039, G#:0.037, A:0.060, A#:0.124, B:0.215"
37107,"C:0.017, C#:0.057, D:0.081, D#:0.053, E:0.168, F:0.047, F#:0.125, G:0.176, G#:0.092, A:0.071, A#:0.022, B:0.091"
37110,"C:0.035, C#:0.067, D:0.136, D#:0.033, E:0.029, F:0.029, F#:0.158, G:0.128, G#:0.044, A:0.098, A#:0.047, B:0.196"
37138,"C:0.128, C#:0.058, D:0.066, D#:0.092, E:0.128, F:0.139, F#:0.101, G:0.068, G#:0.033, A:0.032, A#:0.039, B:0.116"
37368,"C:0.029, C#:0.014, D:0.096, D#:0.116, E:0.021, F:0.074, F#:0.030, G:0.167, G#:0.140, A:0.042, A#:0.228, B:0.042"
37457,"C:0.018, C#:0.058, D:0.173, D#:0.072, E:0.081, F:0.064, F#:0.090, G:0.135, G#:0.081, A:0.161, A#:0.046, B:0.020"
37459,"C:0.041, C#:0.059, D:0.148, D#:0.062, E:0.097, F:0.075, F#:0.082, G:0.125, G#:0.075, A:0.134, A#:0.048, B:0.055"
37461,"C:0.023, C#:0.072, D:0.229, D#:0.088, E:0.067, F:0.048, F#:0.081, G:0.106, G#:0.058, A:0.151, A#:0.051, B:0.024"
37593,"C:0.033, C#:0.162, D:0.019, D#:0.019, E:0.071, F:0.216, F#:0.288, G:0.055, G#:0.073, A:0.015, A#:0.039, B:0.010"
37602,"C:0.084, C#:0.143, D:0.069, D#:0.155, E:0.040, F:0.069, F#:0.047, G:0.197, G#:0.080, A:0.033, A#:0.062, B:0.023"
37622,"C:0.130, C#:0.055, D:0.073, D#:0.130, E:0.051, F:0.063, F#:0.059, G:0.119, G#:0.123, A:0.058, A#:0.076, B:0.063"
37623,"C:0.045, C#:0.101, D:0.063, D#:0.134, E:0.197, F:0.072, F#:0.074, G:0.045, G#:0.100, A:0.061, A#:0.041, B:0.066"
37624,"C:0.083, C#:0.059, D:0.098, D#:0.119, E:0.071, F:0.078, F#:0.072, G:0.169, G#:0.072, A:0.051, A#:0.070, B:0.057"
37625,"C:0.043, C#:0.064, D:0.051, D#:0.107, E:0.209, F:0.090, F#:0.070, G:0.059, G#:0.104, A:0.089, A#:0.050, B:0.064"
37626,"C:0.133, C#:0.044, D:0.089, D#:0.051, E:0.171, F:0.085, F#:0.065, G:0.117, G#:0.063, A:0.086, A#:0.024, B:0.073"
37627,"C:0.108, C#:0.114, D:0.038, D#:0.068, E:0.040, F:0.108, F#:0.091, G:0.098, G#:0.143, A:0.073, A#:0.079, B:0.041"
37628,"C:0.041, C#:0.045, D:0.128, D#:0.077, E:0.063, F:0.144, F#:0.072, G:0.083, G#:0.075, A:0.105, A#:0.119, B:0.047"
37711,"C:0.063, C#:0.131, D:0.273, D#:0.108, E:0.073, F:0.049, F#:0.039, G:0.033, G#:0.051, A:0.084, A#:0.050, B:0.047"
37713,"C:0.026, C#:0.085, D:0.243, D#:0.070, E:0.131, F:0.158, F#:0.064, G:0.096, G#:0.025, A:0.074, A#:0.013, B:0.017"
37743,"C:0.139, C#:0.045, D:0.183, D#:0.036, E:0.049, F:0.014, F#:0.041, G:0.088, G#:0.093, A:0.195, A#:0.038, B:0.079"
37876,"C:0.049, C#:0.113, D:0.155, D#:0.045, E:0.051, F:0.052, F#:0.112, G:0.153, G#:0.049, A:0.098, A#:0.041, B:0.082"
37956,"C:0.105, C#:0.039, D:0.037, D#:0.064, E:0.084, F:0.158, F#:0.116, G:0.131, G#:0.061, A:0.058, A#:0.072, B:0.074"
37981,"C:0.096, C#:0.042, D:0.092, D#:0.119, E:0.039, F:0.076, F#:0.050, G:0.110, G#:0.087, A:0.098, A#:0.150, B:0.041"
37982,"C:0.177, C#:0.066, D:0.080, D#:0.044, E:0.128, F:0.039, F#:0.068, G:0.161, G#:0.045, A:0.054, A#:0.034, B:0.103"
37983,"C:0.052, C#:0.114, D:0.065, D#:0.067, E:0.165, F:0.072, F#:0.144, G:0.044, G#:0.066, A:0.092, A#:0.054, B:0.066"
37984,"C:0.028, C#:0.061, D:0.021, D#:0.077, E:0.263, F:0.025, F#:0.116, G:0.022, G#:0.115, A:0.078, A#:0.031, B:0.164"
37985,"C:0.205, C#:0.068, D:0.112, D#:0.048, E:0.085, F:0.066, F#:0.037, G:0.207, G#:0.069, A:0.029, A#:0.027, B:0.047"
38506,"C:0.043, C#:0.065, D:0.055, D#:0.183, E:0.196, F:0.071, F#:0.106, G:0.044, G#:0.078, A:0.027, A#:0.056, B:0.076"
38508,"C:0.027, C#:0.094, D:0.178, D#:0.041, E:0.092, F:0.037, F#:0.124, G:0.040, G#:0.071, A:0.226, A#:0.038, B:0.032"
38510,"C:0.084, C#:0.110, D:0.044, D#:0.034, E:0.020, F:0.012, F#:0.023, G:0.136, G#:0.364, A:0.110, A#:0.031, B:0.031"
38511,"C:0.285, C#:0.036, D:0.133, D#:0.019, E:0.141, F:0.045, F#:0.013, G:0.082, G#:0.011, A:0.036, A#:0.011, B:0.186"
38514,"C:0.145, C#:0.049, D:0.164, D#:0.031, E:0.111, F:0.035, F#:0.051, G:0.166, G#:0.050, A:0.096, A#:0.028, B:0.072"
38515,"C:0.017, C#:0.054, D:0.018, D#:0.336, E:0.031, F:0.024, F#:0.080, G:0.014, G#:0.015, A:0.014, A#:0.206, B:0.191"
38548,"C:0.045, C#:0.081, D:0.215, D#:0.057, E:0.046, F:0.011, F#:0.017, G:0.008, G#:0.018, A:0.287, A#:0.089, B:0.128"
38555,"C:0.021, C#:0.016, D:0.053, D#:0.073, E:0.022, F:0.024, F#:0.048, G:0.092, G#:0.171, A:0.231, A#:0.199, B:0.049"
38790,"C:0.058, C#:0.234, D:0.054, D#:0.039, E:0.036, F:0.051, F#:0.123, G:0.179, G#:0.057, A:0.063, A#:0.072, B:0.033"
38958,"C:0.038, C#:0.120, D:0.043, D#:0.167, E:0.032, F:0.047, F#:0.066, G:0.041, G#:0.149, A:0.060, A#:0.178, B:0.059"
38970,"C:0.173, C#:0.105, D:0.074, D#:0.045, E:0.040, F:0.042, F#:0.038, G:0.084, G#:0.077, A:0.081, A#:0.111, B:0.131"
38971,"C:0.058, C#:0.031, D:0.132, D#:0.084, E:0.145, F:0.063, F#:0.068, G:0.127, G#:0.078, A:0.144, A#:0.036, B:0.035"
38974,"C:0.027, C#:0.031, D:0.049, D#:0.095, E:0.169, F:0.097, F#:0.084, G:0.100, G#:0.114, A:0.136, A#:0.058, B:0.039"
38978,"C:0.052, C#:0.027, D:0.040, D#:0.029, E:0.059, F:0.121, F#:0.108, G:0.151, G#:0.143, A:0.158, A#:0.074, B:0.038"
38979,"C:0.087, C#:0.050, D:0.048, D#:0.022, E:0.023, F:0.017, F#:0.023, G:0.050, G#:0.136, A:0.279, A#:0.155, B:0.108"
38981,"C:0.089, C#:0.025, D:0.060, D#:0.026, E:0.116, F:0.037, F#:0.032, G:0.129, G#:0.092, A:0.178, A#:0.082, B:0.133"
38983,"C:0.079, C#:0.029, D:0.046, D#:0.020, E:0.145, F:0.146, F#:0.041, G:0.168, G#:0.055, A:0.170, A#:0.039, B:0.062"
39055,"C:0.142, C#:0.085, D:0.044, D#:0.051, E:0.072, F:0.155, F#:0.098, G:0.131, G#:0.126, A:0.030, A#:0.017, B:0.048"
39290,"C:0.033, C#:0.032, D:0.059, D#:0.390, E:0.143, F:0.045, F#:0.039, G:0.023, G#:0.064, A:0.031, A#:0.054, B:0.088"
39330,"C:0.176, C#:0.092, D:0.058, D#:0.074, E:0.077, F:0.029, F#:0.040, G:0.232, G#:0.028, A:0.074, A#:0.027, B:0.096"
39332,"C:0.027, C#:0.019, D:0.128, D#:0.023, E:0.024, F:0.060, F#:0.082, G:0.125, G#:0.074, A:0.122, A#:0.135, B:0.182"
39342,"C:0.022, C#:0.014, D:0.092, D#:0.018, E:0.036, F:0.239, F#:0.032, G:0.013, G#:0.017, A:0.085, A#:0.392, B:0.040"
39357,"C:0.046, C#:0.033, D:0.041, D#:0.046, E:0.090, F:0.091, F#:0.071, G:0.093, G#:0.111, A:0.164, A#:0.134, B:0.080"
39361,"C:0.034, C#:0.055, D:0.061, D#:0.147, E:0.064, F:0.051, F#:0.085, G:0.096, G#:0.228, A:0.066, A#:0.047, B:0.065"
39393,"C:0.108, C#:0.294, D:0.117, D#:0.057, E:0.041, F:0.065, F#:0.044, G:0.044, G#:0.099, A:0.052, A#:0.033, B:0.045"
39514,"C:0.033, C#:0.049, D:0.034, D#:0.071, E:0.180, F:0.071, F#:0.251, G:0.050, G#:0.029, A:0.049, A#:0.021, B:0.163"
39525,"C:0.216, C#:0.032, D:0.074, D#:0.026, E:0.117, F:0.159, F#:0.042, G:0.149, G#:0.026, A:0.070, A#:0.023, B:0.066"
39526,"C:0.096, C#:0.050, D:0.036, D#:0.033, E:0.086, F:0.146, F#:0.128, G:0.147, G#:0.103, A:0.071, A#:0.050, B:0.053"
39527,"C:0.082, C#:0.117, D:0.059, D#:0.046, E:0.047, F:0.106, F#:0.140, G:0.094, G#:0.098, A:0.070, A#:0.081, B:0.060"
39528,"C:0.129, C#:0.107, D:0.118, D#:0.100, E:0.120, F:0.103, F#:0.065, G:0.066, G#:0.040, A:0.042, A#:0.044, B:0.067"
39529,"C:0.096, C#:0.063, D:0.069, D#:0.056, E:0.061, F:0.043, F#:0.076, G:0.134, G#:0.089, A:0.088, A#:0.098, B:0.128"
39539,"C:0.049, C#:0.065, D:0.140, D#:0.167, E:0.155, F:0.052, F#:0.041, G:0.046, G#:0.056, A:0.094, A#:0.062, B:0.074"
39541,"C:0.097, C#:0.149, D:0.194, D#:0.195, E:0.084, F:0.043, F#:0.035, G:0.039, G#:0.032, A:0.037, A#:0.046, B:0.050"
39542,"C:0.075, C#:0.108, D:0.216, D#:0.153, E:0.044, F:0.022, F#:0.089, G:0.053, G#:0.032, A:0.104, A#:0.057, B:0.047"
39549,"C:0.074, C#:0.188, D:0.065, D#:0.066, E:0.069, F:0.075, F#:0.154, G:0.076, G#:0.074, A:0.034, A#:0.037, B:0.089"
39569,"C:0.107, C#:0.063, D:0.080, D#:0.044, E:0.062, F:0.050, F#:0.109, G:0.177, G#:0.075, A:0.061, A#:0.059, B:0.113"
39570,"C:0.163, C#:0.083, D:0.084, D#:0.071, E:0.109, F:0.044, F#:0.030, G:0.037, G#:0.064, A:0.153, A#:0.079, B:0.082"
39573,"C:0.056, C#:0.048, D:0.060, D#:0.092, E:0.179, F:0.078, F#:0.050, G:0.087, G#:0.111, A:0.092, A#:0.079, B:0.068"
39574,"C:0.061, C#:0.021, D:0.022, D#:0.044, E:0.153, F:0.045, F#:0.064, G:0.109, G#:0.096, A:0.230, A#:0.108, B:0.047"
39575,"C:0.115, C#:0.075, D:0.042, D#:0.037, E:0.071, F:0.192, F#:0.075, G:0.046, G#:0.054, A:0.077, A#:0.121, B:0.094"
39580,"C:0.072, C#:0.135, D:0.066, D#:0.044, E:0.039, F:0.084, F#:0.052, G:0.068, G#:0.077, A:0.122, A#:0.174, B:0.066"
39581,"C:0.075, C#:0.074, D:0.083, D#:0.122, E:0.089, F:0.067, F#:0.061, G:0.049, G#:0.074, A:0.079, A#:0.138, B:0.090"
39583,"C:0.104, C#:0.070, D:0.083, D#:0.135, E:0.072, F:0.066, F#:0.051, G:0.102, G#:0.077, A:0.077, A#:0.111, B:0.053"
39586,"C:0.135, C#:0.129, D:0.114, D#:0.122, E:0.076, F:0.048, F#:0.053, G:0.035, G#:0.042, A:0.061, A#:0.063, B:0.121"
39587,"C:0.144, C#:0.051, D:0.082, D#:0.071, E:0.049, F:0.067, F#:0.065, G:0.172, G#:0.083, A:0.064, A#:0.108, B:0.042"
39588,"C:0.056, C#:0.191, D:0.039, D#:0.051, E:0.149, F:0.051, F#:0.155, G:0.028, G#:0.044, A:0.114, A#:0.041, B:0.082"
39811,"C:0.024, C#:0.035, D:0.062, D#:0.185, E:0.147, F:0.183, F#:0.112, G:0.047, G#:0.035, A:0.040, A#:0.101, B:0.030"
39930,"C:0.056, C#:0.038, D:0.056, D#:0.027, E:0.025, F:0.069, F#:0.119, G:0.323, G#:0.120, A:0.062, A#:0.055, B:0.049"
39932,"C:0.263, C#:0.068, D:0.045, D#:0.022, E:0.024, F:0.012, F#:0.046, G:0.019, G#:0.026, A:0.058, A#:0.090, B:0.328"
39950,"C:0.183, C#:0.037, D:0.106, D#:0.018, E:0.091, F:0.013, F#:0.013, G:0.054, G#:0.060, A:0.333, A#:0.036, B:0.056"
40234,"C:0.097, C#:0.036, D:0.032, D#:0.087, E:0.162, F:0.092, F#:0.092, G:0.066, G#:0.102, A:0.077, A#:0.070, B:0.088"
40238,"C:0.149, C#:0.005, D:0.004, D#:0.014, E:0.034, F:0.064, F#:0.049, G:0.143, G#:0.242, A:0.143, A#:0.045, B:0.106"
40239,"C:0.071, C#:0.032, D:0.049, D#:0.078, E:0.292, F:0.145, F#:0.047, G:0.127, G#:0.023, A:0.035, A#:0.027, B:0.075"
40240,"C:0.021, C#:0.012, D:0.064, D#:0.020, E:0.164, F:0.079, F#:0.048, G:0.321, G#:0.042, A:0.071, A#:0.127, B:0.030"
40242,"C:0.030, C#:0.050, D:0.055, D#:0.083, E:0.280, F:0.057, F#:0.079, G:0.013, G#:0.066, A:0.052, A#:0.023, B:0.212"
40243,"C:0.045, C#:0.017, D:0.057, D#:0.027, E:0.191, F:0.092, F#:0.043, G:0.191, G#:0.045, A:0.147, A#:0.027, B:0.117"
40244,"C:0.044, C#:0.075, D:0.342, D#:0.178, E:0.171, F:0.047, F#:0.022, G:0.008, G#:0.005, A:0.034, A#:0.023, B:0.051"
40245,"C:0.261, C#:0.034, D:0.133, D#:0.088, E:0.062, F:0.024, F#:0.016, G:0.259, G#:0.011, A:0.014, A#:0.022, B:0.076"
40265,"C:0.132, C#:0.201, D:0.045, D#:0.051, E:0.022, F:0.156, F#:0.046, G:0.030, G#:0.045, A:0.081, A#:0.151, B:0.040"
40266,"C:0.014, C#:0.009, D:0.009, D#:0.013, E:0.071, F:0.024, F#:0.036, G:0.313, G#:0.203, A:0.207, A#:0.065, B:0.037"
40321,"C:0.123, C#:0.021, D:0.108, D#:0.016, E:0.086, F:0.146, F#:0.034, G:0.146, G#:0.037, A:0.243, A#:0.016, B:0.024"
40369,"C:0.059, C#:0.052, D:0.045, D#:0.066, E:0.092, F:0.122, F#:0.115, G:0.107, G#:0.100, A:0.106, A#:0.081, B:0.055"
40370,"C:0.019, C#:0.046, D:0.074, D#:0.409, E:0.056, F:0.066, F#:0.095, G:0.037, G#:0.012, A:0.022, A#:0.140, B:0.025"
40373,"C:0.110, C#:0.105, D:0.083, D#:0.078, E:0.086, F:0.112, F#:0.080, G:0.069, G#:0.071, A:0.067, A#:0.073, B:0.067"
40487,"C:0.014, C#:0.033, D:0.017, D#:0.099, E:0.071, F:0.076, F#:0.178, G:0.086, G#:0.249, A:0.043, A#:0.071, B:0.061"
40488,"C:0.047, C#:0.033, D:0.083, D#:0.041, E:0.164, F:0.185, F#:0.050, G:0.072, G#:0.041, A:0.159, A#:0.061, B:0.064"
40491,"C:0.032, C#:0.078, D:0.143, D#:0.055, E:0.185, F:0.054, F#:0.074, G:0.036, G#:0.065, A:0.149, A#:0.043, B:0.084"
40492,"C:0.008, C#:0.038, D:0.141, D#:0.036, E:0.175, F:0.015, F#:0.026, G:0.014, G#:0.094, A:0.389, A#:0.053, B:0.012"
40495,"C:0.162, C#:0.040, D:0.171, D#:0.037, E:0.122, F:0.101, F#:0.022, G:0.116, G#:0.016, A:0.111, A#:0.012, B:0.087"
40496,"C:0.061, C#:0.183, D:0.097, D#:0.072, E:0.044, F:0.033, F#:0.044, G:0.034, G#:0.157, A:0.120, A#:0.042, B:0.112"
40497,"C:0.113, C#:0.040, D:0.163, D#:0.023, E:0.036, F:0.018, F#:0.112, G:0.080, G#:0.040, A:0.083, A#:0.071, B:0.221"
40553,"C:0.177, C#:0.030, D:0.034, D#:0.029, E:0.154, F:0.175, F#:0.084, G:0.108, G#:0.034, A:0.062, A#:0.020, B:0.093"
40556,"C:0.036, C#:0.061, D:0.050, D#:0.037, E:0.168, F:0.035, F#:0.055, G:0.031, G#:0.107, A:0.272, A#:0.097, B:0.052"
40557,"C:0.072, C#:0.078, D:0.158, D#:0.041, E:0.142, F:0.076, F#:0.089, G:0.077, G#:0.016, A:0.044, A#:0.032, B:0.175"
40569,"C:0.261, C#:0.034, D:0.088, D#:0.012, E:0.059, F:0.125, F#:0.018, G:0.087, G#:0.020, A:0.213, A#:0.054, B:0.031"
40618,"C:0.155, C#:0.033, D:0.040, D#:0.065, E:0.097, F:0.325, F#:0.067, G:0.059, G#:0.056, A:0.040, A#:0.030, B:0.035"
40619,"C:0.197, C#:0.098, D:0.084, D#:0.079, E:0.076, F:0.100, F#:0.078, G:0.062, G#:0.044, A:0.061, A#:0.039, B:0.081"
40621,"C:0.313, C#:0.124, D:0.072, D#:0.066, E:0.048, F:0.050, F#:0.025, G:0.049, G#:0.026, A:0.036, A#:0.071, B:0.119"
40623,"C:0.334, C#:0.104, D:0.035, D#:0.049, E:0.037, F:0.051, F#:0.057, G:0.119, G#:0.034, A:0.031, A#:0.056, B:0.091"
40707,"C:0.147, C#:0.035, D:0.071, D#:0.062, E:0.175, F:0.118, F#:0.052, G:0.162, G#:0.057, A:0.063, A#:0.035, B:0.024"
40708,"C:0.054, C#:0.102, D:0.103, D#:0.072, E:0.106, F:0.086, F#:0.183, G:0.069, G#:0.069, A:0.060, A#:0.042, B:0.053"
40709,"C:0.119, C#:0.044, D:0.087, D#:0.048, E:0.182, F:0.044, F#:0.087, G:0.157, G#:0.037, A:0.030, A#:0.035, B:0.131"
40710,"C:0.138, C#:0.087, D:0.140, D#:0.072, E:0.083, F:0.098, F#:0.052, G:0.060, G#:0.050, A:0.110, A#:0.051, B:0.058"
40711,"C:0.108, C#:0.079, D:0.184, D#:0.138, E:0.086, F:0.114, F#:0.039, G:0.054, G#:0.032, A:0.054, A#:0.062, B:0.050"
40714,"C:0.015, C#:0.025, D:0.225, D#:0.058, E:0.104, F:0.041, F#:0.100, G:0.139, G#:0.046, A:0.153, A#:0.032, B:0.062"
40716,"C:0.060, C#:0.057, D:0.306, D#:0.077, E:0.078, F:0.024, F#:0.060, G:0.178, G#:0.044, A:0.046, A#:0.015, B:0.056"
40719,"C:0.133, C#:0.043, D:0.128, D#:0.051, E:0.157, F:0.049, F#:0.023, G:0.070, G#:0.061, A:0.136, A#:0.034, B:0.117"
40764,"C:0.084, C#:0.013, D:0.050, D#:0.112, E:0.074, F:0.197, F#:0.076, G:0.207, G#:0.076, A:0.016, A#:0.068, B:0.027"
40769,"C:0.069, C#:0.030, D:0.040, D#:0.023, E:0.029, F:0.103, F#:0.131, G:0.095, G#:0.092, A:0.182, A#:0.166, B:0.041"
40771,"C:0.155, C#:0.065, D:0.029, D#:0.051, E:0.085, F:0.204, F#:0.077, G:0.047, G#:0.074, A:0.057, A#:0.083, B:0.072"
40773,"C:0.194, C#:0.040, D:0.146, D#:0.015, E:0.043, F:0.195, F#:0.041, G:0.149, G#:0.012, A:0.073, A#:0.070, B:0.022"
40777,"C:0.266, C#:0.086, D:0.014, D#:0.121, E:0.027, F:0.167, F#:0.025, G:0.207, G#:0.068, A:0.006, A#:0.003, B:0.010"
40814,"C:0.033, C#:0.076, D:0.100, D#:0.141, E:0.214, F:0.151, F#:0.097, G:0.059, G#:0.059, A:0.034, A#:0.024, B:0.012"
40841,"C:0.019, C#:0.046, D:0.074, D#:0.409, E:0.056, F:0.066, F#:0.095, G:0.037, G#:0.012, A:0.022, A#:0.140, B:0.025"
40842,"C:0.048, C#:0.057, D:0.144, D#:0.117, E:0.030, F:0.075, F#:0.080, G:0.079, G#:0.085, A:0.084, A#:0.123, B:0.080"
40843,"C:0.057, C#:0.257, D:0.067, D#:0.061, E:0.075, F:0.055, F#:0.088, G:0.042, G#:0.096, A:0.116, A#:0.042, B:0.042"
40848,"C:0.151, C#:0.011, D:0.016, D#:0.008, E:0.201, F:0.274, F#:0.017, G:0.130, G#:0.017, A:0.146, A#:0.015, B:0.014"
40849,"C:0.313, C#:0.025, D:0.106, D#:0.008, E:0.005, F:0.131, F#:0.009, G:0.081, G#:0.009, A:0.183, A#:0.007, B:0.122"
40951,"C:0.041, C#:0.082, D:0.071, D#:0.062, E:0.177, F:0.068, F#:0.083, G:0.047, G#:0.070, A:0.160, A#:0.050, B:0.090"
40963,"C:0.080, C#:0.113, D:0.126, D#:0.044, E:0.046, F:0.051, F#:0.086, G:0.082, G#:0.062, A:0.081, A#:0.067, B:0.159"
40984,"C:0.111, C#:0.059, D:0.139, D#:0.040, E:0.027, F:0.010, F#:0.017, G:0.078, G#:0.073, A:0.277, A#:0.116, B:0.053"
40985,"C:0.091, C#:0.058, D:0.083, D#:0.131, E:0.059, F:0.059, F#:0.061, G:0.099, G#:0.109, A:0.074, A#:0.108, B:0.067"
40989,"C:0.114, C#:0.189, D:0.095, D#:0.091, E:0.050, F:0.045, F#:0.073, G:0.053, G#:0.092, A:0.051, A#:0.057, B:0.089"
41010,"C:0.052, C#:0.038, D:0.051, D#:0.155, E:0.036, F:0.027, F#:0.085, G:0.071, G#:0.242, A:0.073, A#:0.058, B:0.112"
41095,"C:0.040, C#:0.033, D:0.031, D#:0.124, E:0.222, F:0.077, F#:0.037, G:0.048, G#:0.183, A:0.069, A#:0.035, B:0.102"
41101,"C:0.061, C#:0.101, D:0.192, D#:0.093, E:0.059, F:0.035, F#:0.044, G:0.101, G#:0.089, A:0.107, A#:0.060, B:0.058"
41104,"C:0.034, C#:0.042, D:0.140, D#:0.042, E:0.027, F:0.044, F#:0.073, G:0.183, G#:0.103, A:0.102, A#:0.142, B:0.068"
41122,"C:0.033, C#:0.013, D:0.084, D#:0.019, E:0.290, F:0.019, F#:0.026, G:0.090, G#:0.058, A:0.292, A#:0.043, B:0.033"
41124,"C:0.188, C#:0.033, D:0.026, D#:0.066, E:0.092, F:0.237, F#:0.065, G:0.079, G#:0.102, A:0.034, A#:0.040, B:0.038"
41125,"C:0.095, C#:0.151, D:0.101, D#:0.103, E:0.081, F:0.080, F#:0.112, G:0.070, G#:0.056, A:0.045, A#:0.060, B:0.047"
41191,"C:0.128, C#:0.095, D:0.025, D#:0.033, E:0.023, F:0.123, F#:0.054, G:0.034, G#:0.081, A:0.059, A#:0.263, B:0.083"
41192,"C:0.045, C#:0.160, D:0.085, D#:0.025, E:0.042, F:0.036, F#:0.133, G:0.071, G#:0.027, A:0.030, A#:0.118, B:0.227"
41284,"C:0.051, C#:0.044, D:0.043, D#:0.071, E:0.105, F:0.147, F#:0.195, G:0.059, G#:0.037, A:0.047, A#:0.081, B:0.119"
41299,"C:0.049, C#:0.022, D:0.095, D#:0.020, E:0.033, F:0.081, F#:0.125, G:0.240, G#:0.110, A:0.106, A#:0.069, B:0.050"
41302,"C:0.039, C#:0.143, D:0.032, D#:0.026, E:0.041, F:0.069, F#:0.208, G:0.082, G#:0.127, A:0.116, A#:0.047, B:0.069"
41486,"C:0.018, C#:0.031, D:0.016, D#:0.095, E:0.297, F:0.028, F#:0.045, G:0.026, G#:0.108, A:0.142, A#:0.043, B:0.151"
41487,"C:0.022, C#:0.068, D:0.257, D#:0.029, E:0.051, F:0.023, F#:0.059, G:0.148, G#:0.055, A:0.144, A#:0.033, B:0.114"
41489,"C:0.103, C#:0.031, D:0.109, D#:0.161, E:0.055, F:0.116, F#:0.037, G:0.107, G#:0.119, A:0.060, A#:0.080, B:0.023"
41515,"C:0.037, C#:0.100, D:0.047, D#:0.188, E:0.121, F:0.052, F#:0.109, G:0.021, G#:0.075, A:0.024, A#:0.164, B:0.061"
41516,"C:0.081, C#:0.029, D:0.206, D#:0.022, E:0.068, F:0.024, F#:0.137, G:0.180, G#:0.028, A:0.085, A#:0.022, B:0.118"
41517,"C:0.042, C#:0.027, D:0.041, D#:0.186, E:0.212, F:0.045, F#:0.113, G:0.024, G#:0.141, A:0.119, A#:0.023, B:0.027"
41519,"C:0.190, C#:0.024, D:0.152, D#:0.103, E:0.015, F:0.097, F#:0.028, G:0.245, G#:0.035, A:0.042, A#:0.043, B:0.026"
41520,"C:0.039, C#:0.027, D:0.145, D#:0.049, E:0.247, F:0.027, F#:0.074, G:0.090, G#:0.015, A:0.103, A#:0.051, B:0.133"
41550,"C:0.052, C#:0.011, D:0.111, D#:0.077, E:0.024, F:0.229, F#:0.024, G:0.093, G#:0.015, A:0.205, A#:0.147, B:0.011"
41554,"C:0.035, C#:0.044, D:0.162, D#:0.046, E:0.133, F:0.112, F#:0.056, G:0.099, G#:0.054, A:0.184, A#:0.056, B:0.019"
41569,"C:0.081, C#:0.029, D:0.206, D#:0.022, E:0.068, F:0.024, F#:0.137, G:0.180, G#:0.028, A:0.085, A#:0.022, B:0.118"
41598,"C:0.159, C#:0.010, D:0.098, D#:0.018, E:0.058, F:0.170, F#:0.021, G:0.127, G#:0.014, A:0.117, A#:0.015, B:0.194"
41599,"C:0.059, C#:0.008, D:0.227, D#:0.006, E:0.084, F:0.129, F#:0.004, G:0.083, G#:0.005, A:0.260, A#:0.123, B:0.011"
41600,"C:0.131, C#:0.013, D:0.215, D#:0.010, E:0.052, F:0.210, F#:0.024, G:0.084, G#:0.005, A:0.247, A#:0.003, B:0.006"
41601,"C:0.080, C#:0.021, D:0.128, D#:0.031, E:0.170, F:0.140, F#:0.045, G:0.119, G#:0.019, A:0.103, A#:0.015, B:0.128"
41602,"C:0.227, C#:0.012, D:0.161, D#:0.011, E:0.142, F:0.128, F#:0.009, G:0.091, G#:0.007, A:0.100, A#:0.009, B:0.105"
41758,"C:0.106, C#:0.046, D:0.089, D#:0.033, E:0.026, F:0.046, F#:0.064, G:0.239, G#:0.069, A:0.095, A#:0.089, B:0.098"
41971,"C:0.064, C#:0.048, D:0.079, D#:0.077, E:0.108, F:0.049, F#:0.034, G:0.059, G#:0.082, A:0.248, A#:0.095, B:0.057"
41974,"C:0.047, C#:0.032, D:0.048, D#:0.108, E:0.213, F:0.060, F#:0.065, G:0.091, G#:0.042, A:0.041, A#:0.076, B:0.178"
41975,"C:0.072, C#:0.057, D:0.094, D#:0.106, E:0.134, F:0.100, F#:0.066, G:0.111, G#:0.063, A:0.083, A#:0.034, B:0.082"
41976,"C:0.047, C#:0.066, D:0.089, D#:0.108, E:0.188, F:0.075, F#:0.045, G:0.044, G#:0.084, A:0.108, A#:0.063, B:0.082"
41980,"C:0.077, C#:0.079, D:0.086, D#:0.054, E:0.077, F:0.071, F#:0.069, G:0.103, G#:0.107, A:0.167, A#:0.063, B:0.048"
41981,"C:0.150, C#:0.092, D:0.143, D#:0.041, E:0.026, F:0.018, F#:0.045, G:0.155, G#:0.071, A:0.134, A#:0.055, B:0.070"
41982,"C:0.064, C#:0.039, D:0.036, D#:0.047, E:0.102, F:0.077, F#:0.075, G:0.101, G#:0.105, A:0.134, A#:0.103, B:0.118"
41988,"C:0.126, C#:0.073, D:0.146, D#:0.072, E:0.121, F:0.054, F#:0.062, G:0.101, G#:0.041, A:0.041, A#:0.033, B:0.130"
42040,"C:0.062, C#:0.058, D:0.065, D#:0.087, E:0.056, F:0.039, F#:0.045, G:0.074, G#:0.131, A:0.123, A#:0.166, B:0.094"
42044,"C:0.092, C#:0.069, D:0.104, D#:0.087, E:0.128, F:0.072, F#:0.033, G:0.041, G#:0.054, A:0.135, A#:0.106, B:0.079"
42047,"C:0.024, C#:0.053, D:0.197, D#:0.031, E:0.041, F:0.017, F#:0.073, G:0.168, G#:0.056, A:0.234, A#:0.032, B:0.072"
42055,"C:0.044, C#:0.108, D:0.083, D#:0.207, E:0.075, F:0.221, F#:0.075, G:0.021, G#:0.049, A:0.018, A#:0.080, B:0.018"
42056,"C:0.139, C#:0.024, D:0.063, D#:0.026, E:0.139, F:0.114, F#:0.040, G:0.204, G#:0.034, A:0.139, A#:0.027, B:0.051"
42057,"C:0.006, C#:0.089, D:0.007, D#:0.148, E:0.038, F:0.010, F#:0.151, G:0.012, G#:0.202, A:0.010, A#:0.225, B:0.101"
42058,"C:0.198, C#:0.045, D:0.042, D#:0.028, E:0.102, F:0.032, F#:0.039, G:0.048, G#:0.053, A:0.313, A#:0.052, B:0.049"
42059,"C:0.011, C#:0.120, D:0.011, D#:0.106, E:0.013, F:0.062, F#:0.290, G:0.015, G#:0.073, A:0.010, A#:0.148, B:0.142"
42060,"C:0.062, C#:0.030, D:0.050, D#:0.052, E:0.271, F:0.073, F#:0.125, G:0.146, G#:0.060, A:0.062, A#:0.024, B:0.045"
42062,"C:0.068, C#:0.238, D:0.059, D#:0.173, E:0.147, F:0.033, F#:0.035, G:0.030, G#:0.120, A:0.026, A#:0.022, B:0.050"
42064,"C:0.010, C#:0.061, D:0.016, D#:0.115, E:0.065, F:0.020, F#:0.087, G:0.026, G#:0.392, A:0.028, A#:0.078, B:0.104"
42065,"C:0.163, C#:0.017, D:0.080, D#:0.015, E:0.201, F:0.080, F#:0.014, G:0.111, G#:0.018, A:0.197, A#:0.021, B:0.083"
42312,"C:0.067, C#:0.151, D:0.080, D#:0.050, E:0.099, F:0.050, F#:0.138, G:0.127, G#:0.062, A:0.103, A#:0.019, B:0.055"
42348,"C:0.027, C#:0.096, D:0.125, D#:0.095, E:0.038, F:0.055, F#:0.084, G:0.054, G#:0.081, A:0.195, A#:0.029, B:0.122"
42349,"C:0.028, C#:0.198, D:0.237, D#:0.099, E:0.108, F:0.022, F#:0.093, G:0.018, G#:0.022, A:0.131, A#:0.030, B:0.014"
42350,"C:0.212, C#:0.037, D:0.038, D#:0.027, E:0.105, F:0.033, F#:0.026, G:0.158, G#:0.033, A:0.017, A#:0.037, B:0.276"
42351,"C:0.212, C#:0.018, D:0.117, D#:0.019, E:0.252, F:0.014, F#:0.032, G:0.108, G#:0.017, A:0.086, A#:0.012, B:0.113"
42432,"C:0.106, C#:0.045, D:0.059, D#:0.039, E:0.130, F:0.030, F#:0.108, G:0.091, G#:0.019, A:0.047, A#:0.062, B:0.266"
42434,"C:0.090, C#:0.067, D:0.091, D#:0.068, E:0.151, F:0.069, F#:0.046, G:0.063, G#:0.067, A:0.140, A#:0.048, B:0.100"
42657,"C:0.012, C#:0.109, D:0.045, D#:0.019, E:0.065, F:0.056, F#:0.257, G:0.128, G#:0.119, A:0.126, A#:0.028, B:0.037"
42740,"C:0.216, C#:0.061, D:0.061, D#:0.137, E:0.040, F:0.098, F#:0.029, G:0.061, G#:0.096, A:0.049, A#:0.119, B:0.034"
42742,"C:0.093, C#:0.129, D:0.067, D#:0.081, E:0.053, F:0.081, F#:0.061, G:0.115, G#:0.136, A:0.056, A#:0.088, B:0.039"
42744,"C:0.136, C#:0.054, D:0.246, D#:0.051, E:0.063, F:0.125, F#:0.032, G:0.112, G#:0.025, A:0.119, A#:0.016, B:0.021"
42745,"C:0.130, C#:0.209, D:0.300, D#:0.065, E:0.023, F:0.018, F#:0.015, G:0.023, G#:0.046, A:0.074, A#:0.045, B:0.054"
42747,"C:0.107, C#:0.024, D:0.037, D#:0.169, E:0.070, F:0.178, F#:0.024, G:0.074, G#:0.266, A:0.020, A#:0.022, B:0.009"
42748,"C:0.187, C#:0.060, D:0.207, D#:0.059, E:0.118, F:0.121, F#:0.034, G:0.047, G#:0.022, A:0.087, A#:0.021, B:0.038"
42749,"C:0.170, C#:0.027, D:0.110, D#:0.032, E:0.247, F:0.182, F#:0.036, G:0.077, G#:0.011, A:0.011, A#:0.014, B:0.082"
42750,"C:0.091, C#:0.031, D:0.051, D#:0.032, E:0.106, F:0.130, F#:0.050, G:0.080, G#:0.069, A:0.216, A#:0.083, B:0.063"
42756,"C:0.011, C#:0.091, D:0.141, D#:0.013, E:0.076, F:0.020, F#:0.274, G:0.021, G#:0.015, A:0.255, A#:0.056, B:0.028"
42757,"C:0.070, C#:0.096, D:0.049, D#:0.020, E:0.154, F:0.013, F#:0.024, G:0.015, G#:0.047, A:0.188, A#:0.100, B:0.225"
42758,"C:0.502, C#:0.018, D:0.016, D#:0.013, E:0.193, F:0.028, F#:0.025, G:0.111, G#:0.011, A:0.008, A#:0.031, B:0.044"
42803,"C:0.049, C#:0.107, D:0.143, D#:0.043, E:0.049, F:0.047, F#:0.051, G:0.073, G#:0.146, A:0.161, A#:0.074, B:0.057"
42806,"C:0.039, C#:0.042, D:0.029, D#:0.047, E:0.106, F:0.049, F#:0.085, G:0.073, G#:0.131, A:0.157, A#:0.111, B:0.131"
42834,"C:0.077, C#:0.137, D:0.148, D#:0.061, E:0.069, F:0.043, F#:0.110, G:0.047, G#:0.048, A:0.108, A#:0.052, B:0.102"
42835,"C:0.058, C#:0.053, D:0.061, D#:0.113, E:0.229, F:0.063, F#:0.058, G:0.035, G#:0.064, A:0.049, A#:0.058, B:0.158"
42836,"C:0.070, C#:0.121, D:0.117, D#:0.079, E:0.199, F:0.039, F#:0.026, G:0.029, G#:0.082, A:0.079, A#:0.059, B:0.102"
42837,"C:0.126, C#:0.108, D:0.101, D#:0.061, E:0.156, F:0.029, F#:0.037, G:0.077, G#:0.045, A:0.094, A#:0.057, B:0.109"
43153,"C:0.293, C#:0.171, D:0.078, D#:0.046, E:0.035, F:0.034, F#:0.027, G:0.044, G#:0.030, A:0.033, A#:0.061, B:0.149"
43304,"C:0.066, C#:0.057, D:0.068, D#:0.084, E:0.167, F:0.167, F#:0.056, G:0.037, G#:0.057, A:0.151, A#:0.045, B:0.044"
43323,"C:0.072, C#:0.078, D:0.162, D#:0.032, E:0.034, F:0.076, F#:0.100, G:0.170, G#:0.029, A:0.111, A#:0.084, B:0.052"
43325,"C:0.081, C#:0.062, D:0.083, D#:0.137, E:0.041, F:0.111, F#:0.061, G:0.103, G#:0.124, A:0.053, A#:0.102, B:0.041"
43402,"C:0.051, C#:0.049, D:0.035, D#:0.090, E:0.060, F:0.089, F#:0.102, G:0.069, G#:0.182, A:0.120, A#:0.108, B:0.046"
43407,"C:0.048, C#:0.140, D:0.061, D#:0.143, E:0.041, F:0.055, F#:0.104, G:0.053, G#:0.077, A:0.050, A#:0.149, B:0.077"
43408,"C:0.056, C#:0.027, D:0.068, D#:0.174, E:0.034, F:0.073, F#:0.035, G:0.097, G#:0.074, A:0.077, A#:0.233, B:0.052"
43411,"C:0.044, C#:0.106, D:0.030, D#:0.045, E:0.022, F:0.060, F#:0.065, G:0.108, G#:0.335, A:0.090, A#:0.053, B:0.043"
43493,"C:0.051, C#:0.065, D:0.098, D#:0.089, E:0.143, F:0.061, F#:0.050, G:0.063, G#:0.072, A:0.119, A#:0.078, B:0.110"
43497,"C:0.120, C#:0.072, D:0.068, D#:0.071, E:0.055, F:0.066, F#:0.069, G:0.159, G#:0.077, A:0.079, A#:0.099, B:0.063"
43499,"C:0.093, C#:0.085, D:0.094, D#:0.078, E:0.077, F:0.074, F#:0.067, G:0.100, G#:0.103, A:0.111, A#:0.067, B:0.050"
43502,"C:0.121, C#:0.157, D:0.133, D#:0.054, E:0.071, F:0.071, F#:0.041, G:0.067, G#:0.051, A:0.099, A#:0.074, B:0.061"
44099,"C:0.077, C#:0.089, D:0.030, D#:0.037, E:0.168, F:0.031, F#:0.053, G:0.048, G#:0.060, A:0.163, A#:0.052, B:0.192"
44100,"C:0.112, C#:0.209, D:0.220, D#:0.053, E:0.045, F:0.048, F#:0.041, G:0.061, G#:0.050, A:0.074, A#:0.035, B:0.052"
44101,"C:0.024, C#:0.025, D:0.153, D#:0.037, E:0.083, F:0.121, F#:0.084, G:0.226, G#:0.087, A:0.092, A#:0.038, B:0.029"
44102,"C:0.052, C#:0.038, D:0.054, D#:0.042, E:0.079, F:0.092, F#:0.120, G:0.209, G#:0.108, A:0.087, A#:0.051, B:0.067"
44103,"C:0.043, C#:0.042, D:0.074, D#:0.041, E:0.060, F:0.090, F#:0.193, G:0.147, G#:0.087, A:0.080, A#:0.042, B:0.100"
44105,"C:0.162, C#:0.050, D:0.064, D#:0.035, E:0.058, F:0.108, F#:0.091, G:0.174, G#:0.083, A:0.084, A#:0.042, B:0.049"
44106,"C:0.038, C#:0.032, D:0.045, D#:0.042, E:0.112, F:0.059, F#:0.111, G:0.103, G#:0.092, A:0.160, A#:0.086, B:0.121"
44107,"C:0.048, C#:0.045, D:0.068, D#:0.059, E:0.111, F:0.080, F#:0.128, G:0.064, G#:0.066, A:0.129, A#:0.064, B:0.137"
44108,"C:0.047, C#:0.091, D:0.305, D#:0.058, E:0.027, F:0.024, F#:0.081, G:0.130, G#:0.071, A:0.127, A#:0.020, B:0.018"
44109,"C:0.054, C#:0.093, D:0.079, D#:0.062, E:0.131, F:0.089, F#:0.086, G:0.078, G#:0.131, A:0.089, A#:0.052, B:0.056"
44126,"C:0.049, C#:0.187, D:0.102, D#:0.080, E:0.079, F:0.052, F#:0.056, G:0.060, G#:0.167, A:0.086, A#:0.045, B:0.038"
44195,"C:0.087, C#:0.127, D:0.060, D#:0.073, E:0.109, F:0.077, F#:0.115, G:0.080, G#:0.121, A:0.057, A#:0.039, B:0.056"
44196,"C:0.072, C#:0.090, D:0.154, D#:0.071, E:0.080, F:0.179, F#:0.043, G:0.047, G#:0.036, A:0.101, A#:0.081, B:0.045"
44197,"C:0.104, C#:0.080, D:0.065, D#:0.048, E:0.049, F:0.069, F#:0.051, G:0.062, G#:0.134, A:0.133, A#:0.096, B:0.109"
44198,"C:0.042, C#:0.031, D:0.051, D#:0.074, E:0.283, F:0.165, F#:0.089, G:0.061, G#:0.034, A:0.029, A#:0.034, B:0.107"
44207,"C:0.055, C#:0.093, D:0.223, D#:0.173, E:0.076, F:0.065, F#:0.042, G:0.027, G#:0.037, A:0.103, A#:0.064, B:0.041"
44277,"C:0.038, C#:0.088, D:0.256, D#:0.161, E:0.058, F:0.031, F#:0.041, G:0.109, G#:0.038, A:0.086, A#:0.058, B:0.036"
44278,"C:0.067, C#:0.057, D:0.049, D#:0.131, E:0.075, F:0.067, F#:0.054, G:0.115, G#:0.042, A:0.075, A#:0.197, B:0.072"
44279,"C:0.026, C#:0.067, D:0.042, D#:0.038, E:0.028, F:0.236, F#:0.038, G:0.025, G#:0.106, A:0.052, A#:0.300, B:0.041"
44282,"C:0.184, C#:0.094, D:0.088, D#:0.081, E:0.050, F:0.035, F#:0.044, G:0.041, G#:0.040, A:0.097, A#:0.082, B:0.163"
44283,"C:0.084, C#:0.070, D:0.079, D#:0.117, E:0.145, F:0.112, F#:0.083, G:0.057, G#:0.063, A:0.046, A#:0.050, B:0.093"
44285,"C:0.069, C#:0.112, D:0.095, D#:0.086, E:0.076, F:0.055, F#:0.058, G:0.082, G#:0.120, A:0.098, A#:0.080, B:0.067"
44286,"C:0.065, C#:0.125, D:0.120, D#:0.119, E:0.109, F:0.071, F#:0.059, G:0.072, G#:0.099, A:0.069, A#:0.049, B:0.044"
44401,"C:0.092, C#:0.071, D:0.045, D#:0.084, E:0.089, F:0.038, F#:0.093, G:0.073, G#:0.057, A:0.061, A#:0.055, B:0.244"
44423,"C:0.149, C#:0.043, D:0.074, D#:0.071, E:0.036, F:0.110, F#:0.059, G:0.124, G#:0.138, A:0.067, A#:0.065, B:0.065"
44799,"C:0.075, C#:0.064, D:0.069, D#:0.109, E:0.073, F:0.034, F#:0.039, G:0.074, G#:0.087, A:0.137, A#:0.114, B:0.127"
44801,"C:0.054, C#:0.135, D:0.104, D#:0.064, E:0.072, F:0.087, F#:0.194, G:0.093, G#:0.081, A:0.053, A#:0.026, B:0.038"
44821,"C:0.134, C#:0.432, D:0.133, D#:0.058, E:0.033, F:0.033, F#:0.014, G:0.040, G#:0.037, A:0.021, A#:0.027, B:0.038"
44822,"C:0.094, C#:0.419, D:0.186, D#:0.090, E:0.052, F:0.017, F#:0.014, G:0.016, G#:0.035, A:0.021, A#:0.021, B:0.035"
44823,"C:0.230, C#:0.375, D:0.073, D#:0.029, E:0.015, F:0.012, F#:0.016, G:0.063, G#:0.037, A:0.037, A#:0.070, B:0.043"
44886,"C:0.095, C#:0.360, D:0.074, D#:0.034, E:0.027, F:0.111, F#:0.127, G:0.020, G#:0.032, A:0.022, A#:0.062, B:0.036"
44896,"C:0.032, C#:0.096, D:0.058, D#:0.031, E:0.039, F:0.066, F#:0.155, G:0.139, G#:0.165, A:0.071, A#:0.116, B:0.031"
44954,"C:0.052, C#:0.040, D:0.121, D#:0.042, E:0.132, F:0.049, F#:0.064, G:0.099, G#:0.087, A:0.217, A#:0.044, B:0.052"
45012,"C:0.214, C#:0.048, D:0.240, D#:0.021, E:0.084, F:0.020, F#:0.018, G:0.152, G#:0.034, A:0.105, A#:0.016, B:0.046"
45060,"C:0.229, C#:0.043, D:0.112, D#:0.027, E:0.066, F:0.021, F#:0.029, G:0.323, G#:0.047, A:0.045, A#:0.019, B:0.040"
45099,"C:0.122, C#:0.063, D:0.083, D#:0.080, E:0.141, F:0.140, F#:0.069, G:0.044, G#:0.023, A:0.044, A#:0.053, B:0.138"
45100,"C:0.110, C#:0.108, D:0.164, D#:0.100, E:0.067, F:0.078, F#:0.056, G:0.040, G#:0.039, A:0.070, A#:0.103, B:0.064"
45101,"C:0.063, C#:0.033, D:0.048, D#:0.052, E:0.164, F:0.112, F#:0.061, G:0.097, G#:0.077, A:0.129, A#:0.086, B:0.079"
45103,"C:0.054, C#:0.061, D:0.045, D#:0.050, E:0.054, F:0.111, F#:0.137, G:0.097, G#:0.113, A:0.090, A#:0.116, B:0.072"
45141,"C:0.027, C#:0.024, D:0.142, D#:0.019, E:0.025, F:0.068, F#:0.057, G:0.168, G#:0.048, A:0.093, A#:0.260, B:0.068"
45166,"C:0.030, C#:0.062, D:0.052, D#:0.051, E:0.169, F:0.052, F#:0.112, G:0.042, G#:0.062, A:0.202, A#:0.066, B:0.100"
45275,"C:0.107, C#:0.065, D:0.057, D#:0.050, E:0.068, F:0.067, F#:0.096, G:0.047, G#:0.083, A:0.086, A#:0.062, B:0.212"
45320,"C:0.057, C#:0.019, D:0.051, D#:0.023, E:0.085, F:0.275, F#:0.064, G:0.113, G#:0.059, A:0.131, A#:0.099, B:0.024"
45331,"C:0.049, C#:0.038, D:0.136, D#:0.064, E:0.082, F:0.059, F#:0.057, G:0.199, G#:0.099, A:0.117, A#:0.049, B:0.051"
45332,"C:0.102, C#:0.061, D:0.194, D#:0.052, E:0.095, F:0.031, F#:0.049, G:0.232, G#:0.037, A:0.051, A#:0.037, B:0.058"
45334,"C:0.016, C#:0.062, D:0.119, D#:0.038, E:0.191, F:0.152, F#:0.152, G:0.110, G#:0.029, A:0.082, A#:0.026, B:0.021"
45513,"C:0.011, C#:0.019, D:0.544, D#:0.159, E:0.014, F:0.008, F#:0.038, G:0.069, G#:0.025, A:0.076, A#:0.019, B:0.017"
45514,"C:0.105, C#:0.038, D:0.057, D#:0.050, E:0.200, F:0.030, F#:0.092, G:0.135, G#:0.035, A:0.078, A#:0.034, B:0.146"
45515,"C:0.047, C#:0.058, D:0.128, D#:0.025, E:0.014, F:0.032, F#:0.225, G:0.066, G#:0.025, A:0.029, A#:0.038, B:0.313"
45517,"C:0.240, C#:0.029, D:0.007, D#:0.005, E:0.260, F:0.005, F#:0.007, G:0.259, G#:0.023, A:0.023, A#:0.006, B:0.137"
45518,"C:0.014, C#:0.099, D:0.248, D#:0.031, E:0.021, F:0.020, F#:0.081, G:0.085, G#:0.051, A:0.241, A#:0.033, B:0.077"
45519,"C:0.072, C#:0.011, D:0.013, D#:0.105, E:0.264, F:0.149, F#:0.077, G:0.046, G#:0.085, A:0.044, A#:0.028, B:0.107"
45520,"C:0.184, C#:0.034, D:0.230, D#:0.048, E:0.039, F:0.011, F#:0.045, G:0.163, G#:0.017, A:0.053, A#:0.026, B:0.150"
45521,"C:0.032, C#:0.042, D:0.132, D#:0.033, E:0.036, F:0.033, F#:0.114, G:0.156, G#:0.057, A:0.185, A#:0.050, B:0.130"
45522,"C:0.040, C#:0.022, D:0.147, D#:0.012, E:0.022, F:0.018, F#:0.058, G:0.021, G#:0.065, A:0.525, A#:0.035, B:0.035"
45523,"C:0.258, C#:0.044, D:0.086, D#:0.025, E:0.120, F:0.124, F#:0.024, G:0.099, G#:0.019, A:0.087, A#:0.016, B:0.097"
45562,"C:0.037, C#:0.051, D:0.029, D#:0.056, E:0.154, F:0.066, F#:0.152, G:0.055, G#:0.081, A:0.152, A#:0.058, B:0.109"
45563,"C:0.085, C#:0.187, D:0.059, D#:0.063, E:0.065, F:0.066, F#:0.134, G:0.073, G#:0.121, A:0.038, A#:0.046, B:0.062"
45565,"C:0.052, C#:0.034, D:0.051, D#:0.049, E:0.103, F:0.096, F#:0.076, G:0.104, G#:0.084, A:0.149, A#:0.092, B:0.109"
45566,"C:0.092, C#:0.083, D:0.083, D#:0.070, E:0.090, F:0.086, F#:0.085, G:0.097, G#:0.071, A:0.071, A#:0.091, B:0.081"
45567,"C:0.042, C#:0.048, D:0.134, D#:0.095, E:0.206, F:0.066, F#:0.040, G:0.048, G#:0.044, A:0.101, A#:0.086, B:0.090"
45568,"C:0.075, C#:0.060, D:0.036, D#:0.071, E:0.065, F:0.046, F#:0.083, G:0.064, G#:0.139, A:0.071, A#:0.091, B:0.199"
46070,"C:0.232, C#:0.075, D:0.058, D#:0.144, E:0.059, F:0.095, F#:0.048, G:0.084, G#:0.030, A:0.034, A#:0.056, B:0.084"
46088,"C:0.077, C#:0.087, D:0.204, D#:0.077, E:0.132, F:0.080, F#:0.035, G:0.027, G#:0.022, A:0.088, A#:0.060, B:0.112"
46091,"C:0.041, C#:0.061, D:0.126, D#:0.081, E:0.136, F:0.054, F#:0.082, G:0.033, G#:0.050, A:0.147, A#:0.069, B:0.120"
46126,"C:0.059, C#:0.088, D:0.066, D#:0.028, E:0.076, F:0.034, F#:0.076, G:0.032, G#:0.048, A:0.105, A#:0.071, B:0.318"
46129,"C:0.021, C#:0.035, D:0.025, D#:0.081, E:0.253, F:0.094, F#:0.061, G:0.050, G#:0.094, A:0.172, A#:0.055, B:0.060"
46146,"C:0.060, C#:0.067, D:0.065, D#:0.100, E:0.245, F:0.071, F#:0.049, G:0.039, G#:0.112, A:0.050, A#:0.039, B:0.103"
46334,"C:0.075, C#:0.108, D:0.135, D#:0.080, E:0.088, F:0.040, F#:0.035, G:0.062, G#:0.092, A:0.141, A#:0.085, B:0.059"
46339,"C:0.030, C#:0.035, D:0.064, D#:0.081, E:0.188, F:0.051, F#:0.036, G:0.060, G#:0.099, A:0.192, A#:0.065, B:0.099"
46362,"C:0.057, C#:0.076, D:0.039, D#:0.082, E:0.179, F:0.048, F#:0.091, G:0.069, G#:0.082, A:0.038, A#:0.054, B:0.184"
46365,"C:0.155, C#:0.043, D:0.059, D#:0.031, E:0.061, F:0.035, F#:0.036, G:0.137, G#:0.051, A:0.139, A#:0.155, B:0.098"
46508,"C:0.037, C#:0.086, D:0.049, D#:0.112, E:0.073, F:0.103, F#:0.128, G:0.036, G#:0.040, A:0.075, A#:0.220, B:0.042"
46514,"C:0.110, C#:0.108, D:0.164, D#:0.100, E:0.067, F:0.078, F#:0.056, G:0.040, G#:0.039, A:0.070, A#:0.103, B:0.064"
46546,"C:0.038, C#:0.056, D:0.198, D#:0.065, E:0.062, F:0.034, F#:0.038, G:0.061, G#:0.041, A:0.238, A#:0.097, B:0.072"
46547,"C:0.032, C#:0.033, D:0.135, D#:0.051, E:0.105, F:0.038, F#:0.038, G:0.118, G#:0.062, A:0.210, A#:0.071, B:0.108"
46548,"C:0.083, C#:0.057, D:0.289, D#:0.065, E:0.147, F:0.023, F#:0.036, G:0.069, G#:0.030, A:0.108, A#:0.023, B:0.070"
46549,"C:0.058, C#:0.041, D:0.017, D#:0.111, E:0.193, F:0.051, F#:0.018, G:0.014, G#:0.185, A:0.120, A#:0.031, B:0.160"
46550,"C:0.068, C#:0.047, D:0.086, D#:0.053, E:0.074, F:0.202, F#:0.069, G:0.071, G#:0.049, A:0.147, A#:0.093, B:0.041"
46551,"C:0.180, C#:0.029, D:0.093, D#:0.024, E:0.082, F:0.099, F#:0.044, G:0.283, G#:0.035, A:0.045, A#:0.019, B:0.068"
46552,"C:0.084, C#:0.021, D:0.061, D#:0.010, E:0.017, F:0.010, F#:0.048, G:0.145, G#:0.077, A:0.251, A#:0.065, B:0.211"
46553,"C:0.024, C#:0.027, D:0.014, D#:0.072, E:0.104, F:0.020, F#:0.139, G:0.032, G#:0.111, A:0.107, A#:0.077, B:0.272"
46728,"C:0.190, C#:0.075, D:0.061, D#:0.044, E:0.040, F:0.055, F#:0.093, G:0.142, G#:0.115, A:0.060, A#:0.054, B:0.071"
46729,"C:0.106, C#:0.038, D:0.105, D#:0.097, E:0.075, F:0.186, F#:0.067, G:0.136, G#:0.039, A:0.036, A#:0.069, B:0.047"
46735,"C:0.110, C#:0.072, D:0.196, D#:0.059, E:0.075, F:0.118, F#:0.039, G:0.034, G#:0.034, A:0.093, A#:0.112, B:0.058"
46736,"C:0.034, C#:0.096, D:0.138, D#:0.055, E:0.131, F:0.040, F#:0.144, G:0.080, G#:0.042, A:0.100, A#:0.025, B:0.116"
46737,"C:0.054, C#:0.099, D:0.129, D#:0.060, E:0.083, F:0.055, F#:0.082, G:0.049, G#:0.092, A:0.180, A#:0.066, B:0.050"
46738,"C:0.186, C#:0.075, D:0.073, D#:0.112, E:0.077, F:0.084, F#:0.060, G:0.097, G#:0.097, A:0.039, A#:0.036, B:0.064"
46757,"C:0.338, C#:0.078, D:0.040, D#:0.033, E:0.080, F:0.117, F#:0.060, G:0.104, G#:0.028, A:0.012, A#:0.024, B:0.085"
46785,"C:0.125, C#:0.054, D:0.056, D#:0.046, E:0.057, F:0.043, F#:0.040, G:0.058, G#:0.046, A:0.058, A#:0.153, B:0.263"
46786,"C:0.044, C#:0.050, D:0.194, D#:0.064, E:0.089, F:0.054, F#:0.078, G:0.119, G#:0.060, A:0.118, A#:0.071, B:0.060"
46787,"C:0.023, C#:0.146, D:0.017, D#:0.053, E:0.194, F:0.027, F#:0.150, G:0.024, G#:0.044, A:0.127, A#:0.030, B:0.165"
46788,"C:0.024, C#:0.022, D:0.059, D#:0.067, E:0.149, F:0.077, F#:0.155, G:0.208, G#:0.065, A:0.058, A#:0.032, B:0.084"
46789,"C:0.049, C#:0.332, D:0.074, D#:0.315, E:0.032, F:0.023, F#:0.011, G:0.038, G#:0.073, A:0.016, A#:0.020, B:0.017"
46790,"C:0.029, C#:0.123, D:0.025, D#:0.270, E:0.022, F:0.094, F#:0.191, G:0.020, G#:0.085, A:0.012, A#:0.122, B:0.008"
46791,"C:0.151, C#:0.039, D:0.130, D#:0.038, E:0.154, F:0.022, F#:0.067, G:0.153, G#:0.041, A:0.061, A#:0.024, B:0.120"
46793,"C:0.135, C#:0.034, D:0.077, D#:0.028, E:0.146, F:0.028, F#:0.108, G:0.107, G#:0.090, A:0.176, A#:0.027, B:0.045"
46796,"C:0.011, C#:0.023, D:0.242, D#:0.032, E:0.011, F:0.017, F#:0.110, G:0.248, G#:0.066, A:0.102, A#:0.023, B:0.114"
46839,"C:0.130, C#:0.063, D:0.037, D#:0.045, E:0.043, F:0.152, F#:0.127, G:0.080, G#:0.085, A:0.063, A#:0.088, B:0.087"
46841,"C:0.196, C#:0.144, D:0.131, D#:0.069, E:0.086, F:0.056, F#:0.055, G:0.110, G#:0.052, A:0.033, A#:0.022, B:0.044"
46842,"C:0.017, C#:0.023, D:0.116, D#:0.022, E:0.034, F:0.120, F#:0.186, G:0.190, G#:0.044, A:0.071, A#:0.039, B:0.138"
46843,"C:0.041, C#:0.127, D:0.019, D#:0.050, E:0.211, F:0.037, F#:0.069, G:0.016, G#:0.077, A:0.103, A#:0.038, B:0.213"
46844,"C:0.054, C#:0.041, D:0.124, D#:0.062, E:0.145, F:0.037, F#:0.040, G:0.124, G#:0.091, A:0.201, A#:0.043, B:0.038"
46845,"C:0.111, C#:0.026, D:0.062, D#:0.077, E:0.037, F:0.109, F#:0.035, G:0.150, G#:0.120, A:0.043, A#:0.162, B:0.069"
46847,"C:0.124, C#:0.039, D:0.048, D#:0.042, E:0.092, F:0.057, F#:0.171, G:0.138, G#:0.047, A:0.057, A#:0.048, B:0.138"
46848,"C:0.068, C#:0.081, D:0.094, D#:0.064, E:0.178, F:0.041, F#:0.072, G:0.031, G#:0.077, A:0.087, A#:0.040, B:0.167"
46850,"C:0.019, C#:0.124, D:0.166, D#:0.049, E:0.110, F:0.039, F#:0.149, G:0.062, G#:0.051, A:0.158, A#:0.037, B:0.038"
46852,"C:0.032, C#:0.035, D:0.143, D#:0.137, E:0.145, F:0.035, F#:0.047, G:0.126, G#:0.033, A:0.067, A#:0.038, B:0.164"
46853,"C:0.092, C#:0.014, D:0.064, D#:0.038, E:0.057, F:0.179, F#:0.061, G:0.146, G#:0.043, A:0.180, A#:0.103, B:0.022"
46854,"C:0.062, C#:0.030, D:0.090, D#:0.043, E:0.192, F:0.104, F#:0.074, G:0.045, G#:0.051, A:0.184, A#:0.039, B:0.085"
46855,"C:0.045, C#:0.021, D:0.026, D#:0.092, E:0.082, F:0.222, F#:0.111, G:0.094, G#:0.202, A:0.073, A#:0.020, B:0.014"
46856,"C:0.145, C#:0.059, D:0.062, D#:0.049, E:0.067, F:0.101, F#:0.098, G:0.093, G#:0.053, A:0.087, A#:0.065, B:0.121"
47023,"C:0.141, C#:0.050, D:0.114, D#:0.035, E:0.095, F:0.097, F#:0.034, G:0.066, G#:0.040, A:0.238, A#:0.042, B:0.048"
47035,"C:0.083, C#:0.040, D:0.164, D#:0.030, E:0.096, F:0.038, F#:0.057, G:0.291, G#:0.041, A:0.072, A#:0.013, B:0.074"
47041,"C:0.018, C#:0.020, D:0.126, D#:0.049, E:0.150, F:0.049, F#:0.118, G:0.154, G#:0.029, A:0.049, A#:0.026, B:0.212"
47042,"C:0.130, C#:0.033, D:0.111, D#:0.047, E:0.161, F:0.107, F#:0.022, G:0.034, G#:0.066, A:0.209, A#:0.026, B:0.054"
47043,"C:0.168, C#:0.124, D:0.054, D#:0.066, E:0.082, F:0.122, F#:0.052, G:0.052, G#:0.098, A:0.052, A#:0.063, B:0.067"
47044,"C:0.074, C#:0.078, D:0.138, D#:0.110, E:0.159, F:0.064, F#:0.066, G:0.073, G#:0.033, A:0.067, A#:0.039, B:0.099"
47068,"C:0.205, C#:0.093, D:0.097, D#:0.112, E:0.039, F:0.067, F#:0.032, G:0.126, G#:0.039, A:0.036, A#:0.067, B:0.086"
47069,"C:0.030, C#:0.030, D:0.022, D#:0.179, E:0.026, F:0.097, F#:0.167, G:0.061, G#:0.209, A:0.036, A#:0.059, B:0.084"
47070,"C:0.231, C#:0.067, D:0.106, D#:0.072, E:0.090, F:0.155, F#:0.027, G:0.063, G#:0.025, A:0.054, A#:0.061, B:0.050"
47071,"C:0.128, C#:0.026, D:0.131, D#:0.116, E:0.033, F:0.106, F#:0.029, G:0.077, G#:0.094, A:0.058, A#:0.163, B:0.039"
47072,"C:0.112, C#:0.037, D:0.204, D#:0.030, E:0.100, F:0.155, F#:0.026, G:0.046, G#:0.023, A:0.103, A#:0.098, B:0.065"
47073,"C:0.091, C#:0.061, D:0.184, D#:0.054, E:0.099, F:0.098, F#:0.039, G:0.070, G#:0.035, A:0.132, A#:0.075, B:0.061"
47075,"C:0.186, C#:0.038, D:0.148, D#:0.118, E:0.034, F:0.108, F#:0.031, G:0.135, G#:0.024, A:0.054, A#:0.080, B:0.046"
47076,"C:0.129, C#:0.062, D:0.213, D#:0.044, E:0.060, F:0.079, F#:0.022, G:0.038, G#:0.030, A:0.109, A#:0.136, B:0.079"
47077,"C:0.078, C#:0.028, D:0.103, D#:0.044, E:0.059, F:0.145, F#:0.052, G:0.088, G#:0.030, A:0.111, A#:0.227, B:0.035"
47237,"C:0.030, C#:0.080, D:0.028, D#:0.081, E:0.121, F:0.024, F#:0.060, G:0.030, G#:0.202, A:0.139, A#:0.071, B:0.134"
47238,"C:0.057, C#:0.077, D:0.133, D#:0.057, E:0.105, F:0.043, F#:0.073, G:0.103, G#:0.080, A:0.137, A#:0.052, B:0.084"
47240,"C:0.032, C#:0.077, D:0.291, D#:0.084, E:0.070, F:0.032, F#:0.098, G:0.036, G#:0.049, A:0.152, A#:0.048, B:0.031"
47242,"C:0.105, C#:0.064, D:0.116, D#:0.026, E:0.083, F:0.021, F#:0.035, G:0.133, G#:0.049, A:0.158, A#:0.110, B:0.101"
47243,"C:0.031, C#:0.040, D:0.024, D#:0.047, E:0.175, F:0.022, F#:0.040, G:0.021, G#:0.118, A:0.180, A#:0.071, B:0.231"
47245,"C:0.160, C#:0.117, D:0.042, D#:0.028, E:0.056, F:0.238, F#:0.037, G:0.087, G#:0.076, A:0.086, A#:0.047, B:0.027"
47343,"C:0.253, C#:0.089, D:0.060, D#:0.036, E:0.058, F:0.042, F#:0.051, G:0.167, G#:0.059, A:0.063, A#:0.038, B:0.084"
47347,"C:0.132, C#:0.053, D:0.102, D#:0.118, E:0.050, F:0.061, F#:0.049, G:0.096, G#:0.068, A:0.043, A#:0.188, B:0.039"
47365,"C:0.094, C#:0.023, D:0.140, D#:0.033, E:0.087, F:0.019, F#:0.075, G:0.121, G#:0.028, A:0.030, A#:0.034, B:0.317"
47366,"C:0.042, C#:0.025, D:0.113, D#:0.027, E:0.114, F:0.031, F#:0.110, G:0.235, G#:0.098, A:0.106, A#:0.024, B:0.076"
47368,"C:0.164, C#:0.031, D:0.077, D#:0.021, E:0.206, F:0.231, F#:0.020, G:0.134, G#:0.015, A:0.058, A#:0.015, B:0.029"
47369,"C:0.004, C#:0.032, D:0.029, D#:0.002, E:0.020, F:0.009, F#:0.377, G:0.017, G#:0.025, A:0.440, A#:0.029, B:0.017"
47371,"C:0.018, C#:0.024, D:0.087, D#:0.309, E:0.063, F:0.117, F#:0.037, G:0.126, G#:0.029, A:0.028, A#:0.135, B:0.027"
47454,"C:0.065, C#:0.037, D:0.102, D#:0.079, E:0.223, F:0.057, F#:0.041, G:0.092, G#:0.051, A:0.087, A#:0.047, B:0.120"
47464,"C:0.044, C#:0.053, D:0.060, D#:0.082, E:0.078, F:0.170, F#:0.071, G:0.043, G#:0.083, A:0.078, A#:0.172, B:0.066"
47475,"C:0.023, C#:0.100, D:0.157, D#:0.036, E:0.129, F:0.030, F#:0.104, G:0.054, G#:0.042, A:0.184, A#:0.037, B:0.104"
47477,"C:0.107, C#:0.032, D:0.182, D#:0.054, E:0.017, F:0.031, F#:0.049, G:0.139, G#:0.032, A:0.123, A#:0.180, B:0.055"
47478,"C:0.046, C#:0.107, D:0.076, D#:0.044, E:0.135, F:0.056, F#:0.137, G:0.079, G#:0.052, A:0.118, A#:0.041, B:0.108"
47479,"C:0.030, C#:0.136, D:0.147, D#:0.024, E:0.089, F:0.031, F#:0.126, G:0.041, G#:0.036, A:0.136, A#:0.078, B:0.128"
47480,"C:0.059, C#:0.019, D:0.113, D#:0.034, E:0.096, F:0.077, F#:0.082, G:0.342, G#:0.054, A:0.078, A#:0.016, B:0.029"
47481,"C:0.034, C#:0.023, D:0.045, D#:0.089, E:0.391, F:0.088, F#:0.044, G:0.021, G#:0.057, A:0.034, A#:0.034, B:0.139"
47482,"C:0.037, C#:0.049, D:0.068, D#:0.083, E:0.176, F:0.091, F#:0.089, G:0.130, G#:0.083, A:0.080, A#:0.049, B:0.065"
47483,"C:0.042, C#:0.142, D:0.033, D#:0.061, E:0.125, F:0.031, F#:0.084, G:0.067, G#:0.130, A:0.156, A#:0.045, B:0.086"
47515,"C:0.108, C#:0.022, D:0.067, D#:0.043, E:0.150, F:0.040, F#:0.042, G:0.144, G#:0.034, A:0.134, A#:0.033, B:0.184"
47559,"C:0.040, C#:0.140, D:0.051, D#:0.071, E:0.118, F:0.030, F#:0.165, G:0.027, G#:0.045, A:0.034, A#:0.056, B:0.224"
47562,"C:0.116, C#:0.104, D:0.079, D#:0.066, E:0.093, F:0.157, F#:0.064, G:0.058, G#:0.068, A:0.056, A#:0.082, B:0.056"
47604,"C:0.052, C#:0.076, D:0.125, D#:0.069, E:0.119, F:0.101, F#:0.138, G:0.095, G#:0.049, A:0.109, A#:0.031, B:0.036"
47609,"C:0.033, C#:0.077, D:0.095, D#:0.188, E:0.096, F:0.163, F#:0.215, G:0.032, G#:0.016, A:0.015, A#:0.028, B:0.042"
47612,"C:0.087, C#:0.041, D:0.044, D#:0.087, E:0.150, F:0.268, F#:0.141, G:0.048, G#:0.030, A:0.025, A#:0.048, B:0.031"
47661,"C:0.156, C#:0.088, D:0.073, D#:0.027, E:0.042, F:0.048, F#:0.058, G:0.124, G#:0.078, A:0.113, A#:0.075, B:0.118"
47662,"C:0.036, C#:0.081, D:0.124, D#:0.041, E:0.121, F:0.036, F#:0.081, G:0.082, G#:0.064, A:0.225, A#:0.050, B:0.061"
47676,"C:0.064, C#:0.063, D:0.188, D#:0.033, E:0.090, F:0.039, F#:0.146, G:0.061, G#:0.059, A:0.180, A#:0.035, B:0.041"
47739,"C:0.065, C#:0.098, D:0.127, D#:0.066, E:0.153, F:0.038, F#:0.042, G:0.024, G#:0.047, A:0.150, A#:0.069, B:0.121"
47740,"C:0.133, C#:0.064, D:0.060, D#:0.058, E:0.168, F:0.100, F#:0.052, G:0.084, G#:0.042, A:0.107, A#:0.052, B:0.081"
47742,"C:0.109, C#:0.047, D:0.032, D#:0.060, E:0.167, F:0.072, F#:0.044, G:0.061, G#:0.057, A:0.171, A#:0.074, B:0.106"
47767,"C:0.116, C#:0.273, D:0.040, D#:0.030, E:0.025, F:0.199, F#:0.026, G:0.074, G#:0.075, A:0.022, A#:0.090, B:0.031"
47771,"C:0.149, C#:0.060, D:0.098, D#:0.053, E:0.111, F:0.075, F#:0.038, G:0.155, G#:0.035, A:0.080, A#:0.027, B:0.120"
47860,"C:0.037, C#:0.073, D:0.031, D#:0.212, E:0.071, F:0.020, F#:0.114, G:0.027, G#:0.089, A:0.013, A#:0.071, B:0.241"
47894,"C:0.097, C#:0.061, D:0.077, D#:0.065, E:0.091, F:0.165, F#:0.058, G:0.039, G#:0.040, A:0.110, A#:0.130, B:0.066"
47915,"C:0.110, C#:0.105, D:0.245, D#:0.078, E:0.072, F:0.053, F#:0.041, G:0.050, G#:0.038, A:0.106, A#:0.048, B:0.055"
47916,"C:0.232, C#:0.075, D:0.058, D#:0.144, E:0.059, F:0.095, F#:0.048, G:0.084, G#:0.030, A:0.034, A#:0.056, B:0.084"
47917,"C:0.158, C#:0.055, D:0.035, D#:0.032, E:0.053, F:0.047, F#:0.043, G:0.082, G#:0.108, A:0.145, A#:0.129, B:0.113"
47919,"C:0.066, C#:0.036, D:0.090, D#:0.065, E:0.101, F:0.147, F#:0.083, G:0.097, G#:0.069, A:0.102, A#:0.114, B:0.032"
47920,"C:0.030, C#:0.026, D:0.025, D#:0.055, E:0.177, F:0.034, F#:0.035, G:0.075, G#:0.084, A:0.296, A#:0.089, B:0.072"
47921,"C:0.046, C#:0.033, D:0.064, D#:0.038, E:0.056, F:0.142, F#:0.087, G:0.124, G#:0.064, A:0.095, A#:0.182, B:0.070"
47922,"C:0.106, C#:0.035, D:0.057, D#:0.032, E:0.123, F:0.076, F#:0.051, G:0.162, G#:0.043, A:0.130, A#:0.050, B:0.136"
47923,"C:0.157, C#:0.054, D:0.171, D#:0.039, E:0.085, F:0.208, F#:0.041, G:0.031, G#:0.029, A:0.105, A#:0.032, B:0.046"
47924,"C:0.190, C#:0.058, D:0.062, D#:0.044, E:0.141, F:0.101, F#:0.047, G:0.106, G#:0.034, A:0.096, A#:0.045, B:0.075"
47955,"C:0.053, C#:0.060, D:0.124, D#:0.074, E:0.099, F:0.247, F#:0.118, G:0.050, G#:0.028, A:0.065, A#:0.036, B:0.046"
48002,"C:0.033, C#:0.110, D:0.021, D#:0.098, E:0.186, F:0.018, F#:0.045, G:0.021, G#:0.182, A:0.078, A#:0.031, B:0.177"
48003,"C:0.166, C#:0.072, D:0.065, D#:0.046, E:0.080, F:0.077, F#:0.039, G:0.172, G#:0.130, A:0.055, A#:0.048, B:0.050"
48006,"C:0.065, C#:0.090, D:0.030, D#:0.131, E:0.022, F:0.051, F#:0.026, G:0.030, G#:0.150, A:0.117, A#:0.246, B:0.043"
48055,"C:0.069, C#:0.064, D:0.021, D#:0.043, E:0.157, F:0.029, F#:0.040, G:0.024, G#:0.104, A:0.101, A#:0.061, B:0.286"
48056,"C:0.098, C#:0.036, D:0.033, D#:0.025, E:0.092, F:0.211, F#:0.043, G:0.033, G#:0.060, A:0.183, A#:0.116, B:0.070"
48057,"C:0.205, C#:0.104, D:0.087, D#:0.089, E:0.028, F:0.027, F#:0.024, G:0.054, G#:0.084, A:0.059, A#:0.104, B:0.136"
48058,"C:0.151, C#:0.065, D:0.093, D#:0.057, E:0.129, F:0.043, F#:0.050, G:0.114, G#:0.038, A:0.044, A#:0.060, B:0.157"
48059,"C:0.143, C#:0.014, D:0.046, D#:0.017, E:0.051, F:0.221, F#:0.032, G:0.155, G#:0.038, A:0.166, A#:0.094, B:0.023"
48060,"C:0.041, C#:0.045, D:0.018, D#:0.069, E:0.201, F:0.032, F#:0.048, G:0.031, G#:0.236, A:0.119, A#:0.043, B:0.119"
48062,"C:0.181, C#:0.085, D:0.138, D#:0.030, E:0.024, F:0.028, F#:0.072, G:0.165, G#:0.046, A:0.051, A#:0.070, B:0.111"
48063,"C:0.134, C#:0.024, D:0.041, D#:0.027, E:0.169, F:0.060, F#:0.031, G:0.179, G#:0.069, A:0.204, A#:0.023, B:0.039"
48119,"C:0.027, C#:0.045, D:0.294, D#:0.053, E:0.023, F:0.035, F#:0.078, G:0.300, G#:0.048, A:0.034, A#:0.043, B:0.019"
48123,"C:0.285, C#:0.138, D:0.147, D#:0.083, E:0.042, F:0.066, F#:0.028, G:0.064, G#:0.047, A:0.010, A#:0.036, B:0.053"
48125,"C:0.018, C#:0.159, D:0.020, D#:0.180, E:0.052, F:0.027, F#:0.098, G:0.037, G#:0.184, A:0.022, A#:0.158, B:0.044"
48139,"C:0.018, C#:0.068, D:0.156, D#:0.013, E:0.057, F:0.025, F#:0.218, G:0.062, G#:0.054, A:0.247, A#:0.032, B:0.048"
48140,"C:0.114, C#:0.053, D:0.102, D#:0.048, E:0.042, F:0.026, F#:0.050, G:0.122, G#:0.100, A:0.154, A#:0.068, B:0.120"
48141,"C:0.058, C#:0.065, D:0.157, D#:0.051, E:0.035, F:0.027, F#:0.078, G:0.194, G#:0.115, A:0.115, A#:0.042, B:0.063"
48142,"C:0.200, C#:0.061, D:0.058, D#:0.069, E:0.122, F:0.093, F#:0.046, G:0.128, G#:0.042, A:0.069, A#:0.043, B:0.067"
48143,"C:0.050, C#:0.072, D:0.116, D#:0.055, E:0.086, F:0.062, F#:0.064, G:0.049, G#:0.091, A:0.191, A#:0.090, B:0.075"
48144,"C:0.039, C#:0.092, D:0.205, D#:0.037, E:0.053, F:0.041, F#:0.049, G:0.071, G#:0.066, A:0.184, A#:0.122, B:0.041"
48145,"C:0.165, C#:0.035, D:0.098, D#:0.022, E:0.057, F:0.097, F#:0.054, G:0.232, G#:0.063, A:0.083, A#:0.032, B:0.062"
48146,"C:0.097, C#:0.049, D:0.119, D#:0.068, E:0.090, F:0.037, F#:0.061, G:0.127, G#:0.050, A:0.068, A#:0.105, B:0.129"
48147,"C:0.040, C#:0.035, D:0.071, D#:0.185, E:0.127, F:0.091, F#:0.042, G:0.067, G#:0.092, A:0.063, A#:0.141, B:0.046"
48148,"C:0.031, C#:0.090, D:0.200, D#:0.150, E:0.096, F:0.037, F#:0.074, G:0.042, G#:0.045, A:0.147, A#:0.042, B:0.046"
48149,"C:0.089, C#:0.055, D:0.135, D#:0.028, E:0.059, F:0.043, F#:0.151, G:0.228, G#:0.037, A:0.044, A#:0.044, B:0.089"
48173,"C:0.053, C#:0.084, D:0.054, D#:0.037, E:0.106, F:0.319, F#:0.117, G:0.033, G#:0.020, A:0.025, A#:0.074, B:0.078"
48175,"C:0.047, C#:0.023, D:0.103, D#:0.115, E:0.039, F:0.120, F#:0.056, G:0.165, G#:0.134, A:0.062, A#:0.100, B:0.037"
48176,"C:0.025, C#:0.019, D:0.046, D#:0.054, E:0.155, F:0.091, F#:0.079, G:0.076, G#:0.087, A:0.252, A#:0.063, B:0.055"
48177,"C:0.055, C#:0.102, D:0.087, D#:0.037, E:0.142, F:0.089, F#:0.092, G:0.059, G#:0.105, A:0.144, A#:0.028, B:0.061"
48178,"C:0.018, C#:0.026, D:0.036, D#:0.104, E:0.115, F:0.057, F#:0.163, G:0.198, G#:0.046, A:0.045, A#:0.096, B:0.096"
48180,"C:0.124, C#:0.038, D:0.073, D#:0.057, E:0.028, F:0.135, F#:0.048, G:0.167, G#:0.034, A:0.038, A#:0.212, B:0.044"
48182,"C:0.010, C#:0.011, D:0.027, D#:0.136, E:0.063, F:0.018, F#:0.022, G:0.065, G#:0.370, A:0.207, A#:0.049, B:0.022"
48183,"C:0.089, C#:0.044, D:0.118, D#:0.044, E:0.112, F:0.116, F#:0.080, G:0.165, G#:0.058, A:0.095, A#:0.030, B:0.048"
48184,"C:0.050, C#:0.079, D:0.100, D#:0.089, E:0.159, F:0.087, F#:0.086, G:0.086, G#:0.077, A:0.073, A#:0.059, B:0.055"
48185,"C:0.193, C#:0.097, D:0.059, D#:0.051, E:0.022, F:0.027, F#:0.057, G:0.260, G#:0.136, A:0.031, A#:0.024, B:0.044"
48186,"C:0.211, C#:0.094, D:0.063, D#:0.084, E:0.025, F:0.025, F#:0.036, G:0.231, G#:0.113, A:0.022, A#:0.022, B:0.073"
48187,"C:0.126, C#:0.065, D:0.142, D#:0.111, E:0.110, F:0.086, F#:0.069, G:0.060, G#:0.032, A:0.050, A#:0.048, B:0.100"
48188,"C:0.060, C#:0.031, D:0.017, D#:0.016, E:0.024, F:0.050, F#:0.032, G:0.043, G#:0.079, A:0.144, A#:0.330, B:0.175"
48189,"C:0.065, C#:0.133, D:0.156, D#:0.095, E:0.084, F:0.170, F#:0.096, G:0.021, G#:0.012, A:0.014, A#:0.071, B:0.084"
48194,"C:0.134, C#:0.014, D:0.152, D#:0.018, E:0.187, F:0.080, F#:0.025, G:0.117, G#:0.025, A:0.148, A#:0.015, B:0.084"
48195,"C:0.030, C#:0.115, D:0.047, D#:0.038, E:0.050, F:0.085, F#:0.149, G:0.064, G#:0.142, A:0.138, A#:0.058, B:0.082"
48198,"C:0.088, C#:0.103, D:0.307, D#:0.163, E:0.144, F:0.049, F#:0.020, G:0.019, G#:0.016, A:0.024, A#:0.025, B:0.042"
48199,"C:0.119, C#:0.068, D:0.047, D#:0.030, E:0.138, F:0.105, F#:0.049, G:0.137, G#:0.094, A:0.126, A#:0.052, B:0.036"
48202,"C:0.041, C#:0.024, D:0.110, D#:0.027, E:0.053, F:0.082, F#:0.072, G:0.234, G#:0.094, A:0.150, A#:0.086, B:0.027"
48203,"C:0.056, C#:0.045, D:0.117, D#:0.050, E:0.070, F:0.102, F#:0.080, G:0.151, G#:0.122, A:0.122, A#:0.049, B:0.036"
48204,"C:0.046, C#:0.073, D:0.052, D#:0.077, E:0.108, F:0.085, F#:0.088, G:0.147, G#:0.156, A:0.071, A#:0.050, B:0.047"
48205,"C:0.060, C#:0.045, D:0.079, D#:0.042, E:0.043, F:0.052, F#:0.091, G:0.202, G#:0.160, A:0.113, A#:0.066, B:0.047"
48206,"C:0.019, C#:0.041, D:0.084, D#:0.310, E:0.250, F:0.070, F#:0.053, G:0.047, G#:0.034, A:0.020, A#:0.052, B:0.021"
48216,"C:0.102, C#:0.054, D:0.061, D#:0.068, E:0.048, F:0.049, F#:0.084, G:0.141, G#:0.174, A:0.082, A#:0.055, B:0.082"
48223,"C:0.108, C#:0.090, D:0.123, D#:0.066, E:0.119, F:0.153, F#:0.043, G:0.034, G#:0.066, A:0.116, A#:0.026, B:0.056"
48241,"C:0.319, C#:0.030, D:0.082, D#:0.017, E:0.037, F:0.029, F#:0.023, G:0.106, G#:0.028, A:0.164, A#:0.023, B:0.142"
48242,"C:0.015, C#:0.061, D:0.021, D#:0.152, E:0.020, F:0.108, F#:0.159, G:0.042, G#:0.150, A:0.046, A#:0.208, B:0.020"
48243,"C:0.039, C#:0.016, D:0.060, D#:0.010, E:0.037, F:0.014, F#:0.058, G:0.201, G#:0.153, A:0.244, A#:0.050, B:0.118"
48244,"C:0.033, C#:0.177, D:0.021, D#:0.021, E:0.107, F:0.036, F#:0.164, G:0.029, G#:0.090, A:0.110, A#:0.033, B:0.179"
48245,"C:0.007, C#:0.009, D:0.028, D#:0.023, E:0.106, F:0.030, F#:0.119, G:0.275, G#:0.110, A:0.207, A#:0.038, B:0.046"
48247,"C:0.140, C#:0.070, D:0.279, D#:0.074, E:0.319, F:0.056, F#:0.010, G:0.021, G#:0.007, A:0.006, A#:0.003, B:0.015"
48248,"C:0.031, C#:0.011, D:0.031, D#:0.012, E:0.029, F:0.017, F#:0.086, G:0.381, G#:0.167, A:0.137, A#:0.040, B:0.057"
48249,"C:0.004, C#:0.007, D:0.168, D#:0.161, E:0.021, F:0.131, F#:0.020, G:0.215, G#:0.009, A:0.011, A#:0.245, B:0.009"
48290,"C:0.112, C#:0.106, D:0.167, D#:0.098, E:0.067, F:0.077, F#:0.055, G:0.039, G#:0.039, A:0.070, A#:0.105, B:0.065"
48291,"C:0.095, C#:0.063, D:0.069, D#:0.057, E:0.061, F:0.043, F#:0.076, G:0.134, G#:0.089, A:0.088, A#:0.098, B:0.128"
48293,"C:0.118, C#:0.051, D:0.063, D#:0.034, E:0.073, F:0.093, F#:0.068, G:0.141, G#:0.065, A:0.103, A#:0.076, B:0.116"
48294,"C:0.074, C#:0.042, D:0.153, D#:0.064, E:0.032, F:0.070, F#:0.068, G:0.176, G#:0.067, A:0.076, A#:0.120, B:0.059"
48297,"C:0.108, C#:0.080, D:0.184, D#:0.137, E:0.086, F:0.114, F#:0.038, G:0.054, G#:0.032, A:0.054, A#:0.062, B:0.050"
48612,"C:0.007, C#:0.073, D:0.109, D#:0.006, E:0.054, F:0.006, F#:0.011, G:0.014, G#:0.059, A:0.515, A#:0.065, B:0.080"
48615,"C:0.027, C#:0.037, D:0.052, D#:0.074, E:0.264, F:0.059, F#:0.073, G:0.048, G#:0.073, A:0.197, A#:0.055, B:0.042"
48616,"C:0.047, C#:0.044, D:0.084, D#:0.076, E:0.167, F:0.044, F#:0.060, G:0.047, G#:0.042, A:0.111, A#:0.070, B:0.207"
48618,"C:0.068, C#:0.074, D:0.156, D#:0.064, E:0.041, F:0.042, F#:0.056, G:0.159, G#:0.071, A:0.063, A#:0.139, B:0.067"
48619,"C:0.112, C#:0.016, D:0.125, D#:0.034, E:0.091, F:0.086, F#:0.116, G:0.148, G#:0.035, A:0.141, A#:0.046, B:0.051"
48620,"C:0.032, C#:0.038, D:0.183, D#:0.036, E:0.049, F:0.166, F#:0.050, G:0.151, G#:0.043, A:0.202, A#:0.029, B:0.020"
48621,"C:0.026, C#:0.097, D:0.017, D#:0.122, E:0.054, F:0.052, F#:0.215, G:0.019, G#:0.095, A:0.014, A#:0.093, B:0.197"
48622,"C:0.048, C#:0.060, D:0.027, D#:0.082, E:0.115, F:0.044, F#:0.151, G:0.022, G#:0.071, A:0.021, A#:0.073, B:0.285"
48789,"C:0.003, C#:0.016, D:0.016, D#:0.185, E:0.089, F:0.008, F#:0.097, G:0.051, G#:0.238, A:0.112, A#:0.135, B:0.050"
48957,"C:0.053, C#:0.068, D:0.128, D#:0.114, E:0.182, F:0.081, F#:0.086, G:0.052, G#:0.048, A:0.078, A#:0.063, B:0.046"
48961,"C:0.069, C#:0.111, D:0.180, D#:0.049, E:0.049, F:0.081, F#:0.166, G:0.029, G#:0.034, A:0.083, A#:0.072, B:0.076"
48969,"C:0.176, C#:0.088, D:0.129, D#:0.042, E:0.095, F:0.057, F#:0.059, G:0.132, G#:0.052, A:0.047, A#:0.038, B:0.088"
49088,"C:0.127, C#:0.040, D:0.021, D#:0.041, E:0.121, F:0.126, F#:0.147, G:0.125, G#:0.064, A:0.083, A#:0.031, B:0.075"
49090,"C:0.078, C#:0.039, D:0.178, D#:0.084, E:0.037, F:0.039, F#:0.081, G:0.216, G#:0.058, A:0.075, A#:0.076, B:0.040"
49093,"C:0.066, C#:0.102, D:0.117, D#:0.048, E:0.176, F:0.043, F#:0.094, G:0.124, G#:0.091, A:0.049, A#:0.045, B:0.046"
49097,"C:0.128, C#:0.041, D:0.154, D#:0.029, E:0.063, F:0.120, F#:0.050, G:0.050, G#:0.029, A:0.132, A#:0.149, B:0.055"
49098,"C:0.032, C#:0.044, D:0.182, D#:0.036, E:0.108, F:0.093, F#:0.041, G:0.093, G#:0.076, A:0.138, A#:0.099, B:0.059"
49132,"C:0.062, C#:0.033, D:0.087, D#:0.030, E:0.047, F:0.117, F#:0.079, G:0.079, G#:0.107, A:0.217, A#:0.066, B:0.077"
49296,"C:0.040, C#:0.043, D:0.070, D#:0.054, E:0.131, F:0.219, F#:0.101, G:0.099, G#:0.086, A:0.071, A#:0.049, B:0.037"
49430,"C:0.079, C#:0.047, D:0.176, D#:0.039, E:0.055, F:0.037, F#:0.084, G:0.226, G#:0.061, A:0.076, A#:0.030, B:0.088"
49438,"C:0.305, C#:0.052, D:0.046, D#:0.023, E:0.134, F:0.081, F#:0.022, G:0.140, G#:0.064, A:0.025, A#:0.018, B:0.091"
49637,"C:0.055, C#:0.114, D:0.179, D#:0.104, E:0.101, F:0.039, F#:0.024, G:0.025, G#:0.052, A:0.159, A#:0.095, B:0.052"
49638,"C:0.088, C#:0.075, D:0.040, D#:0.047, E:0.059, F:0.117, F#:0.065, G:0.052, G#:0.069, A:0.094, A#:0.196, B:0.098"
49639,"C:0.023, C#:0.066, D:0.123, D#:0.046, E:0.143, F:0.033, F#:0.073, G:0.113, G#:0.082, A:0.208, A#:0.050, B:0.040"
49640,"C:0.085, C#:0.050, D:0.076, D#:0.095, E:0.180, F:0.078, F#:0.069, G:0.048, G#:0.046, A:0.051, A#:0.062, B:0.160"
49641,"C:0.077, C#:0.056, D:0.064, D#:0.065, E:0.072, F:0.050, F#:0.064, G:0.069, G#:0.102, A:0.189, A#:0.103, B:0.090"
49642,"C:0.093, C#:0.052, D:0.084, D#:0.071, E:0.137, F:0.053, F#:0.043, G:0.065, G#:0.042, A:0.052, A#:0.115, B:0.193"
49643,"C:0.017, C#:0.020, D:0.029, D#:0.043, E:0.196, F:0.051, F#:0.141, G:0.222, G#:0.044, A:0.078, A#:0.029, B:0.129"
49830,"C:0.058, C#:0.025, D:0.045, D#:0.063, E:0.236, F:0.126, F#:0.045, G:0.098, G#:0.055, A:0.143, A#:0.032, B:0.075"
49831,"C:0.165, C#:0.062, D:0.162, D#:0.033, E:0.018, F:0.022, F#:0.057, G:0.228, G#:0.083, A:0.076, A#:0.034, B:0.060"
49832,"C:0.214, C#:0.046, D:0.022, D#:0.015, E:0.029, F:0.075, F#:0.088, G:0.283, G#:0.076, A:0.051, A#:0.049, B:0.051"
49833,"C:0.020, C#:0.051, D:0.039, D#:0.046, E:0.184, F:0.085, F#:0.068, G:0.122, G#:0.105, A:0.199, A#:0.052, B:0.030"
49836,"C:0.060, C#:0.058, D:0.122, D#:0.059, E:0.089, F:0.068, F#:0.104, G:0.144, G#:0.098, A:0.090, A#:0.057, B:0.050"
49837,"C:0.025, C#:0.046, D:0.090, D#:0.032, E:0.050, F:0.158, F#:0.101, G:0.097, G#:0.082, A:0.090, A#:0.182, B:0.047"
49838,"C:0.189, C#:0.032, D:0.031, D#:0.021, E:0.138, F:0.093, F#:0.045, G:0.242, G#:0.046, A:0.084, A#:0.023, B:0.055"
49842,"C:0.247, C#:0.028, D:0.049, D#:0.051, E:0.144, F:0.032, F#:0.022, G:0.072, G#:0.056, A:0.180, A#:0.025, B:0.094"
49847,"C:0.014, C#:0.026, D:0.038, D#:0.165, E:0.139, F:0.061, F#:0.273, G:0.037, G#:0.050, A:0.011, A#:0.052, B:0.135"
49848,"C:0.237, C#:0.021, D:0.039, D#:0.254, E:0.015, F:0.027, F#:0.012, G:0.125, G#:0.068, A:0.015, A#:0.160, B:0.027"
49849,"C:0.062, C#:0.266, D:0.091, D#:0.031, E:0.197, F:0.012, F#:0.026, G:0.022, G#:0.043, A:0.206, A#:0.015, B:0.028"
50048,"C:0.122, C#:0.050, D:0.075, D#:0.099, E:0.198, F:0.058, F#:0.067, G:0.102, G#:0.043, A:0.068, A#:0.032, B:0.088"
50049,"C:0.031, C#:0.023, D:0.225, D#:0.070, E:0.151, F:0.065, F#:0.034, G:0.205, G#:0.051, A:0.055, A#:0.019, B:0.071"
50051,"C:0.040, C#:0.070, D:0.115, D#:0.070, E:0.081, F:0.074, F#:0.168, G:0.126, G#:0.062, A:0.068, A#:0.041, B:0.086"
50053,"C:0.061, C#:0.045, D:0.161, D#:0.087, E:0.169, F:0.127, F#:0.049, G:0.086, G#:0.037, A:0.036, A#:0.101, B:0.042"
50054,"C:0.076, C#:0.015, D:0.033, D#:0.044, E:0.210, F:0.076, F#:0.157, G:0.111, G#:0.020, A:0.058, A#:0.028, B:0.171"
50055,"C:0.026, C#:0.042, D:0.245, D#:0.030, E:0.114, F:0.028, F#:0.219, G:0.108, G#:0.019, A:0.086, A#:0.018, B:0.066"
50061,"C:0.041, C#:0.196, D:0.051, D#:0.023, E:0.152, F:0.020, F#:0.248, G:0.022, G#:0.125, A:0.039, A#:0.020, B:0.063"
50092,"C:0.041, C#:0.027, D:0.104, D#:0.012, E:0.054, F:0.023, F#:0.179, G:0.202, G#:0.060, A:0.069, A#:0.022, B:0.207"
50096,"C:0.017, C#:0.021, D:0.163, D#:0.016, E:0.058, F:0.012, F#:0.091, G:0.125, G#:0.090, A:0.257, A#:0.038, B:0.115"
50099,"C:0.042, C#:0.137, D:0.210, D#:0.106, E:0.199, F:0.068, F#:0.053, G:0.027, G#:0.044, A:0.021, A#:0.026, B:0.067"
50267,"C:0.076, C#:0.069, D:0.153, D#:0.074, E:0.098, F:0.062, F#:0.030, G:0.051, G#:0.062, A:0.180, A#:0.095, B:0.050"
50272,"C:0.053, C#:0.034, D:0.049, D#:0.071, E:0.191, F:0.086, F#:0.079, G:0.151, G#:0.074, A:0.040, A#:0.051, B:0.121"
50282,"C:0.145, C#:0.176, D:0.235, D#:0.114, E:0.049, F:0.022, F#:0.025, G:0.046, G#:0.032, A:0.039, A#:0.037, B:0.080"
50298,"C:0.093, C#:0.056, D:0.022, D#:0.034, E:0.095, F:0.052, F#:0.116, G:0.047, G#:0.040, A:0.060, A#:0.070, B:0.315"
50370,"C:0.057, C#:0.030, D:0.094, D#:0.124, E:0.031, F:0.173, F#:0.040, G:0.233, G#:0.082, A:0.025, A#:0.089, B:0.022"
50419,"C:0.274, C#:0.044, D:0.123, D#:0.025, E:0.163, F:0.033, F#:0.025, G:0.189, G#:0.023, A:0.007, A#:0.015, B:0.079"
50423,"C:0.139, C#:0.053, D:0.090, D#:0.041, E:0.085, F:0.149, F#:0.052, G:0.142, G#:0.048, A:0.124, A#:0.034, B:0.043"
50424,"C:0.026, C#:0.027, D:0.295, D#:0.026, E:0.020, F:0.189, F#:0.029, G:0.139, G#:0.024, A:0.125, A#:0.091, B:0.008"
50450,"C:0.172, C#:0.052, D:0.098, D#:0.038, E:0.182, F:0.131, F#:0.038, G:0.054, G#:0.020, A:0.132, A#:0.027, B:0.057"
50451,"C:0.084, C#:0.071, D:0.097, D#:0.042, E:0.073, F:0.045, F#:0.138, G:0.139, G#:0.055, A:0.122, A#:0.048, B:0.086"
50453,"C:0.075, C#:0.059, D:0.035, D#:0.055, E:0.036, F:0.066, F#:0.128, G:0.087, G#:0.158, A:0.089, A#:0.105, B:0.107"
50454,"C:0.045, C#:0.040, D:0.083, D#:0.153, E:0.186, F:0.196, F#:0.092, G:0.066, G#:0.033, A:0.040, A#:0.042, B:0.025"
50455,"C:0.084, C#:0.058, D:0.104, D#:0.098, E:0.148, F:0.076, F#:0.087, G:0.143, G#:0.046, A:0.051, A#:0.036, B:0.069"
50456,"C:0.049, C#:0.160, D:0.031, D#:0.051, E:0.129, F:0.075, F#:0.183, G:0.055, G#:0.097, A:0.086, A#:0.030, B:0.054"
50457,"C:0.076, C#:0.110, D:0.048, D#:0.053, E:0.049, F:0.056, F#:0.081, G:0.064, G#:0.108, A:0.085, A#:0.094, B:0.176"
50464,"C:0.093, C#:0.040, D:0.151, D#:0.026, E:0.014, F:0.026, F#:0.147, G:0.236, G#:0.057, A:0.056, A#:0.034, B:0.121"
50539,"C:0.121, C#:0.022, D:0.013, D#:0.034, E:0.266, F:0.206, F#:0.039, G:0.160, G#:0.022, A:0.072, A#:0.017, B:0.027"
50544,"C:0.331, C#:0.093, D:0.031, D#:0.025, E:0.041, F:0.102, F#:0.044, G:0.137, G#:0.033, A:0.046, A#:0.032, B:0.086"
50595,"C:0.106, C#:0.057, D:0.162, D#:0.086, E:0.084, F:0.159, F#:0.040, G:0.078, G#:0.028, A:0.066, A#:0.085, B:0.050"
50619,"C:0.012, C#:0.071, D:0.234, D#:0.030, E:0.072, F:0.037, F#:0.196, G:0.104, G#:0.086, A:0.057, A#:0.037, B:0.065"
50623,"C:0.018, C#:0.075, D:0.182, D#:0.017, E:0.058, F:0.021, F#:0.222, G:0.063, G#:0.022, A:0.094, A#:0.042, B:0.185"
50723,"C:0.140, C#:0.085, D:0.087, D#:0.084, E:0.145, F:0.094, F#:0.084, G:0.089, G#:0.038, A:0.055, A#:0.029, B:0.070"
50724,"C:0.214, C#:0.107, D:0.087, D#:0.046, E:0.134, F:0.033, F#:0.020, G:0.054, G#:0.070, A:0.062, A#:0.041, B:0.132"
50725,"C:0.052, C#:0.091, D:0.159, D#:0.082, E:0.152, F:0.053, F#:0.077, G:0.076, G#:0.048, A:0.078, A#:0.043, B:0.088"
50726,"C:0.078, C#:0.071, D:0.114, D#:0.400, E:0.070, F:0.036, F#:0.015, G:0.027, G#:0.019, A:0.023, A#:0.120, B:0.027"
50727,"C:0.037, C#:0.036, D:0.146, D#:0.081, E:0.037, F:0.161, F#:0.048, G:0.117, G#:0.045, A:0.063, A#:0.190, B:0.040"
50728,"C:0.035, C#:0.023, D:0.062, D#:0.028, E:0.058, F:0.038, F#:0.080, G:0.278, G#:0.160, A:0.103, A#:0.056, B:0.078"
50729,"C:0.038, C#:0.105, D:0.097, D#:0.047, E:0.085, F:0.053, F#:0.093, G:0.065, G#:0.101, A:0.179, A#:0.071, B:0.065"
50730,"C:0.101, C#:0.105, D:0.186, D#:0.082, E:0.089, F:0.088, F#:0.042, G:0.052, G#:0.035, A:0.073, A#:0.071, B:0.074"
50731,"C:0.047, C#:0.047, D:0.062, D#:0.051, E:0.079, F:0.073, F#:0.150, G:0.092, G#:0.057, A:0.101, A#:0.074, B:0.167"
50732,"C:0.052, C#:0.095, D:0.254, D#:0.039, E:0.054, F:0.021, F#:0.094, G:0.078, G#:0.037, A:0.170, A#:0.031, B:0.074"
50740,"C:0.164, C#:0.054, D:0.090, D#:0.091, E:0.040, F:0.204, F#:0.027, G:0.063, G#:0.024, A:0.106, A#:0.109, B:0.028"
50741,"C:0.125, C#:0.044, D:0.107, D#:0.027, E:0.137, F:0.039, F#:0.026, G:0.094, G#:0.072, A:0.187, A#:0.038, B:0.105"
50742,"C:0.013, C#:0.060, D:0.152, D#:0.032, E:0.141, F:0.045, F#:0.100, G:0.141, G#:0.073, A:0.171, A#:0.030, B:0.041"
50743,"C:0.019, C#:0.031, D:0.193, D#:0.033, E:0.099, F:0.037, F#:0.164, G:0.125, G#:0.042, A:0.162, A#:0.037, B:0.058"
50835,"C:0.075, C#:0.033, D:0.032, D#:0.027, E:0.064, F:0.145, F#:0.056, G:0.185, G#:0.056, A:0.082, A#:0.188, B:0.057"
50860,"C:0.099, C#:0.125, D:0.078, D#:0.096, E:0.078, F:0.059, F#:0.070, G:0.054, G#:0.076, A:0.062, A#:0.083, B:0.119"
50862,"C:0.126, C#:0.095, D:0.086, D#:0.061, E:0.056, F:0.075, F#:0.059, G:0.084, G#:0.067, A:0.079, A#:0.105, B:0.106"
50863,"C:0.167, C#:0.146, D:0.119, D#:0.082, E:0.068, F:0.064, F#:0.050, G:0.060, G#:0.041, A:0.043, A#:0.064, B:0.096"
50864,"C:0.100, C#:0.076, D:0.096, D#:0.096, E:0.255, F:0.071, F#:0.036, G:0.035, G#:0.047, A:0.072, A#:0.047, B:0.070"
50865,"C:0.033, C#:0.036, D:0.048, D#:0.040, E:0.064, F:0.126, F#:0.113, G:0.205, G#:0.115, A:0.126, A#:0.056, B:0.037"
50868,"C:0.079, C#:0.094, D:0.098, D#:0.149, E:0.127, F:0.139, F#:0.097, G:0.069, G#:0.054, A:0.034, A#:0.027, B:0.032"
50869,"C:0.085, C#:0.102, D:0.041, D#:0.111, E:0.033, F:0.045, F#:0.159, G:0.046, G#:0.111, A:0.042, A#:0.056, B:0.168"
50882,"C:0.095, C#:0.093, D:0.187, D#:0.103, E:0.055, F:0.109, F#:0.066, G:0.114, G#:0.048, A:0.038, A#:0.040, B:0.052"
50891,"C:0.139, C#:0.096, D:0.047, D#:0.027, E:0.116, F:0.026, F#:0.020, G:0.043, G#:0.104, A:0.177, A#:0.113, B:0.092"
50892,"C:0.067, C#:0.027, D:0.048, D#:0.038, E:0.151, F:0.037, F#:0.030, G:0.069, G#:0.082, A:0.333, A#:0.073, B:0.044"
50905,"C:0.239, C#:0.022, D:0.093, D#:0.105, E:0.027, F:0.123, F#:0.024, G:0.222, G#:0.035, A:0.016, A#:0.014, B:0.079"
50910,"C:0.237, C#:0.014, D:0.147, D#:0.078, E:0.033, F:0.083, F#:0.022, G:0.267, G#:0.010, A:0.010, A#:0.017, B:0.082"
50911,"C:0.008, C#:0.007, D:0.014, D#:0.008, E:0.128, F:0.012, F#:0.010, G:0.012, G#:0.033, A:0.715, A#:0.033, B:0.019"
50912,"C:0.212, C#:0.011, D:0.095, D#:0.026, E:0.116, F:0.057, F#:0.023, G:0.181, G#:0.029, A:0.119, A#:0.017, B:0.113"
50913,"C:0.232, C#:0.025, D:0.065, D#:0.104, E:0.026, F:0.098, F#:0.039, G:0.190, G#:0.071, A:0.023, A#:0.047, B:0.080"
50914,"C:0.232, C#:0.039, D:0.035, D#:0.011, E:0.077, F:0.157, F#:0.027, G:0.142, G#:0.025, A:0.085, A#:0.070, B:0.099"
50927,"C:0.040, C#:0.048, D:0.114, D#:0.042, E:0.110, F:0.065, F#:0.040, G:0.032, G#:0.106, A:0.235, A#:0.120, B:0.048"
50928,"C:0.228, C#:0.054, D:0.040, D#:0.098, E:0.033, F:0.084, F#:0.061, G:0.183, G#:0.043, A:0.093, A#:0.025, B:0.058"
50936,"C:0.236, C#:0.012, D:0.100, D#:0.012, E:0.125, F:0.069, F#:0.018, G:0.216, G#:0.011, A:0.052, A#:0.009, B:0.139"
50939,"C:0.215, C#:0.049, D:0.078, D#:0.038, E:0.058, F:0.111, F#:0.035, G:0.121, G#:0.039, A:0.072, A#:0.062, B:0.123"
50940,"C:0.188, C#:0.014, D:0.118, D#:0.099, E:0.023, F:0.094, F#:0.025, G:0.206, G#:0.055, A:0.118, A#:0.042, B:0.018"
50944,"C:0.073, C#:0.017, D:0.216, D#:0.062, E:0.063, F:0.070, F#:0.043, G:0.199, G#:0.045, A:0.116, A#:0.057, B:0.037"
50946,"C:0.127, C#:0.021, D:0.289, D#:0.012, E:0.042, F:0.019, F#:0.022, G:0.019, G#:0.022, A:0.360, A#:0.053, B:0.015"
50952,"C:0.019, C#:0.037, D:0.190, D#:0.046, E:0.216, F:0.028, F#:0.105, G:0.042, G#:0.058, A:0.126, A#:0.026, B:0.108"
50954,"C:0.147, C#:0.026, D:0.135, D#:0.103, E:0.013, F:0.057, F#:0.028, G:0.320, G#:0.027, A:0.018, A#:0.089, B:0.036"
50955,"C:0.447, C#:0.045, D:0.055, D#:0.014, E:0.042, F:0.008, F#:0.021, G:0.211, G#:0.020, A:0.056, A#:0.031, B:0.049"
50957,"C:0.339, C#:0.012, D:0.052, D#:0.081, E:0.117, F:0.061, F#:0.013, G:0.230, G#:0.035, A:0.022, A#:0.005, B:0.034"
50959,"C:0.051, C#:0.025, D:0.255, D#:0.025, E:0.021, F:0.262, F#:0.031, G:0.278, G#:0.014, A:0.027, A#:0.004, B:0.005"
50972,"C:0.040, C#:0.044, D:0.126, D#:0.057, E:0.154, F:0.178, F#:0.073, G:0.126, G#:0.057, A:0.116, A#:0.013, B:0.016"
50973,"C:0.050, C#:0.046, D:0.099, D#:0.199, E:0.169, F:0.036, F#:0.051, G:0.074, G#:0.040, A:0.060, A#:0.033, B:0.145"
50990,"C:0.040, C#:0.044, D:0.126, D#:0.057, E:0.154, F:0.178, F#:0.073, G:0.126, G#:0.057, A:0.116, A#:0.013, B:0.016"
50991,"C:0.050, C#:0.046, D:0.099, D#:0.199, E:0.169, F:0.036, F#:0.051, G:0.074, G#:0.040, A:0.060, A#:0.033, B:0.145"
50998,"C:0.024, C#:0.095, D:0.022, D#:0.100, E:0.058, F:0.043, F#:0.205, G:0.051, G#:0.193, A:0.023, A#:0.070, B:0.116"
51000,"C:0.330, C#:0.016, D:0.193, D#:0.117, E:0.014, F:0.071, F#:0.012, G:0.132, G#:0.037, A:0.031, A#:0.014, B:0.033"
51001,"C:0.243, C#:0.039, D:0.046, D#:0.061, E:0.102, F:0.088, F#:0.021, G:0.104, G#:0.113, A:0.080, A#:0.030, B:0.070"
51007,"C:0.117, C#:0.112, D:0.114, D#:0.070, E:0.065, F:0.064, F#:0.096, G:0.156, G#:0.087, A:0.048, A#:0.032, B:0.039"
51008,"C:0.025, C#:0.059, D:0.122, D#:0.085, E:0.195, F:0.040, F#:0.032, G:0.033, G#:0.084, A:0.225, A#:0.057, B:0.043"
51038,"C:0.066, C#:0.087, D:0.026, D#:0.052, E:0.048, F:0.131, F#:0.075, G:0.130, G#:0.189, A:0.064, A#:0.087, B:0.044"
51118,"C:0.037, C#:0.041, D:0.081, D#:0.215, E:0.049, F:0.099, F#:0.101, G:0.257, G#:0.044, A:0.031, A#:0.020, B:0.024"
51127,"C:0.080, C#:0.070, D:0.142, D#:0.047, E:0.038, F:0.028, F#:0.048, G:0.115, G#:0.065, A:0.204, A#:0.067, B:0.095"
51129,"C:0.069, C#:0.090, D:0.055, D#:0.063, E:0.039, F:0.071, F#:0.157, G:0.102, G#:0.092, A:0.046, A#:0.085, B:0.132"
51153,"C:0.191, C#:0.063, D:0.044, D#:0.038, E:0.093, F:0.018, F#:0.019, G:0.043, G#:0.066, A:0.209, A#:0.126, B:0.089"
51168,"C:0.046, C#:0.076, D:0.180, D#:0.062, E:0.076, F:0.068, F#:0.034, G:0.033, G#:0.049, A:0.145, A#:0.160, B:0.072"
51169,"C:0.072, C#:0.111, D:0.079, D#:0.046, E:0.041, F:0.084, F#:0.063, G:0.128, G#:0.062, A:0.056, A#:0.169, B:0.089"
51195,"C:0.052, C#:0.037, D:0.062, D#:0.091, E:0.184, F:0.318, F#:0.138, G:0.046, G#:0.023, A:0.021, A#:0.011, B:0.016"
51228,"C:0.111, C#:0.039, D:0.062, D#:0.134, E:0.128, F:0.218, F#:0.045, G:0.022, G#:0.051, A:0.041, A#:0.099, B:0.049"
51229,"C:0.031, C#:0.030, D:0.042, D#:0.051, E:0.127, F:0.130, F#:0.095, G:0.150, G#:0.102, A:0.139, A#:0.068, B:0.036"
51230,"C:0.051, C#:0.035, D:0.058, D#:0.062, E:0.143, F:0.144, F#:0.073, G:0.052, G#:0.080, A:0.155, A#:0.067, B:0.078"
51231,"C:0.161, C#:0.060, D:0.073, D#:0.049, E:0.073, F:0.064, F#:0.059, G:0.199, G#:0.053, A:0.051, A#:0.080, B:0.079"
51235,"C:0.116, C#:0.063, D:0.056, D#:0.052, E:0.082, F:0.106, F#:0.082, G:0.092, G#:0.080, A:0.118, A#:0.071, B:0.082"
51238,"C:0.096, C#:0.060, D:0.059, D#:0.049, E:0.112, F:0.048, F#:0.056, G:0.131, G#:0.106, A:0.138, A#:0.073, B:0.073"
51239,"C:0.072, C#:0.057, D:0.194, D#:0.156, E:0.045, F:0.039, F#:0.070, G:0.137, G#:0.028, A:0.075, A#:0.090, B:0.037"
51241,"C:0.064, C#:0.047, D:0.127, D#:0.080, E:0.233, F:0.132, F#:0.065, G:0.058, G#:0.030, A:0.069, A#:0.028, B:0.067"
51263,"C:0.050, C#:0.053, D:0.084, D#:0.027, E:0.044, F:0.044, F#:0.189, G:0.046, G#:0.068, A:0.110, A#:0.089, B:0.195"
51271,"C:0.040, C#:0.049, D:0.040, D#:0.115, E:0.196, F:0.055, F#:0.084, G:0.033, G#:0.109, A:0.063, A#:0.050, B:0.167"
51313,"C:0.114, C#:0.040, D:0.043, D#:0.031, E:0.080, F:0.038, F#:0.058, G:0.075, G#:0.046, A:0.213, A#:0.059, B:0.202"
51317,"C:0.032, C#:0.076, D:0.167, D#:0.060, E:0.077, F:0.044, F#:0.073, G:0.096, G#:0.079, A:0.174, A#:0.070, B:0.053"
51332,"C:0.266, C#:0.042, D:0.031, D#:0.034, E:0.055, F:0.168, F#:0.079, G:0.150, G#:0.043, A:0.033, A#:0.030, B:0.070"
51333,"C:0.036, C#:0.049, D:0.097, D#:0.033, E:0.047, F:0.067, F#:0.198, G:0.116, G#:0.035, A:0.053, A#:0.071, B:0.196"
51357,"C:0.135, C#:0.082, D:0.113, D#:0.048, E:0.040, F:0.032, F#:0.047, G:0.153, G#:0.092, A:0.131, A#:0.062, B:0.064"
51358,"C:0.070, C#:0.046, D:0.203, D#:0.075, E:0.031, F:0.025, F#:0.039, G:0.253, G#:0.107, A:0.063, A#:0.030, B:0.058"
51359,"C:0.069, C#:0.061, D:0.103, D#:0.036, E:0.035, F:0.071, F#:0.126, G:0.271, G#:0.076, A:0.058, A#:0.040, B:0.053"
51360,"C:0.079, C#:0.145, D:0.068, D#:0.091, E:0.046, F:0.119, F#:0.049, G:0.040, G#:0.141, A:0.047, A#:0.150, B:0.026"
51389,"C:0.063, C#:0.038, D:0.060, D#:0.064, E:0.137, F:0.181, F#:0.109, G:0.101, G#:0.067, A:0.088, A#:0.053, B:0.038"
51418,"C:0.077, C#:0.063, D:0.075, D#:0.023, E:0.018, F:0.030, F#:0.183, G:0.026, G#:0.024, A:0.140, A#:0.094, B:0.245"
51419,"C:0.094, C#:0.109, D:0.089, D#:0.048, E:0.057, F:0.050, F#:0.096, G:0.059, G#:0.071, A:0.109, A#:0.088, B:0.129"
51420,"C:0.133, C#:0.065, D:0.165, D#:0.062, E:0.080, F:0.091, F#:0.058, G:0.139, G#:0.041, A:0.076, A#:0.051, B:0.040"
51421,"C:0.121, C#:0.098, D:0.131, D#:0.069, E:0.061, F:0.101, F#:0.066, G:0.095, G#:0.058, A:0.083, A#:0.067, B:0.050"
51423,"C:0.051, C#:0.077, D:0.047, D#:0.104, E:0.060, F:0.060, F#:0.137, G:0.090, G#:0.078, A:0.094, A#:0.074, B:0.127"
51424,"C:0.046, C#:0.077, D:0.041, D#:0.051, E:0.082, F:0.111, F#:0.186, G:0.119, G#:0.115, A:0.109, A#:0.035, B:0.029"
51425,"C:0.083, C#:0.039, D:0.080, D#:0.053, E:0.102, F:0.034, F#:0.035, G:0.066, G#:0.111, A:0.209, A#:0.096, B:0.092"
51426,"C:0.086, C#:0.095, D:0.125, D#:0.162, E:0.130, F:0.102, F#:0.093, G:0.063, G#:0.040, A:0.033, A#:0.040, B:0.031"
51427,"C:0.143, C#:0.051, D:0.110, D#:0.048, E:0.085, F:0.068, F#:0.045, G:0.145, G#:0.071, A:0.079, A#:0.064, B:0.091"
51428,"C:0.041, C#:0.128, D:0.060, D#:0.085, E:0.114, F:0.063, F#:0.130, G:0.058, G#:0.132, A:0.112, A#:0.030, B:0.048"
51429,"C:0.119, C#:0.046, D:0.068, D#:0.036, E:0.108, F:0.039, F#:0.045, G:0.107, G#:0.073, A:0.128, A#:0.096, B:0.133"
51430,"C:0.027, C#:0.026, D:0.023, D#:0.034, E:0.117, F:0.031, F#:0.037, G:0.084, G#:0.102, A:0.331, A#:0.116, B:0.071"
51614,"C:0.128, C#:0.108, D:0.114, D#:0.074, E:0.055, F:0.077, F#:0.072, G:0.030, G#:0.036, A:0.036, A#:0.136, B:0.136"
51615,"C:0.187, C#:0.015, D:0.062, D#:0.026, E:0.218, F:0.046, F#:0.019, G:0.185, G#:0.013, A:0.054, A#:0.014, B:0.161"
51616,"C:0.092, C#:0.066, D:0.072, D#:0.094, E:0.220, F:0.140, F#:0.064, G:0.143, G#:0.027, A:0.047, A#:0.015, B:0.021"
51617,"C:0.117, C#:0.031, D:0.036, D#:0.052, E:0.198, F:0.064, F#:0.092, G:0.175, G#:0.065, A:0.034, A#:0.029, B:0.107"
51618,"C:0.172, C#:0.139, D:0.106, D#:0.063, E:0.101, F:0.132, F#:0.053, G:0.071, G#:0.028, A:0.090, A#:0.023, B:0.021"
51622,"C:0.083, C#:0.058, D:0.073, D#:0.102, E:0.144, F:0.096, F#:0.074, G:0.071, G#:0.068, A:0.068, A#:0.068, B:0.096"
51623,"C:0.097, C#:0.066, D:0.070, D#:0.111, E:0.074, F:0.150, F#:0.089, G:0.072, G#:0.130, A:0.055, A#:0.044, B:0.040"
51625,"C:0.068, C#:0.083, D:0.172, D#:0.082, E:0.098, F:0.053, F#:0.097, G:0.026, G#:0.038, A:0.058, A#:0.077, B:0.148"
51628,"C:0.067, C#:0.071, D:0.130, D#:0.077, E:0.092, F:0.081, F#:0.051, G:0.065, G#:0.058, A:0.125, A#:0.112, B:0.072"
51629,"C:0.166, C#:0.041, D:0.054, D#:0.045, E:0.165, F:0.136, F#:0.051, G:0.112, G#:0.036, A:0.093, A#:0.025, B:0.077"
51631,"C:0.046, C#:0.103, D:0.069, D#:0.172, E:0.143, F:0.072, F#:0.101, G:0.047, G#:0.102, A:0.024, A#:0.038, B:0.084"
51632,"C:0.037, C#:0.043, D:0.041, D#:0.162, E:0.057, F:0.150, F#:0.181, G:0.059, G#:0.070, A:0.045, A#:0.122, B:0.032"
51635,"C:0.069, C#:0.053, D:0.178, D#:0.100, E:0.042, F:0.095, F#:0.072, G:0.092, G#:0.121, A:0.070, A#:0.070, B:0.038"
51710,"C:0.028, C#:0.032, D:0.053, D#:0.087, E:0.342, F:0.090, F#:0.076, G:0.065, G#:0.027, A:0.021, A#:0.032, B:0.147"
51715,"C:0.055, C#:0.156, D:0.052, D#:0.096, E:0.023, F:0.044, F#:0.107, G:0.048, G#:0.164, A:0.051, A#:0.113, B:0.091"
51732,"C:0.140, C#:0.121, D:0.025, D#:0.086, E:0.031, F:0.034, F#:0.057, G:0.085, G#:0.121, A:0.113, A#:0.115, B:0.072"
51734,"C:0.056, C#:0.113, D:0.058, D#:0.052, E:0.064, F:0.074, F#:0.172, G:0.096, G#:0.122, A:0.061, A#:0.046, B:0.087"
51755,"C:0.077, C#:0.058, D:0.100, D#:0.040, E:0.193, F:0.063, F#:0.088, G:0.107, G#:0.029, A:0.118, A#:0.021, B:0.106"
51774,"C:0.022, C#:0.013, D:0.138, D#:0.049, E:0.277, F:0.055, F#:0.047, G:0.138, G#:0.034, A:0.039, A#:0.012, B:0.177"
51775,"C:0.039, C#:0.021, D:0.023, D#:0.044, E:0.155, F:0.132, F#:0.150, G:0.130, G#:0.096, A:0.093, A#:0.043, B:0.074"
51776,"C:0.016, C#:0.022, D:0.255, D#:0.015, E:0.062, F:0.013, F#:0.235, G:0.046, G#:0.041, A:0.210, A#:0.028, B:0.057"
51778,"C:0.033, C#:0.165, D:0.046, D#:0.191, E:0.021, F:0.017, F#:0.140, G:0.025, G#:0.147, A:0.025, A#:0.162, B:0.027"
51779,"C:0.097, C#:0.032, D:0.054, D#:0.107, E:0.123, F:0.118, F#:0.114, G:0.185, G#:0.057, A:0.039, A#:0.037, B:0.037"
51783,"C:0.051, C#:0.031, D:0.050, D#:0.028, E:0.061, F:0.091, F#:0.138, G:0.183, G#:0.095, A:0.101, A#:0.103, B:0.068"
51785,"C:0.150, C#:0.082, D:0.122, D#:0.036, E:0.033, F:0.178, F#:0.088, G:0.148, G#:0.043, A:0.056, A#:0.036, B:0.028"
51921,"C:0.009, C#:0.011, D:0.018, D#:0.047, E:0.287, F:0.068, F#:0.093, G:0.123, G#:0.043, A:0.203, A#:0.027, B:0.070"
52034,"C:0.093, C#:0.025, D:0.098, D#:0.077, E:0.193, F:0.336, F#:0.050, G:0.046, G#:0.012, A:0.047, A#:0.009, B:0.014"
52036,"C:0.189, C#:0.104, D:0.055, D#:0.029, E:0.086, F:0.140, F#:0.039, G:0.094, G#:0.026, A:0.047, A#:0.048, B:0.143"
52040,"C:0.089, C#:0.029, D:0.022, D#:0.018, E:0.176, F:0.325, F#:0.032, G:0.010, G#:0.022, A:0.212, A#:0.033, B:0.031"
52043,"C:0.117, C#:0.041, D:0.080, D#:0.038, E:0.055, F:0.178, F#:0.042, G:0.060, G#:0.048, A:0.161, A#:0.116, B:0.062"
52045,"C:0.297, C#:0.097, D:0.046, D#:0.017, E:0.037, F:0.346, F#:0.068, G:0.013, G#:0.015, A:0.011, A#:0.011, B:0.042"
52052,"C:0.080, C#:0.082, D:0.118, D#:0.087, E:0.041, F:0.027, F#:0.044, G:0.102, G#:0.097, A:0.092, A#:0.098, B:0.131"
52059,"C:0.021, C#:0.102, D:0.139, D#:0.038, E:0.062, F:0.053, F#:0.207, G:0.183, G#:0.069, A:0.058, A#:0.034, B:0.034"
52225,"C:0.022, C#:0.032, D:0.030, D#:0.020, E:0.041, F:0.056, F#:0.048, G:0.069, G#:0.133, A:0.361, A#:0.138, B:0.051"
52227,"C:0.122, C#:0.111, D:0.050, D#:0.026, E:0.048, F:0.093, F#:0.055, G:0.036, G#:0.071, A:0.103, A#:0.166, B:0.118"
52229,"C:0.027, C#:0.046, D:0.194, D#:0.093, E:0.045, F:0.054, F#:0.075, G:0.192, G#:0.080, A:0.052, A#:0.049, B:0.093"
52250,"C:0.109, C#:0.069, D:0.105, D#:0.076, E:0.041, F:0.051, F#:0.072, G:0.154, G#:0.076, A:0.052, A#:0.112, B:0.084"
52251,"C:0.098, C#:0.127, D:0.182, D#:0.098, E:0.107, F:0.142, F#:0.061, G:0.029, G#:0.028, A:0.050, A#:0.034, B:0.043"
52255,"C:0.016, C#:0.080, D:0.293, D#:0.106, E:0.202, F:0.044, F#:0.018, G:0.021, G#:0.029, A:0.144, A#:0.034, B:0.014"
52257,"C:0.042, C#:0.084, D:0.151, D#:0.118, E:0.153, F:0.073, F#:0.093, G:0.148, G#:0.061, A:0.024, A#:0.024, B:0.028"
52259,"C:0.225, C#:0.062, D:0.080, D#:0.052, E:0.081, F:0.165, F#:0.055, G:0.143, G#:0.028, A:0.020, A#:0.023, B:0.065"
52261,"C:0.145, C#:0.053, D:0.133, D#:0.035, E:0.034, F:0.028, F#:0.091, G:0.257, G#:0.076, A:0.075, A#:0.028, B:0.045"
52275,"C:0.098, C#:0.054, D:0.025, D#:0.063, E:0.122, F:0.043, F#:0.047, G:0.027, G#:0.050, A:0.129, A#:0.082, B:0.260"
52276,"C:0.205, C#:0.049, D:0.081, D#:0.032, E:0.066, F:0.144, F#:0.059, G:0.171, G#:0.037, A:0.067, A#:0.022, B:0.067"
52277,"C:0.020, C#:0.041, D:0.149, D#:0.241, E:0.060, F:0.094, F#:0.113, G:0.084, G#:0.110, A:0.037, A#:0.035, B:0.018"
52361,"C:0.064, C#:0.067, D:0.106, D#:0.070, E:0.105, F:0.055, F#:0.049, G:0.082, G#:0.077, A:0.069, A#:0.076, B:0.179"
52404,"C:0.036, C#:0.029, D:0.066, D#:0.056, E:0.207, F:0.048, F#:0.047, G:0.125, G#:0.073, A:0.154, A#:0.055, B:0.103"
52508,"C:0.039, C#:0.068, D:0.025, D#:0.094, E:0.046, F:0.036, F#:0.214, G:0.041, G#:0.080, A:0.031, A#:0.077, B:0.248"
52520,"C:0.179, C#:0.079, D:0.087, D#:0.040, E:0.083, F:0.146, F#:0.043, G:0.084, G#:0.041, A:0.068, A#:0.072, B:0.079"
52521,"C:0.030, C#:0.134, D:0.201, D#:0.060, E:0.129, F:0.031, F#:0.049, G:0.022, G#:0.051, A:0.201, A#:0.051, B:0.040"
52522,"C:0.073, C#:0.095, D:0.030, D#:0.050, E:0.040, F:0.048, F#:0.141, G:0.110, G#:0.111, A:0.053, A#:0.069, B:0.181"
52524,"C:0.084, C#:0.122, D:0.222, D#:0.090, E:0.041, F:0.041, F#:0.053, G:0.045, G#:0.053, A:0.083, A#:0.081, B:0.085"
52525,"C:0.097, C#:0.072, D:0.103, D#:0.058, E:0.038, F:0.026, F#:0.051, G:0.096, G#:0.074, A:0.112, A#:0.139, B:0.135"
52526,"C:0.055, C#:0.053, D:0.051, D#:0.090, E:0.120, F:0.083, F#:0.104, G:0.071, G#:0.091, A:0.125, A#:0.095, B:0.062"
52568,"C:0.083, C#:0.053, D:0.096, D#:0.072, E:0.127, F:0.102, F#:0.140, G:0.093, G#:0.045, A:0.063, A#:0.037, B:0.090"
52853,"C:0.049, C#:0.104, D:0.039, D#:0.104, E:0.045, F:0.077, F#:0.217, G:0.047, G#:0.105, A:0.049, A#:0.076, B:0.088"
52855,"C:0.015, C#:0.022, D:0.128, D#:0.139, E:0.028, F:0.106, F#:0.060, G:0.102, G#:0.097, A:0.086, A#:0.199, B:0.020"
52857,"C:0.115, C#:0.015, D:0.110, D#:0.119, E:0.016, F:0.082, F#:0.029, G:0.188, G#:0.141, A:0.035, A#:0.133, B:0.018"
52928,"C:0.062, C#:0.043, D:0.066, D#:0.052, E:0.059, F:0.057, F#:0.115, G:0.121, G#:0.059, A:0.070, A#:0.095, B:0.201"
52929,"C:0.034, C#:0.025, D:0.052, D#:0.062, E:0.131, F:0.047, F#:0.083, G:0.168, G#:0.046, A:0.066, A#:0.095, B:0.192"
52931,"C:0.137, C#:0.056, D:0.054, D#:0.054, E:0.101, F:0.062, F#:0.069, G:0.104, G#:0.085, A:0.157, A#:0.061, B:0.060"
52962,"C:0.035, C#:0.064, D:0.078, D#:0.075, E:0.170, F:0.074, F#:0.095, G:0.075, G#:0.090, A:0.147, A#:0.043, B:0.054"
52969,"C:0.069, C#:0.099, D:0.154, D#:0.059, E:0.063, F:0.040, F#:0.063, G:0.118, G#:0.073, A:0.130, A#:0.054, B:0.078"
53247,"C:0.074, C#:0.057, D:0.156, D#:0.044, E:0.044, F:0.058, F#:0.050, G:0.134, G#:0.049, A:0.211, A#:0.069, B:0.054"
53248,"C:0.096, C#:0.048, D:0.231, D#:0.045, E:0.033, F:0.036, F#:0.078, G:0.192, G#:0.031, A:0.096, A#:0.085, B:0.028"
53249,"C:0.008, C#:0.018, D:0.197, D#:0.028, E:0.123, F:0.027, F#:0.152, G:0.020, G#:0.030, A:0.289, A#:0.030, B:0.078"
53250,"C:0.044, C#:0.188, D:0.142, D#:0.029, E:0.032, F:0.027, F#:0.217, G:0.036, G#:0.044, A:0.138, A#:0.038, B:0.064"
53251,"C:0.048, C#:0.033, D:0.065, D#:0.054, E:0.171, F:0.070, F#:0.050, G:0.242, G#:0.051, A:0.073, A#:0.030, B:0.113"
53636,"C:0.282, C#:0.064, D:0.083, D#:0.023, E:0.060, F:0.077, F#:0.073, G:0.069, G#:0.032, A:0.096, A#:0.073, B:0.069"
53637,"C:0.165, C#:0.056, D:0.085, D#:0.046, E:0.123, F:0.193, F#:0.045, G:0.072, G#:0.023, A:0.049, A#:0.064, B:0.078"
53638,"C:0.039, C#:0.056, D:0.198, D#:0.077, E:0.365, F:0.079, F#:0.026, G:0.068, G#:0.018, A:0.027, A#:0.015, B:0.031"
53639,"C:0.022, C#:0.041, D:0.145, D#:0.133, E:0.336, F:0.088, F#:0.072, G:0.038, G#:0.022, A:0.024, A#:0.014, B:0.066"
53642,"C:0.049, C#:0.087, D:0.157, D#:0.085, E:0.106, F:0.073, F#:0.079, G:0.083, G#:0.062, A:0.093, A#:0.045, B:0.081"
53643,"C:0.066, C#:0.055, D:0.084, D#:0.101, E:0.076, F:0.204, F#:0.070, G:0.066, G#:0.044, A:0.071, A#:0.128, B:0.036"
53646,"C:0.071, C#:0.049, D:0.055, D#:0.089, E:0.120, F:0.177, F#:0.097, G:0.092, G#:0.100, A:0.046, A#:0.077, B:0.028"
53735,"C:0.058, C#:0.168, D:0.085, D#:0.075, E:0.044, F:0.076, F#:0.171, G:0.101, G#:0.069, A:0.035, A#:0.045, B:0.071"
53736,"C:0.039, C#:0.035, D:0.026, D#:0.063, E:0.211, F:0.077, F#:0.104, G:0.068, G#:0.078, A:0.103, A#:0.077, B:0.119"
53742,"C:0.036, C#:0.090, D:0.321, D#:0.093, E:0.060, F:0.029, F#:0.043, G:0.059, G#:0.070, A:0.118, A#:0.042, B:0.039"
53743,"C:0.135, C#:0.058, D:0.090, D#:0.045, E:0.096, F:0.138, F#:0.071, G:0.124, G#:0.065, A:0.056, A#:0.045, B:0.076"
53744,"C:0.139, C#:0.055, D:0.084, D#:0.079, E:0.084, F:0.094, F#:0.072, G:0.155, G#:0.070, A:0.050, A#:0.035, B:0.081"
53796,"C:0.003, C#:0.004, D:0.004, D#:0.001, E:0.003, F:0.128, F#:0.005, G:0.005, G#:0.017, A:0.028, A#:0.776, B:0.026"
53798,"C:0.008, C#:0.006, D:0.007, D#:0.015, E:0.347, F:0.026, F#:0.031, G:0.011, G#:0.023, A:0.454, A#:0.037, B:0.037"
53799,"C:0.077, C#:0.006, D:0.008, D#:0.019, E:0.384, F:0.191, F#:0.021, G:0.010, G#:0.006, A:0.074, A#:0.038, B:0.164"
53800,"C:0.173, C#:0.007, D:0.153, D#:0.005, E:0.100, F:0.006, F#:0.016, G:0.397, G#:0.007, A:0.003, A#:0.003, B:0.130"
53801,"C:0.262, C#:0.046, D:0.101, D#:0.016, E:0.152, F:0.012, F#:0.016, G:0.267, G#:0.031, A:0.005, A#:0.013, B:0.080"
53803,"C:0.041, C#:0.413, D:0.035, D#:0.027, E:0.029, F:0.256, F#:0.008, G:0.006, G#:0.143, A:0.006, A#:0.012, B:0.024"
53805,"C:0.285, C#:0.025, D:0.029, D#:0.011, E:0.045, F:0.329, F#:0.027, G:0.059, G#:0.015, A:0.069, A#:0.073, B:0.034"
53807,"C:0.128, C#:0.108, D:0.121, D#:0.076, E:0.137, F:0.039, F#:0.019, G:0.078, G#:0.035, A:0.081, A#:0.050, B:0.128"
53808,"C:0.098, C#:0.024, D:0.126, D#:0.167, E:0.016, F:0.096, F#:0.019, G:0.138, G#:0.110, A:0.060, A#:0.122, B:0.023"
53810,"C:0.063, C#:0.034, D:0.215, D#:0.020, E:0.078, F:0.025, F#:0.065, G:0.264, G#:0.027, A:0.076, A#:0.016, B:0.117"
53811,"C:0.113, C#:0.019, D:0.161, D#:0.191, E:0.083, F:0.051, F#:0.024, G:0.141, G#:0.095, A:0.025, A#:0.057, B:0.040"
53812,"C:0.035, C#:0.046, D:0.028, D#:0.100, E:0.008, F:0.082, F#:0.029, G:0.018, G#:0.214, A:0.024, A#:0.402, B:0.014"
53813,"C:0.247, C#:0.012, D:0.117, D#:0.010, E:0.177, F:0.110, F#:0.014, G:0.151, G#:0.011, A:0.085, A#:0.006, B:0.059"
53814,"C:0.224, C#:0.013, D:0.164, D#:0.010, E:0.076, F:0.153, F#:0.013, G:0.190, G#:0.011, A:0.061, A#:0.062, B:0.022"
53815,"C:0.161, C#:0.021, D:0.093, D#:0.021, E:0.294, F:0.013, F#:0.032, G:0.164, G#:0.021, A:0.131, A#:0.013, B:0.037"
53816,"C:0.012, C#:0.081, D:0.233, D#:0.012, E:0.116, F:0.014, F#:0.098, G:0.147, G#:0.020, A:0.189, A#:0.013, B:0.065"
53817,"C:0.057, C#:0.040, D:0.031, D#:0.193, E:0.033, F:0.149, F#:0.030, G:0.129, G#:0.250, A:0.016, A#:0.057, B:0.016"
53818,"C:0.139, C#:0.009, D:0.070, D#:0.201, E:0.012, F:0.165, F#:0.009, G:0.156, G#:0.086, A:0.007, A#:0.136, B:0.010"
53819,"C:0.223, C#:0.036, D:0.025, D#:0.131, E:0.028, F:0.223, F#:0.019, G:0.114, G#:0.078, A:0.023, A#:0.076, B:0.024"
53820,"C:0.222, C#:0.015, D:0.068, D#:0.008, E:0.136, F:0.084, F#:0.017, G:0.212, G#:0.011, A:0.161, A#:0.010, B:0.057"
53821,"C:0.085, C#:0.186, D:0.019, D#:0.227, E:0.011, F:0.017, F#:0.020, G:0.017, G#:0.115, A:0.011, A#:0.097, B:0.194"
53823,"C:0.246, C#:0.015, D:0.085, D#:0.011, E:0.083, F:0.264, F#:0.018, G:0.072, G#:0.013, A:0.075, A#:0.083, B:0.036"
53824,"C:0.051, C#:0.013, D:0.102, D#:0.054, E:0.038, F:0.231, F#:0.060, G:0.107, G#:0.049, A:0.019, A#:0.259, B:0.017"
53825,"C:0.024, C#:0.153, D:0.011, D#:0.058, E:0.069, F:0.087, F#:0.235, G:0.007, G#:0.037, A:0.006, A#:0.225, B:0.088"
53826,"C:0.086, C#:0.036, D:0.026, D#:0.227, E:0.047, F:0.121, F#:0.027, G:0.120, G#:0.200, A:0.019, A#:0.073, B:0.018"
53827,"C:0.049, C#:0.023, D:0.235, D#:0.017, E:0.031, F:0.066, F#:0.024, G:0.246, G#:0.014, A:0.216, A#:0.053, B:0.026"
53828,"C:0.119, C#:0.012, D:0.235, D#:0.010, E:0.084, F:0.118, F#:0.013, G:0.168, G#:0.009, A:0.102, A#:0.097, B:0.032"
53829,"C:0.111, C#:0.015, D:0.304, D#:0.011, E:0.107, F:0.014, F#:0.033, G:0.136, G#:0.010, A:0.065, A#:0.076, B:0.117"
53830,"C:0.007, C#:0.072, D:0.181, D#:0.014, E:0.301, F:0.010, F#:0.068, G:0.008, G#:0.032, A:0.271, A#:0.008, B:0.026"
53845,"C:0.155, C#:0.007, D:0.050, D#:0.042, E:0.011, F:0.011, F#:0.041, G:0.592, G#:0.040, A:0.008, A#:0.028, B:0.014"
53846,"C:0.042, C#:0.120, D:0.177, D#:0.044, E:0.043, F:0.022, F#:0.073, G:0.233, G#:0.066, A:0.125, A#:0.023, B:0.032"
53852,"C:0.120, C#:0.033, D:0.131, D#:0.303, E:0.031, F:0.011, F#:0.010, G:0.033, G#:0.039, A:0.067, A#:0.165, B:0.057"
53859,"C:0.051, C#:0.031, D:0.050, D#:0.028, E:0.061, F:0.091, F#:0.138, G:0.183, G#:0.095, A:0.101, A#:0.103, B:0.068"
53863,"C:0.094, C#:0.091, D:0.203, D#:0.063, E:0.080, F:0.118, F#:0.042, G:0.025, G#:0.041, A:0.153, A#:0.046, B:0.044"
53896,"C:0.162, C#:0.020, D:0.113, D#:0.022, E:0.071, F:0.124, F#:0.027, G:0.203, G#:0.027, A:0.177, A#:0.017, B:0.037"
54047,"C:0.128, C#:0.261, D:0.113, D#:0.071, E:0.102, F:0.044, F#:0.047, G:0.033, G#:0.056, A:0.053, A#:0.032, B:0.059"
54054,"C:0.051, C#:0.056, D:0.052, D#:0.054, E:0.084, F:0.137, F#:0.170, G:0.061, G#:0.083, A:0.074, A#:0.055, B:0.121"
54082,"C:0.053, C#:0.047, D:0.096, D#:0.081, E:0.156, F:0.107, F#:0.153, G:0.082, G#:0.035, A:0.068, A#:0.044, B:0.078"
54166,"C:0.028, C#:0.032, D:0.022, D#:0.040, E:0.216, F:0.037, F#:0.070, G:0.025, G#:0.062, A:0.235, A#:0.064, B:0.168"
54167,"C:0.158, C#:0.059, D:0.055, D#:0.044, E:0.176, F:0.094, F#:0.051, G:0.123, G#:0.071, A:0.019, A#:0.018, B:0.131"
54168,"C:0.154, C#:0.044, D:0.048, D#:0.027, E:0.122, F:0.069, F#:0.059, G:0.225, G#:0.082, A:0.100, A#:0.032, B:0.039"
54169,"C:0.073, C#:0.016, D:0.117, D#:0.023, E:0.115, F:0.020, F#:0.078, G:0.266, G#:0.036, A:0.052, A#:0.018, B:0.184"
54171,"C:0.025, C#:0.024, D:0.017, D#:0.073, E:0.268, F:0.060, F#:0.106, G:0.070, G#:0.081, A:0.122, A#:0.043, B:0.111"
54172,"C:0.060, C#:0.178, D:0.093, D#:0.067, E:0.041, F:0.019, F#:0.056, G:0.064, G#:0.231, A:0.089, A#:0.071, B:0.032"
54173,"C:0.036, C#:0.142, D:0.074, D#:0.027, E:0.147, F:0.014, F#:0.042, G:0.034, G#:0.160, A:0.165, A#:0.028, B:0.133"
54206,"C:0.239, C#:0.095, D:0.045, D#:0.045, E:0.080, F:0.133, F#:0.054, G:0.099, G#:0.054, A:0.048, A#:0.026, B:0.083"
54208,"C:0.073, C#:0.014, D:0.053, D#:0.257, E:0.060, F:0.061, F#:0.024, G:0.112, G#:0.108, A:0.064, A#:0.150, B:0.024"
54212,"C:0.040, C#:0.068, D:0.138, D#:0.074, E:0.059, F:0.101, F#:0.095, G:0.176, G#:0.081, A:0.076, A#:0.061, B:0.032"
54213,"C:0.133, C#:0.026, D:0.057, D#:0.082, E:0.050, F:0.059, F#:0.052, G:0.177, G#:0.145, A:0.095, A#:0.067, B:0.056"
54215,"C:0.080, C#:0.042, D:0.094, D#:0.025, E:0.049, F:0.158, F#:0.038, G:0.098, G#:0.050, A:0.262, A#:0.072, B:0.032"
54225,"C:0.450, C#:0.023, D:0.005, D#:0.006, E:0.150, F:0.009, F#:0.011, G:0.278, G#:0.016, A:0.006, A#:0.007, B:0.040"
54226,"C:0.526, C#:0.011, D:0.003, D#:0.004, E:0.161, F:0.124, F#:0.005, G:0.064, G#:0.002, A:0.005, A#:0.004, B:0.091"
54227,"C:0.435, C#:0.008, D:0.002, D#:0.006, E:0.245, F:0.090, F#:0.005, G:0.107, G#:0.002, A:0.002, A#:0.003, B:0.094"
54228,"C:0.244, C#:0.010, D:0.013, D#:0.027, E:0.158, F:0.087, F#:0.060, G:0.279, G#:0.015, A:0.033, A#:0.009, B:0.065"
54229,"C:0.430, C#:0.084, D:0.025, D#:0.014, E:0.048, F:0.009, F#:0.020, G:0.205, G#:0.028, A:0.014, A#:0.022, B:0.100"
54230,"C:0.254, C#:0.014, D:0.016, D#:0.028, E:0.274, F:0.084, F#:0.021, G:0.227, G#:0.009, A:0.018, A#:0.007, B:0.049"
54231,"C:0.360, C#:0.075, D:0.030, D#:0.025, E:0.097, F:0.072, F#:0.028, G:0.094, G#:0.028, A:0.019, A#:0.024, B:0.147"
54232,"C:0.424, C#:0.097, D:0.041, D#:0.024, E:0.070, F:0.084, F#:0.065, G:0.037, G#:0.029, A:0.038, A#:0.031, B:0.061"
54236,"C:0.058, C#:0.030, D:0.115, D#:0.047, E:0.099, F:0.034, F#:0.068, G:0.125, G#:0.071, A:0.127, A#:0.079, B:0.148"
54298,"C:0.145, C#:0.040, D:0.035, D#:0.083, E:0.141, F:0.068, F#:0.068, G:0.076, G#:0.026, A:0.029, A#:0.086, B:0.203"
54594,"C:0.132, C#:0.102, D:0.036, D#:0.037, E:0.074, F:0.112, F#:0.080, G:0.127, G#:0.124, A:0.080, A#:0.052, B:0.043"
54622,"C:0.080, C#:0.073, D:0.066, D#:0.080, E:0.060, F:0.063, F#:0.081, G:0.078, G#:0.082, A:0.111, A#:0.125, B:0.101"
54623,"C:0.071, C#:0.059, D:0.074, D#:0.134, E:0.092, F:0.057, F#:0.046, G:0.062, G#:0.089, A:0.090, A#:0.135, B:0.090"
54682,"C:0.027, C#:0.082, D:0.087, D#:0.082, E:0.177, F:0.046, F#:0.056, G:0.074, G#:0.153, A:0.157, A#:0.025, B:0.033"
54683,"C:0.015, C#:0.100, D:0.246, D#:0.028, E:0.043, F:0.021, F#:0.039, G:0.051, G#:0.030, A:0.236, A#:0.086, B:0.106"
54684,"C:0.370, C#:0.053, D:0.050, D#:0.037, E:0.034, F:0.092, F#:0.030, G:0.100, G#:0.046, A:0.098, A#:0.045, B:0.046"
54685,"C:0.066, C#:0.023, D:0.022, D#:0.013, E:0.029, F:0.101, F#:0.222, G:0.262, G#:0.076, A:0.044, A#:0.025, B:0.116"
54686,"C:0.119, C#:0.048, D:0.146, D#:0.068, E:0.078, F:0.054, F#:0.063, G:0.167, G#:0.058, A:0.073, A#:0.035, B:0.091"
54687,"C:0.144, C#:0.050, D:0.051, D#:0.045, E:0.067, F:0.087, F#:0.074, G:0.173, G#:0.077, A:0.043, A#:0.045, B:0.145"
54688,"C:0.035, C#:0.123, D:0.250, D#:0.050, E:0.051, F:0.024, F#:0.050, G:0.090, G#:0.047, A:0.132, A#:0.050, B:0.099"
54689,"C:0.036, C#:0.056, D:0.177, D#:0.075, E:0.060, F:0.070, F#:0.072, G:0.089, G#:0.069, A:0.160, A#:0.074, B:0.063"
54690,"C:0.020, C#:0.020, D:0.139, D#:0.374, E:0.041, F:0.053, F#:0.014, G:0.047, G#:0.097, A:0.035, A#:0.141, B:0.018"
54691,"C:0.035, C#:0.067, D:0.024, D#:0.095, E:0.240, F:0.038, F#:0.047, G:0.021, G#:0.108, A:0.148, A#:0.060, B:0.117"
54692,"C:0.021, C#:0.032, D:0.120, D#:0.070, E:0.079, F:0.052, F#:0.070, G:0.192, G#:0.078, A:0.176, A#:0.055, B:0.055"
54693,"C:0.036, C#:0.141, D:0.075, D#:0.027, E:0.146, F:0.013, F#:0.042, G:0.035, G#:0.160, A:0.165, A#:0.028, B:0.133"
54694,"C:0.029, C#:0.021, D:0.018, D#:0.044, E:0.328, F:0.107, F#:0.132, G:0.086, G#:0.042, A:0.096, A#:0.043, B:0.052"
54695,"C:0.168, C#:0.076, D:0.125, D#:0.050, E:0.135, F:0.129, F#:0.052, G:0.090, G#:0.033, A:0.065, A#:0.029, B:0.048"
54696,"C:0.099, C#:0.094, D:0.173, D#:0.109, E:0.133, F:0.023, F#:0.035, G:0.114, G#:0.031, A:0.092, A#:0.033, B:0.063"
54697,"C:0.039, C#:0.063, D:0.106, D#:0.123, E:0.149, F:0.076, F#:0.090, G:0.069, G#:0.080, A:0.093, A#:0.048, B:0.064"
54698,"C:0.158, C#:0.042, D:0.092, D#:0.032, E:0.080, F:0.027, F#:0.036, G:0.161, G#:0.054, A:0.114, A#:0.049, B:0.156"
54699,"C:0.105, C#:0.093, D:0.031, D#:0.256, E:0.026, F:0.074, F#:0.025, G:0.048, G#:0.183, A:0.028, A#:0.102, B:0.030"
54701,"C:0.023, C#:0.131, D:0.036, D#:0.078, E:0.051, F:0.045, F#:0.204, G:0.058, G#:0.123, A:0.036, A#:0.111, B:0.104"
54703,"C:0.035, C#:0.060, D:0.017, D#:0.058, E:0.177, F:0.034, F#:0.098, G:0.044, G#:0.052, A:0.108, A#:0.052, B:0.265"
54715,"C:0.437, C#:0.083, D:0.041, D#:0.021, E:0.010, F:0.044, F#:0.012, G:0.066, G#:0.015, A:0.043, A#:0.128, B:0.099"
54735,"C:0.025, C#:0.027, D:0.039, D#:0.116, E:0.151, F:0.103, F#:0.146, G:0.077, G#:0.096, A:0.030, A#:0.089, B:0.102"
54830,"C:0.059, C#:0.027, D:0.026, D#:0.022, E:0.049, F:0.042, F#:0.045, G:0.076, G#:0.136, A:0.343, A#:0.102, B:0.073"
54907,"C:0.030, C#:0.085, D:0.073, D#:0.046, E:0.169, F:0.047, F#:0.107, G:0.048, G#:0.107, A:0.184, A#:0.049, B:0.054"
54908,"C:0.051, C#:0.213, D:0.052, D#:0.053, E:0.188, F:0.052, F#:0.221, G:0.035, G#:0.025, A:0.014, A#:0.024, B:0.073"
54909,"C:0.045, C#:0.050, D:0.031, D#:0.055, E:0.181, F:0.045, F#:0.078, G:0.039, G#:0.084, A:0.116, A#:0.077, B:0.199"
54910,"C:0.048, C#:0.131, D:0.051, D#:0.086, E:0.200, F:0.054, F#:0.166, G:0.034, G#:0.065, A:0.052, A#:0.035, B:0.077"
54911,"C:0.020, C#:0.076, D:0.091, D#:0.069, E:0.293, F:0.041, F#:0.036, G:0.021, G#:0.058, A:0.185, A#:0.038, B:0.074"
54912,"C:0.048, C#:0.100, D:0.245, D#:0.060, E:0.051, F:0.015, F#:0.031, G:0.037, G#:0.062, A:0.245, A#:0.056, B:0.051"
54913,"C:0.090, C#:0.037, D:0.156, D#:0.034, E:0.114, F:0.028, F#:0.048, G:0.301, G#:0.047, A:0.065, A#:0.020, B:0.059"
55111,"C:0.082, C#:0.025, D:0.079, D#:0.026, E:0.161, F:0.026, F#:0.085, G:0.231, G#:0.054, A:0.118, A#:0.031, B:0.082"
55121,"C:0.101, C#:0.076, D:0.101, D#:0.069, E:0.076, F:0.111, F#:0.073, G:0.071, G#:0.075, A:0.111, A#:0.071, B:0.065"
55237,"C:0.072, C#:0.083, D:0.057, D#:0.061, E:0.071, F:0.120, F#:0.083, G:0.093, G#:0.111, A:0.087, A#:0.104, B:0.059"
55247,"C:0.074, C#:0.022, D:0.034, D#:0.028, E:0.236, F:0.034, F#:0.018, G:0.067, G#:0.044, A:0.362, A#:0.032, B:0.050"
55248,"C:0.254, C#:0.027, D:0.108, D#:0.022, E:0.089, F:0.023, F#:0.024, G:0.192, G#:0.081, A:0.063, A#:0.019, B:0.097"
55249,"C:0.021, C#:0.152, D:0.250, D#:0.013, E:0.034, F:0.015, F#:0.064, G:0.013, G#:0.031, A:0.222, A#:0.019, B:0.166"
55285,"C:0.054, C#:0.054, D:0.169, D#:0.029, E:0.025, F:0.011, F#:0.055, G:0.054, G#:0.052, A:0.132, A#:0.098, B:0.268"
55286,"C:0.121, C#:0.065, D:0.149, D#:0.061, E:0.104, F:0.051, F#:0.085, G:0.058, G#:0.036, A:0.042, A#:0.062, B:0.164"
55288,"C:0.099, C#:0.038, D:0.157, D#:0.032, E:0.117, F:0.046, F#:0.035, G:0.123, G#:0.058, A:0.229, A#:0.034, B:0.031"
55289,"C:0.169, C#:0.082, D:0.204, D#:0.071, E:0.146, F:0.032, F#:0.021, G:0.023, G#:0.019, A:0.058, A#:0.036, B:0.139"
55290,"C:0.077, C#:0.016, D:0.063, D#:0.021, E:0.203, F:0.212, F#:0.028, G:0.052, G#:0.023, A:0.251, A#:0.018, B:0.037"
55292,"C:0.121, C#:0.048, D:0.099, D#:0.037, E:0.083, F:0.040, F#:0.129, G:0.195, G#:0.026, A:0.038, A#:0.052, B:0.132"
55295,"C:0.136, C#:0.048, D:0.060, D#:0.045, E:0.066, F:0.103, F#:0.046, G:0.181, G#:0.051, A:0.152, A#:0.055, B:0.058"
55332,"C:0.072, C#:0.027, D:0.092, D#:0.037, E:0.163, F:0.077, F#:0.035, G:0.096, G#:0.055, A:0.252, A#:0.044, B:0.051"
55334,"C:0.146, C#:0.055, D:0.076, D#:0.052, E:0.141, F:0.065, F#:0.050, G:0.137, G#:0.043, A:0.123, A#:0.039, B:0.073"
55336,"C:0.060, C#:0.066, D:0.087, D#:0.090, E:0.165, F:0.075, F#:0.082, G:0.098, G#:0.068, A:0.052, A#:0.057, B:0.101"
55346,"C:0.045, C#:0.069, D:0.324, D#:0.026, E:0.013, F:0.007, F#:0.083, G:0.076, G#:0.010, A:0.036, A#:0.031, B:0.281"
55370,"C:0.104, C#:0.073, D:0.039, D#:0.271, E:0.031, F:0.020, F#:0.066, G:0.034, G#:0.062, A:0.029, A#:0.187, B:0.084"
55405,"C:0.072, C#:0.025, D:0.025, D#:0.021, E:0.109, F:0.029, F#:0.036, G:0.029, G#:0.043, A:0.102, A#:0.375, B:0.134"
55406,"C:0.058, C#:0.071, D:0.104, D#:0.037, E:0.104, F:0.051, F#:0.061, G:0.110, G#:0.088, A:0.191, A#:0.079, B:0.046"
55407,"C:0.170, C#:0.027, D:0.136, D#:0.025, E:0.047, F:0.118, F#:0.044, G:0.216, G#:0.035, A:0.144, A#:0.017, B:0.021"
55409,"C:0.127, C#:0.024, D:0.065, D#:0.037, E:0.121, F:0.119, F#:0.034, G:0.130, G#:0.034, A:0.239, A#:0.023, B:0.048"
55411,"C:0.172, C#:0.050, D:0.083, D#:0.023, E:0.054, F:0.084, F#:0.054, G:0.225, G#:0.049, A:0.112, A#:0.030, B:0.064"
55412,"C:0.146, C#:0.101, D:0.103, D#:0.046, E:0.067, F:0.115, F#:0.061, G:0.059, G#:0.044, A:0.098, A#:0.093, B:0.066"
55451,"C:0.026, C#:0.103, D:0.043, D#:0.053, E:0.238, F:0.080, F#:0.153, G:0.064, G#:0.055, A:0.106, A#:0.044, B:0.036"
55452,"C:0.023, C#:0.054, D:0.011, D#:0.069, E:0.021, F:0.209, F#:0.133, G:0.034, G#:0.141, A:0.034, A#:0.249, B:0.022"
55488,"C:0.036, C#:0.173, D:0.071, D#:0.086, E:0.036, F:0.029, F#:0.164, G:0.024, G#:0.073, A:0.203, A#:0.019, B:0.087"
55550,"C:0.117, C#:0.022, D:0.015, D#:0.115, E:0.054, F:0.014, F#:0.024, G:0.067, G#:0.217, A:0.165, A#:0.053, B:0.137"
55554,"C:0.029, C#:0.034, D:0.066, D#:0.326, E:0.077, F:0.051, F#:0.106, G:0.049, G#:0.037, A:0.037, A#:0.103, B:0.085"
55558,"C:0.052, C#:0.068, D:0.081, D#:0.080, E:0.066, F:0.050, F#:0.059, G:0.157, G#:0.186, A:0.101, A#:0.056, B:0.043"
55710,"C:0.199, C#:0.049, D:0.050, D#:0.042, E:0.066, F:0.042, F#:0.058, G:0.176, G#:0.052, A:0.105, A#:0.045, B:0.117"
55711,"C:0.025, C#:0.094, D:0.423, D#:0.106, E:0.050, F:0.032, F#:0.022, G:0.123, G#:0.036, A:0.063, A#:0.016, B:0.011"
55712,"C:0.024, C#:0.049, D:0.248, D#:0.079, E:0.233, F:0.127, F#:0.032, G:0.069, G#:0.018, A:0.093, A#:0.015, B:0.013"
55713,"C:0.051, C#:0.039, D:0.134, D#:0.056, E:0.111, F:0.167, F#:0.075, G:0.049, G#:0.041, A:0.178, A#:0.045, B:0.054"
55714,"C:0.257, C#:0.036, D:0.123, D#:0.016, E:0.073, F:0.081, F#:0.016, G:0.044, G#:0.073, A:0.148, A#:0.033, B:0.101"
55715,"C:0.133, C#:0.054, D:0.057, D#:0.049, E:0.072, F:0.072, F#:0.068, G:0.072, G#:0.084, A:0.115, A#:0.083, B:0.142"
55716,"C:0.050, C#:0.078, D:0.183, D#:0.038, E:0.066, F:0.037, F#:0.169, G:0.084, G#:0.020, A:0.047, A#:0.036, B:0.191"
55717,"C:0.027, C#:0.018, D:0.032, D#:0.126, E:0.114, F:0.025, F#:0.029, G:0.129, G#:0.236, A:0.059, A#:0.131, B:0.074"
55718,"C:0.112, C#:0.039, D:0.099, D#:0.047, E:0.045, F:0.069, F#:0.047, G:0.302, G#:0.065, A:0.030, A#:0.027, B:0.119"
55719,"C:0.055, C#:0.058, D:0.077, D#:0.086, E:0.168, F:0.087, F#:0.112, G:0.112, G#:0.092, A:0.056, A#:0.043, B:0.054"
55899,"C:0.114, C#:0.088, D:0.208, D#:0.103, E:0.089, F:0.103, F#:0.034, G:0.052, G#:0.034, A:0.060, A#:0.060, B:0.054"
56143,"C:0.019, C#:0.020, D:0.084, D#:0.030, E:0.177, F:0.048, F#:0.061, G:0.053, G#:0.068, A:0.282, A#:0.075, B:0.084"
56186,"C:0.052, C#:0.043, D:0.092, D#:0.056, E:0.099, F:0.106, F#:0.084, G:0.131, G#:0.077, A:0.157, A#:0.063, B:0.041"
56187,"C:0.102, C#:0.061, D:0.084, D#:0.053, E:0.117, F:0.035, F#:0.035, G:0.072, G#:0.059, A:0.160, A#:0.092, B:0.129"
56189,"C:0.106, C#:0.078, D:0.176, D#:0.088, E:0.054, F:0.059, F#:0.036, G:0.079, G#:0.067, A:0.120, A#:0.082, B:0.056"
56249,"C:0.116, C#:0.040, D:0.107, D#:0.121, E:0.043, F:0.064, F#:0.061, G:0.071, G#:0.087, A:0.076, A#:0.122, B:0.094"
56480,"C:0.042, C#:0.049, D:0.056, D#:0.057, E:0.130, F:0.090, F#:0.139, G:0.112, G#:0.075, A:0.117, A#:0.065, B:0.068"
56500,"C:0.066, C#:0.044, D:0.039, D#:0.044, E:0.043, F:0.070, F#:0.085, G:0.192, G#:0.214, A:0.099, A#:0.058, B:0.046"
56502,"C:0.031, C#:0.056, D:0.151, D#:0.138, E:0.100, F:0.071, F#:0.081, G:0.073, G#:0.092, A:0.123, A#:0.052, B:0.032"
56504,"C:0.109, C#:0.089, D:0.108, D#:0.135, E:0.112, F:0.090, F#:0.074, G:0.105, G#:0.056, A:0.039, A#:0.038, B:0.044"
56505,"C:0.107, C#:0.087, D:0.091, D#:0.091, E:0.082, F:0.077, F#:0.097, G:0.109, G#:0.077, A:0.065, A#:0.063, B:0.053"
56506,"C:0.045, C#:0.025, D:0.073, D#:0.085, E:0.166, F:0.124, F#:0.106, G:0.124, G#:0.029, A:0.015, A#:0.048, B:0.160"
56508,"C:0.053, C#:0.064, D:0.112, D#:0.044, E:0.034, F:0.031, F#:0.067, G:0.090, G#:0.086, A:0.144, A#:0.112, B:0.163"
56510,"C:0.085, C#:0.132, D:0.091, D#:0.075, E:0.065, F:0.041, F#:0.055, G:0.099, G#:0.134, A:0.089, A#:0.059, B:0.075"
56511,"C:0.097, C#:0.083, D:0.069, D#:0.038, E:0.040, F:0.054, F#:0.040, G:0.046, G#:0.075, A:0.132, A#:0.238, B:0.088"
56512,"C:0.025, C#:0.039, D:0.056, D#:0.074, E:0.329, F:0.189, F#:0.095, G:0.069, G#:0.045, A:0.036, A#:0.025, B:0.018"
56513,"C:0.033, C#:0.040, D:0.090, D#:0.140, E:0.102, F:0.100, F#:0.104, G:0.099, G#:0.088, A:0.073, A#:0.076, B:0.055"
56514,"C:0.112, C#:0.072, D:0.059, D#:0.122, E:0.079, F:0.041, F#:0.052, G:0.049, G#:0.072, A:0.165, A#:0.104, B:0.075"
56515,"C:0.033, C#:0.066, D:0.047, D#:0.059, E:0.087, F:0.195, F#:0.237, G:0.116, G#:0.059, A:0.031, A#:0.039, B:0.031"
56516,"C:0.029, C#:0.014, D:0.039, D#:0.060, E:0.131, F:0.049, F#:0.046, G:0.079, G#:0.170, A:0.337, A#:0.016, B:0.030"
56517,"C:0.234, C#:0.043, D:0.065, D#:0.056, E:0.140, F:0.005, F#:0.026, G:0.062, G#:0.047, A:0.134, A#:0.016, B:0.175"
56518,"C:0.064, C#:0.054, D:0.110, D#:0.017, E:0.039, F:0.018, F#:0.097, G:0.147, G#:0.080, A:0.239, A#:0.043, B:0.092"
56520,"C:0.054, C#:0.016, D:0.109, D#:0.029, E:0.167, F:0.020, F#:0.056, G:0.154, G#:0.044, A:0.105, A#:0.036, B:0.210"
56521,"C:0.033, C#:0.053, D:0.031, D#:0.046, E:0.064, F:0.031, F#:0.073, G:0.140, G#:0.182, A:0.307, A#:0.016, B:0.025"
56525,"C:0.124, C#:0.066, D:0.061, D#:0.046, E:0.036, F:0.041, F#:0.078, G:0.147, G#:0.135, A:0.112, A#:0.076, B:0.077"
56526,"C:0.058, C#:0.044, D:0.220, D#:0.037, E:0.148, F:0.029, F#:0.028, G:0.088, G#:0.057, A:0.227, A#:0.039, B:0.025"
56527,"C:0.159, C#:0.110, D:0.102, D#:0.109, E:0.060, F:0.143, F#:0.048, G:0.082, G#:0.043, A:0.052, A#:0.041, B:0.050"
56528,"C:0.078, C#:0.054, D:0.218, D#:0.050, E:0.086, F:0.036, F#:0.091, G:0.078, G#:0.033, A:0.068, A#:0.035, B:0.172"
56601,"C:0.120, C#:0.069, D:0.043, D#:0.043, E:0.049, F:0.073, F#:0.088, G:0.125, G#:0.125, A:0.109, A#:0.083, B:0.073"
56603,"C:0.148, C#:0.088, D:0.103, D#:0.039, E:0.023, F:0.036, F#:0.072, G:0.100, G#:0.076, A:0.114, A#:0.080, B:0.122"
56605,"C:0.049, C#:0.071, D:0.027, D#:0.025, E:0.038, F:0.068, F#:0.055, G:0.079, G#:0.115, A:0.165, A#:0.215, B:0.093"
56606,"C:0.029, C#:0.063, D:0.070, D#:0.181, E:0.079, F:0.109, F#:0.243, G:0.069, G#:0.057, A:0.028, A#:0.054, B:0.017"
56712,"C:0.092, C#:0.036, D:0.051, D#:0.089, E:0.155, F:0.036, F#:0.047, G:0.113, G#:0.077, A:0.129, A#:0.074, B:0.101"
56713,"C:0.032, C#:0.071, D:0.121, D#:0.025, E:0.032, F:0.026, F#:0.099, G:0.045, G#:0.102, A:0.206, A#:0.082, B:0.159"
56714,"C:0.091, C#:0.051, D:0.123, D#:0.062, E:0.092, F:0.056, F#:0.102, G:0.149, G#:0.061, A:0.088, A#:0.056, B:0.070"
56795,"C:0.045, C#:0.054, D:0.110, D#:0.033, E:0.043, F:0.024, F#:0.143, G:0.155, G#:0.047, A:0.087, A#:0.054, B:0.206"
56798,"C:0.171, C#:0.049, D:0.098, D#:0.031, E:0.048, F:0.182, F#:0.040, G:0.095, G#:0.028, A:0.061, A#:0.129, B:0.067"
56799,"C:0.051, C#:0.078, D:0.144, D#:0.074, E:0.072, F:0.176, F#:0.086, G:0.079, G#:0.084, A:0.081, A#:0.045, B:0.030"
56801,"C:0.044, C#:0.084, D:0.189, D#:0.064, E:0.106, F:0.044, F#:0.078, G:0.040, G#:0.053, A:0.156, A#:0.058, B:0.083"
56803,"C:0.076, C#:0.181, D:0.075, D#:0.053, E:0.142, F:0.046, F#:0.072, G:0.082, G#:0.099, A:0.066, A#:0.037, B:0.071"
56804,"C:0.113, C#:0.054, D:0.219, D#:0.079, E:0.060, F:0.119, F#:0.022, G:0.057, G#:0.030, A:0.152, A#:0.035, B:0.060"
56805,"C:0.165, C#:0.070, D:0.226, D#:0.046, E:0.060, F:0.017, F#:0.030, G:0.162, G#:0.031, A:0.019, A#:0.022, B:0.153"
56825,"C:0.133, C#:0.042, D:0.066, D#:0.093, E:0.101, F:0.060, F#:0.071, G:0.135, G#:0.064, A:0.058, A#:0.057, B:0.120"
56836,"C:0.072, C#:0.052, D:0.346, D#:0.045, E:0.064, F:0.084, F#:0.038, G:0.013, G#:0.020, A:0.157, A#:0.078, B:0.031"
56895,"C:0.096, C#:0.047, D:0.071, D#:0.052, E:0.132, F:0.065, F#:0.056, G:0.107, G#:0.083, A:0.137, A#:0.065, B:0.089"
56901,"C:0.095, C#:0.054, D:0.069, D#:0.037, E:0.063, F:0.058, F#:0.060, G:0.115, G#:0.119, A:0.115, A#:0.121, B:0.094"
56903,"C:0.082, C#:0.106, D:0.125, D#:0.045, E:0.107, F:0.112, F#:0.046, G:0.053, G#:0.019, A:0.136, A#:0.077, B:0.090"
56904,"C:0.089, C#:0.019, D:0.024, D#:0.031, E:0.077, F:0.064, F#:0.043, G:0.145, G#:0.213, A:0.077, A#:0.076, B:0.143"
56905,"C:0.098, C#:0.093, D:0.173, D#:0.108, E:0.133, F:0.024, F#:0.036, G:0.114, G#:0.031, A:0.091, A#:0.034, B:0.064"
56908,"C:0.039, C#:0.016, D:0.029, D#:0.040, E:0.126, F:0.118, F#:0.091, G:0.261, G#:0.186, A:0.033, A#:0.026, B:0.035"
56912,"C:0.208, C#:0.070, D:0.093, D#:0.050, E:0.125, F:0.067, F#:0.047, G:0.048, G#:0.048, A:0.104, A#:0.061, B:0.078"
56929,"C:0.077, C#:0.062, D:0.093, D#:0.076, E:0.072, F:0.105, F#:0.064, G:0.097, G#:0.061, A:0.097, A#:0.101, B:0.095"
56958,"C:0.250, C#:0.097, D:0.120, D#:0.064, E:0.041, F:0.065, F#:0.041, G:0.176, G#:0.062, A:0.020, A#:0.018, B:0.046"
57003,"C:0.086, C#:0.072, D:0.121, D#:0.050, E:0.044, F:0.040, F#:0.098, G:0.135, G#:0.064, A:0.085, A#:0.076, B:0.129"
57004,"C:0.025, C#:0.050, D:0.025, D#:0.039, E:0.044, F:0.099, F#:0.150, G:0.145, G#:0.267, A:0.061, A#:0.059, B:0.036"
57005,"C:0.051, C#:0.047, D:0.156, D#:0.057, E:0.041, F:0.028, F#:0.078, G:0.116, G#:0.093, A:0.114, A#:0.073, B:0.146"
57007,"C:0.084, C#:0.052, D:0.055, D#:0.146, E:0.152, F:0.048, F#:0.073, G:0.070, G#:0.049, A:0.051, A#:0.109, B:0.111"
57009,"C:0.106, C#:0.050, D:0.055, D#:0.029, E:0.070, F:0.093, F#:0.067, G:0.105, G#:0.071, A:0.141, A#:0.119, B:0.093"
57010,"C:0.061, C#:0.068, D:0.128, D#:0.142, E:0.072, F:0.097, F#:0.041, G:0.063, G#:0.036, A:0.121, A#:0.131, B:0.040"
57012,"C:0.016, C#:0.065, D:0.328, D#:0.035, E:0.039, F:0.010, F#:0.024, G:0.011, G#:0.028, A:0.391, A#:0.034, B:0.021"
57038,"C:0.025, C#:0.120, D:0.281, D#:0.052, E:0.035, F:0.053, F#:0.270, G:0.033, G#:0.027, A:0.041, A#:0.025, B:0.038"
57043,"C:0.043, C#:0.127, D:0.082, D#:0.153, E:0.097, F:0.071, F#:0.104, G:0.064, G#:0.122, A:0.040, A#:0.041, B:0.057"
57047,"C:0.034, C#:0.032, D:0.277, D#:0.032, E:0.016, F:0.027, F#:0.063, G:0.327, G#:0.073, A:0.035, A#:0.069, B:0.015"
57049,"C:0.115, C#:0.037, D:0.081, D#:0.051, E:0.103, F:0.140, F#:0.058, G:0.121, G#:0.053, A:0.092, A#:0.032, B:0.116"
57050,"C:0.082, C#:0.046, D:0.170, D#:0.062, E:0.088, F:0.032, F#:0.077, G:0.182, G#:0.051, A:0.052, A#:0.033, B:0.125"
57053,"C:0.064, C#:0.092, D:0.045, D#:0.032, E:0.067, F:0.028, F#:0.163, G:0.034, G#:0.058, A:0.140, A#:0.103, B:0.174"
57054,"C:0.075, C#:0.049, D:0.108, D#:0.061, E:0.100, F:0.061, F#:0.084, G:0.141, G#:0.060, A:0.073, A#:0.061, B:0.125"
57071,"C:0.116, C#:0.068, D:0.053, D#:0.042, E:0.089, F:0.085, F#:0.031, G:0.048, G#:0.066, A:0.263, A#:0.075, B:0.063"
57164,"C:0.054, C#:0.068, D:0.040, D#:0.059, E:0.095, F:0.050, F#:0.123, G:0.071, G#:0.120, A:0.055, A#:0.051, B:0.213"
57166,"C:0.134, C#:0.060, D:0.105, D#:0.053, E:0.061, F:0.106, F#:0.077, G:0.190, G#:0.050, A:0.045, A#:0.053, B:0.066"
57175,"C:0.035, C#:0.098, D:0.036, D#:0.075, E:0.253, F:0.049, F#:0.087, G:0.028, G#:0.091, A:0.151, A#:0.037, B:0.062"
57176,"C:0.045, C#:0.046, D:0.091, D#:0.071, E:0.115, F:0.052, F#:0.068, G:0.104, G#:0.071, A:0.127, A#:0.107, B:0.104"
57234,"C:0.103, C#:0.110, D:0.033, D#:0.167, E:0.030, F:0.132, F#:0.037, G:0.076, G#:0.221, A:0.033, A#:0.036, B:0.022"
57235,"C:0.014, C#:0.091, D:0.199, D#:0.014, E:0.037, F:0.013, F#:0.218, G:0.080, G#:0.041, A:0.066, A#:0.018, B:0.210"
57241,"C:0.232, C#:0.062, D:0.033, D#:0.016, E:0.087, F:0.062, F#:0.029, G:0.086, G#:0.043, A:0.182, A#:0.060, B:0.108"
57261,"C:0.132, C#:0.009, D:0.069, D#:0.012, E:0.234, F:0.017, F#:0.076, G:0.180, G#:0.014, A:0.100, A#:0.008, B:0.150"
57262,"C:0.059, C#:0.043, D:0.220, D#:0.028, E:0.181, F:0.028, F#:0.024, G:0.065, G#:0.040, A:0.204, A#:0.071, B:0.036"
57263,"C:0.043, C#:0.019, D:0.389, D#:0.028, E:0.022, F:0.050, F#:0.011, G:0.151, G#:0.012, A:0.250, A#:0.020, B:0.005"
57265,"C:0.071, C#:0.022, D:0.175, D#:0.020, E:0.197, F:0.011, F#:0.009, G:0.050, G#:0.028, A:0.315, A#:0.039, B:0.061"
57267,"C:0.141, C#:0.030, D:0.098, D#:0.024, E:0.173, F:0.132, F#:0.047, G:0.144, G#:0.022, A:0.115, A#:0.017, B:0.056"
57300,"C:0.044, C#:0.091, D:0.053, D#:0.146, E:0.067, F:0.071, F#:0.101, G:0.093, G#:0.209, A:0.057, A#:0.041, B:0.027"
57303,"C:0.038, C#:0.139, D:0.040, D#:0.106, E:0.051, F:0.078, F#:0.211, G:0.045, G#:0.037, A:0.030, A#:0.142, B:0.085"
57374,"C:0.018, C#:0.180, D:0.011, D#:0.006, E:0.031, F:0.008, F#:0.009, G:0.019, G#:0.081, A:0.547, A#:0.072, B:0.018"
57387,"C:0.024, C#:0.117, D:0.057, D#:0.180, E:0.077, F:0.079, F#:0.177, G:0.046, G#:0.033, A:0.034, A#:0.148, B:0.028"
57391,"C:0.024, C#:0.142, D:0.134, D#:0.082, E:0.217, F:0.040, F#:0.079, G:0.024, G#:0.080, A:0.117, A#:0.033, B:0.029"
57393,"C:0.151, C#:0.056, D:0.099, D#:0.016, E:0.028, F:0.055, F#:0.040, G:0.160, G#:0.044, A:0.143, A#:0.142, B:0.066"
57400,"C:0.320, C#:0.037, D:0.114, D#:0.029, E:0.263, F:0.101, F#:0.012, G:0.065, G#:0.006, A:0.006, A#:0.007, B:0.041"
57433,"C:0.018, C#:0.037, D:0.016, D#:0.040, E:0.005, F:0.065, F#:0.149, G:0.116, G#:0.212, A:0.040, A#:0.171, B:0.133"
57632,"C:0.059, C#:0.033, D:0.049, D#:0.078, E:0.163, F:0.084, F#:0.049, G:0.097, G#:0.105, A:0.187, A#:0.064, B:0.030"
57636,"C:0.049, C#:0.039, D:0.068, D#:0.060, E:0.146, F:0.062, F#:0.099, G:0.038, G#:0.060, A:0.164, A#:0.079, B:0.136"
57663,"C:0.070, C#:0.107, D:0.039, D#:0.037, E:0.052, F:0.072, F#:0.217, G:0.063, G#:0.055, A:0.047, A#:0.075, B:0.166"
57786,"C:0.076, C#:0.358, D:0.063, D#:0.058, E:0.204, F:0.045, F#:0.012, G:0.014, G#:0.132, A:0.010, A#:0.009, B:0.019"
57787,"C:0.075, C#:0.014, D:0.055, D#:0.021, E:0.097, F:0.294, F#:0.054, G:0.089, G#:0.036, A:0.085, A#:0.160, B:0.019"
57788,"C:0.073, C#:0.014, D:0.011, D#:0.013, E:0.031, F:0.024, F#:0.156, G:0.370, G#:0.119, A:0.113, A#:0.024, B:0.052"
57790,"C:0.138, C#:0.330, D:0.067, D#:0.031, E:0.119, F:0.032, F#:0.099, G:0.036, G#:0.083, A:0.022, A#:0.015, B:0.027"
57791,"C:0.116, C#:0.026, D:0.091, D#:0.048, E:0.181, F:0.196, F#:0.014, G:0.127, G#:0.025, A:0.084, A#:0.036, B:0.058"
57792,"C:0.048, C#:0.020, D:0.036, D#:0.068, E:0.055, F:0.255, F#:0.073, G:0.120, G#:0.030, A:0.060, A#:0.199, B:0.036"
57793,"C:0.042, C#:0.070, D:0.129, D#:0.123, E:0.184, F:0.100, F#:0.067, G:0.078, G#:0.033, A:0.077, A#:0.052, B:0.044"
57796,"C:0.150, C#:0.043, D:0.016, D#:0.037, E:0.131, F:0.206, F#:0.137, G:0.138, G#:0.045, A:0.016, A#:0.030, B:0.051"
57798,"C:0.297, C#:0.062, D:0.082, D#:0.022, E:0.073, F:0.164, F#:0.017, G:0.041, G#:0.018, A:0.087, A#:0.063, B:0.073"
57799,"C:0.138, C#:0.097, D:0.057, D#:0.118, E:0.036, F:0.057, F#:0.052, G:0.078, G#:0.106, A:0.062, A#:0.129, B:0.069"
57801,"C:0.201, C#:0.052, D:0.106, D#:0.054, E:0.026, F:0.120, F#:0.039, G:0.141, G#:0.045, A:0.040, A#:0.129, B:0.045"
57802,"C:0.036, C#:0.112, D:0.045, D#:0.187, E:0.055, F:0.035, F#:0.190, G:0.022, G#:0.038, A:0.018, A#:0.061, B:0.201"
57804,"C:0.034, C#:0.078, D:0.159, D#:0.117, E:0.128, F:0.131, F#:0.140, G:0.080, G#:0.051, A:0.048, A#:0.022, B:0.012"
57909,"C:0.038, C#:0.080, D:0.023, D#:0.045, E:0.235, F:0.052, F#:0.102, G:0.037, G#:0.152, A:0.092, A#:0.018, B:0.126"
57910,"C:0.069, C#:0.018, D:0.195, D#:0.024, E:0.086, F:0.014, F#:0.055, G:0.254, G#:0.030, A:0.105, A#:0.017, B:0.133"
57911,"C:0.161, C#:0.015, D:0.043, D#:0.155, E:0.023, F:0.109, F#:0.024, G:0.082, G#:0.071, A:0.029, A#:0.239, B:0.047"
57912,"C:0.145, C#:0.027, D:0.268, D#:0.018, E:0.053, F:0.007, F#:0.020, G:0.185, G#:0.033, A:0.124, A#:0.015, B:0.105"
57913,"C:0.114, C#:0.019, D:0.118, D#:0.043, E:0.125, F:0.016, F#:0.100, G:0.178, G#:0.021, A:0.105, A#:0.029, B:0.131"
57914,"C:0.174, C#:0.032, D:0.033, D#:0.021, E:0.081, F:0.189, F#:0.051, G:0.096, G#:0.043, A:0.116, A#:0.116, B:0.047"
57915,"C:0.024, C#:0.023, D:0.021, D#:0.059, E:0.233, F:0.062, F#:0.108, G:0.054, G#:0.081, A:0.082, A#:0.051, B:0.204"
57916,"C:0.026, C#:0.069, D:0.029, D#:0.123, E:0.308, F:0.039, F#:0.143, G:0.027, G#:0.052, A:0.048, A#:0.031, B:0.104"
57918,"C:0.114, C#:0.105, D:0.161, D#:0.056, E:0.076, F:0.114, F#:0.036, G:0.066, G#:0.064, A:0.102, A#:0.053, B:0.054"
57919,"C:0.202, C#:0.032, D:0.070, D#:0.017, E:0.048, F:0.284, F#:0.042, G:0.043, G#:0.018, A:0.090, A#:0.117, B:0.037"
57920,"C:0.098, C#:0.026, D:0.190, D#:0.026, E:0.075, F:0.018, F#:0.044, G:0.235, G#:0.029, A:0.101, A#:0.027, B:0.133"
57921,"C:0.173, C#:0.020, D:0.120, D#:0.019, E:0.122, F:0.207, F#:0.023, G:0.064, G#:0.017, A:0.113, A#:0.098, B:0.024"
57922,"C:0.048, C#:0.032, D:0.085, D#:0.057, E:0.182, F:0.048, F#:0.095, G:0.129, G#:0.055, A:0.095, A#:0.034, B:0.140"
57924,"C:0.068, C#:0.103, D:0.027, D#:0.078, E:0.029, F:0.172, F#:0.066, G:0.040, G#:0.155, A:0.059, A#:0.165, B:0.037"
58111,"C:0.203, C#:0.032, D:0.063, D#:0.020, E:0.059, F:0.018, F#:0.029, G:0.330, G#:0.055, A:0.094, A#:0.030, B:0.068"
58128,"C:0.049, C#:0.054, D:0.164, D#:0.044, E:0.061, F:0.022, F#:0.119, G:0.131, G#:0.036, A:0.083, A#:0.056, B:0.180"
58129,"C:0.127, C#:0.068, D:0.040, D#:0.048, E:0.117, F:0.098, F#:0.062, G:0.116, G#:0.065, A:0.076, A#:0.062, B:0.121"
58130,"C:0.064, C#:0.046, D:0.076, D#:0.125, E:0.093, F:0.086, F#:0.060, G:0.121, G#:0.080, A:0.054, A#:0.133, B:0.062"
58133,"C:0.034, C#:0.039, D:0.021, D#:0.017, E:0.120, F:0.133, F#:0.038, G:0.032, G#:0.108, A:0.339, A#:0.088, B:0.031"
58134,"C:0.052, C#:0.110, D:0.081, D#:0.116, E:0.151, F:0.072, F#:0.078, G:0.042, G#:0.097, A:0.038, A#:0.060, B:0.104"
58135,"C:0.027, C#:0.030, D:0.191, D#:0.075, E:0.116, F:0.042, F#:0.049, G:0.170, G#:0.025, A:0.036, A#:0.047, B:0.192"
58136,"C:0.072, C#:0.074, D:0.066, D#:0.103, E:0.129, F:0.139, F#:0.086, G:0.041, G#:0.055, A:0.079, A#:0.063, B:0.095"
58138,"C:0.203, C#:0.018, D:0.033, D#:0.018, E:0.191, F:0.064, F#:0.027, G:0.120, G#:0.012, A:0.067, A#:0.024, B:0.223"
58139,"C:0.032, C#:0.061, D:0.023, D#:0.100, E:0.017, F:0.020, F#:0.132, G:0.039, G#:0.116, A:0.088, A#:0.159, B:0.212"
58140,"C:0.071, C#:0.115, D:0.072, D#:0.054, E:0.103, F:0.073, F#:0.143, G:0.081, G#:0.046, A:0.042, A#:0.073, B:0.125"
58204,"C:0.045, C#:0.029, D:0.026, D#:0.037, E:0.086, F:0.039, F#:0.039, G:0.079, G#:0.158, A:0.269, A#:0.124, B:0.067"
58207,"C:0.106, C#:0.087, D:0.091, D#:0.092, E:0.081, F:0.077, F#:0.097, G:0.109, G#:0.077, A:0.065, A#:0.063, B:0.054"
58210,"C:0.063, C#:0.059, D:0.119, D#:0.174, E:0.136, F:0.055, F#:0.066, G:0.096, G#:0.035, A:0.070, A#:0.038, B:0.091"
58215,"C:0.065, C#:0.113, D:0.045, D#:0.046, E:0.037, F:0.063, F#:0.115, G:0.086, G#:0.175, A:0.063, A#:0.093, B:0.099"
58216,"C:0.042, C#:0.021, D:0.044, D#:0.084, E:0.045, F:0.120, F#:0.059, G:0.137, G#:0.052, A:0.089, A#:0.259, B:0.048"
58219,"C:0.117, C#:0.056, D:0.014, D#:0.104, E:0.012, F:0.018, F#:0.023, G:0.069, G#:0.458, A:0.055, A#:0.053, B:0.022"
58220,"C:0.034, C#:0.021, D:0.023, D#:0.035, E:0.076, F:0.183, F#:0.071, G:0.057, G#:0.065, A:0.118, A#:0.233, B:0.085"
58221,"C:0.038, C#:0.066, D:0.126, D#:0.172, E:0.204, F:0.072, F#:0.074, G:0.060, G#:0.033, A:0.051, A#:0.032, B:0.073"
58237,"C:0.053, C#:0.074, D:0.069, D#:0.047, E:0.044, F:0.062, F#:0.110, G:0.131, G#:0.176, A:0.113, A#:0.060, B:0.060"
58273,"C:0.080, C#:0.058, D:0.080, D#:0.060, E:0.069, F:0.088, F#:0.122, G:0.118, G#:0.070, A:0.085, A#:0.083, B:0.087"
58274,"C:0.053, C#:0.076, D:0.070, D#:0.047, E:0.107, F:0.062, F#:0.142, G:0.110, G#:0.047, A:0.079, A#:0.061, B:0.145"
58275,"C:0.097, C#:0.105, D:0.086, D#:0.055, E:0.059, F:0.049, F#:0.066, G:0.052, G#:0.070, A:0.085, A#:0.113, B:0.163"
58276,"C:0.093, C#:0.079, D:0.160, D#:0.051, E:0.024, F:0.018, F#:0.040, G:0.141, G#:0.069, A:0.212, A#:0.055, B:0.056"
58278,"C:0.072, C#:0.046, D:0.061, D#:0.054, E:0.174, F:0.161, F#:0.051, G:0.059, G#:0.062, A:0.128, A#:0.053, B:0.079"
58288,"C:0.157, C#:0.085, D:0.093, D#:0.056, E:0.067, F:0.047, F#:0.029, G:0.038, G#:0.059, A:0.111, A#:0.104, B:0.155"
58290,"C:0.038, C#:0.044, D:0.056, D#:0.034, E:0.059, F:0.066, F#:0.160, G:0.132, G#:0.070, A:0.109, A#:0.086, B:0.145"
58292,"C:0.208, C#:0.054, D:0.135, D#:0.067, E:0.061, F:0.057, F#:0.055, G:0.146, G#:0.048, A:0.054, A#:0.056, B:0.059"
58293,"C:0.109, C#:0.044, D:0.053, D#:0.061, E:0.085, F:0.106, F#:0.117, G:0.145, G#:0.105, A:0.067, A#:0.034, B:0.076"
58294,"C:0.059, C#:0.067, D:0.131, D#:0.164, E:0.152, F:0.085, F#:0.053, G:0.022, G#:0.025, A:0.097, A#:0.075, B:0.071"
58295,"C:0.075, C#:0.138, D:0.200, D#:0.038, E:0.026, F:0.012, F#:0.073, G:0.101, G#:0.031, A:0.158, A#:0.039, B:0.110"
58296,"C:0.093, C#:0.110, D:0.059, D#:0.050, E:0.079, F:0.089, F#:0.077, G:0.092, G#:0.068, A:0.089, A#:0.072, B:0.122"
58297,"C:0.038, C#:0.096, D:0.125, D#:0.116, E:0.127, F:0.090, F#:0.085, G:0.066, G#:0.061, A:0.107, A#:0.054, B:0.034"
58303,"C:0.086, C#:0.085, D:0.108, D#:0.088, E:0.101, F:0.079, F#:0.090, G:0.100, G#:0.053, A:0.057, A#:0.062, B:0.091"
58304,"C:0.133, C#:0.074, D:0.086, D#:0.042, E:0.059, F:0.091, F#:0.061, G:0.094, G#:0.065, A:0.180, A#:0.079, B:0.036"
58307,"C:0.114, C#:0.097, D:0.131, D#:0.108, E:0.049, F:0.054, F#:0.058, G:0.107, G#:0.058, A:0.078, A#:0.079, B:0.066"
58308,"C:0.161, C#:0.044, D:0.034, D#:0.032, E:0.046, F:0.118, F#:0.063, G:0.130, G#:0.078, A:0.161, A#:0.072, B:0.059"
58309,"C:0.097, C#:0.075, D:0.117, D#:0.069, E:0.103, F:0.045, F#:0.057, G:0.104, G#:0.058, A:0.082, A#:0.062, B:0.132"
58310,"C:0.091, C#:0.051, D:0.150, D#:0.087, E:0.045, F:0.050, F#:0.096, G:0.156, G#:0.057, A:0.102, A#:0.079, B:0.035"
58312,"C:0.111, C#:0.067, D:0.172, D#:0.085, E:0.154, F:0.052, F#:0.072, G:0.109, G#:0.031, A:0.051, A#:0.030, B:0.067"
58315,"C:0.072, C#:0.049, D:0.081, D#:0.079, E:0.078, F:0.071, F#:0.074, G:0.073, G#:0.077, A:0.136, A#:0.114, B:0.095"
58316,"C:0.025, C#:0.036, D:0.063, D#:0.249, E:0.178, F:0.101, F#:0.059, G:0.061, G#:0.042, A:0.042, A#:0.109, B:0.036"
58337,"C:0.060, C#:0.140, D:0.075, D#:0.095, E:0.071, F:0.114, F#:0.117, G:0.079, G#:0.116, A:0.051, A#:0.049, B:0.034"
58339,"C:0.420, C#:0.047, D:0.021, D#:0.011, E:0.038, F:0.051, F#:0.021, G:0.114, G#:0.022, A:0.063, A#:0.036, B:0.156"
58340,"C:0.012, C#:0.064, D:0.191, D#:0.040, E:0.115, F:0.054, F#:0.177, G:0.140, G#:0.038, A:0.062, A#:0.014, B:0.092"
58374,"C:0.061, C#:0.226, D:0.041, D#:0.047, E:0.140, F:0.049, F#:0.071, G:0.047, G#:0.078, A:0.124, A#:0.049, B:0.067"
58384,"C:0.061, C#:0.226, D:0.041, D#:0.047, E:0.140, F:0.049, F#:0.071, G:0.047, G#:0.078, A:0.124, A#:0.049, B:0.067"
58410,"C:0.068, C#:0.114, D:0.053, D#:0.108, E:0.039, F:0.050, F#:0.048, G:0.083, G#:0.266, A:0.069, A#:0.062, B:0.040"
58412,"C:0.039, C#:0.133, D:0.056, D#:0.197, E:0.026, F:0.046, F#:0.117, G:0.045, G#:0.178, A:0.030, A#:0.088, B:0.044"
58462,"C:0.051, C#:0.035, D:0.044, D#:0.078, E:0.176, F:0.073, F#:0.055, G:0.098, G#:0.088, A:0.087, A#:0.085, B:0.130"
58463,"C:0.016, C#:0.104, D:0.019, D#:0.034, E:0.031, F:0.045, F#:0.323, G:0.054, G#:0.189, A:0.116, A#:0.017, B:0.052"
58505,"C:0.219, C#:0.119, D:0.049, D#:0.062, E:0.150, F:0.056, F#:0.038, G:0.033, G#:0.028, A:0.030, A#:0.053, B:0.163"
58507,"C:0.157, C#:0.041, D:0.118, D#:0.105, E:0.051, F:0.070, F#:0.049, G:0.137, G#:0.040, A:0.046, A#:0.127, B:0.060"
58517,"C:0.056, C#:0.105, D:0.027, D#:0.021, E:0.028, F:0.111, F#:0.245, G:0.148, G#:0.084, A:0.049, A#:0.099, B:0.027"
58604,"C:0.191, C#:0.047, D:0.127, D#:0.033, E:0.034, F:0.126, F#:0.050, G:0.198, G#:0.054, A:0.061, A#:0.034, B:0.044"
59068,"C:0.173, C#:0.055, D:0.027, D#:0.029, E:0.033, F:0.043, F#:0.042, G:0.054, G#:0.038, A:0.103, A#:0.243, B:0.160"
59173,"C:0.047, C#:0.158, D:0.085, D#:0.139, E:0.077, F:0.138, F#:0.065, G:0.050, G#:0.087, A:0.066, A#:0.056, B:0.032"
59176,"C:0.095, C#:0.052, D:0.066, D#:0.053, E:0.082, F:0.052, F#:0.077, G:0.063, G#:0.052, A:0.099, A#:0.098, B:0.211"
59190,"C:0.211, C#:0.013, D:0.096, D#:0.007, E:0.192, F:0.191, F#:0.011, G:0.086, G#:0.010, A:0.119, A#:0.007, B:0.056"
59198,"C:0.046, C#:0.059, D:0.088, D#:0.116, E:0.172, F:0.183, F#:0.117, G:0.096, G#:0.049, A:0.025, A#:0.021, B:0.027"
59250,"C:0.028, C#:0.033, D:0.088, D#:0.161, E:0.148, F:0.069, F#:0.079, G:0.083, G#:0.037, A:0.119, A#:0.068, B:0.086"
59251,"C:0.093, C#:0.086, D:0.093, D#:0.118, E:0.052, F:0.156, F#:0.089, G:0.069, G#:0.066, A:0.049, A#:0.084, B:0.044"
59252,"C:0.063, C#:0.059, D:0.119, D#:0.174, E:0.136, F:0.055, F#:0.066, G:0.096, G#:0.035, A:0.070, A#:0.038, B:0.091"
59284,"C:0.104, C#:0.110, D:0.034, D#:0.167, E:0.030, F:0.131, F#:0.037, G:0.077, G#:0.220, A:0.034, A#:0.035, B:0.022"
59286,"C:0.018, C#:0.046, D:0.255, D#:0.096, E:0.063, F:0.099, F#:0.036, G:0.013, G#:0.027, A:0.164, A#:0.137, B:0.045"
59291,"C:0.232, C#:0.061, D:0.033, D#:0.016, E:0.087, F:0.061, F#:0.029, G:0.086, G#:0.043, A:0.183, A#:0.060, B:0.109"
59293,"C:0.287, C#:0.014, D:0.108, D#:0.011, E:0.178, F:0.075, F#:0.012, G:0.124, G#:0.009, A:0.084, A#:0.009, B:0.088"
59294,"C:0.014, C#:0.091, D:0.199, D#:0.014, E:0.037, F:0.013, F#:0.218, G:0.080, G#:0.041, A:0.066, A#:0.018, B:0.210"
59375,"C:0.279, C#:0.044, D:0.166, D#:0.018, E:0.073, F:0.024, F#:0.022, G:0.187, G#:0.031, A:0.063, A#:0.019, B:0.074"
59542,"C:0.020, C#:0.015, D:0.349, D#:0.012, E:0.030, F:0.367, F#:0.016, G:0.007, G#:0.004, A:0.172, A#:0.006, B:0.004"
59543,"C:0.084, C#:0.055, D:0.009, D#:0.017, E:0.046, F:0.339, F#:0.086, G:0.031, G#:0.270, A:0.027, A#:0.011, B:0.024"
59544,"C:0.131, C#:0.020, D:0.268, D#:0.019, E:0.032, F:0.098, F#:0.019, G:0.228, G#:0.017, A:0.126, A#:0.009, B:0.033"
59545,"C:0.026, C#:0.013, D:0.185, D#:0.147, E:0.012, F:0.093, F#:0.013, G:0.165, G#:0.155, A:0.022, A#:0.159, B:0.009"
59546,"C:0.010, C#:0.050, D:0.254, D#:0.020, E:0.094, F:0.019, F#:0.318, G:0.147, G#:0.008, A:0.037, A#:0.008, B:0.034"
59552,"C:0.023, C#:0.049, D:0.014, D#:0.047, E:0.019, F:0.042, F#:0.134, G:0.032, G#:0.140, A:0.061, A#:0.398, B:0.042"
59554,"C:0.225, C#:0.050, D:0.287, D#:0.027, E:0.024, F:0.026, F#:0.026, G:0.193, G#:0.030, A:0.064, A#:0.016, B:0.032"
59555,"C:0.415, C#:0.064, D:0.288, D#:0.034, E:0.002, F:0.001, F#:0.005, G:0.039, G#:0.006, A:0.019, A#:0.008, B:0.118"
59559,"C:0.005, C#:0.008, D:0.002, D#:0.008, E:0.384, F:0.007, F#:0.129, G:0.004, G#:0.009, A:0.246, A#:0.010, B:0.189"
59595,"C:0.162, C#:0.037, D:0.088, D#:0.022, E:0.081, F:0.152, F#:0.034, G:0.138, G#:0.026, A:0.123, A#:0.024, B:0.114"
59608,"C:0.040, C#:0.092, D:0.101, D#:0.118, E:0.136, F:0.055, F#:0.091, G:0.079, G#:0.064, A:0.089, A#:0.060, B:0.076"
59613,"C:0.241, C#:0.022, D:0.027, D#:0.038, E:0.086, F:0.193, F#:0.080, G:0.088, G#:0.066, A:0.019, A#:0.038, B:0.103"
59614,"C:0.042, C#:0.022, D:0.069, D#:0.051, E:0.462, F:0.078, F#:0.023, G:0.055, G#:0.023, A:0.077, A#:0.017, B:0.081"
59630,"C:0.163, C#:0.012, D:0.129, D#:0.012, E:0.157, F:0.025, F#:0.031, G:0.200, G#:0.029, A:0.118, A#:0.013, B:0.111"
59631,"C:0.214, C#:0.054, D:0.084, D#:0.045, E:0.059, F:0.111, F#:0.063, G:0.200, G#:0.041, A:0.043, A#:0.039, B:0.047"
59633,"C:0.004, C#:0.042, D:0.003, D#:0.005, E:0.177, F:0.008, F#:0.232, G:0.007, G#:0.053, A:0.352, A#:0.010, B:0.108"
59634,"C:0.147, C#:0.018, D:0.078, D#:0.019, E:0.078, F:0.032, F#:0.024, G:0.064, G#:0.057, A:0.395, A#:0.047, B:0.040"
59635,"C:0.021, C#:0.026, D:0.101, D#:0.034, E:0.310, F:0.023, F#:0.137, G:0.051, G#:0.010, A:0.020, A#:0.021, B:0.247"
59915,"C:0.146, C#:0.071, D:0.055, D#:0.105, E:0.034, F:0.046, F#:0.079, G:0.088, G#:0.089, A:0.079, A#:0.105, B:0.101"
59982,"C:0.076, C#:0.053, D:0.038, D#:0.076, E:0.026, F:0.110, F#:0.020, G:0.037, G#:0.068, A:0.092, A#:0.318, B:0.085"
59985,"C:0.162, C#:0.334, D:0.028, D#:0.003, E:0.006, F:0.100, F#:0.021, G:0.039, G#:0.247, A:0.019, A#:0.027, B:0.013"
60154,"C:0.094, C#:0.070, D:0.070, D#:0.089, E:0.146, F:0.124, F#:0.042, G:0.031, G#:0.056, A:0.118, A#:0.065, B:0.096"
60158,"C:0.028, C#:0.064, D:0.135, D#:0.056, E:0.085, F:0.051, F#:0.162, G:0.155, G#:0.045, A:0.085, A#:0.035, B:0.097"
60255,"C:0.143, C#:0.067, D:0.021, D#:0.040, E:0.171, F:0.233, F#:0.063, G:0.054, G#:0.035, A:0.044, A#:0.087, B:0.041"
60277,"C:0.057, C#:0.131, D:0.066, D#:0.169, E:0.109, F:0.193, F#:0.078, G:0.045, G#:0.048, A:0.025, A#:0.037, B:0.041"
60353,"C:0.111, C#:0.177, D:0.041, D#:0.097, E:0.018, F:0.088, F#:0.084, G:0.028, G#:0.172, A:0.031, A#:0.130, B:0.024"
60355,"C:0.070, C#:0.064, D:0.068, D#:0.051, E:0.075, F:0.101, F#:0.079, G:0.141, G#:0.074, A:0.089, A#:0.050, B:0.138"
60356,"C:0.037, C#:0.045, D:0.227, D#:0.019, E:0.067, F:0.019, F#:0.107, G:0.174, G#:0.042, A:0.179, A#:0.030, B:0.052"
60357,"C:0.069, C#:0.095, D:0.079, D#:0.083, E:0.141, F:0.074, F#:0.070, G:0.043, G#:0.062, A:0.092, A#:0.067, B:0.124"
60358,"C:0.022, C#:0.106, D:0.147, D#:0.048, E:0.136, F:0.045, F#:0.075, G:0.080, G#:0.064, A:0.130, A#:0.048, B:0.099"
60360,"C:0.043, C#:0.158, D:0.083, D#:0.023, E:0.050, F:0.028, F#:0.161, G:0.114, G#:0.105, A:0.084, A#:0.043, B:0.110"
60362,"C:0.079, C#:0.047, D:0.082, D#:0.042, E:0.148, F:0.054, F#:0.073, G:0.102, G#:0.063, A:0.180, A#:0.049, B:0.081"
60363,"C:0.196, C#:0.064, D:0.116, D#:0.035, E:0.096, F:0.030, F#:0.067, G:0.095, G#:0.036, A:0.088, A#:0.079, B:0.097"
60842,"C:0.023, C#:0.039, D:0.022, D#:0.052, E:0.245, F:0.054, F#:0.162, G:0.054, G#:0.019, A:0.037, A#:0.047, B:0.247"
60919,"C:0.025, C#:0.051, D:0.027, D#:0.096, E:0.265, F:0.084, F#:0.090, G:0.052, G#:0.071, A:0.082, A#:0.036, B:0.121"
60920,"C:0.020, C#:0.066, D:0.016, D#:0.114, E:0.117, F:0.020, F#:0.089, G:0.052, G#:0.267, A:0.042, A#:0.052, B:0.146"
60921,"C:0.194, C#:0.051, D:0.065, D#:0.046, E:0.127, F:0.112, F#:0.041, G:0.082, G#:0.053, A:0.105, A#:0.037, B:0.087"
60922,"C:0.066, C#:0.054, D:0.069, D#:0.100, E:0.166, F:0.050, F#:0.052, G:0.162, G#:0.068, A:0.037, A#:0.047, B:0.128"
60923,"C:0.044, C#:0.077, D:0.031, D#:0.062, E:0.084, F:0.036, F#:0.061, G:0.090, G#:0.243, A:0.123, A#:0.054, B:0.095"
60924,"C:0.074, C#:0.071, D:0.082, D#:0.020, E:0.090, F:0.187, F#:0.034, G:0.081, G#:0.042, A:0.232, A#:0.059, B:0.029"
60925,"C:0.130, C#:0.033, D:0.038, D#:0.026, E:0.098, F:0.372, F#:0.103, G:0.050, G#:0.024, A:0.058, A#:0.041, B:0.026"
60926,"C:0.093, C#:0.033, D:0.038, D#:0.057, E:0.167, F:0.097, F#:0.053, G:0.111, G#:0.081, A:0.131, A#:0.042, B:0.097"
60927,"C:0.064, C#:0.099, D:0.077, D#:0.103, E:0.098, F:0.032, F#:0.094, G:0.068, G#:0.101, A:0.081, A#:0.045, B:0.137"
60928,"C:0.040, C#:0.037, D:0.052, D#:0.085, E:0.235, F:0.069, F#:0.072, G:0.075, G#:0.047, A:0.102, A#:0.051, B:0.136"
60969,"C:0.020, C#:0.069, D:0.023, D#:0.039, E:0.085, F:0.076, F#:0.205, G:0.085, G#:0.104, A:0.194, A#:0.047, B:0.054"
60971,"C:0.034, C#:0.049, D:0.137, D#:0.091, E:0.131, F:0.119, F#:0.101, G:0.100, G#:0.065, A:0.118, A#:0.038, B:0.017"
60973,"C:0.071, C#:0.031, D:0.047, D#:0.067, E:0.248, F:0.095, F#:0.075, G:0.164, G#:0.084, A:0.068, A#:0.023, B:0.028"
60974,"C:0.364, C#:0.066, D:0.041, D#:0.025, E:0.029, F:0.024, F#:0.036, G:0.133, G#:0.068, A:0.037, A#:0.065, B:0.111"
61394,"C:0.085, C#:0.146, D:0.362, D#:0.119, E:0.047, F:0.034, F#:0.025, G:0.030, G#:0.034, A:0.069, A#:0.019, B:0.032"
61480,"C:0.013, C#:0.021, D:0.041, D#:0.038, E:0.100, F:0.205, F#:0.251, G:0.119, G#:0.058, A:0.093, A#:0.023, B:0.038"
61495,"C:0.063, C#:0.035, D:0.144, D#:0.053, E:0.208, F:0.046, F#:0.062, G:0.134, G#:0.030, A:0.131, A#:0.033, B:0.061"
61496,"C:0.096, C#:0.030, D:0.052, D#:0.049, E:0.110, F:0.087, F#:0.058, G:0.140, G#:0.068, A:0.090, A#:0.116, B:0.105"
61497,"C:0.093, C#:0.021, D:0.058, D#:0.023, E:0.121, F:0.065, F#:0.047, G:0.197, G#:0.054, A:0.188, A#:0.039, B:0.095"
61498,"C:0.054, C#:0.031, D:0.045, D#:0.095, E:0.264, F:0.102, F#:0.061, G:0.058, G#:0.042, A:0.056, A#:0.054, B:0.138"
61499,"C:0.101, C#:0.020, D:0.048, D#:0.045, E:0.163, F:0.110, F#:0.058, G:0.121, G#:0.064, A:0.154, A#:0.043, B:0.074"
61501,"C:0.169, C#:0.015, D:0.093, D#:0.015, E:0.119, F:0.096, F#:0.040, G:0.211, G#:0.023, A:0.068, A#:0.019, B:0.132"
61502,"C:0.146, C#:0.060, D:0.078, D#:0.088, E:0.061, F:0.042, F#:0.064, G:0.130, G#:0.103, A:0.084, A#:0.053, B:0.092"
61503,"C:0.089, C#:0.023, D:0.182, D#:0.134, E:0.019, F:0.114, F#:0.016, G:0.027, G#:0.012, A:0.076, A#:0.275, B:0.033"
61504,"C:0.098, C#:0.034, D:0.079, D#:0.050, E:0.139, F:0.085, F#:0.043, G:0.157, G#:0.069, A:0.097, A#:0.049, B:0.100"
61505,"C:0.313, C#:0.055, D:0.072, D#:0.020, E:0.057, F:0.050, F#:0.033, G:0.194, G#:0.029, A:0.048, A#:0.029, B:0.100"
61507,"C:0.102, C#:0.035, D:0.063, D#:0.079, E:0.163, F:0.151, F#:0.052, G:0.088, G#:0.040, A:0.125, A#:0.037, B:0.065"
61509,"C:0.029, C#:0.056, D:0.022, D#:0.048, E:0.057, F:0.108, F#:0.330, G:0.086, G#:0.050, A:0.066, A#:0.103, B:0.045"
61510,"C:0.062, C#:0.027, D:0.026, D#:0.029, E:0.093, F:0.043, F#:0.080, G:0.147, G#:0.129, A:0.158, A#:0.103, B:0.103"
61512,"C:0.025, C#:0.032, D:0.014, D#:0.138, E:0.019, F:0.037, F#:0.257, G:0.026, G#:0.040, A:0.023, A#:0.149, B:0.239"
61673,"C:0.079, C#:0.035, D:0.037, D#:0.122, E:0.077, F:0.184, F#:0.056, G:0.075, G#:0.103, A:0.042, A#:0.143, B:0.047"
61679,"C:0.058, C#:0.086, D:0.197, D#:0.074, E:0.069, F:0.110, F#:0.064, G:0.076, G#:0.056, A:0.066, A#:0.107, B:0.036"
61731,"C:0.046, C#:0.022, D:0.180, D#:0.114, E:0.017, F:0.007, F#:0.016, G:0.259, G#:0.029, A:0.120, A#:0.170, B:0.020"
61767,"C:0.043, C#:0.034, D:0.035, D#:0.053, E:0.153, F:0.295, F#:0.150, G:0.080, G#:0.060, A:0.038, A#:0.033, B:0.025"
61768,"C:0.241, C#:0.080, D:0.044, D#:0.081, E:0.240, F:0.083, F#:0.032, G:0.028, G#:0.020, A:0.039, A#:0.041, B:0.071"
61772,"C:0.119, C#:0.055, D:0.057, D#:0.073, E:0.075, F:0.105, F#:0.073, G:0.085, G#:0.121, A:0.080, A#:0.090, B:0.066"
61775,"C:0.019, C#:0.016, D:0.035, D#:0.347, E:0.030, F:0.147, F#:0.019, G:0.045, G#:0.132, A:0.023, A#:0.171, B:0.016"
61777,"C:0.073, C#:0.042, D:0.129, D#:0.028, E:0.050, F:0.029, F#:0.098, G:0.227, G#:0.103, A:0.091, A#:0.042, B:0.088"
61782,"C:0.148, C#:0.051, D:0.202, D#:0.101, E:0.057, F:0.025, F#:0.096, G:0.154, G#:0.038, A:0.024, A#:0.024, B:0.080"
61854,"C:0.054, C#:0.015, D:0.079, D#:0.165, E:0.046, F:0.104, F#:0.026, G:0.100, G#:0.026, A:0.047, A#:0.302, B:0.035"
61863,"C:0.060, C#:0.074, D:0.137, D#:0.052, E:0.047, F:0.034, F#:0.099, G:0.068, G#:0.041, A:0.176, A#:0.112, B:0.101"
61890,"C:0.035, C#:0.068, D:0.020, D#:0.033, E:0.041, F:0.175, F#:0.365, G:0.075, G#:0.022, A:0.015, A#:0.048, B:0.104"
62042,"C:0.100, C#:0.061, D:0.031, D#:0.041, E:0.079, F:0.244, F#:0.114, G:0.093, G#:0.071, A:0.062, A#:0.053, B:0.050"
62164,"C:0.086, C#:0.049, D:0.104, D#:0.041, E:0.034, F:0.091, F#:0.053, G:0.170, G#:0.089, A:0.074, A#:0.163, B:0.045"
62171,"C:0.152, C#:0.105, D:0.304, D#:0.075, E:0.037, F:0.036, F#:0.036, G:0.135, G#:0.034, A:0.029, A#:0.020, B:0.037"
62184,"C:0.065, C#:0.084, D:0.079, D#:0.129, E:0.066, F:0.033, F#:0.035, G:0.079, G#:0.203, A:0.128, A#:0.057, B:0.042"
62188,"C:0.055, C#:0.068, D:0.164, D#:0.096, E:0.067, F:0.046, F#:0.059, G:0.119, G#:0.077, A:0.098, A#:0.059, B:0.091"
62375,"C:0.355, C#:0.090, D:0.015, D#:0.181, E:0.019, F:0.204, F#:0.017, G:0.023, G#:0.045, A:0.012, A#:0.018, B:0.021"
62381,"C:0.030, C#:0.117, D:0.095, D#:0.065, E:0.124, F:0.070, F#:0.102, G:0.044, G#:0.048, A:0.229, A#:0.045, B:0.031"
62418,"C:0.052, C#:0.072, D:0.266, D#:0.037, E:0.061, F:0.042, F#:0.046, G:0.110, G#:0.037, A:0.233, A#:0.026, B:0.021"
62587,"C:0.131, C#:0.095, D:0.109, D#:0.084, E:0.164, F:0.032, F#:0.015, G:0.012, G#:0.021, A:0.035, A#:0.082, B:0.220"
62637,"C:0.618, C#:0.026, D:0.012, D#:0.091, E:0.005, F:0.003, F#:0.012, G:0.137, G#:0.015, A:0.006, A#:0.011, B:0.062"
62640,"C:0.175, C#:0.044, D:0.025, D#:0.022, E:0.017, F:0.022, F#:0.053, G:0.215, G#:0.248, A:0.041, A#:0.030, B:0.109"
62641,"C:0.257, C#:0.081, D:0.056, D#:0.052, E:0.025, F:0.025, F#:0.032, G:0.101, G#:0.097, A:0.046, A#:0.093, B:0.136"
62642,"C:0.035, C#:0.039, D:0.053, D#:0.049, E:0.299, F:0.057, F#:0.032, G:0.043, G#:0.022, A:0.142, A#:0.029, B:0.200"
62643,"C:0.055, C#:0.047, D:0.109, D#:0.119, E:0.115, F:0.147, F#:0.082, G:0.133, G#:0.053, A:0.069, A#:0.049, B:0.022"
62645,"C:0.017, C#:0.008, D:0.022, D#:0.056, E:0.360, F:0.026, F#:0.014, G:0.030, G#:0.055, A:0.139, A#:0.027, B:0.246"
62647,"C:0.207, C#:0.014, D:0.044, D#:0.019, E:0.206, F:0.072, F#:0.015, G:0.143, G#:0.020, A:0.160, A#:0.054, B:0.046"
62648,"C:0.082, C#:0.061, D:0.092, D#:0.039, E:0.074, F:0.052, F#:0.030, G:0.063, G#:0.064, A:0.219, A#:0.132, B:0.091"
62665,"C:0.133, C#:0.039, D:0.060, D#:0.023, E:0.036, F:0.072, F#:0.022, G:0.023, G#:0.046, A:0.411, A#:0.058, B:0.077"
62666,"C:0.135, C#:0.078, D:0.025, D#:0.029, E:0.075, F:0.020, F#:0.020, G:0.033, G#:0.140, A:0.220, A#:0.090, B:0.135"
62667,"C:0.043, C#:0.051, D:0.141, D#:0.085, E:0.075, F:0.151, F#:0.081, G:0.049, G#:0.068, A:0.122, A#:0.084, B:0.050"
62670,"C:0.083, C#:0.017, D:0.014, D#:0.026, E:0.160, F:0.031, F#:0.105, G:0.124, G#:0.092, A:0.287, A#:0.039, B:0.022"
62673,"C:0.023, C#:0.104, D:0.078, D#:0.025, E:0.161, F:0.032, F#:0.156, G:0.061, G#:0.030, A:0.182, A#:0.037, B:0.111"
62687,"C:0.183, C#:0.050, D:0.062, D#:0.112, E:0.045, F:0.112, F#:0.037, G:0.101, G#:0.033, A:0.037, A#:0.157, B:0.072"
62854,"C:0.093, C#:0.039, D:0.115, D#:0.116, E:0.057, F:0.079, F#:0.058, G:0.130, G#:0.058, A:0.066, A#:0.105, B:0.083"
62902,"C:0.036, C#:0.082, D:0.100, D#:0.060, E:0.192, F:0.056, F#:0.050, G:0.032, G#:0.076, A:0.207, A#:0.039, B:0.069"
62903,"C:0.062, C#:0.040, D:0.097, D#:0.122, E:0.078, F:0.136, F#:0.057, G:0.055, G#:0.042, A:0.057, A#:0.196, B:0.059"
62904,"C:0.072, C#:0.093, D:0.142, D#:0.075, E:0.100, F:0.027, F#:0.025, G:0.047, G#:0.105, A:0.195, A#:0.059, B:0.060"
62905,"C:0.267, C#:0.046, D:0.034, D#:0.029, E:0.060, F:0.148, F#:0.044, G:0.120, G#:0.030, A:0.062, A#:0.095, B:0.066"
62906,"C:0.069, C#:0.034, D:0.184, D#:0.365, E:0.052, F:0.034, F#:0.022, G:0.087, G#:0.061, A:0.021, A#:0.051, B:0.020"
62907,"C:0.051, C#:0.070, D:0.079, D#:0.096, E:0.145, F:0.133, F#:0.122, G:0.058, G#:0.057, A:0.042, A#:0.052, B:0.096"
62908,"C:0.077, C#:0.071, D:0.149, D#:0.065, E:0.057, F:0.046, F#:0.080, G:0.214, G#:0.101, A:0.070, A#:0.033, B:0.038"
62909,"C:0.039, C#:0.177, D:0.293, D#:0.051, E:0.020, F:0.019, F#:0.118, G:0.058, G#:0.029, A:0.110, A#:0.029, B:0.058"
62910,"C:0.051, C#:0.071, D:0.071, D#:0.030, E:0.058, F:0.084, F#:0.064, G:0.050, G#:0.099, A:0.206, A#:0.086, B:0.128"
62911,"C:0.225, C#:0.017, D:0.074, D#:0.015, E:0.220, F:0.163, F#:0.013, G:0.078, G#:0.010, A:0.086, A#:0.078, B:0.021"
63039,"C:0.063, C#:0.038, D:0.025, D#:0.076, E:0.073, F:0.036, F#:0.103, G:0.029, G#:0.033, A:0.070, A#:0.080, B:0.376"
63098,"C:0.099, C#:0.092, D:0.137, D#:0.055, E:0.076, F:0.094, F#:0.074, G:0.095, G#:0.084, A:0.094, A#:0.031, B:0.068"
63147,"C:0.082, C#:0.050, D:0.150, D#:0.076, E:0.146, F:0.177, F#:0.091, G:0.085, G#:0.037, A:0.051, A#:0.022, B:0.035"
63224,"C:0.065, C#:0.037, D:0.090, D#:0.065, E:0.101, F:0.146, F#:0.083, G:0.096, G#:0.069, A:0.102, A#:0.114, B:0.032"
63227,"C:0.078, C#:0.036, D:0.025, D#:0.039, E:0.101, F:0.063, F#:0.081, G:0.106, G#:0.102, A:0.235, A#:0.074, B:0.059"
63228,"C:0.070, C#:0.038, D:0.082, D#:0.034, E:0.059, F:0.067, F#:0.198, G:0.228, G#:0.070, A:0.034, A#:0.029, B:0.092"
63229,"C:0.069, C#:0.035, D:0.072, D#:0.043, E:0.058, F:0.103, F#:0.126, G:0.233, G#:0.066, A:0.056, A#:0.088, B:0.052"
63260,"C:0.034, C#:0.019, D:0.039, D#:0.060, E:0.223, F:0.139, F#:0.145, G:0.117, G#:0.046, A:0.077, A#:0.023, B:0.079"
63261,"C:0.065, C#:0.045, D:0.055, D#:0.056, E:0.112, F:0.103, F#:0.085, G:0.073, G#:0.082, A:0.159, A#:0.087, B:0.078"
63263,"C:0.057, C#:0.048, D:0.077, D#:0.090, E:0.188, F:0.077, F#:0.098, G:0.138, G#:0.036, A:0.040, A#:0.032, B:0.119"
63411,"C:0.102, C#:0.070, D:0.052, D#:0.029, E:0.024, F:0.046, F#:0.107, G:0.192, G#:0.123, A:0.090, A#:0.066, B:0.098"
63464,"C:0.160, C#:0.040, D:0.079, D#:0.029, E:0.169, F:0.049, F#:0.039, G:0.274, G#:0.043, A:0.021, A#:0.017, B:0.080"
63470,"C:0.073, C#:0.046, D:0.076, D#:0.094, E:0.124, F:0.164, F#:0.088, G:0.078, G#:0.070, A:0.082, A#:0.059, B:0.045"
63477,"C:0.051, C#:0.024, D:0.058, D#:0.031, E:0.082, F:0.048, F#:0.111, G:0.364, G#:0.088, A:0.089, A#:0.025, B:0.028"
63481,"C:0.173, C#:0.027, D:0.029, D#:0.015, E:0.055, F:0.126, F#:0.081, G:0.288, G#:0.116, A:0.033, A#:0.025, B:0.031"
63732,"C:0.183, C#:0.057, D:0.069, D#:0.056, E:0.119, F:0.124, F#:0.062, G:0.113, G#:0.046, A:0.074, A#:0.036, B:0.061"
63734,"C:0.066, C#:0.170, D:0.152, D#:0.126, E:0.067, F:0.069, F#:0.089, G:0.064, G#:0.070, A:0.054, A#:0.053, B:0.020"
63752,"C:0.062, C#:0.041, D:0.049, D#:0.076, E:0.050, F:0.105, F#:0.078, G:0.099, G#:0.089, A:0.081, A#:0.181, B:0.087"
63753,"C:0.172, C#:0.030, D:0.035, D#:0.046, E:0.154, F:0.114, F#:0.074, G:0.206, G#:0.044, A:0.056, A#:0.024, B:0.046"
63754,"C:0.128, C#:0.070, D:0.152, D#:0.038, E:0.074, F:0.062, F#:0.024, G:0.051, G#:0.051, A:0.160, A#:0.132, B:0.058"
63757,"C:0.269, C#:0.070, D:0.058, D#:0.026, E:0.102, F:0.188, F#:0.032, G:0.016, G#:0.016, A:0.111, A#:0.041, B:0.070"
63758,"C:0.069, C#:0.074, D:0.076, D#:0.070, E:0.100, F:0.066, F#:0.086, G:0.079, G#:0.077, A:0.092, A#:0.090, B:0.122"
63762,"C:0.107, C#:0.062, D:0.078, D#:0.100, E:0.095, F:0.094, F#:0.088, G:0.104, G#:0.058, A:0.074, A#:0.053, B:0.088"
63768,"C:0.061, C#:0.041, D:0.056, D#:0.238, E:0.036, F:0.047, F#:0.035, G:0.076, G#:0.147, A:0.041, A#:0.192, B:0.030"
63769,"C:0.062, C#:0.212, D:0.053, D#:0.048, E:0.033, F:0.227, F#:0.219, G:0.050, G#:0.050, A:0.014, A#:0.012, B:0.020"
63770,"C:0.045, C#:0.035, D:0.160, D#:0.119, E:0.274, F:0.060, F#:0.049, G:0.100, G#:0.052, A:0.065, A#:0.021, B:0.021"
63789,"C:0.071, C#:0.098, D:0.057, D#:0.061, E:0.118, F:0.063, F#:0.065, G:0.053, G#:0.074, A:0.116, A#:0.070, B:0.154"
63929,"C:0.142, C#:0.106, D:0.059, D#:0.060, E:0.151, F:0.107, F#:0.080, G:0.083, G#:0.042, A:0.022, A#:0.029, B:0.119"
63934,"C:0.200, C#:0.081, D:0.056, D#:0.090, E:0.123, F:0.101, F#:0.046, G:0.031, G#:0.030, A:0.077, A#:0.063, B:0.101"
63965,"C:0.090, C#:0.063, D:0.081, D#:0.059, E:0.118, F:0.056, F#:0.055, G:0.097, G#:0.090, A:0.130, A#:0.088, B:0.072"
63966,"C:0.191, C#:0.079, D:0.048, D#:0.056, E:0.060, F:0.135, F#:0.058, G:0.073, G#:0.068, A:0.057, A#:0.081, B:0.093"
63968,"C:0.075, C#:0.096, D:0.237, D#:0.102, E:0.099, F:0.145, F#:0.064, G:0.049, G#:0.029, A:0.061, A#:0.019, B:0.025"
63969,"C:0.139, C#:0.099, D:0.101, D#:0.116, E:0.099, F:0.089, F#:0.054, G:0.089, G#:0.050, A:0.042, A#:0.053, B:0.069"
63971,"C:0.056, C#:0.108, D:0.291, D#:0.102, E:0.079, F:0.087, F#:0.061, G:0.043, G#:0.042, A:0.080, A#:0.028, B:0.022"
63979,"C:0.010, C#:0.010, D:0.338, D#:0.010, E:0.002, F:0.002, F#:0.119, G:0.004, G#:0.015, A:0.132, A#:0.029, B:0.328"
63998,"C:0.048, C#:0.016, D:0.058, D#:0.102, E:0.369, F:0.163, F#:0.084, G:0.042, G#:0.010, A:0.017, A#:0.008, B:0.083"
63999,"C:0.092, C#:0.045, D:0.091, D#:0.091, E:0.322, F:0.130, F#:0.047, G:0.091, G#:0.028, A:0.015, A#:0.014, B:0.036"
64005,"C:0.064, C#:0.049, D:0.101, D#:0.043, E:0.086, F:0.065, F#:0.116, G:0.136, G#:0.069, A:0.120, A#:0.059, B:0.094"
64006,"C:0.070, C#:0.039, D:0.078, D#:0.080, E:0.173, F:0.069, F#:0.074, G:0.090, G#:0.062, A:0.125, A#:0.047, B:0.092"
64007,"C:0.073, C#:0.064, D:0.115, D#:0.091, E:0.177, F:0.149, F#:0.043, G:0.040, G#:0.044, A:0.086, A#:0.044, B:0.072"
64008,"C:0.051, C#:0.041, D:0.066, D#:0.060, E:0.194, F:0.130, F#:0.144, G:0.156, G#:0.047, A:0.039, A#:0.019, B:0.054"
64041,"C:0.101, C#:0.070, D:0.046, D#:0.029, E:0.018, F:0.031, F#:0.022, G:0.033, G#:0.085, A:0.143, A#:0.290, B:0.131"
64044,"C:0.200, C#:0.046, D:0.042, D#:0.041, E:0.216, F:0.108, F#:0.043, G:0.050, G#:0.044, A:0.098, A#:0.044, B:0.068"
64046,"C:0.103, C#:0.043, D:0.165, D#:0.037, E:0.124, F:0.138, F#:0.036, G:0.036, G#:0.030, A:0.090, A#:0.033, B:0.166"
64158,"C:0.109, C#:0.040, D:0.075, D#:0.029, E:0.088, F:0.085, F#:0.030, G:0.032, G#:0.050, A:0.254, A#:0.144, B:0.062"
64160,"C:0.137, C#:0.062, D:0.058, D#:0.061, E:0.184, F:0.043, F#:0.028, G:0.047, G#:0.057, A:0.163, A#:0.062, B:0.099"
64161,"C:0.241, C#:0.092, D:0.101, D#:0.079, E:0.081, F:0.100, F#:0.055, G:0.109, G#:0.047, A:0.023, A#:0.026, B:0.046"
64162,"C:0.213, C#:0.077, D:0.073, D#:0.118, E:0.043, F:0.034, F#:0.040, G:0.104, G#:0.070, A:0.065, A#:0.100, B:0.063"
64163,"C:0.103, C#:0.211, D:0.072, D#:0.053, E:0.053, F:0.118, F#:0.084, G:0.053, G#:0.057, A:0.062, A#:0.081, B:0.053"
64164,"C:0.077, C#:0.068, D:0.053, D#:0.071, E:0.113, F:0.096, F#:0.125, G:0.155, G#:0.061, A:0.049, A#:0.049, B:0.083"
64165,"C:0.025, C#:0.050, D:0.031, D#:0.150, E:0.181, F:0.038, F#:0.033, G:0.033, G#:0.153, A:0.157, A#:0.050, B:0.099"
64167,"C:0.107, C#:0.037, D:0.050, D#:0.088, E:0.244, F:0.075, F#:0.056, G:0.060, G#:0.039, A:0.104, A#:0.037, B:0.105"
64227,"C:0.110, C#:0.102, D:0.332, D#:0.117, E:0.036, F:0.019, F#:0.027, G:0.022, G#:0.036, A:0.084, A#:0.039, B:0.077"
64238,"C:0.104, C#:0.067, D:0.093, D#:0.062, E:0.088, F:0.077, F#:0.076, G:0.100, G#:0.068, A:0.088, A#:0.073, B:0.103"
64255,"C:0.033, C#:0.082, D:0.043, D#:0.042, E:0.190, F:0.126, F#:0.121, G:0.071, G#:0.044, A:0.072, A#:0.077, B:0.099"
64264,"C:0.203, C#:0.032, D:0.065, D#:0.016, E:0.096, F:0.014, F#:0.058, G:0.363, G#:0.035, A:0.030, A#:0.013, B:0.075"
64265,"C:0.193, C#:0.092, D:0.052, D#:0.056, E:0.025, F:0.038, F#:0.059, G:0.088, G#:0.043, A:0.059, A#:0.124, B:0.171"
64267,"C:0.179, C#:0.052, D:0.081, D#:0.060, E:0.077, F:0.062, F#:0.050, G:0.126, G#:0.043, A:0.118, A#:0.042, B:0.110"
64270,"C:0.071, C#:0.184, D:0.050, D#:0.068, E:0.044, F:0.135, F#:0.088, G:0.066, G#:0.146, A:0.037, A#:0.080, B:0.031"
64275,"C:0.035, C#:0.065, D:0.071, D#:0.059, E:0.153, F:0.077, F#:0.078, G:0.046, G#:0.082, A:0.171, A#:0.090, B:0.074"
64361,"C:0.031, C#:0.032, D:0.051, D#:0.025, E:0.037, F:0.031, F#:0.030, G:0.090, G#:0.132, A:0.345, A#:0.144, B:0.052"
64362,"C:0.021, C#:0.023, D:0.053, D#:0.023, E:0.024, F:0.056, F#:0.113, G:0.158, G#:0.125, A:0.191, A#:0.158, B:0.055"
64363,"C:0.030, C#:0.028, D:0.074, D#:0.033, E:0.045, F:0.035, F#:0.089, G:0.185, G#:0.108, A:0.173, A#:0.117, B:0.083"
64423,"C:0.070, C#:0.039, D:0.092, D#:0.048, E:0.079, F:0.041, F#:0.082, G:0.155, G#:0.099, A:0.127, A#:0.080, B:0.088"
64576,"C:0.033, C#:0.016, D:0.059, D#:0.026, E:0.070, F:0.184, F#:0.094, G:0.063, G#:0.065, A:0.187, A#:0.157, B:0.045"
64592,"C:0.046, C#:0.107, D:0.124, D#:0.034, E:0.044, F:0.047, F#:0.135, G:0.076, G#:0.137, A:0.144, A#:0.059, B:0.046"
64804,"C:0.118, C#:0.028, D:0.199, D#:0.134, E:0.028, F:0.010, F#:0.027, G:0.113, G#:0.014, A:0.137, A#:0.141, B:0.050"
64952,"C:0.376, C#:0.010, D:0.121, D#:0.011, E:0.216, F:0.094, F#:0.022, G:0.031, G#:0.005, A:0.077, A#:0.023, B:0.014"
64953,"C:0.063, C#:0.020, D:0.050, D#:0.236, E:0.027, F:0.291, F#:0.032, G:0.062, G#:0.026, A:0.035, A#:0.139, B:0.019"
64954,"C:0.346, C#:0.030, D:0.073, D#:0.054, E:0.018, F:0.123, F#:0.023, G:0.156, G#:0.016, A:0.013, A#:0.110, B:0.037"
64955,"C:0.104, C#:0.246, D:0.017, D#:0.159, E:0.013, F:0.074, F#:0.105, G:0.020, G#:0.161, A:0.016, A#:0.066, B:0.019"
64956,"C:0.042, C#:0.158, D:0.010, D#:0.037, E:0.008, F:0.035, F#:0.019, G:0.023, G#:0.355, A:0.022, A#:0.273, B:0.018"
64998,"C:0.063, C#:0.185, D:0.063, D#:0.104, E:0.137, F:0.046, F#:0.033, G:0.033, G#:0.093, A:0.120, A#:0.055, B:0.067"
64999,"C:0.083, C#:0.104, D:0.111, D#:0.044, E:0.063, F:0.024, F#:0.055, G:0.099, G#:0.071, A:0.174, A#:0.064, B:0.108"
65000,"C:0.107, C#:0.042, D:0.057, D#:0.066, E:0.156, F:0.039, F#:0.041, G:0.081, G#:0.052, A:0.091, A#:0.067, B:0.201"
65002,"C:0.048, C#:0.025, D:0.039, D#:0.144, E:0.086, F:0.021, F#:0.072, G:0.023, G#:0.044, A:0.041, A#:0.114, B:0.343"
65038,"C:0.038, C#:0.016, D:0.280, D#:0.011, E:0.076, F:0.007, F#:0.088, G:0.209, G#:0.016, A:0.230, A#:0.011, B:0.018"
65039,"C:0.054, C#:0.034, D:0.023, D#:0.030, E:0.035, F:0.053, F#:0.183, G:0.126, G#:0.199, A:0.103, A#:0.096, B:0.063"
65089,"C:0.175, C#:0.063, D:0.131, D#:0.088, E:0.147, F:0.051, F#:0.037, G:0.058, G#:0.028, A:0.030, A#:0.041, B:0.152"
65154,"C:0.118, C#:0.039, D:0.038, D#:0.065, E:0.136, F:0.089, F#:0.087, G:0.166, G#:0.038, A:0.043, A#:0.069, B:0.112"
65217,"C:0.050, C#:0.119, D:0.311, D#:0.096, E:0.048, F:0.080, F#:0.053, G:0.084, G#:0.048, A:0.066, A#:0.022, B:0.024"
65220,"C:0.227, C#:0.064, D:0.103, D#:0.028, E:0.092, F:0.049, F#:0.042, G:0.144, G#:0.046, A:0.103, A#:0.036, B:0.065"
65412,"C:0.027, C#:0.035, D:0.058, D#:0.092, E:0.078, F:0.046, F#:0.069, G:0.059, G#:0.113, A:0.207, A#:0.149, B:0.067"
65416,"C:0.101, C#:0.116, D:0.115, D#:0.043, E:0.089, F:0.048, F#:0.051, G:0.080, G#:0.082, A:0.128, A#:0.067, B:0.081"
65417,"C:0.019, C#:0.010, D:0.076, D#:0.028, E:0.023, F:0.031, F#:0.030, G:0.098, G#:0.269, A:0.284, A#:0.085, B:0.047"
65472,"C:0.096, C#:0.050, D:0.039, D#:0.047, E:0.179, F:0.088, F#:0.046, G:0.066, G#:0.060, A:0.146, A#:0.083, B:0.102"
65475,"C:0.037, C#:0.065, D:0.381, D#:0.131, E:0.041, F:0.089, F#:0.043, G:0.017, G#:0.012, A:0.116, A#:0.055, B:0.013"
65605,"C:0.151, C#:0.067, D:0.148, D#:0.055, E:0.084, F:0.090, F#:0.045, G:0.100, G#:0.040, A:0.104, A#:0.043, B:0.073"
65652,"C:0.102, C#:0.059, D:0.241, D#:0.016, E:0.070, F:0.016, F#:0.113, G:0.137, G#:0.014, A:0.112, A#:0.012, B:0.107"
65656,"C:0.061, C#:0.076, D:0.191, D#:0.020, E:0.092, F:0.027, F#:0.131, G:0.130, G#:0.022, A:0.112, A#:0.018, B:0.119"
65657,"C:0.135, C#:0.053, D:0.174, D#:0.081, E:0.044, F:0.050, F#:0.064, G:0.082, G#:0.052, A:0.081, A#:0.128, B:0.056"
65658,"C:0.031, C#:0.054, D:0.238, D#:0.016, E:0.056, F:0.015, F#:0.150, G:0.132, G#:0.018, A:0.129, A#:0.015, B:0.145"
65659,"C:0.068, C#:0.070, D:0.191, D#:0.015, E:0.061, F:0.018, F#:0.173, G:0.149, G#:0.017, A:0.090, A#:0.015, B:0.133"
65660,"C:0.083, C#:0.066, D:0.207, D#:0.019, E:0.128, F:0.019, F#:0.105, G:0.105, G#:0.014, A:0.132, A#:0.013, B:0.111"
65661,"C:0.116, C#:0.046, D:0.234, D#:0.020, E:0.054, F:0.055, F#:0.057, G:0.125, G#:0.017, A:0.132, A#:0.115, B:0.028"
65662,"C:0.070, C#:0.081, D:0.178, D#:0.026, E:0.094, F:0.029, F#:0.172, G:0.100, G#:0.019, A:0.100, A#:0.019, B:0.113"
65663,"C:0.095, C#:0.039, D:0.181, D#:0.014, E:0.077, F:0.019, F#:0.131, G:0.186, G#:0.021, A:0.091, A#:0.019, B:0.127"
65665,"C:0.067, C#:0.087, D:0.100, D#:0.023, E:0.103, F:0.039, F#:0.175, G:0.119, G#:0.026, A:0.101, A#:0.029, B:0.131"
65666,"C:0.114, C#:0.071, D:0.184, D#:0.016, E:0.102, F:0.014, F#:0.066, G:0.156, G#:0.021, A:0.106, A#:0.015, B:0.134"
65667,"C:0.101, C#:0.073, D:0.212, D#:0.038, E:0.087, F:0.047, F#:0.080, G:0.144, G#:0.019, A:0.101, A#:0.086, B:0.013"
65668,"C:0.053, C#:0.058, D:0.176, D#:0.023, E:0.105, F:0.032, F#:0.166, G:0.135, G#:0.022, A:0.096, A#:0.022, B:0.112"
65669,"C:0.054, C#:0.053, D:0.219, D#:0.016, E:0.104, F:0.015, F#:0.100, G:0.109, G#:0.017, A:0.137, A#:0.017, B:0.160"
65670,"C:0.089, C#:0.080, D:0.179, D#:0.026, E:0.128, F:0.030, F#:0.134, G:0.129, G#:0.018, A:0.050, A#:0.019, B:0.117"
65671,"C:0.030, C#:0.101, D:0.162, D#:0.020, E:0.112, F:0.033, F#:0.152, G:0.129, G#:0.022, A:0.069, A#:0.020, B:0.151"
65672,"C:0.064, C#:0.070, D:0.162, D#:0.021, E:0.117, F:0.023, F#:0.115, G:0.124, G#:0.027, A:0.145, A#:0.024, B:0.108"
65673,"C:0.090, C#:0.070, D:0.208, D#:0.015, E:0.095, F:0.011, F#:0.068, G:0.140, G#:0.014, A:0.096, A#:0.012, B:0.181"
65674,"C:0.061, C#:0.098, D:0.161, D#:0.020, E:0.103, F:0.032, F#:0.150, G:0.125, G#:0.023, A:0.104, A#:0.020, B:0.104"
65676,"C:0.079, C#:0.069, D:0.094, D#:0.020, E:0.109, F:0.025, F#:0.129, G:0.112, G#:0.044, A:0.142, A#:0.026, B:0.151"
65678,"C:0.124, C#:0.074, D:0.148, D#:0.020, E:0.091, F:0.020, F#:0.139, G:0.145, G#:0.015, A:0.061, A#:0.018, B:0.145"
65682,"C:0.065, C#:0.040, D:0.208, D#:0.019, E:0.135, F:0.021, F#:0.106, G:0.121, G#:0.015, A:0.113, A#:0.013, B:0.142"
65683,"C:0.038, C#:0.169, D:0.092, D#:0.036, E:0.122, F:0.095, F#:0.121, G:0.050, G#:0.038, A:0.136, A#:0.052, B:0.050"
65749,"C:0.353, C#:0.054, D:0.054, D#:0.119, E:0.035, F:0.021, F#:0.034, G:0.194, G#:0.023, A:0.018, A#:0.038, B:0.058"
65755,"C:0.181, C#:0.037, D:0.066, D#:0.028, E:0.097, F:0.041, F#:0.054, G:0.216, G#:0.073, A:0.102, A#:0.037, B:0.068"
65781,"C:0.156, C#:0.131, D:0.029, D#:0.185, E:0.025, F:0.083, F#:0.037, G:0.037, G#:0.146, A:0.064, A#:0.092, B:0.015"
65782,"C:0.166, C#:0.164, D:0.013, D#:0.080, E:0.042, F:0.184, F#:0.012, G:0.042, G#:0.134, A:0.013, A#:0.114, B:0.036"
65783,"C:0.146, C#:0.013, D:0.213, D#:0.214, E:0.012, F:0.066, F#:0.010, G:0.136, G#:0.023, A:0.017, A#:0.140, B:0.011"
65787,"C:0.064, C#:0.183, D:0.010, D#:0.094, E:0.060, F:0.058, F#:0.131, G:0.034, G#:0.196, A:0.021, A#:0.019, B:0.129"
65788,"C:0.141, C#:0.011, D:0.109, D#:0.157, E:0.012, F:0.042, F#:0.024, G:0.262, G#:0.036, A:0.014, A#:0.097, B:0.095"
65789,"C:0.219, C#:0.014, D:0.016, D#:0.154, E:0.016, F:0.113, F#:0.007, G:0.119, G#:0.052, A:0.012, A#:0.260, B:0.017"
65791,"C:0.019, C#:0.080, D:0.048, D#:0.259, E:0.014, F:0.087, F#:0.151, G:0.020, G#:0.096, A:0.018, A#:0.117, B:0.091"
65792,"C:0.016, C#:0.077, D:0.115, D#:0.010, E:0.036, F:0.019, F#:0.339, G:0.056, G#:0.013, A:0.087, A#:0.024, B:0.208"
65793,"C:0.141, C#:0.015, D:0.091, D#:0.103, E:0.104, F:0.053, F#:0.040, G:0.185, G#:0.040, A:0.030, A#:0.115, B:0.083"
65794,"C:0.013, C#:0.111, D:0.020, D#:0.236, E:0.086, F:0.039, F#:0.092, G:0.063, G#:0.137, A:0.009, A#:0.128, B:0.066"
65796,"C:0.020, C#:0.122, D:0.039, D#:0.082, E:0.087, F:0.048, F#:0.164, G:0.023, G#:0.192, A:0.125, A#:0.013, B:0.084"
65872,"C:0.036, C#:0.084, D:0.211, D#:0.047, E:0.048, F:0.032, F#:0.098, G:0.147, G#:0.069, A:0.123, A#:0.043, B:0.062"
65874,"C:0.081, C#:0.068, D:0.098, D#:0.119, E:0.194, F:0.056, F#:0.039, G:0.045, G#:0.049, A:0.110, A#:0.062, B:0.080"
65876,"C:0.098, C#:0.052, D:0.091, D#:0.074, E:0.151, F:0.112, F#:0.052, G:0.103, G#:0.069, A:0.107, A#:0.037, B:0.054"
65877,"C:0.049, C#:0.035, D:0.087, D#:0.033, E:0.052, F:0.033, F#:0.094, G:0.137, G#:0.081, A:0.072, A#:0.065, B:0.261"
65878,"C:0.011, C#:0.020, D:0.170, D#:0.049, E:0.230, F:0.045, F#:0.105, G:0.191, G#:0.040, A:0.034, A#:0.013, B:0.092"
65879,"C:0.034, C#:0.071, D:0.197, D#:0.042, E:0.080, F:0.038, F#:0.083, G:0.113, G#:0.071, A:0.176, A#:0.044, B:0.051"
65880,"C:0.224, C#:0.046, D:0.061, D#:0.018, E:0.091, F:0.236, F#:0.038, G:0.050, G#:0.029, A:0.057, A#:0.097, B:0.052"
65890,"C:0.082, C#:0.068, D:0.134, D#:0.082, E:0.158, F:0.042, F#:0.040, G:0.076, G#:0.069, A:0.142, A#:0.042, B:0.064"
65891,"C:0.075, C#:0.065, D:0.062, D#:0.072, E:0.139, F:0.091, F#:0.101, G:0.043, G#:0.042, A:0.080, A#:0.074, B:0.155"
65892,"C:0.063, C#:0.117, D:0.173, D#:0.049, E:0.116, F:0.079, F#:0.032, G:0.045, G#:0.020, A:0.073, A#:0.054, B:0.177"
65893,"C:0.051, C#:0.018, D:0.020, D#:0.045, E:0.246, F:0.066, F#:0.050, G:0.050, G#:0.046, A:0.195, A#:0.075, B:0.138"
65991,"C:0.208, C#:0.045, D:0.072, D#:0.031, E:0.173, F:0.072, F#:0.027, G:0.119, G#:0.113, A:0.047, A#:0.019, B:0.074"
65992,"C:0.136, C#:0.064, D:0.124, D#:0.059, E:0.105, F:0.144, F#:0.047, G:0.103, G#:0.041, A:0.065, A#:0.035, B:0.078"
65993,"C:0.229, C#:0.060, D:0.213, D#:0.026, E:0.046, F:0.074, F#:0.013, G:0.043, G#:0.027, A:0.128, A#:0.092, B:0.048"
65994,"C:0.216, C#:0.057, D:0.086, D#:0.038, E:0.151, F:0.099, F#:0.045, G:0.108, G#:0.038, A:0.038, A#:0.027, B:0.097"
65996,"C:0.159, C#:0.099, D:0.171, D#:0.083, E:0.171, F:0.178, F#:0.043, G:0.033, G#:0.011, A:0.014, A#:0.010, B:0.030"
66011,"C:0.145, C#:0.059, D:0.039, D#:0.023, E:0.047, F:0.041, F#:0.127, G:0.039, G#:0.035, A:0.066, A#:0.082, B:0.295"
66049,"C:0.024, C#:0.255, D:0.027, D#:0.044, E:0.026, F:0.046, F#:0.289, G:0.026, G#:0.069, A:0.016, A#:0.116, B:0.062"
66050,"C:0.019, C#:0.074, D:0.013, D#:0.094, E:0.011, F:0.050, F#:0.356, G:0.035, G#:0.079, A:0.027, A#:0.120, B:0.121"
66051,"C:0.028, C#:0.193, D:0.019, D#:0.020, E:0.026, F:0.362, F#:0.090, G:0.027, G#:0.194, A:0.029, A#:0.007, B:0.005"
66052,"C:0.064, C#:0.183, D:0.018, D#:0.073, E:0.018, F:0.080, F#:0.088, G:0.037, G#:0.277, A:0.033, A#:0.077, B:0.052"
66053,"C:0.106, C#:0.044, D:0.011, D#:0.060, E:0.028, F:0.045, F#:0.029, G:0.059, G#:0.368, A:0.097, A#:0.130, B:0.024"
66054,"C:0.021, C#:0.049, D:0.015, D#:0.094, E:0.012, F:0.066, F#:0.203, G:0.020, G#:0.078, A:0.045, A#:0.216, B:0.181"
66056,"C:0.248, C#:0.034, D:0.088, D#:0.016, E:0.105, F:0.186, F#:0.022, G:0.104, G#:0.020, A:0.103, A#:0.040, B:0.032"
66057,"C:0.076, C#:0.021, D:0.077, D#:0.194, E:0.036, F:0.105, F#:0.017, G:0.125, G#:0.039, A:0.043, A#:0.213, B:0.055"
66073,"C:0.216, C#:0.037, D:0.032, D#:0.016, E:0.203, F:0.090, F#:0.026, G:0.122, G#:0.039, A:0.108, A#:0.070, B:0.042"
66074,"C:0.069, C#:0.182, D:0.084, D#:0.044, E:0.082, F:0.045, F#:0.083, G:0.044, G#:0.065, A:0.153, A#:0.056, B:0.093"
66075,"C:0.109, C#:0.029, D:0.041, D#:0.022, E:0.067, F:0.247, F#:0.042, G:0.070, G#:0.036, A:0.115, A#:0.171, B:0.052"
66076,"C:0.082, C#:0.024, D:0.024, D#:0.028, E:0.168, F:0.143, F#:0.059, G:0.076, G#:0.050, A:0.208, A#:0.053, B:0.085"
66078,"C:0.042, C#:0.050, D:0.070, D#:0.091, E:0.112, F:0.089, F#:0.077, G:0.072, G#:0.099, A:0.135, A#:0.099, B:0.063"
66081,"C:0.067, C#:0.064, D:0.037, D#:0.038, E:0.072, F:0.077, F#:0.147, G:0.060, G#:0.067, A:0.121, A#:0.105, B:0.144"
66082,"C:0.066, C#:0.090, D:0.109, D#:0.089, E:0.107, F:0.056, F#:0.073, G:0.057, G#:0.070, A:0.094, A#:0.081, B:0.107"
66083,"C:0.093, C#:0.062, D:0.077, D#:0.087, E:0.070, F:0.093, F#:0.045, G:0.063, G#:0.069, A:0.126, A#:0.145, B:0.071"
66084,"C:0.080, C#:0.078, D:0.124, D#:0.075, E:0.123, F:0.090, F#:0.082, G:0.123, G#:0.055, A:0.064, A#:0.058, B:0.048"
66086,"C:0.128, C#:0.050, D:0.083, D#:0.067, E:0.107, F:0.111, F#:0.061, G:0.087, G#:0.074, A:0.127, A#:0.051, B:0.055"
66087,"C:0.045, C#:0.048, D:0.070, D#:0.116, E:0.129, F:0.058, F#:0.062, G:0.078, G#:0.113, A:0.127, A#:0.080, B:0.074"
66089,"C:0.039, C#:0.048, D:0.052, D#:0.023, E:0.061, F:0.041, F#:0.134, G:0.126, G#:0.066, A:0.119, A#:0.084, B:0.208"
66090,"C:0.041, C#:0.044, D:0.118, D#:0.054, E:0.117, F:0.050, F#:0.106, G:0.070, G#:0.043, A:0.125, A#:0.060, B:0.172"
66091,"C:0.165, C#:0.078, D:0.171, D#:0.060, E:0.089, F:0.030, F#:0.029, G:0.062, G#:0.050, A:0.162, A#:0.047, B:0.058"
66093,"C:0.061, C#:0.086, D:0.162, D#:0.061, E:0.052, F:0.056, F#:0.050, G:0.110, G#:0.079, A:0.179, A#:0.062, B:0.040"
66094,"C:0.041, C#:0.033, D:0.116, D#:0.046, E:0.146, F:0.020, F#:0.050, G:0.059, G#:0.045, A:0.109, A#:0.074, B:0.261"
66095,"C:0.059, C#:0.064, D:0.046, D#:0.038, E:0.064, F:0.061, F#:0.124, G:0.106, G#:0.084, A:0.131, A#:0.094, B:0.130"
66096,"C:0.126, C#:0.044, D:0.035, D#:0.032, E:0.108, F:0.155, F#:0.047, G:0.042, G#:0.057, A:0.211, A#:0.074, B:0.068"
66097,"C:0.049, C#:0.034, D:0.034, D#:0.030, E:0.079, F:0.036, F#:0.073, G:0.088, G#:0.059, A:0.154, A#:0.085, B:0.277"
66098,"C:0.430, C#:0.030, D:0.025, D#:0.010, E:0.036, F:0.063, F#:0.079, G:0.129, G#:0.037, A:0.053, A#:0.031, B:0.076"
66099,"C:0.043, C#:0.056, D:0.026, D#:0.079, E:0.144, F:0.043, F#:0.123, G:0.043, G#:0.050, A:0.041, A#:0.095, B:0.257"
66100,"C:0.053, C#:0.105, D:0.066, D#:0.042, E:0.059, F:0.069, F#:0.152, G:0.069, G#:0.092, A:0.128, A#:0.070, B:0.095"
66112,"C:0.047, C#:0.105, D:0.039, D#:0.103, E:0.233, F:0.039, F#:0.031, G:0.016, G#:0.070, A:0.055, A#:0.030, B:0.232"
66113,"C:0.263, C#:0.025, D:0.037, D#:0.019, E:0.062, F:0.249, F#:0.030, G:0.102, G#:0.022, A:0.079, A#:0.077, B:0.033"
66114,"C:0.098, C#:0.026, D:0.029, D#:0.015, E:0.061, F:0.341, F#:0.059, G:0.046, G#:0.026, A:0.124, A#:0.131, B:0.043"
66130,"C:0.034, C#:0.055, D:0.295, D#:0.171, E:0.077, F:0.046, F#:0.092, G:0.027, G#:0.025, A:0.086, A#:0.033, B:0.057"
66131,"C:0.055, C#:0.107, D:0.031, D#:0.058, E:0.039, F:0.093, F#:0.203, G:0.063, G#:0.049, A:0.032, A#:0.106, B:0.163"
66134,"C:0.157, C#:0.021, D:0.067, D#:0.014, E:0.172, F:0.035, F#:0.035, G:0.314, G#:0.021, A:0.120, A#:0.011, B:0.035"
66136,"C:0.102, C#:0.048, D:0.118, D#:0.062, E:0.182, F:0.194, F#:0.058, G:0.049, G#:0.032, A:0.078, A#:0.035, B:0.040"
66137,"C:0.124, C#:0.048, D:0.085, D#:0.153, E:0.107, F:0.105, F#:0.054, G:0.080, G#:0.060, A:0.051, A#:0.070, B:0.064"
66138,"C:0.232, C#:0.068, D:0.045, D#:0.023, E:0.089, F:0.131, F#:0.061, G:0.100, G#:0.043, A:0.107, A#:0.033, B:0.067"
66141,"C:0.229, C#:0.070, D:0.066, D#:0.049, E:0.064, F:0.111, F#:0.043, G:0.035, G#:0.047, A:0.106, A#:0.076, B:0.104"
66142,"C:0.016, C#:0.058, D:0.240, D#:0.025, E:0.040, F:0.032, F#:0.187, G:0.214, G#:0.044, A:0.061, A#:0.036, B:0.048"
66143,"C:0.062, C#:0.048, D:0.244, D#:0.115, E:0.034, F:0.067, F#:0.054, G:0.126, G#:0.039, A:0.076, A#:0.095, B:0.040"
66144,"C:0.250, C#:0.060, D:0.054, D#:0.038, E:0.100, F:0.222, F#:0.073, G:0.068, G#:0.026, A:0.040, A#:0.020, B:0.048"
66150,"C:0.077, C#:0.074, D:0.069, D#:0.070, E:0.098, F:0.081, F#:0.089, G:0.064, G#:0.072, A:0.076, A#:0.105, B:0.124"
66177,"C:0.171, C#:0.034, D:0.095, D#:0.021, E:0.061, F:0.098, F#:0.032, G:0.174, G#:0.035, A:0.140, A#:0.026, B:0.111"
66178,"C:0.018, C#:0.010, D:0.047, D#:0.315, E:0.040, F:0.077, F#:0.022, G:0.093, G#:0.143, A:0.033, A#:0.182, B:0.019"
66179,"C:0.017, C#:0.096, D:0.054, D#:0.028, E:0.222, F:0.025, F#:0.024, G:0.028, G#:0.099, A:0.302, A#:0.045, B:0.059"
66180,"C:0.025, C#:0.233, D:0.091, D#:0.025, E:0.110, F:0.020, F#:0.044, G:0.014, G#:0.060, A:0.296, A#:0.031, B:0.050"
66182,"C:0.125, C#:0.045, D:0.056, D#:0.085, E:0.043, F:0.166, F#:0.029, G:0.042, G#:0.020, A:0.086, A#:0.247, B:0.056"
66183,"C:0.244, C#:0.027, D:0.038, D#:0.011, E:0.083, F:0.221, F#:0.028, G:0.086, G#:0.024, A:0.128, A#:0.076, B:0.034"
66184,"C:0.041, C#:0.146, D:0.022, D#:0.037, E:0.063, F:0.073, F#:0.305, G:0.050, G#:0.038, A:0.015, A#:0.052, B:0.159"
66185,"C:0.096, C#:0.047, D:0.139, D#:0.025, E:0.055, F:0.127, F#:0.035, G:0.116, G#:0.055, A:0.208, A#:0.070, B:0.025"
66186,"C:0.036, C#:0.114, D:0.017, D#:0.051, E:0.014, F:0.059, F#:0.192, G:0.039, G#:0.175, A:0.040, A#:0.096, B:0.167"
66187,"C:0.029, C#:0.235, D:0.017, D#:0.083, E:0.014, F:0.085, F#:0.079, G:0.043, G#:0.243, A:0.033, A#:0.107, B:0.031"
66188,"C:0.409, C#:0.040, D:0.031, D#:0.011, E:0.092, F:0.087, F#:0.021, G:0.188, G#:0.015, A:0.026, A#:0.014, B:0.064"
66193,"C:0.029, C#:0.087, D:0.392, D#:0.112, E:0.029, F:0.020, F#:0.158, G:0.058, G#:0.011, A:0.060, A#:0.027, B:0.016"
66201,"C:0.108, C#:0.028, D:0.128, D#:0.032, E:0.086, F:0.023, F#:0.062, G:0.252, G#:0.053, A:0.030, A#:0.034, B:0.163"
66303,"C:0.207, C#:0.043, D:0.067, D#:0.042, E:0.077, F:0.163, F#:0.088, G:0.116, G#:0.029, A:0.050, A#:0.037, B:0.084"
66314,"C:0.320, C#:0.018, D:0.040, D#:0.010, E:0.053, F:0.181, F#:0.023, G:0.168, G#:0.021, A:0.088, A#:0.044, B:0.033"
66315,"C:0.068, C#:0.016, D:0.062, D#:0.102, E:0.042, F:0.223, F#:0.035, G:0.158, G#:0.028, A:0.101, A#:0.146, B:0.017"
66316,"C:0.025, C#:0.071, D:0.027, D#:0.188, E:0.247, F:0.021, F#:0.050, G:0.019, G#:0.075, A:0.102, A#:0.034, B:0.143"
66317,"C:0.044, C#:0.256, D:0.030, D#:0.043, E:0.010, F:0.061, F#:0.173, G:0.027, G#:0.096, A:0.024, A#:0.110, B:0.127"
66318,"C:0.019, C#:0.059, D:0.071, D#:0.025, E:0.105, F:0.019, F#:0.064, G:0.021, G#:0.094, A:0.385, A#:0.048, B:0.090"
66319,"C:0.037, C#:0.208, D:0.031, D#:0.139, E:0.023, F:0.133, F#:0.177, G:0.021, G#:0.067, A:0.021, A#:0.063, B:0.080"
66320,"C:0.107, C#:0.034, D:0.246, D#:0.028, E:0.029, F:0.011, F#:0.056, G:0.283, G#:0.042, A:0.045, A#:0.013, B:0.105"
66321,"C:0.031, C#:0.049, D:0.018, D#:0.044, E:0.184, F:0.027, F#:0.058, G:0.026, G#:0.089, A:0.205, A#:0.059, B:0.208"
66322,"C:0.030, C#:0.123, D:0.027, D#:0.076, E:0.055, F:0.022, F#:0.205, G:0.020, G#:0.027, A:0.011, A#:0.066, B:0.340"
66323,"C:0.029, C#:0.064, D:0.157, D#:0.042, E:0.031, F:0.035, F#:0.119, G:0.145, G#:0.092, A:0.180, A#:0.039, B:0.067"
66324,"C:0.094, C#:0.029, D:0.197, D#:0.016, E:0.036, F:0.019, F#:0.048, G:0.225, G#:0.051, A:0.132, A#:0.040, B:0.112"
66375,"C:0.065, C#:0.046, D:0.111, D#:0.099, E:0.123, F:0.069, F#:0.089, G:0.096, G#:0.070, A:0.131, A#:0.054, B:0.047"
66389,"C:0.072, C#:0.041, D:0.059, D#:0.031, E:0.028, F:0.026, F#:0.042, G:0.120, G#:0.127, A:0.152, A#:0.122, B:0.183"
66390,"C:0.135, C#:0.039, D:0.031, D#:0.039, E:0.103, F:0.175, F#:0.050, G:0.099, G#:0.041, A:0.195, A#:0.048, B:0.044"
66392,"C:0.070, C#:0.089, D:0.190, D#:0.103, E:0.146, F:0.088, F#:0.053, G:0.098, G#:0.034, A:0.044, A#:0.033, B:0.051"
66395,"C:0.089, C#:0.055, D:0.063, D#:0.051, E:0.187, F:0.078, F#:0.035, G:0.078, G#:0.054, A:0.124, A#:0.055, B:0.130"
66401,"C:0.060, C#:0.029, D:0.071, D#:0.058, E:0.054, F:0.107, F#:0.067, G:0.100, G#:0.061, A:0.153, A#:0.184, B:0.056"
66402,"C:0.122, C#:0.033, D:0.051, D#:0.106, E:0.039, F:0.156, F#:0.045, G:0.081, G#:0.052, A:0.086, A#:0.176, B:0.053"
66406,"C:0.046, C#:0.129, D:0.171, D#:0.107, E:0.168, F:0.091, F#:0.027, G:0.020, G#:0.047, A:0.111, A#:0.054, B:0.028"
66408,"C:0.049, C#:0.062, D:0.199, D#:0.101, E:0.076, F:0.062, F#:0.074, G:0.062, G#:0.059, A:0.104, A#:0.074, B:0.079"
66409,"C:0.038, C#:0.027, D:0.053, D#:0.041, E:0.050, F:0.045, F#:0.068, G:0.278, G#:0.179, A:0.146, A#:0.045, B:0.032"
66414,"C:0.037, C#:0.127, D:0.015, D#:0.066, E:0.018, F:0.021, F#:0.161, G:0.041, G#:0.144, A:0.031, A#:0.048, B:0.292"
66415,"C:0.057, C#:0.120, D:0.035, D#:0.055, E:0.221, F:0.033, F#:0.033, G:0.031, G#:0.041, A:0.066, A#:0.052, B:0.256"
66416,"C:0.155, C#:0.077, D:0.118, D#:0.075, E:0.155, F:0.045, F#:0.037, G:0.084, G#:0.031, A:0.079, A#:0.035, B:0.109"
66417,"C:0.207, C#:0.044, D:0.053, D#:0.025, E:0.063, F:0.136, F#:0.063, G:0.274, G#:0.038, A:0.032, A#:0.020, B:0.044"
66418,"C:0.098, C#:0.015, D:0.112, D#:0.019, E:0.029, F:0.262, F#:0.030, G:0.034, G#:0.016, A:0.082, A#:0.270, B:0.032"
66420,"C:0.102, C#:0.137, D:0.056, D#:0.345, E:0.045, F:0.046, F#:0.018, G:0.080, G#:0.072, A:0.012, A#:0.075, B:0.011"
66421,"C:0.163, C#:0.030, D:0.092, D#:0.021, E:0.074, F:0.115, F#:0.049, G:0.196, G#:0.051, A:0.121, A#:0.031, B:0.057"
66422,"C:0.206, C#:0.025, D:0.114, D#:0.014, E:0.054, F:0.056, F#:0.059, G:0.278, G#:0.054, A:0.038, A#:0.015, B:0.087"
66436,"C:0.152, C#:0.019, D:0.072, D#:0.185, E:0.021, F:0.040, F#:0.042, G:0.244, G#:0.023, A:0.020, A#:0.150, B:0.032"
66437,"C:0.052, C#:0.053, D:0.135, D#:0.080, E:0.062, F:0.105, F#:0.059, G:0.118, G#:0.060, A:0.131, A#:0.108, B:0.039"
66441,"C:0.015, C#:0.041, D:0.236, D#:0.023, E:0.096, F:0.030, F#:0.081, G:0.188, G#:0.055, A:0.136, A#:0.026, B:0.073"
66459,"C:0.062, C#:0.082, D:0.243, D#:0.118, E:0.070, F:0.041, F#:0.044, G:0.129, G#:0.057, A:0.056, A#:0.032, B:0.069"
66493,"C:0.047, C#:0.055, D:0.014, D#:0.168, E:0.050, F:0.167, F#:0.026, G:0.215, G#:0.222, A:0.027, A#:0.006, B:0.003"
66495,"C:0.008, C#:0.013, D:0.009, D#:0.015, E:0.122, F:0.010, F#:0.013, G:0.136, G#:0.062, A:0.559, A#:0.037, B:0.015"
66510,"C:0.229, C#:0.018, D:0.015, D#:0.009, E:0.038, F:0.456, F#:0.029, G:0.066, G#:0.009, A:0.080, A#:0.008, B:0.044"
66516,"C:0.006, C#:0.024, D:0.228, D#:0.053, E:0.218, F:0.261, F#:0.049, G:0.006, G#:0.005, A:0.136, A#:0.006, B:0.009"
66518,"C:0.059, C#:0.023, D:0.073, D#:0.021, E:0.113, F:0.020, F#:0.041, G:0.149, G#:0.088, A:0.232, A#:0.060, B:0.121"
66519,"C:0.110, C#:0.151, D:0.183, D#:0.082, E:0.063, F:0.037, F#:0.037, G:0.129, G#:0.032, A:0.025, A#:0.095, B:0.054"
66524,"C:0.109, C#:0.014, D:0.061, D#:0.015, E:0.036, F:0.134, F#:0.059, G:0.236, G#:0.047, A:0.136, A#:0.020, B:0.132"
66542,"C:0.049, C#:0.160, D:0.048, D#:0.096, E:0.023, F:0.016, F#:0.019, G:0.053, G#:0.437, A:0.049, A#:0.023, B:0.025"
66543,"C:0.131, C#:0.239, D:0.014, D#:0.034, E:0.010, F:0.126, F#:0.117, G:0.018, G#:0.260, A:0.018, A#:0.026, B:0.008"
66544,"C:0.125, C#:0.082, D:0.117, D#:0.048, E:0.038, F:0.069, F#:0.070, G:0.164, G#:0.069, A:0.065, A#:0.069, B:0.084"
66545,"C:0.052, C#:0.782, D:0.039, D#:0.007, E:0.007, F:0.090, F#:0.010, G:0.002, G#:0.002, A:0.001, A#:0.002, B:0.007"
66546,"C:0.065, C#:0.222, D:0.025, D#:0.147, E:0.014, F:0.003, F#:0.005, G:0.027, G#:0.432, A:0.043, A#:0.011, B:0.007"
66547,"C:0.014, C#:0.003, D:0.032, D#:0.327, E:0.020, F:0.127, F#:0.010, G:0.105, G#:0.071, A:0.014, A#:0.266, B:0.012"
66659,"C:0.039, C#:0.151, D:0.155, D#:0.081, E:0.160, F:0.051, F#:0.052, G:0.019, G#:0.047, A:0.148, A#:0.036, B:0.061"
66660,"C:0.027, C#:0.104, D:0.061, D#:0.037, E:0.143, F:0.039, F#:0.064, G:0.062, G#:0.092, A:0.251, A#:0.064, B:0.056"
66723,"C:0.077, C#:0.057, D:0.043, D#:0.086, E:0.086, F:0.035, F#:0.077, G:0.104, G#:0.130, A:0.072, A#:0.164, B:0.068"
66724,"C:0.047, C#:0.033, D:0.087, D#:0.045, E:0.105, F:0.096, F#:0.118, G:0.155, G#:0.080, A:0.125, A#:0.047, B:0.063"
66739,"C:0.243, C#:0.015, D:0.176, D#:0.013, E:0.099, F:0.212, F#:0.013, G:0.067, G#:0.007, A:0.034, A#:0.041, B:0.080"
66740,"C:0.127, C#:0.014, D:0.129, D#:0.035, E:0.162, F:0.067, F#:0.014, G:0.086, G#:0.014, A:0.183, A#:0.049, B:0.121"
66741,"C:0.078, C#:0.226, D:0.144, D#:0.080, E:0.052, F:0.041, F#:0.042, G:0.121, G#:0.060, A:0.058, A#:0.034, B:0.064"
66744,"C:0.038, C#:0.022, D:0.035, D#:0.099, E:0.235, F:0.032, F#:0.071, G:0.020, G#:0.033, A:0.033, A#:0.057, B:0.327"
66748,"C:0.033, C#:0.270, D:0.049, D#:0.209, E:0.022, F:0.034, F#:0.091, G:0.025, G#:0.089, A:0.016, A#:0.140, B:0.023"
66752,"C:0.213, C#:0.039, D:0.021, D#:0.015, E:0.039, F:0.167, F#:0.067, G:0.243, G#:0.055, A:0.046, A#:0.027, B:0.070"
66753,"C:0.061, C#:0.043, D:0.126, D#:0.028, E:0.026, F:0.058, F#:0.115, G:0.185, G#:0.105, A:0.106, A#:0.071, B:0.077"
66756,"C:0.011, C#:0.009, D:0.108, D#:0.014, E:0.033, F:0.041, F#:0.167, G:0.417, G#:0.103, A:0.031, A#:0.014, B:0.052"
66757,"C:0.179, C#:0.041, D:0.071, D#:0.041, E:0.074, F:0.139, F#:0.059, G:0.238, G#:0.048, A:0.035, A#:0.025, B:0.050"
66766,"C:0.152, C#:0.056, D:0.168, D#:0.070, E:0.050, F:0.133, F#:0.043, G:0.092, G#:0.037, A:0.065, A#:0.098, B:0.036"
66851,"C:0.073, C#:0.172, D:0.072, D#:0.123, E:0.112, F:0.032, F#:0.043, G:0.071, G#:0.149, A:0.060, A#:0.036, B:0.057"
66853,"C:0.119, C#:0.087, D:0.194, D#:0.196, E:0.074, F:0.059, F#:0.041, G:0.113, G#:0.038, A:0.016, A#:0.019, B:0.045"
66856,"C:0.027, C#:0.040, D:0.052, D#:0.151, E:0.170, F:0.083, F#:0.149, G:0.076, G#:0.133, A:0.048, A#:0.042, B:0.030"
66857,"C:0.085, C#:0.390, D:0.178, D#:0.096, E:0.057, F:0.017, F#:0.027, G:0.014, G#:0.045, A:0.017, A#:0.021, B:0.053"
66858,"C:0.100, C#:0.057, D:0.133, D#:0.166, E:0.064, F:0.084, F#:0.043, G:0.166, G#:0.039, A:0.017, A#:0.075, B:0.056"
66859,"C:0.025, C#:0.065, D:0.017, D#:0.023, E:0.064, F:0.050, F#:0.187, G:0.228, G#:0.194, A:0.098, A#:0.023, B:0.027"
66860,"C:0.052, C#:0.052, D:0.139, D#:0.088, E:0.132, F:0.055, F#:0.051, G:0.047, G#:0.064, A:0.192, A#:0.079, B:0.049"
66873,"C:0.130, C#:0.070, D:0.051, D#:0.057, E:0.062, F:0.147, F#:0.048, G:0.070, G#:0.087, A:0.057, A#:0.164, B:0.056"
66876,"C:0.036, C#:0.065, D:0.088, D#:0.256, E:0.107, F:0.103, F#:0.129, G:0.066, G#:0.044, A:0.029, A#:0.052, B:0.026"
66877,"C:0.043, C#:0.142, D:0.046, D#:0.084, E:0.067, F:0.079, F#:0.254, G:0.068, G#:0.120, A:0.045, A#:0.024, B:0.028"
66881,"C:0.024, C#:0.062, D:0.048, D#:0.254, E:0.084, F:0.058, F#:0.062, G:0.092, G#:0.170, A:0.038, A#:0.080, B:0.028"
66882,"C:0.095, C#:0.086, D:0.057, D#:0.074, E:0.105, F:0.295, F#:0.107, G:0.052, G#:0.048, A:0.025, A#:0.027, B:0.030"
66886,"C:0.297, C#:0.291, D:0.126, D#:0.088, E:0.072, F:0.052, F#:0.034, G:0.018, G#:0.012, A:0.006, A#:0.003, B:0.001"
66887,"C:0.060, C#:0.020, D:0.033, D#:0.048, E:0.232, F:0.052, F#:0.038, G:0.164, G#:0.061, A:0.211, A#:0.043, B:0.038"
66895,"C:0.017, C#:0.051, D:0.020, D#:0.134, E:0.073, F:0.037, F#:0.198, G:0.038, G#:0.186, A:0.025, A#:0.118, B:0.103"
66896,"C:0.051, C#:0.027, D:0.258, D#:0.021, E:0.072, F:0.129, F#:0.028, G:0.104, G#:0.018, A:0.215, A#:0.015, B:0.062"
66903,"C:0.033, C#:0.078, D:0.081, D#:0.042, E:0.052, F:0.088, F#:0.252, G:0.076, G#:0.075, A:0.149, A#:0.046, B:0.029"
66904,"C:0.038, C#:0.032, D:0.106, D#:0.013, E:0.095, F:0.014, F#:0.109, G:0.062, G#:0.015, A:0.019, A#:0.052, B:0.445"
66905,"C:0.043, C#:0.143, D:0.035, D#:0.027, E:0.047, F:0.034, F#:0.173, G:0.226, G#:0.158, A:0.028, A#:0.026, B:0.059"
66929,"C:0.056, C#:0.024, D:0.027, D#:0.021, E:0.102, F:0.053, F#:0.044, G:0.183, G#:0.131, A:0.247, A#:0.079, B:0.033"
66933,"C:0.037, C#:0.034, D:0.169, D#:0.078, E:0.221, F:0.087, F#:0.026, G:0.026, G#:0.050, A:0.186, A#:0.059, B:0.028"
66939,"C:0.035, C#:0.025, D:0.060, D#:0.043, E:0.154, F:0.077, F#:0.050, G:0.047, G#:0.061, A:0.234, A#:0.081, B:0.132"
66941,"C:0.061, C#:0.050, D:0.038, D#:0.047, E:0.085, F:0.049, F#:0.060, G:0.119, G#:0.107, A:0.196, A#:0.094, B:0.093"
67051,"C:0.167, C#:0.017, D:0.049, D#:0.018, E:0.236, F:0.095, F#:0.015, G:0.072, G#:0.027, A:0.153, A#:0.021, B:0.129"
67101,"C:0.107, C#:0.090, D:0.066, D#:0.043, E:0.055, F:0.080, F#:0.069, G:0.126, G#:0.077, A:0.085, A#:0.100, B:0.101"
67102,"C:0.074, C#:0.056, D:0.089, D#:0.077, E:0.165, F:0.071, F#:0.057, G:0.079, G#:0.076, A:0.104, A#:0.055, B:0.096"
67106,"C:0.106, C#:0.153, D:0.097, D#:0.121, E:0.048, F:0.054, F#:0.044, G:0.031, G#:0.039, A:0.068, A#:0.126, B:0.113"
67121,"C:0.086, C#:0.075, D:0.187, D#:0.081, E:0.097, F:0.162, F#:0.065, G:0.058, G#:0.034, A:0.091, A#:0.033, B:0.029"
67236,"C:0.069, C#:0.086, D:0.057, D#:0.103, E:0.032, F:0.073, F#:0.021, G:0.036, G#:0.146, A:0.074, A#:0.225, B:0.079"
67257,"C:0.026, C#:0.044, D:0.026, D#:0.069, E:0.287, F:0.061, F#:0.072, G:0.033, G#:0.092, A:0.110, A#:0.041, B:0.140"
67286,"C:0.025, C#:0.056, D:0.122, D#:0.039, E:0.141, F:0.043, F#:0.113, G:0.038, G#:0.061, A:0.234, A#:0.062, B:0.067"
67287,"C:0.032, C#:0.055, D:0.067, D#:0.058, E:0.159, F:0.139, F#:0.066, G:0.093, G#:0.054, A:0.152, A#:0.064, B:0.061"
67288,"C:0.032, C#:0.073, D:0.103, D#:0.068, E:0.137, F:0.071, F#:0.088, G:0.059, G#:0.090, A:0.168, A#:0.071, B:0.040"
67289,"C:0.026, C#:0.049, D:0.035, D#:0.047, E:0.211, F:0.071, F#:0.101, G:0.061, G#:0.120, A:0.051, A#:0.034, B:0.195"
67291,"C:0.217, C#:0.026, D:0.045, D#:0.017, E:0.119, F:0.088, F#:0.034, G:0.242, G#:0.047, A:0.063, A#:0.029, B:0.073"
67292,"C:0.029, C#:0.102, D:0.060, D#:0.050, E:0.179, F:0.056, F#:0.119, G:0.036, G#:0.078, A:0.175, A#:0.038, B:0.079"
67293,"C:0.080, C#:0.030, D:0.142, D#:0.014, E:0.037, F:0.020, F#:0.095, G:0.433, G#:0.054, A:0.032, A#:0.015, B:0.048"
67294,"C:0.019, C#:0.072, D:0.093, D#:0.028, E:0.117, F:0.035, F#:0.107, G:0.121, G#:0.080, A:0.211, A#:0.032, B:0.085"
67298,"C:0.055, C#:0.076, D:0.165, D#:0.079, E:0.074, F:0.115, F#:0.107, G:0.126, G#:0.049, A:0.051, A#:0.063, B:0.040"
67300,"C:0.082, C#:0.063, D:0.114, D#:0.075, E:0.030, F:0.035, F#:0.073, G:0.117, G#:0.098, A:0.088, A#:0.129, B:0.099"
67302,"C:0.055, C#:0.028, D:0.065, D#:0.029, E:0.096, F:0.034, F#:0.066, G:0.263, G#:0.116, A:0.138, A#:0.053, B:0.057"
67303,"C:0.088, C#:0.069, D:0.052, D#:0.019, E:0.091, F:0.078, F#:0.089, G:0.187, G#:0.053, A:0.155, A#:0.024, B:0.095"
67306,"C:0.084, C#:0.035, D:0.180, D#:0.231, E:0.068, F:0.158, F#:0.022, G:0.027, G#:0.108, A:0.018, A#:0.045, B:0.024"
67329,"C:0.109, C#:0.131, D:0.026, D#:0.029, E:0.213, F:0.030, F#:0.213, G:0.026, G#:0.069, A:0.099, A#:0.016, B:0.037"
67330,"C:0.068, C#:0.116, D:0.075, D#:0.137, E:0.094, F:0.021, F#:0.020, G:0.055, G#:0.159, A:0.063, A#:0.052, B:0.140"
67332,"C:0.045, C#:0.044, D:0.029, D#:0.061, E:0.104, F:0.115, F#:0.143, G:0.063, G#:0.120, A:0.099, A#:0.050, B:0.128"
67333,"C:0.098, C#:0.271, D:0.054, D#:0.046, E:0.132, F:0.022, F#:0.025, G:0.018, G#:0.156, A:0.032, A#:0.028, B:0.119"
67334,"C:0.030, C#:0.193, D:0.045, D#:0.087, E:0.177, F:0.032, F#:0.047, G:0.028, G#:0.133, A:0.121, A#:0.035, B:0.072"
67335,"C:0.068, C#:0.038, D:0.116, D#:0.034, E:0.087, F:0.043, F#:0.048, G:0.224, G#:0.034, A:0.134, A#:0.037, B:0.137"
67336,"C:0.126, C#:0.083, D:0.155, D#:0.134, E:0.117, F:0.037, F#:0.024, G:0.109, G#:0.033, A:0.093, A#:0.029, B:0.060"
67363,"C:0.105, C#:0.020, D:0.064, D#:0.180, E:0.035, F:0.087, F#:0.030, G:0.179, G#:0.036, A:0.027, A#:0.207, B:0.029"
67464,"C:0.066, C#:0.033, D:0.037, D#:0.027, E:0.058, F:0.068, F#:0.110, G:0.158, G#:0.106, A:0.134, A#:0.138, B:0.065"
67465,"C:0.125, C#:0.066, D:0.092, D#:0.051, E:0.089, F:0.104, F#:0.057, G:0.110, G#:0.061, A:0.101, A#:0.078, B:0.066"
67466,"C:0.069, C#:0.074, D:0.077, D#:0.068, E:0.106, F:0.059, F#:0.084, G:0.076, G#:0.084, A:0.097, A#:0.115, B:0.092"
67467,"C:0.088, C#:0.045, D:0.067, D#:0.128, E:0.056, F:0.162, F#:0.102, G:0.035, G#:0.048, A:0.038, A#:0.109, B:0.121"
67472,"C:0.024, C#:0.058, D:0.189, D#:0.116, E:0.260, F:0.084, F#:0.032, G:0.052, G#:0.062, A:0.085, A#:0.022, B:0.016"
67473,"C:0.170, C#:0.019, D:0.040, D#:0.010, E:0.089, F:0.097, F#:0.033, G:0.194, G#:0.093, A:0.127, A#:0.068, B:0.060"
67474,"C:0.054, C#:0.006, D:0.017, D#:0.122, E:0.075, F:0.128, F#:0.084, G:0.059, G#:0.211, A:0.028, A#:0.075, B:0.142"
67547,"C:0.101, C#:0.083, D:0.072, D#:0.066, E:0.062, F:0.114, F#:0.073, G:0.074, G#:0.086, A:0.100, A#:0.104, B:0.064"
67552,"C:0.215, C#:0.069, D:0.066, D#:0.029, E:0.161, F:0.076, F#:0.042, G:0.088, G#:0.041, A:0.122, A#:0.033, B:0.058"
67579,"C:0.043, C#:0.055, D:0.069, D#:0.160, E:0.064, F:0.043, F#:0.054, G:0.097, G#:0.193, A:0.072, A#:0.072, B:0.078"
67581,"C:0.054, C#:0.147, D:0.065, D#:0.073, E:0.125, F:0.059, F#:0.072, G:0.075, G#:0.167, A:0.082, A#:0.038, B:0.041"
67653,"C:0.101, C#:0.127, D:0.106, D#:0.126, E:0.107, F:0.089, F#:0.066, G:0.102, G#:0.059, A:0.039, A#:0.048, B:0.031"
67654,"C:0.102, C#:0.065, D:0.031, D#:0.022, E:0.017, F:0.020, F#:0.033, G:0.027, G#:0.045, A:0.103, A#:0.105, B:0.429"
67656,"C:0.090, C#:0.039, D:0.038, D#:0.042, E:0.255, F:0.122, F#:0.027, G:0.030, G#:0.042, A:0.183, A#:0.039, B:0.091"
67658,"C:0.191, C#:0.094, D:0.033, D#:0.030, E:0.048, F:0.278, F#:0.121, G:0.041, G#:0.032, A:0.046, A#:0.049, B:0.037"
67660,"C:0.036, C#:0.067, D:0.059, D#:0.164, E:0.062, F:0.052, F#:0.118, G:0.054, G#:0.123, A:0.094, A#:0.121, B:0.049"
67744,"C:0.089, C#:0.086, D:0.094, D#:0.075, E:0.086, F:0.054, F#:0.074, G:0.135, G#:0.106, A:0.071, A#:0.064, B:0.067"
67831,"C:0.172, C#:0.037, D:0.137, D#:0.020, E:0.035, F:0.011, F#:0.017, G:0.020, G#:0.024, A:0.312, A#:0.052, B:0.163"
67836,"C:0.204, C#:0.018, D:0.050, D#:0.025, E:0.244, F:0.084, F#:0.026, G:0.100, G#:0.045, A:0.139, A#:0.014, B:0.051"
67837,"C:0.045, C#:0.127, D:0.414, D#:0.136, E:0.076, F:0.078, F#:0.029, G:0.015, G#:0.019, A:0.030, A#:0.012, B:0.019"
67838,"C:0.023, C#:0.013, D:0.051, D#:0.068, E:0.279, F:0.053, F#:0.050, G:0.159, G#:0.062, A:0.043, A#:0.031, B:0.169"
67840,"C:0.289, C#:0.032, D:0.031, D#:0.032, E:0.025, F:0.102, F#:0.019, G:0.142, G#:0.026, A:0.069, A#:0.140, B:0.094"
68187,"C:0.132, C#:0.018, D:0.095, D#:0.012, E:0.042, F:0.127, F#:0.030, G:0.326, G#:0.050, A:0.094, A#:0.022, B:0.053"
68189,"C:0.116, C#:0.022, D:0.086, D#:0.216, E:0.058, F:0.087, F#:0.052, G:0.145, G#:0.055, A:0.067, A#:0.073, B:0.023"
68192,"C:0.073, C#:0.061, D:0.270, D#:0.208, E:0.068, F:0.145, F#:0.026, G:0.042, G#:0.010, A:0.020, A#:0.048, B:0.029"
68194,"C:0.033, C#:0.043, D:0.137, D#:0.046, E:0.087, F:0.032, F#:0.052, G:0.062, G#:0.091, A:0.173, A#:0.144, B:0.100"
68195,"C:0.064, C#:0.069, D:0.132, D#:0.050, E:0.076, F:0.036, F#:0.114, G:0.118, G#:0.051, A:0.122, A#:0.043, B:0.126"
68196,"C:0.044, C#:0.049, D:0.075, D#:0.086, E:0.089, F:0.093, F#:0.125, G:0.094, G#:0.093, A:0.082, A#:0.078, B:0.091"
68253,"C:0.168, C#:0.008, D:0.089, D#:0.010, E:0.188, F:0.045, F#:0.010, G:0.093, G#:0.020, A:0.298, A#:0.016, B:0.054"
68255,"C:0.022, C#:0.102, D:0.025, D#:0.119, E:0.144, F:0.023, F#:0.014, G:0.023, G#:0.296, A:0.073, A#:0.029, B:0.129"
68256,"C:0.202, C#:0.031, D:0.370, D#:0.024, E:0.008, F:0.022, F#:0.018, G:0.202, G#:0.014, A:0.049, A#:0.035, B:0.023"
68260,"C:0.075, C#:0.027, D:0.145, D#:0.021, E:0.022, F:0.072, F#:0.036, G:0.190, G#:0.044, A:0.120, A#:0.175, B:0.071"
68278,"C:0.012, C#:0.264, D:0.108, D#:0.007, E:0.206, F:0.005, F#:0.054, G:0.002, G#:0.005, A:0.085, A#:0.009, B:0.243"
68279,"C:0.095, C#:0.023, D:0.138, D#:0.025, E:0.103, F:0.043, F#:0.048, G:0.256, G#:0.022, A:0.141, A#:0.023, B:0.084"
68280,"C:0.103, C#:0.069, D:0.053, D#:0.033, E:0.105, F:0.054, F#:0.066, G:0.280, G#:0.055, A:0.073, A#:0.029, B:0.079"
68281,"C:0.056, C#:0.073, D:0.069, D#:0.048, E:0.124, F:0.053, F#:0.124, G:0.057, G#:0.068, A:0.153, A#:0.062, B:0.112"
68413,"C:0.064, C#:0.064, D:0.040, D#:0.056, E:0.152, F:0.059, F#:0.110, G:0.040, G#:0.051, A:0.089, A#:0.076, B:0.200"
68414,"C:0.104, C#:0.073, D:0.111, D#:0.087, E:0.068, F:0.071, F#:0.078, G:0.106, G#:0.078, A:0.098, A#:0.069, B:0.056"
68416,"C:0.020, C#:0.015, D:0.145, D#:0.015, E:0.013, F:0.015, F#:0.068, G:0.290, G#:0.054, A:0.129, A#:0.045, B:0.189"
68419,"C:0.064, C#:0.162, D:0.174, D#:0.055, E:0.087, F:0.074, F#:0.139, G:0.042, G#:0.045, A:0.049, A#:0.043, B:0.067"
68420,"C:0.169, C#:0.028, D:0.032, D#:0.031, E:0.122, F:0.118, F#:0.034, G:0.241, G#:0.027, A:0.078, A#:0.032, B:0.088"
68424,"C:0.063, C#:0.055, D:0.102, D#:0.054, E:0.120, F:0.058, F#:0.093, G:0.097, G#:0.068, A:0.089, A#:0.072, B:0.127"
68426,"C:0.056, C#:0.090, D:0.052, D#:0.058, E:0.119, F:0.072, F#:0.079, G:0.082, G#:0.161, A:0.091, A#:0.058, B:0.080"
68428,"C:0.085, C#:0.063, D:0.056, D#:0.079, E:0.094, F:0.112, F#:0.113, G:0.125, G#:0.091, A:0.068, A#:0.057, B:0.056"
68429,"C:0.238, C#:0.101, D:0.069, D#:0.091, E:0.067, F:0.044, F#:0.040, G:0.078, G#:0.075, A:0.054, A#:0.077, B:0.067"
68434,"C:0.096, C#:0.088, D:0.110, D#:0.059, E:0.050, F:0.057, F#:0.096, G:0.106, G#:0.090, A:0.104, A#:0.068, B:0.077"
68456,"C:0.087, C#:0.079, D:0.088, D#:0.070, E:0.067, F:0.084, F#:0.079, G:0.072, G#:0.102, A:0.120, A#:0.087, B:0.065"
68459,"C:0.145, C#:0.113, D:0.070, D#:0.106, E:0.046, F:0.058, F#:0.042, G:0.057, G#:0.139, A:0.080, A#:0.076, B:0.068"
68582,"C:0.111, C#:0.097, D:0.057, D#:0.034, E:0.039, F:0.027, F#:0.032, G:0.063, G#:0.109, A:0.162, A#:0.147, B:0.120"
68583,"C:0.016, C#:0.037, D:0.158, D#:0.040, E:0.047, F:0.050, F#:0.148, G:0.331, G#:0.047, A:0.060, A#:0.017, B:0.048"
68584,"C:0.035, C#:0.098, D:0.038, D#:0.179, E:0.112, F:0.042, F#:0.071, G:0.054, G#:0.099, A:0.038, A#:0.126, B:0.107"
68586,"C:0.117, C#:0.074, D:0.060, D#:0.057, E:0.116, F:0.031, F#:0.022, G:0.034, G#:0.076, A:0.263, A#:0.082, B:0.070"
68777,"C:0.100, C#:0.093, D:0.118, D#:0.062, E:0.054, F:0.069, F#:0.076, G:0.092, G#:0.087, A:0.101, A#:0.068, B:0.079"
68778,"C:0.060, C#:0.051, D:0.091, D#:0.045, E:0.072, F:0.132, F#:0.068, G:0.127, G#:0.073, A:0.186, A#:0.059, B:0.037"
68910,"C:0.079, C#:0.075, D:0.105, D#:0.054, E:0.047, F:0.055, F#:0.066, G:0.090, G#:0.108, A:0.137, A#:0.103, B:0.081"
68911,"C:0.286, C#:0.038, D:0.026, D#:0.031, E:0.044, F:0.092, F#:0.038, G:0.167, G#:0.102, A:0.044, A#:0.073, B:0.060"
68912,"C:0.046, C#:0.027, D:0.064, D#:0.020, E:0.043, F:0.081, F#:0.026, G:0.032, G#:0.080, A:0.312, A#:0.083, B:0.183"
68913,"C:0.040, C#:0.023, D:0.030, D#:0.061, E:0.165, F:0.126, F#:0.099, G:0.137, G#:0.103, A:0.118, A#:0.048, B:0.049"
68914,"C:0.048, C#:0.028, D:0.048, D#:0.041, E:0.222, F:0.149, F#:0.026, G:0.020, G#:0.064, A:0.271, A#:0.036, B:0.047"
68915,"C:0.039, C#:0.029, D:0.046, D#:0.076, E:0.434, F:0.066, F#:0.075, G:0.055, G#:0.025, A:0.070, A#:0.024, B:0.062"
68916,"C:0.065, C#:0.139, D:0.048, D#:0.148, E:0.164, F:0.195, F#:0.039, G:0.030, G#:0.044, A:0.033, A#:0.049, B:0.046"
68917,"C:0.291, C#:0.123, D:0.055, D#:0.034, E:0.023, F:0.014, F#:0.025, G:0.085, G#:0.059, A:0.068, A#:0.088, B:0.137"
68918,"C:0.021, C#:0.024, D:0.055, D#:0.087, E:0.116, F:0.113, F#:0.184, G:0.188, G#:0.080, A:0.091, A#:0.028, B:0.014"
68919,"C:0.053, C#:0.099, D:0.040, D#:0.071, E:0.165, F:0.054, F#:0.072, G:0.054, G#:0.107, A:0.118, A#:0.063, B:0.105"
68942,"C:0.048, C#:0.047, D:0.033, D#:0.025, E:0.119, F:0.042, F#:0.088, G:0.125, G#:0.094, A:0.091, A#:0.075, B:0.213"
68948,"C:0.033, C#:0.140, D:0.066, D#:0.104, E:0.087, F:0.044, F#:0.059, G:0.054, G#:0.256, A:0.095, A#:0.030, B:0.032"
68949,"C:0.047, C#:0.062, D:0.048, D#:0.050, E:0.094, F:0.148, F#:0.115, G:0.172, G#:0.144, A:0.064, A#:0.030, B:0.026"
68950,"C:0.049, C#:0.065, D:0.165, D#:0.068, E:0.120, F:0.053, F#:0.057, G:0.053, G#:0.042, A:0.198, A#:0.083, B:0.048"
69011,"C:0.081, C#:0.031, D:0.048, D#:0.215, E:0.164, F:0.122, F#:0.055, G:0.051, G#:0.146, A:0.035, A#:0.029, B:0.021"
69012,"C:0.095, C#:0.062, D:0.108, D#:0.119, E:0.200, F:0.114, F#:0.040, G:0.029, G#:0.030, A:0.125, A#:0.028, B:0.049"
69064,"C:0.027, C#:0.020, D:0.050, D#:0.158, E:0.147, F:0.074, F#:0.085, G:0.137, G#:0.128, A:0.019, A#:0.041, B:0.114"
69065,"C:0.016, C#:0.029, D:0.005, D#:0.080, E:0.252, F:0.048, F#:0.046, G:0.125, G#:0.187, A:0.107, A#:0.033, B:0.071"
69067,"C:0.017, C#:0.024, D:0.041, D#:0.055, E:0.130, F:0.081, F#:0.153, G:0.099, G#:0.090, A:0.074, A#:0.120, B:0.116"
69068,"C:0.094, C#:0.012, D:0.031, D#:0.029, E:0.178, F:0.076, F#:0.075, G:0.171, G#:0.077, A:0.078, A#:0.096, B:0.082"
69072,"C:0.207, C#:0.100, D:0.196, D#:0.053, E:0.033, F:0.027, F#:0.019, G:0.019, G#:0.026, A:0.116, A#:0.071, B:0.135"
69073,"C:0.203, C#:0.139, D:0.122, D#:0.064, E:0.088, F:0.056, F#:0.034, G:0.119, G#:0.046, A:0.047, A#:0.030, B:0.054"
69176,"C:0.088, C#:0.063, D:0.108, D#:0.046, E:0.078, F:0.136, F#:0.049, G:0.066, G#:0.077, A:0.103, A#:0.114, B:0.071"
69214,"C:0.163, C#:0.023, D:0.036, D#:0.027, E:0.074, F:0.228, F#:0.026, G:0.073, G#:0.036, A:0.128, A#:0.148, B:0.038"
69226,"C:0.100, C#:0.054, D:0.061, D#:0.068, E:0.048, F:0.050, F#:0.086, G:0.143, G#:0.172, A:0.081, A#:0.054, B:0.083"
69233,"C:0.037, C#:0.037, D:0.147, D#:0.191, E:0.042, F:0.078, F#:0.016, G:0.027, G#:0.025, A:0.090, A#:0.273, B:0.037"
69234,"C:0.181, C#:0.059, D:0.133, D#:0.085, E:0.150, F:0.053, F#:0.036, G:0.060, G#:0.027, A:0.031, A#:0.039, B:0.146"
69235,"C:0.075, C#:0.135, D:0.030, D#:0.157, E:0.033, F:0.077, F#:0.041, G:0.086, G#:0.267, A:0.035, A#:0.039, B:0.025"
69237,"C:0.070, C#:0.096, D:0.057, D#:0.146, E:0.077, F:0.037, F#:0.095, G:0.090, G#:0.175, A:0.103, A#:0.034, B:0.020"
69238,"C:0.032, C#:0.099, D:0.056, D#:0.028, E:0.019, F:0.041, F#:0.243, G:0.190, G#:0.123, A:0.056, A#:0.050, B:0.061"
69240,"C:0.184, C#:0.054, D:0.087, D#:0.036, E:0.063, F:0.080, F#:0.094, G:0.178, G#:0.038, A:0.037, A#:0.031, B:0.118"
69242,"C:0.060, C#:0.051, D:0.116, D#:0.111, E:0.082, F:0.097, F#:0.090, G:0.076, G#:0.060, A:0.040, A#:0.130, B:0.087"
69244,"C:0.055, C#:0.057, D:0.347, D#:0.076, E:0.020, F:0.120, F#:0.026, G:0.044, G#:0.022, A:0.064, A#:0.142, B:0.028"
69245,"C:0.272, C#:0.031, D:0.063, D#:0.016, E:0.064, F:0.087, F#:0.035, G:0.197, G#:0.033, A:0.069, A#:0.027, B:0.106"
69246,"C:0.169, C#:0.101, D:0.101, D#:0.043, E:0.135, F:0.098, F#:0.043, G:0.134, G#:0.034, A:0.101, A#:0.018, B:0.023"
69247,"C:0.165, C#:0.077, D:0.072, D#:0.045, E:0.070, F:0.089, F#:0.050, G:0.180, G#:0.083, A:0.101, A#:0.038, B:0.031"
69248,"C:0.018, C#:0.040, D:0.017, D#:0.079, E:0.333, F:0.051, F#:0.118, G:0.049, G#:0.066, A:0.095, A#:0.028, B:0.105"
69250,"C:0.180, C#:0.041, D:0.073, D#:0.011, E:0.038, F:0.090, F#:0.020, G:0.052, G#:0.034, A:0.200, A#:0.102, B:0.159"
69259,"C:0.033, C#:0.092, D:0.162, D#:0.056, E:0.070, F:0.031, F#:0.072, G:0.099, G#:0.092, A:0.221, A#:0.051, B:0.021"
69314,"C:0.030, C#:0.054, D:0.272, D#:0.037, E:0.055, F:0.083, F#:0.081, G:0.090, G#:0.032, A:0.185, A#:0.030, B:0.051"
69319,"C:0.056, C#:0.045, D:0.106, D#:0.032, E:0.098, F:0.044, F#:0.118, G:0.128, G#:0.078, A:0.185, A#:0.037, B:0.075"
69323,"C:0.038, C#:0.051, D:0.171, D#:0.039, E:0.088, F:0.041, F#:0.096, G:0.147, G#:0.040, A:0.188, A#:0.034, B:0.069"
69330,"C:0.061, C#:0.045, D:0.185, D#:0.089, E:0.024, F:0.030, F#:0.116, G:0.115, G#:0.035, A:0.112, A#:0.079, B:0.109"
69458,"C:0.045, C#:0.109, D:0.116, D#:0.060, E:0.123, F:0.031, F#:0.058, G:0.022, G#:0.109, A:0.250, A#:0.037, B:0.040"
69576,"C:0.100, C#:0.062, D:0.058, D#:0.105, E:0.058, F:0.082, F#:0.061, G:0.100, G#:0.123, A:0.101, A#:0.082, B:0.069"
69588,"C:0.103, C#:0.038, D:0.097, D#:0.063, E:0.045, F:0.143, F#:0.083, G:0.194, G#:0.135, A:0.046, A#:0.030, B:0.024"
69590,"C:0.028, C#:0.020, D:0.024, D#:0.043, E:0.090, F:0.037, F#:0.055, G:0.126, G#:0.114, A:0.349, A#:0.070, B:0.044"
69593,"C:0.063, C#:0.038, D:0.054, D#:0.047, E:0.027, F:0.166, F#:0.092, G:0.149, G#:0.110, A:0.096, A#:0.110, B:0.047"
69594,"C:0.188, C#:0.034, D:0.018, D#:0.027, E:0.145, F:0.149, F#:0.038, G:0.062, G#:0.025, A:0.173, A#:0.043, B:0.097"
69601,"C:0.034, C#:0.035, D:0.052, D#:0.161, E:0.135, F:0.047, F#:0.058, G:0.027, G#:0.103, A:0.022, A#:0.041, B:0.284"
69607,"C:0.022, C#:0.039, D:0.290, D#:0.029, E:0.026, F:0.021, F#:0.138, G:0.134, G#:0.029, A:0.134, A#:0.034, B:0.103"
69608,"C:0.090, C#:0.040, D:0.198, D#:0.027, E:0.070, F:0.023, F#:0.051, G:0.227, G#:0.041, A:0.115, A#:0.028, B:0.091"
69609,"C:0.043, C#:0.018, D:0.065, D#:0.366, E:0.046, F:0.092, F#:0.017, G:0.036, G#:0.074, A:0.030, A#:0.180, B:0.032"
69610,"C:0.261, C#:0.048, D:0.106, D#:0.021, E:0.072, F:0.097, F#:0.035, G:0.185, G#:0.028, A:0.032, A#:0.018, B:0.097"
69611,"C:0.028, C#:0.121, D:0.015, D#:0.018, E:0.022, F:0.088, F#:0.316, G:0.067, G#:0.056, A:0.050, A#:0.102, B:0.118"
69612,"C:0.067, C#:0.022, D:0.119, D#:0.089, E:0.036, F:0.158, F#:0.021, G:0.033, G#:0.018, A:0.082, A#:0.295, B:0.058"
69781,"C:0.064, C#:0.086, D:0.028, D#:0.035, E:0.089, F:0.082, F#:0.207, G:0.059, G#:0.043, A:0.067, A#:0.072, B:0.170"
69904,"C:0.105, C#:0.073, D:0.107, D#:0.066, E:0.063, F:0.079, F#:0.062, G:0.048, G#:0.047, A:0.086, A#:0.152, B:0.112"
69932,"C:0.045, C#:0.147, D:0.137, D#:0.067, E:0.171, F:0.052, F#:0.071, G:0.024, G#:0.044, A:0.110, A#:0.051, B:0.079"
69937,"C:0.041, C#:0.064, D:0.067, D#:0.063, E:0.165, F:0.079, F#:0.117, G:0.072, G#:0.041, A:0.109, A#:0.050, B:0.133"
69941,"C:0.047, C#:0.193, D:0.065, D#:0.086, E:0.057, F:0.044, F#:0.096, G:0.069, G#:0.224, A:0.067, A#:0.023, B:0.027"
70048,"C:0.035, C#:0.217, D:0.025, D#:0.032, E:0.234, F:0.019, F#:0.043, G:0.021, G#:0.093, A:0.193, A#:0.030, B:0.058"
70050,"C:0.020, C#:0.027, D:0.147, D#:0.203, E:0.063, F:0.111, F#:0.049, G:0.140, G#:0.044, A:0.055, A#:0.117, B:0.024"
70051,"C:0.040, C#:0.045, D:0.197, D#:0.131, E:0.052, F:0.171, F#:0.045, G:0.079, G#:0.028, A:0.075, A#:0.102, B:0.033"
70052,"C:0.022, C#:0.150, D:0.022, D#:0.090, E:0.224, F:0.028, F#:0.062, G:0.039, G#:0.198, A:0.112, A#:0.017, B:0.038"
70053,"C:0.061, C#:0.037, D:0.100, D#:0.161, E:0.056, F:0.129, F#:0.064, G:0.093, G#:0.055, A:0.084, A#:0.115, B:0.047"
70054,"C:0.153, C#:0.028, D:0.041, D#:0.024, E:0.183, F:0.019, F#:0.016, G:0.059, G#:0.071, A:0.301, A#:0.046, B:0.058"
70056,"C:0.051, C#:0.131, D:0.045, D#:0.103, E:0.167, F:0.038, F#:0.075, G:0.028, G#:0.100, A:0.076, A#:0.043, B:0.144"
70057,"C:0.039, C#:0.099, D:0.190, D#:0.045, E:0.076, F:0.044, F#:0.103, G:0.122, G#:0.043, A:0.113, A#:0.035, B:0.091"
70058,"C:0.028, C#:0.020, D:0.017, D#:0.061, E:0.229, F:0.048, F#:0.073, G:0.037, G#:0.143, A:0.138, A#:0.055, B:0.150"
70059,"C:0.034, C#:0.051, D:0.178, D#:0.052, E:0.096, F:0.056, F#:0.185, G:0.103, G#:0.028, A:0.035, A#:0.036, B:0.146"
70060,"C:0.062, C#:0.128, D:0.106, D#:0.041, E:0.044, F:0.055, F#:0.176, G:0.056, G#:0.054, A:0.054, A#:0.058, B:0.166"
70061,"C:0.068, C#:0.178, D:0.043, D#:0.246, E:0.027, F:0.113, F#:0.019, G:0.058, G#:0.112, A:0.022, A#:0.089, B:0.026"
70103,"C:0.024, C#:0.058, D:0.028, D#:0.014, E:0.023, F:0.036, F#:0.058, G:0.244, G#:0.279, A:0.127, A#:0.076, B:0.033"
70191,"C:0.072, C#:0.076, D:0.137, D#:0.086, E:0.110, F:0.088, F#:0.042, G:0.060, G#:0.053, A:0.143, A#:0.073, B:0.059"
70194,"C:0.033, C#:0.037, D:0.091, D#:0.052, E:0.067, F:0.054, F#:0.090, G:0.208, G#:0.104, A:0.158, A#:0.066, B:0.040"
70213,"C:0.099, C#:0.058, D:0.082, D#:0.157, E:0.016, F:0.036, F#:0.022, G:0.102, G#:0.088, A:0.077, A#:0.182, B:0.080"
70215,"C:0.083, C#:0.094, D:0.050, D#:0.057, E:0.088, F:0.032, F#:0.085, G:0.055, G#:0.128, A:0.109, A#:0.066, B:0.154"
70221,"C:0.159, C#:0.027, D:0.142, D#:0.109, E:0.022, F:0.011, F#:0.043, G:0.197, G#:0.106, A:0.047, A#:0.020, B:0.117"
70227,"C:0.073, C#:0.063, D:0.138, D#:0.048, E:0.022, F:0.023, F#:0.062, G:0.034, G#:0.030, A:0.057, A#:0.264, B:0.186"
70229,"C:0.083, C#:0.028, D:0.047, D#:0.035, E:0.116, F:0.031, F#:0.066, G:0.131, G#:0.057, A:0.107, A#:0.059, B:0.241"
70244,"C:0.045, C#:0.039, D:0.106, D#:0.039, E:0.045, F:0.031, F#:0.091, G:0.241, G#:0.144, A:0.134, A#:0.045, B:0.042"
70302,"C:0.155, C#:0.054, D:0.068, D#:0.178, E:0.091, F:0.082, F#:0.044, G:0.071, G#:0.061, A:0.053, A#:0.080, B:0.063"
70304,"C:0.162, C#:0.055, D:0.077, D#:0.066, E:0.095, F:0.063, F#:0.027, G:0.094, G#:0.033, A:0.119, A#:0.094, B:0.116"
70403,"C:0.048, C#:0.088, D:0.158, D#:0.116, E:0.068, F:0.066, F#:0.032, G:0.074, G#:0.032, A:0.053, A#:0.226, B:0.040"
70673,"C:0.095, C#:0.084, D:0.017, D#:0.087, E:0.027, F:0.243, F#:0.029, G:0.059, G#:0.262, A:0.045, A#:0.040, B:0.013"
70713,"C:0.140, C#:0.148, D:0.152, D#:0.226, E:0.078, F:0.093, F#:0.023, G:0.023, G#:0.012, A:0.013, A#:0.026, B:0.068"
70717,"C:0.064, C#:0.050, D:0.033, D#:0.084, E:0.157, F:0.080, F#:0.136, G:0.052, G#:0.059, A:0.029, A#:0.064, B:0.193"
70719,"C:0.050, C#:0.093, D:0.032, D#:0.049, E:0.050, F:0.073, F#:0.131, G:0.089, G#:0.193, A:0.088, A#:0.112, B:0.039"
70883,"C:0.150, C#:0.041, D:0.045, D#:0.083, E:0.113, F:0.174, F#:0.052, G:0.065, G#:0.089, A:0.048, A#:0.090, B:0.050"
70887,"C:0.175, C#:0.065, D:0.061, D#:0.108, E:0.125, F:0.177, F#:0.047, G:0.047, G#:0.023, A:0.043, A#:0.070, B:0.059"
71009,"C:0.074, C#:0.227, D:0.129, D#:0.075, E:0.031, F:0.049, F#:0.043, G:0.059, G#:0.069, A:0.087, A#:0.042, B:0.116"
71226,"C:0.084, C#:0.076, D:0.233, D#:0.095, E:0.067, F:0.075, F#:0.056, G:0.054, G#:0.056, A:0.119, A#:0.056, B:0.027"
71229,"C:0.185, C#:0.094, D:0.032, D#:0.025, E:0.042, F:0.079, F#:0.054, G:0.080, G#:0.078, A:0.116, A#:0.118, B:0.096"
71231,"C:0.095, C#:0.050, D:0.041, D#:0.023, E:0.037, F:0.025, F#:0.051, G:0.092, G#:0.111, A:0.154, A#:0.149, B:0.173"
71256,"C:0.046, C#:0.099, D:0.147, D#:0.057, E:0.060, F:0.056, F#:0.042, G:0.075, G#:0.094, A:0.210, A#:0.079, B:0.035"
71257,"C:0.041, C#:0.079, D:0.184, D#:0.086, E:0.127, F:0.118, F#:0.053, G:0.044, G#:0.047, A:0.124, A#:0.061, B:0.035"
71261,"C:0.119, C#:0.098, D:0.178, D#:0.068, E:0.066, F:0.069, F#:0.040, G:0.057, G#:0.054, A:0.089, A#:0.093, B:0.069"
71262,"C:0.068, C#:0.041, D:0.065, D#:0.055, E:0.140, F:0.113, F#:0.067, G:0.112, G#:0.078, A:0.113, A#:0.055, B:0.093"
71263,"C:0.084, C#:0.061, D:0.079, D#:0.070, E:0.105, F:0.062, F#:0.068, G:0.066, G#:0.087, A:0.118, A#:0.083, B:0.116"
71264,"C:0.143, C#:0.060, D:0.120, D#:0.047, E:0.093, F:0.151, F#:0.048, G:0.050, G#:0.039, A:0.092, A#:0.100, B:0.058"
71266,"C:0.051, C#:0.107, D:0.080, D#:0.072, E:0.141, F:0.044, F#:0.079, G:0.041, G#:0.061, A:0.155, A#:0.059, B:0.109"
71334,"C:0.247, C#:0.054, D:0.069, D#:0.061, E:0.090, F:0.040, F#:0.039, G:0.058, G#:0.037, A:0.095, A#:0.046, B:0.164"
71363,"C:0.078, C#:0.086, D:0.110, D#:0.064, E:0.110, F:0.046, F#:0.034, G:0.081, G#:0.082, A:0.193, A#:0.067, B:0.048"
71364,"C:0.093, C#:0.061, D:0.063, D#:0.041, E:0.063, F:0.080, F#:0.055, G:0.084, G#:0.110, A:0.172, A#:0.093, B:0.084"
71365,"C:0.105, C#:0.059, D:0.051, D#:0.038, E:0.082, F:0.076, F#:0.056, G:0.080, G#:0.113, A:0.184, A#:0.078, B:0.078"
71366,"C:0.096, C#:0.065, D:0.069, D#:0.040, E:0.059, F:0.067, F#:0.076, G:0.114, G#:0.110, A:0.146, A#:0.085, B:0.072"
71367,"C:0.098, C#:0.034, D:0.068, D#:0.039, E:0.115, F:0.042, F#:0.048, G:0.137, G#:0.107, A:0.171, A#:0.063, B:0.078"
71368,"C:0.145, C#:0.039, D:0.028, D#:0.017, E:0.051, F:0.020, F#:0.026, G:0.094, G#:0.072, A:0.274, A#:0.090, B:0.145"
71369,"C:0.058, C#:0.025, D:0.036, D#:0.038, E:0.116, F:0.068, F#:0.087, G:0.203, G#:0.127, A:0.148, A#:0.046, B:0.049"
71370,"C:0.123, C#:0.052, D:0.079, D#:0.053, E:0.124, F:0.041, F#:0.071, G:0.126, G#:0.051, A:0.053, A#:0.052, B:0.175"
71371,"C:0.045, C#:0.059, D:0.154, D#:0.055, E:0.088, F:0.031, F#:0.062, G:0.145, G#:0.088, A:0.190, A#:0.052, B:0.031"
71372,"C:0.120, C#:0.050, D:0.068, D#:0.037, E:0.063, F:0.105, F#:0.068, G:0.219, G#:0.081, A:0.100, A#:0.038, B:0.050"
71488,"C:0.084, C#:0.055, D:0.081, D#:0.129, E:0.242, F:0.083, F#:0.050, G:0.038, G#:0.040, A:0.055, A#:0.053, B:0.091"
71504,"C:0.072, C#:0.069, D:0.097, D#:0.105, E:0.253, F:0.076, F#:0.095, G:0.053, G#:0.039, A:0.048, A#:0.025, B:0.068"
71506,"C:0.049, C#:0.034, D:0.028, D#:0.101, E:0.024, F:0.043, F#:0.152, G:0.060, G#:0.080, A:0.059, A#:0.190, B:0.179"
71511,"C:0.071, C#:0.080, D:0.138, D#:0.048, E:0.045, F:0.043, F#:0.089, G:0.183, G#:0.069, A:0.065, A#:0.084, B:0.085"
71515,"C:0.035, C#:0.059, D:0.113, D#:0.095, E:0.117, F:0.100, F#:0.090, G:0.088, G#:0.083, A:0.148, A#:0.046, B:0.027"
71516,"C:0.008, C#:0.043, D:0.017, D#:0.042, E:0.208, F:0.040, F#:0.019, G:0.027, G#:0.030, A:0.529, A#:0.022, B:0.016"
71517,"C:0.314, C#:0.017, D:0.025, D#:0.018, E:0.063, F:0.023, F#:0.038, G:0.345, G#:0.032, A:0.033, A#:0.036, B:0.055"
71582,"C:0.088, C#:0.020, D:0.028, D#:0.023, E:0.086, F:0.238, F#:0.199, G:0.135, G#:0.056, A:0.048, A#:0.037, B:0.043"
71583,"C:0.064, C#:0.077, D:0.107, D#:0.035, E:0.118, F:0.052, F#:0.082, G:0.047, G#:0.029, A:0.172, A#:0.060, B:0.159"
71584,"C:0.030, C#:0.100, D:0.020, D#:0.050, E:0.032, F:0.145, F#:0.291, G:0.058, G#:0.041, A:0.018, A#:0.063, B:0.151"
71585,"C:0.058, C#:0.055, D:0.121, D#:0.042, E:0.133, F:0.060, F#:0.115, G:0.082, G#:0.056, A:0.169, A#:0.030, B:0.078"
71697,"C:0.038, C#:0.085, D:0.021, D#:0.020, E:0.017, F:0.057, F#:0.053, G:0.063, G#:0.208, A:0.203, A#:0.173, B:0.062"
71698,"C:0.059, C#:0.157, D:0.048, D#:0.045, E:0.056, F:0.046, F#:0.107, G:0.076, G#:0.137, A:0.076, A#:0.074, B:0.119"
71700,"C:0.020, C#:0.028, D:0.025, D#:0.062, E:0.208, F:0.063, F#:0.133, G:0.063, G#:0.182, A:0.129, A#:0.044, B:0.042"
71701,"C:0.100, C#:0.035, D:0.086, D#:0.026, E:0.028, F:0.021, F#:0.035, G:0.046, G#:0.080, A:0.353, A#:0.124, B:0.067"
71702,"C:0.097, C#:0.035, D:0.089, D#:0.030, E:0.057, F:0.118, F#:0.039, G:0.050, G#:0.146, A:0.261, A#:0.055, B:0.024"
71703,"C:0.069, C#:0.017, D:0.107, D#:0.086, E:0.127, F:0.153, F#:0.077, G:0.139, G#:0.071, A:0.073, A#:0.014, B:0.067"
71855,"C:0.129, C#:0.069, D:0.134, D#:0.123, E:0.056, F:0.092, F#:0.050, G:0.175, G#:0.047, A:0.031, A#:0.052, B:0.042"
71957,"C:0.130, C#:0.021, D:0.050, D#:0.045, E:0.433, F:0.037, F#:0.013, G:0.048, G#:0.011, A:0.033, A#:0.015, B:0.165"
72017,"C:0.111, C#:0.169, D:0.041, D#:0.039, E:0.053, F:0.064, F#:0.244, G:0.060, G#:0.046, A:0.024, A#:0.029, B:0.119"
72020,"C:0.195, C#:0.040, D:0.015, D#:0.022, E:0.226, F:0.033, F#:0.021, G:0.171, G#:0.054, A:0.153, A#:0.016, B:0.056"
72022,"C:0.148, C#:0.028, D:0.072, D#:0.032, E:0.156, F:0.300, F#:0.046, G:0.046, G#:0.031, A:0.069, A#:0.016, B:0.056"
72046,"C:0.074, C#:0.080, D:0.040, D#:0.058, E:0.157, F:0.044, F#:0.050, G:0.038, G#:0.079, A:0.206, A#:0.057, B:0.116"
72047,"C:0.031, C#:0.084, D:0.143, D#:0.060, E:0.095, F:0.074, F#:0.121, G:0.084, G#:0.059, A:0.154, A#:0.044, B:0.051"
72048,"C:0.045, C#:0.103, D:0.059, D#:0.069, E:0.080, F:0.119, F#:0.138, G:0.043, G#:0.114, A:0.164, A#:0.032, B:0.034"
72049,"C:0.133, C#:0.037, D:0.049, D#:0.069, E:0.119, F:0.058, F#:0.109, G:0.195, G#:0.047, A:0.033, A#:0.034, B:0.119"
72051,"C:0.079, C#:0.090, D:0.182, D#:0.049, E:0.045, F:0.028, F#:0.075, G:0.146, G#:0.058, A:0.133, A#:0.038, B:0.075"
72053,"C:0.070, C#:0.020, D:0.073, D#:0.101, E:0.049, F:0.140, F#:0.047, G:0.127, G#:0.042, A:0.108, A#:0.193, B:0.031"
72055,"C:0.066, C#:0.121, D:0.180, D#:0.044, E:0.034, F:0.044, F#:0.112, G:0.128, G#:0.049, A:0.069, A#:0.066, B:0.087"
72056,"C:0.068, C#:0.060, D:0.161, D#:0.051, E:0.060, F:0.037, F#:0.092, G:0.192, G#:0.057, A:0.116, A#:0.033, B:0.074"
72057,"C:0.042, C#:0.078, D:0.129, D#:0.048, E:0.156, F:0.030, F#:0.023, G:0.027, G#:0.077, A:0.256, A#:0.046, B:0.089"
72110,"C:0.016, C#:0.028, D:0.380, D#:0.024, E:0.019, F:0.036, F#:0.036, G:0.288, G#:0.038, A:0.052, A#:0.045, B:0.038"
72113,"C:0.010, C#:0.017, D:0.006, D#:0.043, E:0.545, F:0.020, F#:0.016, G:0.025, G#:0.061, A:0.205, A#:0.036, B:0.016"
72115,"C:0.050, C#:0.024, D:0.281, D#:0.095, E:0.012, F:0.027, F#:0.057, G:0.226, G#:0.069, A:0.044, A#:0.026, B:0.089"
72206,"C:0.076, C#:0.045, D:0.115, D#:0.050, E:0.067, F:0.062, F#:0.091, G:0.117, G#:0.079, A:0.151, A#:0.080, B:0.067"
72245,"C:0.130, C#:0.047, D:0.104, D#:0.087, E:0.068, F:0.102, F#:0.067, G:0.154, G#:0.047, A:0.074, A#:0.085, B:0.036"
72246,"C:0.098, C#:0.027, D:0.039, D#:0.015, E:0.020, F:0.026, F#:0.075, G:0.302, G#:0.206, A:0.089, A#:0.045, B:0.058"
72248,"C:0.035, C#:0.034, D:0.063, D#:0.151, E:0.162, F:0.165, F#:0.089, G:0.082, G#:0.142, A:0.059, A#:0.012, B:0.007"
72255,"C:0.092, C#:0.039, D:0.178, D#:0.057, E:0.116, F:0.034, F#:0.028, G:0.254, G#:0.040, A:0.062, A#:0.018, B:0.081"
72313,"C:0.094, C#:0.136, D:0.268, D#:0.153, E:0.102, F:0.075, F#:0.041, G:0.042, G#:0.028, A:0.017, A#:0.016, B:0.029"
72359,"C:0.017, C#:0.065, D:0.046, D#:0.123, E:0.046, F:0.034, F#:0.173, G:0.055, G#:0.147, A:0.188, A#:0.077, B:0.030"
72360,"C:0.014, C#:0.119, D:0.029, D#:0.065, E:0.082, F:0.016, F#:0.245, G:0.014, G#:0.101, A:0.016, A#:0.068, B:0.232"
72436,"C:0.043, C#:0.097, D:0.388, D#:0.056, E:0.032, F:0.042, F#:0.121, G:0.086, G#:0.017, A:0.044, A#:0.020, B:0.055"
72451,"C:0.059, C#:0.117, D:0.228, D#:0.122, E:0.074, F:0.046, F#:0.036, G:0.032, G#:0.063, A:0.128, A#:0.057, B:0.037"
72474,"C:0.131, C#:0.070, D:0.052, D#:0.057, E:0.062, F:0.147, F#:0.047, G:0.069, G#:0.087, A:0.056, A#:0.165, B:0.057"
72475,"C:0.100, C#:0.046, D:0.039, D#:0.053, E:0.073, F:0.052, F#:0.053, G:0.047, G#:0.079, A:0.090, A#:0.154, B:0.213"
72477,"C:0.055, C#:0.091, D:0.053, D#:0.059, E:0.120, F:0.072, F#:0.079, G:0.083, G#:0.160, A:0.090, A#:0.057, B:0.079"
72480,"C:0.078, C#:0.028, D:0.132, D#:0.158, E:0.057, F:0.101, F#:0.049, G:0.206, G#:0.039, A:0.043, A#:0.086, B:0.024"
72615,"C:0.120, C#:0.055, D:0.066, D#:0.033, E:0.051, F:0.028, F#:0.028, G:0.063, G#:0.101, A:0.225, A#:0.104, B:0.125"
72623,"C:0.081, C#:0.342, D:0.071, D#:0.032, E:0.067, F:0.022, F#:0.027, G:0.066, G#:0.113, A:0.063, A#:0.056, B:0.060"
72624,"C:0.106, C#:0.078, D:0.122, D#:0.062, E:0.067, F:0.112, F#:0.047, G:0.060, G#:0.054, A:0.079, A#:0.124, B:0.088"
72634,"C:0.087, C#:0.101, D:0.085, D#:0.127, E:0.078, F:0.072, F#:0.098, G:0.065, G#:0.082, A:0.056, A#:0.073, B:0.077"
72686,"C:0.108, C#:0.174, D:0.053, D#:0.097, E:0.029, F:0.216, F#:0.146, G:0.039, G#:0.078, A:0.028, A#:0.025, B:0.008"
72997,"C:0.123, C#:0.160, D:0.134, D#:0.032, E:0.029, F:0.023, F#:0.098, G:0.018, G#:0.024, A:0.054, A#:0.082, B:0.222"
73069,"C:0.202, C#:0.068, D:0.030, D#:0.031, E:0.027, F:0.050, F#:0.053, G:0.072, G#:0.124, A:0.123, A#:0.135, B:0.085"
73114,"C:0.071, C#:0.118, D:0.218, D#:0.096, E:0.117, F:0.076, F#:0.066, G:0.056, G#:0.030, A:0.061, A#:0.033, B:0.057"
73181,"C:0.044, C#:0.065, D:0.076, D#:0.196, E:0.096, F:0.102, F#:0.129, G:0.051, G#:0.095, A:0.046, A#:0.031, B:0.069"
73419,"C:0.029, C#:0.074, D:0.111, D#:0.042, E:0.146, F:0.030, F#:0.140, G:0.064, G#:0.043, A:0.130, A#:0.034, B:0.156"
73420,"C:0.029, C#:0.073, D:0.259, D#:0.045, E:0.032, F:0.026, F#:0.051, G:0.094, G#:0.089, A:0.197, A#:0.064, B:0.041"
73422,"C:0.059, C#:0.132, D:0.059, D#:0.102, E:0.034, F:0.084, F#:0.066, G:0.077, G#:0.231, A:0.049, A#:0.082, B:0.025"
73423,"C:0.029, C#:0.061, D:0.035, D#:0.082, E:0.162, F:0.162, F#:0.194, G:0.048, G#:0.027, A:0.056, A#:0.035, B:0.109"
73425,"C:0.027, C#:0.080, D:0.066, D#:0.071, E:0.259, F:0.051, F#:0.036, G:0.046, G#:0.060, A:0.165, A#:0.041, B:0.099"
73428,"C:0.101, C#:0.028, D:0.034, D#:0.033, E:0.123, F:0.216, F#:0.073, G:0.111, G#:0.050, A:0.129, A#:0.036, B:0.067"
73431,"C:0.080, C#:0.062, D:0.123, D#:0.025, E:0.055, F:0.054, F#:0.141, G:0.161, G#:0.059, A:0.134, A#:0.036, B:0.070"
73432,"C:0.030, C#:0.059, D:0.115, D#:0.038, E:0.135, F:0.035, F#:0.061, G:0.046, G#:0.067, A:0.236, A#:0.058, B:0.120"
73435,"C:0.142, C#:0.027, D:0.070, D#:0.029, E:0.119, F:0.105, F#:0.070, G:0.186, G#:0.054, A:0.126, A#:0.032, B:0.041"
73437,"C:0.328, C#:0.015, D:0.005, D#:0.005, E:0.096, F:0.151, F#:0.012, G:0.177, G#:0.042, A:0.070, A#:0.076, B:0.023"
73492,"C:0.040, C#:0.095, D:0.233, D#:0.048, E:0.070, F:0.016, F#:0.050, G:0.031, G#:0.060, A:0.235, A#:0.053, B:0.070"
73495,"C:0.019, C#:0.048, D:0.099, D#:0.032, E:0.129, F:0.044, F#:0.166, G:0.143, G#:0.044, A:0.109, A#:0.028, B:0.139"
73687,"C:0.032, C#:0.108, D:0.036, D#:0.075, E:0.111, F:0.062, F#:0.112, G:0.045, G#:0.096, A:0.120, A#:0.040, B:0.163"
73689,"C:0.023, C#:0.058, D:0.013, D#:0.064, E:0.198, F:0.026, F#:0.037, G:0.015, G#:0.069, A:0.235, A#:0.047, B:0.216"
73693,"C:0.029, C#:0.059, D:0.146, D#:0.070, E:0.198, F:0.085, F#:0.156, G:0.070, G#:0.074, A:0.059, A#:0.021, B:0.031"
73696,"C:0.167, C#:0.078, D:0.039, D#:0.107, E:0.038, F:0.071, F#:0.040, G:0.082, G#:0.160, A:0.071, A#:0.107, B:0.040"
73704,"C:0.098, C#:0.048, D:0.123, D#:0.044, E:0.127, F:0.035, F#:0.068, G:0.188, G#:0.039, A:0.077, A#:0.031, B:0.122"
73741,"C:0.126, C#:0.057, D:0.024, D#:0.094, E:0.020, F:0.124, F#:0.052, G:0.052, G#:0.288, A:0.025, A#:0.101, B:0.036"
73758,"C:0.056, C#:0.137, D:0.125, D#:0.046, E:0.088, F:0.040, F#:0.052, G:0.030, G#:0.081, A:0.233, A#:0.057, B:0.057"
73761,"C:0.119, C#:0.039, D:0.096, D#:0.042, E:0.090, F:0.188, F#:0.055, G:0.067, G#:0.039, A:0.160, A#:0.068, B:0.038"
73763,"C:0.164, C#:0.036, D:0.031, D#:0.064, E:0.032, F:0.036, F#:0.084, G:0.312, G#:0.113, A:0.039, A#:0.054, B:0.035"
73768,"C:0.054, C#:0.046, D:0.041, D#:0.040, E:0.065, F:0.070, F#:0.073, G:0.139, G#:0.112, A:0.114, A#:0.152, B:0.093"
73770,"C:0.056, C#:0.137, D:0.125, D#:0.046, E:0.088, F:0.040, F#:0.052, G:0.030, G#:0.081, A:0.233, A#:0.057, B:0.057"
73772,"C:0.126, C#:0.057, D:0.024, D#:0.094, E:0.020, F:0.124, F#:0.052, G:0.052, G#:0.288, A:0.025, A#:0.101, B:0.036"
73774,"C:0.035, C#:0.103, D:0.099, D#:0.047, E:0.086, F:0.054, F#:0.094, G:0.065, G#:0.102, A:0.181, A#:0.070, B:0.064"
73788,"C:0.163, C#:0.059, D:0.072, D#:0.033, E:0.062, F:0.157, F#:0.042, G:0.077, G#:0.043, A:0.072, A#:0.149, B:0.070"
73789,"C:0.122, C#:0.182, D:0.175, D#:0.107, E:0.104, F:0.056, F#:0.051, G:0.051, G#:0.031, A:0.078, A#:0.024, B:0.020"
73792,"C:0.038, C#:0.092, D:0.127, D#:0.089, E:0.225, F:0.065, F#:0.055, G:0.042, G#:0.060, A:0.101, A#:0.039, B:0.068"
73806,"C:0.119, C#:0.063, D:0.011, D#:0.167, E:0.011, F:0.161, F#:0.010, G:0.070, G#:0.311, A:0.012, A#:0.054, B:0.011"
73809,"C:0.086, C#:0.013, D:0.142, D#:0.010, E:0.199, F:0.079, F#:0.015, G:0.169, G#:0.016, A:0.222, A#:0.010, B:0.039"
73836,"C:0.032, C#:0.031, D:0.030, D#:0.068, E:0.161, F:0.067, F#:0.098, G:0.051, G#:0.080, A:0.163, A#:0.079, B:0.141"
73866,"C:0.015, C#:0.010, D:0.150, D#:0.053, E:0.242, F:0.088, F#:0.141, G:0.023, G#:0.080, A:0.117, A#:0.011, B:0.068"
73868,"C:0.037, C#:0.044, D:0.251, D#:0.063, E:0.132, F:0.096, F#:0.057, G:0.029, G#:0.054, A:0.184, A#:0.029, B:0.025"
73875,"C:0.034, C#:0.114, D:0.017, D#:0.022, E:0.042, F:0.263, F#:0.143, G:0.050, G#:0.239, A:0.039, A#:0.012, B:0.025"
73941,"C:0.102, C#:0.086, D:0.114, D#:0.054, E:0.079, F:0.119, F#:0.064, G:0.056, G#:0.044, A:0.099, A#:0.112, B:0.070"
73942,"C:0.032, C#:0.063, D:0.063, D#:0.059, E:0.120, F:0.117, F#:0.203, G:0.112, G#:0.062, A:0.058, A#:0.035, B:0.074"
73943,"C:0.102, C#:0.122, D:0.052, D#:0.128, E:0.066, F:0.121, F#:0.056, G:0.126, G#:0.136, A:0.035, A#:0.026, B:0.030"
73944,"C:0.087, C#:0.157, D:0.031, D#:0.080, E:0.035, F:0.111, F#:0.110, G:0.041, G#:0.101, A:0.075, A#:0.141, B:0.031"
73946,"C:0.041, C#:0.050, D:0.032, D#:0.046, E:0.061, F:0.067, F#:0.159, G:0.133, G#:0.134, A:0.115, A#:0.072, B:0.090"
73948,"C:0.115, C#:0.146, D:0.039, D#:0.175, E:0.037, F:0.090, F#:0.060, G:0.042, G#:0.150, A:0.039, A#:0.074, B:0.031"
73950,"C:0.020, C#:0.144, D:0.067, D#:0.028, E:0.182, F:0.027, F#:0.127, G:0.015, G#:0.116, A:0.106, A#:0.026, B:0.141"
73951,"C:0.059, C#:0.097, D:0.089, D#:0.074, E:0.129, F:0.057, F#:0.079, G:0.059, G#:0.089, A:0.159, A#:0.038, B:0.071"
73952,"C:0.101, C#:0.034, D:0.155, D#:0.034, E:0.098, F:0.048, F#:0.067, G:0.182, G#:0.040, A:0.103, A#:0.035, B:0.103"
73953,"C:0.150, C#:0.020, D:0.137, D#:0.016, E:0.104, F:0.177, F#:0.045, G:0.100, G#:0.049, A:0.156, A#:0.011, B:0.036"
73954,"C:0.040, C#:0.066, D:0.147, D#:0.063, E:0.090, F:0.034, F#:0.089, G:0.109, G#:0.068, A:0.154, A#:0.054, B:0.087"
73955,"C:0.037, C#:0.031, D:0.064, D#:0.042, E:0.143, F:0.048, F#:0.121, G:0.170, G#:0.068, A:0.129, A#:0.034, B:0.114"
73956,"C:0.126, C#:0.045, D:0.107, D#:0.052, E:0.146, F:0.078, F#:0.047, G:0.174, G#:0.040, A:0.076, A#:0.029, B:0.080"
73957,"C:0.066, C#:0.039, D:0.254, D#:0.035, E:0.025, F:0.053, F#:0.036, G:0.177, G#:0.048, A:0.162, A#:0.069, B:0.036"
73958,"C:0.136, C#:0.067, D:0.137, D#:0.068, E:0.088, F:0.095, F#:0.046, G:0.063, G#:0.042, A:0.093, A#:0.076, B:0.090"
73959,"C:0.151, C#:0.044, D:0.068, D#:0.033, E:0.068, F:0.205, F#:0.050, G:0.123, G#:0.036, A:0.056, A#:0.103, B:0.064"
73964,"C:0.132, C#:0.099, D:0.167, D#:0.051, E:0.095, F:0.049, F#:0.032, G:0.076, G#:0.044, A:0.116, A#:0.053, B:0.085"
73965,"C:0.136, C#:0.035, D:0.047, D#:0.060, E:0.027, F:0.063, F#:0.058, G:0.195, G#:0.154, A:0.066, A#:0.100, B:0.060"
73966,"C:0.059, C#:0.087, D:0.033, D#:0.147, E:0.034, F:0.085, F#:0.125, G:0.036, G#:0.066, A:0.035, A#:0.179, B:0.115"
73967,"C:0.064, C#:0.042, D:0.088, D#:0.044, E:0.087, F:0.052, F#:0.106, G:0.237, G#:0.086, A:0.052, A#:0.033, B:0.108"
73968,"C:0.013, C#:0.027, D:0.191, D#:0.014, E:0.034, F:0.155, F#:0.043, G:0.148, G#:0.030, A:0.150, A#:0.171, B:0.024"
73969,"C:0.031, C#:0.027, D:0.053, D#:0.038, E:0.087, F:0.049, F#:0.107, G:0.194, G#:0.071, A:0.118, A#:0.059, B:0.166"
73970,"C:0.037, C#:0.086, D:0.048, D#:0.152, E:0.129, F:0.062, F#:0.080, G:0.039, G#:0.127, A:0.056, A#:0.080, B:0.103"
73971,"C:0.075, C#:0.088, D:0.034, D#:0.048, E:0.049, F:0.063, F#:0.106, G:0.040, G#:0.060, A:0.066, A#:0.201, B:0.170"
73973,"C:0.124, C#:0.089, D:0.180, D#:0.076, E:0.068, F:0.036, F#:0.031, G:0.028, G#:0.042, A:0.122, A#:0.097, B:0.107"
73976,"C:0.114, C#:0.095, D:0.238, D#:0.076, E:0.052, F:0.046, F#:0.027, G:0.042, G#:0.038, A:0.143, A#:0.074, B:0.055"
73977,"C:0.116, C#:0.087, D:0.333, D#:0.062, E:0.081, F:0.093, F#:0.026, G:0.032, G#:0.018, A:0.050, A#:0.036, B:0.064"
74090,"C:0.101, C#:0.034, D:0.054, D#:0.205, E:0.056, F:0.108, F#:0.043, G:0.071, G#:0.111, A:0.072, A#:0.104, B:0.041"
74111,"C:0.027, C#:0.175, D:0.083, D#:0.314, E:0.049, F:0.034, F#:0.004, G:0.028, G#:0.219, A:0.020, A#:0.043, B:0.005"
74113,"C:0.083, C#:0.014, D:0.126, D#:0.013, E:0.116, F:0.082, F#:0.040, G:0.177, G#:0.039, A:0.234, A#:0.023, B:0.054"
74146,"C:0.178, C#:0.060, D:0.042, D#:0.052, E:0.381, F:0.103, F#:0.038, G:0.032, G#:0.012, A:0.011, A#:0.014, B:0.077"
74148,"C:0.220, C#:0.032, D:0.078, D#:0.027, E:0.143, F:0.111, F#:0.013, G:0.047, G#:0.020, A:0.206, A#:0.071, B:0.031"
74149,"C:0.180, C#:0.044, D:0.020, D#:0.014, E:0.078, F:0.017, F#:0.017, G:0.018, G#:0.027, A:0.276, A#:0.053, B:0.257"
74192,"C:0.065, C#:0.057, D:0.123, D#:0.171, E:0.054, F:0.072, F#:0.055, G:0.075, G#:0.064, A:0.076, A#:0.114, B:0.074"
74208,"C:0.071, C#:0.095, D:0.164, D#:0.021, E:0.028, F:0.034, F#:0.090, G:0.141, G#:0.053, A:0.131, A#:0.118, B:0.052"
74214,"C:0.162, C#:0.082, D:0.172, D#:0.139, E:0.052, F:0.033, F#:0.034, G:0.041, G#:0.039, A:0.093, A#:0.064, B:0.088"
74340,"C:0.040, C#:0.022, D:0.013, D#:0.017, E:0.030, F:0.039, F#:0.067, G:0.113, G#:0.134, A:0.231, A#:0.202, B:0.092"
74378,"C:0.108, C#:0.108, D:0.136, D#:0.113, E:0.104, F:0.079, F#:0.066, G:0.112, G#:0.054, A:0.047, A#:0.031, B:0.041"
74383,"C:0.056, C#:0.076, D:0.046, D#:0.061, E:0.304, F:0.068, F#:0.088, G:0.026, G#:0.037, A:0.015, A#:0.036, B:0.186"
74384,"C:0.081, C#:0.108, D:0.110, D#:0.137, E:0.126, F:0.058, F#:0.049, G:0.064, G#:0.073, A:0.057, A#:0.065, B:0.072"
74386,"C:0.115, C#:0.026, D:0.199, D#:0.021, E:0.142, F:0.053, F#:0.035, G:0.151, G#:0.024, A:0.140, A#:0.017, B:0.078"
74393,"C:0.069, C#:0.103, D:0.026, D#:0.079, E:0.029, F:0.172, F#:0.066, G:0.040, G#:0.156, A:0.058, A#:0.165, B:0.037"
74474,"C:0.080, C#:0.178, D:0.400, D#:0.123, E:0.045, F:0.021, F#:0.018, G:0.013, G#:0.016, A:0.055, A#:0.020, B:0.031"
74506,"C:0.175, C#:0.051, D:0.058, D#:0.052, E:0.075, F:0.157, F#:0.047, G:0.102, G#:0.076, A:0.102, A#:0.055, B:0.050"
74508,"C:0.050, C#:0.102, D:0.052, D#:0.112, E:0.062, F:0.137, F#:0.116, G:0.045, G#:0.104, A:0.093, A#:0.098, B:0.030"
74509,"C:0.158, C#:0.049, D:0.082, D#:0.079, E:0.091, F:0.041, F#:0.062, G:0.114, G#:0.027, A:0.166, A#:0.037, B:0.093"
74510,"C:0.026, C#:0.073, D:0.249, D#:0.055, E:0.074, F:0.039, F#:0.104, G:0.127, G#:0.060, A:0.123, A#:0.033, B:0.036"
74512,"C:0.075, C#:0.064, D:0.109, D#:0.166, E:0.044, F:0.067, F#:0.040, G:0.127, G#:0.073, A:0.043, A#:0.146, B:0.044"
74514,"C:0.041, C#:0.064, D:0.041, D#:0.027, E:0.070, F:0.021, F#:0.053, G:0.088, G#:0.124, A:0.340, A#:0.062, B:0.070"
74515,"C:0.024, C#:0.060, D:0.098, D#:0.038, E:0.056, F:0.060, F#:0.201, G:0.164, G#:0.068, A:0.127, A#:0.049, B:0.057"
74516,"C:0.104, C#:0.034, D:0.200, D#:0.027, E:0.057, F:0.287, F#:0.028, G:0.055, G#:0.024, A:0.098, A#:0.061, B:0.025"
74517,"C:0.112, C#:0.038, D:0.142, D#:0.054, E:0.128, F:0.044, F#:0.074, G:0.160, G#:0.043, A:0.050, A#:0.034, B:0.123"
74518,"C:0.018, C#:0.074, D:0.031, D#:0.056, E:0.165, F:0.042, F#:0.104, G:0.027, G#:0.084, A:0.259, A#:0.058, B:0.082"
74528,"C:0.037, C#:0.061, D:0.040, D#:0.022, E:0.059, F:0.040, F#:0.165, G:0.141, G#:0.110, A:0.195, A#:0.086, B:0.044"
74529,"C:0.048, C#:0.056, D:0.310, D#:0.044, E:0.084, F:0.034, F#:0.053, G:0.098, G#:0.046, A:0.126, A#:0.040, B:0.060"
74531,"C:0.063, C#:0.055, D:0.109, D#:0.085, E:0.182, F:0.109, F#:0.128, G:0.087, G#:0.057, A:0.052, A#:0.027, B:0.046"
74532,"C:0.062, C#:0.039, D:0.039, D#:0.052, E:0.074, F:0.072, F#:0.056, G:0.116, G#:0.255, A:0.141, A#:0.053, B:0.040"
74533,"C:0.027, C#:0.078, D:0.134, D#:0.029, E:0.111, F:0.019, F#:0.088, G:0.093, G#:0.033, A:0.150, A#:0.037, B:0.199"
74535,"C:0.049, C#:0.075, D:0.193, D#:0.053, E:0.043, F:0.029, F#:0.049, G:0.116, G#:0.105, A:0.142, A#:0.066, B:0.079"
74536,"C:0.033, C#:0.034, D:0.196, D#:0.040, E:0.109, F:0.024, F#:0.148, G:0.131, G#:0.042, A:0.106, A#:0.032, B:0.104"
74537,"C:0.058, C#:0.040, D:0.071, D#:0.052, E:0.072, F:0.047, F#:0.077, G:0.151, G#:0.090, A:0.145, A#:0.061, B:0.136"
74552,"C:0.155, C#:0.070, D:0.034, D#:0.083, E:0.047, F:0.090, F#:0.043, G:0.085, G#:0.107, A:0.057, A#:0.151, B:0.078"
74556,"C:0.034, C#:0.142, D:0.019, D#:0.022, E:0.149, F:0.029, F#:0.032, G:0.024, G#:0.107, A:0.326, A#:0.038, B:0.079"
74691,"C:0.017, C#:0.052, D:0.311, D#:0.057, E:0.187, F:0.027, F#:0.032, G:0.163, G#:0.025, A:0.054, A#:0.018, B:0.059"
74692,"C:0.139, C#:0.018, D:0.026, D#:0.020, E:0.073, F:0.088, F#:0.062, G:0.221, G#:0.112, A:0.172, A#:0.023, B:0.046"
74694,"C:0.106, C#:0.048, D:0.215, D#:0.029, E:0.010, F:0.020, F#:0.114, G:0.220, G#:0.051, A:0.022, A#:0.032, B:0.133"
74695,"C:0.083, C#:0.057, D:0.101, D#:0.055, E:0.066, F:0.054, F#:0.074, G:0.104, G#:0.052, A:0.092, A#:0.122, B:0.140"
74817,"C:0.039, C#:0.084, D:0.048, D#:0.172, E:0.035, F:0.039, F#:0.123, G:0.051, G#:0.122, A:0.045, A#:0.124, B:0.118"
74853,"C:0.021, C#:0.047, D:0.102, D#:0.163, E:0.267, F:0.134, F#:0.109, G:0.054, G#:0.047, A:0.031, A#:0.012, B:0.013"
74856,"C:0.075, C#:0.032, D:0.077, D#:0.058, E:0.057, F:0.082, F#:0.077, G:0.159, G#:0.074, A:0.169, A#:0.100, B:0.040"
74857,"C:0.085, C#:0.023, D:0.066, D#:0.080, E:0.079, F:0.219, F#:0.050, G:0.164, G#:0.037, A:0.077, A#:0.088, B:0.031"
74864,"C:0.030, C#:0.104, D:0.092, D#:0.050, E:0.154, F:0.060, F#:0.122, G:0.066, G#:0.085, A:0.134, A#:0.034, B:0.069"
74867,"C:0.032, C#:0.104, D:0.063, D#:0.039, E:0.150, F:0.033, F#:0.043, G:0.037, G#:0.106, A:0.256, A#:0.064, B:0.073"
74868,"C:0.123, C#:0.063, D:0.168, D#:0.050, E:0.162, F:0.041, F#:0.084, G:0.082, G#:0.039, A:0.090, A#:0.029, B:0.070"
74897,"C:0.142, C#:0.074, D:0.071, D#:0.106, E:0.066, F:0.107, F#:0.059, G:0.091, G#:0.050, A:0.045, A#:0.087, B:0.101"
74898,"C:0.233, C#:0.069, D:0.045, D#:0.106, E:0.046, F:0.082, F#:0.034, G:0.048, G#:0.027, A:0.049, A#:0.124, B:0.137"
74899,"C:0.054, C#:0.043, D:0.090, D#:0.034, E:0.037, F:0.066, F#:0.098, G:0.283, G#:0.105, A:0.063, A#:0.076, B:0.051"
74901,"C:0.122, C#:0.061, D:0.092, D#:0.067, E:0.035, F:0.065, F#:0.048, G:0.078, G#:0.108, A:0.102, A#:0.143, B:0.076"
74906,"C:0.137, C#:0.091, D:0.062, D#:0.040, E:0.026, F:0.047, F#:0.034, G:0.096, G#:0.064, A:0.071, A#:0.203, B:0.127"
74925,"C:0.210, C#:0.013, D:0.196, D#:0.012, E:0.094, F:0.042, F#:0.017, G:0.129, G#:0.017, A:0.176, A#:0.023, B:0.073"
74937,"C:0.209, C#:0.056, D:0.310, D#:0.072, E:0.085, F:0.064, F#:0.039, G:0.080, G#:0.014, A:0.017, A#:0.011, B:0.042"
74938,"C:0.061, C#:0.055, D:0.099, D#:0.047, E:0.071, F:0.129, F#:0.065, G:0.123, G#:0.068, A:0.185, A#:0.060, B:0.036"
75049,"C:0.174, C#:0.094, D:0.238, D#:0.045, E:0.029, F:0.024, F#:0.022, G:0.031, G#:0.033, A:0.139, A#:0.049, B:0.122"
75051,"C:0.065, C#:0.068, D:0.035, D#:0.078, E:0.181, F:0.053, F#:0.051, G:0.035, G#:0.060, A:0.093, A#:0.070, B:0.210"
75052,"C:0.158, C#:0.081, D:0.283, D#:0.055, E:0.065, F:0.060, F#:0.031, G:0.055, G#:0.021, A:0.116, A#:0.026, B:0.050"
75053,"C:0.085, C#:0.055, D:0.294, D#:0.049, E:0.059, F:0.034, F#:0.095, G:0.179, G#:0.027, A:0.075, A#:0.014, B:0.034"
75055,"C:0.369, C#:0.049, D:0.027, D#:0.032, E:0.047, F:0.170, F#:0.051, G:0.119, G#:0.027, A:0.021, A#:0.033, B:0.056"
75056,"C:0.020, C#:0.059, D:0.191, D#:0.053, E:0.092, F:0.041, F#:0.090, G:0.171, G#:0.051, A:0.154, A#:0.026, B:0.051"
75057,"C:0.045, C#:0.027, D:0.031, D#:0.079, E:0.171, F:0.060, F#:0.052, G:0.040, G#:0.103, A:0.124, A#:0.113, B:0.155"
75059,"C:0.149, C#:0.057, D:0.114, D#:0.049, E:0.080, F:0.077, F#:0.069, G:0.164, G#:0.057, A:0.096, A#:0.033, B:0.056"
75060,"C:0.022, C#:0.072, D:0.220, D#:0.061, E:0.097, F:0.047, F#:0.106, G:0.170, G#:0.045, A:0.108, A#:0.025, B:0.026"
75061,"C:0.019, C#:0.068, D:0.245, D#:0.046, E:0.048, F:0.028, F#:0.128, G:0.137, G#:0.044, A:0.127, A#:0.042, B:0.069"
75231,"C:0.142, C#:0.033, D:0.169, D#:0.080, E:0.192, F:0.047, F#:0.052, G:0.064, G#:0.048, A:0.069, A#:0.018, B:0.086"
75232,"C:0.094, C#:0.065, D:0.059, D#:0.083, E:0.155, F:0.078, F#:0.063, G:0.048, G#:0.034, A:0.042, A#:0.079, B:0.200"
75233,"C:0.099, C#:0.336, D:0.082, D#:0.033, E:0.081, F:0.016, F#:0.033, G:0.045, G#:0.044, A:0.091, A#:0.037, B:0.101"
75234,"C:0.047, C#:0.071, D:0.063, D#:0.046, E:0.065, F:0.065, F#:0.137, G:0.094, G#:0.153, A:0.094, A#:0.062, B:0.102"
75238,"C:0.049, C#:0.050, D:0.055, D#:0.138, E:0.052, F:0.080, F#:0.140, G:0.062, G#:0.057, A:0.128, A#:0.112, B:0.078"
75244,"C:0.091, C#:0.062, D:0.070, D#:0.151, E:0.122, F:0.091, F#:0.056, G:0.031, G#:0.023, A:0.037, A#:0.103, B:0.162"
75265,"C:0.147, C#:0.120, D:0.060, D#:0.078, E:0.049, F:0.126, F#:0.067, G:0.077, G#:0.089, A:0.051, A#:0.068, B:0.069"
75267,"C:0.152, C#:0.047, D:0.066, D#:0.030, E:0.074, F:0.024, F#:0.083, G:0.088, G#:0.026, A:0.079, A#:0.051, B:0.280"
75268,"C:0.059, C#:0.063, D:0.234, D#:0.046, E:0.062, F:0.078, F#:0.027, G:0.063, G#:0.034, A:0.185, A#:0.117, B:0.032"
75269,"C:0.234, C#:0.075, D:0.074, D#:0.072, E:0.020, F:0.021, F#:0.044, G:0.102, G#:0.150, A:0.050, A#:0.054, B:0.104"
75270,"C:0.109, C#:0.080, D:0.019, D#:0.078, E:0.170, F:0.039, F#:0.068, G:0.106, G#:0.046, A:0.022, A#:0.035, B:0.229"
75271,"C:0.076, C#:0.062, D:0.075, D#:0.169, E:0.060, F:0.047, F#:0.080, G:0.036, G#:0.046, A:0.061, A#:0.189, B:0.100"
75272,"C:0.043, C#:0.042, D:0.098, D#:0.107, E:0.290, F:0.095, F#:0.157, G:0.044, G#:0.027, A:0.020, A#:0.016, B:0.061"
75273,"C:0.023, C#:0.018, D:0.074, D#:0.061, E:0.219, F:0.043, F#:0.010, G:0.020, G#:0.039, A:0.389, A#:0.041, B:0.064"
75276,"C:0.037, C#:0.027, D:0.072, D#:0.066, E:0.466, F:0.046, F#:0.043, G:0.035, G#:0.014, A:0.015, A#:0.016, B:0.163"
75372,"C:0.059, C#:0.245, D:0.049, D#:0.026, E:0.018, F:0.023, F#:0.083, G:0.058, G#:0.157, A:0.100, A#:0.097, B:0.085"
75374,"C:0.031, C#:0.066, D:0.211, D#:0.089, E:0.108, F:0.075, F#:0.054, G:0.104, G#:0.077, A:0.096, A#:0.051, B:0.038"
75376,"C:0.044, C#:0.081, D:0.042, D#:0.050, E:0.069, F:0.105, F#:0.126, G:0.108, G#:0.183, A:0.107, A#:0.042, B:0.046"
75377,"C:0.042, C#:0.043, D:0.036, D#:0.050, E:0.103, F:0.129, F#:0.088, G:0.152, G#:0.134, A:0.098, A#:0.066, B:0.058"
75378,"C:0.292, C#:0.062, D:0.039, D#:0.038, E:0.015, F:0.019, F#:0.032, G:0.072, G#:0.088, A:0.058, A#:0.085, B:0.200"
75379,"C:0.048, C#:0.052, D:0.088, D#:0.077, E:0.055, F:0.101, F#:0.091, G:0.121, G#:0.100, A:0.125, A#:0.097, B:0.046"
75381,"C:0.055, C#:0.027, D:0.060, D#:0.040, E:0.134, F:0.085, F#:0.049, G:0.083, G#:0.075, A:0.137, A#:0.101, B:0.154"
75384,"C:0.077, C#:0.048, D:0.041, D#:0.039, E:0.035, F:0.049, F#:0.068, G:0.081, G#:0.098, A:0.118, A#:0.175, B:0.171"
75385,"C:0.057, C#:0.096, D:0.113, D#:0.107, E:0.091, F:0.106, F#:0.102, G:0.137, G#:0.090, A:0.044, A#:0.030, B:0.026"
75387,"C:0.039, C#:0.048, D:0.095, D#:0.339, E:0.124, F:0.062, F#:0.054, G:0.032, G#:0.020, A:0.036, A#:0.108, B:0.044"
75389,"C:0.050, C#:0.046, D:0.057, D#:0.169, E:0.186, F:0.126, F#:0.105, G:0.065, G#:0.066, A:0.056, A#:0.050, B:0.025"
75393,"C:0.060, C#:0.059, D:0.126, D#:0.062, E:0.149, F:0.047, F#:0.052, G:0.118, G#:0.053, A:0.102, A#:0.062, B:0.109"
75394,"C:0.027, C#:0.022, D:0.028, D#:0.043, E:0.030, F:0.043, F#:0.071, G:0.169, G#:0.288, A:0.155, A#:0.072, B:0.053"
75395,"C:0.044, C#:0.054, D:0.068, D#:0.076, E:0.098, F:0.090, F#:0.156, G:0.163, G#:0.106, A:0.066, A#:0.035, B:0.045"
75396,"C:0.063, C#:0.041, D:0.031, D#:0.023, E:0.032, F:0.029, F#:0.052, G:0.139, G#:0.219, A:0.194, A#:0.095, B:0.083"
75413,"C:0.084, C#:0.132, D:0.092, D#:0.074, E:0.064, F:0.041, F#:0.056, G:0.100, G#:0.134, A:0.090, A#:0.059, B:0.075"
75414,"C:0.106, C#:0.087, D:0.091, D#:0.092, E:0.081, F:0.077, F#:0.097, G:0.109, G#:0.077, A:0.065, A#:0.063, B:0.054"
75416,"C:0.031, C#:0.060, D:0.044, D#:0.058, E:0.085, F:0.192, F#:0.237, G:0.119, G#:0.064, A:0.041, A#:0.041, B:0.028"
75417,"C:0.066, C#:0.044, D:0.039, D#:0.043, E:0.044, F:0.073, F#:0.083, G:0.192, G#:0.214, A:0.101, A#:0.056, B:0.044"
75419,"C:0.055, C#:0.065, D:0.110, D#:0.044, E:0.034, F:0.031, F#:0.066, G:0.090, G#:0.086, A:0.144, A#:0.111, B:0.163"
75422,"C:0.034, C#:0.040, D:0.091, D#:0.141, E:0.102, F:0.100, F#:0.103, G:0.098, G#:0.087, A:0.073, A#:0.076, B:0.055"
75424,"C:0.024, C#:0.039, D:0.054, D#:0.074, E:0.330, F:0.189, F#:0.096, G:0.070, G#:0.045, A:0.036, A#:0.025, B:0.018"
75429,"C:0.067, C#:0.083, D:0.171, D#:0.055, E:0.046, F:0.050, F#:0.045, G:0.048, G#:0.084, A:0.158, A#:0.111, B:0.081"
75430,"C:0.117, C#:0.031, D:0.013, D#:0.017, E:0.043, F:0.120, F#:0.045, G:0.029, G#:0.055, A:0.205, A#:0.245, B:0.080"
75431,"C:0.032, C#:0.100, D:0.236, D#:0.046, E:0.062, F:0.106, F#:0.027, G:0.052, G#:0.070, A:0.142, A#:0.092, B:0.034"
75432,"C:0.020, C#:0.034, D:0.240, D#:0.042, E:0.097, F:0.129, F#:0.035, G:0.008, G#:0.019, A:0.269, A#:0.091, B:0.015"
75433,"C:0.039, C#:0.031, D:0.363, D#:0.025, E:0.030, F:0.073, F#:0.028, G:0.025, G#:0.033, A:0.171, A#:0.126, B:0.057"
75434,"C:0.040, C#:0.066, D:0.316, D#:0.082, E:0.050, F:0.105, F#:0.028, G:0.025, G#:0.025, A:0.174, A#:0.061, B:0.028"
75435,"C:0.018, C#:0.040, D:0.297, D#:0.047, E:0.049, F:0.308, F#:0.028, G:0.006, G#:0.019, A:0.122, A#:0.058, B:0.008"
75436,"C:0.039, C#:0.039, D:0.153, D#:0.065, E:0.037, F:0.169, F#:0.053, G:0.029, G#:0.036, A:0.173, A#:0.153, B:0.053"
75437,"C:0.031, C#:0.059, D:0.292, D#:0.062, E:0.033, F:0.132, F#:0.030, G:0.013, G#:0.029, A:0.181, A#:0.101, B:0.037"
75439,"C:0.013, C#:0.058, D:0.095, D#:0.040, E:0.032, F:0.123, F#:0.042, G:0.013, G#:0.014, A:0.290, A#:0.243, B:0.037"
75440,"C:0.065, C#:0.038, D:0.171, D#:0.041, E:0.042, F:0.275, F#:0.030, G:0.016, G#:0.025, A:0.123, A#:0.137, B:0.037"
75441,"C:0.020, C#:0.036, D:0.237, D#:0.015, E:0.074, F:0.144, F#:0.016, G:0.018, G#:0.050, A:0.312, A#:0.067, B:0.011"
75443,"C:0.035, C#:0.029, D:0.114, D#:0.029, E:0.080, F:0.082, F#:0.021, G:0.023, G#:0.044, A:0.257, A#:0.257, B:0.029"
75454,"C:0.124, C#:0.020, D:0.081, D#:0.019, E:0.224, F:0.045, F#:0.020, G:0.075, G#:0.025, A:0.264, A#:0.022, B:0.081"
75456,"C:0.151, C#:0.022, D:0.240, D#:0.018, E:0.061, F:0.105, F#:0.037, G:0.111, G#:0.017, A:0.191, A#:0.013, B:0.035"
75458,"C:0.106, C#:0.023, D:0.186, D#:0.019, E:0.138, F:0.066, F#:0.021, G:0.084, G#:0.023, A:0.235, A#:0.016, B:0.084"
75475,"C:0.122, C#:0.015, D:0.028, D#:0.027, E:0.203, F:0.205, F#:0.046, G:0.146, G#:0.024, A:0.087, A#:0.022, B:0.076"
75476,"C:0.071, C#:0.007, D:0.006, D#:0.013, E:0.113, F:0.434, F#:0.149, G:0.096, G#:0.086, A:0.009, A#:0.006, B:0.010"
75578,"C:0.035, C#:0.094, D:0.111, D#:0.089, E:0.144, F:0.064, F#:0.045, G:0.026, G#:0.058, A:0.200, A#:0.057, B:0.077"
75579,"C:0.042, C#:0.149, D:0.090, D#:0.026, E:0.166, F:0.039, F#:0.075, G:0.031, G#:0.027, A:0.186, A#:0.045, B:0.125"
75580,"C:0.029, C#:0.035, D:0.048, D#:0.135, E:0.121, F:0.049, F#:0.070, G:0.079, G#:0.121, A:0.056, A#:0.093, B:0.165"
75581,"C:0.110, C#:0.040, D:0.119, D#:0.051, E:0.050, F:0.022, F#:0.039, G:0.238, G#:0.081, A:0.103, A#:0.041, B:0.107"
75582,"C:0.190, C#:0.056, D:0.077, D#:0.043, E:0.057, F:0.088, F#:0.063, G:0.179, G#:0.057, A:0.087, A#:0.042, B:0.061"
75583,"C:0.139, C#:0.067, D:0.062, D#:0.055, E:0.108, F:0.125, F#:0.080, G:0.148, G#:0.076, A:0.045, A#:0.041, B:0.055"
75585,"C:0.041, C#:0.017, D:0.028, D#:0.041, E:0.119, F:0.125, F#:0.085, G:0.252, G#:0.200, A:0.033, A#:0.027, B:0.033"
75586,"C:0.106, C#:0.024, D:0.036, D#:0.036, E:0.119, F:0.109, F#:0.032, G:0.218, G#:0.079, A:0.124, A#:0.045, B:0.071"
75587,"C:0.038, C#:0.029, D:0.092, D#:0.042, E:0.013, F:0.108, F#:0.054, G:0.123, G#:0.023, A:0.170, A#:0.256, B:0.052"
75588,"C:0.266, C#:0.096, D:0.120, D#:0.065, E:0.057, F:0.062, F#:0.035, G:0.060, G#:0.048, A:0.051, A#:0.036, B:0.104"
75589,"C:0.124, C#:0.037, D:0.159, D#:0.066, E:0.085, F:0.046, F#:0.038, G:0.168, G#:0.038, A:0.132, A#:0.022, B:0.084"
75626,"C:0.038, C#:0.042, D:0.085, D#:0.125, E:0.112, F:0.053, F#:0.101, G:0.075, G#:0.055, A:0.105, A#:0.076, B:0.132"
75680,"C:0.081, C#:0.129, D:0.059, D#:0.084, E:0.116, F:0.084, F#:0.113, G:0.057, G#:0.074, A:0.037, A#:0.050, B:0.117"
75681,"C:0.063, C#:0.045, D:0.063, D#:0.097, E:0.159, F:0.087, F#:0.075, G:0.073, G#:0.078, A:0.082, A#:0.061, B:0.115"
75682,"C:0.077, C#:0.134, D:0.071, D#:0.122, E:0.069, F:0.059, F#:0.058, G:0.078, G#:0.147, A:0.066, A#:0.053, B:0.065"
75683,"C:0.100, C#:0.031, D:0.132, D#:0.024, E:0.089, F:0.053, F#:0.124, G:0.259, G#:0.061, A:0.063, A#:0.020, B:0.044"
75684,"C:0.143, C#:0.090, D:0.139, D#:0.060, E:0.064, F:0.046, F#:0.046, G:0.099, G#:0.068, A:0.095, A#:0.060, B:0.090"
75685,"C:0.119, C#:0.083, D:0.094, D#:0.100, E:0.172, F:0.079, F#:0.044, G:0.061, G#:0.049, A:0.066, A#:0.051, B:0.080"
75686,"C:0.060, C#:0.308, D:0.027, D#:0.027, E:0.134, F:0.035, F#:0.090, G:0.029, G#:0.112, A:0.053, A#:0.015, B:0.110"
75692,"C:0.031, C#:0.092, D:0.116, D#:0.044, E:0.101, F:0.051, F#:0.129, G:0.137, G#:0.061, A:0.114, A#:0.044, B:0.080"
75693,"C:0.025, C#:0.103, D:0.234, D#:0.044, E:0.056, F:0.029, F#:0.096, G:0.136, G#:0.052, A:0.158, A#:0.031, B:0.036"
75746,"C:0.034, C#:0.065, D:0.163, D#:0.168, E:0.071, F:0.032, F#:0.032, G:0.051, G#:0.189, A:0.125, A#:0.044, B:0.028"
75900,"C:0.077, C#:0.035, D:0.082, D#:0.392, E:0.068, F:0.075, F#:0.031, G:0.052, G#:0.039, A:0.023, A#:0.094, B:0.033"
75901,"C:0.051, C#:0.132, D:0.079, D#:0.104, E:0.170, F:0.055, F#:0.121, G:0.060, G#:0.110, A:0.028, A#:0.061, B:0.029"
75903,"C:0.152, C#:0.177, D:0.086, D#:0.095, E:0.055, F:0.100, F#:0.069, G:0.050, G#:0.112, A:0.036, A#:0.027, B:0.042"
75904,"C:0.033, C#:0.025, D:0.057, D#:0.153, E:0.105, F:0.110, F#:0.106, G:0.050, G#:0.072, A:0.068, A#:0.138, B:0.083"
75905,"C:0.052, C#:0.110, D:0.074, D#:0.172, E:0.066, F:0.058, F#:0.108, G:0.083, G#:0.108, A:0.022, A#:0.094, B:0.053"
75906,"C:0.122, C#:0.100, D:0.115, D#:0.146, E:0.079, F:0.152, F#:0.046, G:0.140, G#:0.031, A:0.032, A#:0.024, B:0.012"
75909,"C:0.057, C#:0.161, D:0.086, D#:0.151, E:0.074, F:0.069, F#:0.076, G:0.040, G#:0.046, A:0.055, A#:0.153, B:0.033"
75910,"C:0.051, C#:0.032, D:0.060, D#:0.102, E:0.072, F:0.078, F#:0.043, G:0.055, G#:0.101, A:0.120, A#:0.213, B:0.072"
75978,"C:0.127, C#:0.045, D:0.081, D#:0.042, E:0.122, F:0.029, F#:0.073, G:0.136, G#:0.045, A:0.138, A#:0.041, B:0.120"
76082,"C:0.125, C#:0.042, D:0.077, D#:0.045, E:0.120, F:0.037, F#:0.068, G:0.140, G#:0.068, A:0.043, A#:0.056, B:0.180"
76117,"C:0.079, C#:0.036, D:0.123, D#:0.044, E:0.169, F:0.130, F#:0.043, G:0.032, G#:0.036, A:0.186, A#:0.089, B:0.033"
76128,"C:0.045, C#:0.032, D:0.091, D#:0.239, E:0.052, F:0.051, F#:0.043, G:0.118, G#:0.149, A:0.062, A#:0.088, B:0.030"
76129,"C:0.136, C#:0.037, D:0.107, D#:0.026, E:0.053, F:0.195, F#:0.029, G:0.075, G#:0.039, A:0.218, A#:0.060, B:0.025"
76130,"C:0.420, C#:0.021, D:0.031, D#:0.020, E:0.222, F:0.041, F#:0.016, G:0.109, G#:0.015, A:0.066, A#:0.006, B:0.033"
76131,"C:0.038, C#:0.048, D:0.355, D#:0.052, E:0.018, F:0.019, F#:0.037, G:0.099, G#:0.071, A:0.113, A#:0.058, B:0.093"
76236,"C:0.079, C#:0.165, D:0.086, D#:0.098, E:0.073, F:0.085, F#:0.079, G:0.065, G#:0.130, A:0.044, A#:0.066, B:0.029"
76239,"C:0.245, C#:0.074, D:0.041, D#:0.066, E:0.037, F:0.059, F#:0.054, G:0.123, G#:0.074, A:0.050, A#:0.073, B:0.105"
76240,"C:0.058, C#:0.110, D:0.045, D#:0.103, E:0.030, F:0.034, F#:0.025, G:0.036, G#:0.114, A:0.081, A#:0.257, B:0.106"
76241,"C:0.045, C#:0.072, D:0.213, D#:0.056, E:0.200, F:0.045, F#:0.101, G:0.076, G#:0.020, A:0.035, A#:0.016, B:0.120"
76243,"C:0.140, C#:0.086, D:0.125, D#:0.072, E:0.039, F:0.147, F#:0.064, G:0.051, G#:0.031, A:0.152, A#:0.075, B:0.018"
76244,"C:0.063, C#:0.091, D:0.060, D#:0.090, E:0.069, F:0.120, F#:0.123, G:0.086, G#:0.086, A:0.054, A#:0.076, B:0.082"
76247,"C:0.042, C#:0.053, D:0.109, D#:0.091, E:0.197, F:0.071, F#:0.050, G:0.019, G#:0.068, A:0.096, A#:0.085, B:0.119"
76248,"C:0.109, C#:0.040, D:0.082, D#:0.053, E:0.093, F:0.049, F#:0.040, G:0.170, G#:0.087, A:0.103, A#:0.081, B:0.093"
76252,"C:0.146, C#:0.057, D:0.122, D#:0.051, E:0.066, F:0.036, F#:0.062, G:0.160, G#:0.081, A:0.130, A#:0.043, B:0.045"
76281,"C:0.045, C#:0.029, D:0.114, D#:0.018, E:0.113, F:0.058, F#:0.051, G:0.102, G#:0.038, A:0.202, A#:0.029, B:0.201"
76282,"C:0.010, C#:0.017, D:0.075, D#:0.026, E:0.260, F:0.017, F#:0.158, G:0.108, G#:0.024, A:0.229, A#:0.019, B:0.058"
76283,"C:0.067, C#:0.054, D:0.159, D#:0.019, E:0.115, F:0.221, F#:0.063, G:0.166, G#:0.039, A:0.072, A#:0.006, B:0.020"
76284,"C:0.315, C#:0.086, D:0.062, D#:0.026, E:0.045, F:0.022, F#:0.112, G:0.108, G#:0.012, A:0.057, A#:0.027, B:0.128"
76285,"C:0.019, C#:0.142, D:0.016, D#:0.138, E:0.094, F:0.022, F#:0.165, G:0.018, G#:0.119, A:0.017, A#:0.083, B:0.167"
76286,"C:0.053, C#:0.010, D:0.041, D#:0.024, E:0.108, F:0.410, F#:0.039, G:0.204, G#:0.020, A:0.055, A#:0.023, B:0.013"
76287,"C:0.063, C#:0.645, D:0.053, D#:0.035, E:0.009, F:0.098, F#:0.006, G:0.045, G#:0.020, A:0.003, A#:0.010, B:0.012"
76288,"C:0.054, C#:0.017, D:0.127, D#:0.105, E:0.054, F:0.228, F#:0.051, G:0.155, G#:0.055, A:0.041, A#:0.096, B:0.018"
76349,"C:0.047, C#:0.134, D:0.241, D#:0.248, E:0.060, F:0.048, F#:0.034, G:0.026, G#:0.038, A:0.027, A#:0.086, B:0.010"
76351,"C:0.097, C#:0.079, D:0.055, D#:0.082, E:0.053, F:0.049, F#:0.101, G:0.100, G#:0.049, A:0.090, A#:0.118, B:0.127"
76352,"C:0.152, C#:0.202, D:0.112, D#:0.130, E:0.054, F:0.040, F#:0.039, G:0.052, G#:0.142, A:0.048, A#:0.018, B:0.012"
76353,"C:0.160, C#:0.072, D:0.069, D#:0.130, E:0.062, F:0.072, F#:0.037, G:0.112, G#:0.145, A:0.033, A#:0.089, B:0.019"
76354,"C:0.090, C#:0.066, D:0.055, D#:0.082, E:0.037, F:0.061, F#:0.038, G:0.045, G#:0.078, A:0.120, A#:0.241, B:0.088"
76355,"C:0.154, C#:0.033, D:0.068, D#:0.036, E:0.032, F:0.066, F#:0.048, G:0.162, G#:0.052, A:0.070, A#:0.203, B:0.077"
76356,"C:0.094, C#:0.181, D:0.068, D#:0.076, E:0.080, F:0.040, F#:0.081, G:0.026, G#:0.044, A:0.087, A#:0.084, B:0.139"
76357,"C:0.035, C#:0.049, D:0.165, D#:0.159, E:0.025, F:0.046, F#:0.029, G:0.068, G#:0.131, A:0.080, A#:0.185, B:0.027"
76478,"C:0.049, C#:0.142, D:0.278, D#:0.139, E:0.091, F:0.078, F#:0.051, G:0.036, G#:0.042, A:0.031, A#:0.033, B:0.030"
76479,"C:0.039, C#:0.085, D:0.076, D#:0.168, E:0.084, F:0.097, F#:0.152, G:0.080, G#:0.106, A:0.047, A#:0.044, B:0.021"
76482,"C:0.047, C#:0.070, D:0.116, D#:0.078, E:0.074, F:0.097, F#:0.081, G:0.124, G#:0.112, A:0.113, A#:0.053, B:0.034"
76486,"C:0.073, C#:0.067, D:0.051, D#:0.049, E:0.049, F:0.051, F#:0.055, G:0.110, G#:0.164, A:0.137, A#:0.119, B:0.076"
76490,"C:0.048, C#:0.048, D:0.053, D#:0.109, E:0.131, F:0.103, F#:0.128, G:0.084, G#:0.072, A:0.095, A#:0.080, B:0.048"
76491,"C:0.087, C#:0.053, D:0.118, D#:0.065, E:0.076, F:0.051, F#:0.088, G:0.047, G#:0.040, A:0.067, A#:0.107, B:0.201"
76497,"C:0.125, C#:0.085, D:0.066, D#:0.048, E:0.113, F:0.045, F#:0.067, G:0.113, G#:0.043, A:0.040, A#:0.063, B:0.192"
76499,"C:0.095, C#:0.232, D:0.323, D#:0.081, E:0.030, F:0.014, F#:0.015, G:0.032, G#:0.021, A:0.059, A#:0.048, B:0.050"
76500,"C:0.034, C#:0.040, D:0.049, D#:0.082, E:0.376, F:0.103, F#:0.033, G:0.078, G#:0.016, A:0.017, A#:0.057, B:0.114"
76501,"C:0.115, C#:0.069, D:0.053, D#:0.043, E:0.158, F:0.024, F#:0.030, G:0.065, G#:0.125, A:0.086, A#:0.071, B:0.161"
76504,"C:0.058, C#:0.020, D:0.040, D#:0.051, E:0.125, F:0.035, F#:0.045, G:0.019, G#:0.081, A:0.029, A#:0.050, B:0.447"
76506,"C:0.068, C#:0.079, D:0.212, D#:0.044, E:0.123, F:0.041, F#:0.042, G:0.115, G#:0.031, A:0.083, A#:0.058, B:0.104"
76509,"C:0.039, C#:0.011, D:0.088, D#:0.008, E:0.086, F:0.015, F#:0.246, G:0.046, G#:0.010, A:0.033, A#:0.023, B:0.395"
76511,"C:0.024, C#:0.019, D:0.211, D#:0.165, E:0.043, F:0.099, F#:0.050, G:0.107, G#:0.082, A:0.032, A#:0.146, B:0.022"
76513,"C:0.044, C#:0.025, D:0.046, D#:0.017, E:0.028, F:0.037, F#:0.186, G:0.151, G#:0.124, A:0.113, A#:0.068, B:0.160"
77233,"C:0.160, C#:0.047, D:0.149, D#:0.038, E:0.079, F:0.101, F#:0.023, G:0.144, G#:0.025, A:0.113, A#:0.034, B:0.086"
77234,"C:0.034, C#:0.035, D:0.052, D#:0.161, E:0.135, F:0.047, F#:0.058, G:0.027, G#:0.103, A:0.022, A#:0.041, B:0.284"
77235,"C:0.186, C#:0.042, D:0.097, D#:0.031, E:0.145, F:0.011, F#:0.023, G:0.107, G#:0.027, A:0.085, A#:0.044, B:0.201"
77236,"C:0.120, C#:0.033, D:0.212, D#:0.037, E:0.108, F:0.020, F#:0.038, G:0.241, G#:0.027, A:0.043, A#:0.017, B:0.104"
77304,"C:0.030, C#:0.050, D:0.302, D#:0.028, E:0.031, F:0.020, F#:0.032, G:0.303, G#:0.109, A:0.069, A#:0.011, B:0.014"
77308,"C:0.230, C#:0.103, D:0.038, D#:0.082, E:0.140, F:0.069, F#:0.036, G:0.118, G#:0.069, A:0.040, A#:0.027, B:0.049"
77309,"C:0.092, C#:0.024, D:0.016, D#:0.064, E:0.121, F:0.038, F#:0.258, G:0.084, G#:0.055, A:0.022, A#:0.018, B:0.209"
77311,"C:0.198, C#:0.027, D:0.094, D#:0.022, E:0.104, F:0.059, F#:0.038, G:0.223, G#:0.076, A:0.078, A#:0.017, B:0.066"
77312,"C:0.022, C#:0.255, D:0.031, D#:0.007, E:0.044, F:0.014, F#:0.038, G:0.196, G#:0.108, A:0.238, A#:0.030, B:0.017"
77315,"C:0.129, C#:0.013, D:0.086, D#:0.010, E:0.096, F:0.043, F#:0.028, G:0.379, G#:0.044, A:0.131, A#:0.022, B:0.019"
77316,"C:0.100, C#:0.007, D:0.201, D#:0.006, E:0.033, F:0.051, F#:0.011, G:0.232, G#:0.069, A:0.258, A#:0.007, B:0.025"
77317,"C:0.240, C#:0.023, D:0.133, D#:0.014, E:0.125, F:0.059, F#:0.019, G:0.204, G#:0.050, A:0.068, A#:0.013, B:0.052"
77374,"C:0.113, C#:0.108, D:0.072, D#:0.085, E:0.107, F:0.111, F#:0.080, G:0.039, G#:0.071, A:0.040, A#:0.053, B:0.120"
77375,"C:0.040, C#:0.027, D:0.094, D#:0.048, E:0.149, F:0.044, F#:0.047, G:0.112, G#:0.069, A:0.155, A#:0.089, B:0.126"
77376,"C:0.069, C#:0.046, D:0.093, D#:0.055, E:0.085, F:0.044, F#:0.057, G:0.119, G#:0.124, A:0.096, A#:0.078, B:0.135"
77377,"C:0.107, C#:0.051, D:0.095, D#:0.033, E:0.032, F:0.051, F#:0.052, G:0.126, G#:0.111, A:0.145, A#:0.119, B:0.079"
77378,"C:0.176, C#:0.042, D:0.064, D#:0.040, E:0.150, F:0.102, F#:0.037, G:0.109, G#:0.038, A:0.104, A#:0.067, B:0.072"
77379,"C:0.031, C#:0.112, D:0.138, D#:0.035, E:0.157, F:0.029, F#:0.151, G:0.026, G#:0.062, A:0.100, A#:0.028, B:0.133"
77380,"C:0.158, C#:0.013, D:0.048, D#:0.011, E:0.074, F:0.142, F#:0.028, G:0.128, G#:0.030, A:0.141, A#:0.193, B:0.035"
77382,"C:0.069, C#:0.070, D:0.092, D#:0.067, E:0.096, F:0.063, F#:0.068, G:0.109, G#:0.061, A:0.101, A#:0.091, B:0.110"
77385,"C:0.053, C#:0.179, D:0.082, D#:0.139, E:0.050, F:0.040, F#:0.056, G:0.040, G#:0.101, A:0.069, A#:0.139, B:0.052"
77386,"C:0.138, C#:0.054, D:0.114, D#:0.056, E:0.057, F:0.074, F#:0.059, G:0.172, G#:0.066, A:0.085, A#:0.073, B:0.051"
77548,"C:0.084, C#:0.132, D:0.071, D#:0.176, E:0.046, F:0.043, F#:0.103, G:0.080, G#:0.106, A:0.044, A#:0.046, B:0.069"
77549,"C:0.057, C#:0.051, D:0.113, D#:0.059, E:0.104, F:0.068, F#:0.108, G:0.105, G#:0.049, A:0.059, A#:0.057, B:0.170"
77550,"C:0.088, C#:0.115, D:0.029, D#:0.025, E:0.041, F:0.181, F#:0.061, G:0.074, G#:0.136, A:0.050, A#:0.164, B:0.037"
77564,"C:0.091, C#:0.090, D:0.173, D#:0.033, E:0.120, F:0.070, F#:0.020, G:0.132, G#:0.046, A:0.143, A#:0.041, B:0.039"
77566,"C:0.033, C#:0.034, D:0.145, D#:0.130, E:0.114, F:0.110, F#:0.090, G:0.187, G#:0.046, A:0.045, A#:0.040, B:0.026"
77573,"C:0.022, C#:0.039, D:0.289, D#:0.029, E:0.026, F:0.022, F#:0.138, G:0.130, G#:0.029, A:0.135, A#:0.037, B:0.103"
77577,"C:0.049, C#:0.074, D:0.048, D#:0.055, E:0.114, F:0.080, F#:0.154, G:0.075, G#:0.060, A:0.126, A#:0.086, B:0.078"
77825,"C:0.023, C#:0.048, D:0.042, D#:0.069, E:0.089, F:0.066, F#:0.182, G:0.087, G#:0.209, A:0.070, A#:0.067, B:0.049"
77826,"C:0.044, C#:0.097, D:0.277, D#:0.087, E:0.071, F:0.035, F#:0.030, G:0.058, G#:0.033, A:0.185, A#:0.058, B:0.026"
77831,"C:0.043, C#:0.033, D:0.051, D#:0.062, E:0.081, F:0.062, F#:0.077, G:0.139, G#:0.103, A:0.196, A#:0.091, B:0.062"
77832,"C:0.070, C#:0.144, D:0.129, D#:0.160, E:0.084, F:0.049, F#:0.052, G:0.039, G#:0.166, A:0.062, A#:0.028, B:0.017"
77833,"C:0.081, C#:0.068, D:0.071, D#:0.070, E:0.162, F:0.247, F#:0.073, G:0.060, G#:0.033, A:0.068, A#:0.049, B:0.017"
78067,"C:0.103, C#:0.078, D:0.060, D#:0.121, E:0.067, F:0.044, F#:0.105, G:0.033, G#:0.036, A:0.052, A#:0.094, B:0.207"
78096,"C:0.317, C#:0.050, D:0.027, D#:0.105, E:0.073, F:0.075, F#:0.026, G:0.128, G#:0.051, A:0.053, A#:0.041, B:0.054"
78099,"C:0.025, C#:0.076, D:0.007, D#:0.013, E:0.027, F:0.039, F#:0.406, G:0.033, G#:0.105, A:0.194, A#:0.025, B:0.050"
78100,"C:0.149, C#:0.025, D:0.073, D#:0.020, E:0.105, F:0.023, F#:0.024, G:0.067, G#:0.087, A:0.268, A#:0.064, B:0.096"
78101,"C:0.016, C#:0.111, D:0.110, D#:0.028, E:0.051, F:0.032, F#:0.348, G:0.031, G#:0.074, A:0.105, A#:0.018, B:0.075"
78102,"C:0.305, C#:0.067, D:0.056, D#:0.058, E:0.046, F:0.063, F#:0.054, G:0.148, G#:0.052, A:0.041, A#:0.043, B:0.068"
78104,"C:0.107, C#:0.089, D:0.485, D#:0.099, E:0.052, F:0.022, F#:0.015, G:0.011, G#:0.009, A:0.069, A#:0.017, B:0.025"
78207,"C:0.010, C#:0.121, D:0.126, D#:0.029, E:0.084, F:0.032, F#:0.053, G:0.083, G#:0.078, A:0.321, A#:0.033, B:0.031"
78244,"C:0.220, C#:0.039, D:0.030, D#:0.084, E:0.048, F:0.032, F#:0.062, G:0.089, G#:0.041, A:0.032, A#:0.082, B:0.241"
78249,"C:0.038, C#:0.040, D:0.233, D#:0.043, E:0.033, F:0.078, F#:0.061, G:0.180, G#:0.048, A:0.105, A#:0.115, B:0.025"
78252,"C:0.136, C#:0.059, D:0.101, D#:0.071, E:0.091, F:0.064, F#:0.105, G:0.067, G#:0.066, A:0.053, A#:0.070, B:0.118"
78834,"C:0.143, C#:0.081, D:0.054, D#:0.030, E:0.043, F:0.036, F#:0.036, G:0.036, G#:0.076, A:0.205, A#:0.154, B:0.106"
78835,"C:0.051, C#:0.066, D:0.031, D#:0.022, E:0.130, F:0.028, F#:0.073, G:0.093, G#:0.095, A:0.145, A#:0.052, B:0.214"
78836,"C:0.087, C#:0.077, D:0.139, D#:0.032, E:0.030, F:0.030, F#:0.040, G:0.065, G#:0.129, A:0.224, A#:0.079, B:0.068"
78839,"C:0.038, C#:0.061, D:0.110, D#:0.114, E:0.186, F:0.136, F#:0.047, G:0.033, G#:0.071, A:0.128, A#:0.044, B:0.032"
78840,"C:0.092, C#:0.073, D:0.054, D#:0.064, E:0.111, F:0.077, F#:0.057, G:0.080, G#:0.101, A:0.130, A#:0.091, B:0.071"
78843,"C:0.047, C#:0.089, D:0.117, D#:0.279, E:0.056, F:0.073, F#:0.062, G:0.029, G#:0.024, A:0.053, A#:0.125, B:0.047"
78845,"C:0.024, C#:0.016, D:0.031, D#:0.029, E:0.195, F:0.057, F#:0.163, G:0.147, G#:0.042, A:0.227, A#:0.026, B:0.045"
78847,"C:0.145, C#:0.094, D:0.101, D#:0.057, E:0.145, F:0.078, F#:0.014, G:0.027, G#:0.026, A:0.199, A#:0.080, B:0.034"
78848,"C:0.209, C#:0.070, D:0.105, D#:0.082, E:0.043, F:0.033, F#:0.031, G:0.094, G#:0.034, A:0.042, A#:0.211, B:0.047"
78852,"C:0.045, C#:0.032, D:0.032, D#:0.055, E:0.274, F:0.168, F#:0.047, G:0.022, G#:0.018, A:0.204, A#:0.093, B:0.011"
79339,"C:0.053, C#:0.034, D:0.025, D#:0.056, E:0.022, F:0.039, F#:0.081, G:0.048, G#:0.111, A:0.258, A#:0.168, B:0.105"
79340,"C:0.084, C#:0.046, D:0.069, D#:0.086, E:0.069, F:0.055, F#:0.090, G:0.116, G#:0.057, A:0.087, A#:0.137, B:0.104"
79344,"C:0.179, C#:0.128, D:0.076, D#:0.045, E:0.077, F:0.097, F#:0.057, G:0.053, G#:0.035, A:0.059, A#:0.105, B:0.088"
79363,"C:0.012, C#:0.061, D:0.396, D#:0.029, E:0.019, F:0.017, F#:0.079, G:0.164, G#:0.031, A:0.115, A#:0.023, B:0.053"
79364,"C:0.026, C#:0.066, D:0.040, D#:0.047, E:0.281, F:0.029, F#:0.050, G:0.024, G#:0.135, A:0.142, A#:0.031, B:0.128"
79365,"C:0.019, C#:0.073, D:0.306, D#:0.029, E:0.024, F:0.031, F#:0.182, G:0.106, G#:0.064, A:0.092, A#:0.029, B:0.044"
79366,"C:0.038, C#:0.029, D:0.301, D#:0.025, E:0.050, F:0.016, F#:0.066, G:0.251, G#:0.023, A:0.055, A#:0.017, B:0.127"
79367,"C:0.021, C#:0.068, D:0.015, D#:0.098, E:0.088, F:0.029, F#:0.260, G:0.019, G#:0.066, A:0.018, A#:0.088, B:0.229"
79368,"C:0.045, C#:0.096, D:0.030, D#:0.109, E:0.199, F:0.025, F#:0.048, G:0.019, G#:0.103, A:0.116, A#:0.053, B:0.157"
79369,"C:0.035, C#:0.015, D:0.019, D#:0.081, E:0.206, F:0.033, F#:0.060, G:0.035, G#:0.130, A:0.089, A#:0.073, B:0.225"
79372,"C:0.121, C#:0.027, D:0.096, D#:0.035, E:0.180, F:0.028, F#:0.048, G:0.238, G#:0.038, A:0.031, A#:0.022, B:0.136"
79604,"C:0.117, C#:0.076, D:0.061, D#:0.064, E:0.079, F:0.128, F#:0.119, G:0.081, G#:0.064, A:0.067, A#:0.075, B:0.068"
79731,"C:0.043, C#:0.094, D:0.102, D#:0.057, E:0.102, F:0.034, F#:0.102, G:0.125, G#:0.055, A:0.084, A#:0.092, B:0.110"
79733,"C:0.046, C#:0.155, D:0.232, D#:0.062, E:0.056, F:0.127, F#:0.146, G:0.059, G#:0.032, A:0.052, A#:0.017, B:0.017"
79734,"C:0.031, C#:0.069, D:0.173, D#:0.037, E:0.029, F:0.039, F#:0.055, G:0.052, G#:0.104, A:0.264, A#:0.096, B:0.052"
79736,"C:0.034, C#:0.114, D:0.130, D#:0.060, E:0.293, F:0.039, F#:0.018, G:0.019, G#:0.033, A:0.130, A#:0.034, B:0.095"
79744,"C:0.034, C#:0.047, D:0.222, D#:0.129, E:0.087, F:0.038, F#:0.069, G:0.059, G#:0.030, A:0.146, A#:0.072, B:0.065"
79745,"C:0.020, C#:0.042, D:0.013, D#:0.049, E:0.301, F:0.075, F#:0.031, G:0.026, G#:0.135, A:0.207, A#:0.049, B:0.052"
79746,"C:0.070, C#:0.132, D:0.100, D#:0.078, E:0.087, F:0.024, F#:0.023, G:0.030, G#:0.139, A:0.239, A#:0.046, B:0.034"
79749,"C:0.121, C#:0.027, D:0.096, D#:0.035, E:0.180, F:0.028, F#:0.048, G:0.238, G#:0.038, A:0.031, A#:0.022, B:0.136"
79753,"C:0.035, C#:0.015, D:0.019, D#:0.081, E:0.206, F:0.033, F#:0.060, G:0.035, G#:0.130, A:0.089, A#:0.073, B:0.225"
79754,"C:0.045, C#:0.096, D:0.030, D#:0.109, E:0.199, F:0.025, F#:0.048, G:0.019, G#:0.103, A:0.116, A#:0.053, B:0.157"
79755,"C:0.021, C#:0.068, D:0.015, D#:0.098, E:0.088, F:0.029, F#:0.260, G:0.019, G#:0.066, A:0.018, A#:0.088, B:0.229"
79756,"C:0.038, C#:0.029, D:0.301, D#:0.025, E:0.050, F:0.016, F#:0.066, G:0.251, G#:0.023, A:0.055, A#:0.017, B:0.127"
79757,"C:0.019, C#:0.073, D:0.306, D#:0.029, E:0.024, F:0.031, F#:0.182, G:0.106, G#:0.064, A:0.092, A#:0.029, B:0.044"
79758,"C:0.012, C#:0.061, D:0.396, D#:0.029, E:0.019, F:0.017, F#:0.079, G:0.164, G#:0.031, A:0.115, A#:0.023, B:0.053"
79759,"C:0.026, C#:0.066, D:0.040, D#:0.047, E:0.281, F:0.029, F#:0.050, G:0.024, G#:0.135, A:0.142, A#:0.031, B:0.128"
79760,"C:0.082, C#:0.094, D:0.308, D#:0.062, E:0.043, F:0.061, F#:0.038, G:0.050, G#:0.047, A:0.114, A#:0.051, B:0.049"
79784,"C:0.081, C#:0.085, D:0.091, D#:0.095, E:0.108, F:0.093, F#:0.080, G:0.089, G#:0.079, A:0.064, A#:0.061, B:0.073"
79799,"C:0.065, C#:0.069, D:0.074, D#:0.076, E:0.139, F:0.123, F#:0.073, G:0.064, G#:0.064, A:0.085, A#:0.063, B:0.104"
79895,"C:0.170, C#:0.022, D:0.134, D#:0.028, E:0.100, F:0.078, F#:0.028, G:0.098, G#:0.022, A:0.231, A#:0.054, B:0.035"
80000,"C:0.099, C#:0.023, D:0.171, D#:0.019, E:0.029, F:0.029, F#:0.057, G:0.245, G#:0.034, A:0.105, A#:0.028, B:0.159"
80001,"C:0.029, C#:0.061, D:0.120, D#:0.047, E:0.059, F:0.054, F#:0.143, G:0.120, G#:0.085, A:0.176, A#:0.049, B:0.059"
80002,"C:0.042, C#:0.121, D:0.024, D#:0.037, E:0.065, F:0.079, F#:0.228, G:0.068, G#:0.141, A:0.050, A#:0.061, B:0.085"
80005,"C:0.034, C#:0.101, D:0.017, D#:0.053, E:0.162, F:0.037, F#:0.080, G:0.033, G#:0.070, A:0.155, A#:0.040, B:0.217"
80076,"C:0.111, C#:0.057, D:0.049, D#:0.038, E:0.050, F:0.063, F#:0.199, G:0.167, G#:0.059, A:0.044, A#:0.051, B:0.114"
80087,"C:0.006, C#:0.043, D:0.045, D#:0.019, E:0.016, F:0.106, F#:0.209, G:0.139, G#:0.078, A:0.041, A#:0.204, B:0.095"
80088,"C:0.049, C#:0.091, D:0.060, D#:0.005, E:0.052, F:0.144, F#:0.101, G:0.017, G#:0.025, A:0.236, A#:0.212, B:0.007"
80089,"C:0.044, C#:0.053, D:0.092, D#:0.199, E:0.023, F:0.104, F#:0.033, G:0.153, G#:0.134, A:0.013, A#:0.046, B:0.106"
80090,"C:0.008, C#:0.013, D:0.154, D#:0.386, E:0.075, F:0.076, F#:0.073, G:0.078, G#:0.059, A:0.007, A#:0.024, B:0.048"
80091,"C:0.096, C#:0.004, D:0.033, D#:0.003, E:0.109, F:0.374, F#:0.012, G:0.284, G#:0.007, A:0.071, A#:0.002, B:0.006"
80142,"C:0.024, C#:0.122, D:0.026, D#:0.253, E:0.035, F:0.035, F#:0.189, G:0.034, G#:0.075, A:0.020, A#:0.164, B:0.024"
80145,"C:0.180, C#:0.013, D:0.012, D#:0.021, E:0.269, F:0.013, F#:0.045, G:0.295, G#:0.013, A:0.009, A#:0.018, B:0.112"
80159,"C:0.068, C#:0.015, D:0.023, D#:0.025, E:0.089, F:0.069, F#:0.041, G:0.135, G#:0.167, A:0.239, A#:0.089, B:0.042"
80162,"C:0.024, C#:0.221, D:0.149, D#:0.041, E:0.030, F:0.030, F#:0.055, G:0.035, G#:0.073, A:0.212, A#:0.046, B:0.083"
80163,"C:0.060, C#:0.075, D:0.140, D#:0.157, E:0.029, F:0.071, F#:0.151, G:0.078, G#:0.106, A:0.050, A#:0.069, B:0.015"
80239,"C:0.030, C#:0.062, D:0.051, D#:0.108, E:0.125, F:0.051, F#:0.050, G:0.068, G#:0.175, A:0.203, A#:0.037, B:0.039"
80301,"C:0.061, C#:0.017, D:0.063, D#:0.019, E:0.078, F:0.025, F#:0.029, G:0.118, G#:0.123, A:0.324, A#:0.049, B:0.093"
80307,"C:0.047, C#:0.039, D:0.094, D#:0.099, E:0.214, F:0.036, F#:0.054, G:0.109, G#:0.066, A:0.080, A#:0.044, B:0.117"
80311,"C:0.081, C#:0.024, D:0.360, D#:0.053, E:0.008, F:0.009, F#:0.162, G:0.142, G#:0.020, A:0.019, A#:0.009, B:0.112"
80312,"C:0.055, C#:0.059, D:0.109, D#:0.050, E:0.083, F:0.050, F#:0.097, G:0.079, G#:0.090, A:0.108, A#:0.083, B:0.136"
80426,"C:0.051, C#:0.140, D:0.211, D#:0.039, E:0.122, F:0.147, F#:0.058, G:0.021, G#:0.030, A:0.103, A#:0.025, B:0.054"
80429,"C:0.389, C#:0.028, D:0.040, D#:0.066, E:0.024, F:0.038, F#:0.018, G:0.139, G#:0.007, A:0.031, A#:0.113, B:0.106"
80439,"C:0.074, C#:0.066, D:0.114, D#:0.077, E:0.162, F:0.101, F#:0.052, G:0.091, G#:0.028, A:0.060, A#:0.051, B:0.124"
80449,"C:0.095, C#:0.038, D:0.068, D#:0.036, E:0.111, F:0.163, F#:0.072, G:0.070, G#:0.060, A:0.159, A#:0.082, B:0.045"
80491,"C:0.077, C#:0.045, D:0.080, D#:0.067, E:0.066, F:0.142, F#:0.092, G:0.131, G#:0.113, A:0.073, A#:0.079, B:0.034"
80503,"C:0.043, C#:0.020, D:0.270, D#:0.018, E:0.096, F:0.135, F#:0.015, G:0.131, G#:0.014, A:0.196, A#:0.046, B:0.015"
80783,"C:0.017, C#:0.029, D:0.081, D#:0.160, E:0.019, F:0.020, F#:0.127, G:0.141, G#:0.085, A:0.107, A#:0.189, B:0.026"
80786,"C:0.296, C#:0.083, D:0.265, D#:0.030, E:0.105, F:0.010, F#:0.013, G:0.044, G#:0.012, A:0.063, A#:0.016, B:0.064"
80793,"C:0.238, C#:0.119, D:0.085, D#:0.097, E:0.061, F:0.064, F#:0.047, G:0.067, G#:0.035, A:0.033, A#:0.045, B:0.109"
81238,"C:0.014, C#:0.270, D:0.039, D#:0.013, E:0.137, F:0.014, F#:0.078, G:0.009, G#:0.091, A:0.295, A#:0.021, B:0.019"
81241,"C:0.206, C#:0.178, D:0.201, D#:0.132, E:0.067, F:0.040, F#:0.036, G:0.033, G#:0.051, A:0.024, A#:0.011, B:0.021"
81243,"C:0.012, C#:0.143, D:0.122, D#:0.013, E:0.041, F:0.010, F#:0.187, G:0.240, G#:0.024, A:0.073, A#:0.011, B:0.123"
81244,"C:0.106, C#:0.015, D:0.194, D#:0.008, E:0.033, F:0.004, F#:0.033, G:0.382, G#:0.015, A:0.110, A#:0.009, B:0.090"
81246,"C:0.020, C#:0.224, D:0.024, D#:0.031, E:0.281, F:0.016, F#:0.035, G:0.007, G#:0.020, A:0.160, A#:0.019, B:0.163"
81248,"C:0.044, C#:0.081, D:0.041, D#:0.090, E:0.234, F:0.079, F#:0.117, G:0.046, G#:0.106, A:0.042, A#:0.024, B:0.097"
81252,"C:0.140, C#:0.023, D:0.076, D#:0.025, E:0.161, F:0.037, F#:0.052, G:0.109, G#:0.017, A:0.083, A#:0.017, B:0.260"
81355,"C:0.026, C#:0.092, D:0.016, D#:0.044, E:0.109, F:0.029, F#:0.120, G:0.051, G#:0.267, A:0.089, A#:0.042, B:0.115"
81356,"C:0.062, C#:0.025, D:0.143, D#:0.076, E:0.036, F:0.178, F#:0.044, G:0.091, G#:0.025, A:0.079, A#:0.219, B:0.020"
81357,"C:0.063, C#:0.020, D:0.047, D#:0.062, E:0.053, F:0.228, F#:0.062, G:0.107, G#:0.030, A:0.089, A#:0.191, B:0.049"
81364,"C:0.034, C#:0.091, D:0.085, D#:0.039, E:0.163, F:0.044, F#:0.098, G:0.022, G#:0.048, A:0.220, A#:0.040, B:0.117"
81368,"C:0.142, C#:0.249, D:0.033, D#:0.081, E:0.057, F:0.150, F#:0.010, G:0.055, G#:0.120, A:0.026, A#:0.042, B:0.035"
81370,"C:0.078, C#:0.132, D:0.059, D#:0.113, E:0.046, F:0.026, F#:0.052, G:0.065, G#:0.066, A:0.051, A#:0.200, B:0.113"
81382,"C:0.026, C#:0.012, D:0.065, D#:0.005, E:0.005, F:0.043, F#:0.034, G:0.208, G#:0.076, A:0.110, A#:0.346, B:0.071"
81450,"C:0.213, C#:0.046, D:0.135, D#:0.033, E:0.101, F:0.115, F#:0.021, G:0.123, G#:0.021, A:0.099, A#:0.013, B:0.078"
81451,"C:0.185, C#:0.007, D:0.108, D#:0.004, E:0.068, F:0.264, F#:0.007, G:0.153, G#:0.006, A:0.187, A#:0.004, B:0.005"
81452,"C:0.006, C#:0.045, D:0.179, D#:0.015, E:0.164, F:0.011, F#:0.161, G:0.105, G#:0.008, A:0.129, A#:0.006, B:0.171"
81454,"C:0.159, C#:0.031, D:0.099, D#:0.018, E:0.089, F:0.194, F#:0.023, G:0.151, G#:0.023, A:0.152, A#:0.016, B:0.045"
81455,"C:0.019, C#:0.120, D:0.020, D#:0.044, E:0.079, F:0.015, F#:0.099, G:0.019, G#:0.141, A:0.145, A#:0.037, B:0.263"
81461,"C:0.028, C#:0.064, D:0.235, D#:0.040, E:0.068, F:0.015, F#:0.135, G:0.114, G#:0.016, A:0.082, A#:0.020, B:0.183"
81462,"C:0.145, C#:0.007, D:0.126, D#:0.004, E:0.012, F:0.224, F#:0.007, G:0.099, G#:0.006, A:0.145, A#:0.197, B:0.029"
81463,"C:0.247, C#:0.005, D:0.051, D#:0.005, E:0.212, F:0.124, F#:0.004, G:0.122, G#:0.015, A:0.166, A#:0.019, B:0.030"
81465,"C:0.005, C#:0.081, D:0.005, D#:0.144, E:0.174, F:0.005, F#:0.079, G:0.050, G#:0.272, A:0.014, A#:0.011, B:0.159"
81466,"C:0.009, C#:0.166, D:0.003, D#:0.027, E:0.178, F:0.004, F#:0.086, G:0.003, G#:0.040, A:0.177, A#:0.014, B:0.292"
81468,"C:0.262, C#:0.005, D:0.108, D#:0.139, E:0.004, F:0.112, F#:0.003, G:0.025, G#:0.129, A:0.005, A#:0.200, B:0.007"
81476,"C:0.111, C#:0.039, D:0.074, D#:0.037, E:0.078, F:0.248, F#:0.029, G:0.024, G#:0.023, A:0.191, A#:0.121, B:0.026"
81478,"C:0.225, C#:0.047, D:0.025, D#:0.060, E:0.107, F:0.187, F#:0.056, G:0.118, G#:0.031, A:0.060, A#:0.032, B:0.051"
81479,"C:0.022, C#:0.049, D:0.015, D#:0.073, E:0.075, F:0.039, F#:0.204, G:0.059, G#:0.196, A:0.107, A#:0.026, B:0.136"
81480,"C:0.025, C#:0.056, D:0.242, D#:0.030, E:0.070, F:0.018, F#:0.172, G:0.099, G#:0.025, A:0.094, A#:0.025, B:0.144"
81481,"C:0.033, C#:0.154, D:0.034, D#:0.103, E:0.027, F:0.080, F#:0.059, G:0.035, G#:0.031, A:0.070, A#:0.322, B:0.052"
81483,"C:0.043, C#:0.073, D:0.063, D#:0.104, E:0.099, F:0.122, F#:0.148, G:0.087, G#:0.048, A:0.048, A#:0.091, B:0.074"
81484,"C:0.094, C#:0.128, D:0.109, D#:0.056, E:0.091, F:0.037, F#:0.081, G:0.078, G#:0.041, A:0.046, A#:0.046, B:0.194"
81487,"C:0.071, C#:0.017, D:0.108, D#:0.024, E:0.054, F:0.239, F#:0.032, G:0.129, G#:0.054, A:0.071, A#:0.170, B:0.031"
81489,"C:0.083, C#:0.133, D:0.218, D#:0.097, E:0.072, F:0.050, F#:0.082, G:0.107, G#:0.044, A:0.050, A#:0.027, B:0.038"
81490,"C:0.425, C#:0.076, D:0.017, D#:0.013, E:0.092, F:0.074, F#:0.022, G:0.091, G#:0.018, A:0.039, A#:0.029, B:0.106"
81491,"C:0.061, C#:0.164, D:0.083, D#:0.037, E:0.033, F:0.046, F#:0.177, G:0.054, G#:0.066, A:0.107, A#:0.060, B:0.114"
81492,"C:0.066, C#:0.121, D:0.057, D#:0.045, E:0.035, F:0.050, F#:0.080, G:0.115, G#:0.257, A:0.088, A#:0.052, B:0.035"
81493,"C:0.022, C#:0.047, D:0.148, D#:0.066, E:0.176, F:0.055, F#:0.165, G:0.181, G#:0.043, A:0.058, A#:0.016, B:0.022"
81495,"C:0.029, C#:0.057, D:0.079, D#:0.168, E:0.327, F:0.079, F#:0.030, G:0.018, G#:0.082, A:0.048, A#:0.012, B:0.070"
81497,"C:0.200, C#:0.068, D:0.092, D#:0.045, E:0.089, F:0.092, F#:0.044, G:0.096, G#:0.056, A:0.109, A#:0.045, B:0.064"
81498,"C:0.123, C#:0.040, D:0.029, D#:0.047, E:0.126, F:0.182, F#:0.094, G:0.106, G#:0.038, A:0.078, A#:0.104, B:0.034"
81499,"C:0.102, C#:0.072, D:0.104, D#:0.075, E:0.106, F:0.057, F#:0.078, G:0.135, G#:0.047, A:0.068, A#:0.053, B:0.104"
81501,"C:0.031, C#:0.093, D:0.029, D#:0.089, E:0.227, F:0.047, F#:0.064, G:0.069, G#:0.133, A:0.092, A#:0.029, B:0.098"
81504,"C:0.031, C#:0.056, D:0.156, D#:0.065, E:0.035, F:0.054, F#:0.183, G:0.041, G#:0.050, A:0.188, A#:0.049, B:0.093"
81506,"C:0.004, C#:0.020, D:0.157, D#:0.042, E:0.158, F:0.047, F#:0.270, G:0.209, G#:0.023, A:0.063, A#:0.006, B:0.002"
81507,"C:0.015, C#:0.120, D:0.013, D#:0.069, E:0.240, F:0.016, F#:0.090, G:0.011, G#:0.073, A:0.200, A#:0.024, B:0.132"
81508,"C:0.036, C#:0.112, D:0.027, D#:0.050, E:0.168, F:0.035, F#:0.050, G:0.023, G#:0.125, A:0.177, A#:0.068, B:0.129"
81509,"C:0.045, C#:0.065, D:0.048, D#:0.074, E:0.190, F:0.069, F#:0.078, G:0.044, G#:0.078, A:0.149, A#:0.063, B:0.095"
81510,"C:0.110, C#:0.046, D:0.134, D#:0.033, E:0.074, F:0.186, F#:0.047, G:0.068, G#:0.027, A:0.113, A#:0.101, B:0.061"
81511,"C:0.033, C#:0.081, D:0.032, D#:0.109, E:0.102, F:0.039, F#:0.132, G:0.037, G#:0.126, A:0.027, A#:0.047, B:0.235"
81514,"C:0.097, C#:0.242, D:0.085, D#:0.106, E:0.034, F:0.028, F#:0.102, G:0.026, G#:0.047, A:0.028, A#:0.053, B:0.152"
81516,"C:0.005, C#:0.015, D:0.134, D#:0.021, E:0.235, F:0.019, F#:0.013, G:0.014, G#:0.093, A:0.394, A#:0.046, B:0.013"
81517,"C:0.026, C#:0.026, D:0.042, D#:0.161, E:0.156, F:0.059, F#:0.211, G:0.037, G#:0.064, A:0.030, A#:0.031, B:0.158"
81519,"C:0.157, C#:0.055, D:0.066, D#:0.049, E:0.117, F:0.128, F#:0.081, G:0.086, G#:0.046, A:0.084, A#:0.039, B:0.092"
81520,"C:0.047, C#:0.111, D:0.252, D#:0.083, E:0.047, F:0.029, F#:0.058, G:0.075, G#:0.046, A:0.160, A#:0.048, B:0.045"
81523,"C:0.036, C#:0.199, D:0.035, D#:0.077, E:0.140, F:0.033, F#:0.114, G:0.049, G#:0.211, A:0.059, A#:0.012, B:0.036"
81526,"C:0.150, C#:0.051, D:0.135, D#:0.026, E:0.102, F:0.156, F#:0.023, G:0.047, G#:0.027, A:0.177, A#:0.085, B:0.021"
81527,"C:0.020, C#:0.061, D:0.290, D#:0.067, E:0.220, F:0.030, F#:0.048, G:0.007, G#:0.017, A:0.189, A#:0.018, B:0.032"
81528,"C:0.032, C#:0.098, D:0.223, D#:0.059, E:0.057, F:0.030, F#:0.131, G:0.084, G#:0.036, A:0.179, A#:0.028, B:0.044"
81531,"C:0.055, C#:0.025, D:0.020, D#:0.051, E:0.281, F:0.053, F#:0.043, G:0.022, G#:0.032, A:0.135, A#:0.084, B:0.200"
81532,"C:0.079, C#:0.041, D:0.118, D#:0.049, E:0.137, F:0.027, F#:0.091, G:0.224, G#:0.048, A:0.060, A#:0.036, B:0.091"
81534,"C:0.077, C#:0.045, D:0.057, D#:0.136, E:0.079, F:0.110, F#:0.069, G:0.069, G#:0.130, A:0.066, A#:0.066, B:0.097"
81536,"C:0.095, C#:0.038, D:0.024, D#:0.038, E:0.097, F:0.156, F#:0.089, G:0.026, G#:0.018, A:0.023, A#:0.085, B:0.312"
81537,"C:0.048, C#:0.111, D:0.246, D#:0.120, E:0.058, F:0.068, F#:0.086, G:0.110, G#:0.038, A:0.066, A#:0.024, B:0.024"
81538,"C:0.054, C#:0.084, D:0.151, D#:0.153, E:0.127, F:0.067, F#:0.069, G:0.093, G#:0.056, A:0.069, A#:0.040, B:0.037"
81539,"C:0.054, C#:0.141, D:0.102, D#:0.102, E:0.237, F:0.030, F#:0.037, G:0.028, G#:0.148, A:0.049, A#:0.022, B:0.051"
81542,"C:0.188, C#:0.038, D:0.058, D#:0.038, E:0.180, F:0.058, F#:0.034, G:0.102, G#:0.027, A:0.111, A#:0.028, B:0.138"
81543,"C:0.039, C#:0.082, D:0.233, D#:0.075, E:0.083, F:0.036, F#:0.091, G:0.154, G#:0.035, A:0.046, A#:0.030, B:0.096"
81544,"C:0.054, C#:0.094, D:0.155, D#:0.067, E:0.067, F:0.041, F#:0.103, G:0.035, G#:0.034, A:0.120, A#:0.069, B:0.162"
81546,"C:0.086, C#:0.046, D:0.103, D#:0.059, E:0.140, F:0.085, F#:0.032, G:0.055, G#:0.065, A:0.237, A#:0.055, B:0.036"
81547,"C:0.029, C#:0.080, D:0.242, D#:0.055, E:0.043, F:0.021, F#:0.131, G:0.058, G#:0.030, A:0.147, A#:0.036, B:0.128"
81551,"C:0.202, C#:0.088, D:0.057, D#:0.063, E:0.168, F:0.077, F#:0.028, G:0.152, G#:0.023, A:0.015, A#:0.031, B:0.096"
81552,"C:0.110, C#:0.025, D:0.116, D#:0.021, E:0.133, F:0.010, F#:0.025, G:0.246, G#:0.017, A:0.051, A#:0.157, B:0.089"
81553,"C:0.022, C#:0.106, D:0.273, D#:0.038, E:0.024, F:0.057, F#:0.155, G:0.180, G#:0.051, A:0.067, A#:0.016, B:0.012"
81555,"C:0.062, C#:0.064, D:0.133, D#:0.162, E:0.069, F:0.095, F#:0.069, G:0.087, G#:0.065, A:0.036, A#:0.077, B:0.082"
81558,"C:0.060, C#:0.107, D:0.074, D#:0.090, E:0.235, F:0.084, F#:0.068, G:0.029, G#:0.035, A:0.102, A#:0.040, B:0.076"
81560,"C:0.080, C#:0.116, D:0.141, D#:0.090, E:0.084, F:0.080, F#:0.063, G:0.071, G#:0.080, A:0.046, A#:0.049, B:0.100"
81562,"C:0.039, C#:0.018, D:0.019, D#:0.025, E:0.036, F:0.061, F#:0.127, G:0.271, G#:0.162, A:0.107, A#:0.067, B:0.067"
81564,"C:0.270, C#:0.051, D:0.004, D#:0.014, E:0.068, F:0.076, F#:0.008, G:0.062, G#:0.224, A:0.050, A#:0.114, B:0.059"
81567,"C:0.091, C#:0.041, D:0.122, D#:0.041, E:0.046, F:0.186, F#:0.046, G:0.090, G#:0.031, A:0.115, A#:0.100, B:0.092"
81568,"C:0.195, C#:0.068, D:0.043, D#:0.043, E:0.097, F:0.037, F#:0.036, G:0.116, G#:0.065, A:0.152, A#:0.062, B:0.087"
81569,"C:0.061, C#:0.042, D:0.070, D#:0.280, E:0.066, F:0.044, F#:0.048, G:0.089, G#:0.115, A:0.052, A#:0.091, B:0.041"
81571,"C:0.037, C#:0.106, D:0.275, D#:0.062, E:0.021, F:0.024, F#:0.089, G:0.255, G#:0.055, A:0.026, A#:0.018, B:0.031"
81573,"C:0.291, C#:0.022, D:0.153, D#:0.011, E:0.121, F:0.067, F#:0.012, G:0.160, G#:0.059, A:0.068, A#:0.010, B:0.026"
81575,"C:0.069, C#:0.070, D:0.025, D#:0.088, E:0.203, F:0.032, F#:0.049, G:0.015, G#:0.078, A:0.169, A#:0.029, B:0.174"
81576,"C:0.185, C#:0.065, D:0.068, D#:0.127, E:0.097, F:0.114, F#:0.035, G:0.021, G#:0.016, A:0.030, A#:0.074, B:0.167"
81578,"C:0.171, C#:0.103, D:0.089, D#:0.152, E:0.084, F:0.090, F#:0.056, G:0.054, G#:0.027, A:0.029, A#:0.059, B:0.086"
81580,"C:0.023, C#:0.018, D:0.062, D#:0.021, E:0.050, F:0.048, F#:0.078, G:0.454, G#:0.062, A:0.045, A#:0.024, B:0.114"
81581,"C:0.081, C#:0.062, D:0.149, D#:0.053, E:0.082, F:0.196, F#:0.044, G:0.038, G#:0.018, A:0.088, A#:0.132, B:0.057"
81582,"C:0.059, C#:0.123, D:0.105, D#:0.121, E:0.116, F:0.067, F#:0.091, G:0.048, G#:0.074, A:0.074, A#:0.065, B:0.056"
81583,"C:0.216, C#:0.072, D:0.074, D#:0.111, E:0.052, F:0.120, F#:0.047, G:0.128, G#:0.036, A:0.023, A#:0.067, B:0.053"
81584,"C:0.037, C#:0.184, D:0.030, D#:0.087, E:0.011, F:0.014, F#:0.008, G:0.008, G#:0.018, A:0.052, A#:0.504, B:0.047"
81586,"C:0.033, C#:0.058, D:0.059, D#:0.174, E:0.069, F:0.126, F#:0.045, G:0.036, G#:0.097, A:0.060, A#:0.189, B:0.055"
81592,"C:0.074, C#:0.024, D:0.038, D#:0.120, E:0.126, F:0.271, F#:0.080, G:0.046, G#:0.113, A:0.020, A#:0.023, B:0.064"
81593,"C:0.195, C#:0.076, D:0.067, D#:0.122, E:0.091, F:0.172, F#:0.049, G:0.050, G#:0.034, A:0.021, A#:0.037, B:0.086"
81596,"C:0.019, C#:0.108, D:0.059, D#:0.018, E:0.097, F:0.015, F#:0.218, G:0.015, G#:0.033, A:0.346, A#:0.028, B:0.044"
81598,"C:0.195, C#:0.082, D:0.085, D#:0.048, E:0.097, F:0.091, F#:0.046, G:0.098, G#:0.045, A:0.104, A#:0.041, B:0.068"
81599,"C:0.284, C#:0.050, D:0.040, D#:0.020, E:0.067, F:0.134, F#:0.031, G:0.183, G#:0.034, A:0.081, A#:0.027, B:0.049"
81600,"C:0.116, C#:0.027, D:0.139, D#:0.020, E:0.072, F:0.097, F#:0.065, G:0.267, G#:0.032, A:0.072, A#:0.020, B:0.073"
81601,"C:0.020, C#:0.074, D:0.216, D#:0.024, E:0.051, F:0.013, F#:0.096, G:0.014, G#:0.086, A:0.258, A#:0.040, B:0.109"
81603,"C:0.150, C#:0.046, D:0.023, D#:0.037, E:0.102, F:0.268, F#:0.063, G:0.072, G#:0.028, A:0.078, A#:0.070, B:0.063"
81605,"C:0.039, C#:0.122, D:0.024, D#:0.076, E:0.057, F:0.031, F#:0.138, G:0.047, G#:0.086, A:0.089, A#:0.140, B:0.151"
81606,"C:0.108, C#:0.018, D:0.042, D#:0.012, E:0.078, F:0.107, F#:0.038, G:0.347, G#:0.071, A:0.100, A#:0.045, B:0.036"
81608,"C:0.029, C#:0.112, D:0.022, D#:0.124, E:0.106, F:0.023, F#:0.163, G:0.023, G#:0.106, A:0.017, A#:0.050, B:0.225"
81609,"C:0.370, C#:0.053, D:0.054, D#:0.020, E:0.136, F:0.097, F#:0.026, G:0.155, G#:0.024, A:0.024, A#:0.008, B:0.032"
81611,"C:0.034, C#:0.044, D:0.016, D#:0.171, E:0.070, F:0.017, F#:0.258, G:0.019, G#:0.058, A:0.009, A#:0.031, B:0.273"
81612,"C:0.085, C#:0.070, D:0.207, D#:0.047, E:0.065, F:0.033, F#:0.046, G:0.149, G#:0.049, A:0.073, A#:0.047, B:0.130"
81613,"C:0.168, C#:0.065, D:0.059, D#:0.051, E:0.164, F:0.181, F#:0.062, G:0.075, G#:0.034, A:0.050, A#:0.033, B:0.059"
81614,"C:0.016, C#:0.067, D:0.242, D#:0.045, E:0.073, F:0.014, F#:0.041, G:0.102, G#:0.034, A:0.255, A#:0.042, B:0.069"
81619,"C:0.015, C#:0.076, D:0.098, D#:0.026, E:0.065, F:0.078, F#:0.239, G:0.079, G#:0.042, A:0.192, A#:0.022, B:0.068"
81620,"C:0.071, C#:0.087, D:0.039, D#:0.059, E:0.059, F:0.066, F#:0.132, G:0.097, G#:0.090, A:0.077, A#:0.072, B:0.150"
81625,"C:0.009, C#:0.038, D:0.216, D#:0.012, E:0.112, F:0.006, F#:0.070, G:0.096, G#:0.011, A:0.176, A#:0.014, B:0.240"
81626,"C:0.013, C#:0.152, D:0.009, D#:0.051, E:0.265, F:0.021, F#:0.036, G:0.007, G#:0.117, A:0.136, A#:0.016, B:0.177"
81629,"C:0.009, C#:0.059, D:0.322, D#:0.047, E:0.029, F:0.008, F#:0.095, G:0.216, G#:0.032, A:0.129, A#:0.010, B:0.043"
81632,"C:0.032, C#:0.036, D:0.022, D#:0.082, E:0.237, F:0.050, F#:0.197, G:0.033, G#:0.090, A:0.035, A#:0.040, B:0.146"
81633,"C:0.020, C#:0.156, D:0.012, D#:0.062, E:0.151, F:0.011, F#:0.186, G:0.010, G#:0.088, A:0.157, A#:0.015, B:0.132"
81634,"C:0.018, C#:0.215, D:0.010, D#:0.031, E:0.218, F:0.013, F#:0.046, G:0.010, G#:0.177, A:0.115, A#:0.011, B:0.136"
81635,"C:0.218, C#:0.006, D:0.183, D#:0.005, E:0.180, F:0.090, F#:0.005, G:0.100, G#:0.004, A:0.168, A#:0.003, B:0.039"
81636,"C:0.023, C#:0.040, D:0.154, D#:0.020, E:0.014, F:0.027, F#:0.101, G:0.328, G#:0.096, A:0.110, A#:0.028, B:0.059"
81638,"C:0.263, C#:0.138, D:0.101, D#:0.049, E:0.100, F:0.145, F#:0.024, G:0.097, G#:0.012, A:0.053, A#:0.005, B:0.013"
81640,"C:0.015, C#:0.016, D:0.006, D#:0.092, E:0.264, F:0.023, F#:0.205, G:0.017, G#:0.083, A:0.034, A#:0.022, B:0.223"
81641,"C:0.454, C#:0.033, D:0.035, D#:0.007, E:0.035, F:0.012, F#:0.015, G:0.240, G#:0.019, A:0.017, A#:0.020, B:0.112"
81643,"C:0.080, C#:0.257, D:0.023, D#:0.027, E:0.027, F:0.171, F#:0.131, G:0.024, G#:0.107, A:0.027, A#:0.103, B:0.024"
81646,"C:0.168, C#:0.018, D:0.232, D#:0.020, E:0.111, F:0.009, F#:0.040, G:0.177, G#:0.008, A:0.122, A#:0.006, B:0.087"
81648,"C:0.018, C#:0.102, D:0.468, D#:0.032, E:0.057, F:0.018, F#:0.134, G:0.009, G#:0.010, A:0.132, A#:0.011, B:0.008"
81649,"C:0.014, C#:0.057, D:0.088, D#:0.027, E:0.093, F:0.020, F#:0.131, G:0.015, G#:0.115, A:0.252, A#:0.024, B:0.164"
81650,"C:0.035, C#:0.040, D:0.189, D#:0.031, E:0.028, F:0.232, F#:0.027, G:0.011, G#:0.020, A:0.044, A#:0.303, B:0.041"
81651,"C:0.014, C#:0.007, D:0.034, D#:0.024, E:0.497, F:0.031, F#:0.010, G:0.031, G#:0.031, A:0.004, A#:0.014, B:0.305"
81652,"C:0.030, C#:0.263, D:0.021, D#:0.035, E:0.114, F:0.016, F#:0.022, G:0.007, G#:0.157, A:0.081, A#:0.013, B:0.240"
81653,"C:0.012, C#:0.082, D:0.013, D#:0.337, E:0.103, F:0.011, F#:0.184, G:0.018, G#:0.105, A:0.007, A#:0.022, B:0.104"
81655,"C:0.274, C#:0.016, D:0.126, D#:0.012, E:0.141, F:0.043, F#:0.014, G:0.165, G#:0.015, A:0.121, A#:0.009, B:0.064"
81656,"C:0.005, C#:0.041, D:0.390, D#:0.019, E:0.004, F:0.020, F#:0.221, G:0.018, G#:0.032, A:0.231, A#:0.016, B:0.003"
81657,"C:0.099, C#:0.037, D:0.020, D#:0.114, E:0.029, F:0.017, F#:0.205, G:0.015, G#:0.011, A:0.031, A#:0.132, B:0.289"
81658,"C:0.085, C#:0.096, D:0.080, D#:0.187, E:0.051, F:0.127, F#:0.025, G:0.018, G#:0.022, A:0.057, A#:0.224, B:0.029"
81661,"C:0.037, C#:0.033, D:0.021, D#:0.023, E:0.040, F:0.055, F#:0.069, G:0.100, G#:0.182, A:0.241, A#:0.131, B:0.069"
81664,"C:0.041, C#:0.126, D:0.050, D#:0.096, E:0.031, F:0.052, F#:0.061, G:0.160, G#:0.219, A:0.079, A#:0.059, B:0.026"
81665,"C:0.105, C#:0.230, D:0.095, D#:0.051, E:0.034, F:0.053, F#:0.089, G:0.057, G#:0.100, A:0.048, A#:0.075, B:0.062"
81671,"C:0.062, C#:0.085, D:0.058, D#:0.057, E:0.031, F:0.040, F#:0.063, G:0.106, G#:0.196, A:0.157, A#:0.084, B:0.060"
81672,"C:0.073, C#:0.139, D:0.053, D#:0.021, E:0.036, F:0.121, F#:0.120, G:0.036, G#:0.065, A:0.064, A#:0.181, B:0.092"
81675,"C:0.206, C#:0.052, D:0.098, D#:0.082, E:0.152, F:0.126, F#:0.054, G:0.071, G#:0.030, A:0.041, A#:0.026, B:0.062"
81676,"C:0.076, C#:0.222, D:0.088, D#:0.045, E:0.038, F:0.066, F#:0.088, G:0.077, G#:0.120, A:0.058, A#:0.074, B:0.047"
81678,"C:0.125, C#:0.071, D:0.064, D#:0.085, E:0.090, F:0.123, F#:0.078, G:0.101, G#:0.054, A:0.075, A#:0.063, B:0.070"
81680,"C:0.102, C#:0.041, D:0.111, D#:0.036, E:0.088, F:0.258, F#:0.048, G:0.026, G#:0.024, A:0.085, A#:0.128, B:0.053"
81682,"C:0.022, C#:0.077, D:0.312, D#:0.104, E:0.036, F:0.034, F#:0.127, G:0.130, G#:0.047, A:0.081, A#:0.017, B:0.013"
81684,"C:0.097, C#:0.030, D:0.057, D#:0.239, E:0.038, F:0.060, F#:0.032, G:0.132, G#:0.094, A:0.041, A#:0.139, B:0.040"
81685,"C:0.033, C#:0.059, D:0.177, D#:0.080, E:0.109, F:0.141, F#:0.045, G:0.026, G#:0.066, A:0.054, A#:0.136, B:0.076"
81686,"C:0.049, C#:0.063, D:0.034, D#:0.168, E:0.039, F:0.026, F#:0.154, G:0.031, G#:0.108, A:0.044, A#:0.085, B:0.200"
81687,"C:0.129, C#:0.043, D:0.043, D#:0.028, E:0.075, F:0.042, F#:0.085, G:0.215, G#:0.089, A:0.064, A#:0.046, B:0.140"
81688,"C:0.181, C#:0.110, D:0.079, D#:0.063, E:0.058, F:0.054, F#:0.070, G:0.048, G#:0.035, A:0.043, A#:0.078, B:0.181"
81690,"C:0.035, C#:0.052, D:0.132, D#:0.060, E:0.038, F:0.058, F#:0.096, G:0.279, G#:0.069, A:0.047, A#:0.099, B:0.034"
81691,"C:0.198, C#:0.125, D:0.081, D#:0.061, E:0.075, F:0.050, F#:0.044, G:0.070, G#:0.046, A:0.069, A#:0.061, B:0.120"
81692,"C:0.024, C#:0.049, D:0.148, D#:0.069, E:0.177, F:0.056, F#:0.162, G:0.177, G#:0.043, A:0.057, A#:0.016, B:0.022"
81694,"C:0.036, C#:0.077, D:0.141, D#:0.055, E:0.089, F:0.045, F#:0.113, G:0.125, G#:0.048, A:0.140, A#:0.045, B:0.085"
81695,"C:0.049, C#:0.035, D:0.085, D#:0.099, E:0.137, F:0.056, F#:0.097, G:0.060, G#:0.038, A:0.098, A#:0.081, B:0.165"
81696,"C:0.094, C#:0.094, D:0.114, D#:0.082, E:0.107, F:0.201, F#:0.093, G:0.045, G#:0.033, A:0.053, A#:0.035, B:0.049"
81697,"C:0.235, C#:0.091, D:0.099, D#:0.037, E:0.094, F:0.109, F#:0.048, G:0.102, G#:0.035, A:0.047, A#:0.028, B:0.075"
81701,"C:0.142, C#:0.042, D:0.054, D#:0.060, E:0.146, F:0.188, F#:0.078, G:0.140, G#:0.044, A:0.062, A#:0.016, B:0.028"
81704,"C:0.163, C#:0.143, D:0.037, D#:0.098, E:0.057, F:0.107, F#:0.035, G:0.042, G#:0.237, A:0.040, A#:0.021, B:0.019"
81710,"C:0.053, C#:0.130, D:0.093, D#:0.044, E:0.071, F:0.031, F#:0.097, G:0.026, G#:0.094, A:0.130, A#:0.104, B:0.126"
81711,"C:0.060, C#:0.107, D:0.063, D#:0.086, E:0.225, F:0.073, F#:0.067, G:0.029, G#:0.050, A:0.112, A#:0.043, B:0.085"
81716,"C:0.062, C#:0.051, D:0.059, D#:0.056, E:0.090, F:0.180, F#:0.080, G:0.099, G#:0.063, A:0.101, A#:0.094, B:0.065"
81717,"C:0.113, C#:0.050, D:0.147, D#:0.037, E:0.034, F:0.017, F#:0.061, G:0.142, G#:0.043, A:0.200, A#:0.064, B:0.090"
81718,"C:0.015, C#:0.142, D:0.022, D#:0.072, E:0.082, F:0.032, F#:0.245, G:0.017, G#:0.050, A:0.057, A#:0.143, B:0.123"
81719,"C:0.086, C#:0.023, D:0.161, D#:0.029, E:0.025, F:0.185, F#:0.030, G:0.098, G#:0.027, A:0.136, A#:0.140, B:0.060"
81720,"C:0.062, C#:0.109, D:0.057, D#:0.053, E:0.069, F:0.036, F#:0.069, G:0.072, G#:0.171, A:0.108, A#:0.109, B:0.085"
81721,"C:0.010, C#:0.180, D:0.161, D#:0.014, E:0.191, F:0.010, F#:0.087, G:0.006, G#:0.033, A:0.290, A#:0.013, B:0.006"
81723,"C:0.226, C#:0.066, D:0.101, D#:0.048, E:0.129, F:0.162, F#:0.032, G:0.068, G#:0.016, A:0.073, A#:0.020, B:0.058"
81724,"C:0.018, C#:0.029, D:0.375, D#:0.035, E:0.018, F:0.016, F#:0.060, G:0.105, G#:0.025, A:0.269, A#:0.024, B:0.026"
81727,"C:0.020, C#:0.018, D:0.273, D#:0.020, E:0.091, F:0.012, F#:0.044, G:0.151, G#:0.026, A:0.104, A#:0.021, B:0.220"
81728,"C:0.065, C#:0.032, D:0.177, D#:0.009, E:0.076, F:0.239, F#:0.014, G:0.079, G#:0.018, A:0.155, A#:0.090, B:0.046"
81729,"C:0.004, C#:0.118, D:0.001, D#:0.026, E:0.192, F:0.003, F#:0.154, G:0.002, G#:0.194, A:0.002, A#:0.004, B:0.299"
81730,"C:0.244, C#:0.035, D:0.074, D#:0.049, E:0.183, F:0.082, F#:0.024, G:0.162, G#:0.046, A:0.039, A#:0.024, B:0.037"
81731,"C:0.021, C#:0.056, D:0.007, D#:0.062, E:0.249, F:0.009, F#:0.047, G:0.006, G#:0.096, A:0.102, A#:0.028, B:0.315"
81732,"C:0.030, C#:0.134, D:0.045, D#:0.082, E:0.160, F:0.016, F#:0.083, G:0.018, G#:0.134, A:0.019, A#:0.035, B:0.244"
81733,"C:0.292, C#:0.018, D:0.106, D#:0.018, E:0.105, F:0.107, F#:0.029, G:0.149, G#:0.018, A:0.065, A#:0.014, B:0.080"
81734,"C:0.072, C#:0.019, D:0.078, D#:0.086, E:0.373, F:0.067, F#:0.039, G:0.100, G#:0.010, A:0.104, A#:0.005, B:0.048"
81735,"C:0.101, C#:0.010, D:0.006, D#:0.011, E:0.097, F:0.383, F#:0.071, G:0.010, G#:0.022, A:0.253, A#:0.023, B:0.012"
81738,"C:0.016, C#:0.082, D:0.236, D#:0.016, E:0.036, F:0.014, F#:0.206, G:0.121, G#:0.019, A:0.104, A#:0.011, B:0.140"
81739,"C:0.017, C#:0.125, D:0.022, D#:0.161, E:0.106, F:0.026, F#:0.181, G:0.021, G#:0.164, A:0.034, A#:0.045, B:0.099"
81741,"C:0.019, C#:0.206, D:0.015, D#:0.159, E:0.084, F:0.012, F#:0.072, G:0.016, G#:0.187, A:0.020, A#:0.025, B:0.186"
81742,"C:0.006, C#:0.182, D:0.336, D#:0.017, E:0.104, F:0.004, F#:0.004, G:0.095, G#:0.020, A:0.219, A#:0.012, B:0.002"
81743,"C:0.022, C#:0.054, D:0.191, D#:0.049, E:0.111, F:0.018, F#:0.121, G:0.127, G#:0.021, A:0.085, A#:0.022, B:0.178"
81744,"C:0.090, C#:0.016, D:0.093, D#:0.061, E:0.354, F:0.187, F#:0.019, G:0.115, G#:0.006, A:0.046, A#:0.004, B:0.009"
81745,"C:0.021, C#:0.146, D:0.015, D#:0.135, E:0.044, F:0.018, F#:0.180, G:0.017, G#:0.160, A:0.079, A#:0.032, B:0.152"
81746,"C:0.053, C#:0.049, D:0.183, D#:0.027, E:0.067, F:0.089, F#:0.081, G:0.083, G#:0.048, A:0.254, A#:0.038, B:0.030"
81747,"C:0.055, C#:0.023, D:0.061, D#:0.018, E:0.184, F:0.009, F#:0.065, G:0.269, G#:0.019, A:0.075, A#:0.013, B:0.211"
81751,"C:0.052, C#:0.200, D:0.040, D#:0.020, E:0.040, F:0.139, F#:0.097, G:0.063, G#:0.221, A:0.043, A#:0.063, B:0.021"
81752,"C:0.229, C#:0.018, D:0.056, D#:0.014, E:0.197, F:0.107, F#:0.025, G:0.173, G#:0.017, A:0.076, A#:0.013, B:0.074"
81753,"C:0.036, C#:0.064, D:0.081, D#:0.059, E:0.157, F:0.043, F#:0.047, G:0.035, G#:0.087, A:0.292, A#:0.062, B:0.036"
81755,"C:0.155, C#:0.077, D:0.069, D#:0.053, E:0.083, F:0.061, F#:0.058, G:0.092, G#:0.081, A:0.104, A#:0.079, B:0.089"
81757,"C:0.083, C#:0.014, D:0.151, D#:0.042, E:0.154, F:0.020, F#:0.068, G:0.197, G#:0.035, A:0.098, A#:0.019, B:0.118"
81759,"C:0.008, C#:0.124, D:0.075, D#:0.016, E:0.257, F:0.021, F#:0.101, G:0.009, G#:0.116, A:0.222, A#:0.012, B:0.039"
81761,"C:0.087, C#:0.051, D:0.051, D#:0.059, E:0.125, F:0.235, F#:0.140, G:0.043, G#:0.037, A:0.060, A#:0.050, B:0.063"
81768,"C:0.181, C#:0.010, D:0.130, D#:0.006, E:0.021, F:0.234, F#:0.009, G:0.082, G#:0.005, A:0.101, A#:0.130, B:0.091"
81769,"C:0.042, C#:0.126, D:0.032, D#:0.120, E:0.192, F:0.046, F#:0.016, G:0.018, G#:0.184, A:0.025, A#:0.025, B:0.176"
81770,"C:0.171, C#:0.011, D:0.137, D#:0.009, E:0.140, F:0.088, F#:0.009, G:0.161, G#:0.006, A:0.084, A#:0.027, B:0.156"
81771,"C:0.116, C#:0.064, D:0.120, D#:0.034, E:0.076, F:0.131, F#:0.029, G:0.098, G#:0.030, A:0.121, A#:0.100, B:0.081"
81772,"C:0.120, C#:0.101, D:0.138, D#:0.163, E:0.191, F:0.099, F#:0.031, G:0.111, G#:0.012, A:0.018, A#:0.006, B:0.011"
81773,"C:0.079, C#:0.020, D:0.188, D#:0.014, E:0.013, F:0.231, F#:0.024, G:0.113, G#:0.020, A:0.094, A#:0.183, B:0.020"
81774,"C:0.019, C#:0.063, D:0.195, D#:0.039, E:0.083, F:0.028, F#:0.168, G:0.176, G#:0.023, A:0.093, A#:0.023, B:0.092"
81776,"C:0.258, C#:0.010, D:0.085, D#:0.007, E:0.128, F:0.147, F#:0.008, G:0.102, G#:0.010, A:0.228, A#:0.006, B:0.011"
81777,"C:0.172, C#:0.014, D:0.131, D#:0.012, E:0.176, F:0.196, F#:0.013, G:0.198, G#:0.008, A:0.063, A#:0.005, B:0.012"
81780,"C:0.004, C#:0.129, D:0.001, D#:0.025, E:0.253, F:0.003, F#:0.149, G:0.002, G#:0.118, A:0.002, A#:0.004, B:0.309"
81781,"C:0.032, C#:0.167, D:0.037, D#:0.096, E:0.192, F:0.035, F#:0.138, G:0.027, G#:0.082, A:0.055, A#:0.023, B:0.115"
81782,"C:0.017, C#:0.227, D:0.015, D#:0.040, E:0.165, F:0.022, F#:0.114, G:0.015, G#:0.106, A:0.197, A#:0.022, B:0.058"
81786,"C:0.333, C#:0.010, D:0.069, D#:0.008, E:0.091, F:0.091, F#:0.016, G:0.121, G#:0.012, A:0.178, A#:0.009, B:0.061"
81787,"C:0.141, C#:0.025, D:0.238, D#:0.021, E:0.086, F:0.069, F#:0.028, G:0.131, G#:0.019, A:0.164, A#:0.019, B:0.060"
81788,"C:0.184, C#:0.040, D:0.223, D#:0.131, E:0.082, F:0.112, F#:0.009, G:0.067, G#:0.006, A:0.073, A#:0.023, B:0.050"
81789,"C:0.045, C#:0.081, D:0.278, D#:0.091, E:0.065, F:0.014, F#:0.027, G:0.068, G#:0.017, A:0.064, A#:0.062, B:0.188"
81790,"C:0.019, C#:0.099, D:0.014, D#:0.127, E:0.144, F:0.019, F#:0.141, G:0.013, G#:0.127, A:0.006, A#:0.018, B:0.273"
81791,"C:0.019, C#:0.047, D:0.233, D#:0.019, E:0.066, F:0.015, F#:0.060, G:0.058, G#:0.042, A:0.271, A#:0.043, B:0.125"
81792,"C:0.169, C#:0.052, D:0.130, D#:0.059, E:0.110, F:0.023, F#:0.060, G:0.162, G#:0.030, A:0.059, A#:0.029, B:0.119"
81793,"C:0.179, C#:0.003, D:0.053, D#:0.005, E:0.188, F:0.003, F#:0.011, G:0.369, G#:0.005, A:0.001, A#:0.004, B:0.178"
81799,"C:0.034, C#:0.108, D:0.048, D#:0.124, E:0.125, F:0.044, F#:0.167, G:0.028, G#:0.061, A:0.014, A#:0.030, B:0.216"
81801,"C:0.025, C#:0.119, D:0.021, D#:0.082, E:0.127, F:0.039, F#:0.207, G:0.030, G#:0.051, A:0.149, A#:0.033, B:0.117"
81802,"C:0.064, C#:0.122, D:0.069, D#:0.100, E:0.219, F:0.053, F#:0.098, G:0.032, G#:0.051, A:0.037, A#:0.034, B:0.120"
81803,"C:0.082, C#:0.005, D:0.103, D#:0.007, E:0.014, F:0.277, F#:0.011, G:0.058, G#:0.005, A:0.166, A#:0.242, B:0.030"
81804,"C:0.021, C#:0.045, D:0.033, D#:0.073, E:0.022, F:0.036, F#:0.045, G:0.131, G#:0.464, A:0.089, A#:0.027, B:0.014"
81805,"C:0.059, C#:0.032, D:0.074, D#:0.040, E:0.069, F:0.204, F#:0.055, G:0.057, G#:0.036, A:0.110, A#:0.166, B:0.097"
81806,"C:0.291, C#:0.045, D:0.043, D#:0.019, E:0.111, F:0.033, F#:0.033, G:0.191, G#:0.025, A:0.034, A#:0.028, B:0.147"
81807,"C:0.053, C#:0.054, D:0.107, D#:0.054, E:0.046, F:0.124, F#:0.072, G:0.101, G#:0.048, A:0.067, A#:0.189, B:0.086"
81810,"C:0.036, C#:0.075, D:0.249, D#:0.070, E:0.052, F:0.054, F#:0.086, G:0.145, G#:0.044, A:0.106, A#:0.027, B:0.055"
81811,"C:0.077, C#:0.116, D:0.067, D#:0.070, E:0.048, F:0.104, F#:0.127, G:0.061, G#:0.068, A:0.044, A#:0.110, B:0.110"
81812,"C:0.054, C#:0.044, D:0.065, D#:0.104, E:0.128, F:0.168, F#:0.071, G:0.056, G#:0.059, A:0.064, A#:0.123, B:0.063"
81813,"C:0.022, C#:0.232, D:0.010, D#:0.142, E:0.006, F:0.041, F#:0.175, G:0.014, G#:0.059, A:0.005, A#:0.128, B:0.166"
81814,"C:0.212, C#:0.012, D:0.029, D#:0.011, E:0.186, F:0.120, F#:0.014, G:0.167, G#:0.049, A:0.125, A#:0.008, B:0.066"
81815,"C:0.076, C#:0.063, D:0.117, D#:0.057, E:0.113, F:0.096, F#:0.072, G:0.206, G#:0.033, A:0.071, A#:0.024, B:0.073"
81817,"C:0.036, C#:0.344, D:0.125, D#:0.031, E:0.171, F:0.017, F#:0.012, G:0.024, G#:0.036, A:0.161, A#:0.020, B:0.022"
81819,"C:0.169, C#:0.032, D:0.064, D#:0.018, E:0.158, F:0.033, F#:0.014, G:0.143, G#:0.060, A:0.190, A#:0.037, B:0.083"
81821,"C:0.248, C#:0.007, D:0.079, D#:0.009, E:0.155, F:0.122, F#:0.008, G:0.288, G#:0.017, A:0.015, A#:0.012, B:0.040"
81822,"C:0.050, C#:0.049, D:0.024, D#:0.081, E:0.186, F:0.146, F#:0.138, G:0.025, G#:0.062, A:0.023, A#:0.039, B:0.177"
81830,"C:0.158, C#:0.179, D:0.115, D#:0.111, E:0.070, F:0.050, F#:0.051, G:0.089, G#:0.065, A:0.046, A#:0.025, B:0.041"
81831,"C:0.021, C#:0.018, D:0.022, D#:0.038, E:0.128, F:0.079, F#:0.216, G:0.233, G#:0.080, A:0.048, A#:0.038, B:0.079"
81833,"C:0.015, C#:0.017, D:0.196, D#:0.037, E:0.085, F:0.109, F#:0.038, G:0.146, G#:0.044, A:0.219, A#:0.076, B:0.019"
81941,"C:0.022, C#:0.070, D:0.025, D#:0.204, E:0.224, F:0.026, F#:0.130, G:0.023, G#:0.076, A:0.030, A#:0.025, B:0.145"
81979,"C:0.015, C#:0.058, D:0.009, D#:0.124, E:0.255, F:0.014, F#:0.059, G:0.028, G#:0.131, A:0.090, A#:0.019, B:0.198"
81980,"C:0.210, C#:0.042, D:0.014, D#:0.039, E:0.134, F:0.128, F#:0.047, G:0.068, G#:0.054, A:0.138, A#:0.038, B:0.087"
81981,"C:0.303, C#:0.112, D:0.070, D#:0.042, E:0.059, F:0.028, F#:0.028, G:0.064, G#:0.040, A:0.074, A#:0.058, B:0.123"
81982,"C:0.109, C#:0.108, D:0.122, D#:0.043, E:0.048, F:0.115, F#:0.047, G:0.070, G#:0.040, A:0.108, A#:0.123, B:0.066"
81983,"C:0.094, C#:0.029, D:0.233, D#:0.023, E:0.038, F:0.047, F#:0.026, G:0.291, G#:0.025, A:0.091, A#:0.019, B:0.084"
81985,"C:0.059, C#:0.117, D:0.044, D#:0.069, E:0.189, F:0.049, F#:0.030, G:0.041, G#:0.141, A:0.043, A#:0.044, B:0.174"
81987,"C:0.051, C#:0.096, D:0.058, D#:0.117, E:0.053, F:0.068, F#:0.145, G:0.053, G#:0.089, A:0.055, A#:0.106, B:0.110"
81988,"C:0.144, C#:0.027, D:0.138, D#:0.023, E:0.153, F:0.132, F#:0.026, G:0.154, G#:0.023, A:0.127, A#:0.012, B:0.042"
81989,"C:0.125, C#:0.051, D:0.080, D#:0.021, E:0.026, F:0.049, F#:0.096, G:0.269, G#:0.077, A:0.044, A#:0.047, B:0.115"
81990,"C:0.216, C#:0.131, D:0.093, D#:0.064, E:0.092, F:0.077, F#:0.048, G:0.095, G#:0.042, A:0.021, A#:0.034, B:0.087"
81992,"C:0.093, C#:0.096, D:0.155, D#:0.095, E:0.060, F:0.060, F#:0.077, G:0.070, G#:0.042, A:0.043, A#:0.081, B:0.127"
81993,"C:0.242, C#:0.077, D:0.032, D#:0.023, E:0.078, F:0.140, F#:0.044, G:0.069, G#:0.029, A:0.056, A#:0.093, B:0.117"
81994,"C:0.186, C#:0.130, D:0.115, D#:0.085, E:0.079, F:0.117, F#:0.061, G:0.045, G#:0.042, A:0.051, A#:0.037, B:0.051"
81996,"C:0.153, C#:0.035, D:0.107, D#:0.144, E:0.029, F:0.039, F#:0.044, G:0.162, G#:0.058, A:0.054, A#:0.138, B:0.038"
81998,"C:0.069, C#:0.137, D:0.127, D#:0.114, E:0.107, F:0.040, F#:0.029, G:0.027, G#:0.053, A:0.069, A#:0.071, B:0.158"
82000,"C:0.015, C#:0.220, D:0.016, D#:0.025, E:0.489, F:0.018, F#:0.002, G:0.003, G#:0.041, A:0.162, A#:0.007, B:0.001"
82001,"C:0.007, C#:0.079, D:0.195, D#:0.013, E:0.210, F:0.010, F#:0.057, G:0.082, G#:0.015, A:0.262, A#:0.015, B:0.056"
82004,"C:0.030, C#:0.078, D:0.130, D#:0.063, E:0.110, F:0.037, F#:0.047, G:0.051, G#:0.119, A:0.202, A#:0.080, B:0.054"
82005,"C:0.050, C#:0.036, D:0.041, D#:0.129, E:0.094, F:0.038, F#:0.120, G:0.058, G#:0.122, A:0.032, A#:0.051, B:0.229"
82007,"C:0.012, C#:0.074, D:0.312, D#:0.053, E:0.012, F:0.019, F#:0.126, G:0.124, G#:0.056, A:0.166, A#:0.037, B:0.010"
82008,"C:0.075, C#:0.041, D:0.115, D#:0.031, E:0.039, F:0.226, F#:0.037, G:0.014, G#:0.022, A:0.108, A#:0.225, B:0.068"
82009,"C:0.083, C#:0.044, D:0.038, D#:0.050, E:0.075, F:0.076, F#:0.081, G:0.125, G#:0.142, A:0.115, A#:0.098, B:0.073"
82010,"C:0.054, C#:0.045, D:0.083, D#:0.063, E:0.055, F:0.095, F#:0.113, G:0.163, G#:0.103, A:0.075, A#:0.066, B:0.085"
82011,"C:0.087, C#:0.162, D:0.103, D#:0.083, E:0.081, F:0.045, F#:0.055, G:0.038, G#:0.055, A:0.123, A#:0.077, B:0.092"
82012,"C:0.064, C#:0.088, D:0.141, D#:0.065, E:0.084, F:0.047, F#:0.103, G:0.067, G#:0.043, A:0.050, A#:0.068, B:0.180"
82054,"C:0.139, C#:0.047, D:0.023, D#:0.030, E:0.157, F:0.197, F#:0.081, G:0.074, G#:0.163, A:0.039, A#:0.019, B:0.032"
82065,"C:0.092, C#:0.096, D:0.155, D#:0.018, E:0.102, F:0.052, F#:0.012, G:0.075, G#:0.030, A:0.239, A#:0.105, B:0.023"
82066,"C:0.137, C#:0.039, D:0.127, D#:0.011, E:0.057, F:0.312, F#:0.020, G:0.112, G#:0.068, A:0.051, A#:0.054, B:0.013"
82067,"C:0.019, C#:0.032, D:0.161, D#:0.016, E:0.065, F:0.187, F#:0.025, G:0.050, G#:0.021, A:0.150, A#:0.167, B:0.108"
82070,"C:0.174, C#:0.037, D:0.112, D#:0.045, E:0.267, F:0.028, F#:0.033, G:0.132, G#:0.023, A:0.047, A#:0.021, B:0.081"
82499,"C:0.261, C#:0.059, D:0.060, D#:0.147, E:0.043, F:0.021, F#:0.021, G:0.115, G#:0.032, A:0.044, A#:0.092, B:0.105"
82503,"C:0.043, C#:0.224, D:0.174, D#:0.038, E:0.075, F:0.057, F#:0.142, G:0.021, G#:0.022, A:0.111, A#:0.026, B:0.066"
82507,"C:0.026, C#:0.017, D:0.049, D#:0.137, E:0.109, F:0.201, F#:0.034, G:0.026, G#:0.018, A:0.068, A#:0.261, B:0.053"
82508,"C:0.063, C#:0.157, D:0.021, D#:0.053, E:0.085, F:0.035, F#:0.063, G:0.087, G#:0.213, A:0.160, A#:0.031, B:0.032"
82538,"C:0.049, C#:0.023, D:0.119, D#:0.108, E:0.181, F:0.109, F#:0.060, G:0.131, G#:0.033, A:0.095, A#:0.062, B:0.029"
82541,"C:0.136, C#:0.137, D:0.094, D#:0.176, E:0.074, F:0.031, F#:0.026, G:0.034, G#:0.033, A:0.093, A#:0.066, B:0.100"
82556,"C:0.017, C#:0.104, D:0.167, D#:0.031, E:0.225, F:0.020, F#:0.078, G:0.043, G#:0.092, A:0.174, A#:0.022, B:0.027"
82557,"C:0.050, C#:0.099, D:0.130, D#:0.055, E:0.197, F:0.033, F#:0.077, G:0.032, G#:0.066, A:0.102, A#:0.033, B:0.127"
82606,"C:0.067, C#:0.168, D:0.069, D#:0.078, E:0.042, F:0.122, F#:0.102, G:0.033, G#:0.081, A:0.030, A#:0.141, B:0.067"
82615,"C:0.045, C#:0.044, D:0.153, D#:0.033, E:0.102, F:0.109, F#:0.071, G:0.259, G#:0.064, A:0.093, A#:0.015, B:0.014"
82620,"C:0.030, C#:0.041, D:0.111, D#:0.028, E:0.046, F:0.041, F#:0.219, G:0.119, G#:0.054, A:0.144, A#:0.046, B:0.119"
82621,"C:0.490, C#:0.026, D:0.014, D#:0.017, E:0.062, F:0.113, F#:0.015, G:0.032, G#:0.021, A:0.168, A#:0.013, B:0.030"
82660,"C:0.072, C#:0.067, D:0.074, D#:0.091, E:0.193, F:0.119, F#:0.062, G:0.049, G#:0.058, A:0.066, A#:0.069, B:0.079"
82661,"C:0.091, C#:0.081, D:0.090, D#:0.056, E:0.069, F:0.077, F#:0.074, G:0.076, G#:0.119, A:0.087, A#:0.101, B:0.080"
82668,"C:0.021, C#:0.039, D:0.010, D#:0.011, E:0.064, F:0.024, F#:0.038, G:0.042, G#:0.112, A:0.446, A#:0.115, B:0.079"
82743,"C:0.033, C#:0.018, D:0.039, D#:0.079, E:0.307, F:0.084, F#:0.073, G:0.062, G#:0.025, A:0.015, A#:0.028, B:0.236"
82858,"C:0.270, C#:0.013, D:0.071, D#:0.019, E:0.270, F:0.141, F#:0.006, G:0.022, G#:0.013, A:0.120, A#:0.023, B:0.032"
82859,"C:0.044, C#:0.070, D:0.094, D#:0.011, E:0.025, F:0.004, F#:0.010, G:0.220, G#:0.023, A:0.318, A#:0.019, B:0.159"
82860,"C:0.007, C#:0.056, D:0.054, D#:0.608, E:0.042, F:0.013, F#:0.078, G:0.016, G#:0.083, A:0.011, A#:0.028, B:0.004"
82861,"C:0.070, C#:0.044, D:0.134, D#:0.030, E:0.027, F:0.034, F#:0.052, G:0.208, G#:0.089, A:0.113, A#:0.160, B:0.039"
82862,"C:0.022, C#:0.025, D:0.080, D#:0.027, E:0.031, F:0.032, F#:0.157, G:0.313, G#:0.102, A:0.126, A#:0.047, B:0.039"
82865,"C:0.029, C#:0.014, D:0.013, D#:0.015, E:0.040, F:0.043, F#:0.061, G:0.363, G#:0.231, A:0.096, A#:0.058, B:0.037"
82866,"C:0.092, C#:0.042, D:0.136, D#:0.033, E:0.134, F:0.156, F#:0.036, G:0.087, G#:0.041, A:0.152, A#:0.032, B:0.058"
82868,"C:0.076, C#:0.048, D:0.216, D#:0.035, E:0.028, F:0.078, F#:0.054, G:0.229, G#:0.043, A:0.102, A#:0.063, B:0.028"
82869,"C:0.095, C#:0.031, D:0.077, D#:0.029, E:0.119, F:0.127, F#:0.033, G:0.040, G#:0.068, A:0.299, A#:0.054, B:0.028"
82871,"C:0.037, C#:0.043, D:0.148, D#:0.049, E:0.153, F:0.029, F#:0.040, G:0.078, G#:0.061, A:0.175, A#:0.050, B:0.137"
82914,"C:0.422, C#:0.108, D:0.045, D#:0.014, E:0.059, F:0.043, F#:0.011, G:0.065, G#:0.016, A:0.036, A#:0.033, B:0.149"
82915,"C:0.046, C#:0.091, D:0.332, D#:0.038, E:0.153, F:0.011, F#:0.058, G:0.045, G#:0.029, A:0.125, A#:0.014, B:0.058"
82916,"C:0.242, C#:0.056, D:0.061, D#:0.025, E:0.089, F:0.209, F#:0.047, G:0.114, G#:0.028, A:0.049, A#:0.026, B:0.054"
82917,"C:0.041, C#:0.040, D:0.043, D#:0.066, E:0.168, F:0.052, F#:0.032, G:0.070, G#:0.072, A:0.319, A#:0.066, B:0.032"
82918,"C:0.016, C#:0.056, D:0.386, D#:0.028, E:0.017, F:0.009, F#:0.124, G:0.076, G#:0.014, A:0.164, A#:0.020, B:0.090"
82919,"C:0.062, C#:0.079, D:0.114, D#:0.062, E:0.124, F:0.059, F#:0.071, G:0.098, G#:0.061, A:0.102, A#:0.054, B:0.114"
82920,"C:0.131, C#:0.066, D:0.134, D#:0.079, E:0.222, F:0.035, F#:0.036, G:0.019, G#:0.026, A:0.042, A#:0.040, B:0.169"
82921,"C:0.070, C#:0.054, D:0.041, D#:0.048, E:0.041, F:0.048, F#:0.073, G:0.054, G#:0.159, A:0.084, A#:0.248, B:0.080"
82929,"C:0.127, C#:0.021, D:0.025, D#:0.063, E:0.304, F:0.057, F#:0.036, G:0.053, G#:0.024, A:0.087, A#:0.034, B:0.169"
82930,"C:0.249, C#:0.092, D:0.171, D#:0.040, E:0.042, F:0.016, F#:0.025, G:0.045, G#:0.016, A:0.076, A#:0.046, B:0.183"
82933,"C:0.021, C#:0.044, D:0.088, D#:0.030, E:0.120, F:0.045, F#:0.165, G:0.149, G#:0.048, A:0.116, A#:0.033, B:0.139"
83143,"C:0.079, C#:0.067, D:0.053, D#:0.099, E:0.097, F:0.156, F#:0.075, G:0.092, G#:0.103, A:0.080, A#:0.067, B:0.033"
83151,"C:0.020, C#:0.018, D:0.055, D#:0.034, E:0.098, F:0.056, F#:0.073, G:0.153, G#:0.101, A:0.292, A#:0.070, B:0.030"
83152,"C:0.097, C#:0.072, D:0.018, D#:0.050, E:0.010, F:0.027, F#:0.009, G:0.022, G#:0.220, A:0.090, A#:0.329, B:0.055"
83153,"C:0.195, C#:0.081, D:0.047, D#:0.055, E:0.054, F:0.033, F#:0.042, G:0.243, G#:0.092, A:0.054, A#:0.045, B:0.059"
83156,"C:0.063, C#:0.080, D:0.031, D#:0.024, E:0.070, F:0.055, F#:0.154, G:0.084, G#:0.055, A:0.069, A#:0.118, B:0.196"
83157,"C:0.066, C#:0.044, D:0.047, D#:0.050, E:0.055, F:0.063, F#:0.119, G:0.090, G#:0.077, A:0.098, A#:0.087, B:0.204"
83159,"C:0.103, C#:0.066, D:0.074, D#:0.031, E:0.031, F:0.056, F#:0.167, G:0.196, G#:0.062, A:0.062, A#:0.071, B:0.081"
83237,"C:0.132, C#:0.049, D:0.096, D#:0.046, E:0.069, F:0.043, F#:0.062, G:0.183, G#:0.072, A:0.092, A#:0.050, B:0.104"
83238,"C:0.021, C#:0.069, D:0.255, D#:0.082, E:0.143, F:0.059, F#:0.117, G:0.031, G#:0.052, A:0.122, A#:0.027, B:0.023"
83241,"C:0.179, C#:0.067, D:0.087, D#:0.023, E:0.078, F:0.079, F#:0.066, G:0.201, G#:0.055, A:0.071, A#:0.025, B:0.069"
83247,"C:0.215, C#:0.041, D:0.029, D#:0.027, E:0.096, F:0.029, F#:0.038, G:0.093, G#:0.052, A:0.092, A#:0.106, B:0.183"
83252,"C:0.044, C#:0.032, D:0.028, D#:0.117, E:0.177, F:0.047, F#:0.060, G:0.032, G#:0.129, A:0.065, A#:0.058, B:0.210"
83254,"C:0.048, C#:0.033, D:0.134, D#:0.045, E:0.064, F:0.053, F#:0.130, G:0.236, G#:0.050, A:0.050, A#:0.034, B:0.124"
83256,"C:0.040, C#:0.033, D:0.133, D#:0.034, E:0.019, F:0.023, F#:0.107, G:0.248, G#:0.114, A:0.101, A#:0.034, B:0.114"
83257,"C:0.099, C#:0.023, D:0.153, D#:0.018, E:0.018, F:0.109, F#:0.040, G:0.092, G#:0.031, A:0.097, A#:0.255, B:0.064"
83258,"C:0.080, C#:0.081, D:0.044, D#:0.070, E:0.184, F:0.043, F#:0.053, G:0.043, G#:0.124, A:0.073, A#:0.052, B:0.155"
83260,"C:0.178, C#:0.061, D:0.066, D#:0.036, E:0.052, F:0.041, F#:0.103, G:0.130, G#:0.042, A:0.035, A#:0.081, B:0.174"
83261,"C:0.053, C#:0.038, D:0.034, D#:0.114, E:0.249, F:0.071, F#:0.028, G:0.017, G#:0.095, A:0.045, A#:0.050, B:0.205"
83262,"C:0.060, C#:0.041, D:0.095, D#:0.050, E:0.061, F:0.037, F#:0.080, G:0.132, G#:0.076, A:0.169, A#:0.070, B:0.130"
83263,"C:0.055, C#:0.106, D:0.047, D#:0.064, E:0.136, F:0.065, F#:0.081, G:0.044, G#:0.107, A:0.167, A#:0.076, B:0.051"
83265,"C:0.036, C#:0.068, D:0.167, D#:0.064, E:0.037, F:0.032, F#:0.108, G:0.225, G#:0.059, A:0.096, A#:0.037, B:0.072"
83266,"C:0.035, C#:0.109, D:0.132, D#:0.057, E:0.100, F:0.068, F#:0.186, G:0.067, G#:0.044, A:0.093, A#:0.041, B:0.069"
83267,"C:0.158, C#:0.082, D:0.148, D#:0.086, E:0.111, F:0.046, F#:0.055, G:0.170, G#:0.042, A:0.026, A#:0.023, B:0.052"
83268,"C:0.164, C#:0.043, D:0.074, D#:0.036, E:0.110, F:0.070, F#:0.054, G:0.150, G#:0.056, A:0.050, A#:0.033, B:0.161"
83269,"C:0.058, C#:0.021, D:0.029, D#:0.043, E:0.120, F:0.223, F#:0.074, G:0.104, G#:0.063, A:0.156, A#:0.076, B:0.033"
83270,"C:0.125, C#:0.300, D:0.251, D#:0.046, E:0.091, F:0.031, F#:0.055, G:0.012, G#:0.009, A:0.035, A#:0.014, B:0.032"
83271,"C:0.061, C#:0.065, D:0.075, D#:0.034, E:0.113, F:0.022, F#:0.053, G:0.207, G#:0.081, A:0.125, A#:0.036, B:0.128"
83272,"C:0.065, C#:0.100, D:0.052, D#:0.176, E:0.054, F:0.068, F#:0.143, G:0.046, G#:0.074, A:0.031, A#:0.103, B:0.088"
83273,"C:0.053, C#:0.011, D:0.015, D#:0.125, E:0.018, F:0.226, F#:0.029, G:0.226, G#:0.017, A:0.012, A#:0.243, B:0.024"
83275,"C:0.076, C#:0.044, D:0.023, D#:0.053, E:0.118, F:0.030, F#:0.055, G:0.041, G#:0.127, A:0.090, A#:0.104, B:0.237"
83276,"C:0.053, C#:0.053, D:0.121, D#:0.098, E:0.092, F:0.047, F#:0.117, G:0.205, G#:0.028, A:0.035, A#:0.031, B:0.121"
83277,"C:0.065, C#:0.142, D:0.057, D#:0.046, E:0.104, F:0.071, F#:0.095, G:0.047, G#:0.132, A:0.112, A#:0.048, B:0.080"
83279,"C:0.217, C#:0.032, D:0.046, D#:0.016, E:0.069, F:0.353, F#:0.028, G:0.028, G#:0.020, A:0.080, A#:0.078, B:0.033"
83319,"C:0.047, C#:0.043, D:0.104, D#:0.114, E:0.074, F:0.115, F#:0.042, G:0.067, G#:0.038, A:0.120, A#:0.180, B:0.055"
83320,"C:0.043, C#:0.103, D:0.101, D#:0.043, E:0.102, F:0.058, F#:0.101, G:0.084, G#:0.095, A:0.096, A#:0.078, B:0.095"
83321,"C:0.085, C#:0.038, D:0.024, D#:0.089, E:0.167, F:0.042, F#:0.113, G:0.047, G#:0.139, A:0.095, A#:0.047, B:0.115"
83322,"C:0.527, C#:0.087, D:0.026, D#:0.018, E:0.027, F:0.010, F#:0.015, G:0.039, G#:0.018, A:0.033, A#:0.041, B:0.158"
83330,"C:0.112, C#:0.045, D:0.079, D#:0.108, E:0.192, F:0.127, F#:0.043, G:0.043, G#:0.042, A:0.097, A#:0.053, B:0.059"
83331,"C:0.042, C#:0.043, D:0.105, D#:0.195, E:0.108, F:0.093, F#:0.120, G:0.042, G#:0.029, A:0.030, A#:0.098, B:0.094"
83338,"C:0.052, C#:0.082, D:0.038, D#:0.063, E:0.073, F:0.140, F#:0.126, G:0.067, G#:0.103, A:0.168, A#:0.040, B:0.049"
83340,"C:0.209, C#:0.060, D:0.187, D#:0.039, E:0.098, F:0.041, F#:0.022, G:0.103, G#:0.027, A:0.044, A#:0.018, B:0.152"
83346,"C:0.025, C#:0.139, D:0.035, D#:0.053, E:0.062, F:0.207, F#:0.258, G:0.085, G#:0.040, A:0.027, A#:0.022, B:0.047"
83349,"C:0.220, C#:0.102, D:0.056, D#:0.065, E:0.096, F:0.066, F#:0.095, G:0.127, G#:0.047, A:0.034, A#:0.054, B:0.037"
83351,"C:0.275, C#:0.202, D:0.085, D#:0.178, E:0.033, F:0.034, F#:0.036, G:0.019, G#:0.063, A:0.012, A#:0.055, B:0.008"
83451,"C:0.090, C#:0.116, D:0.070, D#:0.042, E:0.068, F:0.056, F#:0.122, G:0.060, G#:0.070, A:0.112, A#:0.094, B:0.099"
83452,"C:0.038, C#:0.150, D:0.206, D#:0.075, E:0.056, F:0.078, F#:0.150, G:0.049, G#:0.042, A:0.057, A#:0.044, B:0.055"
83454,"C:0.073, C#:0.075, D:0.065, D#:0.058, E:0.095, F:0.054, F#:0.095, G:0.049, G#:0.045, A:0.126, A#:0.088, B:0.178"
83456,"C:0.043, C#:0.054, D:0.126, D#:0.061, E:0.044, F:0.028, F#:0.109, G:0.135, G#:0.096, A:0.176, A#:0.073, B:0.054"
83459,"C:0.104, C#:0.045, D:0.054, D#:0.049, E:0.094, F:0.044, F#:0.064, G:0.115, G#:0.057, A:0.104, A#:0.075, B:0.198"
83461,"C:0.050, C#:0.055, D:0.157, D#:0.067, E:0.044, F:0.044, F#:0.151, G:0.117, G#:0.059, A:0.103, A#:0.067, B:0.086"
83462,"C:0.110, C#:0.044, D:0.062, D#:0.049, E:0.097, F:0.093, F#:0.105, G:0.171, G#:0.071, A:0.075, A#:0.037, B:0.084"
83464,"C:0.033, C#:0.077, D:0.038, D#:0.083, E:0.136, F:0.040, F#:0.131, G:0.047, G#:0.126, A:0.066, A#:0.045, B:0.178"
83470,"C:0.112, C#:0.069, D:0.059, D#:0.041, E:0.101, F:0.064, F#:0.077, G:0.111, G#:0.110, A:0.118, A#:0.051, B:0.086"
83569,"C:0.051, C#:0.060, D:0.159, D#:0.185, E:0.079, F:0.067, F#:0.050, G:0.105, G#:0.095, A:0.082, A#:0.034, B:0.032"
83628,"C:0.042, C#:0.154, D:0.062, D#:0.163, E:0.058, F:0.024, F#:0.170, G:0.043, G#:0.130, A:0.021, A#:0.043, B:0.091"
83634,"C:0.073, C#:0.028, D:0.046, D#:0.051, E:0.137, F:0.068, F#:0.128, G:0.090, G#:0.035, A:0.092, A#:0.070, B:0.182"
83636,"C:0.022, C#:0.129, D:0.215, D#:0.032, E:0.160, F:0.030, F#:0.172, G:0.018, G#:0.053, A:0.063, A#:0.021, B:0.085"
83638,"C:0.101, C#:0.017, D:0.150, D#:0.041, E:0.015, F:0.015, F#:0.038, G:0.182, G#:0.043, A:0.205, A#:0.129, B:0.065"
83640,"C:0.048, C#:0.008, D:0.056, D#:0.010, E:0.120, F:0.046, F#:0.020, G:0.154, G#:0.124, A:0.277, A#:0.022, B:0.115"
83641,"C:0.053, C#:0.033, D:0.122, D#:0.014, E:0.050, F:0.023, F#:0.068, G:0.101, G#:0.072, A:0.328, A#:0.046, B:0.090"
83642,"C:0.014, C#:0.010, D:0.008, D#:0.117, E:0.052, F:0.008, F#:0.046, G:0.065, G#:0.318, A:0.085, A#:0.038, B:0.238"
83643,"C:0.093, C#:0.018, D:0.104, D#:0.019, E:0.237, F:0.075, F#:0.028, G:0.041, G#:0.078, A:0.221, A#:0.021, B:0.064"
83644,"C:0.016, C#:0.058, D:0.012, D#:0.082, E:0.197, F:0.019, F#:0.130, G:0.021, G#:0.147, A:0.062, A#:0.026, B:0.229"
83645,"C:0.015, C#:0.048, D:0.009, D#:0.083, E:0.085, F:0.013, F#:0.134, G:0.032, G#:0.174, A:0.129, A#:0.043, B:0.235"
83646,"C:0.079, C#:0.021, D:0.151, D#:0.017, E:0.049, F:0.018, F#:0.061, G:0.309, G#:0.065, A:0.095, A#:0.018, B:0.118"
83647,"C:0.035, C#:0.011, D:0.275, D#:0.092, E:0.019, F:0.025, F#:0.069, G:0.284, G#:0.036, A:0.096, A#:0.050, B:0.009"
83659,"C:0.042, C#:0.104, D:0.419, D#:0.106, E:0.069, F:0.112, F#:0.026, G:0.009, G#:0.010, A:0.076, A#:0.010, B:0.018"
83662,"C:0.012, C#:0.014, D:0.025, D#:0.024, E:0.056, F:0.103, F#:0.178, G:0.439, G#:0.087, A:0.034, A#:0.018, B:0.010"
83663,"C:0.027, C#:0.073, D:0.334, D#:0.098, E:0.258, F:0.133, F#:0.033, G:0.009, G#:0.006, A:0.014, A#:0.006, B:0.010"
83669,"C:0.264, C#:0.014, D:0.006, D#:0.031, E:0.191, F:0.075, F#:0.029, G:0.123, G#:0.025, A:0.132, A#:0.020, B:0.088"
83670,"C:0.056, C#:0.020, D:0.017, D#:0.055, E:0.040, F:0.174, F#:0.087, G:0.053, G#:0.307, A:0.107, A#:0.051, B:0.033"
83705,"C:0.050, C#:0.039, D:0.114, D#:0.139, E:0.203, F:0.119, F#:0.062, G:0.062, G#:0.058, A:0.028, A#:0.105, B:0.021"
83706,"C:0.045, C#:0.065, D:0.048, D#:0.088, E:0.039, F:0.075, F#:0.148, G:0.145, G#:0.188, A:0.067, A#:0.050, B:0.042"
83707,"C:0.032, C#:0.053, D:0.033, D#:0.067, E:0.059, F:0.120, F#:0.235, G:0.128, G#:0.083, A:0.057, A#:0.071, B:0.063"
83708,"C:0.030, C#:0.078, D:0.019, D#:0.045, E:0.147, F:0.019, F#:0.090, G:0.041, G#:0.148, A:0.103, A#:0.035, B:0.244"
83710,"C:0.070, C#:0.096, D:0.097, D#:0.040, E:0.048, F:0.073, F#:0.101, G:0.166, G#:0.073, A:0.071, A#:0.099, B:0.065"
83715,"C:0.092, C#:0.132, D:0.066, D#:0.072, E:0.080, F:0.035, F#:0.049, G:0.167, G#:0.203, A:0.023, A#:0.016, B:0.067"
83717,"C:0.063, C#:0.099, D:0.100, D#:0.126, E:0.096, F:0.089, F#:0.100, G:0.074, G#:0.056, A:0.064, A#:0.071, B:0.062"
83719,"C:0.081, C#:0.152, D:0.130, D#:0.131, E:0.068, F:0.057, F#:0.083, G:0.070, G#:0.060, A:0.056, A#:0.061, B:0.052"
83724,"C:0.029, C#:0.021, D:0.047, D#:0.201, E:0.087, F:0.141, F#:0.053, G:0.069, G#:0.099, A:0.047, A#:0.166, B:0.040"
83727,"C:0.070, C#:0.037, D:0.175, D#:0.069, E:0.042, F:0.027, F#:0.026, G:0.302, G#:0.112, A:0.027, A#:0.051, B:0.063"
83728,"C:0.078, C#:0.015, D:0.049, D#:0.011, E:0.074, F:0.038, F#:0.058, G:0.402, G#:0.056, A:0.063, A#:0.102, B:0.053"
83729,"C:0.046, C#:0.037, D:0.016, D#:0.115, E:0.092, F:0.023, F#:0.156, G:0.066, G#:0.090, A:0.024, A#:0.071, B:0.263"
83730,"C:0.070, C#:0.021, D:0.106, D#:0.031, E:0.103, F:0.024, F#:0.069, G:0.356, G#:0.067, A:0.018, A#:0.020, B:0.114"
83733,"C:0.088, C#:0.129, D:0.116, D#:0.035, E:0.037, F:0.047, F#:0.140, G:0.175, G#:0.026, A:0.031, A#:0.080, B:0.097"
83735,"C:0.015, C#:0.042, D:0.029, D#:0.207, E:0.195, F:0.017, F#:0.115, G:0.007, G#:0.022, A:0.010, A#:0.041, B:0.301"
83736,"C:0.044, C#:0.188, D:0.021, D#:0.031, E:0.185, F:0.050, F#:0.101, G:0.021, G#:0.077, A:0.109, A#:0.023, B:0.150"
83748,"C:0.219, C#:0.041, D:0.036, D#:0.017, E:0.015, F:0.034, F#:0.049, G:0.110, G#:0.065, A:0.133, A#:0.188, B:0.094"
83749,"C:0.056, C#:0.046, D:0.082, D#:0.050, E:0.061, F:0.097, F#:0.120, G:0.149, G#:0.147, A:0.072, A#:0.066, B:0.053"
83813,"C:0.051, C#:0.075, D:0.080, D#:0.038, E:0.075, F:0.050, F#:0.131, G:0.145, G#:0.079, A:0.190, A#:0.046, B:0.041"
83822,"C:0.222, C#:0.038, D:0.019, D#:0.022, E:0.016, F:0.019, F#:0.050, G:0.344, G#:0.049, A:0.035, A#:0.108, B:0.078"
83859,"C:0.092, C#:0.050, D:0.043, D#:0.068, E:0.229, F:0.086, F#:0.057, G:0.080, G#:0.067, A:0.077, A#:0.052, B:0.099"
84021,"C:0.060, C#:0.059, D:0.052, D#:0.034, E:0.086, F:0.101, F#:0.126, G:0.097, G#:0.044, A:0.050, A#:0.095, B:0.197"
84051,"C:0.048, C#:0.048, D:0.156, D#:0.062, E:0.055, F:0.042, F#:0.102, G:0.188, G#:0.070, A:0.065, A#:0.051, B:0.115"
84112,"C:0.069, C#:0.097, D:0.199, D#:0.061, E:0.080, F:0.046, F#:0.085, G:0.132, G#:0.078, A:0.082, A#:0.037, B:0.035"
84113,"C:0.018, C#:0.091, D:0.151, D#:0.056, E:0.221, F:0.042, F#:0.149, G:0.070, G#:0.023, A:0.038, A#:0.014, B:0.127"
84119,"C:0.043, C#:0.051, D:0.142, D#:0.036, E:0.058, F:0.147, F#:0.030, G:0.043, G#:0.036, A:0.350, A#:0.033, B:0.033"
84121,"C:0.235, C#:0.056, D:0.066, D#:0.055, E:0.233, F:0.060, F#:0.030, G:0.063, G#:0.040, A:0.049, A#:0.053, B:0.060"
84122,"C:0.012, C#:0.045, D:0.147, D#:0.022, E:0.041, F:0.019, F#:0.136, G:0.068, G#:0.063, A:0.309, A#:0.046, B:0.093"
84123,"C:0.095, C#:0.027, D:0.102, D#:0.151, E:0.039, F:0.068, F#:0.045, G:0.105, G#:0.096, A:0.066, A#:0.146, B:0.060"
84125,"C:0.013, C#:0.093, D:0.342, D#:0.024, E:0.130, F:0.019, F#:0.169, G:0.110, G#:0.017, A:0.050, A#:0.008, B:0.026"
84127,"C:0.068, C#:0.051, D:0.062, D#:0.281, E:0.053, F:0.056, F#:0.074, G:0.094, G#:0.109, A:0.031, A#:0.103, B:0.018"
84128,"C:0.044, C#:0.048, D:0.088, D#:0.051, E:0.048, F:0.091, F#:0.097, G:0.173, G#:0.106, A:0.111, A#:0.098, B:0.045"
84131,"C:0.064, C#:0.074, D:0.065, D#:0.092, E:0.107, F:0.179, F#:0.096, G:0.087, G#:0.091, A:0.058, A#:0.048, B:0.039"
84134,"C:0.087, C#:0.106, D:0.225, D#:0.065, E:0.042, F:0.043, F#:0.040, G:0.121, G#:0.025, A:0.051, A#:0.157, B:0.037"
84170,"C:0.083, C#:0.042, D:0.067, D#:0.046, E:0.074, F:0.138, F#:0.079, G:0.138, G#:0.082, A:0.141, A#:0.063, B:0.048"
84171,"C:0.136, C#:0.017, D:0.105, D#:0.142, E:0.014, F:0.055, F#:0.017, G:0.162, G#:0.186, A:0.042, A#:0.104, B:0.019"
84172,"C:0.062, C#:0.029, D:0.040, D#:0.024, E:0.154, F:0.063, F#:0.019, G:0.047, G#:0.060, A:0.355, A#:0.062, B:0.084"
84173,"C:0.039, C#:0.021, D:0.023, D#:0.044, E:0.155, F:0.132, F#:0.150, G:0.130, G#:0.096, A:0.093, A#:0.043, B:0.074"
84196,"C:0.037, C#:0.241, D:0.033, D#:0.310, E:0.027, F:0.010, F#:0.089, G:0.017, G#:0.082, A:0.013, A#:0.127, B:0.014"
84263,"C:0.144, C#:0.083, D:0.143, D#:0.063, E:0.102, F:0.102, F#:0.043, G:0.149, G#:0.049, A:0.060, A#:0.021, B:0.041"
84276,"C:0.064, C#:0.191, D:0.037, D#:0.141, E:0.015, F:0.031, F#:0.171, G:0.015, G#:0.057, A:0.021, A#:0.097, B:0.160"
84289,"C:0.053, C#:0.049, D:0.076, D#:0.074, E:0.215, F:0.101, F#:0.057, G:0.102, G#:0.086, A:0.103, A#:0.041, B:0.042"
84468,"C:0.114, C#:0.052, D:0.032, D#:0.013, E:0.008, F:0.018, F#:0.074, G:0.023, G#:0.031, A:0.068, A#:0.168, B:0.398"
84470,"C:0.091, C#:0.104, D:0.141, D#:0.096, E:0.117, F:0.091, F#:0.051, G:0.040, G#:0.043, A:0.114, A#:0.059, B:0.053"
84472,"C:0.146, C#:0.051, D:0.132, D#:0.036, E:0.071, F:0.025, F#:0.039, G:0.136, G#:0.057, A:0.198, A#:0.038, B:0.072"
84476,"C:0.060, C#:0.054, D:0.036, D#:0.101, E:0.115, F:0.053, F#:0.166, G:0.101, G#:0.049, A:0.069, A#:0.053, B:0.143"
84553,"C:0.014, C#:0.030, D:0.157, D#:0.023, E:0.144, F:0.018, F#:0.142, G:0.123, G#:0.018, A:0.115, A#:0.017, B:0.198"
84554,"C:0.019, C#:0.052, D:0.222, D#:0.035, E:0.129, F:0.023, F#:0.088, G:0.168, G#:0.030, A:0.098, A#:0.022, B:0.113"
84555,"C:0.027, C#:0.056, D:0.021, D#:0.063, E:0.315, F:0.036, F#:0.046, G:0.020, G#:0.103, A:0.150, A#:0.031, B:0.131"
84559,"C:0.025, C#:0.043, D:0.196, D#:0.034, E:0.098, F:0.031, F#:0.131, G:0.172, G#:0.041, A:0.081, A#:0.024, B:0.125"
84562,"C:0.100, C#:0.043, D:0.170, D#:0.042, E:0.152, F:0.046, F#:0.098, G:0.160, G#:0.036, A:0.079, A#:0.021, B:0.051"
84563,"C:0.042, C#:0.054, D:0.210, D#:0.025, E:0.061, F:0.015, F#:0.065, G:0.151, G#:0.039, A:0.149, A#:0.048, B:0.139"
84564,"C:0.021, C#:0.046, D:0.154, D#:0.033, E:0.193, F:0.023, F#:0.139, G:0.025, G#:0.023, A:0.137, A#:0.026, B:0.182"
84565,"C:0.024, C#:0.047, D:0.128, D#:0.019, E:0.116, F:0.018, F#:0.074, G:0.148, G#:0.032, A:0.159, A#:0.029, B:0.207"
84566,"C:0.028, C#:0.181, D:0.026, D#:0.057, E:0.246, F:0.019, F#:0.029, G:0.013, G#:0.090, A:0.138, A#:0.025, B:0.149"
84652,"C:0.083, C#:0.398, D:0.050, D#:0.061, E:0.043, F:0.101, F#:0.049, G:0.010, G#:0.027, A:0.016, A#:0.073, B:0.089"
84654,"C:0.043, C#:0.114, D:0.018, D#:0.079, E:0.055, F:0.024, F#:0.196, G:0.021, G#:0.160, A:0.019, A#:0.078, B:0.193"
84657,"C:0.014, C#:0.021, D:0.099, D#:0.048, E:0.017, F:0.038, F#:0.065, G:0.051, G#:0.060, A:0.319, A#:0.227, B:0.043"
84736,"C:0.124, C#:0.016, D:0.040, D#:0.015, E:0.217, F:0.016, F#:0.052, G:0.195, G#:0.015, A:0.152, A#:0.020, B:0.139"
84741,"C:0.106, C#:0.066, D:0.086, D#:0.068, E:0.203, F:0.138, F#:0.047, G:0.041, G#:0.041, A:0.099, A#:0.055, B:0.049"
84742,"C:0.122, C#:0.043, D:0.034, D#:0.025, E:0.056, F:0.107, F#:0.045, G:0.055, G#:0.063, A:0.137, A#:0.215, B:0.097"
84760,"C:0.020, C#:0.042, D:0.175, D#:0.039, E:0.075, F:0.028, F#:0.112, G:0.214, G#:0.052, A:0.189, A#:0.022, B:0.032"
84763,"C:0.074, C#:0.119, D:0.039, D#:0.029, E:0.049, F:0.099, F#:0.083, G:0.100, G#:0.083, A:0.123, A#:0.142, B:0.059"
84767,"C:0.071, C#:0.057, D:0.064, D#:0.074, E:0.068, F:0.059, F#:0.064, G:0.098, G#:0.150, A:0.157, A#:0.080, B:0.059"
84770,"C:0.039, C#:0.029, D:0.068, D#:0.292, E:0.044, F:0.039, F#:0.024, G:0.099, G#:0.153, A:0.052, A#:0.144, B:0.018"
84774,"C:0.071, C#:0.088, D:0.036, D#:0.028, E:0.053, F:0.063, F#:0.095, G:0.107, G#:0.139, A:0.126, A#:0.093, B:0.101"
84824,"C:0.105, C#:0.052, D:0.094, D#:0.032, E:0.032, F:0.050, F#:0.052, G:0.129, G#:0.111, A:0.146, A#:0.118, B:0.079"
84825,"C:0.067, C#:0.028, D:0.049, D#:0.050, E:0.187, F:0.062, F#:0.067, G:0.138, G#:0.071, A:0.122, A#:0.051, B:0.109"
84983,"C:0.100, C#:0.022, D:0.125, D#:0.034, E:0.097, F:0.085, F#:0.070, G:0.181, G#:0.038, A:0.075, A#:0.065, B:0.107"
84984,"C:0.104, C#:0.081, D:0.167, D#:0.044, E:0.330, F:0.027, F#:0.023, G:0.079, G#:0.011, A:0.057, A#:0.008, B:0.068"
84985,"C:0.031, C#:0.095, D:0.138, D#:0.022, E:0.072, F:0.019, F#:0.071, G:0.140, G#:0.038, A:0.190, A#:0.030, B:0.154"
84986,"C:0.035, C#:0.062, D:0.146, D#:0.028, E:0.194, F:0.030, F#:0.046, G:0.094, G#:0.047, A:0.186, A#:0.047, B:0.085"
84987,"C:0.168, C#:0.113, D:0.180, D#:0.088, E:0.101, F:0.055, F#:0.037, G:0.043, G#:0.034, A:0.051, A#:0.037, B:0.093"
84988,"C:0.051, C#:0.018, D:0.028, D#:0.017, E:0.055, F:0.040, F#:0.086, G:0.229, G#:0.107, A:0.257, A#:0.067, B:0.045"
84989,"C:0.047, C#:0.043, D:0.084, D#:0.045, E:0.100, F:0.052, F#:0.098, G:0.267, G#:0.068, A:0.060, A#:0.055, B:0.080"
84990,"C:0.310, C#:0.016, D:0.115, D#:0.009, E:0.064, F:0.110, F#:0.015, G:0.200, G#:0.015, A:0.085, A#:0.012, B:0.049"
84991,"C:0.066, C#:0.088, D:0.074, D#:0.050, E:0.109, F:0.066, F#:0.073, G:0.081, G#:0.057, A:0.120, A#:0.124, B:0.092"
84992,"C:0.090, C#:0.049, D:0.059, D#:0.016, E:0.103, F:0.017, F#:0.019, G:0.046, G#:0.058, A:0.367, A#:0.059, B:0.115"
85024,"C:0.035, C#:0.078, D:0.145, D#:0.024, E:0.073, F:0.015, F#:0.082, G:0.036, G#:0.035, A:0.205, A#:0.046, B:0.225"
85289,"C:0.112, C#:0.025, D:0.259, D#:0.028, E:0.095, F:0.109, F#:0.017, G:0.045, G#:0.023, A:0.068, A#:0.169, B:0.050"
85291,"C:0.031, C#:0.038, D:0.261, D#:0.040, E:0.028, F:0.052, F#:0.043, G:0.187, G#:0.044, A:0.039, A#:0.198, B:0.038"
85319,"C:0.028, C#:0.109, D:0.064, D#:0.036, E:0.114, F:0.038, F#:0.126, G:0.087, G#:0.063, A:0.129, A#:0.049, B:0.158"
85320,"C:0.040, C#:0.050, D:0.058, D#:0.037, E:0.084, F:0.069, F#:0.171, G:0.084, G#:0.062, A:0.150, A#:0.070, B:0.125"
85321,"C:0.031, C#:0.111, D:0.090, D#:0.045, E:0.097, F:0.051, F#:0.105, G:0.087, G#:0.112, A:0.125, A#:0.056, B:0.090"
85322,"C:0.045, C#:0.073, D:0.029, D#:0.046, E:0.061, F:0.026, F#:0.046, G:0.053, G#:0.129, A:0.261, A#:0.072, B:0.160"
85323,"C:0.023, C#:0.111, D:0.022, D#:0.093, E:0.020, F:0.182, F#:0.237, G:0.023, G#:0.051, A:0.018, A#:0.095, B:0.124"
85325,"C:0.071, C#:0.061, D:0.119, D#:0.088, E:0.048, F:0.063, F#:0.063, G:0.128, G#:0.068, A:0.110, A#:0.134, B:0.048"
85327,"C:0.134, C#:0.038, D:0.101, D#:0.038, E:0.137, F:0.058, F#:0.031, G:0.078, G#:0.069, A:0.200, A#:0.036, B:0.081"
85329,"C:0.042, C#:0.098, D:0.250, D#:0.076, E:0.035, F:0.052, F#:0.099, G:0.125, G#:0.054, A:0.077, A#:0.032, B:0.060"
85330,"C:0.037, C#:0.040, D:0.071, D#:0.095, E:0.221, F:0.071, F#:0.057, G:0.042, G#:0.073, A:0.146, A#:0.051, B:0.096"
85331,"C:0.033, C#:0.061, D:0.019, D#:0.079, E:0.113, F:0.158, F#:0.141, G:0.041, G#:0.085, A:0.051, A#:0.072, B:0.148"
85332,"C:0.039, C#:0.075, D:0.097, D#:0.053, E:0.112, F:0.056, F#:0.125, G:0.123, G#:0.047, A:0.057, A#:0.046, B:0.169"
85333,"C:0.022, C#:0.040, D:0.116, D#:0.067, E:0.090, F:0.152, F#:0.105, G:0.121, G#:0.049, A:0.124, A#:0.064, B:0.050"
85334,"C:0.025, C#:0.181, D:0.196, D#:0.015, E:0.013, F:0.041, F#:0.212, G:0.069, G#:0.043, A:0.112, A#:0.029, B:0.065"
85335,"C:0.118, C#:0.044, D:0.042, D#:0.168, E:0.057, F:0.098, F#:0.047, G:0.137, G#:0.172, A:0.043, A#:0.049, B:0.027"
85337,"C:0.131, C#:0.068, D:0.089, D#:0.059, E:0.163, F:0.110, F#:0.051, G:0.040, G#:0.040, A:0.124, A#:0.039, B:0.088"
85338,"C:0.089, C#:0.045, D:0.095, D#:0.070, E:0.158, F:0.074, F#:0.040, G:0.072, G#:0.058, A:0.126, A#:0.058, B:0.114"
85339,"C:0.046, C#:0.024, D:0.145, D#:0.038, E:0.084, F:0.095, F#:0.116, G:0.139, G#:0.056, A:0.158, A#:0.049, B:0.051"
85340,"C:0.190, C#:0.023, D:0.083, D#:0.019, E:0.216, F:0.182, F#:0.025, G:0.074, G#:0.022, A:0.109, A#:0.018, B:0.039"
85388,"C:0.183, C#:0.061, D:0.086, D#:0.038, E:0.156, F:0.040, F#:0.043, G:0.153, G#:0.047, A:0.098, A#:0.029, B:0.067"
85424,"C:0.025, C#:0.058, D:0.156, D#:0.038, E:0.094, F:0.059, F#:0.153, G:0.123, G#:0.059, A:0.161, A#:0.034, B:0.039"
85476,"C:0.032, C#:0.004, D:0.005, D#:0.017, E:0.013, F:0.224, F#:0.063, G:0.023, G#:0.242, A:0.074, A#:0.236, B:0.067"
85477,"C:0.055, C#:0.013, D:0.005, D#:0.013, E:0.068, F:0.575, F#:0.074, G:0.017, G#:0.014, A:0.051, A#:0.091, B:0.024"
85479,"C:0.103, C#:0.012, D:0.012, D#:0.024, E:0.045, F:0.594, F#:0.070, G:0.029, G#:0.060, A:0.018, A#:0.016, B:0.017"
85480,"C:0.114, C#:0.034, D:0.013, D#:0.037, E:0.152, F:0.131, F#:0.067, G:0.025, G#:0.035, A:0.304, A#:0.033, B:0.056"
85481,"C:0.053, C#:0.081, D:0.052, D#:0.112, E:0.066, F:0.139, F#:0.046, G:0.041, G#:0.142, A:0.088, A#:0.140, B:0.039"
85482,"C:0.216, C#:0.062, D:0.215, D#:0.030, E:0.106, F:0.020, F#:0.072, G:0.115, G#:0.017, A:0.037, A#:0.020, B:0.090"
85483,"C:0.028, C#:0.068, D:0.327, D#:0.052, E:0.059, F:0.021, F#:0.075, G:0.091, G#:0.035, A:0.138, A#:0.035, B:0.071"
85484,"C:0.020, C#:0.073, D:0.200, D#:0.036, E:0.102, F:0.026, F#:0.124, G:0.053, G#:0.028, A:0.207, A#:0.030, B:0.101"
85485,"C:0.017, C#:0.065, D:0.095, D#:0.038, E:0.152, F:0.035, F#:0.159, G:0.028, G#:0.077, A:0.253, A#:0.045, B:0.036"
85486,"C:0.011, C#:0.009, D:0.124, D#:0.012, E:0.052, F:0.019, F#:0.126, G:0.399, G#:0.068, A:0.074, A#:0.020, B:0.086"
85487,"C:0.027, C#:0.072, D:0.018, D#:0.030, E:0.077, F:0.064, F#:0.165, G:0.123, G#:0.122, A:0.079, A#:0.065, B:0.159"
85488,"C:0.022, C#:0.025, D:0.113, D#:0.215, E:0.034, F:0.087, F#:0.035, G:0.136, G#:0.113, A:0.029, A#:0.166, B:0.025"
85489,"C:0.161, C#:0.033, D:0.165, D#:0.033, E:0.067, F:0.252, F#:0.037, G:0.031, G#:0.025, A:0.104, A#:0.067, B:0.024"
85490,"C:0.012, C#:0.062, D:0.350, D#:0.041, E:0.049, F:0.016, F#:0.119, G:0.023, G#:0.028, A:0.238, A#:0.046, B:0.015"
85491,"C:0.030, C#:0.194, D:0.020, D#:0.009, E:0.015, F:0.083, F#:0.355, G:0.049, G#:0.055, A:0.027, A#:0.120, B:0.044"
85492,"C:0.024, C#:0.082, D:0.021, D#:0.119, E:0.021, F:0.035, F#:0.187, G:0.042, G#:0.135, A:0.023, A#:0.131, B:0.181"
85536,"C:0.108, C#:0.058, D:0.242, D#:0.034, E:0.120, F:0.024, F#:0.078, G:0.141, G#:0.019, A:0.047, A#:0.024, B:0.104"
85537,"C:0.210, C#:0.028, D:0.110, D#:0.032, E:0.146, F:0.152, F#:0.039, G:0.123, G#:0.019, A:0.080, A#:0.010, B:0.050"
85538,"C:0.085, C#:0.049, D:0.139, D#:0.041, E:0.082, F:0.111, F#:0.056, G:0.148, G#:0.063, A:0.145, A#:0.028, B:0.053"
85592,"C:0.177, C#:0.086, D:0.152, D#:0.127, E:0.043, F:0.078, F#:0.046, G:0.157, G#:0.023, A:0.045, A#:0.040, B:0.026"
85594,"C:0.058, C#:0.094, D:0.089, D#:0.132, E:0.081, F:0.093, F#:0.084, G:0.065, G#:0.089, A:0.069, A#:0.094, B:0.051"
85595,"C:0.168, C#:0.096, D:0.145, D#:0.143, E:0.044, F:0.072, F#:0.040, G:0.158, G#:0.030, A:0.043, A#:0.043, B:0.019"
85597,"C:0.031, C#:0.023, D:0.033, D#:0.027, E:0.045, F:0.158, F#:0.322, G:0.141, G#:0.036, A:0.030, A#:0.049, B:0.103"
85599,"C:0.050, C#:0.043, D:0.277, D#:0.030, E:0.019, F:0.080, F#:0.028, G:0.354, G#:0.039, A:0.015, A#:0.046, B:0.018"
85600,"C:0.104, C#:0.080, D:0.068, D#:0.095, E:0.102, F:0.114, F#:0.071, G:0.066, G#:0.058, A:0.056, A#:0.107, B:0.079"
85602,"C:0.133, C#:0.050, D:0.062, D#:0.132, E:0.042, F:0.078, F#:0.033, G:0.054, G#:0.085, A:0.082, A#:0.177, B:0.074"
85697,"C:0.332, C#:0.016, D:0.044, D#:0.013, E:0.030, F:0.030, F#:0.120, G:0.151, G#:0.041, A:0.102, A#:0.023, B:0.097"
85698,"C:0.159, C#:0.040, D:0.087, D#:0.016, E:0.027, F:0.028, F#:0.156, G:0.205, G#:0.033, A:0.044, A#:0.032, B:0.173"
85757,"C:0.044, C#:0.043, D:0.243, D#:0.117, E:0.028, F:0.025, F#:0.076, G:0.261, G#:0.060, A:0.039, A#:0.035, B:0.029"
85767,"C:0.261, C#:0.054, D:0.200, D#:0.029, E:0.025, F:0.251, F#:0.030, G:0.055, G#:0.010, A:0.060, A#:0.011, B:0.014"
85768,"C:0.191, C#:0.043, D:0.066, D#:0.084, E:0.035, F:0.071, F#:0.063, G:0.213, G#:0.066, A:0.026, A#:0.088, B:0.053"
85771,"C:0.048, C#:0.067, D:0.055, D#:0.059, E:0.104, F:0.043, F#:0.083, G:0.076, G#:0.108, A:0.139, A#:0.094, B:0.124"
85777,"C:0.041, C#:0.022, D:0.105, D#:0.053, E:0.030, F:0.104, F#:0.037, G:0.207, G#:0.056, A:0.157, A#:0.132, B:0.055"
85787,"C:0.026, C#:0.037, D:0.070, D#:0.076, E:0.148, F:0.080, F#:0.133, G:0.164, G#:0.077, A:0.102, A#:0.036, B:0.050"
85788,"C:0.204, C#:0.075, D:0.085, D#:0.049, E:0.062, F:0.051, F#:0.073, G:0.145, G#:0.058, A:0.054, A#:0.047, B:0.097"
85789,"C:0.062, C#:0.104, D:0.183, D#:0.097, E:0.075, F:0.083, F#:0.096, G:0.048, G#:0.064, A:0.081, A#:0.050, B:0.058"
85826,"C:0.172, C#:0.135, D:0.031, D#:0.090, E:0.024, F:0.162, F#:0.037, G:0.034, G#:0.042, A:0.132, A#:0.118, B:0.023"
85827,"C:0.173, C#:0.131, D:0.030, D#:0.050, E:0.038, F:0.240, F#:0.038, G:0.056, G#:0.064, A:0.019, A#:0.124, B:0.037"
85834,"C:0.071, C#:0.114, D:0.094, D#:0.102, E:0.064, F:0.059, F#:0.117, G:0.125, G#:0.101, A:0.069, A#:0.042, B:0.042"
85916,"C:0.082, C#:0.009, D:0.053, D#:0.014, E:0.143, F:0.093, F#:0.030, G:0.234, G#:0.035, A:0.180, A#:0.024, B:0.103"
85918,"C:0.120, C#:0.084, D:0.027, D#:0.169, E:0.030, F:0.160, F#:0.021, G:0.082, G#:0.192, A:0.029, A#:0.060, B:0.025"
85919,"C:0.013, C#:0.113, D:0.255, D#:0.014, E:0.081, F:0.115, F#:0.037, G:0.064, G#:0.027, A:0.210, A#:0.061, B:0.011"
85920,"C:0.269, C#:0.013, D:0.080, D#:0.106, E:0.009, F:0.048, F#:0.019, G:0.331, G#:0.044, A:0.014, A#:0.020, B:0.047"
85921,"C:0.075, C#:0.016, D:0.214, D#:0.015, E:0.185, F:0.181, F#:0.012, G:0.089, G#:0.010, A:0.102, A#:0.081, B:0.021"
85934,"C:0.108, C#:0.136, D:0.104, D#:0.045, E:0.042, F:0.099, F#:0.060, G:0.110, G#:0.106, A:0.050, A#:0.084, B:0.055"
85937,"C:0.113, C#:0.125, D:0.083, D#:0.025, E:0.059, F:0.044, F#:0.169, G:0.065, G#:0.050, A:0.055, A#:0.075, B:0.136"
85940,"C:0.032, C#:0.110, D:0.475, D#:0.064, E:0.047, F:0.014, F#:0.047, G:0.011, G#:0.019, A:0.147, A#:0.018, B:0.018"
85942,"C:0.034, C#:0.084, D:0.302, D#:0.077, E:0.058, F:0.053, F#:0.101, G:0.043, G#:0.036, A:0.125, A#:0.046, B:0.043"
85966,"C:0.039, C#:0.141, D:0.075, D#:0.117, E:0.206, F:0.037, F#:0.099, G:0.026, G#:0.037, A:0.113, A#:0.043, B:0.066"
86148,"C:0.028, C#:0.083, D:0.130, D#:0.034, E:0.098, F:0.051, F#:0.116, G:0.038, G#:0.083, A:0.202, A#:0.053, B:0.084"
86149,"C:0.059, C#:0.096, D:0.045, D#:0.090, E:0.107, F:0.074, F#:0.052, G:0.066, G#:0.204, A:0.057, A#:0.051, B:0.099"
86150,"C:0.097, C#:0.044, D:0.212, D#:0.057, E:0.052, F:0.149, F#:0.032, G:0.054, G#:0.035, A:0.157, A#:0.083, B:0.029"
86151,"C:0.203, C#:0.056, D:0.075, D#:0.027, E:0.055, F:0.229, F#:0.067, G:0.053, G#:0.019, A:0.059, A#:0.109, B:0.048"
86262,"C:0.060, C#:0.083, D:0.108, D#:0.074, E:0.050, F:0.061, F#:0.067, G:0.140, G#:0.085, A:0.096, A#:0.116, B:0.061"
86264,"C:0.200, C#:0.037, D:0.027, D#:0.020, E:0.163, F:0.085, F#:0.024, G:0.213, G#:0.053, A:0.089, A#:0.024, B:0.065"
86265,"C:0.141, C#:0.057, D:0.127, D#:0.042, E:0.053, F:0.172, F#:0.040, G:0.190, G#:0.031, A:0.063, A#:0.032, B:0.051"
86266,"C:0.156, C#:0.075, D:0.066, D#:0.053, E:0.081, F:0.084, F#:0.050, G:0.076, G#:0.069, A:0.111, A#:0.089, B:0.090"
86268,"C:0.198, C#:0.070, D:0.045, D#:0.030, E:0.170, F:0.095, F#:0.037, G:0.171, G#:0.040, A:0.050, A#:0.018, B:0.076"
86269,"C:0.213, C#:0.063, D:0.054, D#:0.051, E:0.130, F:0.085, F#:0.043, G:0.093, G#:0.036, A:0.036, A#:0.047, B:0.151"
86270,"C:0.247, C#:0.054, D:0.052, D#:0.029, E:0.115, F:0.081, F#:0.044, G:0.145, G#:0.048, A:0.071, A#:0.032, B:0.081"
86271,"C:0.222, C#:0.044, D:0.070, D#:0.024, E:0.051, F:0.100, F#:0.049, G:0.163, G#:0.050, A:0.116, A#:0.037, B:0.074"
86272,"C:0.146, C#:0.048, D:0.037, D#:0.035, E:0.109, F:0.084, F#:0.073, G:0.126, G#:0.096, A:0.119, A#:0.074, B:0.053"
86273,"C:0.041, C#:0.098, D:0.064, D#:0.111, E:0.074, F:0.072, F#:0.135, G:0.121, G#:0.106, A:0.065, A#:0.082, B:0.031"
86274,"C:0.076, C#:0.065, D:0.069, D#:0.063, E:0.108, F:0.089, F#:0.118, G:0.100, G#:0.081, A:0.099, A#:0.061, B:0.071"
86278,"C:0.115, C#:0.072, D:0.072, D#:0.058, E:0.096, F:0.083, F#:0.081, G:0.100, G#:0.088, A:0.093, A#:0.066, B:0.076"
86281,"C:0.201, C#:0.050, D:0.092, D#:0.038, E:0.086, F:0.057, F#:0.043, G:0.125, G#:0.062, A:0.108, A#:0.048, B:0.089"
86283,"C:0.041, C#:0.203, D:0.027, D#:0.018, E:0.019, F:0.156, F#:0.134, G:0.051, G#:0.126, A:0.056, A#:0.130, B:0.039"
86284,"C:0.017, C#:0.091, D:0.181, D#:0.027, E:0.109, F:0.024, F#:0.107, G:0.107, G#:0.050, A:0.190, A#:0.028, B:0.069"
86285,"C:0.174, C#:0.057, D:0.066, D#:0.025, E:0.038, F:0.043, F#:0.032, G:0.124, G#:0.056, A:0.143, A#:0.065, B:0.177"
86420,"C:0.056, C#:0.026, D:0.043, D#:0.039, E:0.083, F:0.149, F#:0.105, G:0.183, G#:0.104, A:0.112, A#:0.049, B:0.051"
86462,"C:0.071, C#:0.021, D:0.052, D#:0.026, E:0.049, F:0.040, F#:0.044, G:0.067, G#:0.081, A:0.349, A#:0.088, B:0.111"
86465,"C:0.032, C#:0.063, D:0.073, D#:0.070, E:0.203, F:0.040, F#:0.072, G:0.033, G#:0.155, A:0.064, A#:0.033, B:0.162"
86471,"C:0.040, C#:0.019, D:0.138, D#:0.183, E:0.049, F:0.123, F#:0.062, G:0.252, G#:0.048, A:0.034, A#:0.045, B:0.007"
86472,"C:0.158, C#:0.097, D:0.018, D#:0.045, E:0.027, F:0.338, F#:0.057, G:0.013, G#:0.005, A:0.014, A#:0.192, B:0.036"
86473,"C:0.331, C#:0.030, D:0.017, D#:0.038, E:0.038, F:0.295, F#:0.028, G:0.032, G#:0.056, A:0.020, A#:0.072, B:0.041"
86474,"C:0.015, C#:0.075, D:0.164, D#:0.020, E:0.113, F:0.015, F#:0.105, G:0.146, G#:0.030, A:0.100, A#:0.017, B:0.199"
86476,"C:0.048, C#:0.351, D:0.031, D#:0.011, E:0.023, F:0.009, F#:0.045, G:0.021, G#:0.136, A:0.153, A#:0.033, B:0.139"
86479,"C:0.006, C#:0.009, D:0.072, D#:0.193, E:0.018, F:0.034, F#:0.032, G:0.471, G#:0.023, A:0.046, A#:0.087, B:0.009"
86480,"C:0.021, C#:0.037, D:0.119, D#:0.026, E:0.155, F:0.022, F#:0.101, G:0.159, G#:0.021, A:0.070, A#:0.021, B:0.248"
86481,"C:0.247, C#:0.022, D:0.167, D#:0.026, E:0.215, F:0.061, F#:0.022, G:0.103, G#:0.024, A:0.021, A#:0.011, B:0.080"
86482,"C:0.070, C#:0.009, D:0.012, D#:0.169, E:0.010, F:0.171, F#:0.008, G:0.159, G#:0.121, A:0.014, A#:0.247, B:0.011"
86483,"C:0.015, C#:0.198, D:0.018, D#:0.176, E:0.010, F:0.013, F#:0.204, G:0.027, G#:0.096, A:0.011, A#:0.158, B:0.075"
86484,"C:0.122, C#:0.042, D:0.016, D#:0.138, E:0.024, F:0.336, F#:0.017, G:0.052, G#:0.149, A:0.015, A#:0.074, B:0.014"
86485,"C:0.056, C#:0.013, D:0.128, D#:0.009, E:0.083, F:0.009, F#:0.076, G:0.338, G#:0.023, A:0.167, A#:0.012, B:0.085"
86486,"C:0.019, C#:0.081, D:0.007, D#:0.015, E:0.291, F:0.013, F#:0.085, G:0.013, G#:0.091, A:0.125, A#:0.021, B:0.240"
86487,"C:0.059, C#:0.018, D:0.166, D#:0.249, E:0.023, F:0.084, F#:0.022, G:0.139, G#:0.051, A:0.025, A#:0.149, B:0.014"
86561,"C:0.043, C#:0.078, D:0.104, D#:0.064, E:0.093, F:0.042, F#:0.018, G:0.028, G#:0.103, A:0.299, A#:0.086, B:0.042"
86562,"C:0.103, C#:0.086, D:0.304, D#:0.117, E:0.055, F:0.021, F#:0.014, G:0.021, G#:0.024, A:0.073, A#:0.107, B:0.077"
86566,"C:0.074, C#:0.047, D:0.249, D#:0.061, E:0.028, F:0.017, F#:0.015, G:0.015, G#:0.018, A:0.151, A#:0.071, B:0.256"
86582,"C:0.017, C#:0.182, D:0.011, D#:0.042, E:0.176, F:0.014, F#:0.082, G:0.016, G#:0.285, A:0.106, A#:0.009, B:0.060"
86634,"C:0.123, C#:0.056, D:0.037, D#:0.032, E:0.059, F:0.068, F#:0.046, G:0.072, G#:0.095, A:0.214, A#:0.116, B:0.082"
86678,"C:0.123, C#:0.069, D:0.050, D#:0.041, E:0.051, F:0.032, F#:0.046, G:0.067, G#:0.065, A:0.072, A#:0.161, B:0.223"
86788,"C:0.272, C#:0.134, D:0.091, D#:0.054, E:0.045, F:0.053, F#:0.048, G:0.076, G#:0.044, A:0.035, A#:0.051, B:0.096"
86795,"C:0.020, C#:0.077, D:0.337, D#:0.037, E:0.094, F:0.018, F#:0.100, G:0.071, G#:0.034, A:0.130, A#:0.028, B:0.053"
86797,"C:0.030, C#:0.062, D:0.180, D#:0.384, E:0.108, F:0.056, F#:0.050, G:0.025, G#:0.016, A:0.017, A#:0.048, B:0.024"
86799,"C:0.181, C#:0.041, D:0.051, D#:0.058, E:0.265, F:0.047, F#:0.029, G:0.078, G#:0.034, A:0.078, A#:0.030, B:0.109"
86901,"C:0.073, C#:0.094, D:0.083, D#:0.124, E:0.130, F:0.092, F#:0.099, G:0.047, G#:0.061, A:0.039, A#:0.063, B:0.095"
86904,"C:0.243, C#:0.058, D:0.042, D#:0.112, E:0.034, F:0.064, F#:0.056, G:0.139, G#:0.090, A:0.046, A#:0.050, B:0.067"
86910,"C:0.575, C#:0.079, D:0.045, D#:0.019, E:0.063, F:0.011, F#:0.011, G:0.070, G#:0.022, A:0.026, A#:0.021, B:0.057"
86980,"C:0.067, C#:0.090, D:0.063, D#:0.234, E:0.035, F:0.018, F#:0.041, G:0.024, G#:0.122, A:0.033, A#:0.120, B:0.153"
87002,"C:0.097, C#:0.099, D:0.160, D#:0.059, E:0.071, F:0.039, F#:0.073, G:0.118, G#:0.050, A:0.070, A#:0.073, B:0.090"
87019,"C:0.052, C#:0.111, D:0.070, D#:0.105, E:0.156, F:0.096, F#:0.122, G:0.055, G#:0.036, A:0.055, A#:0.057, B:0.086"
87096,"C:0.013, C#:0.104, D:0.062, D#:0.027, E:0.207, F:0.084, F#:0.185, G:0.064, G#:0.029, A:0.145, A#:0.052, B:0.028"
87098,"C:0.073, C#:0.063, D:0.116, D#:0.045, E:0.094, F:0.032, F#:0.118, G:0.095, G#:0.044, A:0.098, A#:0.040, B:0.182"
87099,"C:0.069, C#:0.030, D:0.070, D#:0.166, E:0.047, F:0.106, F#:0.038, G:0.173, G#:0.060, A:0.017, A#:0.167, B:0.057"
87100,"C:0.160, C#:0.228, D:0.026, D#:0.047, E:0.057, F:0.145, F#:0.013, G:0.049, G#:0.096, A:0.045, A#:0.102, B:0.032"
87103,"C:0.022, C#:0.234, D:0.083, D#:0.018, E:0.111, F:0.052, F#:0.113, G:0.019, G#:0.080, A:0.135, A#:0.014, B:0.121"
87107,"C:0.040, C#:0.119, D:0.178, D#:0.060, E:0.036, F:0.021, F#:0.200, G:0.083, G#:0.013, A:0.103, A#:0.043, B:0.104"
87114,"C:0.074, C#:0.031, D:0.077, D#:0.058, E:0.057, F:0.082, F#:0.077, G:0.160, G#:0.075, A:0.170, A#:0.100, B:0.040"
87115,"C:0.157, C#:0.042, D:0.071, D#:0.040, E:0.100, F:0.061, F#:0.049, G:0.132, G#:0.087, A:0.122, A#:0.088, B:0.050"
87116,"C:0.071, C#:0.041, D:0.140, D#:0.112, E:0.095, F:0.082, F#:0.040, G:0.086, G#:0.039, A:0.159, A#:0.089, B:0.047"
87122,"C:0.040, C#:0.033, D:0.036, D#:0.099, E:0.253, F:0.084, F#:0.045, G:0.037, G#:0.086, A:0.120, A#:0.072, B:0.095"
87123,"C:0.285, C#:0.063, D:0.060, D#:0.029, E:0.054, F:0.107, F#:0.043, G:0.123, G#:0.047, A:0.081, A#:0.034, B:0.074"
87157,"C:0.224, C#:0.014, D:0.029, D#:0.213, E:0.019, F:0.061, F#:0.014, G:0.134, G#:0.123, A:0.013, A#:0.140, B:0.016"
87158,"C:0.117, C#:0.055, D:0.070, D#:0.121, E:0.077, F:0.117, F#:0.097, G:0.079, G#:0.063, A:0.053, A#:0.065, B:0.086"
87159,"C:0.120, C#:0.039, D:0.035, D#:0.077, E:0.048, F:0.111, F#:0.050, G:0.057, G#:0.101, A:0.134, A#:0.142, B:0.086"
87185,"C:0.067, C#:0.094, D:0.021, D#:0.029, E:0.052, F:0.034, F#:0.130, G:0.057, G#:0.166, A:0.174, A#:0.065, B:0.112"
87186,"C:0.156, C#:0.039, D:0.073, D#:0.030, E:0.052, F:0.119, F#:0.077, G:0.191, G#:0.054, A:0.052, A#:0.033, B:0.123"
87187,"C:0.012, C#:0.024, D:0.016, D#:0.082, E:0.257, F:0.023, F#:0.022, G:0.023, G#:0.164, A:0.252, A#:0.038, B:0.087"
87188,"C:0.007, C#:0.072, D:0.014, D#:0.018, E:0.025, F:0.077, F#:0.506, G:0.116, G#:0.064, A:0.017, A#:0.076, B:0.008"
87189,"C:0.018, C#:0.075, D:0.354, D#:0.033, E:0.142, F:0.009, F#:0.042, G:0.016, G#:0.027, A:0.254, A#:0.017, B:0.013"
87190,"C:0.041, C#:0.021, D:0.110, D#:0.021, E:0.041, F:0.054, F#:0.159, G:0.296, G#:0.073, A:0.100, A#:0.071, B:0.014"
87191,"C:0.357, C#:0.031, D:0.019, D#:0.014, E:0.092, F:0.103, F#:0.040, G:0.183, G#:0.030, A:0.066, A#:0.019, B:0.047"
87192,"C:0.038, C#:0.062, D:0.023, D#:0.054, E:0.135, F:0.056, F#:0.130, G:0.049, G#:0.162, A:0.112, A#:0.052, B:0.127"
87193,"C:0.210, C#:0.025, D:0.017, D#:0.013, E:0.203, F:0.020, F#:0.013, G:0.140, G#:0.040, A:0.248, A#:0.041, B:0.031"
87194,"C:0.084, C#:0.021, D:0.164, D#:0.015, E:0.035, F:0.090, F#:0.070, G:0.331, G#:0.067, A:0.084, A#:0.012, B:0.026"
87220,"C:0.076, C#:0.048, D:0.074, D#:0.144, E:0.052, F:0.062, F#:0.053, G:0.175, G#:0.086, A:0.057, A#:0.105, B:0.068"
87221,"C:0.070, C#:0.072, D:0.102, D#:0.071, E:0.181, F:0.052, F#:0.062, G:0.109, G#:0.058, A:0.078, A#:0.044, B:0.101"
87225,"C:0.125, C#:0.106, D:0.131, D#:0.085, E:0.056, F:0.066, F#:0.058, G:0.074, G#:0.071, A:0.058, A#:0.091, B:0.079"
87235,"C:0.081, C#:0.057, D:0.135, D#:0.073, E:0.067, F:0.055, F#:0.063, G:0.140, G#:0.070, A:0.074, A#:0.116, B:0.069"
87236,"C:0.102, C#:0.135, D:0.040, D#:0.064, E:0.039, F:0.136, F#:0.065, G:0.054, G#:0.114, A:0.057, A#:0.152, B:0.042"
87237,"C:0.054, C#:0.091, D:0.080, D#:0.093, E:0.070, F:0.165, F#:0.057, G:0.033, G#:0.067, A:0.050, A#:0.191, B:0.047"
87258,"C:0.020, C#:0.196, D:0.099, D#:0.028, E:0.098, F:0.040, F#:0.290, G:0.031, G#:0.017, A:0.162, A#:0.011, B:0.008"
87260,"C:0.041, C#:0.409, D:0.035, D#:0.066, E:0.038, F:0.013, F#:0.018, G:0.017, G#:0.107, A:0.025, A#:0.059, B:0.172"
87261,"C:0.050, C#:0.067, D:0.034, D#:0.016, E:0.013, F:0.019, F#:0.247, G:0.027, G#:0.037, A:0.080, A#:0.056, B:0.355"
87262,"C:0.029, C#:0.186, D:0.459, D#:0.206, E:0.047, F:0.022, F#:0.007, G:0.005, G#:0.018, A:0.006, A#:0.007, B:0.009"
87275,"C:0.011, C#:0.028, D:0.303, D#:0.011, E:0.076, F:0.051, F#:0.015, G:0.061, G#:0.019, A:0.318, A#:0.096, B:0.010"
87359,"C:0.066, C#:0.138, D:0.176, D#:0.064, E:0.116, F:0.052, F#:0.061, G:0.054, G#:0.064, A:0.099, A#:0.044, B:0.067"
87361,"C:0.105, C#:0.082, D:0.100, D#:0.088, E:0.177, F:0.158, F#:0.058, G:0.041, G#:0.036, A:0.021, A#:0.029, B:0.105"
87372,"C:0.015, C#:0.016, D:0.011, D#:0.133, E:0.257, F:0.021, F#:0.117, G:0.015, G#:0.143, A:0.008, A#:0.019, B:0.245"
87373,"C:0.018, C#:0.071, D:0.333, D#:0.031, E:0.075, F:0.014, F#:0.087, G:0.011, G#:0.064, A:0.207, A#:0.020, B:0.071"
87374,"C:0.012, C#:0.004, D:0.002, D#:0.018, E:0.345, F:0.115, F#:0.005, G:0.008, G#:0.058, A:0.308, A#:0.088, B:0.039"
87407,"C:0.051, C#:0.110, D:0.032, D#:0.054, E:0.098, F:0.043, F#:0.154, G:0.051, G#:0.086, A:0.036, A#:0.059, B:0.227"
87408,"C:0.104, C#:0.115, D:0.030, D#:0.121, E:0.025, F:0.080, F#:0.034, G:0.102, G#:0.297, A:0.035, A#:0.039, B:0.018"
87409,"C:0.091, C#:0.067, D:0.019, D#:0.207, E:0.022, F:0.012, F#:0.011, G:0.040, G#:0.465, A:0.039, A#:0.017, B:0.008"
87547,"C:0.176, C#:0.028, D:0.111, D#:0.017, E:0.044, F:0.317, F#:0.038, G:0.048, G#:0.022, A:0.035, A#:0.129, B:0.033"
87562,"C:0.215, C#:0.024, D:0.028, D#:0.038, E:0.142, F:0.105, F#:0.086, G:0.183, G#:0.076, A:0.053, A#:0.017, B:0.033"
87563,"C:0.146, C#:0.111, D:0.077, D#:0.064, E:0.067, F:0.098, F#:0.056, G:0.072, G#:0.053, A:0.055, A#:0.119, B:0.081"
87568,"C:0.047, C#:0.060, D:0.099, D#:0.111, E:0.114, F:0.112, F#:0.076, G:0.048, G#:0.064, A:0.077, A#:0.122, B:0.071"
87572,"C:0.074, C#:0.057, D:0.079, D#:0.050, E:0.111, F:0.082, F#:0.054, G:0.102, G#:0.113, A:0.133, A#:0.060, B:0.086"
87575,"C:0.067, C#:0.053, D:0.063, D#:0.145, E:0.066, F:0.090, F#:0.079, G:0.051, G#:0.068, A:0.063, A#:0.177, B:0.079"
87576,"C:0.057, C#:0.051, D:0.099, D#:0.078, E:0.116, F:0.092, F#:0.052, G:0.058, G#:0.088, A:0.184, A#:0.072, B:0.051"
87794,"C:0.078, C#:0.036, D:0.105, D#:0.062, E:0.115, F:0.207, F#:0.061, G:0.036, G#:0.029, A:0.118, A#:0.116, B:0.036"
87795,"C:0.060, C#:0.107, D:0.052, D#:0.054, E:0.032, F:0.074, F#:0.029, G:0.028, G#:0.157, A:0.118, A#:0.203, B:0.086"
87798,"C:0.016, C#:0.030, D:0.055, D#:0.067, E:0.047, F:0.084, F#:0.067, G:0.191, G#:0.221, A:0.076, A#:0.106, B:0.040"
87940,"C:0.237, C#:0.076, D:0.053, D#:0.026, E:0.046, F:0.050, F#:0.040, G:0.092, G#:0.071, A:0.171, A#:0.062, B:0.078"
87944,"C:0.054, C#:0.197, D:0.058, D#:0.082, E:0.277, F:0.037, F#:0.062, G:0.012, G#:0.044, A:0.018, A#:0.039, B:0.119"
88114,"C:0.062, C#:0.368, D:0.144, D#:0.053, E:0.026, F:0.025, F#:0.027, G:0.030, G#:0.181, A:0.064, A#:0.013, B:0.008"
88433,"C:0.007, C#:0.007, D:0.104, D#:0.012, E:0.021, F:0.346, F#:0.032, G:0.188, G#:0.062, A:0.099, A#:0.113, B:0.009"
88434,"C:0.011, C#:0.239, D:0.009, D#:0.008, E:0.006, F:0.048, F#:0.257, G:0.029, G#:0.355, A:0.025, A#:0.004, B:0.009"
88812,"C:0.197, C#:0.061, D:0.043, D#:0.094, E:0.054, F:0.088, F#:0.072, G:0.151, G#:0.075, A:0.043, A#:0.095, B:0.027"
88846,"C:0.104, C#:0.117, D:0.100, D#:0.074, E:0.137, F:0.067, F#:0.063, G:0.078, G#:0.049, A:0.051, A#:0.050, B:0.110"
88848,"C:0.143, C#:0.023, D:0.122, D#:0.033, E:0.090, F:0.195, F#:0.018, G:0.036, G#:0.024, A:0.155, A#:0.131, B:0.030"
88854,"C:0.140, C#:0.094, D:0.036, D#:0.067, E:0.053, F:0.190, F#:0.093, G:0.047, G#:0.061, A:0.052, A#:0.103, B:0.064"
88856,"C:0.056, C#:0.165, D:0.058, D#:0.048, E:0.092, F:0.065, F#:0.125, G:0.120, G#:0.140, A:0.060, A#:0.028, B:0.041"
88858,"C:0.010, C#:0.141, D:0.009, D#:0.182, E:0.142, F:0.017, F#:0.151, G:0.023, G#:0.062, A:0.012, A#:0.034, B:0.214"
88860,"C:0.157, C#:0.035, D:0.103, D#:0.109, E:0.100, F:0.026, F#:0.036, G:0.205, G#:0.024, A:0.092, A#:0.021, B:0.092"
88861,"C:0.012, C#:0.075, D:0.010, D#:0.149, E:0.142, F:0.022, F#:0.309, G:0.020, G#:0.035, A:0.008, A#:0.065, B:0.154"
88864,"C:0.114, C#:0.020, D:0.053, D#:0.078, E:0.026, F:0.074, F#:0.031, G:0.219, G#:0.130, A:0.087, A#:0.126, B:0.042"
88867,"C:0.026, C#:0.088, D:0.148, D#:0.057, E:0.088, F:0.029, F#:0.047, G:0.032, G#:0.063, A:0.283, A#:0.063, B:0.075"
88868,"C:0.025, C#:0.057, D:0.028, D#:0.152, E:0.245, F:0.034, F#:0.042, G:0.017, G#:0.062, A:0.128, A#:0.046, B:0.164"
88918,"C:0.067, C#:0.039, D:0.057, D#:0.075, E:0.228, F:0.078, F#:0.074, G:0.134, G#:0.071, A:0.077, A#:0.050, B:0.049"
88925,"C:0.065, C#:0.190, D:0.044, D#:0.040, E:0.084, F:0.091, F#:0.137, G:0.066, G#:0.119, A:0.069, A#:0.039, B:0.058"
88926,"C:0.026, C#:0.035, D:0.062, D#:0.136, E:0.351, F:0.113, F#:0.082, G:0.036, G#:0.044, A:0.036, A#:0.025, B:0.054"
89028,"C:0.017, C#:0.136, D:0.168, D#:0.026, E:0.170, F:0.024, F#:0.218, G:0.018, G#:0.097, A:0.040, A#:0.009, B:0.077"
89029,"C:0.029, C#:0.251, D:0.033, D#:0.039, E:0.160, F:0.037, F#:0.030, G:0.023, G#:0.216, A:0.145, A#:0.020, B:0.017"
89032,"C:0.048, C#:0.036, D:0.012, D#:0.040, E:0.024, F:0.159, F#:0.161, G:0.128, G#:0.181, A:0.110, A#:0.090, B:0.012"
89034,"C:0.231, C#:0.033, D:0.089, D#:0.090, E:0.017, F:0.017, F#:0.019, G:0.108, G#:0.046, A:0.033, A#:0.276, B:0.041"
89035,"C:0.020, C#:0.173, D:0.022, D#:0.219, E:0.107, F:0.036, F#:0.072, G:0.017, G#:0.137, A:0.012, A#:0.076, B:0.109"
89188,"C:0.362, C#:0.149, D:0.049, D#:0.047, E:0.079, F:0.068, F#:0.034, G:0.025, G#:0.017, A:0.023, A#:0.035, B:0.114"
89197,"C:0.065, C#:0.081, D:0.060, D#:0.035, E:0.036, F:0.047, F#:0.113, G:0.277, G#:0.124, A:0.071, A#:0.047, B:0.044"
89201,"C:0.036, C#:0.076, D:0.152, D#:0.243, E:0.138, F:0.064, F#:0.042, G:0.056, G#:0.035, A:0.037, A#:0.070, B:0.052"
89211,"C:0.139, C#:0.141, D:0.077, D#:0.082, E:0.068, F:0.074, F#:0.057, G:0.040, G#:0.051, A:0.073, A#:0.077, B:0.119"
89217,"C:0.362, C#:0.062, D:0.113, D#:0.024, E:0.078, F:0.054, F#:0.018, G:0.065, G#:0.022, A:0.070, A#:0.035, B:0.097"
89218,"C:0.143, C#:0.011, D:0.016, D#:0.005, E:0.005, F:0.005, F#:0.025, G:0.352, G#:0.014, A:0.057, A#:0.011, B:0.357"
89223,"C:0.150, C#:0.021, D:0.225, D#:0.021, E:0.093, F:0.040, F#:0.024, G:0.127, G#:0.022, A:0.187, A#:0.022, B:0.068"
89225,"C:0.167, C#:0.011, D:0.053, D#:0.017, E:0.323, F:0.140, F#:0.009, G:0.067, G#:0.020, A:0.121, A#:0.008, B:0.065"
89231,"C:0.191, C#:0.058, D:0.103, D#:0.053, E:0.101, F:0.117, F#:0.057, G:0.108, G#:0.050, A:0.050, A#:0.051, B:0.063"
89239,"C:0.127, C#:0.071, D:0.102, D#:0.071, E:0.131, F:0.098, F#:0.071, G:0.061, G#:0.065, A:0.084, A#:0.054, B:0.066"
89241,"C:0.157, C#:0.018, D:0.157, D#:0.030, E:0.209, F:0.115, F#:0.028, G:0.138, G#:0.016, A:0.076, A#:0.009, B:0.047"
89244,"C:0.075, C#:0.020, D:0.004, D#:0.002, E:0.009, F:0.001, F#:0.010, G:0.003, G#:0.010, A:0.011, A#:0.075, B:0.781"
89246,"C:0.096, C#:0.048, D:0.157, D#:0.018, E:0.142, F:0.098, F#:0.122, G:0.092, G#:0.023, A:0.100, A#:0.093, B:0.011"
89255,"C:0.217, C#:0.020, D:0.004, D#:0.013, E:0.232, F:0.238, F#:0.031, G:0.207, G#:0.021, A:0.003, A#:0.002, B:0.011"
89262,"C:0.152, C#:0.010, D:0.121, D#:0.010, E:0.170, F:0.058, F#:0.016, G:0.134, G#:0.013, A:0.182, A#:0.011, B:0.124"
89292,"C:0.032, C#:0.160, D:0.028, D#:0.075, E:0.018, F:0.046, F#:0.317, G:0.058, G#:0.095, A:0.021, A#:0.083, B:0.066"
89297,"C:0.356, C#:0.037, D:0.063, D#:0.026, E:0.076, F:0.079, F#:0.027, G:0.168, G#:0.030, A:0.035, A#:0.025, B:0.076"
89298,"C:0.055, C#:0.058, D:0.063, D#:0.143, E:0.029, F:0.036, F#:0.031, G:0.132, G#:0.291, A:0.054, A#:0.080, B:0.027"
89300,"C:0.062, C#:0.190, D:0.035, D#:0.050, E:0.013, F:0.070, F#:0.157, G:0.028, G#:0.075, A:0.041, A#:0.130, B:0.148"
89301,"C:0.230, C#:0.033, D:0.027, D#:0.021, E:0.084, F:0.282, F#:0.034, G:0.066, G#:0.024, A:0.091, A#:0.067, B:0.041"
89302,"C:0.169, C#:0.063, D:0.060, D#:0.036, E:0.120, F:0.060, F#:0.038, G:0.160, G#:0.059, A:0.139, A#:0.044, B:0.050"
89306,"C:0.025, C#:0.096, D:0.016, D#:0.027, E:0.014, F:0.086, F#:0.329, G:0.062, G#:0.078, A:0.025, A#:0.123, B:0.119"
89308,"C:0.027, C#:0.064, D:0.019, D#:0.063, E:0.223, F:0.032, F#:0.061, G:0.039, G#:0.100, A:0.112, A#:0.084, B:0.176"
89309,"C:0.066, C#:0.070, D:0.193, D#:0.086, E:0.149, F:0.130, F#:0.070, G:0.110, G#:0.046, A:0.031, A#:0.019, B:0.030"
89310,"C:0.118, C#:0.065, D:0.142, D#:0.029, E:0.044, F:0.032, F#:0.141, G:0.126, G#:0.034, A:0.109, A#:0.033, B:0.126"
89312,"C:0.073, C#:0.068, D:0.038, D#:0.067, E:0.306, F:0.037, F#:0.047, G:0.015, G#:0.074, A:0.053, A#:0.041, B:0.181"
89314,"C:0.047, C#:0.053, D:0.159, D#:0.054, E:0.057, F:0.058, F#:0.077, G:0.298, G#:0.067, A:0.041, A#:0.023, B:0.065"
89316,"C:0.027, C#:0.157, D:0.024, D#:0.025, E:0.024, F:0.098, F#:0.353, G:0.065, G#:0.054, A:0.028, A#:0.108, B:0.037"
89344,"C:0.020, C#:0.021, D:0.108, D#:0.018, E:0.115, F:0.018, F#:0.036, G:0.284, G#:0.021, A:0.249, A#:0.021, B:0.089"
89429,"C:0.091, C#:0.053, D:0.085, D#:0.052, E:0.074, F:0.100, F#:0.116, G:0.173, G#:0.103, A:0.073, A#:0.039, B:0.040"
89433,"C:0.101, C#:0.058, D:0.099, D#:0.066, E:0.091, F:0.144, F#:0.060, G:0.045, G#:0.064, A:0.162, A#:0.058, B:0.052"
89440,"C:0.110, C#:0.132, D:0.076, D#:0.109, E:0.163, F:0.070, F#:0.052, G:0.028, G#:0.094, A:0.024, A#:0.023, B:0.117"
89441,"C:0.240, C#:0.054, D:0.110, D#:0.053, E:0.058, F:0.091, F#:0.049, G:0.240, G#:0.038, A:0.016, A#:0.012, B:0.040"
89477,"C:0.043, C#:0.085, D:0.036, D#:0.045, E:0.109, F:0.057, F#:0.101, G:0.051, G#:0.087, A:0.168, A#:0.141, B:0.077"
89619,"C:0.136, C#:0.068, D:0.314, D#:0.031, E:0.062, F:0.023, F#:0.091, G:0.085, G#:0.014, A:0.094, A#:0.014, B:0.067"
89663,"C:0.053, C#:0.205, D:0.041, D#:0.021, E:0.039, F:0.045, F#:0.044, G:0.078, G#:0.098, A:0.155, A#:0.057, B:0.164"
89665,"C:0.075, C#:0.037, D:0.175, D#:0.024, E:0.038, F:0.058, F#:0.174, G:0.176, G#:0.024, A:0.061, A#:0.043, B:0.115"
89702,"C:0.233, C#:0.024, D:0.006, D#:0.005, E:0.026, F:0.227, F#:0.062, G:0.144, G#:0.047, A:0.089, A#:0.090, B:0.046"
89758,"C:0.122, C#:0.019, D:0.065, D#:0.018, E:0.042, F:0.119, F#:0.098, G:0.352, G#:0.072, A:0.062, A#:0.011, B:0.020"
89795,"C:0.011, C#:0.012, D:0.028, D#:0.049, E:0.415, F:0.094, F#:0.024, G:0.020, G#:0.021, A:0.218, A#:0.041, B:0.067"
89796,"C:0.129, C#:0.055, D:0.214, D#:0.056, E:0.093, F:0.021, F#:0.043, G:0.174, G#:0.075, A:0.030, A#:0.008, B:0.102"
89818,"C:0.160, C#:0.055, D:0.115, D#:0.037, E:0.091, F:0.101, F#:0.032, G:0.062, G#:0.038, A:0.088, A#:0.064, B:0.159"
89863,"C:0.121, C#:0.075, D:0.044, D#:0.046, E:0.319, F:0.124, F#:0.030, G:0.017, G#:0.042, A:0.081, A#:0.032, B:0.070"
89867,"C:0.181, C#:0.049, D:0.093, D#:0.034, E:0.120, F:0.181, F#:0.034, G:0.071, G#:0.017, A:0.026, A#:0.124, B:0.071"
89876,"C:0.076, C#:0.037, D:0.014, D#:0.015, E:0.023, F:0.027, F#:0.072, G:0.090, G#:0.109, A:0.226, A#:0.112, B:0.199"
89887,"C:0.148, C#:0.007, D:0.165, D#:0.007, E:0.074, F:0.009, F#:0.014, G:0.474, G#:0.015, A:0.007, A#:0.070, B:0.009"
89888,"C:0.148, C#:0.007, D:0.165, D#:0.007, E:0.074, F:0.009, F#:0.014, G:0.474, G#:0.015, A:0.007, A#:0.070, B:0.009"
90047,"C:0.039, C#:0.066, D:0.013, D#:0.104, E:0.082, F:0.011, F#:0.081, G:0.027, G#:0.064, A:0.085, A#:0.045, B:0.382"
90048,"C:0.057, C#:0.183, D:0.035, D#:0.079, E:0.212, F:0.032, F#:0.043, G:0.022, G#:0.134, A:0.037, A#:0.018, B:0.148"
90068,"C:0.021, C#:0.067, D:0.191, D#:0.111, E:0.181, F:0.037, F#:0.047, G:0.078, G#:0.052, A:0.135, A#:0.048, B:0.033"
90070,"C:0.007, C#:0.043, D:0.357, D#:0.035, E:0.054, F:0.025, F#:0.159, G:0.086, G#:0.029, A:0.159, A#:0.027, B:0.019"
90406,"C:0.030, C#:0.029, D:0.022, D#:0.167, E:0.179, F:0.052, F#:0.021, G:0.026, G#:0.307, A:0.123, A#:0.016, B:0.029"
90411,"C:0.017, C#:0.021, D:0.075, D#:0.038, E:0.117, F:0.080, F#:0.195, G:0.101, G#:0.086, A:0.115, A#:0.040, B:0.116"
90444,"C:0.038, C#:0.064, D:0.139, D#:0.056, E:0.080, F:0.045, F#:0.128, G:0.220, G#:0.050, A:0.050, A#:0.045, B:0.085"
90451,"C:0.035, C#:0.031, D:0.037, D#:0.091, E:0.231, F:0.118, F#:0.067, G:0.037, G#:0.061, A:0.139, A#:0.043, B:0.110"
90504,"C:0.110, C#:0.020, D:0.085, D#:0.019, E:0.169, F:0.159, F#:0.028, G:0.195, G#:0.022, A:0.069, A#:0.040, B:0.084"
90523,"C:0.133, C#:0.061, D:0.082, D#:0.087, E:0.104, F:0.185, F#:0.073, G:0.049, G#:0.037, A:0.082, A#:0.048, B:0.058"
90524,"C:0.067, C#:0.060, D:0.075, D#:0.093, E:0.107, F:0.087, F#:0.086, G:0.087, G#:0.058, A:0.124, A#:0.083, B:0.074"
90530,"C:0.031, C#:0.327, D:0.039, D#:0.008, E:0.002, F:0.011, F#:0.004, G:0.059, G#:0.465, A:0.048, A#:0.003, B:0.004"
90593,"C:0.091, C#:0.041, D:0.087, D#:0.068, E:0.137, F:0.108, F#:0.131, G:0.138, G#:0.039, A:0.059, A#:0.033, B:0.069"
90600,"C:0.060, C#:0.071, D:0.048, D#:0.094, E:0.320, F:0.084, F#:0.051, G:0.035, G#:0.054, A:0.047, A#:0.058, B:0.079"
90604,"C:0.099, C#:0.077, D:0.074, D#:0.065, E:0.085, F:0.071, F#:0.064, G:0.076, G#:0.065, A:0.091, A#:0.090, B:0.142"
90606,"C:0.037, C#:0.031, D:0.056, D#:0.101, E:0.167, F:0.185, F#:0.085, G:0.042, G#:0.109, A:0.053, A#:0.084, B:0.050"
90616,"C:0.023, C#:0.074, D:0.023, D#:0.085, E:0.267, F:0.045, F#:0.072, G:0.029, G#:0.137, A:0.185, A#:0.030, B:0.030"
90618,"C:0.072, C#:0.022, D:0.022, D#:0.273, E:0.067, F:0.091, F#:0.020, G:0.180, G#:0.063, A:0.009, A#:0.137, B:0.043"
90649,"C:0.052, C#:0.097, D:0.099, D#:0.038, E:0.083, F:0.108, F#:0.098, G:0.085, G#:0.066, A:0.051, A#:0.096, B:0.126"
90690,"C:0.138, C#:0.067, D:0.033, D#:0.048, E:0.061, F:0.147, F#:0.070, G:0.072, G#:0.081, A:0.052, A#:0.161, B:0.070"
90691,"C:0.141, C#:0.056, D:0.047, D#:0.060, E:0.051, F:0.088, F#:0.071, G:0.145, G#:0.128, A:0.063, A#:0.071, B:0.079"
90692,"C:0.032, C#:0.047, D:0.043, D#:0.167, E:0.044, F:0.162, F#:0.107, G:0.053, G#:0.067, A:0.060, A#:0.178, B:0.039"
90693,"C:0.096, C#:0.040, D:0.062, D#:0.141, E:0.112, F:0.260, F#:0.072, G:0.079, G#:0.039, A:0.024, A#:0.031, B:0.044"
90744,"C:0.142, C#:0.077, D:0.140, D#:0.052, E:0.136, F:0.061, F#:0.069, G:0.103, G#:0.053, A:0.020, A#:0.071, B:0.075"
90746,"C:0.065, C#:0.059, D:0.123, D#:0.165, E:0.081, F:0.056, F#:0.063, G:0.126, G#:0.091, A:0.061, A#:0.071, B:0.040"
90750,"C:0.055, C#:0.017, D:0.083, D#:0.019, E:0.214, F:0.087, F#:0.023, G:0.058, G#:0.049, A:0.292, A#:0.035, B:0.068"
90755,"C:0.085, C#:0.039, D:0.076, D#:0.307, E:0.054, F:0.069, F#:0.030, G:0.090, G#:0.102, A:0.037, A#:0.080, B:0.033"
90787,"C:0.096, C#:0.041, D:0.037, D#:0.039, E:0.046, F:0.044, F#:0.114, G:0.134, G#:0.126, A:0.144, A#:0.073, B:0.108"
90807,"C:0.112, C#:0.070, D:0.118, D#:0.107, E:0.107, F:0.122, F#:0.054, G:0.057, G#:0.041, A:0.101, A#:0.061, B:0.050"
90808,"C:0.107, C#:0.049, D:0.076, D#:0.054, E:0.142, F:0.058, F#:0.071, G:0.102, G#:0.050, A:0.082, A#:0.059, B:0.151"
90809,"C:0.096, C#:0.048, D:0.078, D#:0.061, E:0.118, F:0.076, F#:0.051, G:0.056, G#:0.072, A:0.173, A#:0.096, B:0.074"
90829,"C:0.040, C#:0.056, D:0.201, D#:0.045, E:0.061, F:0.040, F#:0.078, G:0.120, G#:0.044, A:0.126, A#:0.085, B:0.103"
90831,"C:0.023, C#:0.073, D:0.130, D#:0.045, E:0.087, F:0.029, F#:0.067, G:0.119, G#:0.090, A:0.222, A#:0.054, B:0.061"
90918,"C:0.015, C#:0.091, D:0.014, D#:0.071, E:0.256, F:0.084, F#:0.165, G:0.059, G#:0.117, A:0.046, A#:0.011, B:0.073"
90920,"C:0.010, C#:0.023, D:0.174, D#:0.037, E:0.302, F:0.060, F#:0.211, G:0.078, G#:0.018, A:0.053, A#:0.009, B:0.026"
90921,"C:0.068, C#:0.164, D:0.051, D#:0.061, E:0.167, F:0.050, F#:0.088, G:0.078, G#:0.109, A:0.047, A#:0.030, B:0.087"
90923,"C:0.012, C#:0.020, D:0.101, D#:0.032, E:0.120, F:0.044, F#:0.154, G:0.256, G#:0.058, A:0.048, A#:0.026, B:0.129"
90927,"C:0.071, C#:0.139, D:0.044, D#:0.148, E:0.056, F:0.281, F#:0.054, G:0.082, G#:0.040, A:0.053, A#:0.020, B:0.013"
90961,"C:0.094, C#:0.015, D:0.122, D#:0.252, E:0.022, F:0.151, F#:0.018, G:0.092, G#:0.023, A:0.018, A#:0.177, B:0.016"
90972,"C:0.111, C#:0.017, D:0.031, D#:0.164, E:0.207, F:0.156, F#:0.027, G:0.052, G#:0.184, A:0.021, A#:0.015, B:0.014"
90973,"C:0.010, C#:0.041, D:0.203, D#:0.046, E:0.058, F:0.017, F#:0.154, G:0.175, G#:0.030, A:0.195, A#:0.020, B:0.051"
90974,"C:0.158, C#:0.034, D:0.090, D#:0.022, E:0.090, F:0.183, F#:0.051, G:0.203, G#:0.036, A:0.061, A#:0.014, B:0.057"
90975,"C:0.103, C#:0.025, D:0.181, D#:0.155, E:0.014, F:0.011, F#:0.087, G:0.137, G#:0.011, A:0.148, A#:0.118, B:0.011"
91004,"C:0.080, C#:0.077, D:0.103, D#:0.036, E:0.180, F:0.022, F#:0.048, G:0.067, G#:0.017, A:0.071, A#:0.035, B:0.263"
91049,"C:0.040, C#:0.054, D:0.213, D#:0.072, E:0.038, F:0.035, F#:0.099, G:0.129, G#:0.061, A:0.147, A#:0.059, B:0.052"
91062,"C:0.049, C#:0.019, D:0.100, D#:0.023, E:0.026, F:0.065, F#:0.071, G:0.454, G#:0.040, A:0.043, A#:0.022, B:0.088"
91082,"C:0.245, C#:0.060, D:0.088, D#:0.103, E:0.020, F:0.118, F#:0.015, G:0.151, G#:0.082, A:0.018, A#:0.062, B:0.038"
91083,"C:0.216, C#:0.090, D:0.090, D#:0.137, E:0.048, F:0.030, F#:0.036, G:0.089, G#:0.082, A:0.040, A#:0.083, B:0.060"
91089,"C:0.206, C#:0.090, D:0.061, D#:0.086, E:0.046, F:0.034, F#:0.059, G:0.128, G#:0.093, A:0.052, A#:0.056, B:0.091"
91099,"C:0.107, C#:0.013, D:0.050, D#:0.034, E:0.268, F:0.020, F#:0.038, G:0.163, G#:0.013, A:0.007, A#:0.027, B:0.260"
91126,"C:0.060, C#:0.034, D:0.022, D#:0.035, E:0.065, F:0.309, F#:0.227, G:0.060, G#:0.118, A:0.029, A#:0.021, B:0.020"
91134,"C:0.052, C#:0.012, D:0.013, D#:0.036, E:0.036, F:0.297, F#:0.033, G:0.011, G#:0.030, A:0.064, A#:0.369, B:0.046"
91165,"C:0.019, C#:0.224, D:0.150, D#:0.017, E:0.079, F:0.018, F#:0.110, G:0.061, G#:0.041, A:0.243, A#:0.024, B:0.015"
91168,"C:0.307, C#:0.023, D:0.065, D#:0.014, E:0.174, F:0.011, F#:0.011, G:0.131, G#:0.025, A:0.147, A#:0.025, B:0.066"
91170,"C:0.055, C#:0.100, D:0.095, D#:0.029, E:0.048, F:0.043, F#:0.199, G:0.034, G#:0.030, A:0.095, A#:0.074, B:0.197"
91171,"C:0.230, C#:0.021, D:0.027, D#:0.098, E:0.034, F:0.098, F#:0.028, G:0.171, G#:0.037, A:0.156, A#:0.075, B:0.025"
91172,"C:0.041, C#:0.207, D:0.022, D#:0.057, E:0.106, F:0.040, F#:0.158, G:0.049, G#:0.181, A:0.015, A#:0.014, B:0.111"
91175,"C:0.145, C#:0.254, D:0.089, D#:0.064, E:0.045, F:0.019, F#:0.037, G:0.034, G#:0.088, A:0.032, A#:0.069, B:0.124"
91176,"C:0.254, C#:0.022, D:0.092, D#:0.132, E:0.019, F:0.098, F#:0.018, G:0.171, G#:0.087, A:0.019, A#:0.060, B:0.029"
91205,"C:0.220, C#:0.060, D:0.037, D#:0.034, E:0.037, F:0.043, F#:0.054, G:0.195, G#:0.096, A:0.041, A#:0.089, B:0.093"
91262,"C:0.085, C#:0.020, D:0.020, D#:0.018, E:0.227, F:0.085, F#:0.024, G:0.212, G#:0.119, A:0.063, A#:0.012, B:0.114"
91263,"C:0.014, C#:0.027, D:0.106, D#:0.197, E:0.038, F:0.040, F#:0.140, G:0.242, G#:0.050, A:0.026, A#:0.096, B:0.024"
91264,"C:0.253, C#:0.152, D:0.021, D#:0.010, E:0.021, F:0.182, F#:0.059, G:0.032, G#:0.042, A:0.151, A#:0.049, B:0.027"
91265,"C:0.035, C#:0.035, D:0.073, D#:0.302, E:0.126, F:0.043, F#:0.031, G:0.051, G#:0.025, A:0.035, A#:0.184, B:0.060"
91268,"C:0.086, C#:0.020, D:0.032, D#:0.060, E:0.155, F:0.052, F#:0.138, G:0.215, G#:0.068, A:0.073, A#:0.024, B:0.076"
91272,"C:0.119, C#:0.016, D:0.038, D#:0.027, E:0.083, F:0.246, F#:0.057, G:0.119, G#:0.108, A:0.138, A#:0.027, B:0.023"
91277,"C:0.044, C#:0.006, D:0.007, D#:0.022, E:0.053, F:0.010, F#:0.042, G:0.080, G#:0.166, A:0.436, A#:0.059, B:0.076"
91280,"C:0.021, C#:0.042, D:0.010, D#:0.030, E:0.022, F:0.053, F#:0.291, G:0.040, G#:0.076, A:0.116, A#:0.172, B:0.126"
91281,"C:0.028, C#:0.056, D:0.398, D#:0.044, E:0.043, F:0.110, F#:0.023, G:0.049, G#:0.040, A:0.090, A#:0.073, B:0.045"
91359,"C:0.185, C#:0.094, D:0.213, D#:0.067, E:0.040, F:0.064, F#:0.032, G:0.079, G#:0.032, A:0.101, A#:0.041, B:0.053"
91368,"C:0.027, C#:0.044, D:0.015, D#:0.024, E:0.030, F:0.141, F#:0.079, G:0.053, G#:0.228, A:0.117, A#:0.215, B:0.027"
91370,"C:0.032, C#:0.107, D:0.121, D#:0.031, E:0.046, F:0.020, F#:0.167, G:0.030, G#:0.074, A:0.069, A#:0.031, B:0.273"
91371,"C:0.036, C#:0.050, D:0.039, D#:0.104, E:0.032, F:0.042, F#:0.143, G:0.064, G#:0.168, A:0.076, A#:0.085, B:0.161"
91373,"C:0.070, C#:0.026, D:0.129, D#:0.043, E:0.016, F:0.020, F#:0.051, G:0.253, G#:0.120, A:0.122, A#:0.048, B:0.103"
91374,"C:0.029, C#:0.071, D:0.146, D#:0.051, E:0.072, F:0.027, F#:0.046, G:0.150, G#:0.062, A:0.272, A#:0.046, B:0.029"
91375,"C:0.029, C#:0.054, D:0.013, D#:0.057, E:0.080, F:0.032, F#:0.156, G:0.044, G#:0.173, A:0.071, A#:0.038, B:0.253"
91380,"C:0.009, C#:0.029, D:0.176, D#:0.040, E:0.018, F:0.026, F#:0.379, G:0.088, G#:0.057, A:0.116, A#:0.033, B:0.030"
91381,"C:0.029, C#:0.056, D:0.012, D#:0.141, E:0.219, F:0.039, F#:0.142, G:0.030, G#:0.113, A:0.032, A#:0.027, B:0.159"
91382,"C:0.025, C#:0.172, D:0.015, D#:0.105, E:0.217, F:0.025, F#:0.049, G:0.014, G#:0.084, A:0.111, A#:0.035, B:0.148"
91383,"C:0.023, C#:0.138, D:0.069, D#:0.044, E:0.028, F:0.073, F#:0.129, G:0.041, G#:0.185, A:0.115, A#:0.109, B:0.046"
91384,"C:0.227, C#:0.091, D:0.037, D#:0.020, E:0.042, F:0.181, F#:0.073, G:0.158, G#:0.064, A:0.039, A#:0.042, B:0.027"
91386,"C:0.159, C#:0.073, D:0.070, D#:0.030, E:0.020, F:0.051, F#:0.032, G:0.252, G#:0.086, A:0.135, A#:0.052, B:0.040"
91388,"C:0.019, C#:0.370, D:0.114, D#:0.024, E:0.101, F:0.029, F#:0.060, G:0.015, G#:0.076, A:0.117, A#:0.051, B:0.024"
91389,"C:0.047, C#:0.086, D:0.033, D#:0.058, E:0.039, F:0.103, F#:0.045, G:0.033, G#:0.209, A:0.087, A#:0.207, B:0.054"
91390,"C:0.017, C#:0.193, D:0.040, D#:0.030, E:0.124, F:0.036, F#:0.153, G:0.023, G#:0.082, A:0.200, A#:0.027, B:0.074"
91391,"C:0.404, C#:0.023, D:0.088, D#:0.008, E:0.036, F:0.148, F#:0.015, G:0.045, G#:0.012, A:0.185, A#:0.013, B:0.023"
91393,"C:0.040, C#:0.131, D:0.041, D#:0.102, E:0.052, F:0.122, F#:0.213, G:0.040, G#:0.080, A:0.039, A#:0.054, B:0.085"
91394,"C:0.048, C#:0.201, D:0.077, D#:0.074, E:0.094, F:0.022, F#:0.025, G:0.023, G#:0.167, A:0.158, A#:0.045, B:0.066"
91395,"C:0.031, C#:0.091, D:0.046, D#:0.119, E:0.063, F:0.055, F#:0.173, G:0.082, G#:0.127, A:0.114, A#:0.057, B:0.043"
91398,"C:0.060, C#:0.028, D:0.045, D#:0.201, E:0.079, F:0.066, F#:0.041, G:0.105, G#:0.098, A:0.050, A#:0.163, B:0.064"
91436,"C:0.166, C#:0.109, D:0.130, D#:0.057, E:0.104, F:0.073, F#:0.032, G:0.046, G#:0.049, A:0.074, A#:0.060, B:0.099"
91440,"C:0.040, C#:0.060, D:0.105, D#:0.148, E:0.244, F:0.090, F#:0.083, G:0.065, G#:0.042, A:0.051, A#:0.035, B:0.038"
91457,"C:0.090, C#:0.069, D:0.095, D#:0.026, E:0.020, F:0.049, F#:0.154, G:0.318, G#:0.099, A:0.027, A#:0.013, B:0.039"
91472,"C:0.040, C#:0.066, D:0.045, D#:0.148, E:0.048, F:0.060, F#:0.168, G:0.073, G#:0.079, A:0.046, A#:0.099, B:0.129"
91473,"C:0.023, C#:0.144, D:0.029, D#:0.032, E:0.027, F:0.088, F#:0.290, G:0.101, G#:0.088, A:0.051, A#:0.108, B:0.020"
91474,"C:0.060, C#:0.072, D:0.043, D#:0.099, E:0.090, F:0.050, F#:0.126, G:0.046, G#:0.057, A:0.054, A#:0.099, B:0.202"
91476,"C:0.018, C#:0.033, D:0.101, D#:0.099, E:0.421, F:0.093, F#:0.051, G:0.088, G#:0.019, A:0.013, A#:0.009, B:0.056"
91477,"C:0.085, C#:0.049, D:0.074, D#:0.059, E:0.208, F:0.057, F#:0.069, G:0.106, G#:0.037, A:0.111, A#:0.043, B:0.102"
91479,"C:0.032, C#:0.063, D:0.126, D#:0.055, E:0.191, F:0.038, F#:0.073, G:0.128, G#:0.048, A:0.070, A#:0.035, B:0.140"
91480,"C:0.034, C#:0.094, D:0.137, D#:0.055, E:0.132, F:0.040, F#:0.145, G:0.080, G#:0.042, A:0.101, A#:0.024, B:0.116"
91482,"C:0.030, C#:0.109, D:0.034, D#:0.054, E:0.218, F:0.071, F#:0.176, G:0.049, G#:0.081, A:0.075, A#:0.032, B:0.073"
91483,"C:0.107, C#:0.126, D:0.094, D#:0.093, E:0.063, F:0.046, F#:0.097, G:0.051, G#:0.041, A:0.057, A#:0.070, B:0.154"
91494,"C:0.016, C#:0.189, D:0.031, D#:0.034, E:0.153, F:0.007, F#:0.075, G:0.058, G#:0.106, A:0.265, A#:0.021, B:0.044"
91574,"C:0.019, C#:0.037, D:0.198, D#:0.035, E:0.068, F:0.022, F#:0.120, G:0.053, G#:0.011, A:0.044, A#:0.027, B:0.366"
91575,"C:0.025, C#:0.261, D:0.022, D#:0.021, E:0.017, F:0.038, F#:0.369, G:0.036, G#:0.160, A:0.038, A#:0.006, B:0.006"
91598,"C:0.053, C#:0.039, D:0.094, D#:0.027, E:0.021, F:0.028, F#:0.046, G:0.202, G#:0.068, A:0.115, A#:0.196, B:0.111"
91600,"C:0.138, C#:0.056, D:0.105, D#:0.047, E:0.030, F:0.024, F#:0.032, G:0.264, G#:0.117, A:0.041, A#:0.024, B:0.121"
91601,"C:0.030, C#:0.086, D:0.161, D#:0.073, E:0.184, F:0.049, F#:0.112, G:0.067, G#:0.048, A:0.113, A#:0.026, B:0.052"
91709,"C:0.152, C#:0.126, D:0.136, D#:0.078, E:0.056, F:0.119, F#:0.057, G:0.109, G#:0.037, A:0.032, A#:0.039, B:0.058"
91711,"C:0.141, C#:0.127, D:0.203, D#:0.087, E:0.075, F:0.070, F#:0.040, G:0.052, G#:0.037, A:0.046, A#:0.049, B:0.071"
91713,"C:0.040, C#:0.079, D:0.024, D#:0.067, E:0.186, F:0.040, F#:0.078, G:0.029, G#:0.152, A:0.085, A#:0.035, B:0.185"
91714,"C:0.192, C#:0.059, D:0.075, D#:0.023, E:0.034, F:0.015, F#:0.074, G:0.081, G#:0.040, A:0.092, A#:0.070, B:0.244"
91716,"C:0.051, C#:0.042, D:0.056, D#:0.029, E:0.052, F:0.054, F#:0.121, G:0.118, G#:0.094, A:0.125, A#:0.104, B:0.153"
91717,"C:0.159, C#:0.084, D:0.074, D#:0.032, E:0.059, F:0.035, F#:0.088, G:0.118, G#:0.048, A:0.061, A#:0.059, B:0.181"
91724,"C:0.016, C#:0.032, D:0.158, D#:0.025, E:0.067, F:0.037, F#:0.172, G:0.170, G#:0.085, A:0.139, A#:0.034, B:0.066"
91725,"C:0.055, C#:0.089, D:0.032, D#:0.059, E:0.131, F:0.051, F#:0.100, G:0.081, G#:0.164, A:0.117, A#:0.055, B:0.067"
91726,"C:0.097, C#:0.024, D:0.080, D#:0.021, E:0.108, F:0.040, F#:0.124, G:0.273, G#:0.054, A:0.125, A#:0.029, B:0.025"
91728,"C:0.074, C#:0.054, D:0.086, D#:0.041, E:0.095, F:0.175, F#:0.090, G:0.107, G#:0.068, A:0.110, A#:0.062, B:0.036"
91731,"C:0.009, C#:0.005, D:0.089, D#:0.035, E:0.175, F:0.018, F#:0.049, G:0.426, G#:0.037, A:0.058, A#:0.020, B:0.078"
91732,"C:0.126, C#:0.035, D:0.104, D#:0.072, E:0.063, F:0.083, F#:0.072, G:0.180, G#:0.061, A:0.055, A#:0.118, B:0.030"
91733,"C:0.117, C#:0.015, D:0.026, D#:0.049, E:0.255, F:0.033, F#:0.016, G:0.020, G#:0.069, A:0.027, A#:0.045, B:0.329"
91734,"C:0.083, C#:0.026, D:0.022, D#:0.100, E:0.235, F:0.033, F#:0.041, G:0.055, G#:0.021, A:0.112, A#:0.032, B:0.240"
91735,"C:0.156, C#:0.387, D:0.024, D#:0.014, E:0.309, F:0.011, F#:0.005, G:0.009, G#:0.016, A:0.004, A#:0.007, B:0.057"
91736,"C:0.075, C#:0.033, D:0.028, D#:0.052, E:0.052, F:0.217, F#:0.056, G:0.062, G#:0.140, A:0.086, A#:0.159, B:0.040"
91738,"C:0.099, C#:0.057, D:0.046, D#:0.068, E:0.050, F:0.056, F#:0.158, G:0.119, G#:0.086, A:0.051, A#:0.060, B:0.150"
91739,"C:0.136, C#:0.040, D:0.041, D#:0.066, E:0.222, F:0.209, F#:0.042, G:0.060, G#:0.089, A:0.018, A#:0.018, B:0.058"
91823,"C:0.052, C#:0.167, D:0.051, D#:0.142, E:0.089, F:0.033, F#:0.099, G:0.026, G#:0.093, A:0.025, A#:0.108, B:0.115"
91824,"C:0.034, C#:0.070, D:0.124, D#:0.063, E:0.113, F:0.047, F#:0.090, G:0.047, G#:0.046, A:0.166, A#:0.092, B:0.107"
91826,"C:0.063, C#:0.128, D:0.198, D#:0.055, E:0.090, F:0.043, F#:0.040, G:0.110, G#:0.051, A:0.113, A#:0.046, B:0.064"
91828,"C:0.047, C#:0.028, D:0.097, D#:0.021, E:0.064, F:0.019, F#:0.068, G:0.318, G#:0.040, A:0.144, A#:0.019, B:0.135"
91830,"C:0.107, C#:0.068, D:0.080, D#:0.035, E:0.153, F:0.054, F#:0.081, G:0.022, G#:0.060, A:0.147, A#:0.048, B:0.146"
91840,"C:0.078, C#:0.057, D:0.095, D#:0.048, E:0.102, F:0.124, F#:0.041, G:0.095, G#:0.076, A:0.146, A#:0.075, B:0.062"
91844,"C:0.124, C#:0.024, D:0.044, D#:0.129, E:0.074, F:0.179, F#:0.039, G:0.108, G#:0.170, A:0.027, A#:0.057, B:0.023"
91849,"C:0.074, C#:0.045, D:0.071, D#:0.060, E:0.079, F:0.084, F#:0.053, G:0.103, G#:0.063, A:0.224, A#:0.053, B:0.090"
91850,"C:0.086, C#:0.065, D:0.199, D#:0.081, E:0.068, F:0.138, F#:0.059, G:0.068, G#:0.035, A:0.079, A#:0.078, B:0.044"
91851,"C:0.088, C#:0.060, D:0.180, D#:0.054, E:0.081, F:0.162, F#:0.053, G:0.048, G#:0.043, A:0.098, A#:0.091, B:0.043"
91886,"C:0.098, C#:0.060, D:0.091, D#:0.044, E:0.100, F:0.053, F#:0.042, G:0.090, G#:0.051, A:0.156, A#:0.083, B:0.132"
91891,"C:0.042, C#:0.046, D:0.087, D#:0.106, E:0.270, F:0.035, F#:0.113, G:0.151, G#:0.009, A:0.011, A#:0.033, B:0.095"
91965,"C:0.160, C#:0.030, D:0.047, D#:0.022, E:0.250, F:0.180, F#:0.029, G:0.032, G#:0.021, A:0.166, A#:0.019, B:0.045"
91968,"C:0.215, C#:0.080, D:0.134, D#:0.027, E:0.127, F:0.115, F#:0.011, G:0.128, G#:0.009, A:0.062, A#:0.006, B:0.086"
91969,"C:0.093, C#:0.047, D:0.080, D#:0.070, E:0.085, F:0.097, F#:0.094, G:0.176, G#:0.061, A:0.041, A#:0.030, B:0.127"
92023,"C:0.036, C#:0.047, D:0.029, D#:0.060, E:0.136, F:0.061, F#:0.137, G:0.094, G#:0.110, A:0.102, A#:0.058, B:0.130"
92025,"C:0.064, C#:0.078, D:0.033, D#:0.057, E:0.071, F:0.053, F#:0.100, G:0.046, G#:0.062, A:0.078, A#:0.168, B:0.191"
92026,"C:0.022, C#:0.037, D:0.125, D#:0.043, E:0.099, F:0.042, F#:0.087, G:0.124, G#:0.097, A:0.184, A#:0.059, B:0.080"
92027,"C:0.098, C#:0.109, D:0.131, D#:0.082, E:0.103, F:0.042, F#:0.034, G:0.023, G#:0.038, A:0.061, A#:0.101, B:0.180"
92028,"C:0.045, C#:0.062, D:0.124, D#:0.104, E:0.163, F:0.074, F#:0.075, G:0.096, G#:0.052, A:0.056, A#:0.058, B:0.090"
92031,"C:0.034, C#:0.032, D:0.036, D#:0.085, E:0.182, F:0.041, F#:0.039, G:0.039, G#:0.130, A:0.189, A#:0.091, B:0.103"
92032,"C:0.038, C#:0.040, D:0.101, D#:0.046, E:0.085, F:0.041, F#:0.067, G:0.122, G#:0.091, A:0.163, A#:0.089, B:0.119"
92033,"C:0.036, C#:0.074, D:0.165, D#:0.045, E:0.057, F:0.045, F#:0.094, G:0.183, G#:0.082, A:0.128, A#:0.048, B:0.042"
92150,"C:0.106, C#:0.027, D:0.049, D#:0.186, E:0.050, F:0.111, F#:0.031, G:0.081, G#:0.117, A:0.042, A#:0.160, B:0.040"
92151,"C:0.120, C#:0.033, D:0.080, D#:0.025, E:0.093, F:0.032, F#:0.141, G:0.144, G#:0.047, A:0.156, A#:0.040, B:0.090"
92152,"C:0.064, C#:0.013, D:0.157, D#:0.011, E:0.059, F:0.019, F#:0.126, G:0.150, G#:0.032, A:0.143, A#:0.030, B:0.195"
92153,"C:0.041, C#:0.013, D:0.084, D#:0.347, E:0.043, F:0.096, F#:0.020, G:0.151, G#:0.095, A:0.016, A#:0.081, B:0.013"
92154,"C:0.109, C#:0.018, D:0.143, D#:0.015, E:0.037, F:0.032, F#:0.088, G:0.220, G#:0.031, A:0.106, A#:0.019, B:0.181"
92155,"C:0.079, C#:0.028, D:0.133, D#:0.157, E:0.056, F:0.100, F#:0.049, G:0.207, G#:0.039, A:0.043, A#:0.086, B:0.024"
92156,"C:0.032, C#:0.064, D:0.129, D#:0.071, E:0.154, F:0.069, F#:0.124, G:0.074, G#:0.048, A:0.113, A#:0.048, B:0.074"
92157,"C:0.019, C#:0.033, D:0.011, D#:0.045, E:0.238, F:0.044, F#:0.127, G:0.059, G#:0.100, A:0.150, A#:0.032, B:0.144"
92158,"C:0.066, C#:0.330, D:0.057, D#:0.134, E:0.037, F:0.119, F#:0.098, G:0.020, G#:0.111, A:0.011, A#:0.008, B:0.008"
92159,"C:0.115, C#:0.043, D:0.052, D#:0.052, E:0.174, F:0.159, F#:0.087, G:0.127, G#:0.046, A:0.055, A#:0.029, B:0.060"
92160,"C:0.174, C#:0.019, D:0.027, D#:0.017, E:0.100, F:0.087, F#:0.088, G:0.200, G#:0.044, A:0.154, A#:0.023, B:0.067"
92161,"C:0.036, C#:0.071, D:0.023, D#:0.040, E:0.192, F:0.035, F#:0.112, G:0.034, G#:0.086, A:0.195, A#:0.046, B:0.130"
92162,"C:0.026, C#:0.066, D:0.029, D#:0.039, E:0.136, F:0.035, F#:0.147, G:0.043, G#:0.094, A:0.214, A#:0.038, B:0.133"
92176,"C:0.084, C#:0.083, D:0.175, D#:0.055, E:0.069, F:0.088, F#:0.037, G:0.101, G#:0.047, A:0.164, A#:0.062, B:0.035"
92177,"C:0.024, C#:0.053, D:0.198, D#:0.032, E:0.041, F:0.017, F#:0.072, G:0.168, G#:0.056, A:0.234, A#:0.032, B:0.073"
92178,"C:0.048, C#:0.074, D:0.127, D#:0.021, E:0.083, F:0.025, F#:0.239, G:0.062, G#:0.043, A:0.135, A#:0.025, B:0.118"
92179,"C:0.202, C#:0.009, D:0.010, D#:0.012, E:0.093, F:0.337, F#:0.019, G:0.098, G#:0.018, A:0.081, A#:0.101, B:0.020"
92180,"C:0.090, C#:0.021, D:0.060, D#:0.107, E:0.115, F:0.104, F#:0.056, G:0.209, G#:0.037, A:0.043, A#:0.046, B:0.110"
92181,"C:0.083, C#:0.013, D:0.031, D#:0.071, E:0.029, F:0.012, F#:0.086, G:0.113, G#:0.034, A:0.129, A#:0.038, B:0.361"
92182,"C:0.227, C#:0.066, D:0.101, D#:0.032, E:0.070, F:0.082, F#:0.028, G:0.092, G#:0.035, A:0.084, A#:0.050, B:0.133"
92183,"C:0.079, C#:0.016, D:0.129, D#:0.018, E:0.048, F:0.016, F#:0.048, G:0.264, G#:0.067, A:0.180, A#:0.030, B:0.103"
92184,"C:0.023, C#:0.011, D:0.115, D#:0.108, E:0.036, F:0.229, F#:0.052, G:0.081, G#:0.036, A:0.100, A#:0.192, B:0.018"
92185,"C:0.132, C#:0.030, D:0.044, D#:0.030, E:0.115, F:0.086, F#:0.074, G:0.122, G#:0.109, A:0.100, A#:0.039, B:0.120"
92187,"C:0.053, C#:0.021, D:0.188, D#:0.017, E:0.040, F:0.028, F#:0.079, G:0.273, G#:0.041, A:0.113, A#:0.023, B:0.126"
92325,"C:0.104, C#:0.055, D:0.069, D#:0.073, E:0.174, F:0.069, F#:0.058, G:0.124, G#:0.056, A:0.055, A#:0.061, B:0.102"
92375,"C:0.056, C#:0.172, D:0.069, D#:0.029, E:0.067, F:0.053, F#:0.193, G:0.058, G#:0.052, A:0.081, A#:0.064, B:0.107"
92379,"C:0.079, C#:0.066, D:0.034, D#:0.202, E:0.043, F:0.027, F#:0.046, G:0.045, G#:0.129, A:0.078, A#:0.061, B:0.190"
92380,"C:0.115, C#:0.051, D:0.091, D#:0.060, E:0.095, F:0.158, F#:0.066, G:0.086, G#:0.050, A:0.091, A#:0.089, B:0.047"
92381,"C:0.060, C#:0.103, D:0.048, D#:0.097, E:0.142, F:0.071, F#:0.144, G:0.040, G#:0.035, A:0.022, A#:0.060, B:0.176"
92397,"C:0.048, C#:0.020, D:0.054, D#:0.056, E:0.212, F:0.058, F#:0.086, G:0.169, G#:0.056, A:0.149, A#:0.028, B:0.064"
92401,"C:0.068, C#:0.084, D:0.052, D#:0.127, E:0.052, F:0.057, F#:0.067, G:0.029, G#:0.042, A:0.052, A#:0.171, B:0.198"
92423,"C:0.115, C#:0.044, D:0.133, D#:0.101, E:0.045, F:0.084, F#:0.054, G:0.224, G#:0.044, A:0.044, A#:0.079, B:0.034"
92463,"C:0.161, C#:0.044, D:0.046, D#:0.030, E:0.109, F:0.061, F#:0.109, G:0.245, G#:0.066, A:0.035, A#:0.027, B:0.067"
92517,"C:0.111, C#:0.028, D:0.078, D#:0.054, E:0.161, F:0.067, F#:0.104, G:0.083, G#:0.080, A:0.138, A#:0.028, B:0.067"
92596,"C:0.209, C#:0.022, D:0.140, D#:0.016, E:0.018, F:0.244, F#:0.029, G:0.204, G#:0.042, A:0.061, A#:0.008, B:0.007"
92597,"C:0.009, C#:0.264, D:0.011, D#:0.138, E:0.005, F:0.017, F#:0.309, G:0.013, G#:0.109, A:0.009, A#:0.109, B:0.005"
92598,"C:0.138, C#:0.050, D:0.061, D#:0.128, E:0.090, F:0.142, F#:0.048, G:0.072, G#:0.109, A:0.038, A#:0.058, B:0.065"
92719,"C:0.158, C#:0.065, D:0.036, D#:0.161, E:0.029, F:0.039, F#:0.018, G:0.125, G#:0.255, A:0.033, A#:0.062, B:0.019"
92720,"C:0.029, C#:0.122, D:0.034, D#:0.079, E:0.157, F:0.047, F#:0.165, G:0.044, G#:0.095, A:0.145, A#:0.032, B:0.050"
92721,"C:0.199, C#:0.015, D:0.023, D#:0.009, E:0.064, F:0.331, F#:0.034, G:0.093, G#:0.016, A:0.060, A#:0.131, B:0.025"
92722,"C:0.018, C#:0.191, D:0.014, D#:0.063, E:0.253, F:0.021, F#:0.026, G:0.014, G#:0.184, A:0.046, A#:0.013, B:0.157"
92723,"C:0.125, C#:0.062, D:0.101, D#:0.029, E:0.205, F:0.040, F#:0.060, G:0.194, G#:0.019, A:0.095, A#:0.015, B:0.057"
92725,"C:0.051, C#:0.020, D:0.075, D#:0.067, E:0.181, F:0.187, F#:0.035, G:0.131, G#:0.063, A:0.117, A#:0.047, B:0.027"
92726,"C:0.081, C#:0.033, D:0.085, D#:0.143, E:0.035, F:0.040, F#:0.067, G:0.131, G#:0.091, A:0.042, A#:0.221, B:0.032"
92727,"C:0.163, C#:0.010, D:0.016, D#:0.031, E:0.042, F:0.283, F#:0.037, G:0.102, G#:0.029, A:0.146, A#:0.124, B:0.018"
92728,"C:0.140, C#:0.164, D:0.017, D#:0.082, E:0.027, F:0.216, F#:0.107, G:0.027, G#:0.045, A:0.032, A#:0.125, B:0.020"
92759,"C:0.143, C#:0.052, D:0.040, D#:0.046, E:0.115, F:0.100, F#:0.046, G:0.041, G#:0.026, A:0.077, A#:0.152, B:0.163"
92761,"C:0.140, C#:0.105, D:0.148, D#:0.120, E:0.162, F:0.075, F#:0.031, G:0.023, G#:0.017, A:0.022, A#:0.057, B:0.099"
92762,"C:0.044, C#:0.065, D:0.087, D#:0.053, E:0.034, F:0.054, F#:0.149, G:0.233, G#:0.132, A:0.050, A#:0.056, B:0.045"
92765,"C:0.067, C#:0.027, D:0.038, D#:0.030, E:0.038, F:0.025, F#:0.069, G:0.116, G#:0.087, A:0.149, A#:0.147, B:0.207"
92824,"C:0.051, C#:0.033, D:0.117, D#:0.157, E:0.032, F:0.025, F#:0.046, G:0.256, G#:0.077, A:0.052, A#:0.114, B:0.038"
92867,"C:0.082, C#:0.049, D:0.053, D#:0.091, E:0.103, F:0.199, F#:0.089, G:0.074, G#:0.088, A:0.056, A#:0.062, B:0.053"
92947,"C:0.355, C#:0.099, D:0.031, D#:0.031, E:0.017, F:0.016, F#:0.023, G:0.127, G#:0.119, A:0.090, A#:0.042, B:0.049"
92949,"C:0.118, C#:0.024, D:0.048, D#:0.107, E:0.139, F:0.152, F#:0.041, G:0.175, G#:0.110, A:0.021, A#:0.023, B:0.044"
92950,"C:0.383, C#:0.068, D:0.019, D#:0.043, E:0.051, F:0.049, F#:0.089, G:0.196, G#:0.018, A:0.008, A#:0.017, B:0.058"
92952,"C:0.147, C#:0.032, D:0.075, D#:0.079, E:0.055, F:0.183, F#:0.066, G:0.130, G#:0.110, A:0.040, A#:0.062, B:0.021"
92954,"C:0.231, C#:0.052, D:0.109, D#:0.095, E:0.049, F:0.107, F#:0.034, G:0.052, G#:0.040, A:0.042, A#:0.129, B:0.062"
92955,"C:0.044, C#:0.033, D:0.187, D#:0.142, E:0.031, F:0.070, F#:0.032, G:0.123, G#:0.036, A:0.104, A#:0.165, B:0.033"
93024,"C:0.089, C#:0.096, D:0.110, D#:0.058, E:0.031, F:0.025, F#:0.027, G:0.027, G#:0.056, A:0.227, A#:0.150, B:0.104"
93032,"C:0.050, C#:0.123, D:0.152, D#:0.056, E:0.075, F:0.026, F#:0.162, G:0.026, G#:0.090, A:0.152, A#:0.037, B:0.049"
93053,"C:0.040, C#:0.083, D:0.101, D#:0.056, E:0.074, F:0.055, F#:0.083, G:0.111, G#:0.109, A:0.145, A#:0.075, B:0.070"
93055,"C:0.061, C#:0.074, D:0.107, D#:0.124, E:0.181, F:0.073, F#:0.075, G:0.039, G#:0.033, A:0.052, A#:0.062, B:0.120"
93056,"C:0.093, C#:0.051, D:0.051, D#:0.086, E:0.087, F:0.038, F#:0.059, G:0.049, G#:0.069, A:0.097, A#:0.117, B:0.203"
93057,"C:0.062, C#:0.068, D:0.099, D#:0.092, E:0.095, F:0.064, F#:0.090, G:0.050, G#:0.051, A:0.088, A#:0.122, B:0.122"
93058,"C:0.051, C#:0.094, D:0.112, D#:0.084, E:0.097, F:0.047, F#:0.056, G:0.080, G#:0.089, A:0.138, A#:0.078, B:0.073"
93074,"C:0.241, C#:0.036, D:0.105, D#:0.032, E:0.077, F:0.054, F#:0.033, G:0.088, G#:0.048, A:0.181, A#:0.036, B:0.070"
93351,"C:0.149, C#:0.007, D:0.026, D#:0.006, E:0.202, F:0.007, F#:0.006, G:0.020, G#:0.054, A:0.438, A#:0.064, B:0.023"
93360,"C:0.241, C#:0.035, D:0.036, D#:0.096, E:0.210, F:0.137, F#:0.024, G:0.066, G#:0.031, A:0.038, A#:0.020, B:0.065"
93361,"C:0.145, C#:0.030, D:0.225, D#:0.020, E:0.025, F:0.022, F#:0.025, G:0.191, G#:0.027, A:0.160, A#:0.102, B:0.029"
93362,"C:0.071, C#:0.073, D:0.092, D#:0.054, E:0.052, F:0.113, F#:0.059, G:0.098, G#:0.096, A:0.176, A#:0.060, B:0.056"
93363,"C:0.174, C#:0.077, D:0.158, D#:0.074, E:0.118, F:0.155, F#:0.047, G:0.057, G#:0.027, A:0.050, A#:0.017, B:0.047"
93364,"C:0.412, C#:0.032, D:0.085, D#:0.016, E:0.099, F:0.017, F#:0.024, G:0.106, G#:0.024, A:0.024, A#:0.022, B:0.137"
93370,"C:0.065, C#:0.106, D:0.151, D#:0.092, E:0.084, F:0.150, F#:0.120, G:0.058, G#:0.043, A:0.049, A#:0.040, B:0.041"
93558,"C:0.222, C#:0.179, D:0.059, D#:0.068, E:0.033, F:0.032, F#:0.076, G:0.041, G#:0.042, A:0.055, A#:0.100, B:0.094"
93716,"C:0.091, C#:0.038, D:0.048, D#:0.092, E:0.082, F:0.019, F#:0.098, G:0.049, G#:0.026, A:0.131, A#:0.077, B:0.248"
93798,"C:0.047, C#:0.053, D:0.159, D#:0.054, E:0.057, F:0.058, F#:0.077, G:0.298, G#:0.067, A:0.041, A#:0.023, B:0.065"
93801,"C:0.356, C#:0.037, D:0.063, D#:0.026, E:0.076, F:0.079, F#:0.027, G:0.168, G#:0.030, A:0.035, A#:0.025, B:0.076"
93807,"C:0.118, C#:0.065, D:0.142, D#:0.029, E:0.044, F:0.032, F#:0.141, G:0.126, G#:0.034, A:0.109, A#:0.033, B:0.126"
93810,"C:0.025, C#:0.096, D:0.016, D#:0.027, E:0.014, F:0.086, F#:0.329, G:0.062, G#:0.078, A:0.025, A#:0.123, B:0.119"
93811,"C:0.032, C#:0.160, D:0.028, D#:0.075, E:0.018, F:0.046, F#:0.317, G:0.058, G#:0.095, A:0.021, A#:0.083, B:0.066"
93815,"C:0.055, C#:0.058, D:0.063, D#:0.143, E:0.029, F:0.036, F#:0.031, G:0.132, G#:0.291, A:0.054, A#:0.080, B:0.027"
93818,"C:0.230, C#:0.033, D:0.027, D#:0.021, E:0.084, F:0.282, F#:0.034, G:0.066, G#:0.024, A:0.091, A#:0.067, B:0.041"
93821,"C:0.027, C#:0.064, D:0.019, D#:0.063, E:0.223, F:0.032, F#:0.061, G:0.039, G#:0.100, A:0.112, A#:0.084, B:0.176"
93822,"C:0.027, C#:0.157, D:0.024, D#:0.025, E:0.024, F:0.098, F#:0.353, G:0.065, G#:0.054, A:0.028, A#:0.108, B:0.037"
93823,"C:0.062, C#:0.190, D:0.035, D#:0.050, E:0.013, F:0.070, F#:0.157, G:0.028, G#:0.075, A:0.041, A#:0.130, B:0.148"
93824,"C:0.169, C#:0.063, D:0.060, D#:0.036, E:0.120, F:0.060, F#:0.038, G:0.160, G#:0.059, A:0.139, A#:0.044, B:0.050"
93825,"C:0.066, C#:0.070, D:0.193, D#:0.086, E:0.149, F:0.130, F#:0.070, G:0.110, G#:0.046, A:0.031, A#:0.019, B:0.030"
93860,"C:0.176, C#:0.061, D:0.043, D#:0.036, E:0.082, F:0.129, F#:0.038, G:0.038, G#:0.030, A:0.085, A#:0.154, B:0.128"
93863,"C:0.167, C#:0.075, D:0.053, D#:0.054, E:0.145, F:0.087, F#:0.042, G:0.063, G#:0.076, A:0.082, A#:0.058, B:0.098"
93867,"C:0.072, C#:0.074, D:0.045, D#:0.075, E:0.122, F:0.029, F#:0.083, G:0.026, G#:0.057, A:0.078, A#:0.077, B:0.261"
93868,"C:0.052, C#:0.061, D:0.190, D#:0.062, E:0.038, F:0.025, F#:0.042, G:0.106, G#:0.063, A:0.174, A#:0.104, B:0.084"
93930,"C:0.013, C#:0.161, D:0.138, D#:0.005, E:0.023, F:0.006, F#:0.230, G:0.058, G#:0.008, A:0.183, A#:0.018, B:0.158"
93932,"C:0.016, C#:0.022, D:0.255, D#:0.015, E:0.062, F:0.013, F#:0.235, G:0.046, G#:0.041, A:0.210, A#:0.028, B:0.057"
93934,"C:0.104, C#:0.114, D:0.028, D#:0.169, E:0.017, F:0.194, F#:0.010, G:0.060, G#:0.135, A:0.014, A#:0.143, B:0.013"
93936,"C:0.119, C#:0.021, D:0.021, D#:0.039, E:0.003, F:0.029, F#:0.020, G:0.073, G#:0.084, A:0.352, A#:0.177, B:0.063"
93937,"C:0.217, C#:0.012, D:0.133, D#:0.013, E:0.056, F:0.189, F#:0.015, G:0.202, G#:0.021, A:0.104, A#:0.019, B:0.018"
93950,"C:0.032, C#:0.028, D:0.022, D#:0.035, E:0.130, F:0.040, F#:0.039, G:0.075, G#:0.111, A:0.342, A#:0.095, B:0.050"
93951,"C:0.051, C#:0.210, D:0.052, D#:0.016, E:0.095, F:0.040, F#:0.067, G:0.055, G#:0.062, A:0.254, A#:0.062, B:0.037"
93952,"C:0.043, C#:0.016, D:0.034, D#:0.079, E:0.357, F:0.062, F#:0.023, G:0.219, G#:0.042, A:0.008, A#:0.009, B:0.108"
93953,"C:0.025, C#:0.191, D:0.012, D#:0.015, E:0.105, F:0.016, F#:0.013, G:0.028, G#:0.120, A:0.401, A#:0.049, B:0.025"
93959,"C:0.111, C#:0.035, D:0.049, D#:0.025, E:0.040, F:0.053, F#:0.104, G:0.033, G#:0.025, A:0.049, A#:0.118, B:0.357"
93960,"C:0.041, C#:0.093, D:0.370, D#:0.096, E:0.034, F:0.037, F#:0.055, G:0.032, G#:0.047, A:0.095, A#:0.043, B:0.057"
93986,"C:0.048, C#:0.025, D:0.043, D#:0.047, E:0.400, F:0.056, F#:0.035, G:0.070, G#:0.142, A:0.071, A#:0.028, B:0.035"
94126,"C:0.079, C#:0.105, D:0.078, D#:0.054, E:0.099, F:0.053, F#:0.076, G:0.038, G#:0.067, A:0.138, A#:0.070, B:0.142"
94136,"C:0.046, C#:0.147, D:0.106, D#:0.041, E:0.052, F:0.052, F#:0.167, G:0.125, G#:0.072, A:0.095, A#:0.053, B:0.045"
94174,"C:0.080, C#:0.033, D:0.052, D#:0.184, E:0.195, F:0.060, F#:0.108, G:0.057, G#:0.025, A:0.024, A#:0.038, B:0.143"
94175,"C:0.091, C#:0.078, D:0.074, D#:0.122, E:0.165, F:0.076, F#:0.071, G:0.048, G#:0.089, A:0.062, A#:0.039, B:0.085"
94177,"C:0.040, C#:0.056, D:0.020, D#:0.035, E:0.186, F:0.225, F#:0.031, G:0.020, G#:0.061, A:0.141, A#:0.128, B:0.057"
94178,"C:0.054, C#:0.050, D:0.124, D#:0.101, E:0.182, F:0.097, F#:0.141, G:0.078, G#:0.028, A:0.026, A#:0.053, B:0.067"
94198,"C:0.089, C#:0.010, D:0.018, D#:0.017, E:0.088, F:0.168, F#:0.163, G:0.273, G#:0.041, A:0.090, A#:0.010, B:0.033"
94204,"C:0.118, C#:0.018, D:0.183, D#:0.015, E:0.062, F:0.182, F#:0.013, G:0.039, G#:0.017, A:0.228, A#:0.111, B:0.015"
94205,"C:0.017, C#:0.039, D:0.286, D#:0.019, E:0.074, F:0.014, F#:0.177, G:0.053, G#:0.014, A:0.110, A#:0.104, B:0.092"
94206,"C:0.048, C#:0.052, D:0.093, D#:0.033, E:0.103, F:0.046, F#:0.131, G:0.123, G#:0.044, A:0.048, A#:0.083, B:0.196"
94207,"C:0.022, C#:0.040, D:0.231, D#:0.046, E:0.165, F:0.035, F#:0.082, G:0.121, G#:0.037, A:0.079, A#:0.029, B:0.114"
94209,"C:0.040, C#:0.143, D:0.126, D#:0.039, E:0.121, F:0.027, F#:0.054, G:0.028, G#:0.094, A:0.204, A#:0.041, B:0.083"
94210,"C:0.109, C#:0.049, D:0.088, D#:0.090, E:0.049, F:0.159, F#:0.036, G:0.046, G#:0.025, A:0.062, A#:0.218, B:0.070"
94211,"C:0.076, C#:0.033, D:0.070, D#:0.159, E:0.060, F:0.100, F#:0.059, G:0.086, G#:0.082, A:0.068, A#:0.160, B:0.049"
94212,"C:0.290, C#:0.050, D:0.043, D#:0.048, E:0.092, F:0.120, F#:0.069, G:0.111, G#:0.045, A:0.044, A#:0.028, B:0.061"
94241,"C:0.143, C#:0.071, D:0.118, D#:0.134, E:0.045, F:0.043, F#:0.076, G:0.146, G#:0.083, A:0.048, A#:0.042, B:0.051"
94331,"C:0.106, C#:0.069, D:0.076, D#:0.037, E:0.051, F:0.081, F#:0.068, G:0.100, G#:0.068, A:0.169, A#:0.096, B:0.079"
94357,"C:0.146, C#:0.109, D:0.047, D#:0.066, E:0.087, F:0.204, F#:0.087, G:0.059, G#:0.038, A:0.036, A#:0.088, B:0.031"
94416,"C:0.022, C#:0.037, D:0.021, D#:0.038, E:0.085, F:0.052, F#:0.231, G:0.067, G#:0.033, A:0.163, A#:0.043, B:0.208"
94417,"C:0.071, C#:0.060, D:0.072, D#:0.071, E:0.101, F:0.115, F#:0.069, G:0.065, G#:0.085, A:0.160, A#:0.070, B:0.062"
94419,"C:0.095, C#:0.051, D:0.061, D#:0.052, E:0.113, F:0.043, F#:0.082, G:0.161, G#:0.051, A:0.054, A#:0.069, B:0.166"
94424,"C:0.134, C#:0.038, D:0.137, D#:0.031, E:0.112, F:0.020, F#:0.041, G:0.188, G#:0.037, A:0.121, A#:0.030, B:0.111"
94433,"C:0.202, C#:0.014, D:0.053, D#:0.008, E:0.093, F:0.009, F#:0.111, G:0.207, G#:0.008, A:0.066, A#:0.009, B:0.219"
94434,"C:0.103, C#:0.025, D:0.181, D#:0.155, E:0.014, F:0.011, F#:0.087, G:0.137, G#:0.011, A:0.148, A#:0.118, B:0.011"
94436,"C:0.129, C#:0.017, D:0.176, D#:0.138, E:0.014, F:0.008, F#:0.007, G:0.091, G#:0.007, A:0.223, A#:0.178, B:0.011"
94437,"C:0.127, C#:0.015, D:0.067, D#:0.023, E:0.181, F:0.116, F#:0.034, G:0.193, G#:0.029, A:0.141, A#:0.011, B:0.064"
94438,"C:0.003, C#:0.013, D:0.249, D#:0.063, E:0.014, F:0.018, F#:0.129, G:0.121, G#:0.010, A:0.150, A#:0.218, B:0.012"
94439,"C:0.155, C#:0.014, D:0.053, D#:0.021, E:0.127, F:0.178, F#:0.035, G:0.109, G#:0.017, A:0.163, A#:0.010, B:0.119"
94441,"C:0.077, C#:0.024, D:0.210, D#:0.071, E:0.045, F:0.043, F#:0.064, G:0.184, G#:0.021, A:0.100, A#:0.131, B:0.030"
94442,"C:0.126, C#:0.019, D:0.190, D#:0.025, E:0.038, F:0.030, F#:0.078, G:0.309, G#:0.020, A:0.071, A#:0.069, B:0.026"
94444,"C:0.077, C#:0.018, D:0.056, D#:0.017, E:0.213, F:0.013, F#:0.056, G:0.160, G#:0.016, A:0.172, A#:0.016, B:0.187"
94564,"C:0.055, C#:0.075, D:0.103, D#:0.076, E:0.158, F:0.042, F#:0.043, G:0.034, G#:0.053, A:0.132, A#:0.072, B:0.155"
94619,"C:0.278, C#:0.062, D:0.027, D#:0.014, E:0.027, F:0.023, F#:0.054, G:0.156, G#:0.074, A:0.102, A#:0.103, B:0.082"
94625,"C:0.138, C#:0.016, D:0.054, D#:0.019, E:0.152, F:0.213, F#:0.027, G:0.170, G#:0.020, A:0.121, A#:0.014, B:0.056"
94652,"C:0.024, C#:0.072, D:0.111, D#:0.026, E:0.130, F:0.029, F#:0.174, G:0.024, G#:0.031, A:0.214, A#:0.032, B:0.135"
94720,"C:0.061, C#:0.052, D:0.155, D#:0.099, E:0.059, F:0.122, F#:0.097, G:0.144, G#:0.041, A:0.049, A#:0.071, B:0.050"
94721,"C:0.113, C#:0.089, D:0.084, D#:0.057, E:0.085, F:0.157, F#:0.112, G:0.139, G#:0.045, A:0.032, A#:0.036, B:0.051"
94723,"C:0.083, C#:0.065, D:0.057, D#:0.060, E:0.085, F:0.070, F#:0.115, G:0.071, G#:0.062, A:0.074, A#:0.100, B:0.159"
94724,"C:0.033, C#:0.020, D:0.021, D#:0.025, E:0.042, F:0.103, F#:0.338, G:0.231, G#:0.090, A:0.043, A#:0.035, B:0.019"
94788,"C:0.160, C#:0.059, D:0.051, D#:0.126, E:0.063, F:0.104, F#:0.050, G:0.097, G#:0.042, A:0.061, A#:0.116, B:0.073"
94789,"C:0.188, C#:0.116, D:0.135, D#:0.126, E:0.118, F:0.085, F#:0.038, G:0.020, G#:0.016, A:0.025, A#:0.038, B:0.094"
94790,"C:0.104, C#:0.051, D:0.062, D#:0.041, E:0.084, F:0.085, F#:0.083, G:0.126, G#:0.066, A:0.097, A#:0.081, B:0.118"
94793,"C:0.131, C#:0.070, D:0.062, D#:0.080, E:0.136, F:0.122, F#:0.096, G:0.121, G#:0.052, A:0.043, A#:0.033, B:0.052"
94794,"C:0.101, C#:0.077, D:0.094, D#:0.106, E:0.082, F:0.100, F#:0.094, G:0.109, G#:0.052, A:0.056, A#:0.064, B:0.065"
94795,"C:0.108, C#:0.076, D:0.089, D#:0.118, E:0.086, F:0.084, F#:0.079, G:0.096, G#:0.056, A:0.058, A#:0.086, B:0.064"
94799,"C:0.126, C#:0.056, D:0.088, D#:0.053, E:0.105, F:0.090, F#:0.062, G:0.134, G#:0.051, A:0.111, A#:0.040, B:0.085"
94802,"C:0.128, C#:0.065, D:0.038, D#:0.034, E:0.026, F:0.036, F#:0.049, G:0.095, G#:0.134, A:0.134, A#:0.156, B:0.105"
95407,"C:0.050, C#:0.042, D:0.057, D#:0.101, E:0.065, F:0.098, F#:0.130, G:0.076, G#:0.056, A:0.058, A#:0.155, B:0.113"
95409,"C:0.050, C#:0.125, D:0.213, D#:0.049, E:0.115, F:0.162, F#:0.070, G:0.034, G#:0.033, A:0.064, A#:0.045, B:0.040"
95503,"C:0.007, C#:0.012, D:0.389, D#:0.013, E:0.066, F:0.018, F#:0.077, G:0.064, G#:0.009, A:0.146, A#:0.015, B:0.184"
95507,"C:0.025, C#:0.061, D:0.129, D#:0.036, E:0.078, F:0.064, F#:0.152, G:0.151, G#:0.059, A:0.131, A#:0.034, B:0.078"
95602,"C:0.081, C#:0.037, D:0.050, D#:0.117, E:0.114, F:0.144, F#:0.052, G:0.098, G#:0.103, A:0.048, A#:0.083, B:0.072"
95603,"C:0.073, C#:0.049, D:0.032, D#:0.030, E:0.034, F:0.032, F#:0.057, G:0.119, G#:0.162, A:0.251, A#:0.094, B:0.067"
95604,"C:0.031, C#:0.025, D:0.020, D#:0.053, E:0.089, F:0.102, F#:0.175, G:0.217, G#:0.143, A:0.052, A#:0.022, B:0.072"
95605,"C:0.034, C#:0.052, D:0.034, D#:0.215, E:0.099, F:0.033, F#:0.142, G:0.108, G#:0.115, A:0.047, A#:0.037, B:0.086"
95606,"C:0.086, C#:0.045, D:0.071, D#:0.068, E:0.120, F:0.076, F#:0.098, G:0.146, G#:0.043, A:0.054, A#:0.061, B:0.131"
95631,"C:0.113, C#:0.113, D:0.072, D#:0.072, E:0.056, F:0.089, F#:0.089, G:0.062, G#:0.070, A:0.086, A#:0.101, B:0.079"
95664,"C:0.036, C#:0.041, D:0.178, D#:0.129, E:0.055, F:0.125, F#:0.059, G:0.093, G#:0.073, A:0.097, A#:0.075, B:0.040"
95665,"C:0.224, C#:0.009, D:0.003, D#:0.012, E:0.104, F:0.482, F#:0.027, G:0.049, G#:0.005, A:0.012, A#:0.002, B:0.072"
95667,"C:0.744, C#:0.046, D:0.015, D#:0.005, E:0.022, F:0.009, F#:0.005, G:0.027, G#:0.004, A:0.017, A#:0.016, B:0.088"
95668,"C:0.232, C#:0.077, D:0.046, D#:0.051, E:0.140, F:0.053, F#:0.026, G:0.040, G#:0.042, A:0.106, A#:0.076, B:0.112"
95669,"C:0.353, C#:0.121, D:0.012, D#:0.012, E:0.138, F:0.239, F#:0.040, G:0.005, G#:0.002, A:0.002, A#:0.009, B:0.067"
95670,"C:0.084, C#:0.055, D:0.136, D#:0.186, E:0.085, F:0.123, F#:0.046, G:0.049, G#:0.092, A:0.042, A#:0.060, B:0.042"
95671,"C:0.171, C#:0.050, D:0.066, D#:0.022, E:0.055, F:0.097, F#:0.051, G:0.120, G#:0.057, A:0.135, A#:0.057, B:0.120"
95724,"C:0.020, C#:0.195, D:0.021, D#:0.063, E:0.013, F:0.072, F#:0.247, G:0.031, G#:0.070, A:0.051, A#:0.175, B:0.043"
95726,"C:0.043, C#:0.113, D:0.019, D#:0.126, E:0.069, F:0.029, F#:0.199, G:0.028, G#:0.078, A:0.025, A#:0.052, B:0.219"
95756,"C:0.019, C#:0.013, D:0.026, D#:0.049, E:0.038, F:0.068, F#:0.113, G:0.261, G#:0.242, A:0.080, A#:0.052, B:0.039"
95766,"C:0.013, C#:0.041, D:0.338, D#:0.036, E:0.051, F:0.021, F#:0.107, G:0.091, G#:0.029, A:0.206, A#:0.025, B:0.042"
95767,"C:0.019, C#:0.080, D:0.212, D#:0.063, E:0.085, F:0.041, F#:0.120, G:0.087, G#:0.060, A:0.137, A#:0.072, B:0.023"
95769,"C:0.016, C#:0.069, D:0.197, D#:0.028, E:0.040, F:0.025, F#:0.184, G:0.156, G#:0.041, A:0.166, A#:0.027, B:0.052"
95770,"C:0.035, C#:0.208, D:0.025, D#:0.071, E:0.020, F:0.098, F#:0.187, G:0.030, G#:0.060, A:0.023, A#:0.096, B:0.145"
95771,"C:0.032, C#:0.015, D:0.018, D#:0.073, E:0.221, F:0.038, F#:0.035, G:0.016, G#:0.088, A:0.172, A#:0.068, B:0.224"
95773,"C:0.045, C#:0.049, D:0.008, D#:0.046, E:0.053, F:0.031, F#:0.175, G:0.032, G#:0.083, A:0.029, A#:0.092, B:0.356"
95777,"C:0.047, C#:0.067, D:0.030, D#:0.066, E:0.179, F:0.036, F#:0.039, G:0.040, G#:0.103, A:0.179, A#:0.066, B:0.148"
95778,"C:0.114, C#:0.031, D:0.064, D#:0.035, E:0.077, F:0.272, F#:0.042, G:0.035, G#:0.027, A:0.099, A#:0.162, B:0.041"
95780,"C:0.031, C#:0.060, D:0.018, D#:0.052, E:0.243, F:0.048, F#:0.143, G:0.028, G#:0.072, A:0.119, A#:0.041, B:0.144"
95781,"C:0.115, C#:0.042, D:0.149, D#:0.021, E:0.033, F:0.023, F#:0.104, G:0.304, G#:0.052, A:0.042, A#:0.019, B:0.097"
95782,"C:0.019, C#:0.112, D:0.200, D#:0.067, E:0.093, F:0.018, F#:0.044, G:0.021, G#:0.061, A:0.236, A#:0.048, B:0.083"
95783,"C:0.102, C#:0.023, D:0.087, D#:0.070, E:0.038, F:0.175, F#:0.026, G:0.046, G#:0.018, A:0.065, A#:0.297, B:0.053"
95784,"C:0.089, C#:0.083, D:0.278, D#:0.071, E:0.055, F:0.039, F#:0.029, G:0.043, G#:0.042, A:0.182, A#:0.054, B:0.035"
95785,"C:0.033, C#:0.118, D:0.044, D#:0.046, E:0.153, F:0.034, F#:0.074, G:0.031, G#:0.118, A:0.236, A#:0.071, B:0.042"
95786,"C:0.019, C#:0.021, D:0.091, D#:0.044, E:0.127, F:0.139, F#:0.112, G:0.173, G#:0.059, A:0.120, A#:0.054, B:0.042"
95805,"C:0.093, C#:0.049, D:0.060, D#:0.046, E:0.138, F:0.107, F#:0.053, G:0.069, G#:0.048, A:0.202, A#:0.085, B:0.050"
95807,"C:0.202, C#:0.075, D:0.065, D#:0.029, E:0.055, F:0.068, F#:0.067, G:0.193, G#:0.058, A:0.039, A#:0.055, B:0.094"
95808,"C:0.047, C#:0.095, D:0.100, D#:0.076, E:0.152, F:0.055, F#:0.083, G:0.053, G#:0.110, A:0.132, A#:0.042, B:0.056"
95810,"C:0.044, C#:0.159, D:0.073, D#:0.081, E:0.055, F:0.089, F#:0.062, G:0.038, G#:0.179, A:0.118, A#:0.067, B:0.035"
95813,"C:0.034, C#:0.047, D:0.052, D#:0.062, E:0.155, F:0.135, F#:0.232, G:0.152, G#:0.043, A:0.032, A#:0.030, B:0.028"
95819,"C:0.101, C#:0.029, D:0.063, D#:0.071, E:0.034, F:0.078, F#:0.060, G:0.139, G#:0.033, A:0.097, A#:0.210, B:0.086"
95820,"C:0.064, C#:0.052, D:0.056, D#:0.058, E:0.049, F:0.098, F#:0.054, G:0.078, G#:0.130, A:0.147, A#:0.159, B:0.055"
95821,"C:0.065, C#:0.034, D:0.083, D#:0.082, E:0.064, F:0.156, F#:0.110, G:0.128, G#:0.048, A:0.057, A#:0.121, B:0.052"
95822,"C:0.114, C#:0.076, D:0.053, D#:0.031, E:0.133, F:0.103, F#:0.076, G:0.118, G#:0.115, A:0.101, A#:0.042, B:0.037"
95823,"C:0.080, C#:0.034, D:0.020, D#:0.030, E:0.018, F:0.039, F#:0.158, G:0.062, G#:0.086, A:0.041, A#:0.104, B:0.328"
95835,"C:0.044, C#:0.069, D:0.087, D#:0.076, E:0.060, F:0.113, F#:0.189, G:0.162, G#:0.090, A:0.045, A#:0.034, B:0.031"
95846,"C:0.092, C#:0.111, D:0.082, D#:0.082, E:0.084, F:0.070, F#:0.055, G:0.081, G#:0.075, A:0.095, A#:0.081, B:0.090"
95848,"C:0.125, C#:0.124, D:0.087, D#:0.059, E:0.066, F:0.050, F#:0.056, G:0.071, G#:0.067, A:0.091, A#:0.092, B:0.112"
95849,"C:0.089, C#:0.098, D:0.079, D#:0.095, E:0.105, F:0.092, F#:0.087, G:0.056, G#:0.059, A:0.070, A#:0.081, B:0.089"
95875,"C:0.130, C#:0.011, D:0.015, D#:0.020, E:0.094, F:0.378, F#:0.035, G:0.072, G#:0.200, A:0.019, A#:0.003, B:0.023"
95893,"C:0.026, C#:0.032, D:0.084, D#:0.022, E:0.148, F:0.059, F#:0.137, G:0.194, G#:0.046, A:0.079, A#:0.094, B:0.079"
95897,"C:0.077, C#:0.175, D:0.061, D#:0.075, E:0.038, F:0.009, F#:0.024, G:0.041, G#:0.268, A:0.125, A#:0.069, B:0.038"
95908,"C:0.067, C#:0.057, D:0.081, D#:0.092, E:0.126, F:0.124, F#:0.084, G:0.063, G#:0.124, A:0.066, A#:0.061, B:0.055"
95911,"C:0.047, C#:0.043, D:0.045, D#:0.057, E:0.127, F:0.147, F#:0.124, G:0.071, G#:0.085, A:0.049, A#:0.116, B:0.089"
95917,"C:0.140, C#:0.010, D:0.069, D#:0.020, E:0.212, F:0.301, F#:0.028, G:0.114, G#:0.011, A:0.012, A#:0.006, B:0.077"
96056,"C:0.138, C#:0.028, D:0.033, D#:0.095, E:0.052, F:0.209, F#:0.054, G:0.082, G#:0.158, A:0.041, A#:0.076, B:0.036"
96100,"C:0.097, C#:0.032, D:0.054, D#:0.107, E:0.123, F:0.118, F#:0.114, G:0.185, G#:0.057, A:0.039, A#:0.037, B:0.037"
96147,"C:0.114, C#:0.041, D:0.121, D#:0.040, E:0.032, F:0.020, F#:0.083, G:0.199, G#:0.065, A:0.123, A#:0.038, B:0.124"
96431,"C:0.047, C#:0.099, D:0.141, D#:0.073, E:0.156, F:0.044, F#:0.036, G:0.049, G#:0.085, A:0.175, A#:0.047, B:0.049"
96432,"C:0.061, C#:0.084, D:0.092, D#:0.092, E:0.128, F:0.047, F#:0.052, G:0.053, G#:0.099, A:0.108, A#:0.064, B:0.120"
96435,"C:0.052, C#:0.055, D:0.051, D#:0.041, E:0.059, F:0.031, F#:0.045, G:0.070, G#:0.113, A:0.250, A#:0.153, B:0.080"
96790,"C:0.025, C#:0.029, D:0.022, D#:0.089, E:0.089, F:0.090, F#:0.197, G:0.054, G#:0.088, A:0.028, A#:0.070, B:0.220"
96792,"C:0.019, C#:0.133, D:0.017, D#:0.132, E:0.126, F:0.032, F#:0.076, G:0.028, G#:0.161, A:0.116, A#:0.028, B:0.132"
96795,"C:0.016, C#:0.055, D:0.017, D#:0.076, E:0.083, F:0.098, F#:0.298, G:0.058, G#:0.167, A:0.024, A#:0.026, B:0.083"
96796,"C:0.036, C#:0.048, D:0.023, D#:0.065, E:0.054, F:0.037, F#:0.135, G:0.024, G#:0.100, A:0.027, A#:0.113, B:0.337"
96797,"C:0.037, C#:0.020, D:0.114, D#:0.044, E:0.030, F:0.067, F#:0.139, G:0.148, G#:0.062, A:0.159, A#:0.062, B:0.118"
96944,"C:0.185, C#:0.022, D:0.186, D#:0.018, E:0.030, F:0.115, F#:0.016, G:0.049, G#:0.025, A:0.213, A#:0.121, B:0.021"
96946,"C:0.140, C#:0.042, D:0.137, D#:0.033, E:0.119, F:0.155, F#:0.031, G:0.036, G#:0.036, A:0.176, A#:0.056, B:0.039"
97000,"C:0.133, C#:0.193, D:0.117, D#:0.170, E:0.106, F:0.046, F#:0.016, G:0.011, G#:0.014, A:0.045, A#:0.085, B:0.063"
97001,"C:0.047, C#:0.053, D:0.086, D#:0.148, E:0.077, F:0.169, F#:0.169, G:0.050, G#:0.031, A:0.022, A#:0.071, B:0.075"
97007,"C:0.106, C#:0.059, D:0.080, D#:0.081, E:0.081, F:0.133, F#:0.081, G:0.168, G#:0.051, A:0.063, A#:0.057, B:0.040"
97013,"C:0.014, C#:0.027, D:0.119, D#:0.015, E:0.119, F:0.035, F#:0.199, G:0.142, G#:0.026, A:0.152, A#:0.022, B:0.131"
97034,"C:0.057, C#:0.062, D:0.079, D#:0.066, E:0.095, F:0.056, F#:0.075, G:0.079, G#:0.071, A:0.118, A#:0.092, B:0.150"
97036,"C:0.195, C#:0.047, D:0.027, D#:0.035, E:0.144, F:0.100, F#:0.081, G:0.092, G#:0.056, A:0.123, A#:0.044, B:0.057"
97039,"C:0.069, C#:0.046, D:0.093, D#:0.055, E:0.085, F:0.044, F#:0.057, G:0.119, G#:0.124, A:0.096, A#:0.078, B:0.135"
97043,"C:0.057, C#:0.047, D:0.125, D#:0.044, E:0.061, F:0.073, F#:0.072, G:0.139, G#:0.087, A:0.193, A#:0.056, B:0.046"
97146,"C:0.028, C#:0.116, D:0.018, D#:0.122, E:0.023, F:0.063, F#:0.112, G:0.021, G#:0.247, A:0.016, A#:0.227, B:0.008"
97147,"C:0.196, C#:0.035, D:0.025, D#:0.006, E:0.042, F:0.035, F#:0.028, G:0.260, G#:0.040, A:0.270, A#:0.030, B:0.033"
97154,"C:0.060, C#:0.319, D:0.025, D#:0.065, E:0.014, F:0.128, F#:0.010, G:0.023, G#:0.318, A:0.017, A#:0.011, B:0.010"
97164,"C:0.095, C#:0.040, D:0.051, D#:0.055, E:0.094, F:0.121, F#:0.063, G:0.106, G#:0.058, A:0.083, A#:0.146, B:0.088"
97166,"C:0.207, C#:0.080, D:0.047, D#:0.033, E:0.027, F:0.034, F#:0.061, G:0.155, G#:0.082, A:0.076, A#:0.059, B:0.138"
97167,"C:0.224, C#:0.092, D:0.066, D#:0.146, E:0.086, F:0.142, F#:0.045, G:0.051, G#:0.014, A:0.016, A#:0.032, B:0.088"
97170,"C:0.320, C#:0.044, D:0.031, D#:0.027, E:0.165, F:0.041, F#:0.031, G:0.129, G#:0.029, A:0.042, A#:0.026, B:0.114"
97171,"C:0.066, C#:0.102, D:0.075, D#:0.046, E:0.061, F:0.107, F#:0.172, G:0.145, G#:0.089, A:0.046, A#:0.049, B:0.041"
97172,"C:0.104, C#:0.121, D:0.116, D#:0.054, E:0.076, F:0.186, F#:0.099, G:0.042, G#:0.062, A:0.024, A#:0.095, B:0.020"
97173,"C:0.051, C#:0.058, D:0.084, D#:0.037, E:0.062, F:0.054, F#:0.245, G:0.170, G#:0.080, A:0.059, A#:0.044, B:0.058"
97174,"C:0.091, C#:0.063, D:0.061, D#:0.117, E:0.180, F:0.077, F#:0.069, G:0.115, G#:0.052, A:0.032, A#:0.040, B:0.103"
97179,"C:0.027, C#:0.007, D:0.012, D#:0.073, E:0.183, F:0.034, F#:0.083, G:0.039, G#:0.170, A:0.036, A#:0.111, B:0.226"
97190,"C:0.061, C#:0.139, D:0.164, D#:0.217, E:0.095, F:0.084, F#:0.088, G:0.031, G#:0.021, A:0.022, A#:0.045, B:0.031"
97192,"C:0.071, C#:0.050, D:0.084, D#:0.089, E:0.069, F:0.063, F#:0.105, G:0.183, G#:0.079, A:0.071, A#:0.083, B:0.054"
97244,"C:0.149, C#:0.128, D:0.117, D#:0.055, E:0.046, F:0.026, F#:0.032, G:0.055, G#:0.068, A:0.071, A#:0.083, B:0.168"
97246,"C:0.307, C#:0.053, D:0.032, D#:0.039, E:0.243, F:0.037, F#:0.018, G:0.027, G#:0.025, A:0.046, A#:0.068, B:0.105"
97247,"C:0.084, C#:0.031, D:0.036, D#:0.030, E:0.102, F:0.089, F#:0.065, G:0.095, G#:0.083, A:0.170, A#:0.096, B:0.119"
97255,"C:0.354, C#:0.156, D:0.086, D#:0.077, E:0.034, F:0.016, F#:0.014, G:0.046, G#:0.021, A:0.023, A#:0.040, B:0.133"
97259,"C:0.132, C#:0.064, D:0.056, D#:0.061, E:0.056, F:0.044, F#:0.088, G:0.140, G#:0.119, A:0.100, A#:0.069, B:0.072"
97285,"C:0.006, C#:0.128, D:0.005, D#:0.010, E:0.219, F:0.016, F#:0.203, G:0.008, G#:0.048, A:0.211, A#:0.010, B:0.135"
97288,"C:0.100, C#:0.088, D:0.187, D#:0.111, E:0.070, F:0.067, F#:0.050, G:0.052, G#:0.043, A:0.056, A#:0.094, B:0.083"
97291,"C:0.168, C#:0.085, D:0.115, D#:0.071, E:0.133, F:0.044, F#:0.038, G:0.090, G#:0.038, A:0.050, A#:0.051, B:0.117"
97292,"C:0.133, C#:0.082, D:0.097, D#:0.080, E:0.136, F:0.057, F#:0.047, G:0.060, G#:0.058, A:0.071, A#:0.065, B:0.115"
97294,"C:0.126, C#:0.098, D:0.175, D#:0.089, E:0.063, F:0.064, F#:0.042, G:0.039, G#:0.038, A:0.061, A#:0.107, B:0.099"
97400,"C:0.031, C#:0.027, D:0.060, D#:0.056, E:0.237, F:0.049, F#:0.089, G:0.156, G#:0.042, A:0.058, A#:0.026, B:0.169"
97401,"C:0.233, C#:0.111, D:0.079, D#:0.081, E:0.061, F:0.036, F#:0.036, G:0.053, G#:0.030, A:0.047, A#:0.094, B:0.140"
97402,"C:0.124, C#:0.104, D:0.122, D#:0.094, E:0.148, F:0.052, F#:0.028, G:0.038, G#:0.038, A:0.084, A#:0.056, B:0.112"
97404,"C:0.078, C#:0.047, D:0.175, D#:0.014, E:0.153, F:0.012, F#:0.146, G:0.143, G#:0.016, A:0.036, A#:0.068, B:0.113"
97408,"C:0.018, C#:0.028, D:0.069, D#:0.019, E:0.035, F:0.023, F#:0.216, G:0.099, G#:0.172, A:0.203, A#:0.082, B:0.036"
97409,"C:0.017, C#:0.028, D:0.247, D#:0.027, E:0.163, F:0.022, F#:0.120, G:0.101, G#:0.016, A:0.012, A#:0.014, B:0.233"
97412,"C:0.142, C#:0.039, D:0.170, D#:0.020, E:0.087, F:0.115, F#:0.030, G:0.078, G#:0.033, A:0.178, A#:0.073, B:0.034"
97414,"C:0.019, C#:0.101, D:0.019, D#:0.037, E:0.163, F:0.028, F#:0.089, G:0.028, G#:0.094, A:0.238, A#:0.025, B:0.160"
97520,"C:0.199, C#:0.094, D:0.008, D#:0.039, E:0.016, F:0.289, F#:0.025, G:0.077, G#:0.186, A:0.018, A#:0.038, B:0.013"
97522,"C:0.009, C#:0.049, D:0.013, D#:0.374, E:0.112, F:0.010, F#:0.047, G:0.014, G#:0.170, A:0.010, A#:0.117, B:0.075"
97524,"C:0.101, C#:0.071, D:0.045, D#:0.079, E:0.039, F:0.131, F#:0.085, G:0.171, G#:0.105, A:0.039, A#:0.096, B:0.038"
97525,"C:0.058, C#:0.029, D:0.140, D#:0.014, E:0.119, F:0.014, F#:0.039, G:0.248, G#:0.021, A:0.166, A#:0.019, B:0.133"
97526,"C:0.091, C#:0.058, D:0.022, D#:0.083, E:0.074, F:0.449, F#:0.082, G:0.042, G#:0.056, A:0.018, A#:0.012, B:0.011"
97532,"C:0.037, C#:0.028, D:0.053, D#:0.111, E:0.117, F:0.038, F#:0.064, G:0.128, G#:0.069, A:0.194, A#:0.082, B:0.079"
97534,"C:0.175, C#:0.073, D:0.066, D#:0.038, E:0.085, F:0.087, F#:0.160, G:0.056, G#:0.034, A:0.059, A#:0.027, B:0.139"
97574,"C:0.021, C#:0.033, D:0.015, D#:0.015, E:0.031, F:0.069, F#:0.275, G:0.078, G#:0.051, A:0.068, A#:0.302, B:0.041"
97578,"C:0.228, C#:0.088, D:0.040, D#:0.030, E:0.070, F:0.051, F#:0.051, G:0.159, G#:0.068, A:0.058, A#:0.055, B:0.102"
97589,"C:0.036, C#:0.111, D:0.024, D#:0.055, E:0.167, F:0.038, F#:0.090, G:0.025, G#:0.091, A:0.059, A#:0.036, B:0.268"
97602,"C:0.066, C#:0.093, D:0.057, D#:0.032, E:0.036, F:0.038, F#:0.082, G:0.095, G#:0.132, A:0.128, A#:0.122, B:0.120"
97603,"C:0.118, C#:0.063, D:0.087, D#:0.073, E:0.047, F:0.139, F#:0.045, G:0.078, G#:0.107, A:0.070, A#:0.116, B:0.057"
97609,"C:0.007, C#:0.022, D:0.063, D#:0.024, E:0.181, F:0.359, F#:0.058, G:0.014, G#:0.035, A:0.215, A#:0.018, B:0.005"
97681,"C:0.116, C#:0.039, D:0.052, D#:0.095, E:0.097, F:0.036, F#:0.101, G:0.091, G#:0.038, A:0.034, A#:0.098, B:0.202"
97685,"C:0.042, C#:0.092, D:0.049, D#:0.117, E:0.083, F:0.027, F#:0.047, G:0.101, G#:0.271, A:0.080, A#:0.037, B:0.054"
97687,"C:0.094, C#:0.164, D:0.237, D#:0.019, E:0.039, F:0.016, F#:0.033, G:0.064, G#:0.113, A:0.107, A#:0.030, B:0.084"
97797,"C:0.082, C#:0.039, D:0.301, D#:0.073, E:0.048, F:0.157, F#:0.053, G:0.024, G#:0.019, A:0.163, A#:0.019, B:0.023"
97800,"C:0.034, C#:0.007, D:0.013, D#:0.034, E:0.474, F:0.047, F#:0.036, G:0.051, G#:0.016, A:0.003, A#:0.010, B:0.275"
97806,"C:0.007, C#:0.005, D:0.002, D#:0.004, E:0.033, F:0.008, F#:0.010, G:0.026, G#:0.129, A:0.647, A#:0.106, B:0.025"
97808,"C:0.009, C#:0.007, D:0.004, D#:0.018, E:0.176, F:0.066, F#:0.018, G:0.050, G#:0.055, A:0.456, A#:0.050, B:0.089"
97818,"C:0.024, C#:0.069, D:0.052, D#:0.030, E:0.058, F:0.023, F#:0.065, G:0.076, G#:0.075, A:0.226, A#:0.059, B:0.242"
97823,"C:0.009, C#:0.030, D:0.020, D#:0.013, E:0.064, F:0.021, F#:0.016, G:0.047, G#:0.086, A:0.534, A#:0.133, B:0.026"
97826,"C:0.017, C#:0.013, D:0.025, D#:0.055, E:0.223, F:0.057, F#:0.059, G:0.260, G#:0.126, A:0.093, A#:0.034, B:0.036"
97882,"C:0.001, C#:0.002, D:0.028, D#:0.056, E:0.007, F:0.101, F#:0.026, G:0.495, G#:0.026, A:0.011, A#:0.235, B:0.012"
97891,"C:0.232, C#:0.047, D:0.056, D#:0.024, E:0.068, F:0.095, F#:0.070, G:0.221, G#:0.041, A:0.046, A#:0.032, B:0.068"
97896,"C:0.135, C#:0.050, D:0.053, D#:0.079, E:0.117, F:0.137, F#:0.059, G:0.125, G#:0.045, A:0.052, A#:0.074, B:0.075"
97958,"C:0.062, C#:0.091, D:0.035, D#:0.046, E:0.078, F:0.189, F#:0.028, G:0.029, G#:0.087, A:0.092, A#:0.219, B:0.045"
97959,"C:0.029, C#:0.013, D:0.016, D#:0.014, E:0.029, F:0.046, F#:0.087, G:0.197, G#:0.131, A:0.274, A#:0.100, B:0.064"
97960,"C:0.152, C#:0.068, D:0.054, D#:0.025, E:0.088, F:0.179, F#:0.067, G:0.068, G#:0.050, A:0.127, A#:0.034, B:0.088"
97961,"C:0.125, C#:0.089, D:0.046, D#:0.055, E:0.042, F:0.138, F#:0.053, G:0.053, G#:0.157, A:0.078, A#:0.116, B:0.049"
98077,"C:0.184, C#:0.088, D:0.081, D#:0.052, E:0.133, F:0.071, F#:0.052, G:0.064, G#:0.048, A:0.078, A#:0.056, B:0.093"
98202,"C:0.094, C#:0.122, D:0.093, D#:0.070, E:0.096, F:0.146, F#:0.146, G:0.065, G#:0.056, A:0.041, A#:0.033, B:0.037"
98204,"C:0.047, C#:0.046, D:0.062, D#:0.105, E:0.204, F:0.091, F#:0.083, G:0.047, G#:0.060, A:0.096, A#:0.066, B:0.091"
98206,"C:0.054, C#:0.041, D:0.039, D#:0.027, E:0.032, F:0.041, F#:0.061, G:0.146, G#:0.123, A:0.184, A#:0.099, B:0.151"
98221,"C:0.082, C#:0.057, D:0.066, D#:0.112, E:0.054, F:0.093, F#:0.043, G:0.092, G#:0.122, A:0.066, A#:0.159, B:0.053"
98225,"C:0.159, C#:0.063, D:0.070, D#:0.049, E:0.053, F:0.072, F#:0.079, G:0.163, G#:0.067, A:0.061, A#:0.071, B:0.094"
98226,"C:0.078, C#:0.059, D:0.056, D#:0.062, E:0.138, F:0.065, F#:0.070, G:0.094, G#:0.069, A:0.094, A#:0.077, B:0.138"
98323,"C:0.062, C#:0.053, D:0.236, D#:0.033, E:0.046, F:0.083, F#:0.048, G:0.054, G#:0.057, A:0.206, A#:0.088, B:0.035"
98357,"C:0.180, C#:0.029, D:0.189, D#:0.021, E:0.053, F:0.105, F#:0.019, G:0.188, G#:0.020, A:0.125, A#:0.017, B:0.053"
98358,"C:0.276, C#:0.010, D:0.001, D#:0.003, E:0.003, F:0.017, F#:0.015, G:0.036, G#:0.435, A:0.173, A#:0.016, B:0.014"
98361,"C:0.049, C#:0.010, D:0.117, D#:0.017, E:0.043, F:0.419, F#:0.021, G:0.009, G#:0.040, A:0.154, A#:0.112, B:0.010"
98362,"C:0.019, C#:0.162, D:0.046, D#:0.274, E:0.028, F:0.282, F#:0.017, G:0.052, G#:0.004, A:0.010, A#:0.096, B:0.008"
98369,"C:0.014, C#:0.007, D:0.104, D#:0.011, E:0.280, F:0.113, F#:0.014, G:0.018, G#:0.026, A:0.358, A#:0.023, B:0.033"
98372,"C:0.097, C#:0.040, D:0.046, D#:0.058, E:0.022, F:0.041, F#:0.029, G:0.066, G#:0.087, A:0.093, A#:0.230, B:0.190"
98381,"C:0.058, C#:0.062, D:0.060, D#:0.127, E:0.118, F:0.070, F#:0.059, G:0.046, G#:0.075, A:0.066, A#:0.090, B:0.169"
98482,"C:0.098, C#:0.054, D:0.076, D#:0.041, E:0.161, F:0.093, F#:0.048, G:0.085, G#:0.070, A:0.126, A#:0.030, B:0.119"
98484,"C:0.152, C#:0.038, D:0.095, D#:0.040, E:0.187, F:0.105, F#:0.040, G:0.156, G#:0.031, A:0.030, A#:0.018, B:0.108"
98486,"C:0.092, C#:0.070, D:0.043, D#:0.031, E:0.028, F:0.025, F#:0.056, G:0.089, G#:0.096, A:0.138, A#:0.167, B:0.166"
98487,"C:0.138, C#:0.097, D:0.110, D#:0.087, E:0.137, F:0.043, F#:0.021, G:0.056, G#:0.039, A:0.069, A#:0.082, B:0.121"
98488,"C:0.040, C#:0.035, D:0.053, D#:0.062, E:0.061, F:0.146, F#:0.061, G:0.085, G#:0.048, A:0.096, A#:0.254, B:0.059"
98489,"C:0.103, C#:0.010, D:0.033, D#:0.009, E:0.083, F:0.153, F#:0.050, G:0.248, G#:0.052, A:0.160, A#:0.019, B:0.079"
98490,"C:0.143, C#:0.036, D:0.026, D#:0.018, E:0.068, F:0.080, F#:0.084, G:0.156, G#:0.085, A:0.120, A#:0.061, B:0.122"
98491,"C:0.091, C#:0.049, D:0.143, D#:0.052, E:0.045, F:0.050, F#:0.063, G:0.087, G#:0.078, A:0.234, A#:0.071, B:0.036"
98547,"C:0.015, C#:0.012, D:0.018, D#:0.063, E:0.533, F:0.049, F#:0.023, G:0.042, G#:0.152, A:0.019, A#:0.015, B:0.058"
98548,"C:0.061, C#:0.029, D:0.151, D#:0.145, E:0.044, F:0.150, F#:0.043, G:0.199, G#:0.027, A:0.074, A#:0.062, B:0.015"
98549,"C:0.062, C#:0.071, D:0.059, D#:0.114, E:0.069, F:0.189, F#:0.061, G:0.052, G#:0.064, A:0.058, A#:0.151, B:0.052"
98551,"C:0.035, C#:0.094, D:0.149, D#:0.025, E:0.015, F:0.022, F#:0.036, G:0.138, G#:0.153, A:0.204, A#:0.099, B:0.031"
98552,"C:0.071, C#:0.197, D:0.094, D#:0.036, E:0.053, F:0.049, F#:0.132, G:0.056, G#:0.051, A:0.069, A#:0.081, B:0.111"
98553,"C:0.042, C#:0.108, D:0.306, D#:0.129, E:0.080, F:0.058, F#:0.023, G:0.022, G#:0.049, A:0.104, A#:0.056, B:0.024"
98556,"C:0.080, C#:0.043, D:0.069, D#:0.028, E:0.042, F:0.074, F#:0.059, G:0.172, G#:0.086, A:0.138, A#:0.112, B:0.095"
98567,"C:0.067, C#:0.084, D:0.095, D#:0.060, E:0.050, F:0.085, F#:0.173, G:0.079, G#:0.058, A:0.063, A#:0.099, B:0.088"
98569,"C:0.059, C#:0.014, D:0.019, D#:0.047, E:0.031, F:0.048, F#:0.040, G:0.253, G#:0.265, A:0.128, A#:0.066, B:0.031"
98603,"C:0.037, C#:0.106, D:0.235, D#:0.044, E:0.085, F:0.027, F#:0.085, G:0.026, G#:0.044, A:0.185, A#:0.046, B:0.079"
98604,"C:0.030, C#:0.104, D:0.092, D#:0.050, E:0.154, F:0.060, F#:0.122, G:0.066, G#:0.085, A:0.134, A#:0.034, B:0.069"
98605,"C:0.090, C#:0.048, D:0.111, D#:0.038, E:0.088, F:0.040, F#:0.100, G:0.197, G#:0.076, A:0.094, A#:0.039, B:0.078"
98606,"C:0.047, C#:0.093, D:0.255, D#:0.037, E:0.039, F:0.032, F#:0.108, G:0.030, G#:0.035, A:0.183, A#:0.048, B:0.092"
98608,"C:0.076, C#:0.171, D:0.039, D#:0.116, E:0.032, F:0.018, F#:0.085, G:0.042, G#:0.123, A:0.044, A#:0.064, B:0.191"
98609,"C:0.200, C#:0.026, D:0.041, D#:0.031, E:0.099, F:0.193, F#:0.046, G:0.095, G#:0.043, A:0.118, A#:0.075, B:0.032"
98610,"C:0.040, C#:0.066, D:0.044, D#:0.036, E:0.122, F:0.065, F#:0.095, G:0.101, G#:0.108, A:0.181, A#:0.080, B:0.059"
98611,"C:0.126, C#:0.037, D:0.074, D#:0.037, E:0.048, F:0.164, F#:0.042, G:0.078, G#:0.055, A:0.140, A#:0.152, B:0.046"
98612,"C:0.083, C#:0.058, D:0.080, D#:0.062, E:0.084, F:0.113, F#:0.090, G:0.105, G#:0.069, A:0.076, A#:0.074, B:0.105"
98613,"C:0.148, C#:0.053, D:0.068, D#:0.040, E:0.047, F:0.106, F#:0.076, G:0.217, G#:0.092, A:0.049, A#:0.046, B:0.059"
98615,"C:0.057, C#:0.047, D:0.125, D#:0.044, E:0.061, F:0.073, F#:0.072, G:0.139, G#:0.087, A:0.193, A#:0.056, B:0.046"
98616,"C:0.116, C#:0.030, D:0.026, D#:0.035, E:0.141, F:0.027, F#:0.036, G:0.099, G#:0.096, A:0.194, A#:0.064, B:0.138"
98617,"C:0.060, C#:0.037, D:0.118, D#:0.048, E:0.131, F:0.038, F#:0.058, G:0.128, G#:0.063, A:0.115, A#:0.055, B:0.149"
98618,"C:0.109, C#:0.118, D:0.342, D#:0.098, E:0.076, F:0.066, F#:0.026, G:0.017, G#:0.022, A:0.057, A#:0.018, B:0.053"
98619,"C:0.060, C#:0.037, D:0.116, D#:0.048, E:0.134, F:0.038, F#:0.057, G:0.131, G#:0.064, A:0.114, A#:0.056, B:0.147"
98620,"C:0.104, C#:0.114, D:0.338, D#:0.090, E:0.083, F:0.069, F#:0.025, G:0.018, G#:0.024, A:0.066, A#:0.017, B:0.052"
98621,"C:0.162, C#:0.026, D:0.039, D#:0.137, E:0.043, F:0.066, F#:0.093, G:0.199, G#:0.089, A:0.048, A#:0.054, B:0.045"
98622,"C:0.081, C#:0.068, D:0.091, D#:0.058, E:0.147, F:0.033, F#:0.095, G:0.075, G#:0.035, A:0.048, A#:0.050, B:0.221"
98623,"C:0.065, C#:0.024, D:0.030, D#:0.052, E:0.171, F:0.113, F#:0.130, G:0.206, G#:0.077, A:0.042, A#:0.025, B:0.064"
98624,"C:0.116, C#:0.030, D:0.025, D#:0.034, E:0.141, F:0.027, F#:0.036, G:0.099, G#:0.096, A:0.194, A#:0.064, B:0.138"
98625,"C:0.131, C#:0.058, D:0.105, D#:0.052, E:0.117, F:0.076, F#:0.046, G:0.114, G#:0.053, A:0.116, A#:0.043, B:0.089"
98626,"C:0.045, C#:0.029, D:0.040, D#:0.056, E:0.096, F:0.053, F#:0.108, G:0.135, G#:0.114, A:0.138, A#:0.071, B:0.117"
98627,"C:0.040, C#:0.041, D:0.131, D#:0.053, E:0.108, F:0.043, F#:0.076, G:0.123, G#:0.091, A:0.140, A#:0.073, B:0.082"
98702,"C:0.165, C#:0.046, D:0.047, D#:0.080, E:0.043, F:0.164, F#:0.029, G:0.032, G#:0.025, A:0.061, A#:0.230, B:0.079"
98754,"C:0.136, C#:0.026, D:0.140, D#:0.022, E:0.080, F:0.262, F#:0.028, G:0.051, G#:0.035, A:0.082, A#:0.121, B:0.017"
98756,"C:0.018, C#:0.032, D:0.114, D#:0.086, E:0.041, F:0.052, F#:0.067, G:0.320, G#:0.115, A:0.077, A#:0.054, B:0.024"
98760,"C:0.090, C#:0.211, D:0.130, D#:0.029, E:0.032, F:0.008, F#:0.013, G:0.012, G#:0.068, A:0.153, A#:0.081, B:0.174"
98761,"C:0.067, C#:0.121, D:0.052, D#:0.099, E:0.060, F:0.092, F#:0.081, G:0.065, G#:0.176, A:0.068, A#:0.082, B:0.038"
98764,"C:0.207, C#:0.021, D:0.072, D#:0.227, E:0.022, F:0.046, F#:0.020, G:0.163, G#:0.094, A:0.026, A#:0.081, B:0.023"
98765,"C:0.091, C#:0.077, D:0.061, D#:0.046, E:0.051, F:0.148, F#:0.112, G:0.053, G#:0.065, A:0.083, A#:0.129, B:0.085"
98766,"C:0.092, C#:0.038, D:0.236, D#:0.031, E:0.096, F:0.060, F#:0.019, G:0.074, G#:0.034, A:0.249, A#:0.043, B:0.028"
98771,"C:0.004, C#:0.021, D:0.155, D#:0.011, E:0.003, F:0.050, F#:0.038, G:0.353, G#:0.050, A:0.073, A#:0.209, B:0.031"
98809,"C:0.109, C#:0.071, D:0.051, D#:0.022, E:0.054, F:0.028, F#:0.181, G:0.124, G#:0.048, A:0.063, A#:0.070, B:0.179"
98837,"C:0.028, C#:0.013, D:0.020, D#:0.026, E:0.169, F:0.189, F#:0.045, G:0.188, G#:0.048, A:0.186, A#:0.030, B:0.058"
98838,"C:0.163, C#:0.015, D:0.036, D#:0.155, E:0.018, F:0.068, F#:0.022, G:0.126, G#:0.195, A:0.041, A#:0.135, B:0.027"
98840,"C:0.017, C#:0.012, D:0.015, D#:0.020, E:0.035, F:0.176, F#:0.088, G:0.177, G#:0.248, A:0.125, A#:0.059, B:0.027"
98841,"C:0.059, C#:0.034, D:0.029, D#:0.037, E:0.076, F:0.357, F#:0.162, G:0.067, G#:0.066, A:0.037, A#:0.044, B:0.032"
98854,"C:0.094, C#:0.020, D:0.072, D#:0.023, E:0.102, F:0.021, F#:0.058, G:0.239, G#:0.025, A:0.062, A#:0.062, B:0.223"
98855,"C:0.091, C#:0.079, D:0.036, D#:0.094, E:0.061, F:0.190, F#:0.090, G:0.054, G#:0.068, A:0.055, A#:0.148, B:0.033"
98856,"C:0.075, C#:0.030, D:0.082, D#:0.037, E:0.103, F:0.099, F#:0.136, G:0.176, G#:0.053, A:0.093, A#:0.038, B:0.079"
98857,"C:0.016, C#:0.053, D:0.045, D#:0.075, E:0.137, F:0.210, F#:0.198, G:0.087, G#:0.072, A:0.036, A#:0.057, B:0.013"
98859,"C:0.029, C#:0.041, D:0.030, D#:0.055, E:0.171, F:0.037, F#:0.133, G:0.105, G#:0.122, A:0.114, A#:0.067, B:0.096"
98860,"C:0.052, C#:0.023, D:0.054, D#:0.023, E:0.088, F:0.036, F#:0.095, G:0.186, G#:0.156, A:0.123, A#:0.057, B:0.107"
98861,"C:0.023, C#:0.143, D:0.045, D#:0.097, E:0.047, F:0.182, F#:0.160, G:0.047, G#:0.080, A:0.026, A#:0.119, B:0.033"
98863,"C:0.029, C#:0.069, D:0.038, D#:0.077, E:0.058, F:0.106, F#:0.093, G:0.228, G#:0.148, A:0.084, A#:0.044, B:0.026"
98864,"C:0.272, C#:0.035, D:0.017, D#:0.101, E:0.012, F:0.011, F#:0.010, G:0.082, G#:0.226, A:0.032, A#:0.167, B:0.035"
98865,"C:0.090, C#:0.016, D:0.109, D#:0.019, E:0.080, F:0.084, F#:0.048, G:0.175, G#:0.079, A:0.119, A#:0.052, B:0.129"
98867,"C:0.070, C#:0.049, D:0.157, D#:0.094, E:0.031, F:0.091, F#:0.076, G:0.147, G#:0.095, A:0.085, A#:0.069, B:0.035"
98869,"C:0.093, C#:0.036, D:0.121, D#:0.045, E:0.079, F:0.115, F#:0.060, G:0.124, G#:0.076, A:0.159, A#:0.053, B:0.040"
98872,"C:0.018, C#:0.068, D:0.052, D#:0.276, E:0.053, F:0.079, F#:0.130, G:0.048, G#:0.097, A:0.033, A#:0.127, B:0.020"
98873,"C:0.034, C#:0.051, D:0.044, D#:0.058, E:0.058, F:0.066, F#:0.121, G:0.159, G#:0.174, A:0.119, A#:0.081, B:0.036"
98874,"C:0.089, C#:0.110, D:0.101, D#:0.107, E:0.076, F:0.085, F#:0.079, G:0.095, G#:0.094, A:0.063, A#:0.067, B:0.034"
98876,"C:0.227, C#:0.022, D:0.021, D#:0.040, E:0.203, F:0.047, F#:0.057, G:0.179, G#:0.035, A:0.012, A#:0.016, B:0.141"
98877,"C:0.012, C#:0.017, D:0.216, D#:0.017, E:0.070, F:0.009, F#:0.149, G:0.149, G#:0.009, A:0.073, A#:0.016, B:0.262"
98878,"C:0.055, C#:0.077, D:0.036, D#:0.147, E:0.037, F:0.173, F#:0.193, G:0.042, G#:0.040, A:0.029, A#:0.133, B:0.037"
98879,"C:0.015, C#:0.055, D:0.023, D#:0.062, E:0.037, F:0.147, F#:0.218, G:0.080, G#:0.205, A:0.050, A#:0.092, B:0.015"
98880,"C:0.039, C#:0.069, D:0.064, D#:0.115, E:0.097, F:0.166, F#:0.138, G:0.074, G#:0.042, A:0.069, A#:0.080, B:0.047"
98884,"C:0.070, C#:0.024, D:0.026, D#:0.042, E:0.222, F:0.063, F#:0.094, G:0.199, G#:0.055, A:0.060, A#:0.044, B:0.101"
98890,"C:0.161, C#:0.049, D:0.030, D#:0.090, E:0.033, F:0.024, F#:0.036, G:0.144, G#:0.154, A:0.093, A#:0.125, B:0.063"
98891,"C:0.163, C#:0.051, D:0.041, D#:0.046, E:0.164, F:0.061, F#:0.057, G:0.112, G#:0.062, A:0.030, A#:0.044, B:0.169"
98906,"C:0.054, C#:0.030, D:0.044, D#:0.066, E:0.228, F:0.089, F#:0.089, G:0.067, G#:0.079, A:0.049, A#:0.052, B:0.154"
98907,"C:0.047, C#:0.125, D:0.093, D#:0.189, E:0.072, F:0.069, F#:0.120, G:0.049, G#:0.098, A:0.021, A#:0.095, B:0.023"
98911,"C:0.048, C#:0.091, D:0.038, D#:0.119, E:0.045, F:0.154, F#:0.098, G:0.044, G#:0.070, A:0.046, A#:0.194, B:0.053"
98912,"C:0.076, C#:0.155, D:0.099, D#:0.118, E:0.099, F:0.129, F#:0.057, G:0.024, G#:0.036, A:0.048, A#:0.099, B:0.059"
98915,"C:0.167, C#:0.175, D:0.080, D#:0.144, E:0.088, F:0.135, F#:0.060, G:0.019, G#:0.021, A:0.013, A#:0.024, B:0.074"
98916,"C:0.060, C#:0.038, D:0.045, D#:0.070, E:0.189, F:0.050, F#:0.047, G:0.108, G#:0.069, A:0.170, A#:0.084, B:0.070"
98919,"C:0.081, C#:0.082, D:0.133, D#:0.071, E:0.072, F:0.050, F#:0.091, G:0.037, G#:0.041, A:0.075, A#:0.096, B:0.171"
98921,"C:0.184, C#:0.038, D:0.020, D#:0.018, E:0.033, F:0.175, F#:0.057, G:0.182, G#:0.050, A:0.167, A#:0.040, B:0.038"
98922,"C:0.116, C#:0.151, D:0.392, D#:0.098, E:0.063, F:0.046, F#:0.013, G:0.012, G#:0.009, A:0.050, A#:0.015, B:0.035"
98923,"C:0.023, C#:0.010, D:0.013, D#:0.029, E:0.161, F:0.174, F#:0.063, G:0.098, G#:0.085, A:0.236, A#:0.073, B:0.036"
98926,"C:0.022, C#:0.040, D:0.077, D#:0.214, E:0.081, F:0.045, F#:0.084, G:0.096, G#:0.173, A:0.070, A#:0.070, B:0.027"
98929,"C:0.025, C#:0.038, D:0.036, D#:0.087, E:0.064, F:0.042, F#:0.076, G:0.127, G#:0.340, A:0.102, A#:0.039, B:0.023"
98931,"C:0.027, C#:0.102, D:0.096, D#:0.194, E:0.087, F:0.086, F#:0.162, G:0.074, G#:0.063, A:0.029, A#:0.060, B:0.018"
98932,"C:0.130, C#:0.052, D:0.070, D#:0.049, E:0.026, F:0.031, F#:0.043, G:0.165, G#:0.151, A:0.074, A#:0.104, B:0.105"
98933,"C:0.073, C#:0.136, D:0.059, D#:0.077, E:0.133, F:0.046, F#:0.040, G:0.047, G#:0.138, A:0.059, A#:0.057, B:0.134"
98935,"C:0.064, C#:0.093, D:0.072, D#:0.122, E:0.100, F:0.061, F#:0.068, G:0.078, G#:0.144, A:0.070, A#:0.056, B:0.071"
98938,"C:0.084, C#:0.171, D:0.070, D#:0.068, E:0.098, F:0.058, F#:0.088, G:0.061, G#:0.101, A:0.057, A#:0.060, B:0.083"
98942,"C:0.186, C#:0.038, D:0.062, D#:0.042, E:0.096, F:0.013, F#:0.026, G:0.072, G#:0.051, A:0.119, A#:0.086, B:0.209"
98943,"C:0.022, C#:0.076, D:0.058, D#:0.204, E:0.076, F:0.090, F#:0.269, G:0.076, G#:0.055, A:0.021, A#:0.033, B:0.021"
98945,"C:0.047, C#:0.139, D:0.074, D#:0.112, E:0.055, F:0.079, F#:0.191, G:0.075, G#:0.077, A:0.045, A#:0.076, B:0.032"
98947,"C:0.141, C#:0.059, D:0.070, D#:0.040, E:0.055, F:0.079, F#:0.085, G:0.131, G#:0.073, A:0.090, A#:0.066, B:0.111"
98948,"C:0.092, C#:0.113, D:0.343, D#:0.139, E:0.104, F:0.088, F#:0.018, G:0.013, G#:0.013, A:0.026, A#:0.020, B:0.031"
98949,"C:0.049, C#:0.094, D:0.180, D#:0.240, E:0.083, F:0.038, F#:0.059, G:0.069, G#:0.043, A:0.050, A#:0.060, B:0.036"
98950,"C:0.059, C#:0.071, D:0.209, D#:0.046, E:0.038, F:0.050, F#:0.094, G:0.212, G#:0.065, A:0.094, A#:0.032, B:0.029"
98952,"C:0.136, C#:0.062, D:0.044, D#:0.043, E:0.048, F:0.042, F#:0.040, G:0.060, G#:0.067, A:0.118, A#:0.155, B:0.185"
98953,"C:0.109, C#:0.106, D:0.091, D#:0.085, E:0.048, F:0.057, F#:0.024, G:0.029, G#:0.058, A:0.106, A#:0.162, B:0.125"
98970,"C:0.059, C#:0.098, D:0.096, D#:0.121, E:0.078, F:0.092, F#:0.140, G:0.071, G#:0.084, A:0.060, A#:0.063, B:0.038"
98976,"C:0.065, C#:0.154, D:0.092, D#:0.069, E:0.062, F:0.142, F#:0.082, G:0.064, G#:0.151, A:0.041, A#:0.048, B:0.030"
98985,"C:0.101, C#:0.078, D:0.035, D#:0.031, E:0.071, F:0.098, F#:0.059, G:0.048, G#:0.102, A:0.098, A#:0.168, B:0.112"
98987,"C:0.171, C#:0.028, D:0.054, D#:0.086, E:0.045, F:0.147, F#:0.034, G:0.048, G#:0.112, A:0.045, A#:0.192, B:0.039"
98988,"C:0.021, C#:0.024, D:0.027, D#:0.039, E:0.081, F:0.124, F#:0.163, G:0.195, G#:0.154, A:0.113, A#:0.034, B:0.024"
98991,"C:0.033, C#:0.164, D:0.040, D#:0.142, E:0.025, F:0.107, F#:0.185, G:0.020, G#:0.056, A:0.034, A#:0.170, B:0.024"
98993,"C:0.070, C#:0.024, D:0.026, D#:0.042, E:0.222, F:0.063, F#:0.094, G:0.199, G#:0.055, A:0.060, A#:0.044, B:0.101"
98995,"C:0.066, C#:0.196, D:0.081, D#:0.048, E:0.104, F:0.035, F#:0.091, G:0.048, G#:0.178, A:0.057, A#:0.023, B:0.073"
98998,"C:0.059, C#:0.067, D:0.076, D#:0.084, E:0.088, F:0.149, F#:0.153, G:0.123, G#:0.051, A:0.033, A#:0.049, B:0.067"
99000,"C:0.163, C#:0.051, D:0.041, D#:0.046, E:0.164, F:0.061, F#:0.057, G:0.112, G#:0.062, A:0.030, A#:0.044, B:0.169"
99002,"C:0.063, C#:0.064, D:0.091, D#:0.134, E:0.074, F:0.066, F#:0.071, G:0.088, G#:0.119, A:0.091, A#:0.082, B:0.056"
99007,"C:0.085, C#:0.048, D:0.162, D#:0.043, E:0.130, F:0.195, F#:0.042, G:0.031, G#:0.031, A:0.140, A#:0.030, B:0.062"
99010,"C:0.153, C#:0.040, D:0.039, D#:0.110, E:0.029, F:0.083, F#:0.039, G:0.194, G#:0.128, A:0.066, A#:0.075, B:0.043"
99012,"C:0.045, C#:0.048, D:0.069, D#:0.093, E:0.194, F:0.118, F#:0.112, G:0.107, G#:0.066, A:0.052, A#:0.044, B:0.052"
99015,"C:0.027, C#:0.061, D:0.077, D#:0.114, E:0.061, F:0.085, F#:0.133, G:0.110, G#:0.133, A:0.066, A#:0.101, B:0.032"
99016,"C:0.227, C#:0.022, D:0.021, D#:0.040, E:0.203, F:0.047, F#:0.057, G:0.179, G#:0.035, A:0.012, A#:0.016, B:0.141"
99017,"C:0.012, C#:0.017, D:0.216, D#:0.017, E:0.070, F:0.009, F#:0.149, G:0.149, G#:0.009, A:0.073, A#:0.016, B:0.262"
99018,"C:0.055, C#:0.077, D:0.036, D#:0.147, E:0.037, F:0.173, F#:0.193, G:0.042, G#:0.040, A:0.029, A#:0.133, B:0.037"
99019,"C:0.015, C#:0.055, D:0.023, D#:0.062, E:0.037, F:0.147, F#:0.218, G:0.080, G#:0.205, A:0.050, A#:0.092, B:0.015"
99020,"C:0.039, C#:0.069, D:0.064, D#:0.115, E:0.097, F:0.166, F#:0.138, G:0.074, G#:0.042, A:0.069, A#:0.080, B:0.047"
99021,"C:0.094, C#:0.020, D:0.072, D#:0.023, E:0.102, F:0.021, F#:0.058, G:0.239, G#:0.025, A:0.062, A#:0.062, B:0.223"
99022,"C:0.091, C#:0.079, D:0.036, D#:0.094, E:0.061, F:0.190, F#:0.090, G:0.054, G#:0.068, A:0.055, A#:0.148, B:0.033"
99023,"C:0.075, C#:0.030, D:0.082, D#:0.037, E:0.103, F:0.099, F#:0.136, G:0.176, G#:0.053, A:0.093, A#:0.038, B:0.079"
99024,"C:0.016, C#:0.053, D:0.045, D#:0.075, E:0.137, F:0.210, F#:0.198, G:0.087, G#:0.072, A:0.036, A#:0.057, B:0.013"
99026,"C:0.029, C#:0.041, D:0.030, D#:0.055, E:0.171, F:0.037, F#:0.133, G:0.105, G#:0.122, A:0.114, A#:0.067, B:0.096"
99027,"C:0.052, C#:0.023, D:0.054, D#:0.023, E:0.088, F:0.036, F#:0.095, G:0.186, G#:0.156, A:0.123, A#:0.057, B:0.107"
99028,"C:0.023, C#:0.143, D:0.045, D#:0.097, E:0.047, F:0.182, F#:0.160, G:0.047, G#:0.080, A:0.026, A#:0.119, B:0.033"
99030,"C:0.029, C#:0.069, D:0.038, D#:0.077, E:0.058, F:0.106, F#:0.093, G:0.228, G#:0.148, A:0.084, A#:0.044, B:0.026"
99031,"C:0.272, C#:0.035, D:0.017, D#:0.101, E:0.012, F:0.011, F#:0.010, G:0.082, G#:0.226, A:0.032, A#:0.167, B:0.035"
99032,"C:0.090, C#:0.016, D:0.109, D#:0.019, E:0.080, F:0.084, F#:0.048, G:0.175, G#:0.079, A:0.119, A#:0.052, B:0.129"
99033,"C:0.100, C#:0.019, D:0.019, D#:0.016, E:0.086, F:0.121, F#:0.048, G:0.194, G#:0.059, A:0.182, A#:0.040, B:0.117"
99034,"C:0.070, C#:0.049, D:0.157, D#:0.094, E:0.031, F:0.091, F#:0.076, G:0.147, G#:0.095, A:0.085, A#:0.069, B:0.035"
99035,"C:0.080, C#:0.110, D:0.071, D#:0.065, E:0.044, F:0.056, F#:0.071, G:0.101, G#:0.110, A:0.083, A#:0.122, B:0.086"
99036,"C:0.093, C#:0.036, D:0.121, D#:0.045, E:0.079, F:0.115, F#:0.060, G:0.124, G#:0.076, A:0.159, A#:0.053, B:0.040"
99039,"C:0.018, C#:0.068, D:0.052, D#:0.276, E:0.053, F:0.079, F#:0.130, G:0.048, G#:0.097, A:0.033, A#:0.127, B:0.020"
99040,"C:0.034, C#:0.051, D:0.044, D#:0.058, E:0.058, F:0.066, F#:0.121, G:0.159, G#:0.174, A:0.119, A#:0.081, B:0.036"
99041,"C:0.089, C#:0.110, D:0.101, D#:0.107, E:0.076, F:0.085, F#:0.079, G:0.095, G#:0.094, A:0.063, A#:0.067, B:0.034"
99049,"C:0.195, C#:0.047, D:0.027, D#:0.035, E:0.144, F:0.100, F#:0.081, G:0.092, G#:0.056, A:0.123, A#:0.044, B:0.057"
99050,"C:0.134, C#:0.032, D:0.029, D#:0.038, E:0.128, F:0.102, F#:0.059, G:0.103, G#:0.073, A:0.149, A#:0.062, B:0.089"
99051,"C:0.154, C#:0.042, D:0.035, D#:0.045, E:0.122, F:0.027, F#:0.039, G:0.120, G#:0.085, A:0.102, A#:0.063, B:0.165"
99052,"C:0.057, C#:0.076, D:0.162, D#:0.053, E:0.083, F:0.051, F#:0.140, G:0.048, G#:0.046, A:0.093, A#:0.064, B:0.128"
99053,"C:0.228, C#:0.023, D:0.080, D#:0.013, E:0.058, F:0.213, F#:0.017, G:0.069, G#:0.019, A:0.215, A#:0.021, B:0.045"
99055,"C:0.113, C#:0.049, D:0.066, D#:0.110, E:0.037, F:0.030, F#:0.043, G:0.086, G#:0.131, A:0.127, A#:0.131, B:0.076"
99279,"C:0.136, C#:0.024, D:0.023, D#:0.027, E:0.105, F:0.157, F#:0.194, G:0.056, G#:0.064, A:0.136, A#:0.025, B:0.053"
99281,"C:0.019, C#:0.039, D:0.130, D#:0.028, E:0.124, F:0.052, F#:0.155, G:0.044, G#:0.040, A:0.097, A#:0.050, B:0.222"
99283,"C:0.314, C#:0.039, D:0.020, D#:0.020, E:0.110, F:0.038, F#:0.022, G:0.088, G#:0.055, A:0.141, A#:0.056, B:0.097"
99284,"C:0.069, C#:0.009, D:0.124, D#:0.018, E:0.220, F:0.073, F#:0.019, G:0.148, G#:0.022, A:0.192, A#:0.016, B:0.090"
99286,"C:0.222, C#:0.025, D:0.012, D#:0.028, E:0.117, F:0.014, F#:0.018, G:0.049, G#:0.058, A:0.271, A#:0.057, B:0.129"
99288,"C:0.163, C#:0.046, D:0.068, D#:0.036, E:0.095, F:0.075, F#:0.045, G:0.120, G#:0.087, A:0.122, A#:0.049, B:0.095"
99300,"C:0.080, C#:0.068, D:0.173, D#:0.043, E:0.054, F:0.232, F#:0.074, G:0.113, G#:0.034, A:0.062, A#:0.032, B:0.035"
99302,"C:0.126, C#:0.025, D:0.055, D#:0.015, E:0.059, F:0.054, F#:0.074, G:0.221, G#:0.083, A:0.078, A#:0.051, B:0.159"
99305,"C:0.065, C#:0.037, D:0.046, D#:0.066, E:0.092, F:0.094, F#:0.121, G:0.165, G#:0.086, A:0.083, A#:0.078, B:0.068"
99309,"C:0.044, C#:0.075, D:0.067, D#:0.149, E:0.085, F:0.094, F#:0.108, G:0.054, G#:0.038, A:0.073, A#:0.163, B:0.051"
99311,"C:0.068, C#:0.026, D:0.069, D#:0.039, E:0.104, F:0.055, F#:0.134, G:0.152, G#:0.042, A:0.081, A#:0.045, B:0.184"
99312,"C:0.020, C#:0.027, D:0.046, D#:0.183, E:0.070, F:0.143, F#:0.149, G:0.065, G#:0.136, A:0.040, A#:0.101, B:0.021"
99486,"C:0.007, C#:0.160, D:0.008, D#:0.016, E:0.193, F:0.011, F#:0.081, G:0.020, G#:0.232, A:0.248, A#:0.015, B:0.009"
99488,"C:0.065, C#:0.139, D:0.011, D#:0.090, E:0.011, F:0.144, F#:0.117, G:0.012, G#:0.020, A:0.116, A#:0.203, B:0.070"
99489,"C:0.160, C#:0.011, D:0.141, D#:0.011, E:0.084, F:0.132, F#:0.009, G:0.057, G#:0.010, A:0.184, A#:0.013, B:0.188"
99491,"C:0.007, C#:0.235, D:0.081, D#:0.012, E:0.176, F:0.011, F#:0.118, G:0.037, G#:0.110, A:0.110, A#:0.056, B:0.049"
99492,"C:0.144, C#:0.012, D:0.031, D#:0.025, E:0.180, F:0.070, F#:0.022, G:0.145, G#:0.093, A:0.163, A#:0.018, B:0.098"
99494,"C:0.108, C#:0.009, D:0.049, D#:0.016, E:0.193, F:0.205, F#:0.012, G:0.008, G#:0.044, A:0.325, A#:0.015, B:0.016"
99519,"C:0.049, C#:0.020, D:0.016, D#:0.019, E:0.035, F:0.127, F#:0.069, G:0.257, G#:0.099, A:0.158, A#:0.073, B:0.077"
99520,"C:0.176, C#:0.032, D:0.244, D#:0.156, E:0.018, F:0.037, F#:0.019, G:0.085, G#:0.034, A:0.021, A#:0.123, B:0.054"
99521,"C:0.042, C#:0.114, D:0.031, D#:0.026, E:0.034, F:0.141, F#:0.042, G:0.045, G#:0.199, A:0.075, A#:0.202, B:0.050"
99522,"C:0.048, C#:0.093, D:0.025, D#:0.041, E:0.033, F:0.124, F#:0.059, G:0.043, G#:0.143, A:0.099, A#:0.188, B:0.106"
99524,"C:0.116, C#:0.025, D:0.042, D#:0.021, E:0.038, F:0.326, F#:0.065, G:0.244, G#:0.042, A:0.040, A#:0.013, B:0.028"
99565,"C:0.077, C#:0.085, D:0.119, D#:0.060, E:0.061, F:0.059, F#:0.107, G:0.107, G#:0.043, A:0.064, A#:0.048, B:0.170"
99566,"C:0.047, C#:0.118, D:0.381, D#:0.075, E:0.044, F:0.023, F#:0.041, G:0.060, G#:0.030, A:0.069, A#:0.029, B:0.083"
99567,"C:0.108, C#:0.031, D:0.095, D#:0.018, E:0.026, F:0.070, F#:0.140, G:0.312, G#:0.051, A:0.036, A#:0.021, B:0.091"
99569,"C:0.070, C#:0.069, D:0.166, D#:0.050, E:0.098, F:0.045, F#:0.104, G:0.113, G#:0.056, A:0.044, A#:0.047, B:0.138"
99570,"C:0.021, C#:0.142, D:0.180, D#:0.022, E:0.098, F:0.017, F#:0.096, G:0.013, G#:0.030, A:0.313, A#:0.026, B:0.039"
99614,"C:0.090, C#:0.095, D:0.206, D#:0.069, E:0.044, F:0.054, F#:0.034, G:0.038, G#:0.058, A:0.153, A#:0.090, B:0.068"
99615,"C:0.022, C#:0.016, D:0.101, D#:0.030, E:0.026, F:0.048, F#:0.114, G:0.468, G#:0.105, A:0.037, A#:0.017, B:0.016"
99616,"C:0.096, C#:0.071, D:0.089, D#:0.083, E:0.233, F:0.092, F#:0.049, G:0.029, G#:0.027, A:0.039, A#:0.055, B:0.137"
99617,"C:0.084, C#:0.058, D:0.286, D#:0.049, E:0.041, F:0.036, F#:0.032, G:0.061, G#:0.068, A:0.188, A#:0.053, B:0.043"
99620,"C:0.046, C#:0.028, D:0.087, D#:0.033, E:0.062, F:0.045, F#:0.041, G:0.119, G#:0.232, A:0.226, A#:0.059, B:0.020"
100523,"C:0.229, C#:0.024, D:0.045, D#:0.152, E:0.029, F:0.116, F#:0.022, G:0.138, G#:0.021, A:0.063, A#:0.129, B:0.032"
100524,"C:0.026, C#:0.064, D:0.059, D#:0.036, E:0.054, F:0.075, F#:0.222, G:0.178, G#:0.122, A:0.077, A#:0.037, B:0.051"
100527,"C:0.043, C#:0.014, D:0.256, D#:0.031, E:0.007, F:0.083, F#:0.021, G:0.259, G#:0.019, A:0.053, A#:0.165, B:0.047"
100529,"C:0.135, C#:0.065, D:0.044, D#:0.035, E:0.031, F:0.055, F#:0.067, G:0.118, G#:0.096, A:0.099, A#:0.127, B:0.128"
100530,"C:0.212, C#:0.056, D:0.061, D#:0.043, E:0.023, F:0.020, F#:0.030, G:0.120, G#:0.107, A:0.088, A#:0.139, B:0.101"
100539,"C:0.199, C#:0.035, D:0.017, D#:0.014, E:0.127, F:0.028, F#:0.027, G:0.360, G#:0.050, A:0.070, A#:0.032, B:0.042"
100696,"C:0.018, C#:0.063, D:0.207, D#:0.030, E:0.043, F:0.021, F#:0.086, G:0.165, G#:0.048, A:0.162, A#:0.090, B:0.064"
100697,"C:0.186, C#:0.044, D:0.094, D#:0.033, E:0.052, F:0.181, F#:0.076, G:0.109, G#:0.039, A:0.110, A#:0.040, B:0.037"
100698,"C:0.028, C#:0.027, D:0.012, D#:0.116, E:0.202, F:0.033, F#:0.054, G:0.021, G#:0.123, A:0.107, A#:0.036, B:0.241"
100701,"C:0.279, C#:0.036, D:0.052, D#:0.025, E:0.088, F:0.079, F#:0.047, G:0.176, G#:0.046, A:0.072, A#:0.027, B:0.073"
100704,"C:0.022, C#:0.142, D:0.139, D#:0.030, E:0.061, F:0.014, F#:0.043, G:0.019, G#:0.105, A:0.338, A#:0.047, B:0.041"
100709,"C:0.064, C#:0.025, D:0.191, D#:0.027, E:0.019, F:0.017, F#:0.064, G:0.389, G#:0.056, A:0.075, A#:0.015, B:0.057"
100711,"C:0.024, C#:0.086, D:0.298, D#:0.052, E:0.040, F:0.026, F#:0.128, G:0.188, G#:0.041, A:0.057, A#:0.020, B:0.042"
100715,"C:0.174, C#:0.067, D:0.312, D#:0.035, E:0.043, F:0.007, F#:0.026, G:0.139, G#:0.017, A:0.046, A#:0.017, B:0.118"
100717,"C:0.278, C#:0.043, D:0.023, D#:0.016, E:0.065, F:0.169, F#:0.052, G:0.152, G#:0.035, A:0.063, A#:0.028, B:0.077"
100719,"C:0.039, C#:0.274, D:0.031, D#:0.087, E:0.014, F:0.029, F#:0.107, G:0.032, G#:0.188, A:0.031, A#:0.099, B:0.071"
100768,"C:0.231, C#:0.025, D:0.176, D#:0.020, E:0.090, F:0.090, F#:0.021, G:0.150, G#:0.016, A:0.109, A#:0.018, B:0.054"
100769,"C:0.163, C#:0.014, D:0.041, D#:0.252, E:0.020, F:0.091, F#:0.023, G:0.119, G#:0.178, A:0.010, A#:0.080, B:0.009"
100770,"C:0.029, C#:0.162, D:0.049, D#:0.026, E:0.191, F:0.024, F#:0.031, G:0.015, G#:0.073, A:0.185, A#:0.034, B:0.182"
100771,"C:0.011, C#:0.037, D:0.357, D#:0.015, E:0.043, F:0.005, F#:0.112, G:0.095, G#:0.010, A:0.157, A#:0.012, B:0.144"
100774,"C:0.219, C#:0.036, D:0.105, D#:0.017, E:0.084, F:0.019, F#:0.044, G:0.278, G#:0.058, A:0.079, A#:0.018, B:0.045"
100775,"C:0.048, C#:0.086, D:0.022, D#:0.078, E:0.132, F:0.032, F#:0.139, G:0.033, G#:0.109, A:0.044, A#:0.038, B:0.239"
100776,"C:0.158, C#:0.050, D:0.109, D#:0.051, E:0.119, F:0.074, F#:0.060, G:0.175, G#:0.050, A:0.071, A#:0.028, B:0.054"
100778,"C:0.129, C#:0.046, D:0.055, D#:0.041, E:0.167, F:0.039, F#:0.036, G:0.112, G#:0.066, A:0.192, A#:0.036, B:0.081"
100779,"C:0.050, C#:0.022, D:0.102, D#:0.033, E:0.155, F:0.026, F#:0.107, G:0.140, G#:0.026, A:0.147, A#:0.032, B:0.161"
100783,"C:0.239, C#:0.031, D:0.154, D#:0.051, E:0.089, F:0.143, F#:0.028, G:0.140, G#:0.009, A:0.041, A#:0.062, B:0.015"
100784,"C:0.021, C#:0.125, D:0.031, D#:0.132, E:0.092, F:0.015, F#:0.168, G:0.029, G#:0.170, A:0.019, A#:0.047, B:0.152"
100786,"C:0.015, C#:0.076, D:0.101, D#:0.050, E:0.172, F:0.021, F#:0.205, G:0.016, G#:0.115, A:0.140, A#:0.017, B:0.074"
100787,"C:0.159, C#:0.065, D:0.117, D#:0.030, E:0.095, F:0.176, F#:0.019, G:0.058, G#:0.021, A:0.123, A#:0.092, B:0.044"
100788,"C:0.035, C#:0.079, D:0.186, D#:0.015, E:0.044, F:0.025, F#:0.136, G:0.107, G#:0.028, A:0.191, A#:0.019, B:0.132"
100790,"C:0.028, C#:0.103, D:0.017, D#:0.082, E:0.125, F:0.022, F#:0.193, G:0.020, G#:0.138, A:0.021, A#:0.047, B:0.204"
100791,"C:0.018, C#:0.057, D:0.040, D#:0.096, E:0.324, F:0.065, F#:0.023, G:0.024, G#:0.118, A:0.092, A#:0.019, B:0.124"
100835,"C:0.059, C#:0.106, D:0.180, D#:0.071, E:0.045, F:0.031, F#:0.055, G:0.205, G#:0.115, A:0.045, A#:0.051, B:0.039"
100843,"C:0.021, C#:0.047, D:0.118, D#:0.046, E:0.113, F:0.127, F#:0.112, G:0.051, G#:0.132, A:0.133, A#:0.037, B:0.064"
100844,"C:0.024, C#:0.091, D:0.105, D#:0.052, E:0.116, F:0.039, F#:0.036, G:0.030, G#:0.085, A:0.317, A#:0.068, B:0.037"
100848,"C:0.030, C#:0.059, D:0.036, D#:0.076, E:0.150, F:0.073, F#:0.093, G:0.075, G#:0.157, A:0.143, A#:0.053, B:0.054"
100853,"C:0.144, C#:0.054, D:0.066, D#:0.068, E:0.111, F:0.204, F#:0.049, G:0.045, G#:0.016, A:0.051, A#:0.138, B:0.054"
100856,"C:0.037, C#:0.161, D:0.056, D#:0.061, E:0.202, F:0.017, F#:0.048, G:0.012, G#:0.133, A:0.130, A#:0.023, B:0.120"
100857,"C:0.030, C#:0.109, D:0.037, D#:0.036, E:0.100, F:0.042, F#:0.116, G:0.046, G#:0.126, A:0.249, A#:0.051, B:0.058"
100860,"C:0.219, C#:0.020, D:0.119, D#:0.018, E:0.079, F:0.132, F#:0.021, G:0.146, G#:0.015, A:0.141, A#:0.023, B:0.067"
100862,"C:0.015, C#:0.097, D:0.009, D#:0.079, E:0.259, F:0.009, F#:0.094, G:0.008, G#:0.160, A:0.006, A#:0.012, B:0.252"
100863,"C:0.017, C#:0.053, D:0.127, D#:0.032, E:0.094, F:0.012, F#:0.045, G:0.051, G#:0.039, A:0.352, A#:0.040, B:0.139"
100865,"C:0.256, C#:0.041, D:0.123, D#:0.018, E:0.080, F:0.078, F#:0.049, G:0.189, G#:0.041, A:0.063, A#:0.019, B:0.042"
100866,"C:0.023, C#:0.133, D:0.055, D#:0.072, E:0.193, F:0.041, F#:0.148, G:0.028, G#:0.102, A:0.118, A#:0.027, B:0.060"
100868,"C:0.060, C#:0.074, D:0.098, D#:0.056, E:0.153, F:0.063, F#:0.043, G:0.102, G#:0.065, A:0.164, A#:0.078, B:0.044"
100876,"C:0.028, C#:0.075, D:0.179, D#:0.030, E:0.081, F:0.023, F#:0.138, G:0.142, G#:0.030, A:0.143, A#:0.022, B:0.109"
100882,"C:0.174, C#:0.060, D:0.055, D#:0.038, E:0.073, F:0.082, F#:0.049, G:0.072, G#:0.053, A:0.086, A#:0.151, B:0.106"
101078,"C:0.012, C#:0.028, D:0.136, D#:0.019, E:0.102, F:0.028, F#:0.175, G:0.023, G#:0.027, A:0.224, A#:0.034, B:0.192"
101265,"C:0.111, C#:0.020, D:0.112, D#:0.027, E:0.070, F:0.146, F#:0.047, G:0.120, G#:0.041, A:0.209, A#:0.062, B:0.035"
101266,"C:0.020, C#:0.075, D:0.120, D#:0.029, E:0.130, F:0.048, F#:0.120, G:0.141, G#:0.062, A:0.115, A#:0.032, B:0.109"
101269,"C:0.119, C#:0.013, D:0.029, D#:0.017, E:0.100, F:0.134, F#:0.041, G:0.072, G#:0.079, A:0.294, A#:0.051, B:0.050"
101271,"C:0.023, C#:0.064, D:0.019, D#:0.080, E:0.135, F:0.025, F#:0.043, G:0.040, G#:0.147, A:0.144, A#:0.055, B:0.225"
101272,"C:0.041, C#:0.042, D:0.102, D#:0.021, E:0.228, F:0.032, F#:0.156, G:0.144, G#:0.018, A:0.028, A#:0.017, B:0.172"
101275,"C:0.019, C#:0.082, D:0.020, D#:0.049, E:0.015, F:0.134, F#:0.222, G:0.024, G#:0.111, A:0.024, A#:0.209, B:0.090"
101276,"C:0.122, C#:0.031, D:0.125, D#:0.036, E:0.129, F:0.033, F#:0.044, G:0.254, G#:0.048, A:0.100, A#:0.024, B:0.054"
101277,"C:0.028, C#:0.171, D:0.023, D#:0.011, E:0.062, F:0.270, F#:0.152, G:0.023, G#:0.042, A:0.037, A#:0.164, B:0.016"
101278,"C:0.016, C#:0.135, D:0.118, D#:0.022, E:0.133, F:0.031, F#:0.178, G:0.031, G#:0.043, A:0.215, A#:0.028, B:0.051"
101394,"C:0.180, C#:0.038, D:0.025, D#:0.029, E:0.029, F:0.022, F#:0.037, G:0.077, G#:0.107, A:0.165, A#:0.086, B:0.205"
101442,"C:0.073, C#:0.031, D:0.027, D#:0.028, E:0.029, F:0.084, F#:0.068, G:0.086, G#:0.104, A:0.183, A#:0.193, B:0.093"
101443,"C:0.035, C#:0.030, D:0.040, D#:0.087, E:0.223, F:0.096, F#:0.058, G:0.081, G#:0.135, A:0.087, A#:0.071, B:0.057"
101451,"C:0.062, C#:0.081, D:0.092, D#:0.094, E:0.119, F:0.064, F#:0.046, G:0.062, G#:0.092, A:0.165, A#:0.067, B:0.057"
101479,"C:0.131, C#:0.037, D:0.064, D#:0.034, E:0.078, F:0.131, F#:0.067, G:0.163, G#:0.057, A:0.124, A#:0.044, B:0.070"
101483,"C:0.172, C#:0.025, D:0.030, D#:0.025, E:0.063, F:0.261, F#:0.064, G:0.187, G#:0.034, A:0.065, A#:0.022, B:0.051"
101505,"C:0.040, C#:0.016, D:0.058, D#:0.324, E:0.036, F:0.068, F#:0.013, G:0.037, G#:0.022, A:0.042, A#:0.308, B:0.036"
101507,"C:0.024, C#:0.138, D:0.050, D#:0.037, E:0.124, F:0.054, F#:0.076, G:0.042, G#:0.132, A:0.255, A#:0.040, B:0.026"
101615,"C:0.030, C#:0.016, D:0.041, D#:0.038, E:0.398, F:0.036, F#:0.026, G:0.260, G#:0.034, A:0.016, A#:0.010, B:0.095"
101618,"C:0.160, C#:0.038, D:0.022, D#:0.040, E:0.074, F:0.391, F#:0.095, G:0.068, G#:0.047, A:0.014, A#:0.012, B:0.037"
101715,"C:0.027, C#:0.183, D:0.021, D#:0.008, E:0.020, F:0.154, F#:0.269, G:0.043, G#:0.082, A:0.030, A#:0.145, B:0.018"
101731,"C:0.045, C#:0.066, D:0.199, D#:0.077, E:0.070, F:0.114, F#:0.120, G:0.174, G#:0.057, A:0.037, A#:0.022, B:0.019"
101733,"C:0.021, C#:0.010, D:0.029, D#:0.026, E:0.148, F:0.038, F#:0.060, G:0.399, G#:0.065, A:0.034, A#:0.022, B:0.148"
101734,"C:0.039, C#:0.022, D:0.022, D#:0.034, E:0.081, F:0.152, F#:0.110, G:0.131, G#:0.130, A:0.154, A#:0.063, B:0.060"
101738,"C:0.028, C#:0.020, D:0.029, D#:0.047, E:0.123, F:0.190, F#:0.125, G:0.106, G#:0.071, A:0.179, A#:0.049, B:0.033"
101740,"C:0.157, C#:0.102, D:0.064, D#:0.078, E:0.185, F:0.090, F#:0.062, G:0.050, G#:0.031, A:0.042, A#:0.049, B:0.089"
101743,"C:0.052, C#:0.052, D:0.131, D#:0.048, E:0.042, F:0.073, F#:0.054, G:0.079, G#:0.070, A:0.119, A#:0.205, B:0.075"
102115,"C:0.011, C#:0.006, D:0.063, D#:0.010, E:0.059, F:0.017, F#:0.098, G:0.534, G#:0.046, A:0.089, A#:0.014, B:0.051"
102116,"C:0.010, C#:0.172, D:0.042, D#:0.010, E:0.099, F:0.017, F#:0.237, G:0.169, G#:0.012, A:0.098, A#:0.014, B:0.118"
102117,"C:0.130, C#:0.115, D:0.016, D#:0.029, E:0.010, F:0.209, F#:0.044, G:0.005, G#:0.013, A:0.055, A#:0.358, B:0.016"
102118,"C:0.150, C#:0.014, D:0.044, D#:0.023, E:0.259, F:0.065, F#:0.027, G:0.019, G#:0.019, A:0.229, A#:0.041, B:0.110"
102119,"C:0.058, C#:0.005, D:0.013, D#:0.020, E:0.352, F:0.269, F#:0.049, G:0.075, G#:0.012, A:0.035, A#:0.023, B:0.089"
102153,"C:0.024, C#:0.028, D:0.082, D#:0.021, E:0.024, F:0.049, F#:0.067, G:0.135, G#:0.211, A:0.219, A#:0.096, B:0.044"
102154,"C:0.054, C#:0.022, D:0.033, D#:0.042, E:0.262, F:0.061, F#:0.078, G:0.081, G#:0.081, A:0.117, A#:0.057, B:0.111"
102157,"C:0.038, C#:0.015, D:0.108, D#:0.019, E:0.182, F:0.240, F#:0.023, G:0.008, G#:0.019, A:0.317, A#:0.017, B:0.013"
102158,"C:0.093, C#:0.116, D:0.034, D#:0.126, E:0.060, F:0.134, F#:0.022, G:0.046, G#:0.142, A:0.032, A#:0.144, B:0.051"
102159,"C:0.139, C#:0.200, D:0.145, D#:0.074, E:0.143, F:0.050, F#:0.039, G:0.038, G#:0.071, A:0.065, A#:0.012, B:0.023"
102160,"C:0.131, C#:0.017, D:0.127, D#:0.015, E:0.134, F:0.015, F#:0.199, G:0.012, G#:0.008, A:0.151, A#:0.021, B:0.171"
102163,"C:0.014, C#:0.188, D:0.188, D#:0.011, E:0.004, F:0.018, F#:0.272, G:0.013, G#:0.007, A:0.139, A#:0.010, B:0.135"
102165,"C:0.216, C#:0.022, D:0.023, D#:0.132, E:0.015, F:0.225, F#:0.016, G:0.143, G#:0.100, A:0.018, A#:0.074, B:0.016"
102167,"C:0.246, C#:0.017, D:0.010, D#:0.010, E:0.181, F:0.044, F#:0.007, G:0.138, G#:0.019, A:0.291, A#:0.017, B:0.021"
102168,"C:0.019, C#:0.024, D:0.059, D#:0.134, E:0.053, F:0.063, F#:0.142, G:0.106, G#:0.169, A:0.043, A#:0.104, B:0.084"
102170,"C:0.186, C#:0.015, D:0.081, D#:0.014, E:0.143, F:0.146, F#:0.022, G:0.018, G#:0.011, A:0.181, A#:0.013, B:0.170"
102172,"C:0.058, C#:0.008, D:0.004, D#:0.038, E:0.250, F:0.100, F#:0.011, G:0.029, G#:0.214, A:0.115, A#:0.035, B:0.139"
102177,"C:0.027, C#:0.183, D:0.021, D#:0.008, E:0.020, F:0.154, F#:0.269, G:0.043, G#:0.082, A:0.030, A#:0.145, B:0.018"
102184,"C:0.097, C#:0.079, D:0.049, D#:0.077, E:0.087, F:0.215, F#:0.058, G:0.059, G#:0.095, A:0.059, A#:0.082, B:0.044"
102204,"C:0.030, C#:0.018, D:0.012, D#:0.018, E:0.138, F:0.358, F#:0.013, G:0.004, G#:0.017, A:0.244, A#:0.010, B:0.139"
102210,"C:0.376, C#:0.047, D:0.028, D#:0.012, E:0.035, F:0.022, F#:0.041, G:0.228, G#:0.040, A:0.025, A#:0.030, B:0.117"
102265,"C:0.031, C#:0.238, D:0.134, D#:0.050, E:0.108, F:0.024, F#:0.083, G:0.029, G#:0.087, A:0.139, A#:0.037, B:0.042"
102266,"C:0.218, C#:0.114, D:0.010, D#:0.092, E:0.012, F:0.181, F#:0.013, G:0.029, G#:0.293, A:0.018, A#:0.007, B:0.013"
102268,"C:0.128, C#:0.040, D:0.077, D#:0.029, E:0.139, F:0.172, F#:0.053, G:0.079, G#:0.032, A:0.121, A#:0.061, B:0.067"
102270,"C:0.038, C#:0.050, D:0.121, D#:0.129, E:0.121, F:0.068, F#:0.081, G:0.076, G#:0.030, A:0.048, A#:0.053, B:0.185"
102271,"C:0.099, C#:0.052, D:0.064, D#:0.095, E:0.114, F:0.105, F#:0.066, G:0.055, G#:0.083, A:0.049, A#:0.085, B:0.134"
102273,"C:0.245, C#:0.021, D:0.048, D#:0.024, E:0.072, F:0.053, F#:0.044, G:0.134, G#:0.061, A:0.101, A#:0.028, B:0.171"
102274,"C:0.253, C#:0.013, D:0.003, D#:0.010, E:0.162, F:0.156, F#:0.012, G:0.034, G#:0.019, A:0.242, A#:0.040, B:0.058"
102275,"C:0.044, C#:0.045, D:0.121, D#:0.018, E:0.065, F:0.026, F#:0.122, G:0.092, G#:0.025, A:0.113, A#:0.067, B:0.263"
102278,"C:0.114, C#:0.059, D:0.073, D#:0.023, E:0.076, F:0.065, F#:0.036, G:0.093, G#:0.077, A:0.145, A#:0.137, B:0.103"
102305,"C:0.083, C#:0.080, D:0.252, D#:0.051, E:0.036, F:0.029, F#:0.024, G:0.028, G#:0.052, A:0.138, A#:0.140, B:0.085"
102342,"C:0.046, C#:0.069, D:0.175, D#:0.058, E:0.055, F:0.039, F#:0.178, G:0.115, G#:0.040, A:0.114, A#:0.042, B:0.068"
102343,"C:0.359, C#:0.101, D:0.035, D#:0.024, E:0.083, F:0.034, F#:0.027, G:0.232, G#:0.053, A:0.020, A#:0.015, B:0.018"
102345,"C:0.029, C#:0.068, D:0.021, D#:0.043, E:0.057, F:0.146, F#:0.218, G:0.081, G#:0.104, A:0.056, A#:0.084, B:0.091"
102353,"C:0.182, C#:0.029, D:0.102, D#:0.021, E:0.131, F:0.076, F#:0.029, G:0.226, G#:0.036, A:0.078, A#:0.015, B:0.074"
103518,"C:0.300, C#:0.034, D:0.050, D#:0.022, E:0.174, F:0.083, F#:0.016, G:0.132, G#:0.045, A:0.067, A#:0.015, B:0.062"
103519,"C:0.013, C#:0.104, D:0.375, D#:0.028, E:0.121, F:0.020, F#:0.135, G:0.051, G#:0.010, A:0.092, A#:0.017, B:0.035"
103520,"C:0.071, C#:0.039, D:0.246, D#:0.028, E:0.057, F:0.015, F#:0.066, G:0.182, G#:0.031, A:0.123, A#:0.025, B:0.116"
103522,"C:0.340, C#:0.055, D:0.070, D#:0.017, E:0.104, F:0.097, F#:0.026, G:0.149, G#:0.027, A:0.039, A#:0.020, B:0.056"
103555,"C:0.084, C#:0.076, D:0.136, D#:0.064, E:0.066, F:0.058, F#:0.079, G:0.127, G#:0.112, A:0.081, A#:0.062, B:0.058"
103556,"C:0.039, C#:0.088, D:0.180, D#:0.086, E:0.063, F:0.103, F#:0.114, G:0.073, G#:0.052, A:0.119, A#:0.051, B:0.032"
103557,"C:0.073, C#:0.054, D:0.042, D#:0.031, E:0.042, F:0.057, F#:0.081, G:0.122, G#:0.115, A:0.140, A#:0.147, B:0.094"
103561,"C:0.174, C#:0.099, D:0.126, D#:0.148, E:0.095, F:0.083, F#:0.034, G:0.055, G#:0.026, A:0.027, A#:0.062, B:0.071"
103595,"C:0.025, C#:0.011, D:0.038, D#:0.010, E:0.018, F:0.101, F#:0.018, G:0.033, G#:0.023, A:0.116, A#:0.525, B:0.083"
103596,"C:0.048, C#:0.159, D:0.065, D#:0.122, E:0.049, F:0.073, F#:0.184, G:0.059, G#:0.073, A:0.028, A#:0.085, B:0.053"
103597,"C:0.037, C#:0.087, D:0.028, D#:0.117, E:0.198, F:0.051, F#:0.118, G:0.026, G#:0.035, A:0.011, A#:0.029, B:0.262"
103598,"C:0.111, C#:0.429, D:0.060, D#:0.068, E:0.017, F:0.011, F#:0.015, G:0.028, G#:0.205, A:0.022, A#:0.017, B:0.017"
103602,"C:0.210, C#:0.087, D:0.141, D#:0.055, E:0.017, F:0.017, F#:0.115, G:0.094, G#:0.143, A:0.071, A#:0.033, B:0.016"
103605,"C:0.293, C#:0.176, D:0.041, D#:0.112, E:0.040, F:0.004, F#:0.011, G:0.218, G#:0.062, A:0.005, A#:0.012, B:0.026"
103621,"C:0.036, C#:0.036, D:0.088, D#:0.184, E:0.215, F:0.121, F#:0.067, G:0.062, G#:0.046, A:0.105, A#:0.020, B:0.019"
103624,"C:0.171, C#:0.067, D:0.036, D#:0.062, E:0.103, F:0.037, F#:0.030, G:0.101, G#:0.082, A:0.097, A#:0.114, B:0.100"
103739,"C:0.143, C#:0.016, D:0.102, D#:0.047, E:0.043, F:0.246, F#:0.025, G:0.217, G#:0.021, A:0.074, A#:0.044, B:0.021"
103818,"C:0.079, C#:0.052, D:0.037, D#:0.026, E:0.060, F:0.052, F#:0.051, G:0.123, G#:0.091, A:0.208, A#:0.126, B:0.095"
103819,"C:0.192, C#:0.096, D:0.067, D#:0.138, E:0.066, F:0.056, F#:0.053, G:0.101, G#:0.083, A:0.032, A#:0.043, B:0.073"
103820,"C:0.067, C#:0.135, D:0.267, D#:0.066, E:0.086, F:0.074, F#:0.022, G:0.060, G#:0.029, A:0.090, A#:0.031, B:0.072"
103821,"C:0.227, C#:0.082, D:0.052, D#:0.051, E:0.055, F:0.054, F#:0.068, G:0.101, G#:0.068, A:0.072, A#:0.069, B:0.101"
103828,"C:0.069, C#:0.072, D:0.039, D#:0.156, E:0.078, F:0.154, F#:0.129, G:0.041, G#:0.086, A:0.047, A#:0.105, B:0.024"
103829,"C:0.068, C#:0.036, D:0.163, D#:0.158, E:0.025, F:0.059, F#:0.069, G:0.239, G#:0.021, A:0.054, A#:0.066, B:0.043"
103830,"C:0.063, C#:0.072, D:0.100, D#:0.058, E:0.077, F:0.074, F#:0.151, G:0.090, G#:0.066, A:0.094, A#:0.045, B:0.110"
103831,"C:0.025, C#:0.109, D:0.072, D#:0.173, E:0.062, F:0.043, F#:0.128, G:0.062, G#:0.178, A:0.033, A#:0.032, B:0.085"
104146,"C:0.011, C#:0.004, D:0.010, D#:0.070, E:0.084, F:0.098, F#:0.010, G:0.085, G#:0.034, A:0.033, A#:0.529, B:0.032"
104181,"C:0.224, C#:0.019, D:0.083, D#:0.139, E:0.025, F:0.119, F#:0.018, G:0.136, G#:0.107, A:0.015, A#:0.093, B:0.022"
104182,"C:0.133, C#:0.174, D:0.051, D#:0.082, E:0.024, F:0.102, F#:0.024, G:0.028, G#:0.177, A:0.036, A#:0.135, B:0.034"
104183,"C:0.098, C#:0.137, D:0.088, D#:0.074, E:0.125, F:0.081, F#:0.063, G:0.062, G#:0.107, A:0.072, A#:0.045, B:0.049"
104184,"C:0.029, C#:0.171, D:0.019, D#:0.111, E:0.114, F:0.014, F#:0.135, G:0.009, G#:0.011, A:0.007, A#:0.043, B:0.336"
104185,"C:0.022, C#:0.038, D:0.034, D#:0.068, E:0.068, F:0.114, F#:0.388, G:0.109, G#:0.059, A:0.044, A#:0.030, B:0.027"
104187,"C:0.126, C#:0.144, D:0.053, D#:0.081, E:0.039, F:0.101, F#:0.127, G:0.051, G#:0.043, A:0.038, A#:0.160, B:0.038"
104249,"C:0.127, C#:0.287, D:0.170, D#:0.091, E:0.096, F:0.061, F#:0.073, G:0.019, G#:0.013, A:0.012, A#:0.023, B:0.029"
104252,"C:0.047, C#:0.040, D:0.044, D#:0.046, E:0.089, F:0.198, F#:0.191, G:0.133, G#:0.052, A:0.071, A#:0.040, B:0.051"
104253,"C:0.018, C#:0.028, D:0.036, D#:0.037, E:0.104, F:0.203, F#:0.128, G:0.207, G#:0.106, A:0.079, A#:0.041, B:0.014"
104282,"C:0.045, C#:0.048, D:0.172, D#:0.131, E:0.035, F:0.042, F#:0.103, G:0.157, G#:0.057, A:0.065, A#:0.068, B:0.076"
104284,"C:0.040, C#:0.082, D:0.109, D#:0.071, E:0.159, F:0.036, F#:0.037, G:0.038, G#:0.122, A:0.203, A#:0.040, B:0.062"
104286,"C:0.028, C#:0.013, D:0.125, D#:0.087, E:0.050, F:0.142, F#:0.059, G:0.109, G#:0.026, A:0.108, A#:0.225, B:0.027"
104287,"C:0.039, C#:0.094, D:0.041, D#:0.106, E:0.046, F:0.142, F#:0.142, G:0.080, G#:0.193, A:0.063, A#:0.040, B:0.015"
104289,"C:0.162, C#:0.039, D:0.021, D#:0.071, E:0.059, F:0.284, F#:0.068, G:0.100, G#:0.112, A:0.020, A#:0.024, B:0.041"
104290,"C:0.120, C#:0.033, D:0.024, D#:0.231, E:0.034, F:0.143, F#:0.029, G:0.053, G#:0.178, A:0.023, A#:0.114, B:0.018"
104293,"C:0.179, C#:0.072, D:0.018, D#:0.034, E:0.122, F:0.210, F#:0.093, G:0.071, G#:0.052, A:0.024, A#:0.084, B:0.041"
104294,"C:0.015, C#:0.069, D:0.065, D#:0.026, E:0.196, F:0.013, F#:0.048, G:0.024, G#:0.119, A:0.323, A#:0.031, B:0.070"
104295,"C:0.024, C#:0.081, D:0.059, D#:0.021, E:0.157, F:0.056, F#:0.039, G:0.024, G#:0.063, A:0.296, A#:0.046, B:0.134"
104352,"C:0.045, C#:0.064, D:0.311, D#:0.037, E:0.017, F:0.011, F#:0.125, G:0.033, G#:0.048, A:0.202, A#:0.026, B:0.079"
104384,"C:0.045, C#:0.045, D:0.102, D#:0.027, E:0.038, F:0.035, F#:0.046, G:0.046, G#:0.152, A:0.204, A#:0.085, B:0.174"
104385,"C:0.159, C#:0.061, D:0.108, D#:0.054, E:0.058, F:0.108, F#:0.051, G:0.135, G#:0.035, A:0.056, A#:0.087, B:0.086"
104386,"C:0.068, C#:0.086, D:0.047, D#:0.064, E:0.290, F:0.085, F#:0.042, G:0.021, G#:0.045, A:0.122, A#:0.027, B:0.104"
104392,"C:0.031, C#:0.044, D:0.033, D#:0.017, E:0.033, F:0.019, F#:0.022, G:0.078, G#:0.177, A:0.375, A#:0.100, B:0.071"
104579,"C:0.216, C#:0.016, D:0.085, D#:0.026, E:0.007, F:0.184, F#:0.008, G:0.050, G#:0.007, A:0.055, A#:0.319, B:0.027"
104580,"C:0.039, C#:0.191, D:0.030, D#:0.042, E:0.011, F:0.017, F#:0.190, G:0.032, G#:0.244, A:0.017, A#:0.177, B:0.009"
104585,"C:0.019, C#:0.054, D:0.048, D#:0.014, E:0.046, F:0.054, F#:0.213, G:0.109, G#:0.076, A:0.131, A#:0.091, B:0.146"
104586,"C:0.269, C#:0.291, D:0.055, D#:0.034, E:0.013, F:0.015, F#:0.020, G:0.053, G#:0.109, A:0.027, A#:0.044, B:0.070"
104591,"C:0.076, C#:0.092, D:0.152, D#:0.080, E:0.014, F:0.031, F#:0.059, G:0.160, G#:0.129, A:0.052, A#:0.072, B:0.083"
104592,"C:0.031, C#:0.020, D:0.021, D#:0.098, E:0.325, F:0.040, F#:0.051, G:0.042, G#:0.031, A:0.015, A#:0.061, B:0.265"
104593,"C:0.041, C#:0.071, D:0.126, D#:0.168, E:0.089, F:0.081, F#:0.126, G:0.068, G#:0.090, A:0.049, A#:0.058, B:0.033"
104594,"C:0.052, C#:0.028, D:0.055, D#:0.059, E:0.118, F:0.038, F#:0.122, G:0.032, G#:0.100, A:0.034, A#:0.062, B:0.300"
104596,"C:0.075, C#:0.077, D:0.075, D#:0.046, E:0.031, F:0.039, F#:0.047, G:0.114, G#:0.121, A:0.190, A#:0.110, B:0.075"
104598,"C:0.082, C#:0.036, D:0.192, D#:0.052, E:0.103, F:0.154, F#:0.122, G:0.018, G#:0.020, A:0.044, A#:0.030, B:0.146"
104600,"C:0.027, C#:0.038, D:0.056, D#:0.026, E:0.185, F:0.022, F#:0.043, G:0.024, G#:0.070, A:0.262, A#:0.041, B:0.206"
104648,"C:0.089, C#:0.031, D:0.131, D#:0.030, E:0.062, F:0.035, F#:0.076, G:0.248, G#:0.057, A:0.110, A#:0.033, B:0.098"
104680,"C:0.048, C#:0.070, D:0.112, D#:0.058, E:0.083, F:0.048, F#:0.048, G:0.066, G#:0.084, A:0.198, A#:0.097, B:0.088"
104683,"C:0.026, C#:0.059, D:0.198, D#:0.054, E:0.064, F:0.026, F#:0.057, G:0.124, G#:0.073, A:0.206, A#:0.062, B:0.051"
104690,"C:0.074, C#:0.060, D:0.153, D#:0.055, E:0.053, F:0.104, F#:0.087, G:0.073, G#:0.046, A:0.113, A#:0.087, B:0.096"
104737,"C:0.023, C#:0.100, D:0.054, D#:0.049, E:0.255, F:0.153, F#:0.142, G:0.052, G#:0.034, A:0.082, A#:0.016, B:0.040"
104738,"C:0.069, C#:0.055, D:0.055, D#:0.081, E:0.081, F:0.099, F#:0.102, G:0.076, G#:0.110, A:0.101, A#:0.106, B:0.065"
104740,"C:0.030, C#:0.062, D:0.038, D#:0.029, E:0.070, F:0.052, F#:0.106, G:0.098, G#:0.316, A:0.061, A#:0.072, B:0.066"
104750,"C:0.086, C#:0.071, D:0.044, D#:0.096, E:0.052, F:0.106, F#:0.085, G:0.109, G#:0.138, A:0.083, A#:0.092, B:0.039"
104753,"C:0.101, C#:0.207, D:0.069, D#:0.066, E:0.025, F:0.157, F#:0.116, G:0.029, G#:0.091, A:0.085, A#:0.038, B:0.016"
104763,"C:0.113, C#:0.027, D:0.081, D#:0.032, E:0.052, F:0.091, F#:0.033, G:0.035, G#:0.131, A:0.309, A#:0.037, B:0.060"
104764,"C:0.144, C#:0.068, D:0.048, D#:0.032, E:0.068, F:0.070, F#:0.048, G:0.184, G#:0.111, A:0.115, A#:0.083, B:0.030"
104817,"C:0.318, C#:0.037, D:0.023, D#:0.049, E:0.154, F:0.208, F#:0.038, G:0.100, G#:0.014, A:0.008, A#:0.012, B:0.039"
104818,"C:0.154, C#:0.085, D:0.142, D#:0.078, E:0.093, F:0.048, F#:0.048, G:0.227, G#:0.042, A:0.042, A#:0.017, B:0.024"
104819,"C:0.024, C#:0.029, D:0.105, D#:0.040, E:0.136, F:0.030, F#:0.054, G:0.198, G#:0.074, A:0.154, A#:0.059, B:0.098"
104823,"C:0.315, C#:0.077, D:0.153, D#:0.047, E:0.135, F:0.138, F#:0.016, G:0.034, G#:0.010, A:0.018, A#:0.016, B:0.041"
104825,"C:0.086, C#:0.089, D:0.219, D#:0.066, E:0.040, F:0.031, F#:0.044, G:0.279, G#:0.037, A:0.059, A#:0.011, B:0.039"
104930,"C:0.080, C#:0.112, D:0.110, D#:0.078, E:0.094, F:0.081, F#:0.076, G:0.065, G#:0.072, A:0.096, A#:0.052, B:0.084"
104931,"C:0.203, C#:0.069, D:0.134, D#:0.097, E:0.038, F:0.045, F#:0.039, G:0.173, G#:0.025, A:0.020, A#:0.061, B:0.096"
105010,"C:0.047, C#:0.085, D:0.127, D#:0.083, E:0.098, F:0.106, F#:0.183, G:0.095, G#:0.050, A:0.068, A#:0.028, B:0.030"
105011,"C:0.173, C#:0.051, D:0.050, D#:0.075, E:0.133, F:0.138, F#:0.051, G:0.111, G#:0.042, A:0.103, A#:0.032, B:0.040"
105012,"C:0.040, C#:0.071, D:0.220, D#:0.090, E:0.053, F:0.131, F#:0.066, G:0.047, G#:0.041, A:0.121, A#:0.088, B:0.032"
105014,"C:0.072, C#:0.092, D:0.087, D#:0.043, E:0.066, F:0.042, F#:0.084, G:0.088, G#:0.058, A:0.127, A#:0.092, B:0.149"
105015,"C:0.023, C#:0.036, D:0.069, D#:0.108, E:0.352, F:0.092, F#:0.077, G:0.081, G#:0.031, A:0.034, A#:0.029, B:0.070"
105016,"C:0.027, C#:0.022, D:0.017, D#:0.031, E:0.118, F:0.056, F#:0.277, G:0.074, G#:0.134, A:0.030, A#:0.032, B:0.183"
105017,"C:0.093, C#:0.102, D:0.207, D#:0.142, E:0.098, F:0.046, F#:0.049, G:0.036, G#:0.020, A:0.115, A#:0.024, B:0.067"
105018,"C:0.049, C#:0.036, D:0.030, D#:0.055, E:0.100, F:0.064, F#:0.104, G:0.069, G#:0.073, A:0.137, A#:0.131, B:0.153"
105019,"C:0.034, C#:0.043, D:0.142, D#:0.049, E:0.092, F:0.039, F#:0.188, G:0.147, G#:0.052, A:0.076, A#:0.042, B:0.095"
105028,"C:0.018, C#:0.080, D:0.075, D#:0.063, E:0.240, F:0.064, F#:0.059, G:0.025, G#:0.083, A:0.195, A#:0.029, B:0.070"
105030,"C:0.085, C#:0.009, D:0.020, D#:0.055, E:0.038, F:0.086, F#:0.055, G:0.120, G#:0.031, A:0.224, A#:0.259, B:0.019"
105050,"C:0.018, C#:0.080, D:0.075, D#:0.063, E:0.240, F:0.064, F#:0.059, G:0.025, G#:0.083, A:0.195, A#:0.029, B:0.070"
105051,"C:0.103, C#:0.187, D:0.040, D#:0.052, E:0.036, F:0.113, F#:0.157, G:0.083, G#:0.107, A:0.035, A#:0.052, B:0.035"
105052,"C:0.085, C#:0.009, D:0.020, D#:0.055, E:0.038, F:0.086, F#:0.055, G:0.120, G#:0.031, A:0.224, A#:0.259, B:0.019"
105053,"C:0.109, C#:0.015, D:0.035, D#:0.156, E:0.034, F:0.151, F#:0.037, G:0.130, G#:0.172, A:0.035, A#:0.106, B:0.020"
105054,"C:0.029, C#:0.141, D:0.025, D#:0.106, E:0.016, F:0.089, F#:0.134, G:0.027, G#:0.080, A:0.031, A#:0.173, B:0.149"
105055,"C:0.129, C#:0.046, D:0.102, D#:0.031, E:0.054, F:0.154, F#:0.038, G:0.036, G#:0.036, A:0.106, A#:0.197, B:0.071"
105059,"C:0.071, C#:0.127, D:0.047, D#:0.081, E:0.045, F:0.115, F#:0.139, G:0.040, G#:0.054, A:0.034, A#:0.086, B:0.160"
105060,"C:0.200, C#:0.047, D:0.066, D#:0.030, E:0.115, F:0.086, F#:0.054, G:0.148, G#:0.029, A:0.039, A#:0.031, B:0.153"
105081,"C:0.077, C#:0.054, D:0.043, D#:0.111, E:0.197, F:0.107, F#:0.051, G:0.046, G#:0.043, A:0.123, A#:0.067, B:0.081"
105256,"C:0.021, C#:0.031, D:0.039, D#:0.146, E:0.177, F:0.084, F#:0.144, G:0.076, G#:0.096, A:0.098, A#:0.036, B:0.051"
105275,"C:0.021, C#:0.028, D:0.031, D#:0.192, E:0.027, F:0.061, F#:0.036, G:0.042, G#:0.127, A:0.061, A#:0.336, B:0.036"
105292,"C:0.045, C#:0.076, D:0.072, D#:0.032, E:0.093, F:0.035, F#:0.054, G:0.090, G#:0.131, A:0.246, A#:0.071, B:0.055"
105365,"C:0.049, C#:0.033, D:0.071, D#:0.061, E:0.243, F:0.054, F#:0.060, G:0.101, G#:0.045, A:0.145, A#:0.039, B:0.099"
105366,"C:0.077, C#:0.020, D:0.020, D#:0.036, E:0.114, F:0.077, F#:0.051, G:0.086, G#:0.116, A:0.152, A#:0.107, B:0.143"
105367,"C:0.065, C#:0.050, D:0.080, D#:0.077, E:0.249, F:0.038, F#:0.034, G:0.054, G#:0.033, A:0.150, A#:0.043, B:0.127"
105368,"C:0.258, C#:0.031, D:0.111, D#:0.027, E:0.012, F:0.059, F#:0.028, G:0.340, G#:0.034, A:0.019, A#:0.059, B:0.023"
105369,"C:0.023, C#:0.043, D:0.138, D#:0.016, E:0.014, F:0.020, F#:0.094, G:0.229, G#:0.075, A:0.149, A#:0.057, B:0.143"
105372,"C:0.044, C#:0.128, D:0.150, D#:0.044, E:0.112, F:0.037, F#:0.106, G:0.068, G#:0.043, A:0.090, A#:0.030, B:0.148"
105373,"C:0.139, C#:0.070, D:0.137, D#:0.043, E:0.024, F:0.042, F#:0.055, G:0.172, G#:0.060, A:0.070, A#:0.121, B:0.067"
105374,"C:0.022, C#:0.193, D:0.137, D#:0.106, E:0.107, F:0.055, F#:0.083, G:0.039, G#:0.023, A:0.146, A#:0.070, B:0.018"
105375,"C:0.026, C#:0.141, D:0.086, D#:0.163, E:0.039, F:0.088, F#:0.130, G:0.029, G#:0.080, A:0.025, A#:0.107, B:0.087"
105377,"C:0.095, C#:0.034, D:0.058, D#:0.070, E:0.211, F:0.089, F#:0.029, G:0.101, G#:0.054, A:0.163, A#:0.039, B:0.057"
105379,"C:0.060, C#:0.040, D:0.037, D#:0.066, E:0.061, F:0.064, F#:0.079, G:0.123, G#:0.150, A:0.133, A#:0.123, B:0.063"
105380,"C:0.076, C#:0.059, D:0.041, D#:0.029, E:0.047, F:0.054, F#:0.126, G:0.119, G#:0.093, A:0.103, A#:0.087, B:0.164"
105381,"C:0.095, C#:0.032, D:0.021, D#:0.025, E:0.156, F:0.057, F#:0.106, G:0.127, G#:0.067, A:0.070, A#:0.047, B:0.198"
105382,"C:0.101, C#:0.046, D:0.134, D#:0.063, E:0.034, F:0.096, F#:0.090, G:0.151, G#:0.077, A:0.079, A#:0.089, B:0.040"
105383,"C:0.049, C#:0.090, D:0.082, D#:0.277, E:0.062, F:0.043, F#:0.073, G:0.033, G#:0.089, A:0.057, A#:0.082, B:0.063"
105385,"C:0.099, C#:0.089, D:0.147, D#:0.154, E:0.087, F:0.098, F#:0.035, G:0.045, G#:0.058, A:0.066, A#:0.066, B:0.056"
105536,"C:0.103, C#:0.080, D:0.175, D#:0.047, E:0.051, F:0.081, F#:0.057, G:0.139, G#:0.050, A:0.081, A#:0.079, B:0.055"
105538,"C:0.078, C#:0.065, D:0.073, D#:0.057, E:0.122, F:0.045, F#:0.040, G:0.053, G#:0.086, A:0.158, A#:0.085, B:0.136"
105539,"C:0.089, C#:0.083, D:0.093, D#:0.047, E:0.075, F:0.057, F#:0.037, G:0.048, G#:0.088, A:0.198, A#:0.089, B:0.095"
105540,"C:0.163, C#:0.106, D:0.101, D#:0.062, E:0.088, F:0.093, F#:0.037, G:0.026, G#:0.033, A:0.102, A#:0.090, B:0.099"
105541,"C:0.216, C#:0.076, D:0.118, D#:0.065, E:0.022, F:0.020, F#:0.058, G:0.198, G#:0.059, A:0.027, A#:0.036, B:0.104"
105543,"C:0.048, C#:0.071, D:0.110, D#:0.050, E:0.065, F:0.034, F#:0.033, G:0.067, G#:0.119, A:0.238, A#:0.086, B:0.079"
105544,"C:0.085, C#:0.086, D:0.130, D#:0.052, E:0.098, F:0.108, F#:0.051, G:0.058, G#:0.049, A:0.105, A#:0.098, B:0.079"
105559,"C:0.226, C#:0.040, D:0.203, D#:0.030, E:0.035, F:0.227, F#:0.027, G:0.024, G#:0.014, A:0.095, A#:0.032, B:0.047"
105560,"C:0.121, C#:0.041, D:0.018, D#:0.014, E:0.076, F:0.135, F#:0.090, G:0.029, G#:0.033, A:0.214, A#:0.094, B:0.136"
105663,"C:0.021, C#:0.111, D:0.023, D#:0.139, E:0.194, F:0.036, F#:0.128, G:0.024, G#:0.145, A:0.011, A#:0.020, B:0.148"
105664,"C:0.085, C#:0.053, D:0.074, D#:0.022, E:0.136, F:0.028, F#:0.045, G:0.109, G#:0.047, A:0.264, A#:0.042, B:0.095"
105666,"C:0.091, C#:0.069, D:0.058, D#:0.044, E:0.053, F:0.048, F#:0.064, G:0.067, G#:0.141, A:0.177, A#:0.092, B:0.097"
105667,"C:0.236, C#:0.078, D:0.206, D#:0.052, E:0.061, F:0.015, F#:0.010, G:0.016, G#:0.032, A:0.198, A#:0.045, B:0.052"
105668,"C:0.052, C#:0.038, D:0.108, D#:0.026, E:0.050, F:0.111, F#:0.120, G:0.325, G#:0.095, A:0.040, A#:0.021, B:0.013"
105674,"C:0.060, C#:0.132, D:0.032, D#:0.031, E:0.087, F:0.047, F#:0.131, G:0.131, G#:0.133, A:0.092, A#:0.045, B:0.079"
105699,"C:0.060, C#:0.168, D:0.092, D#:0.189, E:0.055, F:0.060, F#:0.139, G:0.054, G#:0.086, A:0.038, A#:0.041, B:0.019"
105703,"C:0.073, C#:0.015, D:0.077, D#:0.021, E:0.124, F:0.165, F#:0.036, G:0.060, G#:0.037, A:0.253, A#:0.031, B:0.108"
105757,"C:0.003, C#:0.003, D:0.033, D#:0.067, E:0.017, F:0.021, F#:0.039, G:0.644, G#:0.074, A:0.029, A#:0.058, B:0.013"
105758,"C:0.109, C#:0.012, D:0.091, D#:0.011, E:0.028, F:0.364, F#:0.025, G:0.157, G#:0.016, A:0.039, A#:0.126, B:0.021"
105860,"C:0.206, C#:0.038, D:0.013, D#:0.018, E:0.048, F:0.015, F#:0.023, G:0.115, G#:0.119, A:0.230, A#:0.100, B:0.076"
105976,"C:0.053, C#:0.116, D:0.145, D#:0.051, E:0.216, F:0.050, F#:0.033, G:0.066, G#:0.053, A:0.122, A#:0.034, B:0.060"
106181,"C:0.062, C#:0.047, D:0.101, D#:0.073, E:0.130, F:0.120, F#:0.059, G:0.127, G#:0.052, A:0.055, A#:0.043, B:0.132"
106190,"C:0.080, C#:0.083, D:0.236, D#:0.049, E:0.042, F:0.139, F#:0.050, G:0.080, G#:0.027, A:0.130, A#:0.062, B:0.023"
106194,"C:0.023, C#:0.088, D:0.063, D#:0.057, E:0.093, F:0.113, F#:0.234, G:0.145, G#:0.063, A:0.019, A#:0.063, B:0.041"
106242,"C:0.026, C#:0.016, D:0.162, D#:0.016, E:0.032, F:0.020, F#:0.096, G:0.378, G#:0.047, A:0.122, A#:0.020, B:0.062"
106243,"C:0.155, C#:0.062, D:0.164, D#:0.033, E:0.016, F:0.020, F#:0.076, G:0.259, G#:0.074, A:0.046, A#:0.023, B:0.072"
106244,"C:0.047, C#:0.126, D:0.026, D#:0.046, E:0.027, F:0.070, F#:0.254, G:0.064, G#:0.044, A:0.028, A#:0.107, B:0.161"
106245,"C:0.031, C#:0.122, D:0.023, D#:0.037, E:0.021, F:0.077, F#:0.375, G:0.053, G#:0.040, A:0.027, A#:0.129, B:0.064"
106246,"C:0.203, C#:0.023, D:0.021, D#:0.013, E:0.076, F:0.257, F#:0.032, G:0.141, G#:0.019, A:0.059, A#:0.120, B:0.036"
106247,"C:0.028, C#:0.016, D:0.058, D#:0.332, E:0.049, F:0.029, F#:0.025, G:0.128, G#:0.221, A:0.042, A#:0.060, B:0.012"
106248,"C:0.026, C#:0.032, D:0.033, D#:0.109, E:0.337, F:0.061, F#:0.053, G:0.027, G#:0.092, A:0.087, A#:0.026, B:0.116"
106249,"C:0.069, C#:0.138, D:0.075, D#:0.070, E:0.046, F:0.071, F#:0.213, G:0.107, G#:0.041, A:0.027, A#:0.046, B:0.096"
106250,"C:0.191, C#:0.074, D:0.079, D#:0.033, E:0.100, F:0.089, F#:0.037, G:0.175, G#:0.052, A:0.073, A#:0.038, B:0.060"
106251,"C:0.008, C#:0.111, D:0.141, D#:0.007, E:0.021, F:0.008, F#:0.145, G:0.182, G#:0.019, A:0.293, A#:0.015, B:0.051"
106254,"C:0.188, C#:0.035, D:0.099, D#:0.020, E:0.042, F:0.196, F#:0.033, G:0.256, G#:0.020, A:0.083, A#:0.008, B:0.019"
106255,"C:0.057, C#:0.010, D:0.063, D#:0.092, E:0.022, F:0.168, F#:0.019, G:0.212, G#:0.015, A:0.108, A#:0.220, B:0.013"
106256,"C:0.184, C#:0.017, D:0.029, D#:0.013, E:0.181, F:0.182, F#:0.028, G:0.219, G#:0.019, A:0.008, A#:0.010, B:0.110"
106303,"C:0.057, C#:0.094, D:0.067, D#:0.067, E:0.080, F:0.063, F#:0.082, G:0.062, G#:0.265, A:0.067, A#:0.048, B:0.049"
106336,"C:0.168, C#:0.149, D:0.132, D#:0.076, E:0.071, F:0.118, F#:0.051, G:0.037, G#:0.062, A:0.039, A#:0.032, B:0.066"
106385,"C:0.046, C#:0.093, D:0.214, D#:0.224, E:0.100, F:0.057, F#:0.069, G:0.038, G#:0.035, A:0.059, A#:0.036, B:0.027"
106387,"C:0.032, C#:0.046, D:0.073, D#:0.167, E:0.187, F:0.124, F#:0.099, G:0.107, G#:0.053, A:0.038, A#:0.039, B:0.035"
106391,"C:0.277, C#:0.187, D:0.080, D#:0.028, E:0.026, F:0.020, F#:0.032, G:0.044, G#:0.055, A:0.060, A#:0.072, B:0.120"
106392,"C:0.027, C#:0.026, D:0.027, D#:0.026, E:0.037, F:0.039, F#:0.080, G:0.217, G#:0.150, A:0.221, A#:0.104, B:0.047"
106393,"C:0.100, C#:0.077, D:0.115, D#:0.055, E:0.119, F:0.071, F#:0.052, G:0.066, G#:0.063, A:0.115, A#:0.056, B:0.111"
106418,"C:0.216, C#:0.058, D:0.085, D#:0.039, E:0.151, F:0.100, F#:0.045, G:0.108, G#:0.038, A:0.038, A#:0.026, B:0.095"
106419,"C:0.065, C#:0.060, D:0.096, D#:0.038, E:0.076, F:0.086, F#:0.154, G:0.150, G#:0.068, A:0.080, A#:0.058, B:0.070"
106423,"C:0.052, C#:0.064, D:0.107, D#:0.049, E:0.153, F:0.052, F#:0.069, G:0.077, G#:0.035, A:0.132, A#:0.178, B:0.030"
106424,"C:0.051, C#:0.099, D:0.173, D#:0.061, E:0.039, F:0.039, F#:0.100, G:0.206, G#:0.066, A:0.072, A#:0.035, B:0.061"
106426,"C:0.218, C#:0.026, D:0.043, D#:0.016, E:0.095, F:0.136, F#:0.032, G:0.204, G#:0.029, A:0.135, A#:0.020, B:0.046"
106433,"C:0.031, C#:0.103, D:0.056, D#:0.066, E:0.239, F:0.071, F#:0.106, G:0.020, G#:0.043, A:0.015, A#:0.021, B:0.230"
106436,"C:0.088, C#:0.055, D:0.132, D#:0.050, E:0.086, F:0.024, F#:0.047, G:0.089, G#:0.103, A:0.209, A#:0.051, B:0.066"
106441,"C:0.066, C#:0.118, D:0.147, D#:0.064, E:0.058, F:0.036, F#:0.067, G:0.052, G#:0.066, A:0.161, A#:0.062, B:0.103"
106495,"C:0.075, C#:0.050, D:0.160, D#:0.074, E:0.037, F:0.092, F#:0.045, G:0.264, G#:0.044, A:0.069, A#:0.051, B:0.038"
106496,"C:0.134, C#:0.061, D:0.257, D#:0.035, E:0.151, F:0.042, F#:0.054, G:0.060, G#:0.025, A:0.119, A#:0.013, B:0.048"
106514,"C:0.144, C#:0.039, D:0.102, D#:0.162, E:0.041, F:0.095, F#:0.049, G:0.079, G#:0.182, A:0.039, A#:0.036, B:0.033"
106518,"C:0.145, C#:0.136, D:0.083, D#:0.171, E:0.093, F:0.031, F#:0.023, G:0.027, G#:0.042, A:0.044, A#:0.091, B:0.114"
106576,"C:0.021, C#:0.113, D:0.014, D#:0.024, E:0.198, F:0.050, F#:0.196, G:0.025, G#:0.114, A:0.113, A#:0.022, B:0.108"
106577,"C:0.190, C#:0.040, D:0.037, D#:0.176, E:0.020, F:0.021, F#:0.013, G:0.056, G#:0.174, A:0.054, A#:0.174, B:0.044"
106578,"C:0.159, C#:0.013, D:0.203, D#:0.105, E:0.016, F:0.153, F#:0.028, G:0.258, G#:0.015, A:0.006, A#:0.035, B:0.008"
106580,"C:0.118, C#:0.012, D:0.162, D#:0.092, E:0.008, F:0.018, F#:0.014, G:0.381, G#:0.022, A:0.014, A#:0.141, B:0.019"
106581,"C:0.025, C#:0.022, D:0.115, D#:0.031, E:0.131, F:0.022, F#:0.153, G:0.078, G#:0.009, A:0.023, A#:0.013, B:0.377"
106582,"C:0.046, C#:0.016, D:0.031, D#:0.188, E:0.018, F:0.069, F#:0.192, G:0.018, G#:0.011, A:0.028, A#:0.281, B:0.101"
106583,"C:0.221, C#:0.011, D:0.111, D#:0.172, E:0.011, F:0.064, F#:0.010, G:0.227, G#:0.079, A:0.013, A#:0.070, B:0.012"
106584,"C:0.227, C#:0.180, D:0.018, D#:0.066, E:0.024, F:0.161, F#:0.030, G:0.036, G#:0.107, A:0.021, A#:0.112, B:0.019"
106603,"C:0.043, C#:0.070, D:0.098, D#:0.154, E:0.099, F:0.143, F#:0.089, G:0.052, G#:0.055, A:0.062, A#:0.098, B:0.037"
106607,"C:0.055, C#:0.089, D:0.165, D#:0.141, E:0.095, F:0.057, F#:0.040, G:0.103, G#:0.082, A:0.065, A#:0.061, B:0.048"
106609,"C:0.070, C#:0.070, D:0.101, D#:0.053, E:0.044, F:0.041, F#:0.044, G:0.052, G#:0.079, A:0.151, A#:0.081, B:0.215"
106633,"C:0.021, C#:0.206, D:0.071, D#:0.032, E:0.034, F:0.105, F#:0.293, G:0.026, G#:0.036, A:0.029, A#:0.092, B:0.054"
106637,"C:0.024, C#:0.160, D:0.010, D#:0.063, E:0.007, F:0.034, F#:0.170, G:0.014, G#:0.074, A:0.039, A#:0.252, B:0.153"
106639,"C:0.024, C#:0.022, D:0.028, D#:0.104, E:0.069, F:0.052, F#:0.145, G:0.144, G#:0.122, A:0.041, A#:0.074, B:0.177"
106667,"C:0.051, C#:0.142, D:0.064, D#:0.169, E:0.071, F:0.049, F#:0.107, G:0.060, G#:0.077, A:0.033, A#:0.055, B:0.120"
106703,"C:0.033, C#:0.032, D:0.056, D#:0.031, E:0.038, F:0.075, F#:0.080, G:0.207, G#:0.103, A:0.108, A#:0.183, B:0.054"
106716,"C:0.063, C#:0.034, D:0.065, D#:0.036, E:0.107, F:0.049, F#:0.052, G:0.193, G#:0.167, A:0.155, A#:0.037, B:0.042"
106857,"C:0.209, C#:0.117, D:0.030, D#:0.081, E:0.009, F:0.006, F#:0.046, G:0.012, G#:0.096, A:0.028, A#:0.233, B:0.133"
106878,"C:0.034, C#:0.059, D:0.038, D#:0.056, E:0.044, F:0.063, F#:0.114, G:0.165, G#:0.226, A:0.115, A#:0.054, B:0.033"
106880,"C:0.145, C#:0.112, D:0.089, D#:0.188, E:0.103, F:0.086, F#:0.047, G:0.072, G#:0.021, A:0.024, A#:0.076, B:0.037"
106881,"C:0.068, C#:0.033, D:0.081, D#:0.088, E:0.121, F:0.074, F#:0.127, G:0.117, G#:0.057, A:0.089, A#:0.070, B:0.073"
106899,"C:0.114, C#:0.093, D:0.119, D#:0.061, E:0.062, F:0.064, F#:0.063, G:0.098, G#:0.077, A:0.123, A#:0.068, B:0.058"
106905,"C:0.115, C#:0.099, D:0.083, D#:0.131, E:0.151, F:0.058, F#:0.054, G:0.042, G#:0.067, A:0.081, A#:0.036, B:0.082"
106907,"C:0.076, C#:0.103, D:0.107, D#:0.099, E:0.120, F:0.066, F#:0.096, G:0.083, G#:0.062, A:0.048, A#:0.068, B:0.072"
106909,"C:0.074, C#:0.056, D:0.112, D#:0.106, E:0.117, F:0.085, F#:0.027, G:0.082, G#:0.080, A:0.148, A#:0.074, B:0.039"
106910,"C:0.064, C#:0.072, D:0.098, D#:0.099, E:0.085, F:0.085, F#:0.081, G:0.100, G#:0.090, A:0.072, A#:0.081, B:0.074"
106927,"C:0.107, C#:0.030, D:0.037, D#:0.049, E:0.176, F:0.108, F#:0.104, G:0.159, G#:0.069, A:0.094, A#:0.025, B:0.043"
106971,"C:0.068, C#:0.044, D:0.073, D#:0.197, E:0.205, F:0.119, F#:0.048, G:0.089, G#:0.033, A:0.036, A#:0.067, B:0.023"
107033,"C:0.069, C#:0.056, D:0.152, D#:0.052, E:0.036, F:0.065, F#:0.064, G:0.139, G#:0.049, A:0.108, A#:0.124, B:0.086"
107034,"C:0.045, C#:0.084, D:0.027, D#:0.092, E:0.144, F:0.040, F#:0.102, G:0.023, G#:0.118, A:0.089, A#:0.034, B:0.201"
107036,"C:0.031, C#:0.115, D:0.091, D#:0.037, E:0.205, F:0.020, F#:0.092, G:0.013, G#:0.093, A:0.099, A#:0.052, B:0.152"
107037,"C:0.020, C#:0.095, D:0.200, D#:0.043, E:0.124, F:0.019, F#:0.066, G:0.083, G#:0.057, A:0.152, A#:0.029, B:0.112"
107038,"C:0.096, C#:0.037, D:0.121, D#:0.075, E:0.100, F:0.029, F#:0.059, G:0.169, G#:0.032, A:0.096, A#:0.044, B:0.143"
107039,"C:0.246, C#:0.049, D:0.118, D#:0.036, E:0.086, F:0.126, F#:0.036, G:0.102, G#:0.034, A:0.053, A#:0.031, B:0.082"
107040,"C:0.024, C#:0.089, D:0.143, D#:0.033, E:0.077, F:0.022, F#:0.063, G:0.069, G#:0.071, A:0.252, A#:0.054, B:0.102"
107041,"C:0.100, C#:0.057, D:0.152, D#:0.024, E:0.051, F:0.015, F#:0.089, G:0.202, G#:0.026, A:0.126, A#:0.029, B:0.127"
107042,"C:0.074, C#:0.101, D:0.101, D#:0.096, E:0.108, F:0.126, F#:0.105, G:0.059, G#:0.062, A:0.058, A#:0.059, B:0.051"
107043,"C:0.061, C#:0.040, D:0.104, D#:0.053, E:0.073, F:0.164, F#:0.115, G:0.153, G#:0.069, A:0.084, A#:0.046, B:0.038"
107101,"C:0.021, C#:0.058, D:0.108, D#:0.102, E:0.150, F:0.088, F#:0.132, G:0.076, G#:0.058, A:0.133, A#:0.044, B:0.029"
107102,"C:0.111, C#:0.103, D:0.152, D#:0.069, E:0.046, F:0.055, F#:0.051, G:0.099, G#:0.075, A:0.077, A#:0.085, B:0.078"
107103,"C:0.052, C#:0.070, D:0.043, D#:0.062, E:0.270, F:0.063, F#:0.075, G:0.033, G#:0.042, A:0.066, A#:0.050, B:0.175"
107104,"C:0.304, C#:0.104, D:0.041, D#:0.025, E:0.037, F:0.068, F#:0.062, G:0.103, G#:0.049, A:0.035, A#:0.053, B:0.119"
107105,"C:0.193, C#:0.076, D:0.054, D#:0.032, E:0.041, F:0.042, F#:0.074, G:0.126, G#:0.077, A:0.101, A#:0.076, B:0.108"
107170,"C:0.317, C#:0.045, D:0.042, D#:0.083, E:0.030, F:0.063, F#:0.025, G:0.142, G#:0.117, A:0.031, A#:0.054, B:0.050"
107171,"C:0.157, C#:0.040, D:0.019, D#:0.024, E:0.022, F:0.032, F#:0.024, G:0.058, G#:0.149, A:0.188, A#:0.188, B:0.099"
107172,"C:0.070, C#:0.038, D:0.034, D#:0.029, E:0.033, F:0.053, F#:0.123, G:0.099, G#:0.076, A:0.165, A#:0.201, B:0.080"
107173,"C:0.094, C#:0.132, D:0.055, D#:0.080, E:0.091, F:0.264, F#:0.124, G:0.050, G#:0.022, A:0.016, A#:0.023, B:0.048"
107174,"C:0.253, C#:0.027, D:0.096, D#:0.044, E:0.261, F:0.048, F#:0.020, G:0.048, G#:0.039, A:0.079, A#:0.051, B:0.034"
107175,"C:0.102, C#:0.076, D:0.143, D#:0.061, E:0.099, F:0.064, F#:0.076, G:0.180, G#:0.040, A:0.046, A#:0.032, B:0.080"
107219,"C:0.023, C#:0.034, D:0.178, D#:0.085, E:0.394, F:0.057, F#:0.027, G:0.013, G#:0.023, A:0.063, A#:0.021, B:0.081"
107222,"C:0.040, C#:0.028, D:0.071, D#:0.047, E:0.078, F:0.174, F#:0.121, G:0.163, G#:0.090, A:0.080, A#:0.046, B:0.063"
107259,"C:0.063, C#:0.041, D:0.136, D#:0.104, E:0.137, F:0.108, F#:0.058, G:0.144, G#:0.071, A:0.087, A#:0.026, B:0.026"
107261,"C:0.044, C#:0.038, D:0.076, D#:0.049, E:0.117, F:0.051, F#:0.072, G:0.109, G#:0.095, A:0.173, A#:0.080, B:0.094"
107265,"C:0.040, C#:0.046, D:0.074, D#:0.034, E:0.132, F:0.124, F#:0.099, G:0.163, G#:0.037, A:0.089, A#:0.026, B:0.136"
107342,"C:0.050, C#:0.104, D:0.075, D#:0.066, E:0.112, F:0.073, F#:0.060, G:0.071, G#:0.122, A:0.131, A#:0.074, B:0.064"
107344,"C:0.218, C#:0.046, D:0.107, D#:0.033, E:0.085, F:0.016, F#:0.031, G:0.213, G#:0.022, A:0.027, A#:0.024, B:0.178"
107345,"C:0.070, C#:0.053, D:0.074, D#:0.279, E:0.129, F:0.059, F#:0.069, G:0.069, G#:0.045, A:0.028, A#:0.091, B:0.034"
107346,"C:0.117, C#:0.091, D:0.108, D#:0.079, E:0.140, F:0.091, F#:0.062, G:0.125, G#:0.041, A:0.030, A#:0.018, B:0.096"
107347,"C:0.027, C#:0.163, D:0.051, D#:0.160, E:0.064, F:0.080, F#:0.231, G:0.063, G#:0.052, A:0.036, A#:0.051, B:0.023"
107348,"C:0.064, C#:0.058, D:0.055, D#:0.032, E:0.084, F:0.063, F#:0.224, G:0.103, G#:0.051, A:0.101, A#:0.063, B:0.101"
107350,"C:0.138, C#:0.041, D:0.023, D#:0.024, E:0.054, F:0.055, F#:0.198, G:0.078, G#:0.095, A:0.035, A#:0.052, B:0.206"
107351,"C:0.025, C#:0.031, D:0.042, D#:0.192, E:0.155, F:0.038, F#:0.102, G:0.029, G#:0.167, A:0.030, A#:0.076, B:0.112"
107352,"C:0.326, C#:0.047, D:0.031, D#:0.027, E:0.130, F:0.065, F#:0.059, G:0.142, G#:0.036, A:0.036, A#:0.029, B:0.072"
107353,"C:0.120, C#:0.064, D:0.063, D#:0.028, E:0.058, F:0.216, F#:0.111, G:0.106, G#:0.045, A:0.149, A#:0.023, B:0.017"
107354,"C:0.145, C#:0.040, D:0.037, D#:0.082, E:0.040, F:0.068, F#:0.063, G:0.184, G#:0.113, A:0.052, A#:0.129, B:0.045"
107367,"C:0.038, C#:0.027, D:0.140, D#:0.019, E:0.036, F:0.059, F#:0.048, G:0.130, G#:0.083, A:0.283, A#:0.110, B:0.026"
107373,"C:0.063, C#:0.071, D:0.048, D#:0.044, E:0.052, F:0.059, F#:0.061, G:0.083, G#:0.090, A:0.187, A#:0.149, B:0.093"
107376,"C:0.154, C#:0.061, D:0.050, D#:0.032, E:0.035, F:0.092, F#:0.071, G:0.092, G#:0.116, A:0.058, A#:0.098, B:0.141"
107383,"C:0.106, C#:0.173, D:0.231, D#:0.071, E:0.043, F:0.038, F#:0.039, G:0.034, G#:0.048, A:0.132, A#:0.044, B:0.041"
107403,"C:0.103, C#:0.181, D:0.183, D#:0.075, E:0.104, F:0.092, F#:0.021, G:0.069, G#:0.012, A:0.067, A#:0.085, B:0.008"
107404,"C:0.192, C#:0.024, D:0.016, D#:0.019, E:0.039, F:0.011, F#:0.012, G:0.008, G#:0.056, A:0.412, A#:0.051, B:0.159"
107424,"C:0.051, C#:0.132, D:0.046, D#:0.137, E:0.023, F:0.068, F#:0.024, G:0.087, G#:0.327, A:0.050, A#:0.034, B:0.022"
107473,"C:0.086, C#:0.013, D:0.111, D#:0.013, E:0.094, F:0.415, F#:0.046, G:0.011, G#:0.012, A:0.107, A#:0.060, B:0.031"
107475,"C:0.038, C#:0.007, D:0.004, D#:0.007, E:0.102, F:0.008, F#:0.013, G:0.017, G#:0.071, A:0.658, A#:0.044, B:0.033"
107477,"C:0.093, C#:0.039, D:0.188, D#:0.030, E:0.068, F:0.018, F#:0.051, G:0.133, G#:0.034, A:0.089, A#:0.044, B:0.213"
107480,"C:0.097, C#:0.054, D:0.034, D#:0.033, E:0.038, F:0.067, F#:0.113, G:0.181, G#:0.181, A:0.084, A#:0.045, B:0.072"
107481,"C:0.055, C#:0.030, D:0.112, D#:0.017, E:0.014, F:0.037, F#:0.069, G:0.289, G#:0.068, A:0.182, A#:0.091, B:0.035"
107482,"C:0.047, C#:0.019, D:0.124, D#:0.032, E:0.176, F:0.047, F#:0.025, G:0.087, G#:0.048, A:0.307, A#:0.039, B:0.050"
107483,"C:0.102, C#:0.025, D:0.063, D#:0.041, E:0.164, F:0.090, F#:0.046, G:0.065, G#:0.054, A:0.246, A#:0.041, B:0.064"
107499,"C:0.176, C#:0.067, D:0.055, D#:0.041, E:0.171, F:0.052, F#:0.032, G:0.034, G#:0.038, A:0.124, A#:0.061, B:0.148"
107502,"C:0.145, C#:0.038, D:0.046, D#:0.037, E:0.153, F:0.181, F#:0.056, G:0.072, G#:0.048, A:0.121, A#:0.035, B:0.068"
107503,"C:0.038, C#:0.119, D:0.314, D#:0.082, E:0.034, F:0.057, F#:0.036, G:0.032, G#:0.065, A:0.140, A#:0.057, B:0.026"
107504,"C:0.037, C#:0.045, D:0.067, D#:0.045, E:0.182, F:0.055, F#:0.125, G:0.097, G#:0.071, A:0.082, A#:0.051, B:0.141"
107505,"C:0.093, C#:0.058, D:0.020, D#:0.024, E:0.034, F:0.093, F#:0.133, G:0.031, G#:0.028, A:0.047, A#:0.158, B:0.280"
107506,"C:0.074, C#:0.033, D:0.071, D#:0.194, E:0.126, F:0.035, F#:0.022, G:0.054, G#:0.061, A:0.229, A#:0.074, B:0.027"
107507,"C:0.051, C#:0.032, D:0.052, D#:0.035, E:0.101, F:0.092, F#:0.056, G:0.129, G#:0.095, A:0.240, A#:0.082, B:0.036"
107515,"C:0.010, C#:0.013, D:0.139, D#:0.129, E:0.028, F:0.140, F#:0.058, G:0.207, G#:0.046, A:0.042, A#:0.163, B:0.024"
107516,"C:0.112, C#:0.043, D:0.037, D#:0.032, E:0.036, F:0.043, F#:0.071, G:0.281, G#:0.211, A:0.074, A#:0.030, B:0.030"
107517,"C:0.006, C#:0.005, D:0.019, D#:0.010, E:0.063, F:0.243, F#:0.026, G:0.110, G#:0.028, A:0.440, A#:0.021, B:0.030"
107519,"C:0.019, C#:0.062, D:0.179, D#:0.051, E:0.102, F:0.039, F#:0.107, G:0.045, G#:0.047, A:0.209, A#:0.068, B:0.071"
107520,"C:0.068, C#:0.180, D:0.069, D#:0.106, E:0.032, F:0.057, F#:0.145, G:0.053, G#:0.066, A:0.035, A#:0.097, B:0.092"
107521,"C:0.219, C#:0.040, D:0.069, D#:0.021, E:0.116, F:0.147, F#:0.049, G:0.127, G#:0.035, A:0.083, A#:0.024, B:0.070"
107522,"C:0.209, C#:0.028, D:0.139, D#:0.017, E:0.099, F:0.237, F#:0.021, G:0.141, G#:0.013, A:0.047, A#:0.011, B:0.039"
107523,"C:0.142, C#:0.030, D:0.129, D#:0.030, E:0.086, F:0.122, F#:0.054, G:0.225, G#:0.052, A:0.049, A#:0.023, B:0.058"
107524,"C:0.059, C#:0.103, D:0.035, D#:0.093, E:0.066, F:0.033, F#:0.112, G:0.045, G#:0.122, A:0.039, A#:0.109, B:0.183"
107525,"C:0.021, C#:0.101, D:0.033, D#:0.139, E:0.215, F:0.100, F#:0.054, G:0.028, G#:0.076, A:0.118, A#:0.027, B:0.088"
107526,"C:0.088, C#:0.016, D:0.049, D#:0.270, E:0.048, F:0.074, F#:0.026, G:0.079, G#:0.104, A:0.026, A#:0.190, B:0.031"
107527,"C:0.134, C#:0.040, D:0.041, D#:0.034, E:0.114, F:0.125, F#:0.082, G:0.156, G#:0.089, A:0.088, A#:0.034, B:0.065"
107529,"C:0.179, C#:0.031, D:0.114, D#:0.018, E:0.098, F:0.047, F#:0.086, G:0.161, G#:0.029, A:0.122, A#:0.022, B:0.093"
107613,"C:0.070, C#:0.033, D:0.054, D#:0.033, E:0.059, F:0.031, F#:0.047, G:0.131, G#:0.126, A:0.260, A#:0.089, B:0.068"
107614,"C:0.222, C#:0.057, D:0.188, D#:0.059, E:0.026, F:0.046, F#:0.030, G:0.120, G#:0.030, A:0.034, A#:0.112, B:0.076"
107616,"C:0.040, C#:0.033, D:0.101, D#:0.035, E:0.032, F:0.078, F#:0.084, G:0.346, G#:0.126, A:0.064, A#:0.041, B:0.019"
107617,"C:0.031, C#:0.038, D:0.047, D#:0.185, E:0.243, F:0.081, F#:0.097, G:0.036, G#:0.024, A:0.043, A#:0.056, B:0.119"
107764,"C:0.078, C#:0.033, D:0.046, D#:0.018, E:0.022, F:0.053, F#:0.045, G:0.208, G#:0.109, A:0.240, A#:0.068, B:0.082"
107802,"C:0.164, C#:0.137, D:0.090, D#:0.144, E:0.083, F:0.068, F#:0.049, G:0.033, G#:0.031, A:0.056, A#:0.066, B:0.079"
107803,"C:0.091, C#:0.082, D:0.279, D#:0.074, E:0.055, F:0.039, F#:0.029, G:0.042, G#:0.041, A:0.179, A#:0.054, B:0.035"
107807,"C:0.056, C#:0.067, D:0.121, D#:0.078, E:0.099, F:0.129, F#:0.109, G:0.147, G#:0.077, A:0.060, A#:0.032, B:0.026"
107852,"C:0.108, C#:0.009, D:0.024, D#:0.135, E:0.036, F:0.202, F#:0.021, G:0.048, G#:0.130, A:0.042, A#:0.219, B:0.026"
107853,"C:0.039, C#:0.053, D:0.015, D#:0.047, E:0.038, F:0.160, F#:0.190, G:0.023, G#:0.170, A:0.073, A#:0.165, B:0.028"
107854,"C:0.065, C#:0.062, D:0.032, D#:0.073, E:0.044, F:0.069, F#:0.193, G:0.047, G#:0.053, A:0.034, A#:0.074, B:0.255"
107856,"C:0.123, C#:0.076, D:0.035, D#:0.105, E:0.037, F:0.137, F#:0.048, G:0.059, G#:0.152, A:0.067, A#:0.078, B:0.083"
107872,"C:0.066, C#:0.114, D:0.052, D#:0.028, E:0.048, F:0.040, F#:0.046, G:0.046, G#:0.099, A:0.181, A#:0.203, B:0.076"
107874,"C:0.033, C#:0.039, D:0.062, D#:0.030, E:0.046, F:0.049, F#:0.121, G:0.117, G#:0.107, A:0.224, A#:0.097, B:0.076"
107877,"C:0.015, C#:0.033, D:0.136, D#:0.029, E:0.129, F:0.024, F#:0.055, G:0.052, G#:0.045, A:0.329, A#:0.053, B:0.100"
107878,"C:0.045, C#:0.229, D:0.444, D#:0.058, E:0.063, F:0.013, F#:0.010, G:0.029, G#:0.012, A:0.015, A#:0.013, B:0.069"
107881,"C:0.064, C#:0.067, D:0.203, D#:0.088, E:0.069, F:0.115, F#:0.059, G:0.062, G#:0.050, A:0.139, A#:0.049, B:0.035"
107883,"C:0.026, C#:0.065, D:0.070, D#:0.030, E:0.101, F:0.027, F#:0.072, G:0.054, G#:0.026, A:0.237, A#:0.037, B:0.254"
107884,"C:0.018, C#:0.010, D:0.015, D#:0.154, E:0.163, F:0.013, F#:0.065, G:0.015, G#:0.237, A:0.077, A#:0.087, B:0.146"
107885,"C:0.011, C#:0.068, D:0.129, D#:0.021, E:0.090, F:0.023, F#:0.114, G:0.084, G#:0.068, A:0.307, A#:0.025, B:0.059"
107891,"C:0.060, C#:0.112, D:0.087, D#:0.079, E:0.109, F:0.054, F#:0.065, G:0.075, G#:0.098, A:0.104, A#:0.065, B:0.093"
107892,"C:0.042, C#:0.081, D:0.095, D#:0.062, E:0.104, F:0.062, F#:0.153, G:0.076, G#:0.049, A:0.085, A#:0.065, B:0.124"
107896,"C:0.072, C#:0.046, D:0.081, D#:0.060, E:0.162, F:0.061, F#:0.067, G:0.108, G#:0.071, A:0.064, A#:0.063, B:0.146"
107898,"C:0.023, C#:0.107, D:0.050, D#:0.012, E:0.096, F:0.024, F#:0.247, G:0.158, G#:0.071, A:0.032, A#:0.019, B:0.161"
107914,"C:0.039, C#:0.053, D:0.297, D#:0.073, E:0.058, F:0.069, F#:0.057, G:0.041, G#:0.066, A:0.159, A#:0.063, B:0.025"
107915,"C:0.055, C#:0.033, D:0.072, D#:0.048, E:0.247, F:0.062, F#:0.071, G:0.125, G#:0.049, A:0.061, A#:0.035, B:0.143"
107917,"C:0.124, C#:0.021, D:0.022, D#:0.050, E:0.390, F:0.080, F#:0.034, G:0.053, G#:0.020, A:0.033, A#:0.019, B:0.154"
107918,"C:0.106, C#:0.019, D:0.049, D#:0.023, E:0.133, F:0.055, F#:0.022, G:0.066, G#:0.036, A:0.332, A#:0.057, B:0.102"
107920,"C:0.092, C#:0.023, D:0.028, D#:0.049, E:0.368, F:0.060, F#:0.039, G:0.083, G#:0.054, A:0.076, A#:0.025, B:0.103"
107921,"C:0.007, C#:0.016, D:0.178, D#:0.122, E:0.025, F:0.025, F#:0.028, G:0.230, G#:0.041, A:0.200, A#:0.112, B:0.017"
107922,"C:0.028, C#:0.048, D:0.038, D#:0.115, E:0.023, F:0.048, F#:0.101, G:0.060, G#:0.142, A:0.104, A#:0.199, B:0.094"
107923,"C:0.446, C#:0.055, D:0.044, D#:0.027, E:0.054, F:0.027, F#:0.028, G:0.040, G#:0.049, A:0.049, A#:0.078, B:0.103"
107930,"C:0.068, C#:0.169, D:0.188, D#:0.116, E:0.110, F:0.079, F#:0.113, G:0.038, G#:0.013, A:0.021, A#:0.022, B:0.063"
107935,"C:0.317, C#:0.129, D:0.079, D#:0.073, E:0.042, F:0.060, F#:0.025, G:0.018, G#:0.027, A:0.061, A#:0.068, B:0.101"
107936,"C:0.125, C#:0.126, D:0.113, D#:0.103, E:0.063, F:0.040, F#:0.040, G:0.063, G#:0.051, A:0.066, A#:0.125, B:0.084"
107937,"C:0.074, C#:0.030, D:0.070, D#:0.041, E:0.094, F:0.052, F#:0.034, G:0.046, G#:0.070, A:0.309, A#:0.104, B:0.076"
107939,"C:0.027, C#:0.147, D:0.017, D#:0.009, E:0.015, F:0.062, F#:0.272, G:0.068, G#:0.125, A:0.163, A#:0.022, B:0.073"
107941,"C:0.027, C#:0.048, D:0.041, D#:0.046, E:0.344, F:0.041, F#:0.073, G:0.062, G#:0.033, A:0.057, A#:0.055, B:0.174"
107943,"C:0.085, C#:0.031, D:0.050, D#:0.019, E:0.028, F:0.142, F#:0.064, G:0.342, G#:0.073, A:0.042, A#:0.087, B:0.036"
107945,"C:0.031, C#:0.068, D:0.125, D#:0.043, E:0.098, F:0.034, F#:0.105, G:0.087, G#:0.116, A:0.178, A#:0.051, B:0.064"
107946,"C:0.063, C#:0.032, D:0.068, D#:0.020, E:0.083, F:0.046, F#:0.047, G:0.418, G#:0.062, A:0.075, A#:0.061, B:0.023"
107949,"C:0.064, C#:0.104, D:0.065, D#:0.089, E:0.093, F:0.072, F#:0.115, G:0.086, G#:0.156, A:0.072, A#:0.029, B:0.055"
107950,"C:0.095, C#:0.037, D:0.061, D#:0.168, E:0.109, F:0.177, F#:0.084, G:0.118, G#:0.076, A:0.022, A#:0.020, B:0.035"
107951,"C:0.084, C#:0.055, D:0.103, D#:0.038, E:0.028, F:0.032, F#:0.081, G:0.209, G#:0.077, A:0.091, A#:0.065, B:0.137"
107952,"C:0.030, C#:0.061, D:0.193, D#:0.054, E:0.073, F:0.098, F#:0.146, G:0.135, G#:0.049, A:0.088, A#:0.032, B:0.040"
107953,"C:0.040, C#:0.053, D:0.143, D#:0.060, E:0.165, F:0.046, F#:0.077, G:0.092, G#:0.039, A:0.082, A#:0.042, B:0.160"
107954,"C:0.094, C#:0.070, D:0.124, D#:0.069, E:0.104, F:0.066, F#:0.091, G:0.160, G#:0.059, A:0.040, A#:0.033, B:0.090"
107955,"C:0.063, C#:0.043, D:0.077, D#:0.073, E:0.153, F:0.047, F#:0.045, G:0.063, G#:0.049, A:0.123, A#:0.081, B:0.183"
107956,"C:0.023, C#:0.074, D:0.173, D#:0.071, E:0.106, F:0.072, F#:0.126, G:0.126, G#:0.063, A:0.107, A#:0.033, B:0.026"
107957,"C:0.083, C#:0.111, D:0.066, D#:0.096, E:0.050, F:0.073, F#:0.044, G:0.038, G#:0.057, A:0.085, A#:0.208, B:0.090"
107985,"C:0.033, C#:0.111, D:0.061, D#:0.029, E:0.063, F:0.094, F#:0.153, G:0.041, G#:0.112, A:0.189, A#:0.049, B:0.065"
107986,"C:0.026, C#:0.196, D:0.021, D#:0.051, E:0.296, F:0.032, F#:0.102, G:0.017, G#:0.059, A:0.073, A#:0.019, B:0.108"
107987,"C:0.021, C#:0.066, D:0.015, D#:0.068, E:0.218, F:0.043, F#:0.193, G:0.048, G#:0.100, A:0.016, A#:0.035, B:0.177"
107988,"C:0.189, C#:0.025, D:0.040, D#:0.041, E:0.165, F:0.135, F#:0.063, G:0.059, G#:0.095, A:0.080, A#:0.012, B:0.097"
107989,"C:0.056, C#:0.219, D:0.028, D#:0.090, E:0.030, F:0.099, F#:0.069, G:0.025, G#:0.238, A:0.035, A#:0.094, B:0.016"
107991,"C:0.128, C#:0.062, D:0.044, D#:0.038, E:0.110, F:0.053, F#:0.049, G:0.086, G#:0.094, A:0.119, A#:0.048, B:0.169"
107992,"C:0.040, C#:0.232, D:0.023, D#:0.116, E:0.054, F:0.013, F#:0.088, G:0.013, G#:0.070, A:0.010, A#:0.033, B:0.307"
107993,"C:0.256, C#:0.047, D:0.196, D#:0.029, E:0.123, F:0.127, F#:0.015, G:0.044, G#:0.007, A:0.012, A#:0.020, B:0.124"
107994,"C:0.071, C#:0.047, D:0.123, D#:0.142, E:0.054, F:0.073, F#:0.044, G:0.094, G#:0.079, A:0.074, A#:0.141, B:0.058"
107995,"C:0.063, C#:0.230, D:0.027, D#:0.094, E:0.015, F:0.028, F#:0.099, G:0.069, G#:0.153, A:0.028, A#:0.036, B:0.158"
107996,"C:0.054, C#:0.015, D:0.059, D#:0.018, E:0.217, F:0.218, F#:0.040, G:0.120, G#:0.055, A:0.103, A#:0.026, B:0.075"
107997,"C:0.161, C#:0.129, D:0.037, D#:0.103, E:0.036, F:0.125, F#:0.034, G:0.050, G#:0.155, A:0.043, A#:0.074, B:0.053"
108002,"C:0.018, C#:0.014, D:0.046, D#:0.034, E:0.320, F:0.032, F#:0.068, G:0.118, G#:0.035, A:0.029, A#:0.026, B:0.260"
108004,"C:0.104, C#:0.024, D:0.051, D#:0.056, E:0.219, F:0.063, F#:0.034, G:0.043, G#:0.092, A:0.108, A#:0.059, B:0.147"
108006,"C:0.274, C#:0.041, D:0.027, D#:0.025, E:0.089, F:0.066, F#:0.062, G:0.201, G#:0.069, A:0.034, A#:0.029, B:0.082"
108009,"C:0.094, C#:0.032, D:0.060, D#:0.095, E:0.063, F:0.090, F#:0.079, G:0.205, G#:0.116, A:0.050, A#:0.049, B:0.068"
108010,"C:0.148, C#:0.019, D:0.040, D#:0.042, E:0.189, F:0.032, F#:0.082, G:0.114, G#:0.028, A:0.040, A#:0.048, B:0.218"
108011,"C:0.065, C#:0.037, D:0.271, D#:0.129, E:0.024, F:0.102, F#:0.035, G:0.027, G#:0.020, A:0.112, A#:0.145, B:0.032"
108013,"C:0.159, C#:0.026, D:0.070, D#:0.017, E:0.081, F:0.163, F#:0.042, G:0.073, G#:0.036, A:0.145, A#:0.113, B:0.075"
108019,"C:0.093, C#:0.018, D:0.146, D#:0.192, E:0.028, F:0.117, F#:0.012, G:0.059, G#:0.014, A:0.086, A#:0.217, B:0.018"
108020,"C:0.098, C#:0.008, D:0.064, D#:0.225, E:0.013, F:0.030, F#:0.007, G:0.064, G#:0.121, A:0.020, A#:0.329, B:0.022"
108021,"C:0.366, C#:0.012, D:0.160, D#:0.006, E:0.012, F:0.205, F#:0.010, G:0.159, G#:0.007, A:0.014, A#:0.034, B:0.015"
108024,"C:0.034, C#:0.164, D:0.064, D#:0.118, E:0.054, F:0.031, F#:0.162, G:0.046, G#:0.066, A:0.026, A#:0.061, B:0.172"
108025,"C:0.068, C#:0.010, D:0.092, D#:0.093, E:0.023, F:0.216, F#:0.022, G:0.211, G#:0.035, A:0.038, A#:0.178, B:0.013"
108029,"C:0.106, C#:0.057, D:0.167, D#:0.096, E:0.117, F:0.057, F#:0.032, G:0.142, G#:0.034, A:0.083, A#:0.032, B:0.075"
108030,"C:0.084, C#:0.041, D:0.066, D#:0.088, E:0.096, F:0.190, F#:0.046, G:0.097, G#:0.109, A:0.037, A#:0.097, B:0.050"
108031,"C:0.217, C#:0.102, D:0.104, D#:0.090, E:0.070, F:0.062, F#:0.060, G:0.133, G#:0.045, A:0.034, A#:0.025, B:0.058"
108032,"C:0.163, C#:0.065, D:0.083, D#:0.089, E:0.062, F:0.033, F#:0.048, G:0.054, G#:0.045, A:0.128, A#:0.059, B:0.170"
108034,"C:0.217, C#:0.046, D:0.110, D#:0.025, E:0.073, F:0.120, F#:0.028, G:0.146, G#:0.028, A:0.134, A#:0.021, B:0.054"
108035,"C:0.206, C#:0.054, D:0.143, D#:0.112, E:0.068, F:0.055, F#:0.031, G:0.121, G#:0.033, A:0.102, A#:0.021, B:0.054"
108046,"C:0.061, C#:0.093, D:0.093, D#:0.102, E:0.118, F:0.070, F#:0.086, G:0.070, G#:0.081, A:0.080, A#:0.057, B:0.090"
108149,"C:0.058, C#:0.041, D:0.103, D#:0.111, E:0.218, F:0.114, F#:0.071, G:0.037, G#:0.047, A:0.055, A#:0.047, B:0.097"
108150,"C:0.105, C#:0.060, D:0.165, D#:0.059, E:0.058, F:0.021, F#:0.036, G:0.047, G#:0.028, A:0.048, A#:0.083, B:0.290"
108151,"C:0.144, C#:0.060, D:0.080, D#:0.050, E:0.104, F:0.026, F#:0.038, G:0.107, G#:0.051, A:0.155, A#:0.058, B:0.127"
108152,"C:0.077, C#:0.059, D:0.124, D#:0.103, E:0.288, F:0.075, F#:0.081, G:0.081, G#:0.026, A:0.014, A#:0.015, B:0.056"
108153,"C:0.265, C#:0.064, D:0.127, D#:0.043, E:0.179, F:0.031, F#:0.033, G:0.026, G#:0.019, A:0.033, A#:0.036, B:0.144"
108154,"C:0.246, C#:0.084, D:0.078, D#:0.059, E:0.153, F:0.031, F#:0.023, G:0.081, G#:0.024, A:0.099, A#:0.032, B:0.090"
108155,"C:0.039, C#:0.082, D:0.386, D#:0.085, E:0.134, F:0.151, F#:0.044, G:0.017, G#:0.010, A:0.024, A#:0.012, B:0.017"
108156,"C:0.106, C#:0.094, D:0.189, D#:0.080, E:0.066, F:0.064, F#:0.100, G:0.086, G#:0.041, A:0.065, A#:0.039, B:0.070"
108157,"C:0.099, C#:0.022, D:0.046, D#:0.040, E:0.077, F:0.078, F#:0.068, G:0.197, G#:0.072, A:0.149, A#:0.063, B:0.089"
108158,"C:0.088, C#:0.014, D:0.089, D#:0.235, E:0.020, F:0.036, F#:0.019, G:0.189, G#:0.115, A:0.046, A#:0.129, B:0.021"
108159,"C:0.063, C#:0.095, D:0.273, D#:0.082, E:0.056, F:0.057, F#:0.057, G:0.102, G#:0.021, A:0.083, A#:0.057, B:0.054"
108160,"C:0.286, C#:0.016, D:0.045, D#:0.007, E:0.069, F:0.008, F#:0.009, G:0.196, G#:0.036, A:0.061, A#:0.196, B:0.072"
108161,"C:0.045, C#:0.009, D:0.044, D#:0.018, E:0.101, F:0.332, F#:0.044, G:0.017, G#:0.018, A:0.118, A#:0.235, B:0.019"
108162,"C:0.154, C#:0.061, D:0.172, D#:0.044, E:0.085, F:0.033, F#:0.092, G:0.279, G#:0.022, A:0.010, A#:0.011, B:0.036"
108163,"C:0.077, C#:0.069, D:0.091, D#:0.086, E:0.043, F:0.073, F#:0.028, G:0.034, G#:0.082, A:0.100, A#:0.248, B:0.067"
108164,"C:0.140, C#:0.047, D:0.130, D#:0.035, E:0.108, F:0.040, F#:0.031, G:0.167, G#:0.039, A:0.113, A#:0.062, B:0.088"
108165,"C:0.078, C#:0.069, D:0.057, D#:0.157, E:0.124, F:0.066, F#:0.126, G:0.033, G#:0.056, A:0.024, A#:0.067, B:0.144"
108166,"C:0.060, C#:0.084, D:0.081, D#:0.066, E:0.169, F:0.079, F#:0.093, G:0.061, G#:0.070, A:0.117, A#:0.036, B:0.083"
108167,"C:0.014, C#:0.068, D:0.058, D#:0.023, E:0.195, F:0.027, F#:0.148, G:0.021, G#:0.043, A:0.246, A#:0.036, B:0.120"
108267,"C:0.156, C#:0.008, D:0.004, D#:0.045, E:0.146, F:0.110, F#:0.096, G:0.150, G#:0.090, A:0.120, A#:0.012, B:0.062"
108268,"C:0.169, C#:0.166, D:0.107, D#:0.200, E:0.144, F:0.014, F#:0.016, G:0.055, G#:0.047, A:0.013, A#:0.031, B:0.038"
108269,"C:0.184, C#:0.008, D:0.010, D#:0.006, E:0.040, F:0.012, F#:0.081, G:0.245, G#:0.069, A:0.033, A#:0.085, B:0.229"
108270,"C:0.015, C#:0.122, D:0.204, D#:0.012, E:0.058, F:0.058, F#:0.188, G:0.176, G#:0.060, A:0.046, A#:0.017, B:0.045"
108272,"C:0.063, C#:0.085, D:0.043, D#:0.151, E:0.149, F:0.085, F#:0.117, G:0.117, G#:0.088, A:0.015, A#:0.039, B:0.051"
108279,"C:0.128, C#:0.035, D:0.142, D#:0.042, E:0.145, F:0.030, F#:0.027, G:0.152, G#:0.040, A:0.188, A#:0.024, B:0.047"
108280,"C:0.445, C#:0.193, D:0.048, D#:0.023, E:0.034, F:0.016, F#:0.017, G:0.054, G#:0.038, A:0.027, A#:0.033, B:0.073"
108281,"C:0.024, C#:0.036, D:0.057, D#:0.095, E:0.146, F:0.200, F#:0.123, G:0.114, G#:0.089, A:0.062, A#:0.037, B:0.018"
108282,"C:0.254, C#:0.080, D:0.037, D#:0.028, E:0.271, F:0.059, F#:0.018, G:0.065, G#:0.020, A:0.111, A#:0.025, B:0.032"
108291,"C:0.074, C#:0.068, D:0.066, D#:0.059, E:0.127, F:0.181, F#:0.077, G:0.057, G#:0.047, A:0.101, A#:0.074, B:0.068"
108294,"C:0.038, C#:0.049, D:0.140, D#:0.066, E:0.052, F:0.085, F#:0.137, G:0.272, G#:0.060, A:0.044, A#:0.035, B:0.021"
108295,"C:0.219, C#:0.079, D:0.079, D#:0.048, E:0.107, F:0.026, F#:0.025, G:0.128, G#:0.040, A:0.112, A#:0.042, B:0.095"
108297,"C:0.036, C#:0.109, D:0.132, D#:0.046, E:0.146, F:0.027, F#:0.041, G:0.097, G#:0.053, A:0.240, A#:0.038, B:0.035"
108328,"C:0.056, C#:0.066, D:0.296, D#:0.026, E:0.014, F:0.008, F#:0.119, G:0.019, G#:0.025, A:0.288, A#:0.065, B:0.016"
108337,"C:0.174, C#:0.072, D:0.181, D#:0.042, E:0.049, F:0.028, F#:0.077, G:0.138, G#:0.036, A:0.096, A#:0.026, B:0.081"
108339,"C:0.175, C#:0.080, D:0.057, D#:0.086, E:0.046, F:0.027, F#:0.046, G:0.127, G#:0.124, A:0.081, A#:0.070, B:0.080"
108367,"C:0.137, C#:0.106, D:0.133, D#:0.054, E:0.115, F:0.043, F#:0.017, G:0.024, G#:0.075, A:0.223, A#:0.040, B:0.035"
108369,"C:0.074, C#:0.037, D:0.048, D#:0.043, E:0.124, F:0.115, F#:0.084, G:0.122, G#:0.073, A:0.183, A#:0.049, B:0.047"
108370,"C:0.083, C#:0.039, D:0.224, D#:0.043, E:0.010, F:0.022, F#:0.040, G:0.317, G#:0.101, A:0.042, A#:0.060, B:0.019"
108371,"C:0.018, C#:0.011, D:0.023, D#:0.080, E:0.250, F:0.076, F#:0.063, G:0.298, G#:0.042, A:0.012, A#:0.036, B:0.091"
108373,"C:0.151, C#:0.074, D:0.093, D#:0.209, E:0.054, F:0.083, F#:0.039, G:0.097, G#:0.052, A:0.032, A#:0.071, B:0.046"
108374,"C:0.069, C#:0.108, D:0.205, D#:0.047, E:0.063, F:0.050, F#:0.095, G:0.121, G#:0.040, A:0.119, A#:0.047, B:0.037"
108375,"C:0.257, C#:0.051, D:0.055, D#:0.090, E:0.115, F:0.169, F#:0.046, G:0.091, G#:0.020, A:0.030, A#:0.022, B:0.054"
108376,"C:0.057, C#:0.118, D:0.046, D#:0.109, E:0.088, F:0.047, F#:0.117, G:0.095, G#:0.127, A:0.064, A#:0.062, B:0.069"
108391,"C:0.021, C#:0.062, D:0.021, D#:0.103, E:0.294, F:0.036, F#:0.046, G:0.023, G#:0.168, A:0.101, A#:0.030, B:0.096"
108393,"C:0.344, C#:0.072, D:0.032, D#:0.016, E:0.032, F:0.060, F#:0.038, G:0.161, G#:0.038, A:0.049, A#:0.061, B:0.097"
108394,"C:0.087, C#:0.205, D:0.036, D#:0.133, E:0.020, F:0.036, F#:0.023, G:0.059, G#:0.274, A:0.045, A#:0.051, B:0.029"
108395,"C:0.051, C#:0.138, D:0.046, D#:0.138, E:0.024, F:0.069, F#:0.029, G:0.087, G#:0.303, A:0.051, A#:0.040, B:0.025"
108396,"C:0.032, C#:0.167, D:0.038, D#:0.190, E:0.020, F:0.032, F#:0.166, G:0.032, G#:0.132, A:0.017, A#:0.058, B:0.116"
108397,"C:0.021, C#:0.075, D:0.405, D#:0.037, E:0.018, F:0.026, F#:0.093, G:0.122, G#:0.064, A:0.099, A#:0.017, B:0.023"
108398,"C:0.010, C#:0.034, D:0.149, D#:0.032, E:0.077, F:0.029, F#:0.108, G:0.151, G#:0.050, A:0.291, A#:0.037, B:0.032"
108399,"C:0.020, C#:0.081, D:0.252, D#:0.033, E:0.051, F:0.032, F#:0.201, G:0.147, G#:0.026, A:0.092, A#:0.019, B:0.047"
108400,"C:0.043, C#:0.020, D:0.097, D#:0.450, E:0.046, F:0.036, F#:0.019, G:0.117, G#:0.030, A:0.022, A#:0.108, B:0.012"
108401,"C:0.017, C#:0.036, D:0.262, D#:0.042, E:0.123, F:0.053, F#:0.163, G:0.100, G#:0.040, A:0.108, A#:0.028, B:0.028"
108402,"C:0.031, C#:0.083, D:0.253, D#:0.069, E:0.067, F:0.029, F#:0.043, G:0.189, G#:0.052, A:0.119, A#:0.031, B:0.035"
108403,"C:0.029, C#:0.134, D:0.024, D#:0.043, E:0.172, F:0.030, F#:0.066, G:0.020, G#:0.143, A:0.126, A#:0.046, B:0.166"
108404,"C:0.139, C#:0.126, D:0.260, D#:0.049, E:0.085, F:0.024, F#:0.062, G:0.116, G#:0.027, A:0.013, A#:0.018, B:0.081"
108456,"C:0.045, C#:0.023, D:0.174, D#:0.014, E:0.079, F:0.065, F#:0.066, G:0.157, G#:0.037, A:0.139, A#:0.073, B:0.126"
108457,"C:0.069, C#:0.176, D:0.086, D#:0.122, E:0.046, F:0.062, F#:0.176, G:0.047, G#:0.025, A:0.027, A#:0.071, B:0.093"
108458,"C:0.023, C#:0.022, D:0.168, D#:0.093, E:0.017, F:0.070, F#:0.064, G:0.243, G#:0.028, A:0.082, A#:0.173, B:0.017"
108461,"C:0.068, C#:0.084, D:0.072, D#:0.047, E:0.132, F:0.040, F#:0.034, G:0.086, G#:0.119, A:0.183, A#:0.076, B:0.059"
108466,"C:0.153, C#:0.062, D:0.122, D#:0.089, E:0.091, F:0.128, F#:0.051, G:0.103, G#:0.058, A:0.048, A#:0.046, B:0.050"
108469,"C:0.247, C#:0.033, D:0.039, D#:0.074, E:0.021, F:0.102, F#:0.017, G:0.070, G#:0.058, A:0.053, A#:0.210, B:0.075"
108470,"C:0.208, C#:0.025, D:0.054, D#:0.015, E:0.021, F:0.128, F#:0.054, G:0.242, G#:0.027, A:0.040, A#:0.138, B:0.046"
108471,"C:0.496, C#:0.060, D:0.061, D#:0.065, E:0.028, F:0.027, F#:0.021, G:0.088, G#:0.028, A:0.029, A#:0.042, B:0.055"
108472,"C:0.026, C#:0.032, D:0.143, D#:0.039, E:0.188, F:0.027, F#:0.036, G:0.162, G#:0.043, A:0.171, A#:0.047, B:0.086"
108473,"C:0.051, C#:0.018, D:0.016, D#:0.056, E:0.050, F:0.040, F#:0.112, G:0.053, G#:0.374, A:0.055, A#:0.111, B:0.064"
108475,"C:0.034, C#:0.056, D:0.327, D#:0.060, E:0.074, F:0.072, F#:0.046, G:0.032, G#:0.039, A:0.204, A#:0.029, B:0.027"
108476,"C:0.086, C#:0.062, D:0.028, D#:0.068, E:0.049, F:0.403, F#:0.039, G:0.073, G#:0.080, A:0.029, A#:0.060, B:0.022"
108477,"C:0.148, C#:0.070, D:0.087, D#:0.075, E:0.072, F:0.068, F#:0.069, G:0.142, G#:0.090, A:0.054, A#:0.073, B:0.052"
108479,"C:0.137, C#:0.044, D:0.092, D#:0.131, E:0.039, F:0.069, F#:0.043, G:0.126, G#:0.077, A:0.076, A#:0.124, B:0.043"
108480,"C:0.073, C#:0.104, D:0.172, D#:0.124, E:0.066, F:0.058, F#:0.040, G:0.043, G#:0.079, A:0.136, A#:0.058, B:0.048"
108482,"C:0.077, C#:0.087, D:0.144, D#:0.133, E:0.081, F:0.063, F#:0.067, G:0.059, G#:0.059, A:0.101, A#:0.084, B:0.046"
108483,"C:0.078, C#:0.102, D:0.070, D#:0.060, E:0.054, F:0.084, F#:0.123, G:0.109, G#:0.115, A:0.060, A#:0.070, B:0.075"
108484,"C:0.306, C#:0.145, D:0.058, D#:0.020, E:0.018, F:0.032, F#:0.059, G:0.056, G#:0.051, A:0.038, A#:0.074, B:0.143"
108505,"C:0.085, C#:0.104, D:0.166, D#:0.091, E:0.082, F:0.041, F#:0.055, G:0.044, G#:0.039, A:0.116, A#:0.069, B:0.108"
108845,"C:0.164, C#:0.137, D:0.090, D#:0.144, E:0.083, F:0.068, F#:0.049, G:0.033, G#:0.031, A:0.056, A#:0.066, B:0.079"
108938,"C:0.055, C#:0.074, D:0.089, D#:0.069, E:0.054, F:0.072, F#:0.108, G:0.256, G#:0.081, A:0.038, A#:0.044, B:0.060"
108939,"C:0.084, C#:0.070, D:0.063, D#:0.091, E:0.066, F:0.078, F#:0.057, G:0.137, G#:0.186, A:0.057, A#:0.073, B:0.039"
108941,"C:0.064, C#:0.088, D:0.151, D#:0.214, E:0.085, F:0.067, F#:0.051, G:0.046, G#:0.049, A:0.065, A#:0.080, B:0.040"
108951,"C:0.086, C#:0.089, D:0.090, D#:0.103, E:0.080, F:0.075, F#:0.108, G:0.106, G#:0.072, A:0.050, A#:0.066, B:0.074"
108953,"C:0.023, C#:0.034, D:0.274, D#:0.056, E:0.336, F:0.028, F#:0.017, G:0.040, G#:0.018, A:0.026, A#:0.012, B:0.136"
108954,"C:0.189, C#:0.074, D:0.038, D#:0.027, E:0.104, F:0.094, F#:0.052, G:0.114, G#:0.062, A:0.095, A#:0.058, B:0.093"
108956,"C:0.162, C#:0.051, D:0.128, D#:0.019, E:0.034, F:0.015, F#:0.052, G:0.265, G#:0.031, A:0.029, A#:0.036, B:0.178"
108957,"C:0.043, C#:0.070, D:0.086, D#:0.071, E:0.131, F:0.048, F#:0.030, G:0.101, G#:0.046, A:0.161, A#:0.037, B:0.175"
108958,"C:0.046, C#:0.025, D:0.195, D#:0.049, E:0.158, F:0.034, F#:0.052, G:0.189, G#:0.024, A:0.023, A#:0.054, B:0.149"
108959,"C:0.036, C#:0.037, D:0.062, D#:0.047, E:0.119, F:0.039, F#:0.190, G:0.123, G#:0.035, A:0.080, A#:0.030, B:0.202"
108961,"C:0.083, C#:0.107, D:0.178, D#:0.068, E:0.080, F:0.029, F#:0.040, G:0.088, G#:0.091, A:0.116, A#:0.050, B:0.070"
108962,"C:0.045, C#:0.141, D:0.108, D#:0.026, E:0.055, F:0.077, F#:0.035, G:0.056, G#:0.245, A:0.147, A#:0.024, B:0.040"
109006,"C:0.142, C#:0.060, D:0.070, D#:0.046, E:0.153, F:0.032, F#:0.062, G:0.105, G#:0.039, A:0.071, A#:0.033, B:0.187"
109007,"C:0.077, C#:0.041, D:0.108, D#:0.036, E:0.033, F:0.047, F#:0.034, G:0.069, G#:0.048, A:0.165, A#:0.142, B:0.201"
109022,"C:0.075, C#:0.182, D:0.022, D#:0.012, E:0.014, F:0.179, F#:0.035, G:0.018, G#:0.125, A:0.025, A#:0.295, B:0.018"
109023,"C:0.047, C#:0.161, D:0.048, D#:0.096, E:0.023, F:0.015, F#:0.020, G:0.053, G#:0.442, A:0.050, A#:0.023, B:0.024"
109026,"C:0.002, C#:0.003, D:0.032, D#:0.197, E:0.022, F:0.081, F#:0.011, G:0.251, G#:0.010, A:0.021, A#:0.354, B:0.017"
109027,"C:0.037, C#:0.045, D:0.010, D#:0.237, E:0.010, F:0.055, F#:0.008, G:0.159, G#:0.195, A:0.011, A#:0.226, B:0.006"
109028,"C:0.054, C#:0.488, D:0.018, D#:0.009, E:0.006, F:0.074, F#:0.051, G:0.017, G#:0.259, A:0.010, A#:0.005, B:0.008"
109029,"C:0.037, C#:0.038, D:0.041, D#:0.231, E:0.051, F:0.089, F#:0.026, G:0.054, G#:0.291, A:0.055, A#:0.072, B:0.016"
109030,"C:0.060, C#:0.186, D:0.048, D#:0.017, E:0.012, F:0.107, F#:0.010, G:0.014, G#:0.162, A:0.059, A#:0.265, B:0.060"
109031,"C:0.241, C#:0.010, D:0.011, D#:0.187, E:0.017, F:0.090, F#:0.012, G:0.011, G#:0.408, A:0.006, A#:0.004, B:0.004"
109032,"C:0.278, C#:0.024, D:0.031, D#:0.011, E:0.046, F:0.333, F#:0.027, G:0.061, G#:0.015, A:0.071, A#:0.071, B:0.033"
109033,"C:0.006, C#:0.008, D:0.026, D#:0.364, E:0.019, F:0.010, F#:0.017, G:0.166, G#:0.030, A:0.014, A#:0.326, B:0.015"
109034,"C:0.010, C#:0.050, D:0.255, D#:0.020, E:0.094, F:0.019, F#:0.319, G:0.148, G#:0.008, A:0.036, A#:0.007, B:0.034"
109035,"C:0.024, C#:0.082, D:0.021, D#:0.166, E:0.025, F:0.214, F#:0.022, G:0.227, G#:0.129, A:0.014, A#:0.066, B:0.011"
109092,"C:0.203, C#:0.002, D:0.015, D#:0.001, E:0.094, F:0.226, F#:0.003, G:0.078, G#:0.003, A:0.213, A#:0.003, B:0.160"
109095,"C:0.077, C#:0.080, D:0.062, D#:0.078, E:0.091, F:0.096, F#:0.092, G:0.092, G#:0.089, A:0.098, A#:0.078, B:0.066"
109098,"C:0.156, C#:0.035, D:0.028, D#:0.054, E:0.267, F:0.206, F#:0.040, G:0.038, G#:0.015, A:0.022, A#:0.026, B:0.113"
109101,"C:0.147, C#:0.019, D:0.032, D#:0.022, E:0.196, F:0.064, F#:0.034, G:0.226, G#:0.029, A:0.098, A#:0.017, B:0.114"
109102,"C:0.389, C#:0.019, D:0.009, D#:0.004, E:0.051, F:0.114, F#:0.014, G:0.117, G#:0.008, A:0.086, A#:0.017, B:0.172"
109104,"C:0.184, C#:0.005, D:0.178, D#:0.006, E:0.052, F:0.001, F#:0.037, G:0.268, G#:0.005, A:0.088, A#:0.003, B:0.173"
109114,"C:0.172, C#:0.083, D:0.190, D#:0.048, E:0.047, F:0.027, F#:0.068, G:0.131, G#:0.036, A:0.093, A#:0.027, B:0.080"
109116,"C:0.009, C#:0.055, D:0.204, D#:0.046, E:0.120, F:0.064, F#:0.244, G:0.121, G#:0.039, A:0.063, A#:0.021, B:0.014"
109118,"C:0.090, C#:0.010, D:0.097, D#:0.010, E:0.034, F:0.053, F#:0.055, G:0.296, G#:0.039, A:0.187, A#:0.116, B:0.013"
109119,"C:0.072, C#:0.045, D:0.070, D#:0.045, E:0.081, F:0.137, F#:0.180, G:0.160, G#:0.054, A:0.091, A#:0.024, B:0.041"
109123,"C:0.026, C#:0.094, D:0.047, D#:0.085, E:0.035, F:0.196, F#:0.047, G:0.023, G#:0.071, A:0.030, A#:0.278, B:0.067"
109124,"C:0.055, C#:0.050, D:0.035, D#:0.039, E:0.059, F:0.185, F#:0.064, G:0.034, G#:0.044, A:0.080, A#:0.272, B:0.083"
109125,"C:0.066, C#:0.094, D:0.050, D#:0.055, E:0.045, F:0.185, F#:0.098, G:0.046, G#:0.068, A:0.048, A#:0.188, B:0.057"
109127,"C:0.171, C#:0.209, D:0.042, D#:0.026, E:0.058, F:0.097, F#:0.023, G:0.025, G#:0.029, A:0.061, A#:0.194, B:0.066"
109128,"C:0.063, C#:0.096, D:0.054, D#:0.086, E:0.077, F:0.153, F#:0.063, G:0.044, G#:0.065, A:0.063, A#:0.180, B:0.056"
109152,"C:0.067, C#:0.137, D:0.217, D#:0.110, E:0.063, F:0.036, F#:0.022, G:0.025, G#:0.046, A:0.119, A#:0.091, B:0.066"
109193,"C:0.179, C#:0.099, D:0.183, D#:0.049, E:0.035, F:0.021, F#:0.035, G:0.086, G#:0.063, A:0.118, A#:0.056, B:0.076"
109195,"C:0.091, C#:0.089, D:0.159, D#:0.038, E:0.030, F:0.061, F#:0.070, G:0.254, G#:0.051, A:0.038, A#:0.058, B:0.061"
109196,"C:0.208, C#:0.260, D:0.142, D#:0.060, E:0.073, F:0.040, F#:0.018, G:0.066, G#:0.015, A:0.021, A#:0.036, B:0.060"
109200,"C:0.073, C#:0.023, D:0.139, D#:0.023, E:0.038, F:0.023, F#:0.062, G:0.482, G#:0.061, A:0.025, A#:0.013, B:0.037"
109207,"C:0.119, C#:0.076, D:0.094, D#:0.068, E:0.056, F:0.056, F#:0.069, G:0.092, G#:0.052, A:0.090, A#:0.089, B:0.139"
109240,"C:0.068, C#:0.036, D:0.057, D#:0.054, E:0.200, F:0.116, F#:0.049, G:0.114, G#:0.056, A:0.118, A#:0.036, B:0.095"
109252,"C:0.029, C#:0.048, D:0.211, D#:0.038, E:0.039, F:0.088, F#:0.033, G:0.017, G#:0.041, A:0.163, A#:0.247, B:0.046"
109277,"C:0.022, C#:0.022, D:0.017, D#:0.033, E:0.090, F:0.046, F#:0.036, G:0.077, G#:0.072, A:0.329, A#:0.185, B:0.072"
109286,"C:0.237, C#:0.026, D:0.040, D#:0.032, E:0.079, F:0.202, F#:0.018, G:0.069, G#:0.016, A:0.198, A#:0.044, B:0.039"
109293,"C:0.062, C#:0.106, D:0.154, D#:0.076, E:0.031, F:0.034, F#:0.089, G:0.142, G#:0.054, A:0.169, A#:0.064, B:0.020"
109296,"C:0.302, C#:0.058, D:0.038, D#:0.043, E:0.152, F:0.147, F#:0.049, G:0.050, G#:0.026, A:0.025, A#:0.029, B:0.082"
109313,"C:0.028, C#:0.064, D:0.056, D#:0.052, E:0.093, F:0.143, F#:0.227, G:0.060, G#:0.080, A:0.088, A#:0.038, B:0.070"
109349,"C:0.035, C#:0.031, D:0.039, D#:0.036, E:0.037, F:0.094, F#:0.106, G:0.281, G#:0.218, A:0.056, A#:0.042, B:0.026"
109441,"C:0.062, C#:0.060, D:0.079, D#:0.123, E:0.069, F:0.048, F#:0.101, G:0.052, G#:0.037, A:0.067, A#:0.150, B:0.151"
109472,"C:0.054, C#:0.061, D:0.029, D#:0.046, E:0.100, F:0.083, F#:0.171, G:0.059, G#:0.097, A:0.110, A#:0.073, B:0.117"
109501,"C:0.135, C#:0.121, D:0.207, D#:0.060, E:0.088, F:0.027, F#:0.030, G:0.076, G#:0.046, A:0.097, A#:0.039, B:0.073"
109514,"C:0.061, C#:0.046, D:0.081, D#:0.060, E:0.162, F:0.065, F#:0.085, G:0.149, G#:0.059, A:0.092, A#:0.047, B:0.094"
109515,"C:0.035, C#:0.090, D:0.165, D#:0.084, E:0.096, F:0.058, F#:0.087, G:0.164, G#:0.069, A:0.089, A#:0.035, B:0.027"
109516,"C:0.166, C#:0.011, D:0.031, D#:0.009, E:0.076, F:0.339, F#:0.035, G:0.037, G#:0.024, A:0.114, A#:0.129, B:0.029"
109517,"C:0.025, C#:0.018, D:0.086, D#:0.029, E:0.075, F:0.042, F#:0.141, G:0.280, G#:0.051, A:0.064, A#:0.036, B:0.153"
109518,"C:0.053, C#:0.083, D:0.290, D#:0.089, E:0.032, F:0.029, F#:0.087, G:0.142, G#:0.096, A:0.052, A#:0.021, B:0.026"
109520,"C:0.051, C#:0.081, D:0.307, D#:0.088, E:0.064, F:0.021, F#:0.154, G:0.082, G#:0.024, A:0.058, A#:0.031, B:0.037"
109521,"C:0.247, C#:0.020, D:0.039, D#:0.011, E:0.051, F:0.182, F#:0.039, G:0.152, G#:0.038, A:0.155, A#:0.024, B:0.042"
109522,"C:0.057, C#:0.099, D:0.104, D#:0.058, E:0.051, F:0.026, F#:0.031, G:0.039, G#:0.104, A:0.207, A#:0.108, B:0.116"
109523,"C:0.013, C#:0.015, D:0.011, D#:0.172, E:0.117, F:0.020, F#:0.081, G:0.040, G#:0.332, A:0.040, A#:0.044, B:0.115"
109634,"C:0.015, C#:0.048, D:0.238, D#:0.024, E:0.087, F:0.017, F#:0.190, G:0.265, G#:0.016, A:0.014, A#:0.013, B:0.074"
109635,"C:0.105, C#:0.019, D:0.112, D#:0.028, E:0.175, F:0.079, F#:0.019, G:0.045, G#:0.040, A:0.289, A#:0.044, B:0.044"
109671,"C:0.227, C#:0.063, D:0.042, D#:0.041, E:0.043, F:0.107, F#:0.042, G:0.070, G#:0.057, A:0.086, A#:0.126, B:0.097"
109673,"C:0.045, C#:0.082, D:0.101, D#:0.035, E:0.127, F:0.034, F#:0.054, G:0.108, G#:0.065, A:0.244, A#:0.058, B:0.047"
109674,"C:0.070, C#:0.040, D:0.076, D#:0.068, E:0.166, F:0.084, F#:0.092, G:0.056, G#:0.075, A:0.093, A#:0.071, B:0.108"
109688,"C:0.242, C#:0.023, D:0.085, D#:0.024, E:0.037, F:0.152, F#:0.050, G:0.208, G#:0.014, A:0.022, A#:0.101, B:0.040"
109690,"C:0.022, C#:0.113, D:0.071, D#:0.220, E:0.177, F:0.121, F#:0.084, G:0.023, G#:0.053, A:0.020, A#:0.049, B:0.048"
109691,"C:0.009, C#:0.102, D:0.134, D#:0.012, E:0.017, F:0.013, F#:0.289, G:0.228, G#:0.020, A:0.108, A#:0.011, B:0.057"
109717,"C:0.187, C#:0.028, D:0.094, D#:0.084, E:0.009, F:0.006, F#:0.014, G:0.323, G#:0.076, A:0.024, A#:0.117, B:0.038"
109897,"C:0.057, C#:0.023, D:0.070, D#:0.022, E:0.064, F:0.251, F#:0.062, G:0.170, G#:0.048, A:0.071, A#:0.137, B:0.026"
109926,"C:0.025, C#:0.091, D:0.591, D#:0.044, E:0.079, F:0.080, F#:0.011, G:0.006, G#:0.008, A:0.043, A#:0.008, B:0.014"
109927,"C:0.141, C#:0.081, D:0.076, D#:0.118, E:0.052, F:0.088, F#:0.094, G:0.146, G#:0.067, A:0.050, A#:0.046, B:0.043"
109929,"C:0.015, C#:0.158, D:0.202, D#:0.011, E:0.098, F:0.013, F#:0.083, G:0.034, G#:0.032, A:0.089, A#:0.014, B:0.252"
109930,"C:0.022, C#:0.094, D:0.139, D#:0.031, E:0.028, F:0.023, F#:0.296, G:0.021, G#:0.066, A:0.143, A#:0.018, B:0.119"
109932,"C:0.037, C#:0.211, D:0.012, D#:0.075, E:0.082, F:0.012, F#:0.014, G:0.020, G#:0.269, A:0.086, A#:0.055, B:0.127"
109933,"C:0.076, C#:0.021, D:0.087, D#:0.018, E:0.236, F:0.095, F#:0.015, G:0.023, G#:0.027, A:0.360, A#:0.028, B:0.015"
109934,"C:0.010, C#:0.007, D:0.019, D#:0.106, E:0.131, F:0.025, F#:0.098, G:0.177, G#:0.361, A:0.033, A#:0.018, B:0.014"
109956,"C:0.032, C#:0.045, D:0.179, D#:0.034, E:0.069, F:0.028, F#:0.086, G:0.107, G#:0.117, A:0.148, A#:0.068, B:0.088"
110544,"C:0.071, C#:0.032, D:0.030, D#:0.026, E:0.085, F:0.032, F#:0.030, G:0.070, G#:0.093, A:0.333, A#:0.120, B:0.079"
110943,"C:0.114, C#:0.051, D:0.057, D#:0.026, E:0.092, F:0.108, F#:0.115, G:0.264, G#:0.074, A:0.029, A#:0.024, B:0.046"
110980,"C:0.014, C#:0.022, D:0.173, D#:0.124, E:0.122, F:0.056, F#:0.066, G:0.204, G#:0.066, A:0.053, A#:0.057, B:0.045"
110981,"C:0.018, C#:0.015, D:0.147, D#:0.042, E:0.259, F:0.039, F#:0.045, G:0.144, G#:0.021, A:0.011, A#:0.019, B:0.240"
110982,"C:0.153, C#:0.019, D:0.124, D#:0.028, E:0.104, F:0.027, F#:0.054, G:0.166, G#:0.075, A:0.073, A#:0.038, B:0.139"
110983,"C:0.150, C#:0.166, D:0.092, D#:0.082, E:0.066, F:0.027, F#:0.070, G:0.014, G#:0.053, A:0.040, A#:0.079, B:0.161"
111208,"C:0.109, C#:0.055, D:0.160, D#:0.133, E:0.119, F:0.079, F#:0.031, G:0.071, G#:0.042, A:0.141, A#:0.030, B:0.029"
111211,"C:0.034, C#:0.063, D:0.130, D#:0.115, E:0.161, F:0.045, F#:0.124, G:0.027, G#:0.034, A:0.078, A#:0.030, B:0.160"
111213,"C:0.160, C#:0.059, D:0.041, D#:0.042, E:0.142, F:0.029, F#:0.083, G:0.242, G#:0.053, A:0.064, A#:0.021, B:0.065"
111269,"C:0.035, C#:0.050, D:0.309, D#:0.054, E:0.054, F:0.129, F#:0.017, G:0.025, G#:0.030, A:0.260, A#:0.028, B:0.010"
111270,"C:0.055, C#:0.039, D:0.053, D#:0.077, E:0.158, F:0.098, F#:0.116, G:0.060, G#:0.043, A:0.061, A#:0.081, B:0.160"
111271,"C:0.088, C#:0.074, D:0.127, D#:0.090, E:0.138, F:0.051, F#:0.049, G:0.095, G#:0.037, A:0.059, A#:0.052, B:0.140"
111272,"C:0.209, C#:0.050, D:0.120, D#:0.033, E:0.116, F:0.110, F#:0.032, G:0.114, G#:0.028, A:0.079, A#:0.023, B:0.087"
111273,"C:0.071, C#:0.049, D:0.091, D#:0.080, E:0.133, F:0.054, F#:0.077, G:0.092, G#:0.055, A:0.076, A#:0.078, B:0.144"
111274,"C:0.053, C#:0.032, D:0.056, D#:0.093, E:0.178, F:0.088, F#:0.098, G:0.121, G#:0.061, A:0.061, A#:0.042, B:0.117"
111275,"C:0.033, C#:0.085, D:0.247, D#:0.074, E:0.045, F:0.023, F#:0.061, G:0.062, G#:0.059, A:0.196, A#:0.062, B:0.054"
111276,"C:0.040, C#:0.175, D:0.080, D#:0.032, E:0.088, F:0.037, F#:0.067, G:0.031, G#:0.102, A:0.268, A#:0.039, B:0.041"
111277,"C:0.129, C#:0.085, D:0.076, D#:0.074, E:0.132, F:0.058, F#:0.036, G:0.094, G#:0.058, A:0.108, A#:0.055, B:0.094"
111278,"C:0.045, C#:0.023, D:0.035, D#:0.088, E:0.211, F:0.043, F#:0.039, G:0.057, G#:0.040, A:0.119, A#:0.072, B:0.229"
111279,"C:0.037, C#:0.098, D:0.178, D#:0.107, E:0.103, F:0.055, F#:0.078, G:0.070, G#:0.063, A:0.125, A#:0.048, B:0.039"
111667,"C:0.068, C#:0.040, D:0.060, D#:0.064, E:0.127, F:0.039, F#:0.056, G:0.122, G#:0.086, A:0.146, A#:0.091, B:0.101"
111902,"C:0.086, C#:0.071, D:0.033, D#:0.053, E:0.169, F:0.061, F#:0.058, G:0.036, G#:0.057, A:0.109, A#:0.079, B:0.189"
111904,"C:0.045, C#:0.036, D:0.041, D#:0.097, E:0.151, F:0.190, F#:0.117, G:0.060, G#:0.051, A:0.106, A#:0.041, B:0.066"
111905,"C:0.031, C#:0.076, D:0.036, D#:0.123, E:0.214, F:0.065, F#:0.176, G:0.026, G#:0.039, A:0.033, A#:0.032, B:0.151"
111906,"C:0.039, C#:0.349, D:0.045, D#:0.342, E:0.027, F:0.029, F#:0.015, G:0.020, G#:0.034, A:0.012, A#:0.049, B:0.038"
111907,"C:0.005, C#:0.071, D:0.182, D#:0.028, E:0.314, F:0.022, F#:0.153, G:0.029, G#:0.008, A:0.173, A#:0.007, B:0.007"
111908,"C:0.013, C#:0.052, D:0.155, D#:0.061, E:0.182, F:0.062, F#:0.080, G:0.107, G#:0.066, A:0.171, A#:0.030, B:0.020"
111909,"C:0.029, C#:0.093, D:0.031, D#:0.042, E:0.211, F:0.058, F#:0.210, G:0.040, G#:0.060, A:0.107, A#:0.023, B:0.097"
111910,"C:0.269, C#:0.021, D:0.019, D#:0.021, E:0.074, F:0.114, F#:0.094, G:0.190, G#:0.022, A:0.014, A#:0.018, B:0.143"
111911,"C:0.023, C#:0.020, D:0.021, D#:0.082, E:0.254, F:0.076, F#:0.098, G:0.045, G#:0.121, A:0.111, A#:0.041, B:0.108"
112313,"C:0.013, C#:0.123, D:0.013, D#:0.030, E:0.304, F:0.021, F#:0.025, G:0.013, G#:0.058, A:0.307, A#:0.025, B:0.068"
112314,"C:0.058, C#:0.224, D:0.062, D#:0.144, E:0.099, F:0.042, F#:0.086, G:0.025, G#:0.117, A:0.021, A#:0.043, B:0.077"
112315,"C:0.043, C#:0.142, D:0.027, D#:0.032, E:0.035, F:0.149, F#:0.369, G:0.064, G#:0.046, A:0.026, A#:0.052, B:0.014"
112316,"C:0.064, C#:0.045, D:0.317, D#:0.050, E:0.042, F:0.052, F#:0.124, G:0.037, G#:0.019, A:0.113, A#:0.109, B:0.028"
112318,"C:0.037, C#:0.049, D:0.153, D#:0.053, E:0.100, F:0.266, F#:0.053, G:0.030, G#:0.027, A:0.096, A#:0.103, B:0.034"
112352,"C:0.081, C#:0.041, D:0.066, D#:0.094, E:0.191, F:0.033, F#:0.036, G:0.041, G#:0.028, A:0.072, A#:0.071, B:0.246"
112353,"C:0.151, C#:0.041, D:0.047, D#:0.048, E:0.127, F:0.137, F#:0.041, G:0.086, G#:0.050, A:0.129, A#:0.077, B:0.065"
112355,"C:0.026, C#:0.073, D:0.317, D#:0.029, E:0.013, F:0.031, F#:0.088, G:0.187, G#:0.043, A:0.129, A#:0.047, B:0.017"
112357,"C:0.078, C#:0.107, D:0.160, D#:0.020, E:0.058, F:0.020, F#:0.015, G:0.042, G#:0.064, A:0.218, A#:0.092, B:0.127"
112358,"C:0.045, C#:0.039, D:0.073, D#:0.041, E:0.157, F:0.038, F#:0.063, G:0.076, G#:0.082, A:0.265, A#:0.055, B:0.066"
112359,"C:0.081, C#:0.064, D:0.105, D#:0.098, E:0.151, F:0.048, F#:0.030, G:0.047, G#:0.034, A:0.087, A#:0.086, B:0.170"
112361,"C:0.148, C#:0.062, D:0.132, D#:0.074, E:0.033, F:0.045, F#:0.085, G:0.229, G#:0.059, A:0.046, A#:0.030, B:0.058"
112362,"C:0.082, C#:0.076, D:0.279, D#:0.114, E:0.036, F:0.025, F#:0.044, G:0.108, G#:0.036, A:0.094, A#:0.062, B:0.044"
112363,"C:0.026, C#:0.038, D:0.087, D#:0.022, E:0.023, F:0.023, F#:0.047, G:0.122, G#:0.194, A:0.259, A#:0.100, B:0.058"
112364,"C:0.142, C#:0.048, D:0.190, D#:0.028, E:0.016, F:0.020, F#:0.040, G:0.101, G#:0.024, A:0.124, A#:0.117, B:0.151"
112369,"C:0.135, C#:0.062, D:0.096, D#:0.077, E:0.032, F:0.047, F#:0.028, G:0.088, G#:0.107, A:0.098, A#:0.137, B:0.094"
112535,"C:0.180, C#:0.036, D:0.082, D#:0.093, E:0.050, F:0.087, F#:0.038, G:0.110, G#:0.048, A:0.052, A#:0.085, B:0.140"
112559,"C:0.015, C#:0.124, D:0.035, D#:0.022, E:0.047, F:0.032, F#:0.447, G:0.035, G#:0.062, A:0.161, A#:0.012, B:0.007"
112560,"C:0.018, C#:0.139, D:0.015, D#:0.187, E:0.008, F:0.031, F#:0.168, G:0.015, G#:0.088, A:0.020, A#:0.097, B:0.215"
112562,"C:0.011, C#:0.158, D:0.014, D#:0.100, E:0.010, F:0.118, F#:0.164, G:0.021, G#:0.042, A:0.036, A#:0.205, B:0.121"
112563,"C:0.012, C#:0.018, D:0.010, D#:0.186, E:0.013, F:0.256, F#:0.159, G:0.013, G#:0.016, A:0.028, A#:0.168, B:0.121"
112564,"C:0.198, C#:0.065, D:0.158, D#:0.040, E:0.012, F:0.036, F#:0.016, G:0.101, G#:0.035, A:0.153, A#:0.148, B:0.039"
112565,"C:0.066, C#:0.007, D:0.046, D#:0.316, E:0.026, F:0.240, F#:0.028, G:0.170, G#:0.033, A:0.011, A#:0.050, B:0.006"
112566,"C:0.024, C#:0.125, D:0.013, D#:0.091, E:0.016, F:0.314, F#:0.106, G:0.016, G#:0.118, A:0.018, A#:0.151, B:0.008"
112567,"C:0.037, C#:0.267, D:0.014, D#:0.101, E:0.006, F:0.137, F#:0.008, G:0.007, G#:0.103, A:0.016, A#:0.270, B:0.034"
113298,"C:0.096, C#:0.086, D:0.114, D#:0.057, E:0.035, F:0.041, F#:0.088, G:0.261, G#:0.102, A:0.044, A#:0.031, B:0.044"
113326,"C:0.107, C#:0.194, D:0.196, D#:0.095, E:0.073, F:0.094, F#:0.063, G:0.050, G#:0.062, A:0.018, A#:0.019, B:0.029"
113327,"C:0.024, C#:0.014, D:0.011, D#:0.012, E:0.016, F:0.033, F#:0.122, G:0.300, G#:0.154, A:0.089, A#:0.123, B:0.103"
113955,"C:0.116, C#:0.056, D:0.101, D#:0.040, E:0.008, F:0.011, F#:0.013, G:0.269, G#:0.153, A:0.098, A#:0.086, B:0.048"
114198,"C:0.055, C#:0.072, D:0.213, D#:0.078, E:0.066, F:0.092, F#:0.059, G:0.062, G#:0.050, A:0.141, A#:0.071, B:0.041"
114200,"C:0.026, C#:0.041, D:0.179, D#:0.057, E:0.094, F:0.133, F#:0.098, G:0.103, G#:0.063, A:0.148, A#:0.037, B:0.022"
114201,"C:0.079, C#:0.047, D:0.140, D#:0.039, E:0.052, F:0.090, F#:0.048, G:0.099, G#:0.061, A:0.211, A#:0.101, B:0.031"
114312,"C:0.074, C#:0.083, D:0.141, D#:0.074, E:0.089, F:0.066, F#:0.073, G:0.059, G#:0.063, A:0.157, A#:0.062, B:0.058"
114322,"C:0.025, C#:0.057, D:0.149, D#:0.038, E:0.042, F:0.066, F#:0.044, G:0.088, G#:0.079, A:0.307, A#:0.079, B:0.025"
114861,"C:0.085, C#:0.105, D:0.088, D#:0.086, E:0.052, F:0.153, F#:0.090, G:0.061, G#:0.071, A:0.057, A#:0.089, B:0.062"
115356,"C:0.123, C#:0.098, D:0.170, D#:0.075, E:0.052, F:0.062, F#:0.034, G:0.049, G#:0.040, A:0.116, A#:0.112, B:0.069"
115357,"C:0.115, C#:0.027, D:0.065, D#:0.039, E:0.085, F:0.116, F#:0.054, G:0.075, G#:0.065, A:0.182, A#:0.072, B:0.106"
115358,"C:0.177, C#:0.084, D:0.068, D#:0.088, E:0.057, F:0.063, F#:0.063, G:0.133, G#:0.094, A:0.052, A#:0.054, B:0.067"
115359,"C:0.073, C#:0.042, D:0.051, D#:0.061, E:0.167, F:0.095, F#:0.058, G:0.099, G#:0.077, A:0.158, A#:0.053, B:0.067"
115361,"C:0.077, C#:0.031, D:0.045, D#:0.067, E:0.191, F:0.099, F#:0.044, G:0.049, G#:0.081, A:0.161, A#:0.051, B:0.105"
115362,"C:0.028, C#:0.032, D:0.059, D#:0.062, E:0.097, F:0.111, F#:0.164, G:0.163, G#:0.116, A:0.068, A#:0.061, B:0.041"
115363,"C:0.109, C#:0.040, D:0.042, D#:0.038, E:0.058, F:0.075, F#:0.103, G:0.128, G#:0.120, A:0.138, A#:0.064, B:0.087"
115364,"C:0.164, C#:0.058, D:0.089, D#:0.100, E:0.048, F:0.039, F#:0.044, G:0.120, G#:0.108, A:0.058, A#:0.106, B:0.067"
115366,"C:0.240, C#:0.116, D:0.076, D#:0.050, E:0.055, F:0.072, F#:0.082, G:0.124, G#:0.060, A:0.036, A#:0.034, B:0.054"
115367,"C:0.110, C#:0.030, D:0.141, D#:0.064, E:0.026, F:0.104, F#:0.054, G:0.204, G#:0.090, A:0.047, A#:0.071, B:0.059"
115368,"C:0.144, C#:0.124, D:0.077, D#:0.053, E:0.044, F:0.046, F#:0.074, G:0.149, G#:0.114, A:0.055, A#:0.040, B:0.079"
115369,"C:0.034, C#:0.024, D:0.032, D#:0.056, E:0.137, F:0.120, F#:0.084, G:0.094, G#:0.086, A:0.218, A#:0.056, B:0.059"
115370,"C:0.145, C#:0.072, D:0.120, D#:0.056, E:0.035, F:0.044, F#:0.049, G:0.143, G#:0.083, A:0.068, A#:0.118, B:0.067"
115371,"C:0.137, C#:0.070, D:0.103, D#:0.066, E:0.056, F:0.091, F#:0.093, G:0.166, G#:0.074, A:0.046, A#:0.042, B:0.057"
115372,"C:0.130, C#:0.075, D:0.100, D#:0.093, E:0.104, F:0.121, F#:0.078, G:0.089, G#:0.045, A:0.053, A#:0.045, B:0.067"
115373,"C:0.184, C#:0.109, D:0.085, D#:0.061, E:0.045, F:0.026, F#:0.032, G:0.060, G#:0.058, A:0.082, A#:0.118, B:0.141"
115375,"C:0.095, C#:0.035, D:0.177, D#:0.024, E:0.041, F:0.067, F#:0.041, G:0.262, G#:0.039, A:0.138, A#:0.052, B:0.030"
115376,"C:0.236, C#:0.117, D:0.062, D#:0.033, E:0.041, F:0.060, F#:0.091, G:0.130, G#:0.047, A:0.030, A#:0.046, B:0.107"
115377,"C:0.093, C#:0.038, D:0.066, D#:0.056, E:0.046, F:0.090, F#:0.108, G:0.195, G#:0.091, A:0.057, A#:0.077, B:0.083"
115378,"C:0.043, C#:0.061, D:0.143, D#:0.076, E:0.132, F:0.050, F#:0.047, G:0.131, G#:0.081, A:0.145, A#:0.050, B:0.043"
115379,"C:0.052, C#:0.037, D:0.032, D#:0.040, E:0.140, F:0.087, F#:0.039, G:0.070, G#:0.077, A:0.309, A#:0.061, B:0.056"
115380,"C:0.271, C#:0.134, D:0.074, D#:0.064, E:0.045, F:0.041, F#:0.040, G:0.066, G#:0.044, A:0.052, A#:0.077, B:0.091"
115381,"C:0.145, C#:0.044, D:0.053, D#:0.034, E:0.039, F:0.047, F#:0.060, G:0.161, G#:0.145, A:0.068, A#:0.125, B:0.076"
115382,"C:0.160, C#:0.032, D:0.040, D#:0.029, E:0.154, F:0.076, F#:0.047, G:0.133, G#:0.053, A:0.146, A#:0.034, B:0.096"
115383,"C:0.087, C#:0.056, D:0.100, D#:0.030, E:0.025, F:0.047, F#:0.091, G:0.324, G#:0.104, A:0.043, A#:0.034, B:0.059"
115384,"C:0.218, C#:0.085, D:0.056, D#:0.033, E:0.047, F:0.089, F#:0.080, G:0.184, G#:0.064, A:0.032, A#:0.036, B:0.077"
115385,"C:0.170, C#:0.079, D:0.070, D#:0.042, E:0.059, F:0.109, F#:0.083, G:0.159, G#:0.064, A:0.048, A#:0.046, B:0.071"
115386,"C:0.087, C#:0.056, D:0.097, D#:0.052, E:0.098, F:0.114, F#:0.082, G:0.121, G#:0.071, A:0.105, A#:0.058, B:0.058"
115387,"C:0.047, C#:0.059, D:0.124, D#:0.121, E:0.097, F:0.126, F#:0.094, G:0.129, G#:0.061, A:0.066, A#:0.048, B:0.027"
115388,"C:0.211, C#:0.047, D:0.138, D#:0.044, E:0.170, F:0.080, F#:0.073, G:0.081, G#:0.031, A:0.045, A#:0.029, B:0.050"
115389,"C:0.047, C#:0.104, D:0.048, D#:0.046, E:0.105, F:0.087, F#:0.199, G:0.084, G#:0.090, A:0.068, A#:0.045, B:0.078"
115391,"C:0.104, C#:0.025, D:0.092, D#:0.045, E:0.072, F:0.256, F#:0.089, G:0.087, G#:0.088, A:0.043, A#:0.078, B:0.020"
115392,"C:0.049, C#:0.055, D:0.070, D#:0.048, E:0.063, F:0.042, F#:0.051, G:0.075, G#:0.145, A:0.203, A#:0.129, B:0.070"
115663,"C:0.053, C#:0.023, D:0.043, D#:0.053, E:0.216, F:0.046, F#:0.121, G:0.088, G#:0.043, A:0.130, A#:0.042, B:0.144"
115664,"C:0.040, C#:0.130, D:0.056, D#:0.189, E:0.048, F:0.073, F#:0.088, G:0.055, G#:0.074, A:0.051, A#:0.161, B:0.035"
115665,"C:0.060, C#:0.063, D:0.085, D#:0.066, E:0.123, F:0.069, F#:0.118, G:0.097, G#:0.059, A:0.131, A#:0.070, B:0.060"
115666,"C:0.070, C#:0.045, D:0.377, D#:0.058, E:0.083, F:0.134, F#:0.021, G:0.095, G#:0.018, A:0.062, A#:0.015, B:0.022"
115667,"C:0.055, C#:0.032, D:0.037, D#:0.040, E:0.128, F:0.050, F#:0.050, G:0.084, G#:0.105, A:0.314, A#:0.057, B:0.049"
115668,"C:0.046, C#:0.101, D:0.043, D#:0.025, E:0.062, F:0.075, F#:0.236, G:0.105, G#:0.061, A:0.083, A#:0.066, B:0.098"
115669,"C:0.045, C#:0.033, D:0.105, D#:0.058, E:0.198, F:0.121, F#:0.047, G:0.053, G#:0.061, A:0.170, A#:0.050, B:0.059"
115670,"C:0.080, C#:0.023, D:0.083, D#:0.031, E:0.136, F:0.048, F#:0.035, G:0.068, G#:0.071, A:0.241, A#:0.046, B:0.137"
115671,"C:0.184, C#:0.066, D:0.052, D#:0.041, E:0.092, F:0.083, F#:0.069, G:0.177, G#:0.100, A:0.059, A#:0.037, B:0.041"
115672,"C:0.123, C#:0.039, D:0.079, D#:0.040, E:0.096, F:0.079, F#:0.083, G:0.230, G#:0.082, A:0.043, A#:0.030, B:0.075"
115673,"C:0.016, C#:0.054, D:0.200, D#:0.043, E:0.082, F:0.028, F#:0.071, G:0.137, G#:0.078, A:0.229, A#:0.040, B:0.021"
115674,"C:0.064, C#:0.064, D:0.273, D#:0.060, E:0.067, F:0.032, F#:0.061, G:0.198, G#:0.044, A:0.062, A#:0.020, B:0.055"
115675,"C:0.095, C#:0.060, D:0.109, D#:0.063, E:0.112, F:0.096, F#:0.088, G:0.164, G#:0.058, A:0.051, A#:0.036, B:0.069"
115676,"C:0.050, C#:0.067, D:0.093, D#:0.090, E:0.149, F:0.092, F#:0.085, G:0.116, G#:0.061, A:0.070, A#:0.039, B:0.088"
115677,"C:0.091, C#:0.040, D:0.084, D#:0.052, E:0.068, F:0.050, F#:0.074, G:0.285, G#:0.114, A:0.055, A#:0.035, B:0.053"
115678,"C:0.053, C#:0.038, D:0.160, D#:0.030, E:0.067, F:0.023, F#:0.061, G:0.257, G#:0.055, A:0.110, A#:0.035, B:0.112"
115679,"C:0.044, C#:0.039, D:0.198, D#:0.028, E:0.047, F:0.130, F#:0.064, G:0.187, G#:0.058, A:0.149, A#:0.038, B:0.019"
115680,"C:0.025, C#:0.033, D:0.209, D#:0.032, E:0.103, F:0.054, F#:0.032, G:0.123, G#:0.057, A:0.272, A#:0.041, B:0.019"
115681,"C:0.039, C#:0.044, D:0.054, D#:0.080, E:0.052, F:0.109, F#:0.096, G:0.268, G#:0.182, A:0.034, A#:0.025, B:0.017"
116456,"C:0.055, C#:0.027, D:0.047, D#:0.037, E:0.210, F:0.052, F#:0.118, G:0.031, G#:0.015, A:0.027, A#:0.052, B:0.329"
116549,"C:0.124, C#:0.030, D:0.022, D#:0.017, E:0.134, F:0.112, F#:0.090, G:0.130, G#:0.055, A:0.097, A#:0.115, B:0.076"
116563,"C:0.063, C#:0.013, D:0.010, D#:0.015, E:0.019, F:0.127, F#:0.045, G:0.067, G#:0.258, A:0.092, A#:0.245, B:0.045"
116565,"C:0.079, C#:0.072, D:0.066, D#:0.040, E:0.081, F:0.045, F#:0.134, G:0.263, G#:0.062, A:0.059, A#:0.043, B:0.056"
116570,"C:0.052, C#:0.124, D:0.063, D#:0.083, E:0.171, F:0.070, F#:0.102, G:0.071, G#:0.174, A:0.043, A#:0.022, B:0.025"
116571,"C:0.066, C#:0.035, D:0.112, D#:0.041, E:0.074, F:0.213, F#:0.053, G:0.057, G#:0.043, A:0.137, A#:0.102, B:0.066"
116574,"C:0.214, C#:0.057, D:0.035, D#:0.047, E:0.086, F:0.125, F#:0.035, G:0.055, G#:0.053, A:0.046, A#:0.088, B:0.159"
116575,"C:0.027, C#:0.029, D:0.034, D#:0.108, E:0.352, F:0.050, F#:0.045, G:0.061, G#:0.037, A:0.026, A#:0.072, B:0.159"
116577,"C:0.062, C#:0.014, D:0.014, D#:0.032, E:0.104, F:0.144, F#:0.045, G:0.055, G#:0.197, A:0.064, A#:0.225, B:0.044"
117517,"C:0.040, C#:0.038, D:0.118, D#:0.077, E:0.174, F:0.071, F#:0.120, G:0.196, G#:0.042, A:0.043, A#:0.020, B:0.061"
117519,"C:0.196, C#:0.046, D:0.056, D#:0.033, E:0.098, F:0.156, F#:0.047, G:0.140, G#:0.037, A:0.120, A#:0.030, B:0.040"
117881,"C:0.100, C#:0.067, D:0.137, D#:0.073, E:0.120, F:0.048, F#:0.054, G:0.082, G#:0.037, A:0.105, A#:0.055, B:0.123"
118591,"C:0.104, C#:0.027, D:0.098, D#:0.147, E:0.077, F:0.286, F#:0.035, G:0.063, G#:0.024, A:0.039, A#:0.068, B:0.032"
118592,"C:0.106, C#:0.029, D:0.146, D#:0.030, E:0.169, F:0.015, F#:0.041, G:0.202, G#:0.048, A:0.098, A#:0.020, B:0.096"
118593,"C:0.022, C#:0.034, D:0.153, D#:0.067, E:0.237, F:0.029, F#:0.027, G:0.014, G#:0.088, A:0.161, A#:0.034, B:0.134"
118594,"C:0.069, C#:0.019, D:0.076, D#:0.032, E:0.228, F:0.086, F#:0.094, G:0.102, G#:0.024, A:0.111, A#:0.024, B:0.135"
118595,"C:0.141, C#:0.075, D:0.122, D#:0.107, E:0.057, F:0.162, F#:0.030, G:0.075, G#:0.032, A:0.050, A#:0.102, B:0.047"
118598,"C:0.040, C#:0.208, D:0.028, D#:0.026, E:0.141, F:0.018, F#:0.058, G:0.024, G#:0.126, A:0.104, A#:0.034, B:0.192"
118599,"C:0.030, C#:0.372, D:0.026, D#:0.099, E:0.074, F:0.019, F#:0.088, G:0.014, G#:0.068, A:0.011, A#:0.028, B:0.171"
119049,"C:0.047, C#:0.060, D:0.099, D#:0.111, E:0.114, F:0.112, F#:0.076, G:0.048, G#:0.064, A:0.077, A#:0.122, B:0.071"
119050,"C:0.146, C#:0.111, D:0.077, D#:0.064, E:0.067, F:0.098, F#:0.056, G:0.072, G#:0.053, A:0.055, A#:0.119, B:0.081"
119232,"C:0.063, C#:0.040, D:0.018, D#:0.052, E:0.124, F:0.051, F#:0.147, G:0.043, G#:0.050, A:0.074, A#:0.094, B:0.244"
119233,"C:0.042, C#:0.046, D:0.105, D#:0.071, E:0.184, F:0.077, F#:0.131, G:0.103, G#:0.081, A:0.051, A#:0.032, B:0.075"
119234,"C:0.055, C#:0.085, D:0.039, D#:0.052, E:0.166, F:0.074, F#:0.164, G:0.058, G#:0.066, A:0.062, A#:0.046, B:0.134"
119237,"C:0.061, C#:0.103, D:0.268, D#:0.078, E:0.051, F:0.050, F#:0.121, G:0.133, G#:0.033, A:0.059, A#:0.019, B:0.025"
119238,"C:0.094, C#:0.084, D:0.308, D#:0.087, E:0.073, F:0.048, F#:0.045, G:0.071, G#:0.034, A:0.062, A#:0.039, B:0.053"
119239,"C:0.040, C#:0.038, D:0.054, D#:0.073, E:0.155, F:0.051, F#:0.085, G:0.089, G#:0.080, A:0.113, A#:0.060, B:0.163"
119241,"C:0.035, C#:0.065, D:0.191, D#:0.083, E:0.223, F:0.036, F#:0.028, G:0.023, G#:0.042, A:0.154, A#:0.039, B:0.081"
119242,"C:0.057, C#:0.038, D:0.244, D#:0.061, E:0.054, F:0.036, F#:0.055, G:0.322, G#:0.057, A:0.037, A#:0.010, B:0.029"
119243,"C:0.140, C#:0.037, D:0.097, D#:0.030, E:0.035, F:0.088, F#:0.054, G:0.377, G#:0.044, A:0.043, A#:0.013, B:0.042"
119244,"C:0.052, C#:0.028, D:0.201, D#:0.057, E:0.024, F:0.048, F#:0.056, G:0.393, G#:0.080, A:0.033, A#:0.010, B:0.020"
120424,"C:0.202, C#:0.115, D:0.104, D#:0.064, E:0.050, F:0.067, F#:0.041, G:0.050, G#:0.031, A:0.049, A#:0.116, B:0.111"
120425,"C:0.086, C#:0.043, D:0.092, D#:0.026, E:0.035, F:0.034, F#:0.064, G:0.227, G#:0.053, A:0.082, A#:0.053, B:0.205"
120426,"C:0.057, C#:0.067, D:0.062, D#:0.092, E:0.119, F:0.073, F#:0.123, G:0.097, G#:0.109, A:0.070, A#:0.056, B:0.076"
120427,"C:0.058, C#:0.127, D:0.142, D#:0.058, E:0.101, F:0.031, F#:0.031, G:0.032, G#:0.075, A:0.196, A#:0.070, B:0.079"
120428,"C:0.044, C#:0.019, D:0.065, D#:0.025, E:0.043, F:0.068, F#:0.128, G:0.202, G#:0.124, A:0.111, A#:0.063, B:0.108"
120429,"C:0.138, C#:0.072, D:0.167, D#:0.091, E:0.144, F:0.047, F#:0.047, G:0.108, G#:0.036, A:0.054, A#:0.028, B:0.067"
120430,"C:0.075, C#:0.108, D:0.066, D#:0.111, E:0.076, F:0.098, F#:0.077, G:0.069, G#:0.135, A:0.072, A#:0.060, B:0.054"
120431,"C:0.143, C#:0.034, D:0.147, D#:0.042, E:0.097, F:0.022, F#:0.048, G:0.305, G#:0.045, A:0.036, A#:0.013, B:0.068"
121207,"C:0.140, C#:0.058, D:0.121, D#:0.050, E:0.101, F:0.106, F#:0.052, G:0.103, G#:0.049, A:0.107, A#:0.047, B:0.067"
121208,"C:0.057, C#:0.032, D:0.041, D#:0.071, E:0.155, F:0.075, F#:0.063, G:0.080, G#:0.106, A:0.209, A#:0.060, B:0.050"
121209,"C:0.142, C#:0.081, D:0.065, D#:0.074, E:0.080, F:0.116, F#:0.137, G:0.148, G#:0.051, A:0.030, A#:0.042, B:0.034"
121213,"C:0.008, C#:0.035, D:0.021, D#:0.408, E:0.019, F:0.047, F#:0.107, G:0.023, G#:0.234, A:0.017, A#:0.076, B:0.006"
121216,"C:0.331, C#:0.016, D:0.009, D#:0.012, E:0.233, F:0.154, F#:0.010, G:0.136, G#:0.014, A:0.049, A#:0.012, B:0.023"
121256,"C:0.100, C#:0.160, D:0.066, D#:0.060, E:0.053, F:0.048, F#:0.058, G:0.072, G#:0.091, A:0.099, A#:0.085, B:0.108"
122041,"C:0.062, C#:0.068, D:0.205, D#:0.103, E:0.076, F:0.035, F#:0.034, G:0.236, G#:0.031, A:0.061, A#:0.063, B:0.026"
122047,"C:0.042, C#:0.117, D:0.060, D#:0.190, E:0.069, F:0.042, F#:0.063, G:0.046, G#:0.161, A:0.038, A#:0.071, B:0.102"
122048,"C:0.051, C#:0.112, D:0.089, D#:0.321, E:0.070, F:0.043, F#:0.029, G:0.012, G#:0.017, A:0.025, A#:0.107, B:0.123"
122049,"C:0.166, C#:0.014, D:0.011, D#:0.035, E:0.136, F:0.053, F#:0.022, G:0.074, G#:0.176, A:0.267, A#:0.014, B:0.031"
122050,"C:0.052, C#:0.339, D:0.140, D#:0.072, E:0.080, F:0.056, F#:0.056, G:0.034, G#:0.029, A:0.094, A#:0.041, B:0.007"
122464,"C:0.169, C#:0.056, D:0.093, D#:0.040, E:0.079, F:0.130, F#:0.052, G:0.121, G#:0.041, A:0.092, A#:0.074, B:0.052"
122465,"C:0.028, C#:0.045, D:0.009, D#:0.107, E:0.092, F:0.017, F#:0.107, G:0.021, G#:0.102, A:0.198, A#:0.073, B:0.200"
122466,"C:0.040, C#:0.086, D:0.045, D#:0.099, E:0.041, F:0.096, F#:0.192, G:0.100, G#:0.090, A:0.046, A#:0.079, B:0.086"
122467,"C:0.111, C#:0.201, D:0.084, D#:0.067, E:0.140, F:0.048, F#:0.036, G:0.030, G#:0.048, A:0.026, A#:0.059, B:0.149"
122468,"C:0.070, C#:0.041, D:0.035, D#:0.144, E:0.070, F:0.145, F#:0.086, G:0.082, G#:0.116, A:0.045, A#:0.136, B:0.030"
122470,"C:0.024, C#:0.136, D:0.014, D#:0.089, E:0.114, F:0.011, F#:0.070, G:0.016, G#:0.150, A:0.071, A#:0.101, B:0.204"
122471,"C:0.168, C#:0.078, D:0.092, D#:0.040, E:0.033, F:0.037, F#:0.059, G:0.151, G#:0.062, A:0.090, A#:0.057, B:0.133"
122472,"C:0.108, C#:0.477, D:0.059, D#:0.009, E:0.010, F:0.004, F#:0.005, G:0.015, G#:0.094, A:0.126, A#:0.056, B:0.037"
122625,"C:0.282, C#:0.052, D:0.127, D#:0.045, E:0.018, F:0.026, F#:0.022, G:0.116, G#:0.100, A:0.050, A#:0.100, B:0.061"
122628,"C:0.105, C#:0.073, D:0.074, D#:0.048, E:0.147, F:0.053, F#:0.104, G:0.127, G#:0.051, A:0.095, A#:0.043, B:0.081"
122631,"C:0.181, C#:0.079, D:0.113, D#:0.054, E:0.080, F:0.146, F#:0.060, G:0.102, G#:0.036, A:0.063, A#:0.042, B:0.042"
122635,"C:0.015, C#:0.026, D:0.032, D#:0.017, E:0.062, F:0.052, F#:0.063, G:0.305, G#:0.184, A:0.176, A#:0.040, B:0.030"
122713,"C:0.189, C#:0.064, D:0.184, D#:0.062, E:0.257, F:0.083, F#:0.017, G:0.061, G#:0.014, A:0.012, A#:0.007, B:0.051"
122765,"C:0.145, C#:0.095, D:0.057, D#:0.036, E:0.028, F:0.032, F#:0.048, G:0.068, G#:0.095, A:0.125, A#:0.136, B:0.134"
122767,"C:0.285, C#:0.101, D:0.047, D#:0.040, E:0.038, F:0.058, F#:0.034, G:0.063, G#:0.115, A:0.055, A#:0.082, B:0.082"
122883,"C:0.119, C#:0.149, D:0.212, D#:0.141, E:0.054, F:0.102, F#:0.033, G:0.043, G#:0.009, A:0.031, A#:0.072, B:0.035"
122999,"C:0.037, C#:0.149, D:0.080, D#:0.032, E:0.095, F:0.043, F#:0.210, G:0.031, G#:0.042, A:0.078, A#:0.047, B:0.155"
123000,"C:0.023, C#:0.038, D:0.049, D#:0.025, E:0.159, F:0.018, F#:0.166, G:0.078, G#:0.047, A:0.094, A#:0.037, B:0.266"
123431,"C:0.044, C#:0.093, D:0.199, D#:0.079, E:0.134, F:0.065, F#:0.059, G:0.052, G#:0.056, A:0.132, A#:0.042, B:0.046"
123470,"C:0.039, C#:0.019, D:0.157, D#:0.029, E:0.105, F:0.044, F#:0.114, G:0.230, G#:0.042, A:0.052, A#:0.025, B:0.145"
123563,"C:0.101, C#:0.043, D:0.119, D#:0.029, E:0.018, F:0.025, F#:0.046, G:0.198, G#:0.071, A:0.158, A#:0.063, B:0.129"
123739,"C:0.068, C#:0.068, D:0.106, D#:0.106, E:0.050, F:0.134, F#:0.072, G:0.189, G#:0.044, A:0.044, A#:0.092, B:0.027"
123741,"C:0.074, C#:0.091, D:0.136, D#:0.126, E:0.170, F:0.062, F#:0.094, G:0.128, G#:0.034, A:0.031, A#:0.031, B:0.022"
123742,"C:0.204, C#:0.050, D:0.059, D#:0.026, E:0.061, F:0.095, F#:0.057, G:0.121, G#:0.055, A:0.149, A#:0.049, B:0.075"
123743,"C:0.078, C#:0.103, D:0.019, D#:0.053, E:0.023, F:0.078, F#:0.087, G:0.112, G#:0.233, A:0.076, A#:0.105, B:0.033"
123823,"C:0.007, C#:0.259, D:0.008, D#:0.049, E:0.066, F:0.004, F#:0.008, G:0.012, G#:0.324, A:0.246, A#:0.008, B:0.008"
123903,"C:0.068, C#:0.024, D:0.016, D#:0.108, E:0.024, F:0.013, F#:0.112, G:0.018, G#:0.043, A:0.025, A#:0.079, B:0.470"
123943,"C:0.036, C#:0.086, D:0.044, D#:0.053, E:0.164, F:0.049, F#:0.072, G:0.050, G#:0.110, A:0.146, A#:0.067, B:0.123"
123944,"C:0.124, C#:0.054, D:0.060, D#:0.045, E:0.114, F:0.050, F#:0.034, G:0.080, G#:0.104, A:0.164, A#:0.051, B:0.120"
123945,"C:0.030, C#:0.026, D:0.074, D#:0.056, E:0.211, F:0.047, F#:0.067, G:0.167, G#:0.077, A:0.082, A#:0.036, B:0.127"
123946,"C:0.062, C#:0.033, D:0.157, D#:0.079, E:0.036, F:0.135, F#:0.079, G:0.207, G#:0.058, A:0.049, A#:0.073, B:0.031"
123947,"C:0.165, C#:0.084, D:0.153, D#:0.015, E:0.073, F:0.206, F#:0.014, G:0.085, G#:0.046, A:0.105, A#:0.029, B:0.025"
123951,"C:0.179, C#:0.050, D:0.103, D#:0.034, E:0.088, F:0.129, F#:0.054, G:0.159, G#:0.038, A:0.085, A#:0.026, B:0.055"
123952,"C:0.058, C#:0.057, D:0.109, D#:0.099, E:0.085, F:0.153, F#:0.076, G:0.034, G#:0.043, A:0.091, A#:0.141, B:0.053"
123954,"C:0.057, C#:0.077, D:0.040, D#:0.071, E:0.147, F:0.051, F#:0.063, G:0.067, G#:0.111, A:0.049, A#:0.070, B:0.197"
123955,"C:0.067, C#:0.066, D:0.097, D#:0.057, E:0.085, F:0.049, F#:0.077, G:0.105, G#:0.097, A:0.119, A#:0.066, B:0.117"
123958,"C:0.097, C#:0.052, D:0.145, D#:0.082, E:0.104, F:0.054, F#:0.051, G:0.138, G#:0.040, A:0.075, A#:0.110, B:0.053"
123960,"C:0.130, C#:0.024, D:0.069, D#:0.041, E:0.135, F:0.082, F#:0.043, G:0.274, G#:0.043, A:0.061, A#:0.029, B:0.069"
123961,"C:0.089, C#:0.023, D:0.048, D#:0.051, E:0.218, F:0.104, F#:0.038, G:0.087, G#:0.074, A:0.102, A#:0.048, B:0.119"
123962,"C:0.038, C#:0.069, D:0.084, D#:0.080, E:0.315, F:0.057, F#:0.044, G:0.089, G#:0.034, A:0.091, A#:0.029, B:0.071"
123963,"C:0.167, C#:0.055, D:0.095, D#:0.041, E:0.078, F:0.035, F#:0.069, G:0.092, G#:0.036, A:0.069, A#:0.061, B:0.201"
124137,"C:0.208, C#:0.090, D:0.083, D#:0.045, E:0.082, F:0.070, F#:0.054, G:0.132, G#:0.050, A:0.038, A#:0.045, B:0.103"
124184,"C:0.084, C#:0.061, D:0.055, D#:0.071, E:0.245, F:0.060, F#:0.064, G:0.147, G#:0.089, A:0.045, A#:0.049, B:0.031"
124185,"C:0.050, C#:0.119, D:0.078, D#:0.110, E:0.060, F:0.072, F#:0.066, G:0.089, G#:0.198, A:0.075, A#:0.047, B:0.035"
124186,"C:0.069, C#:0.084, D:0.051, D#:0.092, E:0.086, F:0.059, F#:0.108, G:0.087, G#:0.156, A:0.092, A#:0.050, B:0.066"
124523,"C:0.070, C#:0.073, D:0.082, D#:0.052, E:0.087, F:0.125, F#:0.065, G:0.165, G#:0.069, A:0.124, A#:0.039, B:0.051"
124525,"C:0.097, C#:0.073, D:0.072, D#:0.067, E:0.065, F:0.051, F#:0.071, G:0.100, G#:0.083, A:0.091, A#:0.102, B:0.130"
124526,"C:0.087, C#:0.036, D:0.021, D#:0.083, E:0.043, F:0.167, F#:0.220, G:0.200, G#:0.038, A:0.029, A#:0.062, B:0.015"
124527,"C:0.062, C#:0.052, D:0.104, D#:0.084, E:0.101, F:0.053, F#:0.101, G:0.125, G#:0.052, A:0.080, A#:0.051, B:0.135"
124528,"C:0.028, C#:0.040, D:0.130, D#:0.043, E:0.073, F:0.056, F#:0.065, G:0.136, G#:0.139, A:0.169, A#:0.073, B:0.048"
124530,"C:0.114, C#:0.129, D:0.022, D#:0.092, E:0.023, F:0.213, F#:0.019, G:0.083, G#:0.101, A:0.017, A#:0.163, B:0.024"
124710,"C:0.068, C#:0.074, D:0.075, D#:0.091, E:0.072, F:0.053, F#:0.063, G:0.131, G#:0.154, A:0.082, A#:0.076, B:0.059"
124765,"C:0.110, C#:0.127, D:0.068, D#:0.064, E:0.077, F:0.056, F#:0.064, G:0.065, G#:0.083, A:0.094, A#:0.085, B:0.106"
124856,"C:0.114, C#:0.090, D:0.238, D#:0.062, E:0.059, F:0.079, F#:0.030, G:0.067, G#:0.035, A:0.110, A#:0.061, B:0.054"
124864,"C:0.042, C#:0.051, D:0.034, D#:0.025, E:0.084, F:0.069, F#:0.234, G:0.140, G#:0.043, A:0.054, A#:0.057, B:0.167"
124911,"C:0.345, C#:0.091, D:0.027, D#:0.121, E:0.016, F:0.152, F#:0.011, G:0.089, G#:0.033, A:0.010, A#:0.084, B:0.022"
